dataset,stability_scope,model_family,seed_index,random_seed,feature,mean_abs_shap,mean_shap,rank,shap_sign,raw_feature,in_top_5,in_top_10
taiwan,ablation_full_features,lightgbm,1,402405,recent_delay,0.29155073562020367,-0.012597796902443508,1,-1.0,recent_delay,True,True
taiwan,ablation_full_features,lightgbm,1,402405,PAY_0,0.19526926619841903,-0.05260506352747705,2,-1.0,PAY_0,True,True
taiwan,ablation_full_features,lightgbm,1,402405,utilization_proxy,0.1596281033118785,0.011735337789449657,3,1.0,utilization_proxy,True,True
taiwan,ablation_full_features,lightgbm,1,402405,delay_count,0.15873560486202326,0.03811690616396479,4,1.0,delay_count,True,True
taiwan,ablation_full_features,lightgbm,1,402405,max_delay,0.1435564783532205,0.014901299670360359,5,1.0,max_delay,True,True
taiwan,ablation_full_features,lightgbm,1,402405,LIMIT_BAL,0.14202647815504058,-0.00011237747599149128,6,-1.0,LIMIT_BAL,False,True
taiwan,ablation_full_features,lightgbm,1,402405,PAY_AMT1,0.07779760507680761,0.006232367150708791,7,1.0,PAY_AMT1,False,True
taiwan,ablation_full_features,lightgbm,1,402405,payment_to_bill_ratio,0.07363581246740693,-0.0032874569877802237,8,-1.0,payment_to_bill_ratio,False,True
taiwan,ablation_full_features,lightgbm,1,402405,bill_trend,0.07330550845015953,-0.00588223166301779,9,-1.0,bill_trend,False,True
taiwan,ablation_full_features,lightgbm,1,402405,BILL_AMT1,0.06575542005452002,0.0017855890132884653,10,1.0,BILL_AMT1,False,True
taiwan,ablation_full_features,lightgbm,1,402405,PAY_AMT2,0.06543801442492622,-0.0014627470197689793,11,-1.0,PAY_AMT2,False,False
taiwan,ablation_full_features,lightgbm,1,402405,PAY_AMT3,0.06521135983551378,-0.011843844826802086,12,-1.0,PAY_AMT3,False,False
taiwan,ablation_full_features,lightgbm,1,402405,bill_volatility,0.06507318835152379,-0.0028615659952371166,13,-1.0,bill_volatility,False,False
taiwan,ablation_full_features,lightgbm,1,402405,total_pay_amt,0.05572442710059356,-0.005912286978736014,14,-1.0,total_pay_amt,False,False
taiwan,ablation_full_features,lightgbm,1,402405,max_bill_amt,0.05033148761224665,-0.005527552483726997,15,-1.0,max_bill_amt,False,False
taiwan,ablation_full_features,lightgbm,1,402405,avg_delay,0.04945129414131756,-0.010123399829688434,16,-1.0,avg_delay,False,False
taiwan,ablation_full_features,lightgbm,1,402405,PAY_AMT6,0.04856731555832319,0.003945649508881832,17,1.0,PAY_AMT6,False,False
taiwan,ablation_full_features,lightgbm,1,402405,severe_delay_count,0.046826423757902406,-0.005210517304328447,18,-1.0,severe_delay_count,False,False
taiwan,ablation_full_features,lightgbm,1,402405,BILL_AMT5,0.04590292063516861,0.01104923191699397,19,1.0,BILL_AMT5,False,False
taiwan,ablation_full_features,lightgbm,1,402405,PAY_AMT4,0.04577409123633648,-0.0010300120853127001,20,-1.0,PAY_AMT4,False,False
taiwan,ablation_full_features,lightgbm,1,402405,total_bill_amt,0.04557614177048602,-0.00409313171622192,21,-1.0,total_bill_amt,False,False
taiwan,ablation_full_features,lightgbm,1,402405,recent_payment_intensity,0.04550307348499128,0.0034992281760315254,22,1.0,recent_payment_intensity,False,False
taiwan,ablation_full_features,lightgbm,1,402405,PAY_3,0.0353334264967497,-0.0142430304417515,23,-1.0,PAY_3,False,False
taiwan,ablation_full_features,lightgbm,1,402405,payment_volatility,0.03421577865220742,-0.004661523502534663,24,-1.0,payment_volatility,False,False
taiwan,ablation_full_features,lightgbm,1,402405,AGE,0.03243165013594773,0.0019417796849944319,25,1.0,AGE,False,False
taiwan,ablation_full_features,lightgbm,1,402405,BILL_AMT6,0.03038728883308623,0.0039238578095612195,26,1.0,BILL_AMT6,False,False
taiwan,ablation_full_features,lightgbm,1,402405,BILL_AMT4,0.029036826083094158,0.00956733409904314,27,1.0,BILL_AMT4,False,False
taiwan,ablation_full_features,lightgbm,1,402405,BILL_AMT3,0.02823302427461283,0.010911887575258091,28,1.0,BILL_AMT3,False,False
taiwan,ablation_full_features,lightgbm,1,402405,BILL_AMT2,0.027250236553503625,-0.00627319288163446,29,-1.0,BILL_AMT2,False,False
taiwan,ablation_full_features,lightgbm,1,402405,PAY_AMT5,0.026381190099674864,0.0002857304993454115,30,1.0,PAY_AMT5,False,False
taiwan,ablation_full_features,lightgbm,1,402405,max_pay_amt,0.026077811022567572,0.0016487248509055106,31,1.0,max_pay_amt,False,False
taiwan,ablation_full_features,lightgbm,1,402405,EDUCATION_4,0.02498301853166183,-0.00020656076797629164,32,-1.0,EDUCATION,False,False
taiwan,ablation_full_features,lightgbm,1,402405,EDUCATION_2,0.02308998316370305,0.00020706701799982373,33,1.0,EDUCATION,False,False
taiwan,ablation_full_features,lightgbm,1,402405,MARRIAGE_2,0.020677398231859313,-0.0003466648634497596,34,-1.0,MARRIAGE,False,False
taiwan,ablation_full_features,lightgbm,1,402405,SEX_1,0.01932833156174692,0.0003200188500580698,35,1.0,SEX,False,False
taiwan,ablation_full_features,lightgbm,1,402405,PAY_6,0.01630095716431826,0.007761965815201992,36,1.0,PAY_6,False,False
taiwan,ablation_full_features,lightgbm,1,402405,MARRIAGE_1,0.0162439406063231,0.0005555874866447229,37,1.0,MARRIAGE,False,False
taiwan,ablation_full_features,lightgbm,1,402405,PAY_2,0.011952769990029928,-0.0016679618973785173,38,-1.0,PAY_2,False,False
taiwan,ablation_full_features,lightgbm,1,402405,avg_pay_amt,0.008314003017491028,-0.0003501490395445768,39,-1.0,avg_pay_amt,False,False
taiwan,ablation_full_features,lightgbm,1,402405,PAY_4,0.006702312331765974,0.0018967563675122826,40,1.0,PAY_4,False,False
taiwan,ablation_full_features,lightgbm,1,402405,EDUCATION_1,0.005990205473656658,0.0005565012038195237,41,1.0,EDUCATION,False,False
taiwan,ablation_full_features,lightgbm,1,402405,avg_bill_amt,0.0047391695037483006,0.0007029590035647912,42,1.0,avg_bill_amt,False,False
taiwan,ablation_full_features,lightgbm,1,402405,PAY_5,0.004725753093101466,-0.0004533705968635805,43,-1.0,PAY_5,False,False
taiwan,ablation_full_features,lightgbm,1,402405,SEX_2,0.002597771671783731,-1.912614575625641e-05,44,-1.0,SEX,False,False
taiwan,ablation_full_features,lightgbm,1,402405,EDUCATION_3,0.0018178825921424827,0.00026835942948353703,45,1.0,EDUCATION,False,False
taiwan,ablation_full_features,lightgbm,1,402405,MARRIAGE_3,0.00026677872736003333,2.6455512386007087e-05,46,1.0,MARRIAGE,False,False
taiwan,ablation_full_features,lightgbm,2,513210,recent_delay,0.24698244514298423,-0.009798868662652328,1,-1.0,recent_delay,True,True
taiwan,ablation_full_features,lightgbm,2,513210,PAY_0,0.2135242626662961,-0.0513426877289359,2,-1.0,PAY_0,True,True
taiwan,ablation_full_features,lightgbm,2,513210,delay_count,0.20311039829199762,0.038602494450126854,3,1.0,delay_count,True,True
taiwan,ablation_full_features,lightgbm,2,513210,utilization_proxy,0.16726906843398925,0.01003924756492345,4,1.0,utilization_proxy,True,True
taiwan,ablation_full_features,lightgbm,2,513210,LIMIT_BAL,0.14310643734920106,0.006315406335708559,5,1.0,LIMIT_BAL,True,True
taiwan,ablation_full_features,lightgbm,2,513210,max_delay,0.1326042285510433,0.011430315829418296,6,1.0,max_delay,False,True
taiwan,ablation_full_features,lightgbm,2,513210,PAY_AMT1,0.07785219311871638,0.004305227819108716,7,1.0,PAY_AMT1,False,True
taiwan,ablation_full_features,lightgbm,2,513210,payment_to_bill_ratio,0.0729691751032638,0.001556696940307789,8,1.0,payment_to_bill_ratio,False,True
taiwan,ablation_full_features,lightgbm,2,513210,BILL_AMT1,0.0700641441559091,0.002521201669121019,9,1.0,BILL_AMT1,False,True
taiwan,ablation_full_features,lightgbm,2,513210,bill_volatility,0.06866146009843022,-0.004771442150442518,10,-1.0,bill_volatility,False,True
taiwan,ablation_full_features,lightgbm,2,513210,PAY_AMT2,0.06533126420466608,-0.001256455797244454,11,-1.0,PAY_AMT2,False,False
taiwan,ablation_full_features,lightgbm,2,513210,PAY_AMT3,0.06281578588267295,-0.016772057252108154,12,-1.0,PAY_AMT3,False,False
taiwan,ablation_full_features,lightgbm,2,513210,bill_trend,0.06274801884405905,-0.0043976415116667965,13,-1.0,bill_trend,False,False
taiwan,ablation_full_features,lightgbm,2,513210,max_bill_amt,0.062244759862542014,-0.006599694724888073,14,-1.0,max_bill_amt,False,False
taiwan,ablation_full_features,lightgbm,2,513210,avg_delay,0.0603690087557114,-0.008793256515855215,15,-1.0,avg_delay,False,False
taiwan,ablation_full_features,lightgbm,2,513210,total_pay_amt,0.05643190080081835,-0.006662834626936505,16,-1.0,total_pay_amt,False,False
taiwan,ablation_full_features,lightgbm,2,513210,total_bill_amt,0.05235534144749754,-0.00878857970786945,17,-1.0,total_bill_amt,False,False
taiwan,ablation_full_features,lightgbm,2,513210,PAY_AMT6,0.04799386271640799,0.00742250363459746,18,1.0,PAY_AMT6,False,False
taiwan,ablation_full_features,lightgbm,2,513210,recent_payment_intensity,0.0477775459288857,-0.004020861900937748,19,-1.0,recent_payment_intensity,False,False
taiwan,ablation_full_features,lightgbm,2,513210,PAY_AMT4,0.0438412665518409,0.0008211109514301188,20,1.0,PAY_AMT4,False,False
taiwan,ablation_full_features,lightgbm,2,513210,BILL_AMT5,0.04332095721876021,0.011281580326366225,21,1.0,BILL_AMT5,False,False
taiwan,ablation_full_features,lightgbm,2,513210,PAY_3,0.036069606705135,-0.010328760499734196,22,-1.0,PAY_3,False,False
taiwan,ablation_full_features,lightgbm,2,513210,BILL_AMT4,0.034262372487535095,0.014834826343431466,23,1.0,BILL_AMT4,False,False
taiwan,ablation_full_features,lightgbm,2,513210,BILL_AMT6,0.03284799366156571,-0.0013920693148778607,24,-1.0,BILL_AMT6,False,False
taiwan,ablation_full_features,lightgbm,2,513210,BILL_AMT2,0.032031546820750954,0.0010307705905629758,25,1.0,BILL_AMT2,False,False
taiwan,ablation_full_features,lightgbm,2,513210,max_pay_amt,0.030319695893269834,-0.005367108017233094,26,-1.0,max_pay_amt,False,False
taiwan,ablation_full_features,lightgbm,2,513210,AGE,0.029957234911701897,0.0018750431551360339,27,1.0,AGE,False,False
taiwan,ablation_full_features,lightgbm,2,513210,payment_volatility,0.02926895584758686,0.001782110288419679,28,1.0,payment_volatility,False,False
taiwan,ablation_full_features,lightgbm,2,513210,PAY_AMT5,0.026148543157782773,0.0016681299177922061,29,1.0,PAY_AMT5,False,False
taiwan,ablation_full_features,lightgbm,2,513210,EDUCATION_4,0.02481733172227187,-0.00028827318903601793,30,-1.0,EDUCATION,False,False
taiwan,ablation_full_features,lightgbm,2,513210,BILL_AMT3,0.024610066312867832,0.00777979933065491,31,1.0,BILL_AMT3,False,False
taiwan,ablation_full_features,lightgbm,2,513210,EDUCATION_2,0.023902044676853265,0.0003285089736636656,32,1.0,EDUCATION,False,False
taiwan,ablation_full_features,lightgbm,2,513210,MARRIAGE_2,0.02319341442333069,-0.0006685494202596253,33,-1.0,MARRIAGE,False,False
taiwan,ablation_full_features,lightgbm,2,513210,severe_delay_count,0.022341128329578665,-0.00270969336820396,34,-1.0,severe_delay_count,False,False
taiwan,ablation_full_features,lightgbm,2,513210,SEX_1,0.02104515811710501,0.00030392965256782707,35,1.0,SEX,False,False
taiwan,ablation_full_features,lightgbm,2,513210,PAY_6,0.01760556405210447,0.002889608840999049,36,1.0,PAY_6,False,False
taiwan,ablation_full_features,lightgbm,2,513210,PAY_2,0.016406185131504537,-0.002056107080692926,37,-1.0,PAY_2,False,False
taiwan,ablation_full_features,lightgbm,2,513210,MARRIAGE_1,0.011396591207357096,-7.516643631631815e-05,38,-1.0,MARRIAGE,False,False
taiwan,ablation_full_features,lightgbm,2,513210,avg_pay_amt,0.008304197322659454,-0.0030275970235260955,39,-1.0,avg_pay_amt,False,False
taiwan,ablation_full_features,lightgbm,2,513210,PAY_5,0.006813825212288908,-0.0024261260628230057,40,-1.0,PAY_5,False,False
taiwan,ablation_full_features,lightgbm,2,513210,EDUCATION_1,0.005441454650559094,0.00041920733869696126,41,1.0,EDUCATION,False,False
taiwan,ablation_full_features,lightgbm,2,513210,PAY_4,0.004485139168898064,0.0011374349597555646,42,1.0,PAY_4,False,False
taiwan,ablation_full_features,lightgbm,2,513210,avg_bill_amt,0.0028805978342973694,0.0006170542436374724,43,1.0,avg_bill_amt,False,False
taiwan,ablation_full_features,lightgbm,2,513210,EDUCATION_3,0.0022176306855451276,0.0001741561269402437,44,1.0,EDUCATION,False,False
taiwan,ablation_full_features,lightgbm,2,513210,SEX_2,0.001759695053515282,9.273340596336542e-05,45,1.0,SEX,False,False
taiwan,ablation_full_features,lightgbm,2,513210,MARRIAGE_3,0.0010680607085058046,9.572653715752015e-05,46,1.0,MARRIAGE,False,False
taiwan,ablation_full_features,lightgbm,3,450372,recent_delay,0.2418303056456192,-0.005317003778283131,1,-1.0,recent_delay,True,True
taiwan,ablation_full_features,lightgbm,3,450372,PAY_0,0.21551538368785772,-0.05344405820431954,2,-1.0,PAY_0,True,True
taiwan,ablation_full_features,lightgbm,3,450372,delay_count,0.2002963813511248,0.041188261798712725,3,1.0,delay_count,True,True
taiwan,ablation_full_features,lightgbm,3,450372,utilization_proxy,0.17422002701892786,0.006368705013278381,4,1.0,utilization_proxy,True,True
taiwan,ablation_full_features,lightgbm,3,450372,max_delay,0.13776632257810434,0.00897737573062337,5,1.0,max_delay,True,True
taiwan,ablation_full_features,lightgbm,3,450372,LIMIT_BAL,0.1369480628499354,0.0051143994271989285,6,1.0,LIMIT_BAL,False,True
taiwan,ablation_full_features,lightgbm,3,450372,PAY_AMT1,0.08791388047641163,0.00044599524343770486,7,1.0,PAY_AMT1,False,True
taiwan,ablation_full_features,lightgbm,3,450372,PAY_AMT2,0.07210496623111257,-0.0030550851611842057,8,-1.0,PAY_AMT2,False,True
taiwan,ablation_full_features,lightgbm,3,450372,payment_to_bill_ratio,0.07124598541227953,-0.001917687680334221,9,-1.0,payment_to_bill_ratio,False,True
taiwan,ablation_full_features,lightgbm,3,450372,bill_trend,0.07061016328839156,0.001880625475894405,10,1.0,bill_trend,False,True
taiwan,ablation_full_features,lightgbm,3,450372,BILL_AMT1,0.0659957574826151,-0.0036057481418865648,11,-1.0,BILL_AMT1,False,False
taiwan,ablation_full_features,lightgbm,3,450372,max_bill_amt,0.06523446304106596,-0.000534954705623399,12,-1.0,max_bill_amt,False,False
taiwan,ablation_full_features,lightgbm,3,450372,bill_volatility,0.06294984924439215,-0.002514388913637168,13,-1.0,bill_volatility,False,False
taiwan,ablation_full_features,lightgbm,3,450372,PAY_AMT3,0.06002623056715966,-0.00683663796814799,14,-1.0,PAY_AMT3,False,False
taiwan,ablation_full_features,lightgbm,3,450372,avg_delay,0.05693717117125516,-0.012191943893324137,15,-1.0,avg_delay,False,False
taiwan,ablation_full_features,lightgbm,3,450372,total_pay_amt,0.053589346740668814,-0.003002092697242509,16,-1.0,total_pay_amt,False,False
taiwan,ablation_full_features,lightgbm,3,450372,recent_payment_intensity,0.050040044432356705,-0.002402906247231936,17,-1.0,recent_payment_intensity,False,False
taiwan,ablation_full_features,lightgbm,3,450372,total_bill_amt,0.04820490211877037,-0.0046740467339287965,18,-1.0,total_bill_amt,False,False
taiwan,ablation_full_features,lightgbm,3,450372,PAY_AMT6,0.04448591564427141,-0.0008474072434415542,19,-1.0,PAY_AMT6,False,False
taiwan,ablation_full_features,lightgbm,3,450372,PAY_AMT4,0.03969238330239675,0.0052105912997000665,20,1.0,PAY_AMT4,False,False
taiwan,ablation_full_features,lightgbm,3,450372,BILL_AMT5,0.03859767263058803,0.009661796796494638,21,1.0,BILL_AMT5,False,False
taiwan,ablation_full_features,lightgbm,3,450372,BILL_AMT6,0.03432922894016758,0.007940787591443453,22,1.0,BILL_AMT6,False,False
taiwan,ablation_full_features,lightgbm,3,450372,severe_delay_count,0.033780188749209086,-0.004090332126430986,23,-1.0,severe_delay_count,False,False
taiwan,ablation_full_features,lightgbm,3,450372,PAY_3,0.03366696345956269,-0.005055046685867998,24,-1.0,PAY_3,False,False
taiwan,ablation_full_features,lightgbm,3,450372,AGE,0.031554013136996545,0.001600785424334363,25,1.0,AGE,False,False
taiwan,ablation_full_features,lightgbm,3,450372,BILL_AMT4,0.029243361066292113,0.0019895328033933497,26,1.0,BILL_AMT4,False,False
taiwan,ablation_full_features,lightgbm,3,450372,BILL_AMT3,0.029117407917292296,0.002272889437126137,27,1.0,BILL_AMT3,False,False
taiwan,ablation_full_features,lightgbm,3,450372,PAY_AMT5,0.02742891952168794,0.0005930529811470455,28,1.0,PAY_AMT5,False,False
taiwan,ablation_full_features,lightgbm,3,450372,EDUCATION_2,0.027037628254166744,0.00042316256343366174,29,1.0,EDUCATION,False,False
taiwan,ablation_full_features,lightgbm,3,450372,payment_volatility,0.026910202339884164,-0.005142501602277085,30,-1.0,payment_volatility,False,False
taiwan,ablation_full_features,lightgbm,3,450372,BILL_AMT2,0.025773021214781314,0.0005093006199523408,31,1.0,BILL_AMT2,False,False
taiwan,ablation_full_features,lightgbm,3,450372,EDUCATION_4,0.024267369831232566,-0.00010464431887990655,32,-1.0,EDUCATION,False,False
taiwan,ablation_full_features,lightgbm,3,450372,MARRIAGE_1,0.022201433472832738,0.000534962551045832,33,1.0,MARRIAGE,False,False
taiwan,ablation_full_features,lightgbm,3,450372,max_pay_amt,0.022064671257977935,-0.005134731791741263,34,-1.0,max_pay_amt,False,False
taiwan,ablation_full_features,lightgbm,3,450372,PAY_6,0.01958348685105792,0.008454647746105834,35,1.0,PAY_6,False,False
taiwan,ablation_full_features,lightgbm,3,450372,SEX_1,0.019244287135947356,0.00022630270606909209,36,1.0,SEX,False,False
taiwan,ablation_full_features,lightgbm,3,450372,MARRIAGE_2,0.01624544654427874,-0.0002868702256380523,37,-1.0,MARRIAGE,False,False
taiwan,ablation_full_features,lightgbm,3,450372,PAY_2,0.011500701911330393,0.0009294665710905163,38,1.0,PAY_2,False,False
taiwan,ablation_full_features,lightgbm,3,450372,avg_bill_amt,0.007478521067487499,-0.000460367020447348,39,-1.0,avg_bill_amt,False,False
taiwan,ablation_full_features,lightgbm,3,450372,PAY_5,0.00740783614059499,-0.0006895281679696532,40,-1.0,PAY_5,False,False
taiwan,ablation_full_features,lightgbm,3,450372,avg_pay_amt,0.007280595222386097,-0.002444609912020805,41,-1.0,avg_pay_amt,False,False
taiwan,ablation_full_features,lightgbm,3,450372,EDUCATION_1,0.0061211971580972645,0.000571360261967805,42,1.0,EDUCATION,False,False
taiwan,ablation_full_features,lightgbm,3,450372,PAY_4,0.003649279012299607,-0.0004073471886713915,43,-1.0,PAY_4,False,False
taiwan,ablation_full_features,lightgbm,3,450372,SEX_2,0.0032814435334840362,0.00019132993337401576,44,1.0,SEX,False,False
taiwan,ablation_full_features,lightgbm,3,450372,EDUCATION_3,0.001532776885760539,8.294160270986471e-05,45,1.0,EDUCATION,False,False
taiwan,ablation_full_features,lightgbm,3,450372,MARRIAGE_3,0.0005183638593838853,4.462335897556711e-05,46,1.0,MARRIAGE,False,False
taiwan,ablation_full_features,lightgbm,4,89247,recent_delay,0.2647230352555819,-0.008156866543050144,1,-1.0,recent_delay,True,True
taiwan,ablation_full_features,lightgbm,4,89247,PAY_0,0.21835307944082308,-0.05536897208920315,2,-1.0,PAY_0,True,True
taiwan,ablation_full_features,lightgbm,4,89247,delay_count,0.17234952660584826,0.03914550203831249,3,1.0,delay_count,True,True
taiwan,ablation_full_features,lightgbm,4,89247,utilization_proxy,0.1634296979236462,0.01397967352840432,4,1.0,utilization_proxy,True,True
taiwan,ablation_full_features,lightgbm,4,89247,LIMIT_BAL,0.1385866416089561,0.006468360782737362,5,1.0,LIMIT_BAL,True,True
taiwan,ablation_full_features,lightgbm,4,89247,max_delay,0.12920481026215913,0.010925709463259317,6,1.0,max_delay,False,True
taiwan,ablation_full_features,lightgbm,4,89247,PAY_AMT1,0.09412159605494509,0.0035032258238443972,7,1.0,PAY_AMT1,False,True
taiwan,ablation_full_features,lightgbm,4,89247,bill_trend,0.08136130651033936,0.003062331981513823,8,1.0,bill_trend,False,True
taiwan,ablation_full_features,lightgbm,4,89247,payment_to_bill_ratio,0.07514902359507024,-0.0018757772205493719,9,-1.0,payment_to_bill_ratio,False,True
taiwan,ablation_full_features,lightgbm,4,89247,bill_volatility,0.0736612238193717,-0.003107474357330624,10,-1.0,bill_volatility,False,True
taiwan,ablation_full_features,lightgbm,4,89247,max_bill_amt,0.06669024437984421,-0.01113200198162995,11,-1.0,max_bill_amt,False,False
taiwan,ablation_full_features,lightgbm,4,89247,avg_delay,0.06587024383820639,-0.008688223220843979,12,-1.0,avg_delay,False,False
taiwan,ablation_full_features,lightgbm,4,89247,PAY_AMT2,0.06340908695344187,-0.0018195347089680067,13,-1.0,PAY_AMT2,False,False
taiwan,ablation_full_features,lightgbm,4,89247,PAY_AMT3,0.0631801859475823,-0.008749039439451095,14,-1.0,PAY_AMT3,False,False
taiwan,ablation_full_features,lightgbm,4,89247,BILL_AMT1,0.06310580245790702,0.005495370198896739,15,1.0,BILL_AMT1,False,False
taiwan,ablation_full_features,lightgbm,4,89247,BILL_AMT5,0.05095277312811608,0.009130849392713742,16,1.0,BILL_AMT5,False,False
taiwan,ablation_full_features,lightgbm,4,89247,total_bill_amt,0.050681254917571306,-0.00840026411451071,17,-1.0,total_bill_amt,False,False
taiwan,ablation_full_features,lightgbm,4,89247,recent_payment_intensity,0.04871431343580986,-0.0028820221526356412,18,-1.0,recent_payment_intensity,False,False
taiwan,ablation_full_features,lightgbm,4,89247,total_pay_amt,0.044795798674080865,-0.003984762926759149,19,-1.0,total_pay_amt,False,False
taiwan,ablation_full_features,lightgbm,4,89247,PAY_AMT6,0.04338946316019142,-0.0017146411376393275,20,-1.0,PAY_AMT6,False,False
taiwan,ablation_full_features,lightgbm,4,89247,PAY_AMT4,0.04276962772601929,0.00275015887027399,21,1.0,PAY_AMT4,False,False
taiwan,ablation_full_features,lightgbm,4,89247,PAY_3,0.039666984268678006,-0.009171181506975974,22,-1.0,PAY_3,False,False
taiwan,ablation_full_features,lightgbm,4,89247,payment_volatility,0.03360752149537031,-0.00635910208301561,23,-1.0,payment_volatility,False,False
taiwan,ablation_full_features,lightgbm,4,89247,AGE,0.032801618006876795,0.0006175720398156452,24,1.0,AGE,False,False
taiwan,ablation_full_features,lightgbm,4,89247,BILL_AMT2,0.029789422624451597,-0.0010863886705163946,25,-1.0,BILL_AMT2,False,False
taiwan,ablation_full_features,lightgbm,4,89247,BILL_AMT3,0.029365646433399208,0.00854423718825287,26,1.0,BILL_AMT3,False,False
taiwan,ablation_full_features,lightgbm,4,89247,BILL_AMT6,0.028080305421024916,0.002410517984215282,27,1.0,BILL_AMT6,False,False
taiwan,ablation_full_features,lightgbm,4,89247,BILL_AMT4,0.027924153419932953,0.011150540950759612,28,1.0,BILL_AMT4,False,False
taiwan,ablation_full_features,lightgbm,4,89247,max_pay_amt,0.025805798123480963,-0.0064107275050691,29,-1.0,max_pay_amt,False,False
taiwan,ablation_full_features,lightgbm,4,89247,EDUCATION_2,0.025716837068187056,3.269413849778293e-05,30,1.0,EDUCATION,False,False
taiwan,ablation_full_features,lightgbm,4,89247,PAY_AMT5,0.02539746219104225,-0.0012574293266457716,31,-1.0,PAY_AMT5,False,False
taiwan,ablation_full_features,lightgbm,4,89247,EDUCATION_4,0.02381355622098103,-0.0002815882782045411,32,-1.0,EDUCATION,False,False
taiwan,ablation_full_features,lightgbm,4,89247,severe_delay_count,0.02304988681849571,-0.0016579794053131135,33,-1.0,severe_delay_count,False,False
taiwan,ablation_full_features,lightgbm,4,89247,SEX_1,0.0216655035970342,0.00023294450886589472,34,1.0,SEX,False,False
taiwan,ablation_full_features,lightgbm,4,89247,MARRIAGE_2,0.01877355492387233,-0.0006816354678898188,35,-1.0,MARRIAGE,False,False
taiwan,ablation_full_features,lightgbm,4,89247,MARRIAGE_1,0.018392463143324725,-4.263864272618742e-05,36,-1.0,MARRIAGE,False,False
taiwan,ablation_full_features,lightgbm,4,89247,PAY_6,0.013661695923106836,0.005938875216932235,37,1.0,PAY_6,False,False
taiwan,ablation_full_features,lightgbm,4,89247,PAY_2,0.011483130343042346,-0.0017812998711222426,38,-1.0,PAY_2,False,False
taiwan,ablation_full_features,lightgbm,4,89247,PAY_5,0.010164542450980706,0.00039506564089864665,39,1.0,PAY_5,False,False
taiwan,ablation_full_features,lightgbm,4,89247,avg_pay_amt,0.00833615076674219,-0.0018329018468779736,40,-1.0,avg_pay_amt,False,False
taiwan,ablation_full_features,lightgbm,4,89247,PAY_4,0.00706835294161493,0.0012405797681645208,41,1.0,PAY_4,False,False
taiwan,ablation_full_features,lightgbm,4,89247,EDUCATION_1,0.006849970700737431,0.0005360846205033227,42,1.0,EDUCATION,False,False
taiwan,ablation_full_features,lightgbm,4,89247,avg_bill_amt,0.004934393514978141,6.565510369365081e-06,43,1.0,avg_bill_amt,False,False
taiwan,ablation_full_features,lightgbm,4,89247,SEX_2,0.0021880734428199804,3.9083915864996376e-05,44,1.0,SEX,False,False
taiwan,ablation_full_features,lightgbm,4,89247,EDUCATION_3,0.0019023415699929772,0.0003815067771268874,45,1.0,EDUCATION,False,False
taiwan,ablation_full_features,lightgbm,4,89247,MARRIAGE_3,0.00027849888847127226,3.1767776036089565e-05,46,1.0,MARRIAGE,False,False
taiwan,ablation_full_features,lightgbm,5,778383,recent_delay,0.26916678476097045,-0.00841801331013281,1,-1.0,recent_delay,True,True
taiwan,ablation_full_features,lightgbm,5,778383,PAY_0,0.20508408682791873,-0.05189940057922394,2,-1.0,PAY_0,True,True
taiwan,ablation_full_features,lightgbm,5,778383,delay_count,0.16870375384306574,0.0357887234155061,3,1.0,delay_count,True,True
taiwan,ablation_full_features,lightgbm,5,778383,utilization_proxy,0.16202628437933855,0.0146438908123122,4,1.0,utilization_proxy,True,True
taiwan,ablation_full_features,lightgbm,5,778383,LIMIT_BAL,0.14666899237583553,0.0008497884207216066,5,1.0,LIMIT_BAL,True,True
taiwan,ablation_full_features,lightgbm,5,778383,max_delay,0.13877812875910742,0.015783940323689096,6,1.0,max_delay,False,True
taiwan,ablation_full_features,lightgbm,5,778383,PAY_AMT1,0.08085275795343101,0.0024064792584675525,7,1.0,PAY_AMT1,False,True
taiwan,ablation_full_features,lightgbm,5,778383,payment_to_bill_ratio,0.07914521376875427,-0.004823686783958187,8,-1.0,payment_to_bill_ratio,False,True
taiwan,ablation_full_features,lightgbm,5,778383,BILL_AMT1,0.07576285922576512,-0.006004356650995812,9,-1.0,BILL_AMT1,False,True
taiwan,ablation_full_features,lightgbm,5,778383,bill_volatility,0.07016333908444707,-0.011009158051097994,10,-1.0,bill_volatility,False,True
taiwan,ablation_full_features,lightgbm,5,778383,bill_trend,0.06662039964443854,-0.011771750563929413,11,-1.0,bill_trend,False,False
taiwan,ablation_full_features,lightgbm,5,778383,PAY_AMT3,0.06616797719929723,-0.005950270673473744,12,-1.0,PAY_AMT3,False,False
taiwan,ablation_full_features,lightgbm,5,778383,max_bill_amt,0.0620268726665931,0.0010890020153622477,13,1.0,max_bill_amt,False,False
taiwan,ablation_full_features,lightgbm,5,778383,total_pay_amt,0.06014789757799118,-0.006103695912536929,14,-1.0,total_pay_amt,False,False
taiwan,ablation_full_features,lightgbm,5,778383,PAY_AMT2,0.05794091145646983,-0.0019188076530800425,15,-1.0,PAY_AMT2,False,False
taiwan,ablation_full_features,lightgbm,5,778383,avg_delay,0.051518252134488934,-0.009477210619041518,16,-1.0,avg_delay,False,False
taiwan,ablation_full_features,lightgbm,5,778383,severe_delay_count,0.04811995438529946,-0.0048114547330354845,17,-1.0,severe_delay_count,False,False
taiwan,ablation_full_features,lightgbm,5,778383,recent_payment_intensity,0.047448688259334126,0.00404890293006858,18,1.0,recent_payment_intensity,False,False
taiwan,ablation_full_features,lightgbm,5,778383,total_bill_amt,0.04718482974969521,-0.0047927362160866595,19,-1.0,total_bill_amt,False,False
taiwan,ablation_full_features,lightgbm,5,778383,PAY_AMT4,0.04470632570210734,0.0004991691651412696,20,1.0,PAY_AMT4,False,False
taiwan,ablation_full_features,lightgbm,5,778383,BILL_AMT5,0.0444134750352666,0.018395099018127997,21,1.0,BILL_AMT5,False,False
taiwan,ablation_full_features,lightgbm,5,778383,PAY_AMT6,0.043268299990060134,0.0031473867749507397,22,1.0,PAY_AMT6,False,False
taiwan,ablation_full_features,lightgbm,5,778383,PAY_3,0.03383965425494687,-0.008679562749006511,23,-1.0,PAY_3,False,False
taiwan,ablation_full_features,lightgbm,5,778383,PAY_AMT5,0.03127152287672511,-0.0030586381756680285,24,-1.0,PAY_AMT5,False,False
taiwan,ablation_full_features,lightgbm,5,778383,AGE,0.030646908132764827,-0.00017253063597669161,25,-1.0,AGE,False,False
taiwan,ablation_full_features,lightgbm,5,778383,BILL_AMT6,0.028887587739601442,0.00014957780450275995,26,1.0,BILL_AMT6,False,False
taiwan,ablation_full_features,lightgbm,5,778383,EDUCATION_2,0.028832752591560713,0.0009708791402360664,27,1.0,EDUCATION,False,False
taiwan,ablation_full_features,lightgbm,5,778383,BILL_AMT4,0.02742558891796026,0.00880794769887663,28,1.0,BILL_AMT4,False,False
taiwan,ablation_full_features,lightgbm,5,778383,payment_volatility,0.026680358298244188,0.0003364151478705148,29,1.0,payment_volatility,False,False
taiwan,ablation_full_features,lightgbm,5,778383,BILL_AMT3,0.025953219079939274,0.007646162833163916,30,1.0,BILL_AMT3,False,False
taiwan,ablation_full_features,lightgbm,5,778383,EDUCATION_4,0.024488340161740008,-0.000425170734305195,31,-1.0,EDUCATION,False,False
taiwan,ablation_full_features,lightgbm,5,778383,BILL_AMT2,0.02445829779076665,-0.002744217420152949,32,-1.0,BILL_AMT2,False,False
taiwan,ablation_full_features,lightgbm,5,778383,max_pay_amt,0.023123647565309886,-0.0008574953288483836,33,-1.0,max_pay_amt,False,False
taiwan,ablation_full_features,lightgbm,5,778383,SEX_1,0.02079993160801398,0.0002868407225373324,34,1.0,SEX,False,False
taiwan,ablation_full_features,lightgbm,5,778383,MARRIAGE_2,0.01819125456480162,0.0005406397327225069,35,1.0,MARRIAGE,False,False
taiwan,ablation_full_features,lightgbm,5,778383,MARRIAGE_1,0.017970949528570104,0.0009561955974099504,36,1.0,MARRIAGE,False,False
taiwan,ablation_full_features,lightgbm,5,778383,PAY_6,0.015648554782977536,0.0029198772297472754,37,1.0,PAY_6,False,False
taiwan,ablation_full_features,lightgbm,5,778383,PAY_2,0.014049652356641015,-0.0018139318541172515,38,-1.0,PAY_2,False,False
taiwan,ablation_full_features,lightgbm,5,778383,EDUCATION_1,0.008324725071855617,0.0005690899436108655,39,1.0,EDUCATION,False,False
taiwan,ablation_full_features,lightgbm,5,778383,avg_pay_amt,0.00800258294482414,-0.00021255958860358045,40,-1.0,avg_pay_amt,False,False
taiwan,ablation_full_features,lightgbm,5,778383,PAY_5,0.007159118505720671,0.0003355440961736628,41,1.0,PAY_5,False,False
taiwan,ablation_full_features,lightgbm,5,778383,PAY_4,0.0051778210915043475,0.0016489984516913241,42,1.0,PAY_4,False,False
taiwan,ablation_full_features,lightgbm,5,778383,SEX_2,0.0032643012957766235,0.00014869690231136113,43,1.0,SEX,False,False
taiwan,ablation_full_features,lightgbm,5,778383,EDUCATION_3,0.0020277550329252238,9.57693600991471e-05,44,1.0,EDUCATION,False,False
taiwan,ablation_full_features,lightgbm,5,778383,avg_bill_amt,0.0014108359359798074,0.0007144397006110211,45,1.0,avg_bill_amt,False,False
taiwan,ablation_full_features,lightgbm,5,778383,MARRIAGE_3,0.0011032708139866395,0.00010109860484683035,46,1.0,MARRIAGE,False,False
taiwan,ablation_full_features,lightgbm,6,970694,recent_delay,0.2567097323880899,-0.01092999238794377,1,-1.0,recent_delay,True,True
taiwan,ablation_full_features,lightgbm,6,970694,PAY_0,0.22913898896351523,-0.0543665470345278,2,-1.0,PAY_0,True,True
taiwan,ablation_full_features,lightgbm,6,970694,delay_count,0.2002267347665957,0.04092662453835879,3,1.0,delay_count,True,True
taiwan,ablation_full_features,lightgbm,6,970694,utilization_proxy,0.16471609501772572,0.00790468096923068,4,1.0,utilization_proxy,True,True
taiwan,ablation_full_features,lightgbm,6,970694,LIMIT_BAL,0.14241037456237268,0.004991234873626209,5,1.0,LIMIT_BAL,True,True
taiwan,ablation_full_features,lightgbm,6,970694,max_delay,0.09930842738739049,0.007380796052395982,6,1.0,max_delay,False,True
taiwan,ablation_full_features,lightgbm,6,970694,PAY_AMT1,0.08901115322069172,0.00033999339865563413,7,1.0,PAY_AMT1,False,True
taiwan,ablation_full_features,lightgbm,6,970694,payment_to_bill_ratio,0.07388239681366501,0.005573199553952288,8,1.0,payment_to_bill_ratio,False,True
taiwan,ablation_full_features,lightgbm,6,970694,BILL_AMT1,0.07119216484240595,0.009325133171694611,9,1.0,BILL_AMT1,False,True
taiwan,ablation_full_features,lightgbm,6,970694,PAY_AMT2,0.07063741387763373,-0.0021841693581583113,10,-1.0,PAY_AMT2,False,True
taiwan,ablation_full_features,lightgbm,6,970694,bill_trend,0.06844634876724871,-0.010172667014944037,11,-1.0,bill_trend,False,False
taiwan,ablation_full_features,lightgbm,6,970694,bill_volatility,0.06427333362743087,-0.003215377784972485,12,-1.0,bill_volatility,False,False
taiwan,ablation_full_features,lightgbm,6,970694,PAY_AMT3,0.06173514961579854,-0.014810077829935049,13,-1.0,PAY_AMT3,False,False
taiwan,ablation_full_features,lightgbm,6,970694,max_bill_amt,0.055345720922524565,-0.003716915399955134,14,-1.0,max_bill_amt,False,False
taiwan,ablation_full_features,lightgbm,6,970694,total_pay_amt,0.05035507192677785,6.223057649929442e-05,15,1.0,total_pay_amt,False,False
taiwan,ablation_full_features,lightgbm,6,970694,avg_delay,0.0484269378684032,-0.008727304533393813,16,-1.0,avg_delay,False,False
taiwan,ablation_full_features,lightgbm,6,970694,PAY_AMT6,0.047600899884978655,-0.00032666788341720977,17,-1.0,PAY_AMT6,False,False
taiwan,ablation_full_features,lightgbm,6,970694,recent_payment_intensity,0.045211892228051956,0.00017721996745991356,18,1.0,recent_payment_intensity,False,False
taiwan,ablation_full_features,lightgbm,6,970694,severe_delay_count,0.04411253778526459,-0.0025014041646846162,19,-1.0,severe_delay_count,False,False
taiwan,ablation_full_features,lightgbm,6,970694,PAY_AMT4,0.044104556461200234,0.005148901513795493,20,1.0,PAY_AMT4,False,False
taiwan,ablation_full_features,lightgbm,6,970694,PAY_3,0.039021746337251764,-0.009644966734561356,21,-1.0,PAY_3,False,False
taiwan,ablation_full_features,lightgbm,6,970694,BILL_AMT5,0.03877774223369862,0.0011369981329198274,22,1.0,BILL_AMT5,False,False
taiwan,ablation_full_features,lightgbm,6,970694,total_bill_amt,0.03356597759579963,-0.0021489363073785967,23,-1.0,total_bill_amt,False,False
taiwan,ablation_full_features,lightgbm,6,970694,AGE,0.031723227164643174,-0.00028942065322529523,24,-1.0,AGE,False,False
taiwan,ablation_full_features,lightgbm,6,970694,EDUCATION_2,0.03161149634154009,0.0008399956688083398,25,1.0,EDUCATION,False,False
taiwan,ablation_full_features,lightgbm,6,970694,BILL_AMT2,0.02993276324598158,-0.003700805299181925,26,-1.0,BILL_AMT2,False,False
taiwan,ablation_full_features,lightgbm,6,970694,payment_volatility,0.029168482655843608,-0.001531123576309194,27,-1.0,payment_volatility,False,False
taiwan,ablation_full_features,lightgbm,6,970694,BILL_AMT4,0.026582556050295834,0.00014245574955296455,28,1.0,BILL_AMT4,False,False
taiwan,ablation_full_features,lightgbm,6,970694,max_pay_amt,0.025443065459158646,-0.003941892924279074,29,-1.0,max_pay_amt,False,False
taiwan,ablation_full_features,lightgbm,6,970694,EDUCATION_4,0.025333277195506102,-0.00025212822196912023,30,-1.0,EDUCATION,False,False
taiwan,ablation_full_features,lightgbm,6,970694,BILL_AMT3,0.02416643487109522,0.007503618076072516,31,1.0,BILL_AMT3,False,False
taiwan,ablation_full_features,lightgbm,6,970694,BILL_AMT6,0.023592990085712744,0.007673249307795461,32,1.0,BILL_AMT6,False,False
taiwan,ablation_full_features,lightgbm,6,970694,PAY_AMT5,0.021620124455992658,0.0029900362408276666,33,1.0,PAY_AMT5,False,False
taiwan,ablation_full_features,lightgbm,6,970694,MARRIAGE_2,0.01968848890239942,-0.0001301305928303509,34,-1.0,MARRIAGE,False,False
taiwan,ablation_full_features,lightgbm,6,970694,PAY_6,0.01852302114423714,0.008745906585423699,35,1.0,PAY_6,False,False
taiwan,ablation_full_features,lightgbm,6,970694,SEX_1,0.018478324120773968,0.0004985909484749612,36,1.0,SEX,False,False
taiwan,ablation_full_features,lightgbm,6,970694,PAY_2,0.014898347936901925,-0.002116034376377943,37,-1.0,PAY_2,False,False
taiwan,ablation_full_features,lightgbm,6,970694,MARRIAGE_1,0.013895302439988988,0.00025587546754013684,38,1.0,MARRIAGE,False,False
taiwan,ablation_full_features,lightgbm,6,970694,PAY_5,0.008768069323797931,-0.00031432257403735575,39,-1.0,PAY_5,False,False
taiwan,ablation_full_features,lightgbm,6,970694,avg_pay_amt,0.00671974674589709,-0.0019362700636995926,40,-1.0,avg_pay_amt,False,False
taiwan,ablation_full_features,lightgbm,6,970694,EDUCATION_1,0.006102703776489823,0.0009221351256103721,41,1.0,EDUCATION,False,False
taiwan,ablation_full_features,lightgbm,6,970694,avg_bill_amt,0.005599533815020514,-0.00023374308562236807,42,-1.0,avg_bill_amt,False,False
taiwan,ablation_full_features,lightgbm,6,970694,PAY_4,0.00545340939442955,0.00184945790857421,43,1.0,PAY_4,False,False
taiwan,ablation_full_features,lightgbm,6,970694,SEX_2,0.00426014372944933,7.628228925573177e-05,44,1.0,SEX,False,False
taiwan,ablation_full_features,lightgbm,6,970694,EDUCATION_3,0.002611238068065774,-0.00016848856867938175,45,-1.0,EDUCATION,False,False
taiwan,ablation_full_features,lightgbm,6,970694,MARRIAGE_3,0.00025995175805999343,2.1333129703450864e-05,46,1.0,MARRIAGE,False,False
taiwan,ablation_full_features,lightgbm,7,643850,recent_delay,0.2656842477300202,-0.002143889966840856,1,-1.0,recent_delay,True,True
taiwan,ablation_full_features,lightgbm,7,643850,PAY_0,0.21513018938519296,-0.0538666516871418,2,-1.0,PAY_0,True,True
taiwan,ablation_full_features,lightgbm,7,643850,delay_count,0.16146811084081808,0.03455594517278361,3,1.0,delay_count,True,True
taiwan,ablation_full_features,lightgbm,7,643850,utilization_proxy,0.1591798247655326,0.009129715173357261,4,1.0,utilization_proxy,True,True
taiwan,ablation_full_features,lightgbm,7,643850,LIMIT_BAL,0.14271355619970016,0.003171759531124205,5,1.0,LIMIT_BAL,True,True
taiwan,ablation_full_features,lightgbm,7,643850,max_delay,0.11884818121870565,0.013799177195940999,6,1.0,max_delay,False,True
taiwan,ablation_full_features,lightgbm,7,643850,PAY_AMT1,0.08234523123528084,0.004101813778541241,7,1.0,PAY_AMT1,False,True
taiwan,ablation_full_features,lightgbm,7,643850,payment_to_bill_ratio,0.07950137787797246,-0.007740277164276457,8,-1.0,payment_to_bill_ratio,False,True
taiwan,ablation_full_features,lightgbm,7,643850,BILL_AMT1,0.0752348471473861,-0.0014091358742830214,9,-1.0,BILL_AMT1,False,True
taiwan,ablation_full_features,lightgbm,7,643850,avg_delay,0.07467589278814875,-0.011991869750136282,10,-1.0,avg_delay,False,True
taiwan,ablation_full_features,lightgbm,7,643850,bill_volatility,0.06898317613282323,0.00030544227362481796,11,1.0,bill_volatility,False,False
taiwan,ablation_full_features,lightgbm,7,643850,bill_trend,0.06636501864183961,-0.0031077437355657763,12,-1.0,bill_trend,False,False
taiwan,ablation_full_features,lightgbm,7,643850,PAY_AMT2,0.06254628020013096,-0.0007783375165816367,13,-1.0,PAY_AMT2,False,False
taiwan,ablation_full_features,lightgbm,7,643850,PAY_AMT3,0.05866381321388117,-0.01187578902094709,14,-1.0,PAY_AMT3,False,False
taiwan,ablation_full_features,lightgbm,7,643850,max_bill_amt,0.057630631221741294,-0.006926187718141028,15,-1.0,max_bill_amt,False,False
taiwan,ablation_full_features,lightgbm,7,643850,total_pay_amt,0.057243301056766234,-0.008477457150150094,16,-1.0,total_pay_amt,False,False
taiwan,ablation_full_features,lightgbm,7,643850,PAY_AMT4,0.047662543261735975,0.005168020728072565,17,1.0,PAY_AMT4,False,False
taiwan,ablation_full_features,lightgbm,7,643850,BILL_AMT5,0.04474875036791504,0.008739416978035727,18,1.0,BILL_AMT5,False,False
taiwan,ablation_full_features,lightgbm,7,643850,recent_payment_intensity,0.04415631063470891,0.004535520531067519,19,1.0,recent_payment_intensity,False,False
taiwan,ablation_full_features,lightgbm,7,643850,PAY_AMT6,0.04261570929967911,0.003356960811485895,20,1.0,PAY_AMT6,False,False
taiwan,ablation_full_features,lightgbm,7,643850,total_bill_amt,0.041135043364436734,0.006259497841947421,21,1.0,total_bill_amt,False,False
taiwan,ablation_full_features,lightgbm,7,643850,PAY_3,0.03568077211443165,-0.010360001139807885,22,-1.0,PAY_3,False,False
taiwan,ablation_full_features,lightgbm,7,643850,severe_delay_count,0.03372755858375594,-1.938373326665702e-05,23,-1.0,severe_delay_count,False,False
taiwan,ablation_full_features,lightgbm,7,643850,BILL_AMT6,0.032081464155091166,-0.0011319300823696879,24,-1.0,BILL_AMT6,False,False
taiwan,ablation_full_features,lightgbm,7,643850,AGE,0.029830628643831535,0.000550519089575928,25,1.0,AGE,False,False
taiwan,ablation_full_features,lightgbm,7,643850,PAY_AMT5,0.02886416298502407,0.0051966480906672705,26,1.0,PAY_AMT5,False,False
taiwan,ablation_full_features,lightgbm,7,643850,BILL_AMT3,0.027517187753595667,0.008420985019225962,27,1.0,BILL_AMT3,False,False
taiwan,ablation_full_features,lightgbm,7,643850,payment_volatility,0.026559978615893338,-0.005493403204660138,28,-1.0,payment_volatility,False,False
taiwan,ablation_full_features,lightgbm,7,643850,BILL_AMT4,0.02596858814404546,0.006776993115370839,29,1.0,BILL_AMT4,False,False
taiwan,ablation_full_features,lightgbm,7,643850,EDUCATION_4,0.025815674657063848,-0.0004247035099022911,30,-1.0,EDUCATION,False,False
taiwan,ablation_full_features,lightgbm,7,643850,BILL_AMT2,0.024861835875925938,-0.004548094351079611,31,-1.0,BILL_AMT2,False,False
taiwan,ablation_full_features,lightgbm,7,643850,max_pay_amt,0.024314536060557022,-0.004540574905896451,32,-1.0,max_pay_amt,False,False
taiwan,ablation_full_features,lightgbm,7,643850,EDUCATION_2,0.024293762240168146,0.0008974926460902057,33,1.0,EDUCATION,False,False
taiwan,ablation_full_features,lightgbm,7,643850,MARRIAGE_1,0.018512363618564027,-0.0015587117096555279,34,-1.0,MARRIAGE,False,False
taiwan,ablation_full_features,lightgbm,7,643850,MARRIAGE_2,0.017926957725927846,0.0011709975357979666,35,1.0,MARRIAGE,False,False
taiwan,ablation_full_features,lightgbm,7,643850,PAY_6,0.017466248740564985,0.004176210911339291,36,1.0,PAY_6,False,False
taiwan,ablation_full_features,lightgbm,7,643850,SEX_1,0.01609208737038947,0.00011729789789088439,37,1.0,SEX,False,False
taiwan,ablation_full_features,lightgbm,7,643850,PAY_2,0.012016164390499623,-0.0033823706900850087,38,-1.0,PAY_2,False,False
taiwan,ablation_full_features,lightgbm,7,643850,avg_pay_amt,0.008165846973668374,-0.00260369497343198,39,-1.0,avg_pay_amt,False,False
taiwan,ablation_full_features,lightgbm,7,643850,PAY_5,0.007793515566320184,-0.0004396188334413316,40,-1.0,PAY_5,False,False
taiwan,ablation_full_features,lightgbm,7,643850,PAY_4,0.007300832812359129,0.0032244029313515227,41,1.0,PAY_4,False,False
taiwan,ablation_full_features,lightgbm,7,643850,EDUCATION_1,0.0071098164700663866,0.00028405598032613875,42,1.0,EDUCATION,False,False
taiwan,ablation_full_features,lightgbm,7,643850,SEX_2,0.005172880683903705,7.967900188316046e-05,43,1.0,SEX,False,False
taiwan,ablation_full_features,lightgbm,7,643850,avg_bill_amt,0.00413262760226491,0.0008566511633416238,44,1.0,avg_bill_amt,False,False
taiwan,ablation_full_features,lightgbm,7,643850,EDUCATION_3,0.0025086647391892856,0.0003277732749860885,45,1.0,EDUCATION,False,False
taiwan,ablation_full_features,lightgbm,7,643850,MARRIAGE_3,0.0002717659711599245,5.168560648272942e-05,46,1.0,MARRIAGE,False,False
taiwan,ablation_full_features,lightgbm,8,700518,recent_delay,0.2727975148671906,-0.007226896436384798,1,-1.0,recent_delay,True,True
taiwan,ablation_full_features,lightgbm,8,700518,PAY_0,0.20976652005304758,-0.050318923369228885,2,-1.0,PAY_0,True,True
taiwan,ablation_full_features,lightgbm,8,700518,utilization_proxy,0.16609091991117486,0.007161817678974819,3,1.0,utilization_proxy,True,True
taiwan,ablation_full_features,lightgbm,8,700518,delay_count,0.16106756474858952,0.036960904956985736,4,1.0,delay_count,True,True
taiwan,ablation_full_features,lightgbm,8,700518,LIMIT_BAL,0.14069357756143808,0.0021525772168511934,5,1.0,LIMIT_BAL,True,True
taiwan,ablation_full_features,lightgbm,8,700518,max_delay,0.13800369626728604,0.010507846714186602,6,1.0,max_delay,False,True
taiwan,ablation_full_features,lightgbm,8,700518,payment_to_bill_ratio,0.08671694131099275,-0.009030217683722275,7,-1.0,payment_to_bill_ratio,False,True
taiwan,ablation_full_features,lightgbm,8,700518,PAY_AMT1,0.07998208998374959,-0.0011088754019470874,8,-1.0,PAY_AMT1,False,True
taiwan,ablation_full_features,lightgbm,8,700518,avg_delay,0.0787675848261068,-0.014101082732251474,9,-1.0,avg_delay,False,True
taiwan,ablation_full_features,lightgbm,8,700518,PAY_AMT2,0.07786895526134754,-0.002124835107626727,10,-1.0,PAY_AMT2,False,True
taiwan,ablation_full_features,lightgbm,8,700518,BILL_AMT1,0.07147634742393363,-0.004515772544134961,11,-1.0,BILL_AMT1,False,False
taiwan,ablation_full_features,lightgbm,8,700518,PAY_AMT3,0.07083487415124509,-0.013548229384394858,12,-1.0,PAY_AMT3,False,False
taiwan,ablation_full_features,lightgbm,8,700518,bill_trend,0.06994645639501479,-0.003569267578079361,13,-1.0,bill_trend,False,False
taiwan,ablation_full_features,lightgbm,8,700518,bill_volatility,0.06694966794109997,-0.007976530088538356,14,-1.0,bill_volatility,False,False
taiwan,ablation_full_features,lightgbm,8,700518,total_pay_amt,0.062223887357238446,-0.006418525609925872,15,-1.0,total_pay_amt,False,False
taiwan,ablation_full_features,lightgbm,8,700518,max_bill_amt,0.056674970212923094,-0.004771165892076579,16,-1.0,max_bill_amt,False,False
taiwan,ablation_full_features,lightgbm,8,700518,PAY_AMT6,0.04526009710754743,0.009113479497816226,17,1.0,PAY_AMT6,False,False
taiwan,ablation_full_features,lightgbm,8,700518,recent_payment_intensity,0.04440831906643074,0.01026715339556678,18,1.0,recent_payment_intensity,False,False
taiwan,ablation_full_features,lightgbm,8,700518,PAY_AMT4,0.04230781423335028,7.162164196844791e-07,19,1.0,PAY_AMT4,False,False
taiwan,ablation_full_features,lightgbm,8,700518,total_bill_amt,0.03858366827235603,-0.0027211119259725235,20,-1.0,total_bill_amt,False,False
taiwan,ablation_full_features,lightgbm,8,700518,BILL_AMT5,0.03835778796491341,0.011594095461739078,21,1.0,BILL_AMT5,False,False
taiwan,ablation_full_features,lightgbm,8,700518,PAY_3,0.03682189856292933,-0.010211221818512927,22,-1.0,PAY_3,False,False
taiwan,ablation_full_features,lightgbm,8,700518,BILL_AMT2,0.03322028850367838,0.0006090483661731666,23,1.0,BILL_AMT2,False,False
taiwan,ablation_full_features,lightgbm,8,700518,AGE,0.033086073969496164,0.0013363806267163657,24,1.0,AGE,False,False
taiwan,ablation_full_features,lightgbm,8,700518,payment_volatility,0.029325654930799545,-0.0020462853066249595,25,-1.0,payment_volatility,False,False
taiwan,ablation_full_features,lightgbm,8,700518,BILL_AMT4,0.028600607869381504,0.009838715134168315,26,1.0,BILL_AMT4,False,False
taiwan,ablation_full_features,lightgbm,8,700518,max_pay_amt,0.027941921551505416,-0.003008519755372889,27,-1.0,max_pay_amt,False,False
taiwan,ablation_full_features,lightgbm,8,700518,EDUCATION_2,0.025948977262701775,0.0006069851544866778,28,1.0,EDUCATION,False,False
taiwan,ablation_full_features,lightgbm,8,700518,BILL_AMT3,0.025438866200137186,0.008312251586251734,29,1.0,BILL_AMT3,False,False
taiwan,ablation_full_features,lightgbm,8,700518,EDUCATION_4,0.02451311806069364,-3.2498160588643884e-05,30,-1.0,EDUCATION,False,False
taiwan,ablation_full_features,lightgbm,8,700518,PAY_AMT5,0.02247756376455315,0.003554104466206408,31,1.0,PAY_AMT5,False,False
taiwan,ablation_full_features,lightgbm,8,700518,SEX_1,0.022308392598066742,0.0002852427284313545,32,1.0,SEX,False,False
taiwan,ablation_full_features,lightgbm,8,700518,BILL_AMT6,0.021632834760097096,0.0041183246370503504,33,1.0,BILL_AMT6,False,False
taiwan,ablation_full_features,lightgbm,8,700518,PAY_6,0.019672351730609498,0.005957242304111102,34,1.0,PAY_6,False,False
taiwan,ablation_full_features,lightgbm,8,700518,MARRIAGE_2,0.01877526425141136,-4.297801477844085e-05,35,-1.0,MARRIAGE,False,False
taiwan,ablation_full_features,lightgbm,8,700518,MARRIAGE_1,0.01749322738820308,0.00043649604885543335,36,1.0,MARRIAGE,False,False
taiwan,ablation_full_features,lightgbm,8,700518,PAY_2,0.01259298120029699,-0.000940116003184015,37,-1.0,PAY_2,False,False
taiwan,ablation_full_features,lightgbm,8,700518,severe_delay_count,0.011815545991652115,-0.0013715288059046658,38,-1.0,severe_delay_count,False,False
taiwan,ablation_full_features,lightgbm,8,700518,PAY_5,0.007810168503175711,0.0008577636491036777,39,1.0,PAY_5,False,False
taiwan,ablation_full_features,lightgbm,8,700518,avg_pay_amt,0.007217002895475812,-0.00015700834180462896,40,-1.0,avg_pay_amt,False,False
taiwan,ablation_full_features,lightgbm,8,700518,PAY_4,0.007060790890902523,0.002137695575936989,41,1.0,PAY_4,False,False
taiwan,ablation_full_features,lightgbm,8,700518,EDUCATION_1,0.00516541999001682,0.00019764092888690577,42,1.0,EDUCATION,False,False
taiwan,ablation_full_features,lightgbm,8,700518,SEX_2,0.002750844758812127,8.972225949459497e-05,43,1.0,SEX,False,False
taiwan,ablation_full_features,lightgbm,8,700518,avg_bill_amt,0.0018501840043512144,0.00014456078443620502,44,1.0,avg_bill_amt,False,False
taiwan,ablation_full_features,lightgbm,8,700518,EDUCATION_3,0.0015185380256425745,9.084283726267013e-05,45,1.0,EDUCATION,False,False
taiwan,ablation_full_features,lightgbm,8,700518,MARRIAGE_3,0.0008270613617071006,5.57735193007079e-05,46,1.0,MARRIAGE,False,False
taiwan,ablation_full_features,lightgbm,9,276757,recent_delay,0.2691037350340555,-0.008431156208963505,1,-1.0,recent_delay,True,True
taiwan,ablation_full_features,lightgbm,9,276757,PAY_0,0.2208177958077852,-0.057929819076828676,2,-1.0,PAY_0,True,True
taiwan,ablation_full_features,lightgbm,9,276757,utilization_proxy,0.1729348033398409,0.0064552058767800066,3,1.0,utilization_proxy,True,True
taiwan,ablation_full_features,lightgbm,9,276757,delay_count,0.15854305963155346,0.03490048201141905,4,1.0,delay_count,True,True
taiwan,ablation_full_features,lightgbm,9,276757,max_delay,0.14595323385610934,0.016799505924488266,5,1.0,max_delay,True,True
taiwan,ablation_full_features,lightgbm,9,276757,LIMIT_BAL,0.1359057357136287,0.00038072526127820263,6,1.0,LIMIT_BAL,False,True
taiwan,ablation_full_features,lightgbm,9,276757,payment_to_bill_ratio,0.08040032467755298,-0.003908683895939397,7,-1.0,payment_to_bill_ratio,False,True
taiwan,ablation_full_features,lightgbm,9,276757,PAY_AMT1,0.07589852348239788,3.957382991557673e-05,8,1.0,PAY_AMT1,False,True
taiwan,ablation_full_features,lightgbm,9,276757,BILL_AMT1,0.06868728481156286,-0.002725984518464199,9,-1.0,BILL_AMT1,False,True
taiwan,ablation_full_features,lightgbm,9,276757,bill_trend,0.06661672894695465,-0.006323944661837577,10,-1.0,bill_trend,False,True
taiwan,ablation_full_features,lightgbm,9,276757,bill_volatility,0.06577335323067082,-0.00424733198490261,11,-1.0,bill_volatility,False,False
taiwan,ablation_full_features,lightgbm,9,276757,total_pay_amt,0.06479641272606133,-0.012874947872938731,12,-1.0,total_pay_amt,False,False
taiwan,ablation_full_features,lightgbm,9,276757,PAY_AMT3,0.0644108910149048,-0.004960942637728074,13,-1.0,PAY_AMT3,False,False
taiwan,ablation_full_features,lightgbm,9,276757,PAY_AMT2,0.06148621283260393,-0.0029394513828141693,14,-1.0,PAY_AMT2,False,False
taiwan,ablation_full_features,lightgbm,9,276757,avg_delay,0.059606920543121715,-0.010487954914359507,15,-1.0,avg_delay,False,False
taiwan,ablation_full_features,lightgbm,9,276757,max_bill_amt,0.05576731762487788,-0.007440602406319632,16,-1.0,max_bill_amt,False,False
taiwan,ablation_full_features,lightgbm,9,276757,PAY_AMT4,0.04843633409454312,0.0032694690918853965,17,1.0,PAY_AMT4,False,False
taiwan,ablation_full_features,lightgbm,9,276757,BILL_AMT5,0.04486403411757569,0.0232123567263959,18,1.0,BILL_AMT5,False,False
taiwan,ablation_full_features,lightgbm,9,276757,recent_payment_intensity,0.04325352330306956,0.005139478632245985,19,1.0,recent_payment_intensity,False,False
taiwan,ablation_full_features,lightgbm,9,276757,total_bill_amt,0.04253463806493605,-0.0006199463317565738,20,-1.0,total_bill_amt,False,False
taiwan,ablation_full_features,lightgbm,9,276757,PAY_AMT6,0.041083884631315605,0.001764465502606838,21,1.0,PAY_AMT6,False,False
taiwan,ablation_full_features,lightgbm,9,276757,PAY_3,0.03659116051942244,-0.0053446834132796625,22,-1.0,PAY_3,False,False
taiwan,ablation_full_features,lightgbm,9,276757,BILL_AMT6,0.035036527718401336,0.004145150080640932,23,1.0,BILL_AMT6,False,False
taiwan,ablation_full_features,lightgbm,9,276757,AGE,0.03415271236434974,0.0009487792086877198,24,1.0,AGE,False,False
taiwan,ablation_full_features,lightgbm,9,276757,BILL_AMT2,0.03328951003275345,-0.008734589006274338,25,-1.0,BILL_AMT2,False,False
taiwan,ablation_full_features,lightgbm,9,276757,BILL_AMT3,0.027866929963691636,0.017740434872271026,26,1.0,BILL_AMT3,False,False
taiwan,ablation_full_features,lightgbm,9,276757,BILL_AMT4,0.02747175956497338,0.0075539788661355585,27,1.0,BILL_AMT4,False,False
taiwan,ablation_full_features,lightgbm,9,276757,severe_delay_count,0.027320715379242935,-0.0018363110155052427,28,-1.0,severe_delay_count,False,False
taiwan,ablation_full_features,lightgbm,9,276757,EDUCATION_2,0.027051195773360195,0.0004973297858777235,29,1.0,EDUCATION,False,False
taiwan,ablation_full_features,lightgbm,9,276757,max_pay_amt,0.026005244143490775,-0.00043504721536491577,30,-1.0,max_pay_amt,False,False
taiwan,ablation_full_features,lightgbm,9,276757,payment_volatility,0.025197355945120337,0.0010042245691301527,31,1.0,payment_volatility,False,False
taiwan,ablation_full_features,lightgbm,9,276757,PAY_AMT5,0.02495330451433155,0.0015044387850169556,32,1.0,PAY_AMT5,False,False
taiwan,ablation_full_features,lightgbm,9,276757,EDUCATION_4,0.02382716961942436,-7.691835794515837e-05,33,-1.0,EDUCATION,False,False
taiwan,ablation_full_features,lightgbm,9,276757,SEX_1,0.019744712741243762,0.0005049742524189255,34,1.0,SEX,False,False
taiwan,ablation_full_features,lightgbm,9,276757,MARRIAGE_1,0.01918649299446488,0.0006233120730558965,35,1.0,MARRIAGE,False,False
taiwan,ablation_full_features,lightgbm,9,276757,PAY_6,0.019169787867784574,-0.00029241776346863846,36,-1.0,PAY_6,False,False
taiwan,ablation_full_features,lightgbm,9,276757,MARRIAGE_2,0.01682648697824299,-2.6578491967538073e-05,37,-1.0,MARRIAGE,False,False
taiwan,ablation_full_features,lightgbm,9,276757,PAY_2,0.01303374362895054,-0.0020834518686543564,38,-1.0,PAY_2,False,False
taiwan,ablation_full_features,lightgbm,9,276757,avg_bill_amt,0.00845470449716072,4.553705526869002e-05,39,1.0,avg_bill_amt,False,False
taiwan,ablation_full_features,lightgbm,9,276757,avg_pay_amt,0.007123741235227239,-0.0008093752282044374,40,-1.0,avg_pay_amt,False,False
taiwan,ablation_full_features,lightgbm,9,276757,EDUCATION_1,0.006439134453864344,0.0006440034765295619,41,1.0,EDUCATION,False,False
taiwan,ablation_full_features,lightgbm,9,276757,PAY_5,0.006425726217804279,-0.0009294936870548038,42,-1.0,PAY_5,False,False
taiwan,ablation_full_features,lightgbm,9,276757,PAY_4,0.005515277896798821,0.0012303997239040494,43,1.0,PAY_4,False,False
taiwan,ablation_full_features,lightgbm,9,276757,EDUCATION_3,0.0020799994193882554,-3.2781216785070476e-05,44,-1.0,EDUCATION,False,False
taiwan,ablation_full_features,lightgbm,9,276757,SEX_2,0.0018403338623894593,4.518795356017984e-05,45,1.0,SEX,False,False
taiwan,ablation_full_features,lightgbm,9,276757,MARRIAGE_3,0.0002544313374332813,2.5289558629356137e-05,46,1.0,MARRIAGE,False,False
taiwan,ablation_full_features,lightgbm,10,445686,recent_delay,0.24743894052938284,-0.006565628092521537,1,-1.0,recent_delay,True,True
taiwan,ablation_full_features,lightgbm,10,445686,PAY_0,0.22065823497856613,-0.056553267560999924,2,-1.0,PAY_0,True,True
taiwan,ablation_full_features,lightgbm,10,445686,delay_count,0.17889397665431747,0.036204059634949326,3,1.0,delay_count,True,True
taiwan,ablation_full_features,lightgbm,10,445686,utilization_proxy,0.17022473021719442,0.00707810007878142,4,1.0,utilization_proxy,True,True
taiwan,ablation_full_features,lightgbm,10,445686,LIMIT_BAL,0.1337008584413604,-0.001991556707928685,5,-1.0,LIMIT_BAL,True,True
taiwan,ablation_full_features,lightgbm,10,445686,max_delay,0.12907721396862984,0.01460411640327692,6,1.0,max_delay,False,True
taiwan,ablation_full_features,lightgbm,10,445686,PAY_AMT1,0.0857404806896841,0.0007445991115474359,7,1.0,PAY_AMT1,False,True
taiwan,ablation_full_features,lightgbm,10,445686,payment_to_bill_ratio,0.076056169206362,-0.006060086244927899,8,-1.0,payment_to_bill_ratio,False,True
taiwan,ablation_full_features,lightgbm,10,445686,avg_delay,0.07298933953719416,-0.012768689929136243,9,-1.0,avg_delay,False,True
taiwan,ablation_full_features,lightgbm,10,445686,bill_trend,0.07023695682183599,0.0007266563781238687,10,1.0,bill_trend,False,True
taiwan,ablation_full_features,lightgbm,10,445686,PAY_AMT2,0.06687000428516443,-0.004120774831851536,11,-1.0,PAY_AMT2,False,False
taiwan,ablation_full_features,lightgbm,10,445686,PAY_AMT3,0.06672231838575682,-0.01045833930937322,12,-1.0,PAY_AMT3,False,False
taiwan,ablation_full_features,lightgbm,10,445686,BILL_AMT1,0.06613862593628002,0.0015331345519254878,13,1.0,BILL_AMT1,False,False
taiwan,ablation_full_features,lightgbm,10,445686,bill_volatility,0.06146000417326365,-0.0007368507934300716,14,-1.0,bill_volatility,False,False
taiwan,ablation_full_features,lightgbm,10,445686,total_pay_amt,0.05752947341772872,-0.009464788917202394,15,-1.0,total_pay_amt,False,False
taiwan,ablation_full_features,lightgbm,10,445686,total_bill_amt,0.05532678298711586,-0.00324071195129189,16,-1.0,total_bill_amt,False,False
taiwan,ablation_full_features,lightgbm,10,445686,BILL_AMT5,0.05486014264144447,0.022761889815743497,17,1.0,BILL_AMT5,False,False
taiwan,ablation_full_features,lightgbm,10,445686,max_bill_amt,0.051498805407130796,-0.002511765420811842,18,-1.0,max_bill_amt,False,False
taiwan,ablation_full_features,lightgbm,10,445686,recent_payment_intensity,0.04608522464743422,0.0014387575951464691,19,1.0,recent_payment_intensity,False,False
taiwan,ablation_full_features,lightgbm,10,445686,PAY_AMT4,0.04028192286046723,-0.002570449793044321,20,-1.0,PAY_AMT4,False,False
taiwan,ablation_full_features,lightgbm,10,445686,PAY_AMT6,0.03993139227989544,0.004526043587351733,21,1.0,PAY_AMT6,False,False
taiwan,ablation_full_features,lightgbm,10,445686,BILL_AMT6,0.03287007459817939,-0.004768793766895853,22,-1.0,BILL_AMT6,False,False
taiwan,ablation_full_features,lightgbm,10,445686,PAY_3,0.03248676964669976,-0.01256407735099419,23,-1.0,PAY_3,False,False
taiwan,ablation_full_features,lightgbm,10,445686,AGE,0.03247667728454353,0.000620502265724428,24,1.0,AGE,False,False
taiwan,ablation_full_features,lightgbm,10,445686,PAY_AMT5,0.03137252420126947,0.001234856574588014,25,1.0,PAY_AMT5,False,False
taiwan,ablation_full_features,lightgbm,10,445686,BILL_AMT4,0.031037896433934946,0.012595778813659309,26,1.0,BILL_AMT4,False,False
taiwan,ablation_full_features,lightgbm,10,445686,payment_volatility,0.029424103120338992,-0.003303521695988277,27,-1.0,payment_volatility,False,False
taiwan,ablation_full_features,lightgbm,10,445686,max_pay_amt,0.027132357567780926,-0.0014546942870300504,28,-1.0,max_pay_amt,False,False
taiwan,ablation_full_features,lightgbm,10,445686,EDUCATION_2,0.02632813255984352,0.0009954159595725654,29,1.0,EDUCATION,False,False
taiwan,ablation_full_features,lightgbm,10,445686,BILL_AMT3,0.026070739095872375,0.012336169739598155,30,1.0,BILL_AMT3,False,False
taiwan,ablation_full_features,lightgbm,10,445686,BILL_AMT2,0.025936398577768433,0.0013232178766055692,31,1.0,BILL_AMT2,False,False
taiwan,ablation_full_features,lightgbm,10,445686,severe_delay_count,0.024872027385891612,-0.0017308902046068197,32,-1.0,severe_delay_count,False,False
taiwan,ablation_full_features,lightgbm,10,445686,EDUCATION_4,0.02484180785894942,-0.0004814100085595448,33,-1.0,EDUCATION,False,False
taiwan,ablation_full_features,lightgbm,10,445686,MARRIAGE_2,0.02033165068024547,0.00025345267003643214,34,1.0,MARRIAGE,False,False
taiwan,ablation_full_features,lightgbm,10,445686,SEX_1,0.018549393598280353,0.00020302257655754072,35,1.0,SEX,False,False
taiwan,ablation_full_features,lightgbm,10,445686,PAY_6,0.01740157831398781,0.0010610343775122465,36,1.0,PAY_6,False,False
taiwan,ablation_full_features,lightgbm,10,445686,MARRIAGE_1,0.01597750976665594,-0.00033410879616649206,37,-1.0,MARRIAGE,False,False
taiwan,ablation_full_features,lightgbm,10,445686,PAY_2,0.01292491609277495,-0.0029309865761765353,38,-1.0,PAY_2,False,False
taiwan,ablation_full_features,lightgbm,10,445686,avg_bill_amt,0.008842174631921587,2.6450123577198952e-05,39,1.0,avg_bill_amt,False,False
taiwan,ablation_full_features,lightgbm,10,445686,PAY_5,0.007763794573035965,-0.0002470843835160981,40,-1.0,PAY_5,False,False
taiwan,ablation_full_features,lightgbm,10,445686,avg_pay_amt,0.006789922748264737,0.002029268591455862,41,1.0,avg_pay_amt,False,False
taiwan,ablation_full_features,lightgbm,10,445686,EDUCATION_1,0.006352524637386578,0.0003060296636107828,42,1.0,EDUCATION,False,False
taiwan,ablation_full_features,lightgbm,10,445686,PAY_4,0.006062019732899877,0.0007990976583485449,43,1.0,PAY_4,False,False
taiwan,ablation_full_features,lightgbm,10,445686,SEX_2,0.004295023628110584,9.363381145943083e-05,44,1.0,SEX,False,False
taiwan,ablation_full_features,lightgbm,10,445686,EDUCATION_3,0.0025538938767404483,0.00028815543614977044,45,1.0,EDUCATION,False,False
taiwan,ablation_full_features,lightgbm,10,445686,MARRIAGE_3,0.00046613276849893,4.312199200901802e-05,46,1.0,MARRIAGE,False,False
taiwan,ablation_full_features,lightgbm,11,354524,recent_delay,0.290510356625074,-0.008916558144776505,1,-1.0,recent_delay,True,True
taiwan,ablation_full_features,lightgbm,11,354524,PAY_0,0.1989867464279086,-0.05183608846097426,2,-1.0,PAY_0,True,True
taiwan,ablation_full_features,lightgbm,11,354524,utilization_proxy,0.16763064981757791,0.005960770962427182,3,1.0,utilization_proxy,True,True
taiwan,ablation_full_features,lightgbm,11,354524,delay_count,0.15941751607526108,0.039981360825161454,4,1.0,delay_count,True,True
taiwan,ablation_full_features,lightgbm,11,354524,LIMIT_BAL,0.14339086703554724,0.003230161294105472,5,1.0,LIMIT_BAL,True,True
taiwan,ablation_full_features,lightgbm,11,354524,max_delay,0.13994485796206574,0.012271265575522657,6,1.0,max_delay,False,True
taiwan,ablation_full_features,lightgbm,11,354524,payment_to_bill_ratio,0.07647163590529653,-0.0004777470574137127,7,-1.0,payment_to_bill_ratio,False,True
taiwan,ablation_full_features,lightgbm,11,354524,PAY_AMT1,0.07586631640078648,-0.007205238683794235,8,-1.0,PAY_AMT1,False,True
taiwan,ablation_full_features,lightgbm,11,354524,bill_trend,0.07313777350295698,-0.005627122738056901,9,-1.0,bill_trend,False,True
taiwan,ablation_full_features,lightgbm,11,354524,avg_delay,0.07118534281887307,-0.012690004149325479,10,-1.0,avg_delay,False,True
taiwan,ablation_full_features,lightgbm,11,354524,BILL_AMT1,0.0706369302402626,0.0030826441636577105,11,1.0,BILL_AMT1,False,False
taiwan,ablation_full_features,lightgbm,11,354524,max_bill_amt,0.06977840138935226,-0.000647177871221765,12,-1.0,max_bill_amt,False,False
taiwan,ablation_full_features,lightgbm,11,354524,PAY_AMT2,0.06576116750930303,-0.005957977546206483,13,-1.0,PAY_AMT2,False,False
taiwan,ablation_full_features,lightgbm,11,354524,bill_volatility,0.06543654795076627,-0.005757897624153179,14,-1.0,bill_volatility,False,False
taiwan,ablation_full_features,lightgbm,11,354524,PAY_AMT3,0.06430624213539801,-0.00591967915154163,15,-1.0,PAY_AMT3,False,False
taiwan,ablation_full_features,lightgbm,11,354524,total_pay_amt,0.05999349105450232,-0.004055079930329077,16,-1.0,total_pay_amt,False,False
taiwan,ablation_full_features,lightgbm,11,354524,recent_payment_intensity,0.045775745318996426,0.004259744008677368,17,1.0,recent_payment_intensity,False,False
taiwan,ablation_full_features,lightgbm,11,354524,PAY_AMT6,0.04339412991193638,0.0049532305749157195,18,1.0,PAY_AMT6,False,False
taiwan,ablation_full_features,lightgbm,11,354524,BILL_AMT5,0.04258438178161472,0.008156046752609867,19,1.0,BILL_AMT5,False,False
taiwan,ablation_full_features,lightgbm,11,354524,PAY_AMT4,0.04000862502000173,0.0021570025703891373,20,1.0,PAY_AMT4,False,False
taiwan,ablation_full_features,lightgbm,11,354524,PAY_3,0.03754045312335908,-0.009485285208203657,21,-1.0,PAY_3,False,False
taiwan,ablation_full_features,lightgbm,11,354524,total_bill_amt,0.03477791151976349,0.0024185687487238137,22,1.0,total_bill_amt,False,False
taiwan,ablation_full_features,lightgbm,11,354524,BILL_AMT4,0.032270705070064465,0.004640765640127876,23,1.0,BILL_AMT4,False,False
taiwan,ablation_full_features,lightgbm,11,354524,payment_volatility,0.03113312459039325,-0.0025080267146614815,24,-1.0,payment_volatility,False,False
taiwan,ablation_full_features,lightgbm,11,354524,AGE,0.030597736444258533,0.0026760189653242316,25,1.0,AGE,False,False
taiwan,ablation_full_features,lightgbm,11,354524,BILL_AMT2,0.030499951229905255,-0.0037795496326342177,26,-1.0,BILL_AMT2,False,False
taiwan,ablation_full_features,lightgbm,11,354524,EDUCATION_2,0.028183331119026902,0.0014052583007368499,27,1.0,EDUCATION,False,False
taiwan,ablation_full_features,lightgbm,11,354524,PAY_AMT5,0.026093830469132325,0.002406447428529241,28,1.0,PAY_AMT5,False,False
taiwan,ablation_full_features,lightgbm,11,354524,BILL_AMT6,0.025779501165690506,-1.8754781831290506e-06,29,-1.0,BILL_AMT6,False,False
taiwan,ablation_full_features,lightgbm,11,354524,EDUCATION_4,0.02560454411190369,-0.0004254718843865086,30,-1.0,EDUCATION,False,False
taiwan,ablation_full_features,lightgbm,11,354524,max_pay_amt,0.023841824259824163,-0.006416985140386303,31,-1.0,max_pay_amt,False,False
taiwan,ablation_full_features,lightgbm,11,354524,severe_delay_count,0.02224957522237797,-0.003433282145020093,32,-1.0,severe_delay_count,False,False
taiwan,ablation_full_features,lightgbm,11,354524,SEX_1,0.02108623627697456,0.00034824982813555787,33,1.0,SEX,False,False
taiwan,ablation_full_features,lightgbm,11,354524,BILL_AMT3,0.020355851416388293,0.005560820488834418,34,1.0,BILL_AMT3,False,False
taiwan,ablation_full_features,lightgbm,11,354524,MARRIAGE_2,0.0197978286314503,-0.00031538276918566423,35,-1.0,MARRIAGE,False,False
taiwan,ablation_full_features,lightgbm,11,354524,PAY_6,0.01898319472856775,0.00696166739494478,36,1.0,PAY_6,False,False
taiwan,ablation_full_features,lightgbm,11,354524,MARRIAGE_1,0.016950600529280747,-0.0006892554713022785,37,-1.0,MARRIAGE,False,False
taiwan,ablation_full_features,lightgbm,11,354524,PAY_2,0.011513091889126933,-0.001756083503905317,38,-1.0,PAY_2,False,False
taiwan,ablation_full_features,lightgbm,11,354524,PAY_5,0.008549679463142335,0.0010285482885487535,39,1.0,PAY_5,False,False
taiwan,ablation_full_features,lightgbm,11,354524,avg_pay_amt,0.007956237324428314,0.0009365025751189925,40,1.0,avg_pay_amt,False,False
taiwan,ablation_full_features,lightgbm,11,354524,avg_bill_amt,0.007661453656087763,0.004896081955129726,41,1.0,avg_bill_amt,False,False
taiwan,ablation_full_features,lightgbm,11,354524,EDUCATION_1,0.0063376542953621,0.0006904156416450685,42,1.0,EDUCATION,False,False
taiwan,ablation_full_features,lightgbm,11,354524,SEX_2,0.005112096580469389,-1.732301784173965e-05,43,-1.0,SEX,False,False
taiwan,ablation_full_features,lightgbm,11,354524,PAY_4,0.004572586980414736,0.000963505746424451,44,1.0,PAY_4,False,False
taiwan,ablation_full_features,lightgbm,11,354524,EDUCATION_3,0.002321482910867522,0.0002753996432611591,45,1.0,EDUCATION,False,False
taiwan,ablation_full_features,lightgbm,11,354524,MARRIAGE_3,0.0004523580173049488,4.160016770074942e-05,46,1.0,MARRIAGE,False,False
taiwan,ablation_full_features,lightgbm,12,677918,recent_delay,0.25848230735705824,-0.007046589199956204,1,-1.0,recent_delay,True,True
taiwan,ablation_full_features,lightgbm,12,677918,PAY_0,0.22201508246968338,-0.056044645591654035,2,-1.0,PAY_0,True,True
taiwan,ablation_full_features,lightgbm,12,677918,delay_count,0.18751925351832363,0.04279719794543593,3,1.0,delay_count,True,True
taiwan,ablation_full_features,lightgbm,12,677918,utilization_proxy,0.16670264953616085,0.007743945981670954,4,1.0,utilization_proxy,True,True
taiwan,ablation_full_features,lightgbm,12,677918,LIMIT_BAL,0.14156922882748033,0.0025391972734890907,5,1.0,LIMIT_BAL,True,True
taiwan,ablation_full_features,lightgbm,12,677918,max_delay,0.11707166302843756,0.010982907953176541,6,1.0,max_delay,False,True
taiwan,ablation_full_features,lightgbm,12,677918,payment_to_bill_ratio,0.07694541625742389,-0.00795109839819719,7,-1.0,payment_to_bill_ratio,False,True
taiwan,ablation_full_features,lightgbm,12,677918,PAY_AMT2,0.07333474689514075,0.0002310493960866794,8,1.0,PAY_AMT2,False,True
taiwan,ablation_full_features,lightgbm,12,677918,PAY_AMT1,0.0727419143669273,-0.004210222455833057,9,-1.0,PAY_AMT1,False,True
taiwan,ablation_full_features,lightgbm,12,677918,bill_volatility,0.07231849325443644,0.003654866818640565,10,1.0,bill_volatility,False,True
taiwan,ablation_full_features,lightgbm,12,677918,PAY_AMT3,0.06877242672575871,-0.011151794541940525,11,-1.0,PAY_AMT3,False,False
taiwan,ablation_full_features,lightgbm,12,677918,bill_trend,0.06875630696968246,-0.008193883984193023,12,-1.0,bill_trend,False,False
taiwan,ablation_full_features,lightgbm,12,677918,max_bill_amt,0.06793795894127946,-0.002154597137324408,13,-1.0,max_bill_amt,False,False
taiwan,ablation_full_features,lightgbm,12,677918,BILL_AMT1,0.06773495965277349,0.0002128634703132952,14,1.0,BILL_AMT1,False,False
taiwan,ablation_full_features,lightgbm,12,677918,avg_delay,0.06618747385882065,-0.013219904230866815,15,-1.0,avg_delay,False,False
taiwan,ablation_full_features,lightgbm,12,677918,BILL_AMT5,0.05894538333472858,0.029611452667058488,16,1.0,BILL_AMT5,False,False
taiwan,ablation_full_features,lightgbm,12,677918,total_pay_amt,0.052766232533612206,-0.00237051420869229,17,-1.0,total_pay_amt,False,False
taiwan,ablation_full_features,lightgbm,12,677918,PAY_AMT4,0.0479876421333381,0.004647185227712442,18,1.0,PAY_AMT4,False,False
taiwan,ablation_full_features,lightgbm,12,677918,PAY_AMT6,0.043679337565978756,0.002714393796650395,19,1.0,PAY_AMT6,False,False
taiwan,ablation_full_features,lightgbm,12,677918,BILL_AMT6,0.03971755661877608,-0.009922698715557631,20,-1.0,BILL_AMT6,False,False
taiwan,ablation_full_features,lightgbm,12,677918,recent_payment_intensity,0.03855461164164175,0.004069585187632134,21,1.0,recent_payment_intensity,False,False
taiwan,ablation_full_features,lightgbm,12,677918,PAY_3,0.03334240803926852,-0.009687956470053355,22,-1.0,PAY_3,False,False
taiwan,ablation_full_features,lightgbm,12,677918,AGE,0.03275632210542245,0.002474293175060596,23,1.0,AGE,False,False
taiwan,ablation_full_features,lightgbm,12,677918,BILL_AMT2,0.031183318134706667,4.4546770358409425e-05,24,1.0,BILL_AMT2,False,False
taiwan,ablation_full_features,lightgbm,12,677918,severe_delay_count,0.031135859045281773,-0.001473477263340899,25,-1.0,severe_delay_count,False,False
taiwan,ablation_full_features,lightgbm,12,677918,PAY_AMT5,0.031073341652539402,-0.0008022722622336282,26,-1.0,PAY_AMT5,False,False
taiwan,ablation_full_features,lightgbm,12,677918,BILL_AMT4,0.029754065234037726,0.007028702405752249,27,1.0,BILL_AMT4,False,False
taiwan,ablation_full_features,lightgbm,12,677918,total_bill_amt,0.029479291975920766,-0.005844679394350657,28,-1.0,total_bill_amt,False,False
taiwan,ablation_full_features,lightgbm,12,677918,payment_volatility,0.02730924044748116,-0.0012835622200739266,29,-1.0,payment_volatility,False,False
taiwan,ablation_full_features,lightgbm,12,677918,EDUCATION_4,0.026663949436964186,-0.0005071566744951989,30,-1.0,EDUCATION,False,False
taiwan,ablation_full_features,lightgbm,12,677918,BILL_AMT3,0.02619180965171928,0.00465931684479032,31,1.0,BILL_AMT3,False,False
taiwan,ablation_full_features,lightgbm,12,677918,max_pay_amt,0.0256331545691716,-0.002327983948085175,32,-1.0,max_pay_amt,False,False
taiwan,ablation_full_features,lightgbm,12,677918,PAY_6,0.02477177842732311,0.0049088327940631,33,1.0,PAY_6,False,False
taiwan,ablation_full_features,lightgbm,12,677918,EDUCATION_2,0.02413560780076975,0.0009999332694668234,34,1.0,EDUCATION,False,False
taiwan,ablation_full_features,lightgbm,12,677918,MARRIAGE_1,0.02208745563245752,0.0002326195259327269,35,1.0,MARRIAGE,False,False
taiwan,ablation_full_features,lightgbm,12,677918,SEX_1,0.020914481822071045,0.00022734379076419538,36,1.0,SEX,False,False
taiwan,ablation_full_features,lightgbm,12,677918,MARRIAGE_2,0.01759942355353932,-0.0008035813678530916,37,-1.0,MARRIAGE,False,False
taiwan,ablation_full_features,lightgbm,12,677918,PAY_2,0.012220380787656391,-0.0005007774267311283,38,-1.0,PAY_2,False,False
taiwan,ablation_full_features,lightgbm,12,677918,avg_pay_amt,0.009318134965686143,-0.0005068102368261072,39,-1.0,avg_pay_amt,False,False
taiwan,ablation_full_features,lightgbm,12,677918,PAY_5,0.007833083935344397,-0.00017800946039730112,40,-1.0,PAY_5,False,False
taiwan,ablation_full_features,lightgbm,12,677918,EDUCATION_1,0.007047278581555918,0.0008699146829869687,41,1.0,EDUCATION,False,False
taiwan,ablation_full_features,lightgbm,12,677918,avg_bill_amt,0.006917556150257731,-0.003953462330850571,42,-1.0,avg_bill_amt,False,False
taiwan,ablation_full_features,lightgbm,12,677918,PAY_4,0.004557369266866696,0.0016409946304659837,43,1.0,PAY_4,False,False
taiwan,ablation_full_features,lightgbm,12,677918,SEX_2,0.004424294585787462,0.00031091405488859863,44,1.0,SEX,False,False
taiwan,ablation_full_features,lightgbm,12,677918,EDUCATION_3,0.001966148245856797,9.85529663132688e-05,45,1.0,EDUCATION,False,False
taiwan,ablation_full_features,lightgbm,12,677918,MARRIAGE_3,0.0010830417982700662,9.38464683150291e-05,46,1.0,MARRIAGE,False,False
taiwan,ablation_full_features,lightgbm,13,432996,recent_delay,0.2538707463414875,-0.006243149345400417,1,-1.0,recent_delay,True,True
taiwan,ablation_full_features,lightgbm,13,432996,PAY_0,0.21972952881294683,-0.055673278182819294,2,-1.0,PAY_0,True,True
taiwan,ablation_full_features,lightgbm,13,432996,delay_count,0.183958113245298,0.03962130012586232,3,1.0,delay_count,True,True
taiwan,ablation_full_features,lightgbm,13,432996,utilization_proxy,0.16928315735552052,0.003915074705261651,4,1.0,utilization_proxy,True,True
taiwan,ablation_full_features,lightgbm,13,432996,LIMIT_BAL,0.1379008742802614,0.00349891008903549,5,1.0,LIMIT_BAL,True,True
taiwan,ablation_full_features,lightgbm,13,432996,max_delay,0.12073609193033139,0.010786889694583923,6,1.0,max_delay,False,True
taiwan,ablation_full_features,lightgbm,13,432996,PAY_AMT1,0.08404082611186091,0.0009206444274865754,7,1.0,PAY_AMT1,False,True
taiwan,ablation_full_features,lightgbm,13,432996,bill_trend,0.07359409272281667,-0.008855513160649928,8,-1.0,bill_trend,False,True
taiwan,ablation_full_features,lightgbm,13,432996,bill_volatility,0.07350921454241978,-0.002457468102719281,9,-1.0,bill_volatility,False,True
taiwan,ablation_full_features,lightgbm,13,432996,payment_to_bill_ratio,0.0707985618523592,-0.0016452075208070577,10,-1.0,payment_to_bill_ratio,False,True
taiwan,ablation_full_features,lightgbm,13,432996,max_bill_amt,0.06955866021688717,-0.009952939238832007,11,-1.0,max_bill_amt,False,False
taiwan,ablation_full_features,lightgbm,13,432996,avg_delay,0.06768229883390442,-0.010269121241399278,12,-1.0,avg_delay,False,False
taiwan,ablation_full_features,lightgbm,13,432996,PAY_AMT3,0.06531842716556499,-0.008364944329799711,13,-1.0,PAY_AMT3,False,False
taiwan,ablation_full_features,lightgbm,13,432996,PAY_AMT2,0.06043580680475527,-0.007265917548290241,14,-1.0,PAY_AMT2,False,False
taiwan,ablation_full_features,lightgbm,13,432996,BILL_AMT1,0.05935041205868068,0.006287724365816152,15,1.0,BILL_AMT1,False,False
taiwan,ablation_full_features,lightgbm,13,432996,total_pay_amt,0.05602466498266549,-0.013411327602474227,16,-1.0,total_pay_amt,False,False
taiwan,ablation_full_features,lightgbm,13,432996,BILL_AMT5,0.04613500161046285,0.01252138679475654,17,1.0,BILL_AMT5,False,False
taiwan,ablation_full_features,lightgbm,13,432996,PAY_AMT4,0.04578016238401505,0.002969317749819377,18,1.0,PAY_AMT4,False,False
taiwan,ablation_full_features,lightgbm,13,432996,PAY_AMT6,0.04478488168368323,0.001271419455126427,19,1.0,PAY_AMT6,False,False
taiwan,ablation_full_features,lightgbm,13,432996,recent_payment_intensity,0.04368283401182771,0.007203428594679032,20,1.0,recent_payment_intensity,False,False
taiwan,ablation_full_features,lightgbm,13,432996,BILL_AMT2,0.03760955033564957,0.0004471675285205868,21,1.0,BILL_AMT2,False,False
taiwan,ablation_full_features,lightgbm,13,432996,PAY_3,0.03630678128199464,-0.01010919914491824,22,-1.0,PAY_3,False,False
taiwan,ablation_full_features,lightgbm,13,432996,AGE,0.03468650360767561,0.0033428168673986665,23,1.0,AGE,False,False
taiwan,ablation_full_features,lightgbm,13,432996,total_bill_amt,0.03210334727025336,0.0015990754472973545,24,1.0,total_bill_amt,False,False
taiwan,ablation_full_features,lightgbm,13,432996,payment_volatility,0.03013644850147171,0.004976246498385067,25,1.0,payment_volatility,False,False
taiwan,ablation_full_features,lightgbm,13,432996,BILL_AMT4,0.02883900411716908,0.008520363915981734,26,1.0,BILL_AMT4,False,False
taiwan,ablation_full_features,lightgbm,13,432996,PAY_AMT5,0.028667833710263973,0.002263037150288021,27,1.0,PAY_AMT5,False,False
taiwan,ablation_full_features,lightgbm,13,432996,severe_delay_count,0.028206998187640105,-0.0014434300480061105,28,-1.0,severe_delay_count,False,False
taiwan,ablation_full_features,lightgbm,13,432996,EDUCATION_2,0.027195360265304606,0.0006625595028614597,29,1.0,EDUCATION,False,False
taiwan,ablation_full_features,lightgbm,13,432996,BILL_AMT3,0.026596332943313594,0.006306186286704111,30,1.0,BILL_AMT3,False,False
taiwan,ablation_full_features,lightgbm,13,432996,BILL_AMT6,0.025925943068979072,0.0010705255939975676,31,1.0,BILL_AMT6,False,False
taiwan,ablation_full_features,lightgbm,13,432996,EDUCATION_4,0.025691565182341152,5.150476844358813e-05,32,1.0,EDUCATION,False,False
taiwan,ablation_full_features,lightgbm,13,432996,max_pay_amt,0.025398467780413506,-0.0038311385895349113,33,-1.0,max_pay_amt,False,False
taiwan,ablation_full_features,lightgbm,13,432996,SEX_1,0.024020994695166168,0.00046385043033578873,34,1.0,SEX,False,False
taiwan,ablation_full_features,lightgbm,13,432996,MARRIAGE_1,0.019024167154246926,-0.0006769340019070868,35,-1.0,MARRIAGE,False,False
taiwan,ablation_full_features,lightgbm,13,432996,PAY_6,0.01798562639991801,0.002939478121554132,36,1.0,PAY_6,False,False
taiwan,ablation_full_features,lightgbm,13,432996,MARRIAGE_2,0.01789010272593096,-0.0003323334495247775,37,-1.0,MARRIAGE,False,False
taiwan,ablation_full_features,lightgbm,13,432996,PAY_2,0.011386278277008374,-0.002156213056483981,38,-1.0,PAY_2,False,False
taiwan,ablation_full_features,lightgbm,13,432996,PAY_5,0.009985908890993607,-0.0007557953615494011,39,-1.0,PAY_5,False,False
taiwan,ablation_full_features,lightgbm,13,432996,avg_pay_amt,0.009355722967085272,0.00011391047419814147,40,1.0,avg_pay_amt,False,False
taiwan,ablation_full_features,lightgbm,13,432996,avg_bill_amt,0.00805317615406367,0.0020785565232987377,41,1.0,avg_bill_amt,False,False
taiwan,ablation_full_features,lightgbm,13,432996,EDUCATION_1,0.006516550281734038,0.0008423327749704122,42,1.0,EDUCATION,False,False
taiwan,ablation_full_features,lightgbm,13,432996,PAY_4,0.003954388256366905,0.0012694424572736326,43,1.0,PAY_4,False,False
taiwan,ablation_full_features,lightgbm,13,432996,EDUCATION_3,0.0019027118010658413,0.00014654037943635605,44,1.0,EDUCATION,False,False
taiwan,ablation_full_features,lightgbm,13,432996,SEX_2,0.001870942566933663,5.256936710172593e-05,45,1.0,SEX,False,False
taiwan,ablation_full_features,lightgbm,13,432996,MARRIAGE_3,0.0009137220734042238,9.015065039823719e-05,46,1.0,MARRIAGE,False,False
taiwan,ablation_full_features,lightgbm,14,67920,recent_delay,0.2549223523328568,-0.014692357249497768,1,-1.0,recent_delay,True,True
taiwan,ablation_full_features,lightgbm,14,67920,PAY_0,0.20577285569698994,-0.050727633421180696,2,-1.0,PAY_0,True,True
taiwan,ablation_full_features,lightgbm,14,67920,delay_count,0.20224886029010963,0.04228976588845489,3,1.0,delay_count,True,True
taiwan,ablation_full_features,lightgbm,14,67920,utilization_proxy,0.163539907890553,0.014469393149506366,4,1.0,utilization_proxy,True,True
taiwan,ablation_full_features,lightgbm,14,67920,LIMIT_BAL,0.14409581517304645,0.005632495821770319,5,1.0,LIMIT_BAL,True,True
taiwan,ablation_full_features,lightgbm,14,67920,max_delay,0.10833817243382722,0.006672422711098279,6,1.0,max_delay,False,True
taiwan,ablation_full_features,lightgbm,14,67920,payment_to_bill_ratio,0.08453805133491536,-0.010505642655162276,7,-1.0,payment_to_bill_ratio,False,True
taiwan,ablation_full_features,lightgbm,14,67920,PAY_AMT1,0.08198258370538652,0.007315494844462792,8,1.0,PAY_AMT1,False,True
taiwan,ablation_full_features,lightgbm,14,67920,bill_trend,0.07316903479014736,-0.003932842086248849,9,-1.0,bill_trend,False,True
taiwan,ablation_full_features,lightgbm,14,67920,PAY_AMT2,0.06903253247004389,-0.00614350183960562,10,-1.0,PAY_AMT2,False,True
taiwan,ablation_full_features,lightgbm,14,67920,BILL_AMT1,0.06688384481942654,-0.007285861387605249,11,-1.0,BILL_AMT1,False,False
taiwan,ablation_full_features,lightgbm,14,67920,PAY_AMT3,0.0651933030317885,-0.008972490377962498,12,-1.0,PAY_AMT3,False,False
taiwan,ablation_full_features,lightgbm,14,67920,bill_volatility,0.06313062311102421,0.0045741953401917355,13,1.0,bill_volatility,False,False
taiwan,ablation_full_features,lightgbm,14,67920,avg_delay,0.06231690183482984,-0.009953999165919995,14,-1.0,avg_delay,False,False
taiwan,ablation_full_features,lightgbm,14,67920,max_bill_amt,0.05711883410286649,-0.004527109027456494,15,-1.0,max_bill_amt,False,False
taiwan,ablation_full_features,lightgbm,14,67920,total_pay_amt,0.05470129071327942,-0.009042422415856281,16,-1.0,total_pay_amt,False,False
taiwan,ablation_full_features,lightgbm,14,67920,severe_delay_count,0.04891133448119561,-0.004123722999459037,17,-1.0,severe_delay_count,False,False
taiwan,ablation_full_features,lightgbm,14,67920,total_bill_amt,0.04593093899454828,-0.006903169366778949,18,-1.0,total_bill_amt,False,False
taiwan,ablation_full_features,lightgbm,14,67920,recent_payment_intensity,0.045833055360460756,0.010114657514763394,19,1.0,recent_payment_intensity,False,False
taiwan,ablation_full_features,lightgbm,14,67920,PAY_AMT6,0.0457154934984844,-0.00582737648139618,20,-1.0,PAY_AMT6,False,False
taiwan,ablation_full_features,lightgbm,14,67920,PAY_AMT4,0.0449220725564128,0.0029739359126567766,21,1.0,PAY_AMT4,False,False
taiwan,ablation_full_features,lightgbm,14,67920,PAY_3,0.036395926344773497,-0.005172056683160027,22,-1.0,PAY_3,False,False
taiwan,ablation_full_features,lightgbm,14,67920,BILL_AMT5,0.03277590405103891,0.0020038395574479523,23,1.0,BILL_AMT5,False,False
taiwan,ablation_full_features,lightgbm,14,67920,AGE,0.0324285516788616,0.0006067237472378559,24,1.0,AGE,False,False
taiwan,ablation_full_features,lightgbm,14,67920,payment_volatility,0.02916912126533773,-0.00499782917430329,25,-1.0,payment_volatility,False,False
taiwan,ablation_full_features,lightgbm,14,67920,EDUCATION_2,0.02905605951811412,0.0006832695313510664,26,1.0,EDUCATION,False,False
taiwan,ablation_full_features,lightgbm,14,67920,BILL_AMT3,0.028278331918769127,0.015924393490875516,27,1.0,BILL_AMT3,False,False
taiwan,ablation_full_features,lightgbm,14,67920,BILL_AMT2,0.027813051730296034,-0.0013012681722574667,28,-1.0,BILL_AMT2,False,False
taiwan,ablation_full_features,lightgbm,14,67920,BILL_AMT4,0.027687213949562577,0.007745241027277061,29,1.0,BILL_AMT4,False,False
taiwan,ablation_full_features,lightgbm,14,67920,max_pay_amt,0.02705384667169878,0.000432056121031104,30,1.0,max_pay_amt,False,False
taiwan,ablation_full_features,lightgbm,14,67920,EDUCATION_4,0.02554961242911935,-0.00013097400347287987,31,-1.0,EDUCATION,False,False
taiwan,ablation_full_features,lightgbm,14,67920,PAY_AMT5,0.024810904004873496,0.0020099784027400743,32,1.0,PAY_AMT5,False,False
taiwan,ablation_full_features,lightgbm,14,67920,BILL_AMT6,0.023190663189548946,0.003420803354450956,33,1.0,BILL_AMT6,False,False
taiwan,ablation_full_features,lightgbm,14,67920,MARRIAGE_1,0.01820375895357052,-0.0010108523566856374,34,-1.0,MARRIAGE,False,False
taiwan,ablation_full_features,lightgbm,14,67920,PAY_6,0.017360228001442022,0.00946407396276154,35,1.0,PAY_6,False,False
taiwan,ablation_full_features,lightgbm,14,67920,SEX_1,0.015533577817714502,0.00034061843814085004,36,1.0,SEX,False,False
taiwan,ablation_full_features,lightgbm,14,67920,MARRIAGE_2,0.014696324073127914,0.00011598970481693286,37,1.0,MARRIAGE,False,False
taiwan,ablation_full_features,lightgbm,14,67920,PAY_2,0.011757469318773918,-0.0009105064904400096,38,-1.0,PAY_2,False,False
taiwan,ablation_full_features,lightgbm,14,67920,avg_pay_amt,0.008223788476585173,-0.002532585831595043,39,-1.0,avg_pay_amt,False,False
taiwan,ablation_full_features,lightgbm,14,67920,PAY_5,0.007335345849609459,0.00047817838456720675,40,1.0,PAY_5,False,False
taiwan,ablation_full_features,lightgbm,14,67920,EDUCATION_1,0.007202121381012172,0.0003295920435682453,41,1.0,EDUCATION,False,False
taiwan,ablation_full_features,lightgbm,14,67920,SEX_2,0.0053682031018311115,0.0001967741597497932,42,1.0,SEX,False,False
taiwan,ablation_full_features,lightgbm,14,67920,PAY_4,0.005257192561661281,0.0008266439656400196,43,1.0,PAY_4,False,False
taiwan,ablation_full_features,lightgbm,14,67920,avg_bill_amt,0.0026206030279131327,0.0017756372478972924,44,1.0,avg_bill_amt,False,False
taiwan,ablation_full_features,lightgbm,14,67920,EDUCATION_3,0.002042577644555499,-2.162276721361812e-05,45,-1.0,EDUCATION,False,False
taiwan,ablation_full_features,lightgbm,14,67920,MARRIAGE_3,0.0006810281714204463,4.3409033873544795e-05,46,1.0,MARRIAGE,False,False
taiwan,ablation_full_features,lightgbm,15,786037,recent_delay,0.244941622238241,-0.004071614527026532,1,-1.0,recent_delay,True,True
taiwan,ablation_full_features,lightgbm,15,786037,PAY_0,0.2209665030447065,-0.05492364970026993,2,-1.0,PAY_0,True,True
taiwan,ablation_full_features,lightgbm,15,786037,max_delay,0.1913314103077624,0.022121809989968474,3,1.0,max_delay,True,True
taiwan,ablation_full_features,lightgbm,15,786037,utilization_proxy,0.17019876896303296,0.0049549486263940155,4,1.0,utilization_proxy,True,True
taiwan,ablation_full_features,lightgbm,15,786037,LIMIT_BAL,0.14279924520642384,0.0013122686928068053,5,1.0,LIMIT_BAL,True,True
taiwan,ablation_full_features,lightgbm,15,786037,delay_count,0.13402743770862735,0.031508803588201253,6,1.0,delay_count,False,True
taiwan,ablation_full_features,lightgbm,15,786037,PAY_AMT1,0.07895529552545644,0.0028618868465022014,7,1.0,PAY_AMT1,False,True
taiwan,ablation_full_features,lightgbm,15,786037,bill_trend,0.07294856554199973,-0.008980615645291408,8,-1.0,bill_trend,False,True
taiwan,ablation_full_features,lightgbm,15,786037,BILL_AMT1,0.07226566958001031,0.002635489385889815,9,1.0,BILL_AMT1,False,True
taiwan,ablation_full_features,lightgbm,15,786037,payment_to_bill_ratio,0.0706366973050496,0.0003783033179181473,10,1.0,payment_to_bill_ratio,False,True
taiwan,ablation_full_features,lightgbm,15,786037,PAY_AMT2,0.07047610599687819,0.0015427760479140057,11,1.0,PAY_AMT2,False,False
taiwan,ablation_full_features,lightgbm,15,786037,avg_delay,0.0697776126629212,-0.012482828987573507,12,-1.0,avg_delay,False,False
taiwan,ablation_full_features,lightgbm,15,786037,bill_volatility,0.06745710005499522,-0.0029904472548788856,13,-1.0,bill_volatility,False,False
taiwan,ablation_full_features,lightgbm,15,786037,PAY_AMT3,0.06506923561957381,-0.006990247371603749,14,-1.0,PAY_AMT3,False,False
taiwan,ablation_full_features,lightgbm,15,786037,total_pay_amt,0.06133330088333745,-0.0026128590436351735,15,-1.0,total_pay_amt,False,False
taiwan,ablation_full_features,lightgbm,15,786037,max_bill_amt,0.05874507370145227,-0.007315622211510076,16,-1.0,max_bill_amt,False,False
taiwan,ablation_full_features,lightgbm,15,786037,BILL_AMT5,0.051682293583224605,0.018762860692621983,17,1.0,BILL_AMT5,False,False
taiwan,ablation_full_features,lightgbm,15,786037,PAY_AMT4,0.04995912044449982,0.000532666540457794,18,1.0,PAY_AMT4,False,False
taiwan,ablation_full_features,lightgbm,15,786037,PAY_AMT6,0.04384458817580171,-0.0030900607651076933,19,-1.0,PAY_AMT6,False,False
taiwan,ablation_full_features,lightgbm,15,786037,recent_payment_intensity,0.043361507078072944,-0.0005469919998360384,20,-1.0,recent_payment_intensity,False,False
taiwan,ablation_full_features,lightgbm,15,786037,total_bill_amt,0.03908690331319011,-0.00285971301610986,21,-1.0,total_bill_amt,False,False
taiwan,ablation_full_features,lightgbm,15,786037,PAY_3,0.03649601914742941,-0.015674484721246596,22,-1.0,PAY_3,False,False
taiwan,ablation_full_features,lightgbm,15,786037,BILL_AMT6,0.03440712132956241,0.0010611795789918662,23,1.0,BILL_AMT6,False,False
taiwan,ablation_full_features,lightgbm,15,786037,BILL_AMT2,0.03152581741886318,0.004900040218635378,24,1.0,BILL_AMT2,False,False
taiwan,ablation_full_features,lightgbm,15,786037,AGE,0.030510893809813023,0.001667590018005496,25,1.0,AGE,False,False
taiwan,ablation_full_features,lightgbm,15,786037,BILL_AMT4,0.030199025104526073,0.00771082355069834,26,1.0,BILL_AMT4,False,False
taiwan,ablation_full_features,lightgbm,15,786037,payment_volatility,0.027442158399131743,-0.002209877527841085,27,-1.0,payment_volatility,False,False
taiwan,ablation_full_features,lightgbm,15,786037,max_pay_amt,0.02643352860522078,-0.00014947048964218776,28,-1.0,max_pay_amt,False,False
taiwan,ablation_full_features,lightgbm,15,786037,EDUCATION_2,0.025318199298946274,-1.3038248466641741e-05,29,-1.0,EDUCATION,False,False
taiwan,ablation_full_features,lightgbm,15,786037,EDUCATION_4,0.024694563704921985,-0.0004431513080596673,30,-1.0,EDUCATION,False,False
taiwan,ablation_full_features,lightgbm,15,786037,severe_delay_count,0.02336409954644942,-0.0028388372848230717,31,-1.0,severe_delay_count,False,False
taiwan,ablation_full_features,lightgbm,15,786037,PAY_AMT5,0.023242337860483603,-0.00018372809450845266,32,-1.0,PAY_AMT5,False,False
taiwan,ablation_full_features,lightgbm,15,786037,BILL_AMT3,0.020260747828879103,0.005947932576969231,33,1.0,BILL_AMT3,False,False
taiwan,ablation_full_features,lightgbm,15,786037,MARRIAGE_1,0.01852637700638171,0.0006335619124238148,34,1.0,MARRIAGE,False,False
taiwan,ablation_full_features,lightgbm,15,786037,MARRIAGE_2,0.017831189071953312,-0.0006706299851072273,35,-1.0,MARRIAGE,False,False
taiwan,ablation_full_features,lightgbm,15,786037,SEX_1,0.017632672248789977,0.00043760426780058316,36,1.0,SEX,False,False
taiwan,ablation_full_features,lightgbm,15,786037,PAY_6,0.017399005702404775,0.003495304307377644,37,1.0,PAY_6,False,False
taiwan,ablation_full_features,lightgbm,15,786037,avg_pay_amt,0.009296684580632677,-0.0008056964411806022,38,-1.0,avg_pay_amt,False,False
taiwan,ablation_full_features,lightgbm,15,786037,PAY_2,0.008459863749618681,-0.0020953783736976424,39,-1.0,PAY_2,False,False
taiwan,ablation_full_features,lightgbm,15,786037,avg_bill_amt,0.007943173218025974,3.1481590554550004e-05,40,1.0,avg_bill_amt,False,False
taiwan,ablation_full_features,lightgbm,15,786037,EDUCATION_1,0.0064466440876996545,0.0007315435968207457,41,1.0,EDUCATION,False,False
taiwan,ablation_full_features,lightgbm,15,786037,PAY_4,0.006154678007369718,-0.00010097794411945351,42,-1.0,PAY_4,False,False
taiwan,ablation_full_features,lightgbm,15,786037,PAY_5,0.005891500062986553,-0.000733358549962167,43,-1.0,PAY_5,False,False
taiwan,ablation_full_features,lightgbm,15,786037,SEX_2,0.0030450781086274427,-6.680843192311957e-05,44,-1.0,SEX,False,False
taiwan,ablation_full_features,lightgbm,15,786037,EDUCATION_3,0.0018792842322805986,5.212861605739938e-05,45,1.0,EDUCATION,False,False
taiwan,ablation_full_features,lightgbm,15,786037,MARRIAGE_3,0.00040937021874828873,1.668478770118043e-05,46,1.0,MARRIAGE,False,False
taiwan,ablation_full_features,lightgbm,16,526458,recent_delay,0.2729404822592056,-0.013757223939700915,1,-1.0,recent_delay,True,True
taiwan,ablation_full_features,lightgbm,16,526458,PAY_0,0.1967586824514318,-0.050221632716463016,2,-1.0,PAY_0,True,True
taiwan,ablation_full_features,lightgbm,16,526458,max_delay,0.17525447282763928,0.017055501697378822,3,1.0,max_delay,True,True
taiwan,ablation_full_features,lightgbm,16,526458,utilization_proxy,0.16495352422710288,0.00525452375055349,4,1.0,utilization_proxy,True,True
taiwan,ablation_full_features,lightgbm,16,526458,delay_count,0.14981400220618823,0.03530440376662409,5,1.0,delay_count,True,True
taiwan,ablation_full_features,lightgbm,16,526458,LIMIT_BAL,0.14382767957431872,-0.0022441578849013133,6,-1.0,LIMIT_BAL,False,True
taiwan,ablation_full_features,lightgbm,16,526458,payment_to_bill_ratio,0.08626470155297498,-0.0044753765363260865,7,-1.0,payment_to_bill_ratio,False,True
taiwan,ablation_full_features,lightgbm,16,526458,PAY_AMT1,0.07337993772778048,0.006442664147577215,8,1.0,PAY_AMT1,False,True
taiwan,ablation_full_features,lightgbm,16,526458,PAY_AMT2,0.07204082791679552,-0.0017773705462851928,9,-1.0,PAY_AMT2,False,True
taiwan,ablation_full_features,lightgbm,16,526458,bill_trend,0.07043673957093351,-0.007079033327555246,10,-1.0,bill_trend,False,True
taiwan,ablation_full_features,lightgbm,16,526458,avg_delay,0.07035367869782146,-0.011320496364507214,11,-1.0,avg_delay,False,False
taiwan,ablation_full_features,lightgbm,16,526458,BILL_AMT1,0.06862112276852626,0.006368454786872037,12,1.0,BILL_AMT1,False,False
taiwan,ablation_full_features,lightgbm,16,526458,bill_volatility,0.06854945338011141,0.008685230707249083,13,1.0,bill_volatility,False,False
taiwan,ablation_full_features,lightgbm,16,526458,PAY_AMT3,0.06651612270601029,-0.012513971580783689,14,-1.0,PAY_AMT3,False,False
taiwan,ablation_full_features,lightgbm,16,526458,max_bill_amt,0.062069388991412344,-0.011912177673994257,15,-1.0,max_bill_amt,False,False
taiwan,ablation_full_features,lightgbm,16,526458,total_pay_amt,0.05935120153721806,-0.001385551301737118,16,-1.0,total_pay_amt,False,False
taiwan,ablation_full_features,lightgbm,16,526458,BILL_AMT5,0.0514368378630026,0.009270259495239654,17,1.0,BILL_AMT5,False,False
taiwan,ablation_full_features,lightgbm,16,526458,PAY_AMT4,0.045302087706825506,-0.002577184509002684,18,-1.0,PAY_AMT4,False,False
taiwan,ablation_full_features,lightgbm,16,526458,PAY_AMT6,0.044779216863412054,0.0008056210041185256,19,1.0,PAY_AMT6,False,False
taiwan,ablation_full_features,lightgbm,16,526458,recent_payment_intensity,0.04348029897353215,0.006080879222826719,20,1.0,recent_payment_intensity,False,False
taiwan,ablation_full_features,lightgbm,16,526458,total_bill_amt,0.03919566730944183,9.501410051712402e-05,21,1.0,total_bill_amt,False,False
taiwan,ablation_full_features,lightgbm,16,526458,BILL_AMT2,0.03488407827424875,-0.001536842421642204,22,-1.0,BILL_AMT2,False,False
taiwan,ablation_full_features,lightgbm,16,526458,PAY_3,0.03296168988850311,-0.010012542710106286,23,-1.0,PAY_3,False,False
taiwan,ablation_full_features,lightgbm,16,526458,AGE,0.03252943100584523,0.0012876493063348135,24,1.0,AGE,False,False
taiwan,ablation_full_features,lightgbm,16,526458,BILL_AMT6,0.02834211024694447,0.0018275405668217858,25,1.0,BILL_AMT6,False,False
taiwan,ablation_full_features,lightgbm,16,526458,BILL_AMT4,0.028171615967336815,0.008201853333673167,26,1.0,BILL_AMT4,False,False
taiwan,ablation_full_features,lightgbm,16,526458,EDUCATION_4,0.02648013842834984,-0.0003352860499709377,27,-1.0,EDUCATION,False,False
taiwan,ablation_full_features,lightgbm,16,526458,max_pay_amt,0.026415266726107438,-0.005483976616739234,28,-1.0,max_pay_amt,False,False
taiwan,ablation_full_features,lightgbm,16,526458,EDUCATION_2,0.02640159948158933,0.0003530369374379562,29,1.0,EDUCATION,False,False
taiwan,ablation_full_features,lightgbm,16,526458,payment_volatility,0.025392842245669053,0.0016480628798865157,30,1.0,payment_volatility,False,False
taiwan,ablation_full_features,lightgbm,16,526458,PAY_AMT5,0.025000732502024482,0.0005617024362052174,31,1.0,PAY_AMT5,False,False
taiwan,ablation_full_features,lightgbm,16,526458,severe_delay_count,0.024964488175246057,-0.00557594417456974,32,-1.0,severe_delay_count,False,False
taiwan,ablation_full_features,lightgbm,16,526458,BILL_AMT3,0.022623839061938638,0.007228314722853859,33,1.0,BILL_AMT3,False,False
taiwan,ablation_full_features,lightgbm,16,526458,MARRIAGE_2,0.0211403167260225,-0.0005057870127468008,34,-1.0,MARRIAGE,False,False
taiwan,ablation_full_features,lightgbm,16,526458,PAY_6,0.01915169975442982,0.00499066235312018,35,1.0,PAY_6,False,False
taiwan,ablation_full_features,lightgbm,16,526458,SEX_1,0.018687491842155197,-0.00017984624534785347,36,-1.0,SEX,False,False
taiwan,ablation_full_features,lightgbm,16,526458,MARRIAGE_1,0.013903001790957601,0.0007743110136738143,37,1.0,MARRIAGE,False,False
taiwan,ablation_full_features,lightgbm,16,526458,PAY_2,0.012075682489970553,-0.0018322847837871574,38,-1.0,PAY_2,False,False
taiwan,ablation_full_features,lightgbm,16,526458,PAY_4,0.0065656129111777446,0.002375673783966068,39,1.0,PAY_4,False,False
taiwan,ablation_full_features,lightgbm,16,526458,EDUCATION_1,0.006097026308832602,0.0001664338409490238,40,1.0,EDUCATION,False,False
taiwan,ablation_full_features,lightgbm,16,526458,avg_pay_amt,0.005449482698254795,0.0005988127288602744,41,1.0,avg_pay_amt,False,False
taiwan,ablation_full_features,lightgbm,16,526458,PAY_5,0.005367618194743842,0.0006848442118432631,42,1.0,PAY_5,False,False
taiwan,ablation_full_features,lightgbm,16,526458,avg_bill_amt,0.0035164090554445806,0.0006985748201713412,43,1.0,avg_bill_amt,False,False
taiwan,ablation_full_features,lightgbm,16,526458,SEX_2,0.0026060927260450452,-0.0001510577337400047,44,-1.0,SEX,False,False
taiwan,ablation_full_features,lightgbm,16,526458,EDUCATION_3,0.0023207564354399686,0.00010262687095752099,45,1.0,EDUCATION,False,False
taiwan,ablation_full_features,lightgbm,16,526458,MARRIAGE_3,0.00035199429055357887,1.2173999218564854e-05,46,1.0,MARRIAGE,False,False
taiwan,ablation_full_features,lightgbm,17,500337,recent_delay,0.24539837411523283,-0.009000501931927647,1,-1.0,recent_delay,True,True
taiwan,ablation_full_features,lightgbm,17,500337,PAY_0,0.21486608208673622,-0.0511273055252823,2,-1.0,PAY_0,True,True
taiwan,ablation_full_features,lightgbm,17,500337,delay_count,0.17981366998782333,0.03669872038521478,3,1.0,delay_count,True,True
taiwan,ablation_full_features,lightgbm,17,500337,utilization_proxy,0.1591816098817842,0.013252773037027533,4,1.0,utilization_proxy,True,True
taiwan,ablation_full_features,lightgbm,17,500337,LIMIT_BAL,0.14751013803430454,0.005931931412705152,5,1.0,LIMIT_BAL,True,True
taiwan,ablation_full_features,lightgbm,17,500337,max_delay,0.11471378519715912,0.010933053016030795,6,1.0,max_delay,False,True
taiwan,ablation_full_features,lightgbm,17,500337,PAY_AMT1,0.08531864461915532,-0.0019132839979001622,7,-1.0,PAY_AMT1,False,True
taiwan,ablation_full_features,lightgbm,17,500337,payment_to_bill_ratio,0.0758799222513015,-0.005361763508124915,8,-1.0,payment_to_bill_ratio,False,True
taiwan,ablation_full_features,lightgbm,17,500337,PAY_AMT3,0.07070693614752901,-0.01072125400120271,9,-1.0,PAY_AMT3,False,True
taiwan,ablation_full_features,lightgbm,17,500337,bill_trend,0.06921314548403511,-0.001554731385115091,10,-1.0,bill_trend,False,True
taiwan,ablation_full_features,lightgbm,17,500337,BILL_AMT1,0.0689631770003306,-0.005849258883277819,11,-1.0,BILL_AMT1,False,False
taiwan,ablation_full_features,lightgbm,17,500337,PAY_AMT2,0.06596705054839774,-0.005257310262062243,12,-1.0,PAY_AMT2,False,False
taiwan,ablation_full_features,lightgbm,17,500337,max_bill_amt,0.06569052141850884,-0.010414381888184018,13,-1.0,max_bill_amt,False,False
taiwan,ablation_full_features,lightgbm,17,500337,avg_delay,0.06371504854811703,-0.011788651322551573,14,-1.0,avg_delay,False,False
taiwan,ablation_full_features,lightgbm,17,500337,bill_volatility,0.0592929434635675,9.765167608504155e-05,15,1.0,bill_volatility,False,False
taiwan,ablation_full_features,lightgbm,17,500337,total_pay_amt,0.056601068142168066,-0.008150600036451005,16,-1.0,total_pay_amt,False,False
taiwan,ablation_full_features,lightgbm,17,500337,severe_delay_count,0.05255920648500016,0.0008054714150851162,17,1.0,severe_delay_count,False,False
taiwan,ablation_full_features,lightgbm,17,500337,recent_payment_intensity,0.044120475124353416,0.0062989904454823446,18,1.0,recent_payment_intensity,False,False
taiwan,ablation_full_features,lightgbm,17,500337,PAY_AMT6,0.042745726576673956,0.0004269683548541471,19,1.0,PAY_AMT6,False,False
taiwan,ablation_full_features,lightgbm,17,500337,PAY_AMT4,0.0423125947729252,0.0031671218590072245,20,1.0,PAY_AMT4,False,False
taiwan,ablation_full_features,lightgbm,17,500337,PAY_3,0.04008467882655708,-0.009567935169757341,21,-1.0,PAY_3,False,False
taiwan,ablation_full_features,lightgbm,17,500337,total_bill_amt,0.037203396529148766,0.0011575337466210559,22,1.0,total_bill_amt,False,False
taiwan,ablation_full_features,lightgbm,17,500337,BILL_AMT5,0.03418308159653674,0.008663202372947765,23,1.0,BILL_AMT5,False,False
taiwan,ablation_full_features,lightgbm,17,500337,payment_volatility,0.033576831889812135,-0.0014977624968608846,24,-1.0,payment_volatility,False,False
taiwan,ablation_full_features,lightgbm,17,500337,AGE,0.031815829281967745,0.001059110137628503,25,1.0,AGE,False,False
taiwan,ablation_full_features,lightgbm,17,500337,BILL_AMT2,0.029990256337135895,-0.00013506069351561817,26,-1.0,BILL_AMT2,False,False
taiwan,ablation_full_features,lightgbm,17,500337,EDUCATION_2,0.029796867220078876,0.0007438466251661012,27,1.0,EDUCATION,False,False
taiwan,ablation_full_features,lightgbm,17,500337,BILL_AMT6,0.028774377167717816,0.00612667125147521,28,1.0,BILL_AMT6,False,False
taiwan,ablation_full_features,lightgbm,17,500337,BILL_AMT4,0.027223412156840845,0.006253503717211854,29,1.0,BILL_AMT4,False,False
taiwan,ablation_full_features,lightgbm,17,500337,max_pay_amt,0.02693191361923353,0.0002404710647893236,30,1.0,max_pay_amt,False,False
taiwan,ablation_full_features,lightgbm,17,500337,BILL_AMT3,0.02496786989957937,0.011416388134031254,31,1.0,BILL_AMT3,False,False
taiwan,ablation_full_features,lightgbm,17,500337,EDUCATION_4,0.024826512231024323,-0.00040339059372498356,32,-1.0,EDUCATION,False,False
taiwan,ablation_full_features,lightgbm,17,500337,PAY_AMT5,0.023853201197656583,-0.0022039306261509187,33,-1.0,PAY_AMT5,False,False
taiwan,ablation_full_features,lightgbm,17,500337,SEX_1,0.023295845296325102,0.00023896424171179623,34,1.0,SEX,False,False
taiwan,ablation_full_features,lightgbm,17,500337,MARRIAGE_2,0.01815062286044037,-0.0005004781702038717,35,-1.0,MARRIAGE,False,False
taiwan,ablation_full_features,lightgbm,17,500337,MARRIAGE_1,0.015746660835154348,0.00039012167428613664,36,1.0,MARRIAGE,False,False
taiwan,ablation_full_features,lightgbm,17,500337,PAY_6,0.015348485111346247,0.0042995259600877465,37,1.0,PAY_6,False,False
taiwan,ablation_full_features,lightgbm,17,500337,avg_bill_amt,0.012027070562740591,-0.0018925280907128121,38,-1.0,avg_bill_amt,False,False
taiwan,ablation_full_features,lightgbm,17,500337,PAY_2,0.011848432095847407,-0.0026589369547695275,39,-1.0,PAY_2,False,False
taiwan,ablation_full_features,lightgbm,17,500337,PAY_5,0.008605558410863159,-9.054705678989504e-05,40,-1.0,PAY_5,False,False
taiwan,ablation_full_features,lightgbm,17,500337,avg_pay_amt,0.0077282745322917335,0.0004943545394190121,41,1.0,avg_pay_amt,False,False
taiwan,ablation_full_features,lightgbm,17,500337,EDUCATION_1,0.005904421927351878,0.00029470069351571513,42,1.0,EDUCATION,False,False
taiwan,ablation_full_features,lightgbm,17,500337,PAY_4,0.005828777570651816,-0.0003316312375340663,43,-1.0,PAY_4,False,False
taiwan,ablation_full_features,lightgbm,17,500337,EDUCATION_3,0.002410183420055731,0.0002380609997735012,44,1.0,EDUCATION,False,False
taiwan,ablation_full_features,lightgbm,17,500337,SEX_2,0.0015801983961556158,8.344083368652303e-05,45,1.0,SEX,False,False
taiwan,ablation_full_features,lightgbm,17,500337,MARRIAGE_3,0.0004285603148834226,2.2553791472095307e-05,46,1.0,MARRIAGE,False,False
taiwan,ablation_full_features,lightgbm,18,758081,recent_delay,0.25170442392284337,-0.010431217301987181,1,-1.0,recent_delay,True,True
taiwan,ablation_full_features,lightgbm,18,758081,PAY_0,0.21529712478415805,-0.0550253237127119,2,-1.0,PAY_0,True,True
taiwan,ablation_full_features,lightgbm,18,758081,delay_count,0.1715191927922588,0.037334199300869814,3,1.0,delay_count,True,True
taiwan,ablation_full_features,lightgbm,18,758081,utilization_proxy,0.15916930124055492,0.011606488547932984,4,1.0,utilization_proxy,True,True
taiwan,ablation_full_features,lightgbm,18,758081,LIMIT_BAL,0.14805109022555438,0.006149665069937779,5,1.0,LIMIT_BAL,True,True
taiwan,ablation_full_features,lightgbm,18,758081,max_delay,0.14193267365158832,0.011674158168303857,6,1.0,max_delay,False,True
taiwan,ablation_full_features,lightgbm,18,758081,PAY_AMT1,0.08516534531697541,0.0017676763686026347,7,1.0,PAY_AMT1,False,True
taiwan,ablation_full_features,lightgbm,18,758081,payment_to_bill_ratio,0.07657268447061578,-0.004030662104203906,8,-1.0,payment_to_bill_ratio,False,True
taiwan,ablation_full_features,lightgbm,18,758081,avg_delay,0.07625174082412116,-0.012632715698338275,9,-1.0,avg_delay,False,True
taiwan,ablation_full_features,lightgbm,18,758081,PAY_AMT2,0.07497467442242389,-5.5763211865897725e-05,10,-1.0,PAY_AMT2,False,True
taiwan,ablation_full_features,lightgbm,18,758081,bill_trend,0.07247350220706886,-0.004563112617250118,11,-1.0,bill_trend,False,False
taiwan,ablation_full_features,lightgbm,18,758081,max_bill_amt,0.06814334425931329,-0.005594200897408455,12,-1.0,max_bill_amt,False,False
taiwan,ablation_full_features,lightgbm,18,758081,bill_volatility,0.06738343529298871,-0.0017629384729607451,13,-1.0,bill_volatility,False,False
taiwan,ablation_full_features,lightgbm,18,758081,BILL_AMT1,0.06480609483405134,-0.009286555997963561,14,-1.0,BILL_AMT1,False,False
taiwan,ablation_full_features,lightgbm,18,758081,PAY_AMT3,0.06058782655399204,-0.005333341550180778,15,-1.0,PAY_AMT3,False,False
taiwan,ablation_full_features,lightgbm,18,758081,total_pay_amt,0.050062823966532714,-0.004753966481625509,16,-1.0,total_pay_amt,False,False
taiwan,ablation_full_features,lightgbm,18,758081,total_bill_amt,0.04862122858401883,-0.0032308348931755627,17,-1.0,total_bill_amt,False,False
taiwan,ablation_full_features,lightgbm,18,758081,PAY_AMT4,0.04606852710243736,0.003084444657331791,18,1.0,PAY_AMT4,False,False
taiwan,ablation_full_features,lightgbm,18,758081,recent_payment_intensity,0.0452673573545841,-0.004505442922375879,19,-1.0,recent_payment_intensity,False,False
taiwan,ablation_full_features,lightgbm,18,758081,BILL_AMT5,0.044000659295067586,0.0141561156551427,20,1.0,BILL_AMT5,False,False
taiwan,ablation_full_features,lightgbm,18,758081,PAY_AMT6,0.04131167707754688,0.002827243817686958,21,1.0,PAY_AMT6,False,False
taiwan,ablation_full_features,lightgbm,18,758081,PAY_3,0.03625947295738879,-0.0033543741863715066,22,-1.0,PAY_3,False,False
taiwan,ablation_full_features,lightgbm,18,758081,AGE,0.0326835866622448,-7.44846438736664e-05,23,-1.0,AGE,False,False
taiwan,ablation_full_features,lightgbm,18,758081,BILL_AMT6,0.032106599506639216,-5.67010783312823e-05,24,-1.0,BILL_AMT6,False,False
taiwan,ablation_full_features,lightgbm,18,758081,payment_volatility,0.031700262873704525,-0.00380453020015725,25,-1.0,payment_volatility,False,False
taiwan,ablation_full_features,lightgbm,18,758081,BILL_AMT4,0.03044291311499799,0.009179538506391603,26,1.0,BILL_AMT4,False,False
taiwan,ablation_full_features,lightgbm,18,758081,BILL_AMT2,0.027346714373213288,0.002797706742416752,27,1.0,BILL_AMT2,False,False
taiwan,ablation_full_features,lightgbm,18,758081,PAY_AMT5,0.026874911371040772,-0.0033496209997698483,28,-1.0,PAY_AMT5,False,False
taiwan,ablation_full_features,lightgbm,18,758081,EDUCATION_4,0.026197314307865083,-0.0003840845405896854,29,-1.0,EDUCATION,False,False
taiwan,ablation_full_features,lightgbm,18,758081,max_pay_amt,0.025405028755516316,-0.002001599648890622,30,-1.0,max_pay_amt,False,False
taiwan,ablation_full_features,lightgbm,18,758081,severe_delay_count,0.023367042306348167,-0.003224749521524227,31,-1.0,severe_delay_count,False,False
taiwan,ablation_full_features,lightgbm,18,758081,MARRIAGE_1,0.022635224801708858,0.0005965518515614242,32,1.0,MARRIAGE,False,False
taiwan,ablation_full_features,lightgbm,18,758081,BILL_AMT3,0.021535380076643303,0.004375156109680731,33,1.0,BILL_AMT3,False,False
taiwan,ablation_full_features,lightgbm,18,758081,SEX_1,0.020513713753601576,0.00044572600153858807,34,1.0,SEX,False,False
taiwan,ablation_full_features,lightgbm,18,758081,EDUCATION_2,0.019083496652374254,0.00035340501710527645,35,1.0,EDUCATION,False,False
taiwan,ablation_full_features,lightgbm,18,758081,PAY_6,0.017029629948379244,0.00794732807975399,36,1.0,PAY_6,False,False
taiwan,ablation_full_features,lightgbm,18,758081,MARRIAGE_2,0.012974906170477894,-0.0006924848031085408,37,-1.0,MARRIAGE,False,False
taiwan,ablation_full_features,lightgbm,18,758081,PAY_2,0.012172819340706735,-0.0017864721820305923,38,-1.0,PAY_2,False,False
taiwan,ablation_full_features,lightgbm,18,758081,EDUCATION_1,0.0073687736834944385,0.0004780158799352321,39,1.0,EDUCATION,False,False
taiwan,ablation_full_features,lightgbm,18,758081,avg_bill_amt,0.007216844470311604,-0.00045493457923609387,40,-1.0,avg_bill_amt,False,False
taiwan,ablation_full_features,lightgbm,18,758081,PAY_5,0.006973575795795829,0.0005781164692362662,41,1.0,PAY_5,False,False
taiwan,ablation_full_features,lightgbm,18,758081,avg_pay_amt,0.006772060163089839,0.0024876327116809026,42,1.0,avg_pay_amt,False,False
taiwan,ablation_full_features,lightgbm,18,758081,PAY_4,0.005408529314950017,0.0005528899431193757,43,1.0,PAY_4,False,False
taiwan,ablation_full_features,lightgbm,18,758081,SEX_2,0.0033920623547621905,-5.152469091689282e-05,44,-1.0,SEX,False,False
taiwan,ablation_full_features,lightgbm,18,758081,EDUCATION_3,0.002789009350020002,0.00016684528802700076,45,1.0,EDUCATION,False,False
taiwan,ablation_full_features,lightgbm,18,758081,MARRIAGE_3,0.0006503486004892979,7.666055007666747e-05,46,1.0,MARRIAGE,False,False
taiwan,ablation_full_features,lightgbm,19,201462,recent_delay,0.23942811471974182,-0.0061411304271801635,1,-1.0,recent_delay,True,True
taiwan,ablation_full_features,lightgbm,19,201462,PAY_0,0.23654025797016145,-0.05550187974832523,2,-1.0,PAY_0,True,True
taiwan,ablation_full_features,lightgbm,19,201462,delay_count,0.18760731395018782,0.04265420621415083,3,1.0,delay_count,True,True
taiwan,ablation_full_features,lightgbm,19,201462,utilization_proxy,0.16747563530508408,0.010230544382451861,4,1.0,utilization_proxy,True,True
taiwan,ablation_full_features,lightgbm,19,201462,LIMIT_BAL,0.14138108005004488,-0.00028176348481058613,5,-1.0,LIMIT_BAL,True,True
taiwan,ablation_full_features,lightgbm,19,201462,max_delay,0.11250575545243408,0.010815574213593415,6,1.0,max_delay,False,True
taiwan,ablation_full_features,lightgbm,19,201462,PAY_AMT1,0.08130564623914976,0.004590743537793791,7,1.0,PAY_AMT1,False,True
taiwan,ablation_full_features,lightgbm,19,201462,bill_volatility,0.07601027235892263,0.004010902761424016,8,1.0,bill_volatility,False,True
taiwan,ablation_full_features,lightgbm,19,201462,payment_to_bill_ratio,0.07484562091356241,-0.007258263859291422,9,-1.0,payment_to_bill_ratio,False,True
taiwan,ablation_full_features,lightgbm,19,201462,bill_trend,0.07065831130484795,-0.008858284461482666,10,-1.0,bill_trend,False,True
taiwan,ablation_full_features,lightgbm,19,201462,BILL_AMT1,0.06901631792622401,0.004172106557115398,11,1.0,BILL_AMT1,False,False
taiwan,ablation_full_features,lightgbm,19,201462,avg_delay,0.06858752371888421,-0.010281112173558642,12,-1.0,avg_delay,False,False
taiwan,ablation_full_features,lightgbm,19,201462,PAY_AMT3,0.06649282592309694,-0.008302314888240282,13,-1.0,PAY_AMT3,False,False
taiwan,ablation_full_features,lightgbm,19,201462,PAY_AMT2,0.06637899463841541,-0.003299028034388947,14,-1.0,PAY_AMT2,False,False
taiwan,ablation_full_features,lightgbm,19,201462,total_pay_amt,0.0661940010654633,-0.0035989934397216376,15,-1.0,total_pay_amt,False,False
taiwan,ablation_full_features,lightgbm,19,201462,max_bill_amt,0.06083089226197845,-0.007977785033434118,16,-1.0,max_bill_amt,False,False
taiwan,ablation_full_features,lightgbm,19,201462,BILL_AMT5,0.048558417678288675,0.021534004325830785,17,1.0,BILL_AMT5,False,False
taiwan,ablation_full_features,lightgbm,19,201462,PAY_AMT4,0.04618782896939098,0.0034962517473057656,18,1.0,PAY_AMT4,False,False
taiwan,ablation_full_features,lightgbm,19,201462,PAY_AMT6,0.04429622618939473,-0.0018751106619933923,19,-1.0,PAY_AMT6,False,False
taiwan,ablation_full_features,lightgbm,19,201462,recent_payment_intensity,0.042786422432883046,0.006473180944245586,20,1.0,recent_payment_intensity,False,False
taiwan,ablation_full_features,lightgbm,19,201462,total_bill_amt,0.034139142683662096,-0.012147668912928757,21,-1.0,total_bill_amt,False,False
taiwan,ablation_full_features,lightgbm,19,201462,PAY_3,0.03320743921601557,-0.010749999768024281,22,-1.0,PAY_3,False,False
taiwan,ablation_full_features,lightgbm,19,201462,BILL_AMT4,0.033203877391250934,0.015123177392432859,23,1.0,BILL_AMT4,False,False
taiwan,ablation_full_features,lightgbm,19,201462,AGE,0.03130257431400115,0.0016728072155110054,24,1.0,AGE,False,False
taiwan,ablation_full_features,lightgbm,19,201462,BILL_AMT2,0.030675721620011597,0.0003638126280679015,25,1.0,BILL_AMT2,False,False
taiwan,ablation_full_features,lightgbm,19,201462,payment_volatility,0.029475895079205366,-0.004603751727119655,26,-1.0,payment_volatility,False,False
taiwan,ablation_full_features,lightgbm,19,201462,max_pay_amt,0.027577774455354417,-0.003766414654700829,27,-1.0,max_pay_amt,False,False
taiwan,ablation_full_features,lightgbm,19,201462,BILL_AMT6,0.026695887889319328,-0.00030703354721092166,28,-1.0,BILL_AMT6,False,False
taiwan,ablation_full_features,lightgbm,19,201462,EDUCATION_4,0.02625860625495726,-0.0002600216243943391,29,-1.0,EDUCATION,False,False
taiwan,ablation_full_features,lightgbm,19,201462,PAY_AMT5,0.02609611327195263,0.0010545325961274876,30,1.0,PAY_AMT5,False,False
taiwan,ablation_full_features,lightgbm,19,201462,BILL_AMT3,0.025153808463547516,0.007754327567111283,31,1.0,BILL_AMT3,False,False
taiwan,ablation_full_features,lightgbm,19,201462,MARRIAGE_1,0.025133512597516262,6.36623296658811e-05,32,1.0,MARRIAGE,False,False
taiwan,ablation_full_features,lightgbm,19,201462,EDUCATION_2,0.02412596934564338,0.0006901290908006224,33,1.0,EDUCATION,False,False
taiwan,ablation_full_features,lightgbm,19,201462,severe_delay_count,0.022042787931800523,-0.0022354506800077918,34,-1.0,severe_delay_count,False,False
taiwan,ablation_full_features,lightgbm,19,201462,SEX_1,0.019012726293040422,0.0005651993589227521,35,1.0,SEX,False,False
taiwan,ablation_full_features,lightgbm,19,201462,PAY_6,0.014465424665867104,0.0033342783857915805,36,1.0,PAY_6,False,False
taiwan,ablation_full_features,lightgbm,19,201462,MARRIAGE_2,0.014172607972124251,-0.00039565652273731967,37,-1.0,MARRIAGE,False,False
taiwan,ablation_full_features,lightgbm,19,201462,PAY_2,0.011869042712804069,-0.0038706535472989145,38,-1.0,PAY_2,False,False
taiwan,ablation_full_features,lightgbm,19,201462,PAY_5,0.009674725713110423,-0.0007958321430237245,39,-1.0,PAY_5,False,False
taiwan,ablation_full_features,lightgbm,19,201462,avg_bill_amt,0.006886785441993866,-0.0033368770477929044,40,-1.0,avg_bill_amt,False,False
taiwan,ablation_full_features,lightgbm,19,201462,EDUCATION_1,0.006387649524857874,0.000778056144020729,41,1.0,EDUCATION,False,False
taiwan,ablation_full_features,lightgbm,19,201462,PAY_4,0.0061927414574718094,0.0027631799720565452,42,1.0,PAY_4,False,False
taiwan,ablation_full_features,lightgbm,19,201462,avg_pay_amt,0.006167588316845528,-0.002645011119364498,43,-1.0,avg_pay_amt,False,False
taiwan,ablation_full_features,lightgbm,19,201462,SEX_2,0.003926479000411522,9.177185647722177e-05,44,1.0,SEX,False,False
taiwan,ablation_full_features,lightgbm,19,201462,EDUCATION_3,0.0024842596984294696,0.0001403707317218464,45,1.0,EDUCATION,False,False
taiwan,ablation_full_features,lightgbm,19,201462,MARRIAGE_3,0.0012730799826569388,0.0001380402918835921,46,1.0,MARRIAGE,False,False
taiwan,ablation_full_features,lightgbm,20,839722,recent_delay,0.25578898991985655,-0.01097856571353962,1,-1.0,recent_delay,True,True
taiwan,ablation_full_features,lightgbm,20,839722,PAY_0,0.21026223366181454,-0.05287273881199783,2,-1.0,PAY_0,True,True
taiwan,ablation_full_features,lightgbm,20,839722,delay_count,0.17600681442889826,0.03623681427156918,3,1.0,delay_count,True,True
taiwan,ablation_full_features,lightgbm,20,839722,utilization_proxy,0.16254979352395788,0.010249353460469159,4,1.0,utilization_proxy,True,True
taiwan,ablation_full_features,lightgbm,20,839722,LIMIT_BAL,0.1446264536802981,-0.0002023424400042409,5,-1.0,LIMIT_BAL,True,True
taiwan,ablation_full_features,lightgbm,20,839722,max_delay,0.13828849382401054,0.013852371643542038,6,1.0,max_delay,False,True
taiwan,ablation_full_features,lightgbm,20,839722,BILL_AMT1,0.08704136572153942,0.005898001342278284,7,1.0,BILL_AMT1,False,True
taiwan,ablation_full_features,lightgbm,20,839722,PAY_AMT1,0.08335979419588829,0.0029726773034957996,8,1.0,PAY_AMT1,False,True
taiwan,ablation_full_features,lightgbm,20,839722,payment_to_bill_ratio,0.07796954555424315,-0.004068890537827602,9,-1.0,payment_to_bill_ratio,False,True
taiwan,ablation_full_features,lightgbm,20,839722,PAY_AMT2,0.07164038386053474,-0.003967354205781224,10,-1.0,PAY_AMT2,False,True
taiwan,ablation_full_features,lightgbm,20,839722,bill_volatility,0.06734889227916178,0.00013605840370280113,11,1.0,bill_volatility,False,False
taiwan,ablation_full_features,lightgbm,20,839722,bill_trend,0.0650736185814745,-0.0017448060528770946,12,-1.0,bill_trend,False,False
taiwan,ablation_full_features,lightgbm,20,839722,PAY_AMT3,0.06324150525706684,-0.00535458363256647,13,-1.0,PAY_AMT3,False,False
taiwan,ablation_full_features,lightgbm,20,839722,avg_delay,0.06063675112008805,-0.010603911627139858,14,-1.0,avg_delay,False,False
taiwan,ablation_full_features,lightgbm,20,839722,max_bill_amt,0.05305665188113637,-0.00912199745376409,15,-1.0,max_bill_amt,False,False
taiwan,ablation_full_features,lightgbm,20,839722,total_pay_amt,0.05084547360187912,-0.005895946153069707,16,-1.0,total_pay_amt,False,False
taiwan,ablation_full_features,lightgbm,20,839722,PAY_AMT6,0.04612252206260634,0.0003265666208164139,17,1.0,PAY_AMT6,False,False
taiwan,ablation_full_features,lightgbm,20,839722,recent_payment_intensity,0.044108873739237726,0.007082507064042749,18,1.0,recent_payment_intensity,False,False
taiwan,ablation_full_features,lightgbm,20,839722,BILL_AMT5,0.04306559930316777,0.010559730982520015,19,1.0,BILL_AMT5,False,False
taiwan,ablation_full_features,lightgbm,20,839722,PAY_AMT4,0.040407676711845385,-0.0020280182299546013,20,-1.0,PAY_AMT4,False,False
taiwan,ablation_full_features,lightgbm,20,839722,severe_delay_count,0.037977334723067246,-0.0027814574836950417,21,-1.0,severe_delay_count,False,False
taiwan,ablation_full_features,lightgbm,20,839722,PAY_3,0.03721076268139218,-0.012221629748864794,22,-1.0,PAY_3,False,False
taiwan,ablation_full_features,lightgbm,20,839722,total_bill_amt,0.03565653492851693,-0.004825114007633763,23,-1.0,total_bill_amt,False,False
taiwan,ablation_full_features,lightgbm,20,839722,AGE,0.030690399334732305,0.0028563555804421146,24,1.0,AGE,False,False
taiwan,ablation_full_features,lightgbm,20,839722,PAY_AMT5,0.02979382702524724,0.0005559740823182272,25,1.0,PAY_AMT5,False,False
taiwan,ablation_full_features,lightgbm,20,839722,EDUCATION_2,0.02976729328082497,0.0006387033397288302,26,1.0,EDUCATION,False,False
taiwan,ablation_full_features,lightgbm,20,839722,BILL_AMT2,0.029193021578943358,-0.0031865609162043144,27,-1.0,BILL_AMT2,False,False
taiwan,ablation_full_features,lightgbm,20,839722,BILL_AMT4,0.02889869307960123,0.008895028451876456,28,1.0,BILL_AMT4,False,False
taiwan,ablation_full_features,lightgbm,20,839722,payment_volatility,0.028096088419733743,-0.002828140568810409,29,-1.0,payment_volatility,False,False
taiwan,ablation_full_features,lightgbm,20,839722,BILL_AMT6,0.026353896272875238,0.004506350972593835,30,1.0,BILL_AMT6,False,False
taiwan,ablation_full_features,lightgbm,20,839722,EDUCATION_4,0.02542978275217682,-0.0001336503901278356,31,-1.0,EDUCATION,False,False
taiwan,ablation_full_features,lightgbm,20,839722,max_pay_amt,0.025308037833628266,-0.004696201197187361,32,-1.0,max_pay_amt,False,False
taiwan,ablation_full_features,lightgbm,20,839722,BILL_AMT3,0.02508177514124895,0.011267870557105927,33,1.0,BILL_AMT3,False,False
taiwan,ablation_full_features,lightgbm,20,839722,MARRIAGE_1,0.020316218025820974,0.00039907124984620235,34,1.0,MARRIAGE,False,False
taiwan,ablation_full_features,lightgbm,20,839722,PAY_6,0.01844759310684615,0.006332758760813804,35,1.0,PAY_6,False,False
taiwan,ablation_full_features,lightgbm,20,839722,MARRIAGE_2,0.016678185308289236,-0.0007268918528901738,36,-1.0,MARRIAGE,False,False
taiwan,ablation_full_features,lightgbm,20,839722,SEX_1,0.01645964992480543,0.00024053883395323199,37,1.0,SEX,False,False
taiwan,ablation_full_features,lightgbm,20,839722,PAY_2,0.014702566098191823,-0.0035185620060011443,38,-1.0,PAY_2,False,False
taiwan,ablation_full_features,lightgbm,20,839722,avg_bill_amt,0.00750300624423729,-0.002316440548688638,39,-1.0,avg_bill_amt,False,False
taiwan,ablation_full_features,lightgbm,20,839722,avg_pay_amt,0.006714452293182727,-0.0005280272791469482,40,-1.0,avg_pay_amt,False,False
taiwan,ablation_full_features,lightgbm,20,839722,PAY_5,0.006650359817615086,-0.00017272663469145055,41,-1.0,PAY_5,False,False
taiwan,ablation_full_features,lightgbm,20,839722,EDUCATION_1,0.006348393923591245,0.00030750939901604473,42,1.0,EDUCATION,False,False
taiwan,ablation_full_features,lightgbm,20,839722,SEX_2,0.004425132804986814,0.0001654785060587526,43,1.0,SEX,False,False
taiwan,ablation_full_features,lightgbm,20,839722,PAY_4,0.004236220505183497,0.000583347911388812,44,1.0,PAY_4,False,False
taiwan,ablation_full_features,lightgbm,20,839722,EDUCATION_3,0.0017007526877896456,0.0001344141823378669,45,1.0,EDUCATION,False,False
taiwan,ablation_full_features,lightgbm,20,839722,MARRIAGE_3,0.0004233017277444328,2.786417693112542e-05,46,1.0,MARRIAGE,False,False
taiwan,ablation_full_features,lightgbm,21,554576,recent_delay,0.28979484764260816,-0.012199792018094806,1,-1.0,recent_delay,True,True
taiwan,ablation_full_features,lightgbm,21,554576,PAY_0,0.1956475532118311,-0.049317535469137204,2,-1.0,PAY_0,True,True
taiwan,ablation_full_features,lightgbm,21,554576,utilization_proxy,0.16552337916125034,0.010461498376702814,3,1.0,utilization_proxy,True,True
taiwan,ablation_full_features,lightgbm,21,554576,delay_count,0.1591830169853511,0.03793883283469813,4,1.0,delay_count,True,True
taiwan,ablation_full_features,lightgbm,21,554576,LIMIT_BAL,0.14332188316078176,0.0069498512275258635,5,1.0,LIMIT_BAL,True,True
taiwan,ablation_full_features,lightgbm,21,554576,max_delay,0.13695057446606151,0.012463523000441032,6,1.0,max_delay,False,True
taiwan,ablation_full_features,lightgbm,21,554576,payment_to_bill_ratio,0.0864348341711883,-0.006960623225111136,7,-1.0,payment_to_bill_ratio,False,True
taiwan,ablation_full_features,lightgbm,21,554576,PAY_AMT1,0.07861530500874345,-0.0048591710876026845,8,-1.0,PAY_AMT1,False,True
taiwan,ablation_full_features,lightgbm,21,554576,bill_volatility,0.07374483988364271,-0.0003357030837390099,9,-1.0,bill_volatility,False,True
taiwan,ablation_full_features,lightgbm,21,554576,BILL_AMT1,0.07213314393741974,0.013540369657648585,10,1.0,BILL_AMT1,False,True
taiwan,ablation_full_features,lightgbm,21,554576,PAY_AMT2,0.07198469870196564,-0.0061170950169324246,11,-1.0,PAY_AMT2,False,False
taiwan,ablation_full_features,lightgbm,21,554576,bill_trend,0.06952463713288629,0.00015389481691164877,12,1.0,bill_trend,False,False
taiwan,ablation_full_features,lightgbm,21,554576,avg_delay,0.06208543879903663,-0.014859140253239736,13,-1.0,avg_delay,False,False
taiwan,ablation_full_features,lightgbm,21,554576,total_pay_amt,0.05958484171538051,-0.007215932771633344,14,-1.0,total_pay_amt,False,False
taiwan,ablation_full_features,lightgbm,21,554576,PAY_AMT3,0.05925854386307023,-0.014071008182932533,15,-1.0,PAY_AMT3,False,False
taiwan,ablation_full_features,lightgbm,21,554576,max_bill_amt,0.05866188905471273,-0.011628174330106414,16,-1.0,max_bill_amt,False,False
taiwan,ablation_full_features,lightgbm,21,554576,BILL_AMT5,0.04885448042280681,0.0179558059061734,17,1.0,BILL_AMT5,False,False
taiwan,ablation_full_features,lightgbm,21,554576,PAY_AMT6,0.04722638936171012,0.005850936150009369,18,1.0,PAY_AMT6,False,False
taiwan,ablation_full_features,lightgbm,21,554576,recent_payment_intensity,0.04577575668975775,-0.0024302983535276785,19,-1.0,recent_payment_intensity,False,False
taiwan,ablation_full_features,lightgbm,21,554576,PAY_AMT4,0.04506134202357217,0.008419764420254869,20,1.0,PAY_AMT4,False,False
taiwan,ablation_full_features,lightgbm,21,554576,total_bill_amt,0.04402720445956531,-0.0027635631645682363,21,-1.0,total_bill_amt,False,False
taiwan,ablation_full_features,lightgbm,21,554576,severe_delay_count,0.03954480236439112,-0.003384166857951592,22,-1.0,severe_delay_count,False,False
taiwan,ablation_full_features,lightgbm,21,554576,PAY_3,0.034232221589255867,-0.0037941496534597513,23,-1.0,PAY_3,False,False
taiwan,ablation_full_features,lightgbm,21,554576,BILL_AMT2,0.032167615684271955,-0.005412804330026042,24,-1.0,BILL_AMT2,False,False
taiwan,ablation_full_features,lightgbm,21,554576,payment_volatility,0.03170100062495851,-0.008394913091897691,25,-1.0,payment_volatility,False,False
taiwan,ablation_full_features,lightgbm,21,554576,AGE,0.029689015591503172,0.000949288962482032,26,1.0,AGE,False,False
taiwan,ablation_full_features,lightgbm,21,554576,BILL_AMT6,0.027851572851159044,0.00227800774344906,27,1.0,BILL_AMT6,False,False
taiwan,ablation_full_features,lightgbm,21,554576,BILL_AMT4,0.027256381462985313,-0.000186202369730887,28,-1.0,BILL_AMT4,False,False
taiwan,ablation_full_features,lightgbm,21,554576,max_pay_amt,0.026065549742278052,-0.0010029485816816222,29,-1.0,max_pay_amt,False,False
taiwan,ablation_full_features,lightgbm,21,554576,BILL_AMT3,0.02515615611863712,0.010672228973087883,30,1.0,BILL_AMT3,False,False
taiwan,ablation_full_features,lightgbm,21,554576,EDUCATION_4,0.025024667981338424,-0.0002840370681775739,31,-1.0,EDUCATION,False,False
taiwan,ablation_full_features,lightgbm,21,554576,EDUCATION_2,0.024812166143440707,3.0730197426103113e-05,32,1.0,EDUCATION,False,False
taiwan,ablation_full_features,lightgbm,21,554576,PAY_AMT5,0.02464733964021324,-0.0015431140905960762,33,-1.0,PAY_AMT5,False,False
taiwan,ablation_full_features,lightgbm,21,554576,SEX_1,0.02142619468405406,0.0002668743144488977,34,1.0,SEX,False,False
taiwan,ablation_full_features,lightgbm,21,554576,MARRIAGE_2,0.020517479607054606,-0.0006620103682903365,35,-1.0,MARRIAGE,False,False
taiwan,ablation_full_features,lightgbm,21,554576,MARRIAGE_1,0.018647424289939648,0.0004982618807966993,36,1.0,MARRIAGE,False,False
taiwan,ablation_full_features,lightgbm,21,554576,PAY_6,0.018464750229358066,0.007580165500227962,37,1.0,PAY_6,False,False
taiwan,ablation_full_features,lightgbm,21,554576,PAY_2,0.014938657605295176,-0.0007038343243915406,38,-1.0,PAY_2,False,False
taiwan,ablation_full_features,lightgbm,21,554576,avg_pay_amt,0.010526031100031353,-0.002769828285742246,39,-1.0,avg_pay_amt,False,False
taiwan,ablation_full_features,lightgbm,21,554576,PAY_5,0.008551413975489273,3.440992518134358e-05,40,1.0,PAY_5,False,False
taiwan,ablation_full_features,lightgbm,21,554576,EDUCATION_1,0.006533313695437559,0.00038611666645972377,41,1.0,EDUCATION,False,False
taiwan,ablation_full_features,lightgbm,21,554576,PAY_4,0.005992350371629999,0.0016023005477588,42,1.0,PAY_4,False,False
taiwan,ablation_full_features,lightgbm,21,554576,SEX_2,0.0034919898866746304,1.4183052363700549e-05,43,1.0,SEX,False,False
taiwan,ablation_full_features,lightgbm,21,554576,avg_bill_amt,0.002974351955997463,0.000785756711475027,44,1.0,avg_bill_amt,False,False
taiwan,ablation_full_features,lightgbm,21,554576,EDUCATION_3,0.0020874461648100534,9.033866032865988e-05,45,1.0,EDUCATION,False,False
taiwan,ablation_full_features,lightgbm,21,554576,MARRIAGE_3,0.0006644605756008127,7.999654841942535e-05,46,1.0,MARRIAGE,False,False
taiwan,ablation_full_features,lightgbm,22,822743,recent_delay,0.2507092168639678,-0.008032746429869389,1,-1.0,recent_delay,True,True
taiwan,ablation_full_features,lightgbm,22,822743,PAY_0,0.22542288484017134,-0.05287506624266322,2,-1.0,PAY_0,True,True
taiwan,ablation_full_features,lightgbm,22,822743,delay_count,0.18074213603302342,0.03800442729653356,3,1.0,delay_count,True,True
taiwan,ablation_full_features,lightgbm,22,822743,utilization_proxy,0.161576569766365,0.005419625987745401,4,1.0,utilization_proxy,True,True
taiwan,ablation_full_features,lightgbm,22,822743,LIMIT_BAL,0.1442629528577918,0.004305483446467602,5,1.0,LIMIT_BAL,True,True
taiwan,ablation_full_features,lightgbm,22,822743,max_delay,0.13977543367353215,0.012881098314541229,6,1.0,max_delay,False,True
taiwan,ablation_full_features,lightgbm,22,822743,BILL_AMT1,0.07948645933255824,0.0026989629719903927,7,1.0,BILL_AMT1,False,True
taiwan,ablation_full_features,lightgbm,22,822743,PAY_AMT1,0.07740931912666874,-0.0007073795054282825,8,-1.0,PAY_AMT1,False,True
taiwan,ablation_full_features,lightgbm,22,822743,payment_to_bill_ratio,0.07563940437488549,-0.00281012778180955,9,-1.0,payment_to_bill_ratio,False,True
taiwan,ablation_full_features,lightgbm,22,822743,bill_volatility,0.07266739570929825,-0.0033497280219804324,10,-1.0,bill_volatility,False,True
taiwan,ablation_full_features,lightgbm,22,822743,PAY_AMT2,0.06799330315828177,-0.0002066342816693363,11,-1.0,PAY_AMT2,False,False
taiwan,ablation_full_features,lightgbm,22,822743,bill_trend,0.06545390270616729,-0.003029190391404195,12,-1.0,bill_trend,False,False
taiwan,ablation_full_features,lightgbm,22,822743,avg_delay,0.06543093308909434,-0.011980800254555429,13,-1.0,avg_delay,False,False
taiwan,ablation_full_features,lightgbm,22,822743,PAY_AMT3,0.06357712527670294,-0.015466186555003935,14,-1.0,PAY_AMT3,False,False
taiwan,ablation_full_features,lightgbm,22,822743,max_bill_amt,0.06139649282310175,-0.007945816051907419,15,-1.0,max_bill_amt,False,False
taiwan,ablation_full_features,lightgbm,22,822743,total_pay_amt,0.05312794834998895,-0.009738996308113887,16,-1.0,total_pay_amt,False,False
taiwan,ablation_full_features,lightgbm,22,822743,BILL_AMT5,0.05061581382587266,0.01945066487453889,17,1.0,BILL_AMT5,False,False
taiwan,ablation_full_features,lightgbm,22,822743,PAY_AMT4,0.044164154143606596,-0.0011188469565392694,18,-1.0,PAY_AMT4,False,False
taiwan,ablation_full_features,lightgbm,22,822743,recent_payment_intensity,0.04403931373672239,0.0058880545354001775,19,1.0,recent_payment_intensity,False,False
taiwan,ablation_full_features,lightgbm,22,822743,PAY_AMT6,0.040435291641455054,0.004206985130030405,20,1.0,PAY_AMT6,False,False
taiwan,ablation_full_features,lightgbm,22,822743,total_bill_amt,0.0376772571104312,-0.010274941598876569,21,-1.0,total_bill_amt,False,False
taiwan,ablation_full_features,lightgbm,22,822743,BILL_AMT2,0.03162940450272763,-0.003110999053258377,22,-1.0,BILL_AMT2,False,False
taiwan,ablation_full_features,lightgbm,22,822743,PAY_3,0.030156022619864335,-0.006087001471504604,23,-1.0,PAY_3,False,False
taiwan,ablation_full_features,lightgbm,22,822743,BILL_AMT6,0.029792992998965668,-0.001984129131078623,24,-1.0,BILL_AMT6,False,False
taiwan,ablation_full_features,lightgbm,22,822743,AGE,0.029336189943799735,0.0015967731869387081,25,1.0,AGE,False,False
taiwan,ablation_full_features,lightgbm,22,822743,EDUCATION_2,0.02871328584784802,0.0008941588834932279,26,1.0,EDUCATION,False,False
taiwan,ablation_full_features,lightgbm,22,822743,PAY_AMT5,0.028195498271591096,-0.0014958141405479047,27,-1.0,PAY_AMT5,False,False
taiwan,ablation_full_features,lightgbm,22,822743,BILL_AMT4,0.027998087686129557,0.010845881290972062,28,1.0,BILL_AMT4,False,False
taiwan,ablation_full_features,lightgbm,22,822743,payment_volatility,0.027748899177264984,-0.0033290938747185337,29,-1.0,payment_volatility,False,False
taiwan,ablation_full_features,lightgbm,22,822743,max_pay_amt,0.025615777814472742,0.003880994168811798,30,1.0,max_pay_amt,False,False
taiwan,ablation_full_features,lightgbm,22,822743,MARRIAGE_2,0.02472757682316672,-0.000813305561717641,31,-1.0,MARRIAGE,False,False
taiwan,ablation_full_features,lightgbm,22,822743,EDUCATION_4,0.023701463961875453,3.6595072248956707e-05,32,1.0,EDUCATION,False,False
taiwan,ablation_full_features,lightgbm,22,822743,BILL_AMT3,0.021705025038076562,0.011754468634143592,33,1.0,BILL_AMT3,False,False
taiwan,ablation_full_features,lightgbm,22,822743,PAY_6,0.01885061272996316,0.008095230294637252,34,1.0,PAY_6,False,False
taiwan,ablation_full_features,lightgbm,22,822743,SEX_1,0.016494348109751047,2.238296640333757e-06,35,1.0,SEX,False,False
taiwan,ablation_full_features,lightgbm,22,822743,severe_delay_count,0.015007572980329401,-0.0017134403034368463,36,-1.0,severe_delay_count,False,False
taiwan,ablation_full_features,lightgbm,22,822743,PAY_2,0.014391785871189588,-0.0015625827655522991,37,-1.0,PAY_2,False,False
taiwan,ablation_full_features,lightgbm,22,822743,MARRIAGE_1,0.014263953305456295,0.0003634060132022933,38,1.0,MARRIAGE,False,False
taiwan,ablation_full_features,lightgbm,22,822743,avg_bill_amt,0.009388941214002237,-0.0035733091133591166,39,-1.0,avg_bill_amt,False,False
taiwan,ablation_full_features,lightgbm,22,822743,avg_pay_amt,0.008595411016854671,0.0007433112927799762,40,1.0,avg_pay_amt,False,False
taiwan,ablation_full_features,lightgbm,22,822743,PAY_5,0.007994757380962508,-0.00146802977424543,41,-1.0,PAY_5,False,False
taiwan,ablation_full_features,lightgbm,22,822743,EDUCATION_1,0.006313960887779311,0.0006590212161578251,42,1.0,EDUCATION,False,False
taiwan,ablation_full_features,lightgbm,22,822743,SEX_2,0.005115859721172147,4.216818327000275e-05,43,1.0,SEX,False,False
taiwan,ablation_full_features,lightgbm,22,822743,PAY_4,0.004910232419358108,0.0008058619755429383,44,1.0,PAY_4,False,False
taiwan,ablation_full_features,lightgbm,22,822743,EDUCATION_3,0.0015478482023164554,0.0002022139341909511,45,1.0,EDUCATION,False,False
taiwan,ablation_full_features,lightgbm,22,822743,MARRIAGE_3,0.000846369912001822,6.308403343753682e-05,46,1.0,MARRIAGE,False,False
taiwan,ablation_full_features,lightgbm,23,165228,recent_delay,0.2778591179581616,-0.014431009389595573,1,-1.0,recent_delay,True,True
taiwan,ablation_full_features,lightgbm,23,165228,PAY_0,0.20856580044585507,-0.050479569335867634,2,-1.0,PAY_0,True,True
taiwan,ablation_full_features,lightgbm,23,165228,delay_count,0.17544376770144657,0.04286112693796245,3,1.0,delay_count,True,True
taiwan,ablation_full_features,lightgbm,23,165228,utilization_proxy,0.1654629161808393,0.010380928935217226,4,1.0,utilization_proxy,True,True
taiwan,ablation_full_features,lightgbm,23,165228,LIMIT_BAL,0.14049781264861602,0.0036794926805747614,5,1.0,LIMIT_BAL,True,True
taiwan,ablation_full_features,lightgbm,23,165228,max_delay,0.12770226957076394,0.010333086503996997,6,1.0,max_delay,False,True
taiwan,ablation_full_features,lightgbm,23,165228,PAY_AMT1,0.07996857397522827,0.004601589750740237,7,1.0,PAY_AMT1,False,True
taiwan,ablation_full_features,lightgbm,23,165228,payment_to_bill_ratio,0.07888890264266415,-0.0018690848824150813,8,-1.0,payment_to_bill_ratio,False,True
taiwan,ablation_full_features,lightgbm,23,165228,bill_trend,0.0696032233962514,-0.005774426380166233,9,-1.0,bill_trend,False,True
taiwan,ablation_full_features,lightgbm,23,165228,PAY_AMT2,0.06916050086261755,-0.0005914505680313471,10,-1.0,PAY_AMT2,False,True
taiwan,ablation_full_features,lightgbm,23,165228,BILL_AMT1,0.06821687649511278,-0.0019097529087662383,11,-1.0,BILL_AMT1,False,False
taiwan,ablation_full_features,lightgbm,23,165228,avg_delay,0.06787067376786954,-0.011795359240233535,12,-1.0,avg_delay,False,False
taiwan,ablation_full_features,lightgbm,23,165228,bill_volatility,0.06786609972449381,0.0044736273361210025,13,1.0,bill_volatility,False,False
taiwan,ablation_full_features,lightgbm,23,165228,max_bill_amt,0.06088400526792418,-0.004807361425559481,14,-1.0,max_bill_amt,False,False
taiwan,ablation_full_features,lightgbm,23,165228,PAY_AMT3,0.06034010117596178,-0.008930813723307713,15,-1.0,PAY_AMT3,False,False
taiwan,ablation_full_features,lightgbm,23,165228,total_bill_amt,0.05343183865069981,0.004407720073305052,16,1.0,total_bill_amt,False,False
taiwan,ablation_full_features,lightgbm,23,165228,total_pay_amt,0.05340310846213807,-0.009542957743760369,17,-1.0,total_pay_amt,False,False
taiwan,ablation_full_features,lightgbm,23,165228,recent_payment_intensity,0.04608251323421543,0.00045291833919588375,18,1.0,recent_payment_intensity,False,False
taiwan,ablation_full_features,lightgbm,23,165228,PAY_AMT4,0.043368048248288785,0.0016571566454884053,19,1.0,PAY_AMT4,False,False
taiwan,ablation_full_features,lightgbm,23,165228,BILL_AMT5,0.04217750057719815,0.01988066913919706,20,1.0,BILL_AMT5,False,False
taiwan,ablation_full_features,lightgbm,23,165228,PAY_AMT6,0.039518161787485705,0.0018241172205671799,21,1.0,PAY_AMT6,False,False
taiwan,ablation_full_features,lightgbm,23,165228,BILL_AMT6,0.034643374738657674,-0.004791686187902765,22,-1.0,BILL_AMT6,False,False
taiwan,ablation_full_features,lightgbm,23,165228,PAY_3,0.0333585287188052,-0.002987300987698805,23,-1.0,PAY_3,False,False
taiwan,ablation_full_features,lightgbm,23,165228,payment_volatility,0.03301345650556607,-0.0052776508733548624,24,-1.0,payment_volatility,False,False
taiwan,ablation_full_features,lightgbm,23,165228,BILL_AMT2,0.030750664216857473,-0.006021906277420968,25,-1.0,BILL_AMT2,False,False
taiwan,ablation_full_features,lightgbm,23,165228,AGE,0.030074472314082706,0.0012522593398700253,26,1.0,AGE,False,False
taiwan,ablation_full_features,lightgbm,23,165228,EDUCATION_2,0.028328700616494784,0.0011142104773034618,27,1.0,EDUCATION,False,False
taiwan,ablation_full_features,lightgbm,23,165228,EDUCATION_4,0.02580488209717371,-0.00019320675824676027,28,-1.0,EDUCATION,False,False
taiwan,ablation_full_features,lightgbm,23,165228,PAY_AMT5,0.02566596654513591,0.0022456327053586643,29,1.0,PAY_AMT5,False,False
taiwan,ablation_full_features,lightgbm,23,165228,BILL_AMT4,0.025521237246442317,0.0056004289438528095,30,1.0,BILL_AMT4,False,False
taiwan,ablation_full_features,lightgbm,23,165228,max_pay_amt,0.023668458059877138,-0.006620820896761545,31,-1.0,max_pay_amt,False,False
taiwan,ablation_full_features,lightgbm,23,165228,MARRIAGE_2,0.02319896758276271,-7.502955806122179e-05,32,-1.0,MARRIAGE,False,False
taiwan,ablation_full_features,lightgbm,23,165228,severe_delay_count,0.022878878894644232,-0.0005841819240225852,33,-1.0,severe_delay_count,False,False
taiwan,ablation_full_features,lightgbm,23,165228,BILL_AMT3,0.02004217285062233,0.003451712932763962,34,1.0,BILL_AMT3,False,False
taiwan,ablation_full_features,lightgbm,23,165228,PAY_6,0.0179915682142775,0.007495452943860573,35,1.0,PAY_6,False,False
taiwan,ablation_full_features,lightgbm,23,165228,SEX_1,0.017090056155172385,9.501123588052424e-05,36,1.0,SEX,False,False
taiwan,ablation_full_features,lightgbm,23,165228,PAY_2,0.016948676437084028,-0.0030158531379453936,37,-1.0,PAY_2,False,False
taiwan,ablation_full_features,lightgbm,23,165228,MARRIAGE_1,0.014325832551480957,0.00026801271567190854,38,1.0,MARRIAGE,False,False
taiwan,ablation_full_features,lightgbm,23,165228,PAY_5,0.008238960257795766,0.00034353324352615387,39,1.0,PAY_5,False,False
taiwan,ablation_full_features,lightgbm,23,165228,avg_pay_amt,0.007118400093794564,-0.0028664031849649145,40,-1.0,avg_pay_amt,False,False
taiwan,ablation_full_features,lightgbm,23,165228,EDUCATION_1,0.006887023554105828,0.0009441377000558854,41,1.0,EDUCATION,False,False
taiwan,ablation_full_features,lightgbm,23,165228,PAY_4,0.005022003476891394,0.0013147802195669735,42,1.0,PAY_4,False,False
taiwan,ablation_full_features,lightgbm,23,165228,SEX_2,0.0049161925164639166,1.0121776276688552e-05,43,1.0,SEX,False,False
taiwan,ablation_full_features,lightgbm,23,165228,avg_bill_amt,0.0038563017836048814,-0.0016396664000908592,44,-1.0,avg_bill_amt,False,False
taiwan,ablation_full_features,lightgbm,23,165228,EDUCATION_3,0.00151671712541687,0.0002909450202237745,45,1.0,EDUCATION,False,False
taiwan,ablation_full_features,lightgbm,23,165228,MARRIAGE_3,0.00019596406569318228,1.784733336494106e-05,46,1.0,MARRIAGE,False,False
taiwan,ablation_full_features,lightgbm,24,697339,recent_delay,0.259409687936892,-0.00898968520188135,1,-1.0,recent_delay,True,True
taiwan,ablation_full_features,lightgbm,24,697339,PAY_0,0.21075842614299314,-0.05327628286384356,2,-1.0,PAY_0,True,True
taiwan,ablation_full_features,lightgbm,24,697339,delay_count,0.1791194494231676,0.04084924629493998,3,1.0,delay_count,True,True
taiwan,ablation_full_features,lightgbm,24,697339,utilization_proxy,0.15928853708074706,0.005567780788375841,4,1.0,utilization_proxy,True,True
taiwan,ablation_full_features,lightgbm,24,697339,LIMIT_BAL,0.14620596829842983,0.001436513243807522,5,1.0,LIMIT_BAL,True,True
taiwan,ablation_full_features,lightgbm,24,697339,max_delay,0.11765262572946994,0.007548009020577756,6,1.0,max_delay,False,True
taiwan,ablation_full_features,lightgbm,24,697339,PAY_AMT1,0.08314178812951417,0.004218417890556126,7,1.0,PAY_AMT1,False,True
taiwan,ablation_full_features,lightgbm,24,697339,payment_to_bill_ratio,0.07807956860880205,-0.005536716228331044,8,-1.0,payment_to_bill_ratio,False,True
taiwan,ablation_full_features,lightgbm,24,697339,bill_trend,0.07413227065377344,-0.010056470575977434,9,-1.0,bill_trend,False,True
taiwan,ablation_full_features,lightgbm,24,697339,BILL_AMT1,0.06908196436095326,0.0010843109511719576,10,1.0,BILL_AMT1,False,True
taiwan,ablation_full_features,lightgbm,24,697339,avg_delay,0.0685568961067864,-0.01114141707505125,11,-1.0,avg_delay,False,False
taiwan,ablation_full_features,lightgbm,24,697339,PAY_AMT2,0.0680516199200605,0.0008803783249392587,12,1.0,PAY_AMT2,False,False
taiwan,ablation_full_features,lightgbm,24,697339,bill_volatility,0.06639810908649776,0.003134875960223635,13,1.0,bill_volatility,False,False
taiwan,ablation_full_features,lightgbm,24,697339,PAY_AMT3,0.060684176736306376,-0.006992657385904529,14,-1.0,PAY_AMT3,False,False
taiwan,ablation_full_features,lightgbm,24,697339,max_bill_amt,0.056512262290670925,-0.0072726431603346835,15,-1.0,max_bill_amt,False,False
taiwan,ablation_full_features,lightgbm,24,697339,total_pay_amt,0.052102007991371206,-0.003918193278403227,16,-1.0,total_pay_amt,False,False
taiwan,ablation_full_features,lightgbm,24,697339,total_bill_amt,0.04843202109087118,-0.005615267599287305,17,-1.0,total_bill_amt,False,False
taiwan,ablation_full_features,lightgbm,24,697339,BILL_AMT5,0.04673616219523069,0.00805659353744654,18,1.0,BILL_AMT5,False,False
taiwan,ablation_full_features,lightgbm,24,697339,PAY_AMT6,0.04599206680093181,0.003938354342067882,19,1.0,PAY_AMT6,False,False
taiwan,ablation_full_features,lightgbm,24,697339,severe_delay_count,0.045360147831309025,-0.0007918174140484204,20,-1.0,severe_delay_count,False,False
taiwan,ablation_full_features,lightgbm,24,697339,recent_payment_intensity,0.04267191872372792,-0.0003223043944423152,21,-1.0,recent_payment_intensity,False,False
taiwan,ablation_full_features,lightgbm,24,697339,PAY_AMT4,0.03878778165097832,-0.005954957441742844,22,-1.0,PAY_AMT4,False,False
taiwan,ablation_full_features,lightgbm,24,697339,AGE,0.03176484493400666,0.0009687793487484012,23,1.0,AGE,False,False
taiwan,ablation_full_features,lightgbm,24,697339,BILL_AMT4,0.031198312887533105,0.008519269827330405,24,1.0,BILL_AMT4,False,False
taiwan,ablation_full_features,lightgbm,24,697339,PAY_3,0.02942644974614925,-0.0062669287505491365,25,-1.0,PAY_3,False,False
taiwan,ablation_full_features,lightgbm,24,697339,PAY_AMT5,0.028560821120912416,0.0022209791282541977,26,1.0,PAY_AMT5,False,False
taiwan,ablation_full_features,lightgbm,24,697339,EDUCATION_2,0.02815318100336673,0.0005803927802656459,27,1.0,EDUCATION,False,False
taiwan,ablation_full_features,lightgbm,24,697339,BILL_AMT3,0.028106938673960802,0.0061122717070832815,28,1.0,BILL_AMT3,False,False
taiwan,ablation_full_features,lightgbm,24,697339,payment_volatility,0.0275788792419049,-0.0004224655562693832,29,-1.0,payment_volatility,False,False
taiwan,ablation_full_features,lightgbm,24,697339,BILL_AMT2,0.02736900720662815,-0.003953247506794897,30,-1.0,BILL_AMT2,False,False
taiwan,ablation_full_features,lightgbm,24,697339,EDUCATION_4,0.026677809924747498,-0.0002118651862876821,31,-1.0,EDUCATION,False,False
taiwan,ablation_full_features,lightgbm,24,697339,BILL_AMT6,0.02654007797791913,0.007245175202129483,32,1.0,BILL_AMT6,False,False
taiwan,ablation_full_features,lightgbm,24,697339,SEX_1,0.02435329473404585,0.000293492768222967,33,1.0,SEX,False,False
taiwan,ablation_full_features,lightgbm,24,697339,max_pay_amt,0.024123980079593793,-0.001762313640105292,34,-1.0,max_pay_amt,False,False
taiwan,ablation_full_features,lightgbm,24,697339,MARRIAGE_2,0.02110727922960328,-0.0011703153729323997,35,-1.0,MARRIAGE,False,False
taiwan,ablation_full_features,lightgbm,24,697339,PAY_6,0.01963748236358791,0.01076845796322571,36,1.0,PAY_6,False,False
taiwan,ablation_full_features,lightgbm,24,697339,MARRIAGE_1,0.013179737757228568,0.000515477209260675,37,1.0,MARRIAGE,False,False
taiwan,ablation_full_features,lightgbm,24,697339,PAY_2,0.010140549196294138,-0.002075669650506367,38,-1.0,PAY_2,False,False
taiwan,ablation_full_features,lightgbm,24,697339,PAY_5,0.009741760846451803,-0.0005562901025964325,39,-1.0,PAY_5,False,False
taiwan,ablation_full_features,lightgbm,24,697339,avg_pay_amt,0.0082086925515975,-0.0006242776450877244,40,-1.0,avg_pay_amt,False,False
taiwan,ablation_full_features,lightgbm,24,697339,EDUCATION_1,0.005509011986373992,0.0002803478935195321,41,1.0,EDUCATION,False,False
taiwan,ablation_full_features,lightgbm,24,697339,PAY_4,0.004766893993592218,0.0007413804380759978,42,1.0,PAY_4,False,False
taiwan,ablation_full_features,lightgbm,24,697339,avg_bill_amt,0.0045113188209055235,0.0015858916694252425,43,1.0,avg_bill_amt,False,False
taiwan,ablation_full_features,lightgbm,24,697339,EDUCATION_3,0.0019031247130098412,-0.000151962309858519,44,-1.0,EDUCATION,False,False
taiwan,ablation_full_features,lightgbm,24,697339,SEX_2,0.0018216115861075654,6.253218709889726e-05,45,1.0,SEX,False,False
taiwan,ablation_full_features,lightgbm,24,697339,MARRIAGE_3,0.000686106590289098,6.876374374448132e-05,46,1.0,MARRIAGE,False,False
taiwan,ablation_full_features,lightgbm,25,887876,recent_delay,0.23708837660622756,-0.008814569975461345,1,-1.0,recent_delay,True,True
taiwan,ablation_full_features,lightgbm,25,887876,PAY_0,0.22910239822158004,-0.05468374053375896,2,-1.0,PAY_0,True,True
taiwan,ablation_full_features,lightgbm,25,887876,delay_count,0.20418601026893243,0.038889065808787295,3,1.0,delay_count,True,True
taiwan,ablation_full_features,lightgbm,25,887876,utilization_proxy,0.17215420332413914,0.006186725430221709,4,1.0,utilization_proxy,True,True
taiwan,ablation_full_features,lightgbm,25,887876,LIMIT_BAL,0.13796394191328412,0.0028428580511137406,5,1.0,LIMIT_BAL,True,True
taiwan,ablation_full_features,lightgbm,25,887876,max_delay,0.11731291610519531,0.013128102860171012,6,1.0,max_delay,False,True
taiwan,ablation_full_features,lightgbm,25,887876,payment_to_bill_ratio,0.07925891941099512,0.00346653713436621,7,1.0,payment_to_bill_ratio,False,True
taiwan,ablation_full_features,lightgbm,25,887876,PAY_AMT1,0.07843284192913035,-0.001048830221200972,8,-1.0,PAY_AMT1,False,True
taiwan,ablation_full_features,lightgbm,25,887876,PAY_AMT2,0.07207503249801894,-0.0032848353210827527,9,-1.0,PAY_AMT2,False,True
taiwan,ablation_full_features,lightgbm,25,887876,avg_delay,0.07147847749758243,-0.013981076550731348,10,-1.0,avg_delay,False,True
taiwan,ablation_full_features,lightgbm,25,887876,max_bill_amt,0.07106577726130432,-0.013168187930431624,11,-1.0,max_bill_amt,False,False
taiwan,ablation_full_features,lightgbm,25,887876,bill_trend,0.0704409876616463,-0.0036734870229198115,12,-1.0,bill_trend,False,False
taiwan,ablation_full_features,lightgbm,25,887876,bill_volatility,0.06534672693368472,-0.002186375199255471,13,-1.0,bill_volatility,False,False
taiwan,ablation_full_features,lightgbm,25,887876,BILL_AMT1,0.06372355496994703,-0.0007064136693633672,14,-1.0,BILL_AMT1,False,False
taiwan,ablation_full_features,lightgbm,25,887876,PAY_AMT3,0.06002482012303589,-0.008128070795120386,15,-1.0,PAY_AMT3,False,False
taiwan,ablation_full_features,lightgbm,25,887876,total_pay_amt,0.058692082840094806,-0.0032460992933710997,16,-1.0,total_pay_amt,False,False
taiwan,ablation_full_features,lightgbm,25,887876,total_bill_amt,0.05049701054167815,-0.0006595660151784426,17,-1.0,total_bill_amt,False,False
taiwan,ablation_full_features,lightgbm,25,887876,PAY_AMT6,0.0458129290016051,0.0006063475473684218,18,1.0,PAY_AMT6,False,False
taiwan,ablation_full_features,lightgbm,25,887876,recent_payment_intensity,0.04290632856449947,-0.0013738033314774404,19,-1.0,recent_payment_intensity,False,False
taiwan,ablation_full_features,lightgbm,25,887876,PAY_AMT4,0.04290015393266856,0.001599178173882212,20,1.0,PAY_AMT4,False,False
taiwan,ablation_full_features,lightgbm,25,887876,BILL_AMT5,0.04286546151412398,0.013289234803086292,21,1.0,BILL_AMT5,False,False
taiwan,ablation_full_features,lightgbm,25,887876,PAY_3,0.03353279520092252,-0.007933316032922624,22,-1.0,PAY_3,False,False
taiwan,ablation_full_features,lightgbm,25,887876,BILL_AMT4,0.031277670593615234,0.008472182521722701,23,1.0,BILL_AMT4,False,False
taiwan,ablation_full_features,lightgbm,25,887876,AGE,0.030346007484759654,0.0011624399160967787,24,1.0,AGE,False,False
taiwan,ablation_full_features,lightgbm,25,887876,payment_volatility,0.0286415102974265,0.000414507082562837,25,1.0,payment_volatility,False,False
taiwan,ablation_full_features,lightgbm,25,887876,BILL_AMT2,0.028389133028943733,-0.002152338963565029,26,-1.0,BILL_AMT2,False,False
taiwan,ablation_full_features,lightgbm,25,887876,BILL_AMT6,0.02792434689727755,0.0024253593882126896,27,1.0,BILL_AMT6,False,False
taiwan,ablation_full_features,lightgbm,25,887876,max_pay_amt,0.02741716912699279,-0.0009606368602458836,28,-1.0,max_pay_amt,False,False
taiwan,ablation_full_features,lightgbm,25,887876,EDUCATION_4,0.02614381467597939,-0.0005617693979834207,29,-1.0,EDUCATION,False,False
taiwan,ablation_full_features,lightgbm,25,887876,PAY_AMT5,0.024886255311356596,-0.0006867385069863472,30,-1.0,PAY_AMT5,False,False
taiwan,ablation_full_features,lightgbm,25,887876,BILL_AMT3,0.02312391962324811,0.009872709856293089,31,1.0,BILL_AMT3,False,False
taiwan,ablation_full_features,lightgbm,25,887876,EDUCATION_2,0.022644483247381022,0.00015007632904335302,32,1.0,EDUCATION,False,False
taiwan,ablation_full_features,lightgbm,25,887876,SEX_1,0.022378591313096597,0.0001189090826054568,33,1.0,SEX,False,False
taiwan,ablation_full_features,lightgbm,25,887876,severe_delay_count,0.020653168818571942,-0.002130265239404024,34,-1.0,severe_delay_count,False,False
taiwan,ablation_full_features,lightgbm,25,887876,MARRIAGE_1,0.020084552804624806,8.232815233319199e-06,35,1.0,MARRIAGE,False,False
taiwan,ablation_full_features,lightgbm,25,887876,MARRIAGE_2,0.019132080726018658,4.8931260360744584e-05,36,1.0,MARRIAGE,False,False
taiwan,ablation_full_features,lightgbm,25,887876,PAY_6,0.01664959022986024,0.0070472832677148855,37,1.0,PAY_6,False,False
taiwan,ablation_full_features,lightgbm,25,887876,PAY_2,0.010524515381779285,-0.0026529997330577617,38,-1.0,PAY_2,False,False
taiwan,ablation_full_features,lightgbm,25,887876,avg_pay_amt,0.008510644431651178,-1.5237134800081067e-05,39,-1.0,avg_pay_amt,False,False
taiwan,ablation_full_features,lightgbm,25,887876,PAY_5,0.00828769529571152,0.0003590941432360121,40,1.0,PAY_5,False,False
taiwan,ablation_full_features,lightgbm,25,887876,avg_bill_amt,0.006166561060751306,0.0016490061088013323,41,1.0,avg_bill_amt,False,False
taiwan,ablation_full_features,lightgbm,25,887876,EDUCATION_1,0.006018344391635623,0.0009141835967638276,42,1.0,EDUCATION,False,False
taiwan,ablation_full_features,lightgbm,25,887876,PAY_4,0.004350456264153403,0.0007198798960177681,43,1.0,PAY_4,False,False
taiwan,ablation_full_features,lightgbm,25,887876,SEX_2,0.002087266227980241,7.702258688315469e-05,44,1.0,SEX,False,False
taiwan,ablation_full_features,lightgbm,25,887876,EDUCATION_3,0.0019418395424201963,0.00018146900492891269,45,1.0,EDUCATION,False,False
taiwan,ablation_full_features,lightgbm,25,887876,MARRIAGE_3,0.0007582127358492844,8.306610623566573e-05,46,1.0,MARRIAGE,False,False
taiwan,ablation_full_features,lightgbm,26,893119,recent_delay,0.25017306062975625,-0.010070122779117167,1,-1.0,recent_delay,True,True
taiwan,ablation_full_features,lightgbm,26,893119,PAY_0,0.20976175225788696,-0.052584096562692625,2,-1.0,PAY_0,True,True
taiwan,ablation_full_features,lightgbm,26,893119,delay_count,0.17573845522630094,0.03695568294162763,3,1.0,delay_count,True,True
taiwan,ablation_full_features,lightgbm,26,893119,utilization_proxy,0.16097198611785854,0.011490973213827839,4,1.0,utilization_proxy,True,True
taiwan,ablation_full_features,lightgbm,26,893119,max_delay,0.15072277156223773,0.0157869375691676,5,1.0,max_delay,True,True
taiwan,ablation_full_features,lightgbm,26,893119,LIMIT_BAL,0.14822955947617755,0.005727143991540352,6,1.0,LIMIT_BAL,False,True
taiwan,ablation_full_features,lightgbm,26,893119,payment_to_bill_ratio,0.07729451886403675,-0.007315274102835101,7,-1.0,payment_to_bill_ratio,False,True
taiwan,ablation_full_features,lightgbm,26,893119,PAY_AMT2,0.07282651723795631,-0.0009596825713822906,8,-1.0,PAY_AMT2,False,True
taiwan,ablation_full_features,lightgbm,26,893119,PAY_AMT1,0.07152673234790011,-0.005831223422084592,9,-1.0,PAY_AMT1,False,True
taiwan,ablation_full_features,lightgbm,26,893119,bill_trend,0.06984178548501907,-0.0012058334719259533,10,-1.0,bill_trend,False,True
taiwan,ablation_full_features,lightgbm,26,893119,bill_volatility,0.06742950654847994,0.004084336652669202,11,1.0,bill_volatility,False,False
taiwan,ablation_full_features,lightgbm,26,893119,PAY_AMT3,0.061150152788384426,-0.00941665857650539,12,-1.0,PAY_AMT3,False,False
taiwan,ablation_full_features,lightgbm,26,893119,max_bill_amt,0.06010254352081943,-0.004492560980593742,13,-1.0,max_bill_amt,False,False
taiwan,ablation_full_features,lightgbm,26,893119,avg_delay,0.0598317286330925,-0.011629255902186744,14,-1.0,avg_delay,False,False
taiwan,ablation_full_features,lightgbm,26,893119,total_pay_amt,0.058290315591697305,-0.005448208575185993,15,-1.0,total_pay_amt,False,False
taiwan,ablation_full_features,lightgbm,26,893119,BILL_AMT1,0.0579422602126699,-0.001601756610389578,16,-1.0,BILL_AMT1,False,False
taiwan,ablation_full_features,lightgbm,26,893119,BILL_AMT5,0.04592937805610226,0.004777705041943213,17,1.0,BILL_AMT5,False,False
taiwan,ablation_full_features,lightgbm,26,893119,recent_payment_intensity,0.043747950816410405,0.0015134761678567833,18,1.0,recent_payment_intensity,False,False
taiwan,ablation_full_features,lightgbm,26,893119,PAY_AMT4,0.042950454664359206,1.2803162766986147e-05,19,1.0,PAY_AMT4,False,False
taiwan,ablation_full_features,lightgbm,26,893119,PAY_AMT6,0.04219047109978738,0.005470169361170607,20,1.0,PAY_AMT6,False,False
taiwan,ablation_full_features,lightgbm,26,893119,severe_delay_count,0.03940789708807622,-0.0044963206023725865,21,-1.0,severe_delay_count,False,False
taiwan,ablation_full_features,lightgbm,26,893119,total_bill_amt,0.03764994530217893,0.004803690343802363,22,1.0,total_bill_amt,False,False
taiwan,ablation_full_features,lightgbm,26,893119,PAY_3,0.033531695642052634,-0.006098625531062529,23,-1.0,PAY_3,False,False
taiwan,ablation_full_features,lightgbm,26,893119,BILL_AMT2,0.033468728253429315,-0.006050029662229351,24,-1.0,BILL_AMT2,False,False
taiwan,ablation_full_features,lightgbm,26,893119,AGE,0.03332086754705932,0.001225959963740136,25,1.0,AGE,False,False
taiwan,ablation_full_features,lightgbm,26,893119,BILL_AMT4,0.02911534706554636,0.015192729992866572,26,1.0,BILL_AMT4,False,False
taiwan,ablation_full_features,lightgbm,26,893119,BILL_AMT6,0.028568591586012586,-0.0029854552619089326,27,-1.0,BILL_AMT6,False,False
taiwan,ablation_full_features,lightgbm,26,893119,EDUCATION_2,0.02845169686230954,-5.5162783967136486e-05,28,-1.0,EDUCATION,False,False
taiwan,ablation_full_features,lightgbm,26,893119,PAY_AMT5,0.0277371107324812,0.0019552428310062116,29,1.0,PAY_AMT5,False,False
taiwan,ablation_full_features,lightgbm,26,893119,payment_volatility,0.027638272767509478,-0.0012842971196633476,30,-1.0,payment_volatility,False,False
taiwan,ablation_full_features,lightgbm,26,893119,max_pay_amt,0.026431900386419082,-0.0077222987608788094,31,-1.0,max_pay_amt,False,False
taiwan,ablation_full_features,lightgbm,26,893119,BILL_AMT3,0.024547199019782667,0.005415408650655508,32,1.0,BILL_AMT3,False,False
taiwan,ablation_full_features,lightgbm,26,893119,EDUCATION_4,0.02436038473821453,-0.00011697736761779248,33,-1.0,EDUCATION,False,False
taiwan,ablation_full_features,lightgbm,26,893119,MARRIAGE_1,0.0216954370206521,-0.00020851303733300977,34,-1.0,MARRIAGE,False,False
taiwan,ablation_full_features,lightgbm,26,893119,SEX_1,0.019492125325825806,7.461058971937016e-05,35,1.0,SEX,False,False
taiwan,ablation_full_features,lightgbm,26,893119,MARRIAGE_2,0.017615435954789902,0.00021946158215080622,36,1.0,MARRIAGE,False,False
taiwan,ablation_full_features,lightgbm,26,893119,PAY_6,0.017096492101702453,0.006864484352845484,37,1.0,PAY_6,False,False
taiwan,ablation_full_features,lightgbm,26,893119,avg_bill_amt,0.012769297486571825,-0.002814495354783826,38,-1.0,avg_bill_amt,False,False
taiwan,ablation_full_features,lightgbm,26,893119,PAY_2,0.010783581031808645,-0.0010876320791487369,39,-1.0,PAY_2,False,False
taiwan,ablation_full_features,lightgbm,26,893119,PAY_5,0.008543116286186534,-1.0225409806970376e-05,40,-1.0,PAY_5,False,False
taiwan,ablation_full_features,lightgbm,26,893119,avg_pay_amt,0.008426485968457473,0.0013065720666635746,41,1.0,avg_pay_amt,False,False
taiwan,ablation_full_features,lightgbm,26,893119,EDUCATION_1,0.006611624152547305,0.0008190872264317329,42,1.0,EDUCATION,False,False
taiwan,ablation_full_features,lightgbm,26,893119,PAY_4,0.005292909819741056,-7.499291076610221e-05,43,-1.0,PAY_4,False,False
taiwan,ablation_full_features,lightgbm,26,893119,SEX_2,0.00479543232694194,-2.87205062524125e-05,44,-1.0,SEX,False,False
taiwan,ablation_full_features,lightgbm,26,893119,EDUCATION_3,0.002315263133364744,0.00023678505555907607,45,1.0,EDUCATION,False,False
taiwan,ablation_full_features,lightgbm,26,893119,MARRIAGE_3,0.0010441760667973736,7.582788097500667e-05,46,1.0,MARRIAGE,False,False
taiwan,ablation_full_features,lightgbm,27,438858,recent_delay,0.2414133601680497,-0.007685551462442768,1,-1.0,recent_delay,True,True
taiwan,ablation_full_features,lightgbm,27,438858,PAY_0,0.21486653098100314,-0.05451429955902419,2,-1.0,PAY_0,True,True
taiwan,ablation_full_features,lightgbm,27,438858,delay_count,0.17485979148426525,0.038026923655846,3,1.0,delay_count,True,True
taiwan,ablation_full_features,lightgbm,27,438858,utilization_proxy,0.1683147105638381,0.00809625831285532,4,1.0,utilization_proxy,True,True
taiwan,ablation_full_features,lightgbm,27,438858,max_delay,0.155937131137671,0.015521681787138218,5,1.0,max_delay,True,True
taiwan,ablation_full_features,lightgbm,27,438858,LIMIT_BAL,0.1384701018302454,0.0015398763427348122,6,1.0,LIMIT_BAL,False,True
taiwan,ablation_full_features,lightgbm,27,438858,PAY_AMT1,0.08244091829968798,-0.0028428366033641356,7,-1.0,PAY_AMT1,False,True
taiwan,ablation_full_features,lightgbm,27,438858,payment_to_bill_ratio,0.07174037055248722,-0.0025823573352542046,8,-1.0,payment_to_bill_ratio,False,True
taiwan,ablation_full_features,lightgbm,27,438858,avg_delay,0.06981608912649143,-0.010569607393632099,9,-1.0,avg_delay,False,True
taiwan,ablation_full_features,lightgbm,27,438858,max_bill_amt,0.0693240693875162,-0.012870760579046752,10,-1.0,max_bill_amt,False,True
taiwan,ablation_full_features,lightgbm,27,438858,bill_trend,0.06923498034574395,-0.004339855606610276,11,-1.0,bill_trend,False,False
taiwan,ablation_full_features,lightgbm,27,438858,BILL_AMT1,0.06756643235111523,0.004784159738465111,12,1.0,BILL_AMT1,False,False
taiwan,ablation_full_features,lightgbm,27,438858,bill_volatility,0.06725269340389502,-0.0022862965758980542,13,-1.0,bill_volatility,False,False
taiwan,ablation_full_features,lightgbm,27,438858,PAY_AMT3,0.06492065562704973,-0.011207369321796511,14,-1.0,PAY_AMT3,False,False
taiwan,ablation_full_features,lightgbm,27,438858,PAY_AMT2,0.06073530617348192,-0.008630810026049976,15,-1.0,PAY_AMT2,False,False
taiwan,ablation_full_features,lightgbm,27,438858,total_pay_amt,0.055600608461613896,0.0021518706280180756,16,1.0,total_pay_amt,False,False
taiwan,ablation_full_features,lightgbm,27,438858,total_bill_amt,0.05045848694270537,-0.002224148016739571,17,-1.0,total_bill_amt,False,False
taiwan,ablation_full_features,lightgbm,27,438858,BILL_AMT5,0.049104862731518255,0.0216221946102077,18,1.0,BILL_AMT5,False,False
taiwan,ablation_full_features,lightgbm,27,438858,recent_payment_intensity,0.04837953460116054,0.0030039946985144896,19,1.0,recent_payment_intensity,False,False
taiwan,ablation_full_features,lightgbm,27,438858,PAY_AMT6,0.044604760666225964,0.0027962431988749893,20,1.0,PAY_AMT6,False,False
taiwan,ablation_full_features,lightgbm,27,438858,PAY_AMT4,0.0443046117578216,0.0019485770453904058,21,1.0,PAY_AMT4,False,False
taiwan,ablation_full_features,lightgbm,27,438858,BILL_AMT6,0.04050566867551108,0.0005596457398142913,22,1.0,BILL_AMT6,False,False
taiwan,ablation_full_features,lightgbm,27,438858,PAY_3,0.036185996197497655,-0.009339143354194664,23,-1.0,PAY_3,False,False
taiwan,ablation_full_features,lightgbm,27,438858,AGE,0.031995953297278716,0.0007617908790780269,24,1.0,AGE,False,False
taiwan,ablation_full_features,lightgbm,27,438858,payment_volatility,0.029845832871632505,-0.00010403931657214679,25,-1.0,payment_volatility,False,False
taiwan,ablation_full_features,lightgbm,27,438858,BILL_AMT4,0.028498493808053638,0.009276192071612857,26,1.0,BILL_AMT4,False,False
taiwan,ablation_full_features,lightgbm,27,438858,PAY_AMT5,0.026941443549061764,-0.0014307754065420574,27,-1.0,PAY_AMT5,False,False
taiwan,ablation_full_features,lightgbm,27,438858,EDUCATION_4,0.026005374435306018,-0.0002718651237349095,28,-1.0,EDUCATION,False,False
taiwan,ablation_full_features,lightgbm,27,438858,BILL_AMT3,0.0257806076146808,0.009355616292588614,29,1.0,BILL_AMT3,False,False
taiwan,ablation_full_features,lightgbm,27,438858,BILL_AMT2,0.025228513631899176,0.0013838900641996697,30,1.0,BILL_AMT2,False,False
taiwan,ablation_full_features,lightgbm,27,438858,severe_delay_count,0.025122291277687135,-0.0018460586483361068,31,-1.0,severe_delay_count,False,False
taiwan,ablation_full_features,lightgbm,27,438858,EDUCATION_2,0.02384586192520772,0.0004583223734307374,32,1.0,EDUCATION,False,False
taiwan,ablation_full_features,lightgbm,27,438858,max_pay_amt,0.02126238946310636,-0.0027559198264511644,33,-1.0,max_pay_amt,False,False
taiwan,ablation_full_features,lightgbm,27,438858,MARRIAGE_2,0.020779152520233712,-0.0009324052529988894,34,-1.0,MARRIAGE,False,False
taiwan,ablation_full_features,lightgbm,27,438858,MARRIAGE_1,0.017781310242533606,0.0004831137401596822,35,1.0,MARRIAGE,False,False
taiwan,ablation_full_features,lightgbm,27,438858,SEX_1,0.017532701737628237,-0.00012846495436140968,36,-1.0,SEX,False,False
taiwan,ablation_full_features,lightgbm,27,438858,PAY_6,0.0175213089749708,-0.0001541177331605084,37,-1.0,PAY_6,False,False
taiwan,ablation_full_features,lightgbm,27,438858,avg_bill_amt,0.013061749830647552,0.0001895700165300302,38,1.0,avg_bill_amt,False,False
taiwan,ablation_full_features,lightgbm,27,438858,PAY_2,0.01203168688207601,-0.0034064884471246984,39,-1.0,PAY_2,False,False
taiwan,ablation_full_features,lightgbm,27,438858,avg_pay_amt,0.010687154650257222,-0.002096181373917943,40,-1.0,avg_pay_amt,False,False
taiwan,ablation_full_features,lightgbm,27,438858,EDUCATION_1,0.0061895255187401025,0.0008728731737695385,41,1.0,EDUCATION,False,False
taiwan,ablation_full_features,lightgbm,27,438858,PAY_5,0.005252955056267731,-0.0004571058099656726,42,-1.0,PAY_5,False,False
taiwan,ablation_full_features,lightgbm,27,438858,PAY_4,0.004810750023729301,0.00039364024818587057,43,1.0,PAY_4,False,False
taiwan,ablation_full_features,lightgbm,27,438858,SEX_2,0.0019007709215435535,9.539782909003093e-05,44,1.0,SEX,False,False
taiwan,ablation_full_features,lightgbm,27,438858,EDUCATION_3,0.0017876107207331132,0.00023412997543719116,45,1.0,EDUCATION,False,False
taiwan,ablation_full_features,lightgbm,27,438858,MARRIAGE_3,0.00038433932509499767,2.2987185810496284e-05,46,1.0,MARRIAGE,False,False
taiwan,ablation_full_features,lightgbm,28,92135,recent_delay,0.27173525930904546,-0.011511512501767294,1,-1.0,recent_delay,True,True
taiwan,ablation_full_features,lightgbm,28,92135,PAY_0,0.2058289789820552,-0.05183714841152529,2,-1.0,PAY_0,True,True
taiwan,ablation_full_features,lightgbm,28,92135,delay_count,0.1861545977571918,0.04126194603868328,3,1.0,delay_count,True,True
taiwan,ablation_full_features,lightgbm,28,92135,utilization_proxy,0.1657704570674731,0.013856643490763784,4,1.0,utilization_proxy,True,True
taiwan,ablation_full_features,lightgbm,28,92135,LIMIT_BAL,0.14164205851011588,0.0022216343104840474,5,1.0,LIMIT_BAL,True,True
taiwan,ablation_full_features,lightgbm,28,92135,max_delay,0.09731754391339695,0.009399357379288533,6,1.0,max_delay,False,True
taiwan,ablation_full_features,lightgbm,28,92135,PAY_AMT1,0.07749492374850936,0.00039426542666674987,7,1.0,PAY_AMT1,False,True
taiwan,ablation_full_features,lightgbm,28,92135,avg_delay,0.07703046180255087,-0.011832923925017877,8,-1.0,avg_delay,False,True
taiwan,ablation_full_features,lightgbm,28,92135,payment_to_bill_ratio,0.07354404544723643,-0.002179693588332139,9,-1.0,payment_to_bill_ratio,False,True
taiwan,ablation_full_features,lightgbm,28,92135,PAY_AMT2,0.0689926926547689,-0.0025578703812077267,10,-1.0,PAY_AMT2,False,True
taiwan,ablation_full_features,lightgbm,28,92135,bill_volatility,0.06773377525049684,0.003940204968457516,11,1.0,bill_volatility,False,False
taiwan,ablation_full_features,lightgbm,28,92135,bill_trend,0.06484220817687408,-0.007977261219935012,12,-1.0,bill_trend,False,False
taiwan,ablation_full_features,lightgbm,28,92135,BILL_AMT1,0.06447731222527564,-0.007900652837208437,13,-1.0,BILL_AMT1,False,False
taiwan,ablation_full_features,lightgbm,28,92135,PAY_AMT3,0.06440624674403123,-0.00814651325283603,14,-1.0,PAY_AMT3,False,False
taiwan,ablation_full_features,lightgbm,28,92135,max_bill_amt,0.0627353527240042,-0.008229735325196153,15,-1.0,max_bill_amt,False,False
taiwan,ablation_full_features,lightgbm,28,92135,total_pay_amt,0.05932506982625614,-0.0026621335460638314,16,-1.0,total_pay_amt,False,False
taiwan,ablation_full_features,lightgbm,28,92135,total_bill_amt,0.04929596404245059,-0.001762492239968029,17,-1.0,total_bill_amt,False,False
taiwan,ablation_full_features,lightgbm,28,92135,recent_payment_intensity,0.04790366817201325,0.0009723928041413516,18,1.0,recent_payment_intensity,False,False
taiwan,ablation_full_features,lightgbm,28,92135,PAY_AMT4,0.044096275182883726,8.324299807207738e-05,19,1.0,PAY_AMT4,False,False
taiwan,ablation_full_features,lightgbm,28,92135,PAY_AMT6,0.04322511051635785,0.004083792136881086,20,1.0,PAY_AMT6,False,False
taiwan,ablation_full_features,lightgbm,28,92135,severe_delay_count,0.041422705500449755,-0.0052621342125452305,21,-1.0,severe_delay_count,False,False
taiwan,ablation_full_features,lightgbm,28,92135,PAY_3,0.03868269771036373,-0.010226535780685327,22,-1.0,PAY_3,False,False
taiwan,ablation_full_features,lightgbm,28,92135,BILL_AMT5,0.0365279706055636,0.009225477391148795,23,1.0,BILL_AMT5,False,False
taiwan,ablation_full_features,lightgbm,28,92135,AGE,0.03343064658101047,0.0016980248940538652,24,1.0,AGE,False,False
taiwan,ablation_full_features,lightgbm,28,92135,BILL_AMT2,0.03036665988303342,0.0003501887039486028,25,1.0,BILL_AMT2,False,False
taiwan,ablation_full_features,lightgbm,28,92135,EDUCATION_2,0.028345191035006385,-0.0002583523907393526,26,-1.0,EDUCATION,False,False
taiwan,ablation_full_features,lightgbm,28,92135,BILL_AMT4,0.026639162587956365,0.006738406507052309,27,1.0,BILL_AMT4,False,False
taiwan,ablation_full_features,lightgbm,28,92135,BILL_AMT6,0.026292095788938066,0.00011650189921747171,28,1.0,BILL_AMT6,False,False
taiwan,ablation_full_features,lightgbm,28,92135,BILL_AMT3,0.026077481225230802,0.01545134724508118,29,1.0,BILL_AMT3,False,False
taiwan,ablation_full_features,lightgbm,28,92135,PAY_AMT5,0.02593762808333418,-0.006314215776784785,30,-1.0,PAY_AMT5,False,False
taiwan,ablation_full_features,lightgbm,28,92135,payment_volatility,0.025114576371408542,-0.0004712789222729087,31,-1.0,payment_volatility,False,False
taiwan,ablation_full_features,lightgbm,28,92135,EDUCATION_4,0.025043106454753324,-0.00039169447152773086,32,-1.0,EDUCATION,False,False
taiwan,ablation_full_features,lightgbm,28,92135,max_pay_amt,0.022184952717458916,-0.0006595396721884849,33,-1.0,max_pay_amt,False,False
taiwan,ablation_full_features,lightgbm,28,92135,MARRIAGE_1,0.020070573710041673,8.266181893858279e-05,34,1.0,MARRIAGE,False,False
taiwan,ablation_full_features,lightgbm,28,92135,MARRIAGE_2,0.019934932866187013,-0.0009318885853308878,35,-1.0,MARRIAGE,False,False
taiwan,ablation_full_features,lightgbm,28,92135,PAY_6,0.01962937102760042,0.010877174137373257,36,1.0,PAY_6,False,False
taiwan,ablation_full_features,lightgbm,28,92135,PAY_2,0.016016801994475614,-0.0015298732951746683,37,-1.0,PAY_2,False,False
taiwan,ablation_full_features,lightgbm,28,92135,SEX_1,0.01590573753242952,0.00017691894345974772,38,1.0,SEX,False,False
taiwan,ablation_full_features,lightgbm,28,92135,avg_pay_amt,0.008850316511615011,4.827922526222368e-05,39,1.0,avg_pay_amt,False,False
taiwan,ablation_full_features,lightgbm,28,92135,PAY_5,0.005908276748932367,0.0003128695956400401,40,1.0,PAY_5,False,False
taiwan,ablation_full_features,lightgbm,28,92135,EDUCATION_1,0.005568649336897147,0.0006900950670148561,41,1.0,EDUCATION,False,False
taiwan,ablation_full_features,lightgbm,28,92135,PAY_4,0.005461622707005625,0.0016639843377127936,42,1.0,PAY_4,False,False
taiwan,ablation_full_features,lightgbm,28,92135,SEX_2,0.004774462177821195,4.260255611882325e-05,43,1.0,SEX,False,False
taiwan,ablation_full_features,lightgbm,28,92135,avg_bill_amt,0.004276343978078967,2.25311649128238e-05,44,1.0,avg_bill_amt,False,False
taiwan,ablation_full_features,lightgbm,28,92135,EDUCATION_3,0.002021384624822402,-0.00023640217000011585,45,-1.0,EDUCATION,False,False
taiwan,ablation_full_features,lightgbm,28,92135,MARRIAGE_3,0.00019189835023849782,1.2269817978458717e-05,46,1.0,MARRIAGE,False,False
taiwan,ablation_full_features,lightgbm,29,858560,recent_delay,0.28946091041274075,-0.008821666499442783,1,-1.0,recent_delay,True,True
taiwan,ablation_full_features,lightgbm,29,858560,PAY_0,0.20102162843326243,-0.054436189472553145,2,-1.0,PAY_0,True,True
taiwan,ablation_full_features,lightgbm,29,858560,delay_count,0.17629813338918723,0.04236796404770332,3,1.0,delay_count,True,True
taiwan,ablation_full_features,lightgbm,29,858560,utilization_proxy,0.16595398451252658,0.012607868813490505,4,1.0,utilization_proxy,True,True
taiwan,ablation_full_features,lightgbm,29,858560,LIMIT_BAL,0.1434173026538922,0.00710364398674923,5,1.0,LIMIT_BAL,True,True
taiwan,ablation_full_features,lightgbm,29,858560,max_delay,0.11497001725510494,0.006312944153323586,6,1.0,max_delay,False,True
taiwan,ablation_full_features,lightgbm,29,858560,PAY_AMT1,0.085170746918223,-0.002999284806909696,7,-1.0,PAY_AMT1,False,True
taiwan,ablation_full_features,lightgbm,29,858560,avg_delay,0.07812161559442,-0.012427699096804584,8,-1.0,avg_delay,False,True
taiwan,ablation_full_features,lightgbm,29,858560,payment_to_bill_ratio,0.07555814771816075,8.879687197330624e-05,9,1.0,payment_to_bill_ratio,False,True
taiwan,ablation_full_features,lightgbm,29,858560,bill_trend,0.07528383066904513,-0.005038649116154567,10,-1.0,bill_trend,False,True
taiwan,ablation_full_features,lightgbm,29,858560,max_bill_amt,0.07189542469953418,-0.013207665727322772,11,-1.0,max_bill_amt,False,False
taiwan,ablation_full_features,lightgbm,29,858560,PAY_AMT2,0.07081599252891914,-0.0034379316367665435,12,-1.0,PAY_AMT2,False,False
taiwan,ablation_full_features,lightgbm,29,858560,bill_volatility,0.06747990236880375,-0.0038454161203512484,13,-1.0,bill_volatility,False,False
taiwan,ablation_full_features,lightgbm,29,858560,PAY_AMT3,0.06674846182935423,-0.00900968310311559,14,-1.0,PAY_AMT3,False,False
taiwan,ablation_full_features,lightgbm,29,858560,BILL_AMT1,0.06093882514689577,-0.00495496786008121,15,-1.0,BILL_AMT1,False,False
taiwan,ablation_full_features,lightgbm,29,858560,total_pay_amt,0.05247352108689942,-0.0089347210185024,16,-1.0,total_pay_amt,False,False
taiwan,ablation_full_features,lightgbm,29,858560,recent_payment_intensity,0.04664341096841785,-0.0003455293492434955,17,-1.0,recent_payment_intensity,False,False
taiwan,ablation_full_features,lightgbm,29,858560,PAY_AMT6,0.046576320259927084,0.005423929310421765,18,1.0,PAY_AMT6,False,False
taiwan,ablation_full_features,lightgbm,29,858560,total_bill_amt,0.04596289986733267,0.0025362667103338093,19,1.0,total_bill_amt,False,False
taiwan,ablation_full_features,lightgbm,29,858560,BILL_AMT5,0.0402889898287161,0.009830958962743738,20,1.0,BILL_AMT5,False,False
taiwan,ablation_full_features,lightgbm,29,858560,PAY_AMT4,0.040251866877233124,0.0029399338822769785,21,1.0,PAY_AMT4,False,False
taiwan,ablation_full_features,lightgbm,29,858560,PAY_3,0.03735189273140631,-0.00514104012538715,22,-1.0,PAY_3,False,False
taiwan,ablation_full_features,lightgbm,29,858560,BILL_AMT4,0.0340927103239305,0.016292795068527197,23,1.0,BILL_AMT4,False,False
taiwan,ablation_full_features,lightgbm,29,858560,PAY_AMT5,0.031418335006227614,-0.002605479952627479,24,-1.0,PAY_AMT5,False,False
taiwan,ablation_full_features,lightgbm,29,858560,AGE,0.03076975623202488,0.0008056469107990732,25,1.0,AGE,False,False
taiwan,ablation_full_features,lightgbm,29,858560,BILL_AMT2,0.027929388750473447,-0.0007433809483423306,26,-1.0,BILL_AMT2,False,False
taiwan,ablation_full_features,lightgbm,29,858560,EDUCATION_2,0.026928193062358923,0.0003217066486571596,27,1.0,EDUCATION,False,False
taiwan,ablation_full_features,lightgbm,29,858560,payment_volatility,0.026926277810045078,-0.0037719647527332616,28,-1.0,payment_volatility,False,False
taiwan,ablation_full_features,lightgbm,29,858560,EDUCATION_4,0.024804996075405907,-0.00019659076948797693,29,-1.0,EDUCATION,False,False
taiwan,ablation_full_features,lightgbm,29,858560,severe_delay_count,0.024033205191290558,-0.0020904079777526075,30,-1.0,severe_delay_count,False,False
taiwan,ablation_full_features,lightgbm,29,858560,max_pay_amt,0.023743969980127847,-0.0009499716842596845,31,-1.0,max_pay_amt,False,False
taiwan,ablation_full_features,lightgbm,29,858560,BILL_AMT3,0.023200783766461886,0.006344062787338536,32,1.0,BILL_AMT3,False,False
taiwan,ablation_full_features,lightgbm,29,858560,BILL_AMT6,0.02277137519046475,0.007275426703904403,33,1.0,BILL_AMT6,False,False
taiwan,ablation_full_features,lightgbm,29,858560,SEX_1,0.021012178564864887,0.0006262995674183665,34,1.0,SEX,False,False
taiwan,ablation_full_features,lightgbm,29,858560,MARRIAGE_1,0.020206837143211004,-0.00016882844359166393,35,-1.0,MARRIAGE,False,False
taiwan,ablation_full_features,lightgbm,29,858560,PAY_6,0.01829583712829702,0.005650526668931852,36,1.0,PAY_6,False,False
taiwan,ablation_full_features,lightgbm,29,858560,MARRIAGE_2,0.016551160648721315,0.00033803358154355236,37,1.0,MARRIAGE,False,False
taiwan,ablation_full_features,lightgbm,29,858560,PAY_2,0.014035284231831835,0.0003410777468370325,38,1.0,PAY_2,False,False
taiwan,ablation_full_features,lightgbm,29,858560,avg_bill_amt,0.008298520985197221,0.0013653052395375532,39,1.0,avg_bill_amt,False,False
taiwan,ablation_full_features,lightgbm,29,858560,avg_pay_amt,0.0074640982019401085,-0.003510297042106998,40,-1.0,avg_pay_amt,False,False
taiwan,ablation_full_features,lightgbm,29,858560,PAY_4,0.007234909631122008,0.0008375630701445106,41,1.0,PAY_4,False,False
taiwan,ablation_full_features,lightgbm,29,858560,PAY_5,0.006984975637083373,0.0005370773478222098,42,1.0,PAY_5,False,False
taiwan,ablation_full_features,lightgbm,29,858560,EDUCATION_1,0.006848097779501039,0.0005571101050287352,43,1.0,EDUCATION,False,False
taiwan,ablation_full_features,lightgbm,29,858560,EDUCATION_3,0.0022259316759631735,0.0002684140280505566,44,1.0,EDUCATION,False,False
taiwan,ablation_full_features,lightgbm,29,858560,SEX_2,0.0018017304394153486,5.36254378099175e-05,45,1.0,SEX,False,False
taiwan,ablation_full_features,lightgbm,29,858560,MARRIAGE_3,0.0002596974785733335,2.561110164934371e-05,46,1.0,MARRIAGE,False,False
taiwan,ablation_full_features,lightgbm,30,926740,recent_delay,0.23922440567380587,-0.008795739696968433,1,-1.0,recent_delay,True,True
taiwan,ablation_full_features,lightgbm,30,926740,PAY_0,0.22765475505534097,-0.05540606379670131,2,-1.0,PAY_0,True,True
taiwan,ablation_full_features,lightgbm,30,926740,max_delay,0.16179638359187856,0.014849611823512604,3,1.0,max_delay,True,True
taiwan,ablation_full_features,lightgbm,30,926740,utilization_proxy,0.15811346845736896,0.014828229585703345,4,1.0,utilization_proxy,True,True
taiwan,ablation_full_features,lightgbm,30,926740,delay_count,0.147586824540391,0.035641842006508516,5,1.0,delay_count,True,True
taiwan,ablation_full_features,lightgbm,30,926740,LIMIT_BAL,0.1449100481674117,0.007264712434344405,6,1.0,LIMIT_BAL,False,True
taiwan,ablation_full_features,lightgbm,30,926740,payment_to_bill_ratio,0.08242189274685341,-0.011466871634332639,7,-1.0,payment_to_bill_ratio,False,True
taiwan,ablation_full_features,lightgbm,30,926740,PAY_AMT1,0.07261919289040264,0.0007845710829591354,8,1.0,PAY_AMT1,False,True
taiwan,ablation_full_features,lightgbm,30,926740,bill_trend,0.07097222797137989,-0.0024951471070036083,9,-1.0,bill_trend,False,True
taiwan,ablation_full_features,lightgbm,30,926740,avg_delay,0.07059492374443609,-0.014209944606618206,10,-1.0,avg_delay,False,True
taiwan,ablation_full_features,lightgbm,30,926740,bill_volatility,0.0632185652028738,-0.00423978102643285,11,-1.0,bill_volatility,False,False
taiwan,ablation_full_features,lightgbm,30,926740,PAY_AMT2,0.06308464071373418,0.0007085746743994969,12,1.0,PAY_AMT2,False,False
taiwan,ablation_full_features,lightgbm,30,926740,max_bill_amt,0.06274594814454394,-0.004298175401746611,13,-1.0,max_bill_amt,False,False
taiwan,ablation_full_features,lightgbm,30,926740,BILL_AMT1,0.06265406711818894,0.005544655057896668,14,1.0,BILL_AMT1,False,False
taiwan,ablation_full_features,lightgbm,30,926740,PAY_AMT3,0.06136134700416191,-0.012947890846466822,15,-1.0,PAY_AMT3,False,False
taiwan,ablation_full_features,lightgbm,30,926740,total_pay_amt,0.050709389666176254,-0.01042210431907568,16,-1.0,total_pay_amt,False,False
taiwan,ablation_full_features,lightgbm,30,926740,recent_payment_intensity,0.047164760738196115,0.0046482673774934265,17,1.0,recent_payment_intensity,False,False
taiwan,ablation_full_features,lightgbm,30,926740,total_bill_amt,0.046916324231874786,-0.005029385600513733,18,-1.0,total_bill_amt,False,False
taiwan,ablation_full_features,lightgbm,30,926740,PAY_AMT4,0.043416753985556916,0.004820177720783383,19,1.0,PAY_AMT4,False,False
taiwan,ablation_full_features,lightgbm,30,926740,PAY_AMT6,0.043041553166771364,0.0005011567572426539,20,1.0,PAY_AMT6,False,False
taiwan,ablation_full_features,lightgbm,30,926740,BILL_AMT5,0.04006338618378805,0.005664553705647967,21,1.0,BILL_AMT5,False,False
taiwan,ablation_full_features,lightgbm,30,926740,PAY_3,0.03432596689122627,-0.007158990907717421,22,-1.0,PAY_3,False,False
taiwan,ablation_full_features,lightgbm,30,926740,AGE,0.031773163686797515,0.0008217786858274644,23,1.0,AGE,False,False
taiwan,ablation_full_features,lightgbm,30,926740,payment_volatility,0.031086673019660095,-0.001979661422478525,24,-1.0,payment_volatility,False,False
taiwan,ablation_full_features,lightgbm,30,926740,BILL_AMT6,0.03044191404754397,0.0048455078640488045,25,1.0,BILL_AMT6,False,False
taiwan,ablation_full_features,lightgbm,30,926740,max_pay_amt,0.028891805504217948,0.0028008221914341577,26,1.0,max_pay_amt,False,False
taiwan,ablation_full_features,lightgbm,30,926740,BILL_AMT3,0.028809302995353534,0.004001826297387466,27,1.0,BILL_AMT3,False,False
taiwan,ablation_full_features,lightgbm,30,926740,BILL_AMT2,0.027987697135150355,0.0011055787220236985,28,1.0,BILL_AMT2,False,False
taiwan,ablation_full_features,lightgbm,30,926740,EDUCATION_2,0.027617459995381302,0.0007348153779848765,29,1.0,EDUCATION,False,False
taiwan,ablation_full_features,lightgbm,30,926740,EDUCATION_4,0.026167987329312335,-0.0004019099815943196,30,-1.0,EDUCATION,False,False
taiwan,ablation_full_features,lightgbm,30,926740,PAY_AMT5,0.02479323810231902,0.0007776848546426121,31,1.0,PAY_AMT5,False,False
taiwan,ablation_full_features,lightgbm,30,926740,BILL_AMT4,0.02378649592047876,0.009411411845181308,32,1.0,BILL_AMT4,False,False
taiwan,ablation_full_features,lightgbm,30,926740,severe_delay_count,0.02244959972311397,-0.0010291690990582825,33,-1.0,severe_delay_count,False,False
taiwan,ablation_full_features,lightgbm,30,926740,MARRIAGE_1,0.02225045846595573,0.000726983662636431,34,1.0,MARRIAGE,False,False
taiwan,ablation_full_features,lightgbm,30,926740,PAY_6,0.018803027091009526,0.0034650909168845935,35,1.0,PAY_6,False,False
taiwan,ablation_full_features,lightgbm,30,926740,avg_pay_amt,0.018556939392543628,0.001498465524907887,36,1.0,avg_pay_amt,False,False
taiwan,ablation_full_features,lightgbm,30,926740,PAY_2,0.016054680848214244,-0.0025693500897785958,37,-1.0,PAY_2,False,False
taiwan,ablation_full_features,lightgbm,30,926740,SEX_1,0.015369619623897187,0.0005396973704199188,38,1.0,SEX,False,False
taiwan,ablation_full_features,lightgbm,30,926740,MARRIAGE_2,0.013375656970658085,-3.8897182777172306e-06,39,-1.0,MARRIAGE,False,False
taiwan,ablation_full_features,lightgbm,30,926740,PAY_5,0.008163977899579879,-0.0009626493949709846,40,-1.0,PAY_5,False,False
taiwan,ablation_full_features,lightgbm,30,926740,avg_bill_amt,0.008024384351099222,-0.0009236112893587497,41,-1.0,avg_bill_amt,False,False
taiwan,ablation_full_features,lightgbm,30,926740,PAY_4,0.007332470859136187,0.0017307277950585247,42,1.0,PAY_4,False,False
taiwan,ablation_full_features,lightgbm,30,926740,EDUCATION_1,0.005718367123359634,0.0005327238921948101,43,1.0,EDUCATION,False,False
taiwan,ablation_full_features,lightgbm,30,926740,SEX_2,0.004885433228724472,-5.878089876428405e-05,44,-1.0,SEX,False,False
taiwan,ablation_full_features,lightgbm,30,926740,EDUCATION_3,0.00240799170936682,0.00029217247447762775,45,1.0,EDUCATION,False,False
taiwan,ablation_full_features,lightgbm,30,926740,MARRIAGE_3,0.00041071858363988655,3.637940979812015e-05,46,1.0,MARRIAGE,False,False
taiwan,ablation_full_features,lightgbm,31,631658,recent_delay,0.266061895795339,-0.009327598272729097,1,-1.0,recent_delay,True,True
taiwan,ablation_full_features,lightgbm,31,631658,PAY_0,0.21356696898843525,-0.05040972437950456,2,-1.0,PAY_0,True,True
taiwan,ablation_full_features,lightgbm,31,631658,delay_count,0.17970230309082932,0.042409210227258035,3,1.0,delay_count,True,True
taiwan,ablation_full_features,lightgbm,31,631658,utilization_proxy,0.1579294216701443,0.0053857459995515135,4,1.0,utilization_proxy,True,True
taiwan,ablation_full_features,lightgbm,31,631658,LIMIT_BAL,0.14943696728919556,-0.0007350590550508307,5,-1.0,LIMIT_BAL,True,True
taiwan,ablation_full_features,lightgbm,31,631658,max_delay,0.12075695041300956,0.011184801241237984,6,1.0,max_delay,False,True
taiwan,ablation_full_features,lightgbm,31,631658,PAY_AMT1,0.0808773529381448,-0.0012122706201393638,7,-1.0,PAY_AMT1,False,True
taiwan,ablation_full_features,lightgbm,31,631658,payment_to_bill_ratio,0.07287010680166621,-0.006322790073532305,8,-1.0,payment_to_bill_ratio,False,True
taiwan,ablation_full_features,lightgbm,31,631658,BILL_AMT1,0.06743788349762406,-0.0029257697271743537,9,-1.0,BILL_AMT1,False,True
taiwan,ablation_full_features,lightgbm,31,631658,bill_volatility,0.06725968057673365,0.006738853369076956,10,1.0,bill_volatility,False,True
taiwan,ablation_full_features,lightgbm,31,631658,bill_trend,0.06702946442984556,-0.00839766023109579,11,-1.0,bill_trend,False,False
taiwan,ablation_full_features,lightgbm,31,631658,PAY_AMT3,0.06664650322322362,-0.015278123757528498,12,-1.0,PAY_AMT3,False,False
taiwan,ablation_full_features,lightgbm,31,631658,max_bill_amt,0.06527130071168856,-0.006287153739578683,13,-1.0,max_bill_amt,False,False
taiwan,ablation_full_features,lightgbm,31,631658,total_pay_amt,0.06505872654201847,-0.015100409942162772,14,-1.0,total_pay_amt,False,False
taiwan,ablation_full_features,lightgbm,31,631658,PAY_AMT2,0.05943093016981515,-0.00026084255584652447,15,-1.0,PAY_AMT2,False,False
taiwan,ablation_full_features,lightgbm,31,631658,avg_delay,0.053638763872341795,-0.010729146326910813,16,-1.0,avg_delay,False,False
taiwan,ablation_full_features,lightgbm,31,631658,PAY_AMT4,0.04804051778065107,0.005084973920316047,17,1.0,PAY_AMT4,False,False
taiwan,ablation_full_features,lightgbm,31,631658,recent_payment_intensity,0.04768807425735436,0.009121445714754295,18,1.0,recent_payment_intensity,False,False
taiwan,ablation_full_features,lightgbm,31,631658,BILL_AMT5,0.04541782899114718,0.011473737471166567,19,1.0,BILL_AMT5,False,False
taiwan,ablation_full_features,lightgbm,31,631658,PAY_AMT6,0.04424149309886349,0.0022910281035581903,20,1.0,PAY_AMT6,False,False
taiwan,ablation_full_features,lightgbm,31,631658,total_bill_amt,0.04218023496702619,-0.005142242033216063,21,-1.0,total_bill_amt,False,False
taiwan,ablation_full_features,lightgbm,31,631658,severe_delay_count,0.041634158609957964,-0.004136366503296631,22,-1.0,severe_delay_count,False,False
taiwan,ablation_full_features,lightgbm,31,631658,BILL_AMT6,0.03690556713440999,0.0029722093526841522,23,1.0,BILL_AMT6,False,False
taiwan,ablation_full_features,lightgbm,31,631658,PAY_3,0.03655821108899862,-0.014433225081614308,24,-1.0,PAY_3,False,False
taiwan,ablation_full_features,lightgbm,31,631658,AGE,0.031621021501932516,0.0013203371328124802,25,1.0,AGE,False,False
taiwan,ablation_full_features,lightgbm,31,631658,BILL_AMT2,0.03144935305304571,-0.0017558359142214434,26,-1.0,BILL_AMT2,False,False
taiwan,ablation_full_features,lightgbm,31,631658,BILL_AMT4,0.031081280354091755,0.006888463216915695,27,1.0,BILL_AMT4,False,False
taiwan,ablation_full_features,lightgbm,31,631658,payment_volatility,0.030924029678685155,-0.004990382662252437,28,-1.0,payment_volatility,False,False
taiwan,ablation_full_features,lightgbm,31,631658,BILL_AMT3,0.029671111498205505,0.015531240430505954,29,1.0,BILL_AMT3,False,False
taiwan,ablation_full_features,lightgbm,31,631658,EDUCATION_4,0.025760442977263286,-0.00024082162354765343,30,-1.0,EDUCATION,False,False
taiwan,ablation_full_features,lightgbm,31,631658,max_pay_amt,0.024560167137658403,0.0028140228428847327,31,1.0,max_pay_amt,False,False
taiwan,ablation_full_features,lightgbm,31,631658,EDUCATION_2,0.02441526145571244,0.0002512687330866412,32,1.0,EDUCATION,False,False
taiwan,ablation_full_features,lightgbm,31,631658,PAY_AMT5,0.023969913246071707,0.0018819236717322182,33,1.0,PAY_AMT5,False,False
taiwan,ablation_full_features,lightgbm,31,631658,MARRIAGE_1,0.019156583350446645,0.00035010025799367975,34,1.0,MARRIAGE,False,False
taiwan,ablation_full_features,lightgbm,31,631658,SEX_1,0.01898780217165407,9.34631381399818e-05,35,1.0,SEX,False,False
taiwan,ablation_full_features,lightgbm,31,631658,PAY_6,0.01875074261784911,0.004995918542052613,36,1.0,PAY_6,False,False
taiwan,ablation_full_features,lightgbm,31,631658,MARRIAGE_2,0.0157859785066636,-0.0006006105193584089,37,-1.0,MARRIAGE,False,False
taiwan,ablation_full_features,lightgbm,31,631658,PAY_5,0.009725673622161705,-1.1616726080130426e-05,38,-1.0,PAY_5,False,False
taiwan,ablation_full_features,lightgbm,31,631658,PAY_2,0.009499452865083947,-0.0005895620248713606,39,-1.0,PAY_2,False,False
taiwan,ablation_full_features,lightgbm,31,631658,avg_bill_amt,0.008261825643356126,0.0031963014096349504,40,1.0,avg_bill_amt,False,False
taiwan,ablation_full_features,lightgbm,31,631658,avg_pay_amt,0.00745678753119944,0.0006239426671980097,41,1.0,avg_pay_amt,False,False
taiwan,ablation_full_features,lightgbm,31,631658,EDUCATION_1,0.0067176978742185586,0.0005586090559123988,42,1.0,EDUCATION,False,False
taiwan,ablation_full_features,lightgbm,31,631658,PAY_4,0.005438133432620739,0.0012865849413119413,43,1.0,PAY_4,False,False
taiwan,ablation_full_features,lightgbm,31,631658,EDUCATION_3,0.0019011210742493393,0.00010742586712545204,44,1.0,EDUCATION,False,False
taiwan,ablation_full_features,lightgbm,31,631658,SEX_2,0.0017015774844363356,4.04682813975745e-05,45,1.0,SEX,False,False
taiwan,ablation_full_features,lightgbm,31,631658,MARRIAGE_3,0.0004941071281887358,5.4178974328957354e-05,46,1.0,MARRIAGE,False,False
taiwan,ablation_full_features,lightgbm,32,654541,recent_delay,0.26379523875606636,-0.014772154660522103,1,-1.0,recent_delay,True,True
taiwan,ablation_full_features,lightgbm,32,654541,PAY_0,0.20399384084548186,-0.04776872311432564,2,-1.0,PAY_0,True,True
taiwan,ablation_full_features,lightgbm,32,654541,delay_count,0.17795117935474192,0.03962024047658592,3,1.0,delay_count,True,True
taiwan,ablation_full_features,lightgbm,32,654541,utilization_proxy,0.15768843815274453,0.006571918204206473,4,1.0,utilization_proxy,True,True
taiwan,ablation_full_features,lightgbm,32,654541,LIMIT_BAL,0.15018650651087664,0.0024677622904484683,5,1.0,LIMIT_BAL,True,True
taiwan,ablation_full_features,lightgbm,32,654541,max_delay,0.1178386600072948,0.012219975149159365,6,1.0,max_delay,False,True
taiwan,ablation_full_features,lightgbm,32,654541,payment_to_bill_ratio,0.0799035296701101,-2.9384633328629224e-05,7,-1.0,payment_to_bill_ratio,False,True
taiwan,ablation_full_features,lightgbm,32,654541,PAY_AMT1,0.07533086957140572,-0.0014941055490902268,8,-1.0,PAY_AMT1,False,True
taiwan,ablation_full_features,lightgbm,32,654541,BILL_AMT1,0.07229746549801394,-0.005952013004793551,9,-1.0,BILL_AMT1,False,True
taiwan,ablation_full_features,lightgbm,32,654541,bill_volatility,0.0694969794095163,0.0022127297816618746,10,1.0,bill_volatility,False,True
taiwan,ablation_full_features,lightgbm,32,654541,bill_trend,0.06931217131634786,-0.002204229457331324,11,-1.0,bill_trend,False,False
taiwan,ablation_full_features,lightgbm,32,654541,total_pay_amt,0.06765398437387177,-0.005334222888479127,12,-1.0,total_pay_amt,False,False
taiwan,ablation_full_features,lightgbm,32,654541,PAY_AMT2,0.06650776014225887,-0.006690396514997995,13,-1.0,PAY_AMT2,False,False
taiwan,ablation_full_features,lightgbm,32,654541,PAY_AMT3,0.06324171952858994,-0.010593819622021048,14,-1.0,PAY_AMT3,False,False
taiwan,ablation_full_features,lightgbm,32,654541,avg_delay,0.061948921364231864,-0.010902706325576375,15,-1.0,avg_delay,False,False
taiwan,ablation_full_features,lightgbm,32,654541,max_bill_amt,0.06072454274217009,-0.007783630482922775,16,-1.0,max_bill_amt,False,False
taiwan,ablation_full_features,lightgbm,32,654541,severe_delay_count,0.04739026748579769,-0.00411427460668251,17,-1.0,severe_delay_count,False,False
taiwan,ablation_full_features,lightgbm,32,654541,recent_payment_intensity,0.04505285398843644,0.002488178870318461,18,1.0,recent_payment_intensity,False,False
taiwan,ablation_full_features,lightgbm,32,654541,PAY_AMT4,0.04268190319167824,0.005716179504996299,19,1.0,PAY_AMT4,False,False
taiwan,ablation_full_features,lightgbm,32,654541,BILL_AMT5,0.04141638570274973,0.014889349698412133,20,1.0,BILL_AMT5,False,False
taiwan,ablation_full_features,lightgbm,32,654541,PAY_AMT6,0.04054875647527791,0.0021913217813539073,21,1.0,PAY_AMT6,False,False
taiwan,ablation_full_features,lightgbm,32,654541,PAY_3,0.03898661372032481,-0.006771792960253705,22,-1.0,PAY_3,False,False
taiwan,ablation_full_features,lightgbm,32,654541,total_bill_amt,0.03720683696385907,-0.0023587894046499425,23,-1.0,total_bill_amt,False,False
taiwan,ablation_full_features,lightgbm,32,654541,AGE,0.03245858231968107,0.0016026549961514099,24,1.0,AGE,False,False
taiwan,ablation_full_features,lightgbm,32,654541,max_pay_amt,0.02780774974257731,-0.0023339199087059814,25,-1.0,max_pay_amt,False,False
taiwan,ablation_full_features,lightgbm,32,654541,payment_volatility,0.02776016472069785,-0.005376791954767371,26,-1.0,payment_volatility,False,False
taiwan,ablation_full_features,lightgbm,32,654541,BILL_AMT4,0.02735267644126761,0.009428557269161593,27,1.0,BILL_AMT4,False,False
taiwan,ablation_full_features,lightgbm,32,654541,BILL_AMT2,0.027126910816028846,-0.004437750816208788,28,-1.0,BILL_AMT2,False,False
taiwan,ablation_full_features,lightgbm,32,654541,EDUCATION_4,0.025703886322059954,-0.00011367753275579299,29,-1.0,EDUCATION,False,False
taiwan,ablation_full_features,lightgbm,32,654541,MARRIAGE_2,0.02548235829577787,-0.00040475009854964056,30,-1.0,MARRIAGE,False,False
taiwan,ablation_full_features,lightgbm,32,654541,BILL_AMT6,0.023791798806835397,0.005099553234223293,31,1.0,BILL_AMT6,False,False
taiwan,ablation_full_features,lightgbm,32,654541,EDUCATION_2,0.023718926859621448,0.0007543360582306691,32,1.0,EDUCATION,False,False
taiwan,ablation_full_features,lightgbm,32,654541,BILL_AMT3,0.02269544490906958,0.00842536367677885,33,1.0,BILL_AMT3,False,False
taiwan,ablation_full_features,lightgbm,32,654541,SEX_1,0.021637918381037943,0.00022600133768784333,34,1.0,SEX,False,False
taiwan,ablation_full_features,lightgbm,32,654541,PAY_AMT5,0.02102551135019406,0.0024907416565754623,35,1.0,PAY_AMT5,False,False
taiwan,ablation_full_features,lightgbm,32,654541,PAY_6,0.017059577047149718,0.007197002715596229,36,1.0,PAY_6,False,False
taiwan,ablation_full_features,lightgbm,32,654541,PAY_2,0.013519466591498308,-0.001795478802228421,37,-1.0,PAY_2,False,False
taiwan,ablation_full_features,lightgbm,32,654541,MARRIAGE_1,0.01187046130496907,-1.032946985696527e-05,38,-1.0,MARRIAGE,False,False
taiwan,ablation_full_features,lightgbm,32,654541,avg_pay_amt,0.009361613172777469,-0.0021031102347038207,39,-1.0,avg_pay_amt,False,False
taiwan,ablation_full_features,lightgbm,32,654541,PAY_5,0.006646944577451063,-0.0007088737405084462,40,-1.0,PAY_5,False,False
taiwan,ablation_full_features,lightgbm,32,654541,EDUCATION_1,0.006228330002149719,0.0005011586840988275,41,1.0,EDUCATION,False,False
taiwan,ablation_full_features,lightgbm,32,654541,PAY_4,0.005255186200032618,0.00015315666173619253,42,1.0,PAY_4,False,False
taiwan,ablation_full_features,lightgbm,32,654541,avg_bill_amt,0.0027875957998301027,-0.0002648010982329985,43,-1.0,avg_bill_amt,False,False
taiwan,ablation_full_features,lightgbm,32,654541,EDUCATION_3,0.0022997603441183337,0.00015250744848933123,44,1.0,EDUCATION,False,False
taiwan,ablation_full_features,lightgbm,32,654541,SEX_2,0.0020271237988023464,-8.391786878003864e-05,45,-1.0,SEX,False,False
taiwan,ablation_full_features,lightgbm,32,654541,MARRIAGE_3,0.0005914778243582045,4.287367405962786e-05,46,1.0,MARRIAGE,False,False
taiwan,ablation_full_features,lightgbm,33,735725,recent_delay,0.2692365523290198,-0.012816444295004684,1,-1.0,recent_delay,True,True
taiwan,ablation_full_features,lightgbm,33,735725,PAY_0,0.20177517442367024,-0.04818468927396492,2,-1.0,PAY_0,True,True
taiwan,ablation_full_features,lightgbm,33,735725,utilization_proxy,0.1657266746683162,0.0058082154867768404,3,1.0,utilization_proxy,True,True
taiwan,ablation_full_features,lightgbm,33,735725,delay_count,0.1490973248586509,0.03648970926886923,4,1.0,delay_count,True,True
taiwan,ablation_full_features,lightgbm,33,735725,max_delay,0.1481317697905549,0.012820736624554196,5,1.0,max_delay,True,True
taiwan,ablation_full_features,lightgbm,33,735725,LIMIT_BAL,0.1426712440820249,0.0037087944637175254,6,1.0,LIMIT_BAL,False,True
taiwan,ablation_full_features,lightgbm,33,735725,PAY_AMT1,0.09737315049201936,0.004380505161070017,7,1.0,PAY_AMT1,False,True
taiwan,ablation_full_features,lightgbm,33,735725,BILL_AMT1,0.07766101394634084,0.0066992221282032504,8,1.0,BILL_AMT1,False,True
taiwan,ablation_full_features,lightgbm,33,735725,payment_to_bill_ratio,0.07543335685794011,-0.004423403438338675,9,-1.0,payment_to_bill_ratio,False,True
taiwan,ablation_full_features,lightgbm,33,735725,avg_delay,0.07327934064964187,-0.013015603984712808,10,-1.0,avg_delay,False,True
taiwan,ablation_full_features,lightgbm,33,735725,bill_trend,0.06931073212993667,-0.007307427748437025,11,-1.0,bill_trend,False,False
taiwan,ablation_full_features,lightgbm,33,735725,bill_volatility,0.06748996019307557,0.003884499536866809,12,1.0,bill_volatility,False,False
taiwan,ablation_full_features,lightgbm,33,735725,PAY_AMT2,0.06709650944080711,-0.0027396872038803186,13,-1.0,PAY_AMT2,False,False
taiwan,ablation_full_features,lightgbm,33,735725,PAY_AMT3,0.06000290383431877,-0.008536997954550108,14,-1.0,PAY_AMT3,False,False
taiwan,ablation_full_features,lightgbm,33,735725,max_bill_amt,0.05637845951113352,-0.00599711286618529,15,-1.0,max_bill_amt,False,False
taiwan,ablation_full_features,lightgbm,33,735725,total_pay_amt,0.05606543953556424,-0.005428661762653093,16,-1.0,total_pay_amt,False,False
taiwan,ablation_full_features,lightgbm,33,735725,PAY_AMT6,0.04634319003690652,0.006212422484906893,17,1.0,PAY_AMT6,False,False
taiwan,ablation_full_features,lightgbm,33,735725,total_bill_amt,0.04586394479610578,-0.0124435889516491,18,-1.0,total_bill_amt,False,False
taiwan,ablation_full_features,lightgbm,33,735725,PAY_AMT4,0.04540470973670318,0.0031225416598611075,19,1.0,PAY_AMT4,False,False
taiwan,ablation_full_features,lightgbm,33,735725,recent_payment_intensity,0.044021747244105805,0.0019466350791340998,20,1.0,recent_payment_intensity,False,False
taiwan,ablation_full_features,lightgbm,33,735725,BILL_AMT5,0.04127293547747105,0.013799548295661055,21,1.0,BILL_AMT5,False,False
taiwan,ablation_full_features,lightgbm,33,735725,PAY_3,0.034193053507526536,-0.005294927096934467,22,-1.0,PAY_3,False,False
taiwan,ablation_full_features,lightgbm,33,735725,payment_volatility,0.032557008689575145,-0.005365048358449198,23,-1.0,payment_volatility,False,False
taiwan,ablation_full_features,lightgbm,33,735725,AGE,0.03227952418349632,0.002830131741257117,24,1.0,AGE,False,False
taiwan,ablation_full_features,lightgbm,33,735725,severe_delay_count,0.03140841242830258,-0.003472977251237444,25,-1.0,severe_delay_count,False,False
taiwan,ablation_full_features,lightgbm,33,735725,BILL_AMT2,0.03069090183070854,-0.0005894189446446152,26,-1.0,BILL_AMT2,False,False
taiwan,ablation_full_features,lightgbm,33,735725,BILL_AMT4,0.026378284193057478,0.005630656400327928,27,1.0,BILL_AMT4,False,False
taiwan,ablation_full_features,lightgbm,33,735725,EDUCATION_4,0.026328129008379074,-0.00041441079055767703,28,-1.0,EDUCATION,False,False
taiwan,ablation_full_features,lightgbm,33,735725,BILL_AMT6,0.026196126482936597,0.00044143252255139333,29,1.0,BILL_AMT6,False,False
taiwan,ablation_full_features,lightgbm,33,735725,PAY_AMT5,0.025960051544589528,0.0014481665033391268,30,1.0,PAY_AMT5,False,False
taiwan,ablation_full_features,lightgbm,33,735725,BILL_AMT3,0.025789303093470432,0.004755158567314072,31,1.0,BILL_AMT3,False,False
taiwan,ablation_full_features,lightgbm,33,735725,max_pay_amt,0.024508135886798593,-0.002920481522342941,32,-1.0,max_pay_amt,False,False
taiwan,ablation_full_features,lightgbm,33,735725,EDUCATION_2,0.022215831202612585,0.0005940580468707545,33,1.0,EDUCATION,False,False
taiwan,ablation_full_features,lightgbm,33,735725,SEX_1,0.01962431622277994,-6.955503708649854e-05,34,-1.0,SEX,False,False
taiwan,ablation_full_features,lightgbm,33,735725,MARRIAGE_2,0.01782936043668393,-0.001588139339239944,35,-1.0,MARRIAGE,False,False
taiwan,ablation_full_features,lightgbm,33,735725,PAY_6,0.0173703388317121,0.00530042295241156,36,1.0,PAY_6,False,False
taiwan,ablation_full_features,lightgbm,33,735725,MARRIAGE_1,0.016515646556999834,0.0007996578133137832,37,1.0,MARRIAGE,False,False
taiwan,ablation_full_features,lightgbm,33,735725,PAY_2,0.012164967124381375,-0.0009052116588069869,38,-1.0,PAY_2,False,False
taiwan,ablation_full_features,lightgbm,33,735725,PAY_5,0.007646990654006229,0.00027620892849815093,39,1.0,PAY_5,False,False
taiwan,ablation_full_features,lightgbm,33,735725,avg_pay_amt,0.00745022088664569,-0.0013397540009835143,40,-1.0,avg_pay_amt,False,False
taiwan,ablation_full_features,lightgbm,33,735725,EDUCATION_1,0.006567055715551985,0.00020508318987233636,41,1.0,EDUCATION,False,False
taiwan,ablation_full_features,lightgbm,33,735725,PAY_4,0.005990640491978834,0.0029714653708141922,42,1.0,PAY_4,False,False
taiwan,ablation_full_features,lightgbm,33,735725,SEX_2,0.004233379495673339,0.0001535162324150773,43,1.0,SEX,False,False
taiwan,ablation_full_features,lightgbm,33,735725,avg_bill_amt,0.0031056790488908294,-0.0007257223561701311,44,-1.0,avg_bill_amt,False,False
taiwan,ablation_full_features,lightgbm,33,735725,EDUCATION_3,0.0016390113269141304,-0.00011388961631430865,45,-1.0,EDUCATION,False,False
taiwan,ablation_full_features,lightgbm,33,735725,MARRIAGE_3,0.0007248253666660543,6.255456458288307e-05,46,1.0,MARRIAGE,False,False
taiwan,ablation_full_features,lightgbm,34,450451,recent_delay,0.2788433303900223,-0.007874664685473686,1,-1.0,recent_delay,True,True
taiwan,ablation_full_features,lightgbm,34,450451,PAY_0,0.2094279258927551,-0.0514276206641325,2,-1.0,PAY_0,True,True
taiwan,ablation_full_features,lightgbm,34,450451,delay_count,0.18498999811330397,0.038286933577101466,3,1.0,delay_count,True,True
taiwan,ablation_full_features,lightgbm,34,450451,utilization_proxy,0.17027906648761426,0.006347262161496276,4,1.0,utilization_proxy,True,True
taiwan,ablation_full_features,lightgbm,34,450451,LIMIT_BAL,0.14239223533182088,0.0014276532216589194,5,1.0,LIMIT_BAL,True,True
taiwan,ablation_full_features,lightgbm,34,450451,max_delay,0.1064943119915832,0.00956917652761587,6,1.0,max_delay,False,True
taiwan,ablation_full_features,lightgbm,34,450451,PAY_AMT1,0.08401381084463438,-0.0008423003482867901,7,-1.0,PAY_AMT1,False,True
taiwan,ablation_full_features,lightgbm,34,450451,payment_to_bill_ratio,0.07494852372098441,-0.0029313193085589327,8,-1.0,payment_to_bill_ratio,False,True
taiwan,ablation_full_features,lightgbm,34,450451,BILL_AMT1,0.07324090284611794,0.0007844668498159463,9,1.0,BILL_AMT1,False,True
taiwan,ablation_full_features,lightgbm,34,450451,bill_volatility,0.07032126150835835,0.005537190183507231,10,1.0,bill_volatility,False,True
taiwan,ablation_full_features,lightgbm,34,450451,avg_delay,0.06833305644657699,-0.012682396344865088,11,-1.0,avg_delay,False,False
taiwan,ablation_full_features,lightgbm,34,450451,PAY_AMT2,0.06642028876849779,-0.0014452476276408171,12,-1.0,PAY_AMT2,False,False
taiwan,ablation_full_features,lightgbm,34,450451,bill_trend,0.06594074308500983,-0.008097199793646398,13,-1.0,bill_trend,False,False
taiwan,ablation_full_features,lightgbm,34,450451,max_bill_amt,0.0593762410069351,-0.014148561005312345,14,-1.0,max_bill_amt,False,False
taiwan,ablation_full_features,lightgbm,34,450451,total_pay_amt,0.0590752290659849,-0.0035083959249920054,15,-1.0,total_pay_amt,False,False
taiwan,ablation_full_features,lightgbm,34,450451,PAY_AMT3,0.05805751719417967,-0.010877326342527974,16,-1.0,PAY_AMT3,False,False
taiwan,ablation_full_features,lightgbm,34,450451,PAY_AMT4,0.04425214508865081,-0.0006969832021824097,17,-1.0,PAY_AMT4,False,False
taiwan,ablation_full_features,lightgbm,34,450451,recent_payment_intensity,0.0430431466048935,0.0015197910435060988,18,1.0,recent_payment_intensity,False,False
taiwan,ablation_full_features,lightgbm,34,450451,PAY_AMT6,0.042814684368605485,0.003636838542201112,19,1.0,PAY_AMT6,False,False
taiwan,ablation_full_features,lightgbm,34,450451,total_bill_amt,0.04002048806380187,0.008415421149404969,20,1.0,total_bill_amt,False,False
taiwan,ablation_full_features,lightgbm,34,450451,BILL_AMT5,0.03998838521723293,0.0029516866858926936,21,1.0,BILL_AMT5,False,False
taiwan,ablation_full_features,lightgbm,34,450451,PAY_3,0.03778360396756438,-0.005432060192651867,22,-1.0,PAY_3,False,False
taiwan,ablation_full_features,lightgbm,34,450451,AGE,0.03228876029126203,0.000987928826745682,23,1.0,AGE,False,False
taiwan,ablation_full_features,lightgbm,34,450451,severe_delay_count,0.03218283824505057,-0.0015177887599381857,24,-1.0,severe_delay_count,False,False
taiwan,ablation_full_features,lightgbm,34,450451,BILL_AMT4,0.030074156467976104,0.009190619930079238,25,1.0,BILL_AMT4,False,False
taiwan,ablation_full_features,lightgbm,34,450451,payment_volatility,0.028167382773375427,0.001688501969828976,26,1.0,payment_volatility,False,False
taiwan,ablation_full_features,lightgbm,34,450451,BILL_AMT2,0.027944259198968983,-0.006786883820566179,27,-1.0,BILL_AMT2,False,False
taiwan,ablation_full_features,lightgbm,34,450451,BILL_AMT6,0.026629538385723017,0.00822546487931264,28,1.0,BILL_AMT6,False,False
taiwan,ablation_full_features,lightgbm,34,450451,EDUCATION_2,0.026569410362415773,0.0003334023483043907,29,1.0,EDUCATION,False,False
taiwan,ablation_full_features,lightgbm,34,450451,EDUCATION_4,0.026214134734302567,-0.0003349524389213805,30,-1.0,EDUCATION,False,False
taiwan,ablation_full_features,lightgbm,34,450451,BILL_AMT3,0.02570305524420383,0.00779901063956279,31,1.0,BILL_AMT3,False,False
taiwan,ablation_full_features,lightgbm,34,450451,PAY_AMT5,0.023789224411162005,-0.0011515018853342591,32,-1.0,PAY_AMT5,False,False
taiwan,ablation_full_features,lightgbm,34,450451,MARRIAGE_2,0.023646831904447236,-0.0008551150914270198,33,-1.0,MARRIAGE,False,False
taiwan,ablation_full_features,lightgbm,34,450451,max_pay_amt,0.022707934343056867,-0.0026363125391694743,34,-1.0,max_pay_amt,False,False
taiwan,ablation_full_features,lightgbm,34,450451,SEX_1,0.018329795411496416,0.00020187498226981307,35,1.0,SEX,False,False
taiwan,ablation_full_features,lightgbm,34,450451,PAY_6,0.017829840757852038,0.007279713369192748,36,1.0,PAY_6,False,False
taiwan,ablation_full_features,lightgbm,34,450451,MARRIAGE_1,0.016308168589109967,0.0005402657462400214,37,1.0,MARRIAGE,False,False
taiwan,ablation_full_features,lightgbm,34,450451,PAY_2,0.01332276515488129,-0.003254079302305337,38,-1.0,PAY_2,False,False
taiwan,ablation_full_features,lightgbm,34,450451,avg_pay_amt,0.009291590257886926,-0.0001696663921759701,39,-1.0,avg_pay_amt,False,False
taiwan,ablation_full_features,lightgbm,34,450451,EDUCATION_1,0.007899679828631016,0.0009481592014139561,40,1.0,EDUCATION,False,False
taiwan,ablation_full_features,lightgbm,34,450451,PAY_5,0.007327300241742953,-0.0005057141023405139,41,-1.0,PAY_5,False,False
taiwan,ablation_full_features,lightgbm,34,450451,PAY_4,0.0058353758036309615,0.0024539760668520886,42,1.0,PAY_4,False,False
taiwan,ablation_full_features,lightgbm,34,450451,SEX_2,0.004273340621698005,0.0002067554965072701,43,1.0,SEX,False,False
taiwan,ablation_full_features,lightgbm,34,450451,EDUCATION_3,0.003710056668913916,0.0001779305252123401,44,1.0,EDUCATION,False,False
taiwan,ablation_full_features,lightgbm,34,450451,avg_bill_amt,0.003403517760878036,-0.0022145368440805264,45,-1.0,avg_bill_amt,False,False
taiwan,ablation_full_features,lightgbm,34,450451,MARRIAGE_3,0.00048727547297290304,4.519883351242551e-05,46,1.0,MARRIAGE,False,False
taiwan,ablation_full_features,lightgbm,35,975585,recent_delay,0.26101047379855846,-0.011564654375199079,1,-1.0,recent_delay,True,True
taiwan,ablation_full_features,lightgbm,35,975585,PAY_0,0.20678679770837027,-0.052141825111549855,2,-1.0,PAY_0,True,True
taiwan,ablation_full_features,lightgbm,35,975585,delay_count,0.18354922682315059,0.036473547531373066,3,1.0,delay_count,True,True
taiwan,ablation_full_features,lightgbm,35,975585,utilization_proxy,0.16582910194341052,0.010352461217706587,4,1.0,utilization_proxy,True,True
taiwan,ablation_full_features,lightgbm,35,975585,LIMIT_BAL,0.13960167849218735,-0.003764412610080343,5,-1.0,LIMIT_BAL,True,True
taiwan,ablation_full_features,lightgbm,35,975585,max_delay,0.11624435573826798,0.012005819224202182,6,1.0,max_delay,False,True
taiwan,ablation_full_features,lightgbm,35,975585,PAY_AMT1,0.08880771171335487,0.0075211019346109265,7,1.0,PAY_AMT1,False,True
taiwan,ablation_full_features,lightgbm,35,975585,PAY_AMT2,0.07046810027241135,-0.006032323161441749,8,-1.0,PAY_AMT2,False,True
taiwan,ablation_full_features,lightgbm,35,975585,bill_volatility,0.0695706975703431,-0.006274423321629034,9,-1.0,bill_volatility,False,True
taiwan,ablation_full_features,lightgbm,35,975585,BILL_AMT1,0.06955877361151525,0.0029562000765774644,10,1.0,BILL_AMT1,False,True
taiwan,ablation_full_features,lightgbm,35,975585,payment_to_bill_ratio,0.06782192775130409,0.007027176397276475,11,1.0,payment_to_bill_ratio,False,False
taiwan,ablation_full_features,lightgbm,35,975585,bill_trend,0.06669842345866062,-0.007031523109313583,12,-1.0,bill_trend,False,False
taiwan,ablation_full_features,lightgbm,35,975585,avg_delay,0.06524801249155011,-0.00923493105094458,13,-1.0,avg_delay,False,False
taiwan,ablation_full_features,lightgbm,35,975585,PAY_AMT3,0.0647254807780313,-0.012504942659843409,14,-1.0,PAY_AMT3,False,False
taiwan,ablation_full_features,lightgbm,35,975585,total_pay_amt,0.05637489501248805,-0.0011962521673540864,15,-1.0,total_pay_amt,False,False
taiwan,ablation_full_features,lightgbm,35,975585,max_bill_amt,0.053596235219400865,-0.006689844176397991,16,-1.0,max_bill_amt,False,False
taiwan,ablation_full_features,lightgbm,35,975585,BILL_AMT5,0.05343362279064869,0.019528794797651343,17,1.0,BILL_AMT5,False,False
taiwan,ablation_full_features,lightgbm,35,975585,total_bill_amt,0.04756880174607526,0.000630461924426938,18,1.0,total_bill_amt,False,False
taiwan,ablation_full_features,lightgbm,35,975585,recent_payment_intensity,0.04512489861938136,-0.01529800559459469,19,-1.0,recent_payment_intensity,False,False
taiwan,ablation_full_features,lightgbm,35,975585,PAY_AMT6,0.04322540976812023,0.0026692275718920994,20,1.0,PAY_AMT6,False,False
taiwan,ablation_full_features,lightgbm,35,975585,PAY_AMT4,0.041504183792184846,0.003862315461276941,21,1.0,PAY_AMT4,False,False
taiwan,ablation_full_features,lightgbm,35,975585,severe_delay_count,0.041186211286378706,-0.0042008069223217455,22,-1.0,severe_delay_count,False,False
taiwan,ablation_full_features,lightgbm,35,975585,PAY_3,0.03832180979369054,-0.01096880412698836,23,-1.0,PAY_3,False,False
taiwan,ablation_full_features,lightgbm,35,975585,payment_volatility,0.03201779486572034,0.005486926115802728,24,1.0,payment_volatility,False,False
taiwan,ablation_full_features,lightgbm,35,975585,AGE,0.03133266092567692,0.001952469303758784,25,1.0,AGE,False,False
taiwan,ablation_full_features,lightgbm,35,975585,BILL_AMT2,0.030459771829020602,-0.0034892494595553697,26,-1.0,BILL_AMT2,False,False
taiwan,ablation_full_features,lightgbm,35,975585,BILL_AMT6,0.02946572471762474,-0.0002855285738817391,27,-1.0,BILL_AMT6,False,False
taiwan,ablation_full_features,lightgbm,35,975585,EDUCATION_2,0.028977974701987427,0.0010620947644421558,28,1.0,EDUCATION,False,False
taiwan,ablation_full_features,lightgbm,35,975585,BILL_AMT4,0.028825732003796872,0.009635396366956744,29,1.0,BILL_AMT4,False,False
taiwan,ablation_full_features,lightgbm,35,975585,PAY_AMT5,0.026441950648002054,-0.0007044292649181171,30,-1.0,PAY_AMT5,False,False
taiwan,ablation_full_features,lightgbm,35,975585,EDUCATION_4,0.025233071773083097,-0.00020312213968576038,31,-1.0,EDUCATION,False,False
taiwan,ablation_full_features,lightgbm,35,975585,max_pay_amt,0.024490894930715764,-0.0034934487259737465,32,-1.0,max_pay_amt,False,False
taiwan,ablation_full_features,lightgbm,35,975585,MARRIAGE_2,0.024359592804958207,-0.0010244952042418763,33,-1.0,MARRIAGE,False,False
taiwan,ablation_full_features,lightgbm,35,975585,BILL_AMT3,0.02378796868357941,0.006533786359308253,34,1.0,BILL_AMT3,False,False
taiwan,ablation_full_features,lightgbm,35,975585,SEX_1,0.02239879823155472,0.0004598092993398281,35,1.0,SEX,False,False
taiwan,ablation_full_features,lightgbm,35,975585,PAY_6,0.016575239443936584,0.004783991429900786,36,1.0,PAY_6,False,False
taiwan,ablation_full_features,lightgbm,35,975585,avg_pay_amt,0.015281821892000575,-0.0009469313819328425,37,-1.0,avg_pay_amt,False,False
taiwan,ablation_full_features,lightgbm,35,975585,MARRIAGE_1,0.012572107332767283,0.00026228642848809676,38,1.0,MARRIAGE,False,False
taiwan,ablation_full_features,lightgbm,35,975585,PAY_2,0.0121798936218559,-0.001439245381823858,39,-1.0,PAY_2,False,False
taiwan,ablation_full_features,lightgbm,35,975585,PAY_4,0.007986305039834217,0.002815219397939539,40,1.0,PAY_4,False,False
taiwan,ablation_full_features,lightgbm,35,975585,PAY_5,0.007248789579337027,0.0012825097843046126,41,1.0,PAY_5,False,False
taiwan,ablation_full_features,lightgbm,35,975585,EDUCATION_1,0.005791053230550326,0.0005132191493206286,42,1.0,EDUCATION,False,False
taiwan,ablation_full_features,lightgbm,35,975585,avg_bill_amt,0.004233490156767128,0.0020026882374763874,43,1.0,avg_bill_amt,False,False
taiwan,ablation_full_features,lightgbm,35,975585,SEX_2,0.004061379696698169,-4.8282226021942864e-05,44,-1.0,SEX,False,False
taiwan,ablation_full_features,lightgbm,35,975585,EDUCATION_3,0.002348602773812721,4.77527224536592e-05,45,1.0,EDUCATION,False,False
taiwan,ablation_full_features,lightgbm,35,975585,MARRIAGE_3,0.0004398237169312471,5.279526811034156e-05,46,1.0,MARRIAGE,False,False
taiwan,ablation_full_features,lightgbm,36,717452,recent_delay,0.2499600324481082,-0.00871603890475143,1,-1.0,recent_delay,True,True
taiwan,ablation_full_features,lightgbm,36,717452,PAY_0,0.22636315661898562,-0.057885836329081265,2,-1.0,PAY_0,True,True
taiwan,ablation_full_features,lightgbm,36,717452,delay_count,0.1713129022187394,0.03818421680583344,3,1.0,delay_count,True,True
taiwan,ablation_full_features,lightgbm,36,717452,utilization_proxy,0.16814558424583032,0.010213199551334217,4,1.0,utilization_proxy,True,True
taiwan,ablation_full_features,lightgbm,36,717452,LIMIT_BAL,0.14414107482117594,0.0027850043616089786,5,1.0,LIMIT_BAL,True,True
taiwan,ablation_full_features,lightgbm,36,717452,max_delay,0.1405150837569659,0.015324740799916239,6,1.0,max_delay,False,True
taiwan,ablation_full_features,lightgbm,36,717452,payment_to_bill_ratio,0.08569907210043283,-0.010123713019307624,7,-1.0,payment_to_bill_ratio,False,True
taiwan,ablation_full_features,lightgbm,36,717452,max_bill_amt,0.07411843527111918,-0.009895920695942915,8,-1.0,max_bill_amt,False,True
taiwan,ablation_full_features,lightgbm,36,717452,PAY_AMT1,0.07399160441288107,0.0025885750805450104,9,1.0,PAY_AMT1,False,True
taiwan,ablation_full_features,lightgbm,36,717452,bill_trend,0.07000270435811297,-0.0014402136302248036,10,-1.0,bill_trend,False,True
taiwan,ablation_full_features,lightgbm,36,717452,total_pay_amt,0.06814051869617346,-0.008062080544113306,11,-1.0,total_pay_amt,False,False
taiwan,ablation_full_features,lightgbm,36,717452,PAY_AMT3,0.06294482375410847,-0.006925085379298797,12,-1.0,PAY_AMT3,False,False
taiwan,ablation_full_features,lightgbm,36,717452,PAY_AMT2,0.06275082136865691,-0.0028197838036287883,13,-1.0,PAY_AMT2,False,False
taiwan,ablation_full_features,lightgbm,36,717452,bill_volatility,0.06274596459146287,0.0010092092869532403,14,1.0,bill_volatility,False,False
taiwan,ablation_full_features,lightgbm,36,717452,BILL_AMT1,0.06225913046475147,-0.000238371054318982,15,-1.0,BILL_AMT1,False,False
taiwan,ablation_full_features,lightgbm,36,717452,avg_delay,0.06215815185952623,-0.010510562594703234,16,-1.0,avg_delay,False,False
taiwan,ablation_full_features,lightgbm,36,717452,PAY_AMT4,0.046314746937472326,0.002815676248140717,17,1.0,PAY_AMT4,False,False
taiwan,ablation_full_features,lightgbm,36,717452,PAY_AMT6,0.044249429082257964,-0.0015704935724241524,18,-1.0,PAY_AMT6,False,False
taiwan,ablation_full_features,lightgbm,36,717452,recent_payment_intensity,0.04359425287736483,0.006164875988465313,19,1.0,recent_payment_intensity,False,False
taiwan,ablation_full_features,lightgbm,36,717452,total_bill_amt,0.04013857792025908,0.003787594622582103,20,1.0,total_bill_amt,False,False
taiwan,ablation_full_features,lightgbm,36,717452,BILL_AMT5,0.03947254323126314,0.008186071654932616,21,1.0,BILL_AMT5,False,False
taiwan,ablation_full_features,lightgbm,36,717452,PAY_3,0.03724306755167769,-0.007627377846894235,22,-1.0,PAY_3,False,False
taiwan,ablation_full_features,lightgbm,36,717452,AGE,0.03320914139662781,0.0007118220053471229,23,1.0,AGE,False,False
taiwan,ablation_full_features,lightgbm,36,717452,BILL_AMT6,0.032662582693382326,0.002532937815146436,24,1.0,BILL_AMT6,False,False
taiwan,ablation_full_features,lightgbm,36,717452,PAY_AMT5,0.030956730835671412,0.0008583106252514345,25,1.0,PAY_AMT5,False,False
taiwan,ablation_full_features,lightgbm,36,717452,BILL_AMT2,0.026794916937434743,-0.002462210844608267,26,-1.0,BILL_AMT2,False,False
taiwan,ablation_full_features,lightgbm,36,717452,severe_delay_count,0.026575578497718307,-0.0038787597611119533,27,-1.0,severe_delay_count,False,False
taiwan,ablation_full_features,lightgbm,36,717452,payment_volatility,0.025978479057889328,-0.0015736548622706662,28,-1.0,payment_volatility,False,False
taiwan,ablation_full_features,lightgbm,36,717452,EDUCATION_4,0.025161073799766162,-0.000618863738506807,29,-1.0,EDUCATION,False,False
taiwan,ablation_full_features,lightgbm,36,717452,BILL_AMT3,0.02490387399994219,0.009280566806809823,30,1.0,BILL_AMT3,False,False
taiwan,ablation_full_features,lightgbm,36,717452,max_pay_amt,0.02418817132443562,-0.0033364581326938134,31,-1.0,max_pay_amt,False,False
taiwan,ablation_full_features,lightgbm,36,717452,EDUCATION_2,0.02384702013129166,0.0007476366916357758,32,1.0,EDUCATION,False,False
taiwan,ablation_full_features,lightgbm,36,717452,BILL_AMT4,0.023322106980316486,0.0021691715839873213,33,1.0,BILL_AMT4,False,False
taiwan,ablation_full_features,lightgbm,36,717452,MARRIAGE_1,0.023308324014323367,0.0002026653770298758,34,1.0,MARRIAGE,False,False
taiwan,ablation_full_features,lightgbm,36,717452,SEX_1,0.019853937046408553,-0.0003391346318712828,35,-1.0,SEX,False,False
taiwan,ablation_full_features,lightgbm,36,717452,PAY_6,0.018685365581231437,0.00833303350840815,36,1.0,PAY_6,False,False
taiwan,ablation_full_features,lightgbm,36,717452,MARRIAGE_2,0.014949802267146164,-0.0001559839939494576,37,-1.0,MARRIAGE,False,False
taiwan,ablation_full_features,lightgbm,36,717452,PAY_5,0.0093712962966212,0.00034579013161121136,38,1.0,PAY_5,False,False
taiwan,ablation_full_features,lightgbm,36,717452,avg_bill_amt,0.0077170207835714055,0.0005410322123228084,39,1.0,avg_bill_amt,False,False
taiwan,ablation_full_features,lightgbm,36,717452,PAY_2,0.007606596548335354,-0.0014539242632966693,40,-1.0,PAY_2,False,False
taiwan,ablation_full_features,lightgbm,36,717452,avg_pay_amt,0.006294513611148025,-0.00039716006306289114,41,-1.0,avg_pay_amt,False,False
taiwan,ablation_full_features,lightgbm,36,717452,EDUCATION_1,0.006193251416283605,0.000562566667925985,42,1.0,EDUCATION,False,False
taiwan,ablation_full_features,lightgbm,36,717452,PAY_4,0.005827590690102153,0.002345860738095976,43,1.0,PAY_4,False,False
taiwan,ablation_full_features,lightgbm,36,717452,SEX_2,0.002992871801741813,1.8388346090924705e-05,44,1.0,SEX,False,False
taiwan,ablation_full_features,lightgbm,36,717452,EDUCATION_3,0.0018455200642593032,-0.0001549178225252355,45,-1.0,EDUCATION,False,False
taiwan,ablation_full_features,lightgbm,36,717452,MARRIAGE_3,0.0004786841283160321,4.05400641276934e-05,46,1.0,MARRIAGE,False,False
taiwan,ablation_full_features,lightgbm,37,63817,recent_delay,0.2673787609366918,-0.009121285872794949,1,-1.0,recent_delay,True,True
taiwan,ablation_full_features,lightgbm,37,63817,PAY_0,0.2112233943478374,-0.05095981750180312,2,-1.0,PAY_0,True,True
taiwan,ablation_full_features,lightgbm,37,63817,utilization_proxy,0.16806017243642454,0.011379859762323355,3,1.0,utilization_proxy,True,True
taiwan,ablation_full_features,lightgbm,37,63817,delay_count,0.16365432494401466,0.03540784839052672,4,1.0,delay_count,True,True
taiwan,ablation_full_features,lightgbm,37,63817,LIMIT_BAL,0.1368000318062531,-0.0006944556255821849,5,-1.0,LIMIT_BAL,True,True
taiwan,ablation_full_features,lightgbm,37,63817,max_delay,0.1333318116473179,0.013957475576730754,6,1.0,max_delay,False,True
taiwan,ablation_full_features,lightgbm,37,63817,PAY_AMT1,0.07966307847582713,0.0007650512453319829,7,1.0,PAY_AMT1,False,True
taiwan,ablation_full_features,lightgbm,37,63817,avg_delay,0.07853329268786717,-0.010136491170991411,8,-1.0,avg_delay,False,True
taiwan,ablation_full_features,lightgbm,37,63817,PAY_AMT2,0.07549842808921739,-0.0014801814506575637,9,-1.0,PAY_AMT2,False,True
taiwan,ablation_full_features,lightgbm,37,63817,payment_to_bill_ratio,0.07377085991047737,0.00406868925839486,10,1.0,payment_to_bill_ratio,False,True
taiwan,ablation_full_features,lightgbm,37,63817,bill_trend,0.06823944161926303,-0.0025152417295986077,11,-1.0,bill_trend,False,False
taiwan,ablation_full_features,lightgbm,37,63817,PAY_AMT3,0.06483358467545206,-0.007856029177895126,12,-1.0,PAY_AMT3,False,False
taiwan,ablation_full_features,lightgbm,37,63817,BILL_AMT1,0.06448897371976929,0.00192861798444248,13,1.0,BILL_AMT1,False,False
taiwan,ablation_full_features,lightgbm,37,63817,max_bill_amt,0.0639312582184949,-0.01783254039171291,14,-1.0,max_bill_amt,False,False
taiwan,ablation_full_features,lightgbm,37,63817,bill_volatility,0.06378677334532239,-0.006263184367422306,15,-1.0,bill_volatility,False,False
taiwan,ablation_full_features,lightgbm,37,63817,total_pay_amt,0.060814988170243583,-0.009155216927855855,16,-1.0,total_pay_amt,False,False
taiwan,ablation_full_features,lightgbm,37,63817,total_bill_amt,0.05616272789674667,-0.009450429357329954,17,-1.0,total_bill_amt,False,False
taiwan,ablation_full_features,lightgbm,37,63817,PAY_AMT6,0.04401071751210231,0.007126253574125326,18,1.0,PAY_AMT6,False,False
taiwan,ablation_full_features,lightgbm,37,63817,recent_payment_intensity,0.04346950655944678,-0.0014562005645305592,19,-1.0,recent_payment_intensity,False,False
taiwan,ablation_full_features,lightgbm,37,63817,PAY_AMT4,0.04324050658684064,-0.005641688113842169,20,-1.0,PAY_AMT4,False,False
taiwan,ablation_full_features,lightgbm,37,63817,PAY_3,0.03508269652867896,-0.013938460736511712,21,-1.0,PAY_3,False,False
taiwan,ablation_full_features,lightgbm,37,63817,BILL_AMT5,0.03466919460137256,0.006378462824284784,22,1.0,BILL_AMT5,False,False
taiwan,ablation_full_features,lightgbm,37,63817,BILL_AMT4,0.03436697079054755,0.019217848603221087,23,1.0,BILL_AMT4,False,False
taiwan,ablation_full_features,lightgbm,37,63817,AGE,0.031735894395019365,0.0006744570330273064,24,1.0,AGE,False,False
taiwan,ablation_full_features,lightgbm,37,63817,payment_volatility,0.030892078633373933,0.0013360744935380178,25,1.0,payment_volatility,False,False
taiwan,ablation_full_features,lightgbm,37,63817,BILL_AMT2,0.027677374884971243,0.0020917357851717036,26,1.0,BILL_AMT2,False,False
taiwan,ablation_full_features,lightgbm,37,63817,EDUCATION_2,0.026743077256836358,0.0009238436680654889,27,1.0,EDUCATION,False,False
taiwan,ablation_full_features,lightgbm,37,63817,BILL_AMT6,0.02620980935779093,0.00412114613131074,28,1.0,BILL_AMT6,False,False
taiwan,ablation_full_features,lightgbm,37,63817,EDUCATION_4,0.024932735946710645,-0.0003340358469915602,29,-1.0,EDUCATION,False,False
taiwan,ablation_full_features,lightgbm,37,63817,BILL_AMT3,0.024067469981360914,0.011657515133763712,30,1.0,BILL_AMT3,False,False
taiwan,ablation_full_features,lightgbm,37,63817,max_pay_amt,0.023663760037370068,0.0004754663672510838,31,1.0,max_pay_amt,False,False
taiwan,ablation_full_features,lightgbm,37,63817,PAY_6,0.023630100545863706,0.009455984410393112,32,1.0,PAY_6,False,False
taiwan,ablation_full_features,lightgbm,37,63817,PAY_AMT5,0.022269834162482065,0.0005648111935492839,33,1.0,PAY_AMT5,False,False
taiwan,ablation_full_features,lightgbm,37,63817,severe_delay_count,0.021976452389626006,-0.003005394677279553,34,-1.0,severe_delay_count,False,False
taiwan,ablation_full_features,lightgbm,37,63817,SEX_1,0.020122396267124427,0.0002181541964128423,35,1.0,SEX,False,False
taiwan,ablation_full_features,lightgbm,37,63817,MARRIAGE_2,0.018989094063232074,0.0002874846386806917,36,1.0,MARRIAGE,False,False
taiwan,ablation_full_features,lightgbm,37,63817,MARRIAGE_1,0.015281084554561895,-0.00037023349204374904,37,-1.0,MARRIAGE,False,False
taiwan,ablation_full_features,lightgbm,37,63817,PAY_2,0.010125683772400154,2.962985478536601e-05,38,1.0,PAY_2,False,False
taiwan,ablation_full_features,lightgbm,37,63817,PAY_5,0.009014965417217222,-0.000512921625018365,39,-1.0,PAY_5,False,False
taiwan,ablation_full_features,lightgbm,37,63817,EDUCATION_1,0.0076327361362595264,0.0001880192576352545,40,1.0,EDUCATION,False,False
taiwan,ablation_full_features,lightgbm,37,63817,PAY_4,0.007223850404390294,0.0006794669704084823,41,1.0,PAY_4,False,False
taiwan,ablation_full_features,lightgbm,37,63817,avg_pay_amt,0.004070062232244719,0.00032701340842046403,42,1.0,avg_pay_amt,False,False
taiwan,ablation_full_features,lightgbm,37,63817,EDUCATION_3,0.002959486444485018,-0.00014520629283045953,43,-1.0,EDUCATION,False,False
taiwan,ablation_full_features,lightgbm,37,63817,avg_bill_amt,0.0029184903872045633,0.0007283420237619147,44,1.0,avg_bill_amt,False,False
taiwan,ablation_full_features,lightgbm,37,63817,SEX_2,0.0021219765077490848,4.910868807025927e-06,45,1.0,SEX,False,False
taiwan,ablation_full_features,lightgbm,37,63817,MARRIAGE_3,0.000618070961535121,2.5589414482978343e-05,46,1.0,MARRIAGE,False,False
taiwan,ablation_full_features,lightgbm,38,761112,recent_delay,0.25753000194574227,-0.010328979776396584,1,-1.0,recent_delay,True,True
taiwan,ablation_full_features,lightgbm,38,761112,PAY_0,0.21509154032697894,-0.052449599923056096,2,-1.0,PAY_0,True,True
taiwan,ablation_full_features,lightgbm,38,761112,delay_count,0.18961078942149273,0.03986141555628098,3,1.0,delay_count,True,True
taiwan,ablation_full_features,lightgbm,38,761112,utilization_proxy,0.16690658604395936,0.006247325372052733,4,1.0,utilization_proxy,True,True
taiwan,ablation_full_features,lightgbm,38,761112,LIMIT_BAL,0.1381557273646094,-0.0014864947396607566,5,-1.0,LIMIT_BAL,True,True
taiwan,ablation_full_features,lightgbm,38,761112,max_delay,0.1266082219905312,0.010714745075971328,6,1.0,max_delay,False,True
taiwan,ablation_full_features,lightgbm,38,761112,PAY_AMT1,0.08147205060679431,0.0020123324975336856,7,1.0,PAY_AMT1,False,True
taiwan,ablation_full_features,lightgbm,38,761112,payment_to_bill_ratio,0.07847150225796591,-0.0026878184352807115,8,-1.0,payment_to_bill_ratio,False,True
taiwan,ablation_full_features,lightgbm,38,761112,BILL_AMT1,0.07279224974909317,0.0038431854821577927,9,1.0,BILL_AMT1,False,True
taiwan,ablation_full_features,lightgbm,38,761112,bill_trend,0.0715079896249472,-0.0038698804354842893,10,-1.0,bill_trend,False,True
taiwan,ablation_full_features,lightgbm,38,761112,PAY_AMT2,0.07099554666247994,0.00017967596516109177,11,1.0,PAY_AMT2,False,False
taiwan,ablation_full_features,lightgbm,38,761112,avg_delay,0.0708446872315335,-0.011550854929229354,12,-1.0,avg_delay,False,False
taiwan,ablation_full_features,lightgbm,38,761112,bill_volatility,0.06587032869759812,-0.0018394664135437987,13,-1.0,bill_volatility,False,False
taiwan,ablation_full_features,lightgbm,38,761112,PAY_AMT3,0.0628926806220248,-0.012201459498690644,14,-1.0,PAY_AMT3,False,False
taiwan,ablation_full_features,lightgbm,38,761112,total_pay_amt,0.062080788515238954,-0.002711288106760418,15,-1.0,total_pay_amt,False,False
taiwan,ablation_full_features,lightgbm,38,761112,total_bill_amt,0.0553311537040902,0.0016268294358307003,16,1.0,total_bill_amt,False,False
taiwan,ablation_full_features,lightgbm,38,761112,max_bill_amt,0.047996713836457656,-0.009961003042164924,17,-1.0,max_bill_amt,False,False
taiwan,ablation_full_features,lightgbm,38,761112,PAY_AMT6,0.04739779447366335,0.0024745945591466505,18,1.0,PAY_AMT6,False,False
taiwan,ablation_full_features,lightgbm,38,761112,recent_payment_intensity,0.04471475627203903,0.006590228092156577,19,1.0,recent_payment_intensity,False,False
taiwan,ablation_full_features,lightgbm,38,761112,PAY_AMT4,0.04163847763453237,0.00355746939727826,20,1.0,PAY_AMT4,False,False
taiwan,ablation_full_features,lightgbm,38,761112,BILL_AMT5,0.039953237529246836,0.010642814484838583,21,1.0,BILL_AMT5,False,False
taiwan,ablation_full_features,lightgbm,38,761112,AGE,0.03283668615671131,0.0003186929518142587,22,1.0,AGE,False,False
taiwan,ablation_full_features,lightgbm,38,761112,PAY_3,0.03235262247715026,-0.01345499762260951,23,-1.0,PAY_3,False,False
taiwan,ablation_full_features,lightgbm,38,761112,payment_volatility,0.029708756069868565,0.0004307003442725652,24,1.0,payment_volatility,False,False
taiwan,ablation_full_features,lightgbm,38,761112,EDUCATION_2,0.02883043915413638,0.00030720483936524907,25,1.0,EDUCATION,False,False
taiwan,ablation_full_features,lightgbm,38,761112,BILL_AMT4,0.028596398520766328,0.0068567778883586675,26,1.0,BILL_AMT4,False,False
taiwan,ablation_full_features,lightgbm,38,761112,PAY_AMT5,0.02701879395172345,0.0032842759016860996,27,1.0,PAY_AMT5,False,False
taiwan,ablation_full_features,lightgbm,38,761112,EDUCATION_4,0.026193326930583908,-0.0002881758297719724,28,-1.0,EDUCATION,False,False
taiwan,ablation_full_features,lightgbm,38,761112,BILL_AMT6,0.025888323669090888,-0.002467100368905092,29,-1.0,BILL_AMT6,False,False
taiwan,ablation_full_features,lightgbm,38,761112,BILL_AMT2,0.025065646260911033,-0.001421414790685545,30,-1.0,BILL_AMT2,False,False
taiwan,ablation_full_features,lightgbm,38,761112,BILL_AMT3,0.02501756390504018,0.004632011308829028,31,1.0,BILL_AMT3,False,False
taiwan,ablation_full_features,lightgbm,38,761112,MARRIAGE_1,0.022201221771674984,0.0005457033109777762,32,1.0,MARRIAGE,False,False
taiwan,ablation_full_features,lightgbm,38,761112,severe_delay_count,0.0220095238398927,-0.0017912336661157883,33,-1.0,severe_delay_count,False,False
taiwan,ablation_full_features,lightgbm,38,761112,max_pay_amt,0.021371725929267626,0.0015752768863611952,34,1.0,max_pay_amt,False,False
taiwan,ablation_full_features,lightgbm,38,761112,SEX_1,0.01876112667096569,0.0003310487321498707,35,1.0,SEX,False,False
taiwan,ablation_full_features,lightgbm,38,761112,PAY_6,0.01782536815711402,0.005746592201502106,36,1.0,PAY_6,False,False
taiwan,ablation_full_features,lightgbm,38,761112,PAY_2,0.015331809723053189,-0.002893078207736208,37,-1.0,PAY_2,False,False
taiwan,ablation_full_features,lightgbm,38,761112,MARRIAGE_2,0.013428380243820053,0.00020289178567428533,38,1.0,MARRIAGE,False,False
taiwan,ablation_full_features,lightgbm,38,761112,avg_pay_amt,0.01126260851907082,-0.001612667976900723,39,-1.0,avg_pay_amt,False,False
taiwan,ablation_full_features,lightgbm,38,761112,PAY_5,0.007803650725116476,-0.0009022685996776505,40,-1.0,PAY_5,False,False
taiwan,ablation_full_features,lightgbm,38,761112,PAY_4,0.006688510917262906,0.0007921144896891787,41,1.0,PAY_4,False,False
taiwan,ablation_full_features,lightgbm,38,761112,EDUCATION_1,0.006549980136929037,0.0006735782931089692,42,1.0,EDUCATION,False,False
taiwan,ablation_full_features,lightgbm,38,761112,SEX_2,0.004381320793856974,0.00022187475988267436,43,1.0,SEX,False,False
taiwan,ablation_full_features,lightgbm,38,761112,avg_bill_amt,0.004211218429673589,-0.000977836293571904,44,-1.0,avg_bill_amt,False,False
taiwan,ablation_full_features,lightgbm,38,761112,EDUCATION_3,0.0026118054433292067,-7.420509975405167e-06,45,-1.0,EDUCATION,False,False
taiwan,ablation_full_features,lightgbm,38,761112,MARRIAGE_3,0.0006826678055133131,5.671291275712593e-05,46,1.0,MARRIAGE,False,False
taiwan,ablation_full_features,lightgbm,39,443405,recent_delay,0.2649933523894288,-0.005201534676860387,1,-1.0,recent_delay,True,True
taiwan,ablation_full_features,lightgbm,39,443405,PAY_0,0.21487170547310655,-0.054178207516463774,2,-1.0,PAY_0,True,True
taiwan,ablation_full_features,lightgbm,39,443405,utilization_proxy,0.15608755999940133,0.005040292303633042,3,1.0,utilization_proxy,True,True
taiwan,ablation_full_features,lightgbm,39,443405,LIMIT_BAL,0.14907241093235019,0.0044652677975172556,4,1.0,LIMIT_BAL,True,True
taiwan,ablation_full_features,lightgbm,39,443405,delay_count,0.14460684074801022,0.03651574112657784,5,1.0,delay_count,True,True
taiwan,ablation_full_features,lightgbm,39,443405,max_delay,0.14140966644585587,0.014513698182297183,6,1.0,max_delay,False,True
taiwan,ablation_full_features,lightgbm,39,443405,avg_delay,0.08128835781779721,-0.011582391710458195,7,-1.0,avg_delay,False,True
taiwan,ablation_full_features,lightgbm,39,443405,BILL_AMT1,0.07993407333406502,0.0029507400151306336,8,1.0,BILL_AMT1,False,True
taiwan,ablation_full_features,lightgbm,39,443405,PAY_AMT1,0.07845657564932747,-0.0004295571522053642,9,-1.0,PAY_AMT1,False,True
taiwan,ablation_full_features,lightgbm,39,443405,payment_to_bill_ratio,0.07599477756855869,-0.0009779584195342046,10,-1.0,payment_to_bill_ratio,False,True
taiwan,ablation_full_features,lightgbm,39,443405,bill_volatility,0.07075726180586361,0.010265276109827647,11,1.0,bill_volatility,False,False
taiwan,ablation_full_features,lightgbm,39,443405,bill_trend,0.0666420541429321,-0.005616947173799819,12,-1.0,bill_trend,False,False
taiwan,ablation_full_features,lightgbm,39,443405,PAY_AMT2,0.06437781424754316,-0.0031065258502842876,13,-1.0,PAY_AMT2,False,False
taiwan,ablation_full_features,lightgbm,39,443405,total_pay_amt,0.0642442129272526,-0.009981456940332393,14,-1.0,total_pay_amt,False,False
taiwan,ablation_full_features,lightgbm,39,443405,PAY_AMT3,0.060775240726693144,-0.012682872230460952,15,-1.0,PAY_AMT3,False,False
taiwan,ablation_full_features,lightgbm,39,443405,max_bill_amt,0.05623448829465328,-0.015912292374401688,16,-1.0,max_bill_amt,False,False
taiwan,ablation_full_features,lightgbm,39,443405,PAY_AMT4,0.04783839808672651,0.0018771317823570678,17,1.0,PAY_AMT4,False,False
taiwan,ablation_full_features,lightgbm,39,443405,BILL_AMT5,0.04417165337051989,0.017399630695866582,18,1.0,BILL_AMT5,False,False
taiwan,ablation_full_features,lightgbm,39,443405,recent_payment_intensity,0.04077135096196087,0.007238180770217121,19,1.0,recent_payment_intensity,False,False
taiwan,ablation_full_features,lightgbm,39,443405,total_bill_amt,0.040530864651573496,-0.004565293073036557,20,-1.0,total_bill_amt,False,False
taiwan,ablation_full_features,lightgbm,39,443405,PAY_3,0.040420058569618944,-0.01093707922531818,21,-1.0,PAY_3,False,False
taiwan,ablation_full_features,lightgbm,39,443405,PAY_AMT6,0.0403938693575576,-0.001201126703016538,22,-1.0,PAY_AMT6,False,False
taiwan,ablation_full_features,lightgbm,39,443405,BILL_AMT2,0.03594288634321838,0.000504811181180163,23,1.0,BILL_AMT2,False,False
taiwan,ablation_full_features,lightgbm,39,443405,BILL_AMT6,0.033042281729400505,0.00034274947392505734,24,1.0,BILL_AMT6,False,False
taiwan,ablation_full_features,lightgbm,39,443405,AGE,0.03148366208032917,0.0016590486141476483,25,1.0,AGE,False,False
taiwan,ablation_full_features,lightgbm,39,443405,PAY_AMT5,0.027499123590469732,0.0023350887863508706,26,1.0,PAY_AMT5,False,False
taiwan,ablation_full_features,lightgbm,39,443405,payment_volatility,0.026943820367049568,-0.0013443480645789203,27,-1.0,payment_volatility,False,False
taiwan,ablation_full_features,lightgbm,39,443405,EDUCATION_4,0.025806904106537472,-0.0002123666865601425,28,-1.0,EDUCATION,False,False
taiwan,ablation_full_features,lightgbm,39,443405,EDUCATION_2,0.02564300611900968,0.0006852349231702031,29,1.0,EDUCATION,False,False
taiwan,ablation_full_features,lightgbm,39,443405,BILL_AMT4,0.025560158467185828,0.0035201183979868987,30,1.0,BILL_AMT4,False,False
taiwan,ablation_full_features,lightgbm,39,443405,BILL_AMT3,0.024298266695483718,0.011265915270775388,31,1.0,BILL_AMT3,False,False
taiwan,ablation_full_features,lightgbm,39,443405,max_pay_amt,0.022050822145500006,0.0001603561606378969,32,1.0,max_pay_amt,False,False
taiwan,ablation_full_features,lightgbm,39,443405,severe_delay_count,0.02165538104703565,-0.0024901181687266506,33,-1.0,severe_delay_count,False,False
taiwan,ablation_full_features,lightgbm,39,443405,PAY_6,0.01843063258793667,0.0059507640902268805,34,1.0,PAY_6,False,False
taiwan,ablation_full_features,lightgbm,39,443405,SEX_1,0.017971064512732306,0.00038873312938661237,35,1.0,SEX,False,False
taiwan,ablation_full_features,lightgbm,39,443405,MARRIAGE_2,0.01791375171302981,-0.001110224936834337,36,-1.0,MARRIAGE,False,False
taiwan,ablation_full_features,lightgbm,39,443405,MARRIAGE_1,0.01584113658047596,0.0005649414605849949,37,1.0,MARRIAGE,False,False
taiwan,ablation_full_features,lightgbm,39,443405,PAY_5,0.009866786594773082,-0.0002557220510998074,38,-1.0,PAY_5,False,False
taiwan,ablation_full_features,lightgbm,39,443405,PAY_2,0.009225838716982598,-0.002503480323990402,39,-1.0,PAY_2,False,False
taiwan,ablation_full_features,lightgbm,39,443405,avg_pay_amt,0.00784265850857617,-0.0014418908982607264,40,-1.0,avg_pay_amt,False,False
taiwan,ablation_full_features,lightgbm,39,443405,avg_bill_amt,0.006868148844845821,-0.001815637731223189,41,-1.0,avg_bill_amt,False,False
taiwan,ablation_full_features,lightgbm,39,443405,EDUCATION_1,0.005584186214533902,0.0006357417714448573,42,1.0,EDUCATION,False,False
taiwan,ablation_full_features,lightgbm,39,443405,PAY_4,0.004995464120607449,0.0007318485331065559,43,1.0,PAY_4,False,False
taiwan,ablation_full_features,lightgbm,39,443405,EDUCATION_3,0.0015246729724950304,0.0001660623699865527,44,1.0,EDUCATION,False,False
taiwan,ablation_full_features,lightgbm,39,443405,SEX_2,0.0012115970971523994,0.00032181225764299774,45,1.0,SEX,False,False
taiwan,ablation_full_features,lightgbm,39,443405,MARRIAGE_3,0.0,0.0,46,0.0,MARRIAGE,False,False
taiwan,ablation_full_features,lightgbm,40,858280,recent_delay,0.2607469609977673,-0.008318314274595598,1,-1.0,recent_delay,True,True
taiwan,ablation_full_features,lightgbm,40,858280,PAY_0,0.2166788560923983,-0.053525528378765744,2,-1.0,PAY_0,True,True
taiwan,ablation_full_features,lightgbm,40,858280,utilization_proxy,0.1580755307693182,0.010245250111639093,3,1.0,utilization_proxy,True,True
taiwan,ablation_full_features,lightgbm,40,858280,max_delay,0.15519804746617877,0.018101416012255758,4,1.0,max_delay,True,True
taiwan,ablation_full_features,lightgbm,40,858280,LIMIT_BAL,0.14346632608991552,0.0015350746853380018,5,1.0,LIMIT_BAL,True,True
taiwan,ablation_full_features,lightgbm,40,858280,delay_count,0.14273805647799154,0.030247360709085843,6,1.0,delay_count,False,True
taiwan,ablation_full_features,lightgbm,40,858280,PAY_AMT1,0.08161144759801227,0.009681934981172431,7,1.0,PAY_AMT1,False,True
taiwan,ablation_full_features,lightgbm,40,858280,bill_trend,0.07478104374402468,-0.008319516210912732,8,-1.0,bill_trend,False,True
taiwan,ablation_full_features,lightgbm,40,858280,payment_to_bill_ratio,0.07011513032641763,-0.0029333110864596043,9,-1.0,payment_to_bill_ratio,False,True
taiwan,ablation_full_features,lightgbm,40,858280,BILL_AMT1,0.067776015317019,-0.00038366729028975287,10,-1.0,BILL_AMT1,False,True
taiwan,ablation_full_features,lightgbm,40,858280,avg_delay,0.06737123863421393,-0.011503374533466563,11,-1.0,avg_delay,False,False
taiwan,ablation_full_features,lightgbm,40,858280,bill_volatility,0.06357564049126511,0.003170748460682446,12,1.0,bill_volatility,False,False
taiwan,ablation_full_features,lightgbm,40,858280,PAY_AMT2,0.0631309858072587,-0.001023174056937956,13,-1.0,PAY_AMT2,False,False
taiwan,ablation_full_features,lightgbm,40,858280,PAY_AMT3,0.06266089239815643,-0.012302537732340272,14,-1.0,PAY_AMT3,False,False
taiwan,ablation_full_features,lightgbm,40,858280,max_bill_amt,0.05646836671191982,-0.011824104823372194,15,-1.0,max_bill_amt,False,False
taiwan,ablation_full_features,lightgbm,40,858280,total_pay_amt,0.051471955059115594,-0.003466738132929729,16,-1.0,total_pay_amt,False,False
taiwan,ablation_full_features,lightgbm,40,858280,BILL_AMT5,0.05138552896361769,0.01651439695954482,17,1.0,BILL_AMT5,False,False
taiwan,ablation_full_features,lightgbm,40,858280,total_bill_amt,0.0474828593194259,-0.007116296061738328,18,-1.0,total_bill_amt,False,False
taiwan,ablation_full_features,lightgbm,40,858280,PAY_AMT6,0.046201119763724326,0.0029006889798025032,19,1.0,PAY_AMT6,False,False
taiwan,ablation_full_features,lightgbm,40,858280,PAY_AMT4,0.04591922620785719,0.001011047686305751,20,1.0,PAY_AMT4,False,False
taiwan,ablation_full_features,lightgbm,40,858280,recent_payment_intensity,0.04526526136767958,-0.0013343239554924648,21,-1.0,recent_payment_intensity,False,False
taiwan,ablation_full_features,lightgbm,40,858280,severe_delay_count,0.033421835918541504,-0.003713086543040833,22,-1.0,severe_delay_count,False,False
taiwan,ablation_full_features,lightgbm,40,858280,BILL_AMT6,0.03195975570839171,0.002513376691259067,23,1.0,BILL_AMT6,False,False
taiwan,ablation_full_features,lightgbm,40,858280,BILL_AMT2,0.03185544600514232,0.00021704733366334568,24,1.0,BILL_AMT2,False,False
taiwan,ablation_full_features,lightgbm,40,858280,PAY_3,0.0314996540897809,-0.011862542272306098,25,-1.0,PAY_3,False,False
taiwan,ablation_full_features,lightgbm,40,858280,AGE,0.0307669608999171,0.002210561305099716,26,1.0,AGE,False,False
taiwan,ablation_full_features,lightgbm,40,858280,PAY_AMT5,0.030605603174643326,0.0024490362943948483,27,1.0,PAY_AMT5,False,False
taiwan,ablation_full_features,lightgbm,40,858280,payment_volatility,0.03057041906272212,-0.0019939594534229147,28,-1.0,payment_volatility,False,False
taiwan,ablation_full_features,lightgbm,40,858280,EDUCATION_2,0.02892039723000893,0.0005061261046080823,29,1.0,EDUCATION,False,False
taiwan,ablation_full_features,lightgbm,40,858280,BILL_AMT4,0.02865702491229847,0.006016300372376374,30,1.0,BILL_AMT4,False,False
taiwan,ablation_full_features,lightgbm,40,858280,EDUCATION_4,0.02664359766367953,-0.0005210509260124552,31,-1.0,EDUCATION,False,False
taiwan,ablation_full_features,lightgbm,40,858280,BILL_AMT3,0.025353919607594987,0.009277913040213949,32,1.0,BILL_AMT3,False,False
taiwan,ablation_full_features,lightgbm,40,858280,max_pay_amt,0.02428977408864422,-0.006264981198039726,33,-1.0,max_pay_amt,False,False
taiwan,ablation_full_features,lightgbm,40,858280,MARRIAGE_1,0.024100924179070355,-0.0010438118492577054,34,-1.0,MARRIAGE,False,False
taiwan,ablation_full_features,lightgbm,40,858280,SEX_1,0.019908287596090868,-4.431892711870818e-05,35,-1.0,SEX,False,False
taiwan,ablation_full_features,lightgbm,40,858280,PAY_6,0.019581914317949055,0.006515811025750682,36,1.0,PAY_6,False,False
taiwan,ablation_full_features,lightgbm,40,858280,MARRIAGE_2,0.015110759939161562,-0.00015128599152556277,37,-1.0,MARRIAGE,False,False
taiwan,ablation_full_features,lightgbm,40,858280,PAY_2,0.013070862386936563,-0.0006869894682263227,38,-1.0,PAY_2,False,False
taiwan,ablation_full_features,lightgbm,40,858280,avg_pay_amt,0.010500569613126376,-0.0017585435514043202,39,-1.0,avg_pay_amt,False,False
taiwan,ablation_full_features,lightgbm,40,858280,PAY_5,0.008765731151930634,0.0009341435170574074,40,1.0,PAY_5,False,False
taiwan,ablation_full_features,lightgbm,40,858280,PAY_4,0.007694356290925139,0.0025472998021861095,41,1.0,PAY_4,False,False
taiwan,ablation_full_features,lightgbm,40,858280,EDUCATION_1,0.005944171328770393,0.0002276191432400745,42,1.0,EDUCATION,False,False
taiwan,ablation_full_features,lightgbm,40,858280,avg_bill_amt,0.005386816079812778,0.002142699795603582,43,1.0,avg_bill_amt,False,False
taiwan,ablation_full_features,lightgbm,40,858280,SEX_2,0.0037608351846836973,3.8678862256458946e-05,44,1.0,SEX,False,False
taiwan,ablation_full_features,lightgbm,40,858280,EDUCATION_3,0.0015064548013628996,0.00015879283662392226,45,1.0,EDUCATION,False,False
taiwan,ablation_full_features,lightgbm,40,858280,MARRIAGE_3,0.0004601361575040356,4.0493274766388366e-05,46,1.0,MARRIAGE,False,False
taiwan,ablation_full_features,lightgbm,41,545418,recent_delay,0.2690426610639676,-0.006921597173983612,1,-1.0,recent_delay,True,True
taiwan,ablation_full_features,lightgbm,41,545418,PAY_0,0.21411800990719806,-0.050537538362955076,2,-1.0,PAY_0,True,True
taiwan,ablation_full_features,lightgbm,41,545418,delay_count,0.17495163651365742,0.036805077689016565,3,1.0,delay_count,True,True
taiwan,ablation_full_features,lightgbm,41,545418,utilization_proxy,0.16974045851220754,0.011498226472581558,4,1.0,utilization_proxy,True,True
taiwan,ablation_full_features,lightgbm,41,545418,LIMIT_BAL,0.13996340452550396,0.0009115937978638662,5,1.0,LIMIT_BAL,True,True
taiwan,ablation_full_features,lightgbm,41,545418,max_delay,0.11975478859307494,0.012350559770756933,6,1.0,max_delay,False,True
taiwan,ablation_full_features,lightgbm,41,545418,PAY_AMT1,0.0823499035245868,9.648692380991306e-05,7,1.0,PAY_AMT1,False,True
taiwan,ablation_full_features,lightgbm,41,545418,payment_to_bill_ratio,0.07693615343675639,-0.0035935948104142508,8,-1.0,payment_to_bill_ratio,False,True
taiwan,ablation_full_features,lightgbm,41,545418,PAY_AMT2,0.07375826525986912,-0.006984442720283275,9,-1.0,PAY_AMT2,False,True
taiwan,ablation_full_features,lightgbm,41,545418,bill_volatility,0.07141324844763143,-0.005586769082764636,10,-1.0,bill_volatility,False,True
taiwan,ablation_full_features,lightgbm,41,545418,bill_trend,0.07102659540269028,-0.0031997304611416275,11,-1.0,bill_trend,False,False
taiwan,ablation_full_features,lightgbm,41,545418,avg_delay,0.06919534733152348,-0.013087163875735214,12,-1.0,avg_delay,False,False
taiwan,ablation_full_features,lightgbm,41,545418,PAY_AMT3,0.06671287173529236,-0.011403603157985418,13,-1.0,PAY_AMT3,False,False
taiwan,ablation_full_features,lightgbm,41,545418,BILL_AMT1,0.0659716215538931,0.000200628363643514,14,1.0,BILL_AMT1,False,False
taiwan,ablation_full_features,lightgbm,41,545418,total_pay_amt,0.05390245389727765,-0.006238902884749125,15,-1.0,total_pay_amt,False,False
taiwan,ablation_full_features,lightgbm,41,545418,max_bill_amt,0.050891798102515234,-0.011480273587206394,16,-1.0,max_bill_amt,False,False
taiwan,ablation_full_features,lightgbm,41,545418,PAY_AMT4,0.04692207192209972,0.0053153826878951805,17,1.0,PAY_AMT4,False,False
taiwan,ablation_full_features,lightgbm,41,545418,PAY_AMT6,0.04191060508626143,0.003576181284933645,18,1.0,PAY_AMT6,False,False
taiwan,ablation_full_features,lightgbm,41,545418,recent_payment_intensity,0.04045140129272946,0.001451494051327818,19,1.0,recent_payment_intensity,False,False
taiwan,ablation_full_features,lightgbm,41,545418,total_bill_amt,0.03860105543013434,0.005104476685785963,20,1.0,total_bill_amt,False,False
taiwan,ablation_full_features,lightgbm,41,545418,BILL_AMT5,0.038439729684097645,0.008391853063713687,21,1.0,BILL_AMT5,False,False
taiwan,ablation_full_features,lightgbm,41,545418,PAY_3,0.034478838635111836,-0.00925861788175579,22,-1.0,PAY_3,False,False
taiwan,ablation_full_features,lightgbm,41,545418,severe_delay_count,0.03341662755652593,-0.0019768829198108305,23,-1.0,severe_delay_count,False,False
taiwan,ablation_full_features,lightgbm,41,545418,BILL_AMT2,0.03166019023344851,-0.002448003597645911,24,-1.0,BILL_AMT2,False,False
taiwan,ablation_full_features,lightgbm,41,545418,AGE,0.030956545634488707,0.001114950634026042,25,1.0,AGE,False,False
taiwan,ablation_full_features,lightgbm,41,545418,BILL_AMT4,0.029389393720095445,0.008253792020012472,26,1.0,BILL_AMT4,False,False
taiwan,ablation_full_features,lightgbm,41,545418,payment_volatility,0.028820867551794915,-0.0009593746612811773,27,-1.0,payment_volatility,False,False
taiwan,ablation_full_features,lightgbm,41,545418,EDUCATION_2,0.027350534965357193,0.0009473332270996484,28,1.0,EDUCATION,False,False
taiwan,ablation_full_features,lightgbm,41,545418,BILL_AMT3,0.025889551245776913,0.010337578878536254,29,1.0,BILL_AMT3,False,False
taiwan,ablation_full_features,lightgbm,41,545418,EDUCATION_4,0.025640519019967598,3.0076979368403183e-05,30,1.0,EDUCATION,False,False
taiwan,ablation_full_features,lightgbm,41,545418,PAY_AMT5,0.024810050350739316,-0.0001778441619583601,31,-1.0,PAY_AMT5,False,False
taiwan,ablation_full_features,lightgbm,41,545418,BILL_AMT6,0.023861864350557562,0.008124436065612774,32,1.0,BILL_AMT6,False,False
taiwan,ablation_full_features,lightgbm,41,545418,MARRIAGE_1,0.023347404558687498,6.534473416129091e-05,33,1.0,MARRIAGE,False,False
taiwan,ablation_full_features,lightgbm,41,545418,max_pay_amt,0.022779941110932858,-0.0065847778385231,34,-1.0,max_pay_amt,False,False
taiwan,ablation_full_features,lightgbm,41,545418,SEX_1,0.020219002337331357,2.1763456220990458e-05,35,1.0,SEX,False,False
taiwan,ablation_full_features,lightgbm,41,545418,PAY_6,0.018117253073575933,0.004709727624870406,36,1.0,PAY_6,False,False
taiwan,ablation_full_features,lightgbm,41,545418,MARRIAGE_2,0.015774648805499475,7.784172739770853e-05,37,1.0,MARRIAGE,False,False
taiwan,ablation_full_features,lightgbm,41,545418,PAY_2,0.014060273484152954,-0.0031644874253570834,38,-1.0,PAY_2,False,False
taiwan,ablation_full_features,lightgbm,41,545418,PAY_5,0.007796953160124196,-9.019565079637487e-05,39,-1.0,PAY_5,False,False
taiwan,ablation_full_features,lightgbm,41,545418,EDUCATION_1,0.006969889439346973,0.0008958545223895728,40,1.0,EDUCATION,False,False
taiwan,ablation_full_features,lightgbm,41,545418,PAY_4,0.006734509856599614,0.001590048187417442,41,1.0,PAY_4,False,False
taiwan,ablation_full_features,lightgbm,41,545418,avg_pay_amt,0.005819709456495404,0.00132835610263526,42,1.0,avg_pay_amt,False,False
taiwan,ablation_full_features,lightgbm,41,545418,avg_bill_amt,0.004481381603679939,0.00032378317296278696,43,1.0,avg_bill_amt,False,False
taiwan,ablation_full_features,lightgbm,41,545418,SEX_2,0.0028956143658645703,3.740507567313823e-05,44,1.0,SEX,False,False
taiwan,ablation_full_features,lightgbm,41,545418,EDUCATION_3,0.0028337718698049326,5.711560684868117e-05,45,1.0,EDUCATION,False,False
taiwan,ablation_full_features,lightgbm,41,545418,MARRIAGE_3,0.0008404366998037197,5.6033420532865546e-05,46,1.0,MARRIAGE,False,False
taiwan,ablation_full_features,lightgbm,42,227235,recent_delay,0.2608493295462583,-0.011933303069135235,1,-1.0,recent_delay,True,True
taiwan,ablation_full_features,lightgbm,42,227235,PAY_0,0.20882464033232603,-0.0519184512536644,2,-1.0,PAY_0,True,True
taiwan,ablation_full_features,lightgbm,42,227235,delay_count,0.19764871207000678,0.03968497616117247,3,1.0,delay_count,True,True
taiwan,ablation_full_features,lightgbm,42,227235,utilization_proxy,0.16239278724958728,0.010138363927687272,4,1.0,utilization_proxy,True,True
taiwan,ablation_full_features,lightgbm,42,227235,LIMIT_BAL,0.13887397491353654,0.0019846822890984845,5,1.0,LIMIT_BAL,True,True
taiwan,ablation_full_features,lightgbm,42,227235,max_delay,0.11694488336340654,0.007608465416947605,6,1.0,max_delay,False,True
taiwan,ablation_full_features,lightgbm,42,227235,payment_to_bill_ratio,0.08263304897094055,-0.004122634424644228,7,-1.0,payment_to_bill_ratio,False,True
taiwan,ablation_full_features,lightgbm,42,227235,avg_delay,0.07694153951239849,-0.01473141762797048,8,-1.0,avg_delay,False,True
taiwan,ablation_full_features,lightgbm,42,227235,PAY_AMT1,0.0756749208805182,0.005839820406596999,9,1.0,PAY_AMT1,False,True
taiwan,ablation_full_features,lightgbm,42,227235,PAY_AMT2,0.07384031664256516,0.0013662955121725741,10,1.0,PAY_AMT2,False,True
taiwan,ablation_full_features,lightgbm,42,227235,bill_trend,0.07102096603769995,0.002998962239360635,11,1.0,bill_trend,False,False
taiwan,ablation_full_features,lightgbm,42,227235,bill_volatility,0.06952469967547194,0.0010974368559930954,12,1.0,bill_volatility,False,False
taiwan,ablation_full_features,lightgbm,42,227235,PAY_AMT3,0.06588419942548897,-0.011137972884508879,13,-1.0,PAY_AMT3,False,False
taiwan,ablation_full_features,lightgbm,42,227235,BILL_AMT1,0.06286295766931616,-0.008659557042518222,14,-1.0,BILL_AMT1,False,False
taiwan,ablation_full_features,lightgbm,42,227235,total_pay_amt,0.0602288317577307,-0.008476446955074324,15,-1.0,total_pay_amt,False,False
taiwan,ablation_full_features,lightgbm,42,227235,max_bill_amt,0.058924491339907556,-0.007815740640745973,16,-1.0,max_bill_amt,False,False
taiwan,ablation_full_features,lightgbm,42,227235,BILL_AMT5,0.05626715543901916,0.012886773045462761,17,1.0,BILL_AMT5,False,False
taiwan,ablation_full_features,lightgbm,42,227235,PAY_AMT4,0.046967497196761444,0.002402605772916917,18,1.0,PAY_AMT4,False,False
taiwan,ablation_full_features,lightgbm,42,227235,recent_payment_intensity,0.04540856768744631,-0.0014119672278689365,19,-1.0,recent_payment_intensity,False,False
taiwan,ablation_full_features,lightgbm,42,227235,PAY_AMT6,0.04481956719848165,-0.0005466927256314041,20,-1.0,PAY_AMT6,False,False
taiwan,ablation_full_features,lightgbm,42,227235,PAY_3,0.038914170995212403,-0.00036277902728012464,21,-1.0,PAY_3,False,False
taiwan,ablation_full_features,lightgbm,42,227235,BILL_AMT6,0.034845367414144304,-0.003962733805641416,22,-1.0,BILL_AMT6,False,False
taiwan,ablation_full_features,lightgbm,42,227235,total_bill_amt,0.03288912975179663,-0.0034064377467962004,23,-1.0,total_bill_amt,False,False
taiwan,ablation_full_features,lightgbm,42,227235,AGE,0.03260855936481238,0.0022336098595511903,24,1.0,AGE,False,False
taiwan,ablation_full_features,lightgbm,42,227235,BILL_AMT2,0.031162998751514855,0.0012801174554597926,25,1.0,BILL_AMT2,False,False
taiwan,ablation_full_features,lightgbm,42,227235,payment_volatility,0.030962811979810396,0.0023706471512880455,26,1.0,payment_volatility,False,False
taiwan,ablation_full_features,lightgbm,42,227235,EDUCATION_2,0.0295726782040559,0.0005361670804918574,27,1.0,EDUCATION,False,False
taiwan,ablation_full_features,lightgbm,42,227235,PAY_AMT5,0.028753437342111967,-0.000722840318401888,28,-1.0,PAY_AMT5,False,False
taiwan,ablation_full_features,lightgbm,42,227235,max_pay_amt,0.027918902222697238,-0.0055947326987451544,29,-1.0,max_pay_amt,False,False
taiwan,ablation_full_features,lightgbm,42,227235,EDUCATION_4,0.02488724112744995,-0.00027782652460344153,30,-1.0,EDUCATION,False,False
taiwan,ablation_full_features,lightgbm,42,227235,BILL_AMT4,0.024574011363565074,0.008307789727346783,31,1.0,BILL_AMT4,False,False
taiwan,ablation_full_features,lightgbm,42,227235,BILL_AMT3,0.024089050715489634,0.00884552642744782,32,1.0,BILL_AMT3,False,False
taiwan,ablation_full_features,lightgbm,42,227235,MARRIAGE_1,0.021849355605001775,0.00023237822621629864,33,1.0,MARRIAGE,False,False
taiwan,ablation_full_features,lightgbm,42,227235,severe_delay_count,0.021058454304411823,-0.004793407897346756,34,-1.0,severe_delay_count,False,False
taiwan,ablation_full_features,lightgbm,42,227235,PAY_6,0.019854105635118684,0.007431690164762338,35,1.0,PAY_6,False,False
taiwan,ablation_full_features,lightgbm,42,227235,SEX_1,0.01719325827138098,-0.00022509750585503118,36,-1.0,SEX,False,False
taiwan,ablation_full_features,lightgbm,42,227235,MARRIAGE_2,0.013487336818254756,0.0002451503261182004,37,1.0,MARRIAGE,False,False
taiwan,ablation_full_features,lightgbm,42,227235,PAY_2,0.012278378698393131,-0.001221821303010714,38,-1.0,PAY_2,False,False
taiwan,ablation_full_features,lightgbm,42,227235,PAY_5,0.008136507785431941,0.0006843813814956044,39,1.0,PAY_5,False,False
taiwan,ablation_full_features,lightgbm,42,227235,EDUCATION_1,0.008012176581674366,0.0010581328867759457,40,1.0,EDUCATION,False,False
taiwan,ablation_full_features,lightgbm,42,227235,PAY_4,0.006917197266436331,0.0018169426439855834,41,1.0,PAY_4,False,False
taiwan,ablation_full_features,lightgbm,42,227235,avg_bill_amt,0.004457825212054235,0.0007342122841376219,42,1.0,avg_bill_amt,False,False
taiwan,ablation_full_features,lightgbm,42,227235,avg_pay_amt,0.003899651238420512,-0.0011783324224423609,43,-1.0,avg_pay_amt,False,False
taiwan,ablation_full_features,lightgbm,42,227235,SEX_2,0.003420519982543179,-0.00015821926943159612,44,-1.0,SEX,False,False
taiwan,ablation_full_features,lightgbm,42,227235,EDUCATION_3,0.0015101024629378984,8.597586803270962e-05,45,1.0,EDUCATION,False,False
taiwan,ablation_full_features,lightgbm,42,227235,MARRIAGE_3,0.0005488334192113267,3.6338675005484074e-05,46,1.0,MARRIAGE,False,False
taiwan,ablation_full_features,lightgbm,43,85942,recent_delay,0.26811324669893677,-0.008912052271512984,1,-1.0,recent_delay,True,True
taiwan,ablation_full_features,lightgbm,43,85942,PAY_0,0.21997014153667113,-0.0569166003992307,2,-1.0,PAY_0,True,True
taiwan,ablation_full_features,lightgbm,43,85942,delay_count,0.17513074852362537,0.04219397475833029,3,1.0,delay_count,True,True
taiwan,ablation_full_features,lightgbm,43,85942,utilization_proxy,0.1684867671313913,0.006947659310420639,4,1.0,utilization_proxy,True,True
taiwan,ablation_full_features,lightgbm,43,85942,LIMIT_BAL,0.14657224228705854,0.007435511815083702,5,1.0,LIMIT_BAL,True,True
taiwan,ablation_full_features,lightgbm,43,85942,max_delay,0.11400506155669361,0.009096337637655457,6,1.0,max_delay,False,True
taiwan,ablation_full_features,lightgbm,43,85942,PAY_AMT1,0.07924283060292625,-0.0033231422575582597,7,-1.0,PAY_AMT1,False,True
taiwan,ablation_full_features,lightgbm,43,85942,payment_to_bill_ratio,0.0753366759533498,-0.0018140903336789388,8,-1.0,payment_to_bill_ratio,False,True
taiwan,ablation_full_features,lightgbm,43,85942,bill_trend,0.06754512093563673,-0.004265923363571554,9,-1.0,bill_trend,False,True
taiwan,ablation_full_features,lightgbm,43,85942,bill_volatility,0.06750773821255619,0.0017978517349967703,10,1.0,bill_volatility,False,True
taiwan,ablation_full_features,lightgbm,43,85942,BILL_AMT1,0.06740304134116491,-0.0013982071628241813,11,-1.0,BILL_AMT1,False,False
taiwan,ablation_full_features,lightgbm,43,85942,PAY_AMT2,0.06508471297231527,-0.0012154719963166421,12,-1.0,PAY_AMT2,False,False
taiwan,ablation_full_features,lightgbm,43,85942,PAY_AMT3,0.06309767884767611,-0.012736956285599586,13,-1.0,PAY_AMT3,False,False
taiwan,ablation_full_features,lightgbm,43,85942,total_pay_amt,0.06019713320206075,-0.0029628013998164253,14,-1.0,total_pay_amt,False,False
taiwan,ablation_full_features,lightgbm,43,85942,max_bill_amt,0.05924545475535516,-0.004321962559916547,15,-1.0,max_bill_amt,False,False
taiwan,ablation_full_features,lightgbm,43,85942,avg_delay,0.05404620643208396,-0.01118192667037497,16,-1.0,avg_delay,False,False
taiwan,ablation_full_features,lightgbm,43,85942,severe_delay_count,0.04708208560106632,-0.0020055407089466276,17,-1.0,severe_delay_count,False,False
taiwan,ablation_full_features,lightgbm,43,85942,PAY_AMT6,0.045027393530694806,6.208115061227926e-05,18,1.0,PAY_AMT6,False,False
taiwan,ablation_full_features,lightgbm,43,85942,PAY_AMT4,0.04327874197355539,0.004516271462649407,19,1.0,PAY_AMT4,False,False
taiwan,ablation_full_features,lightgbm,43,85942,recent_payment_intensity,0.04297187931509768,0.0008471573967167964,20,1.0,recent_payment_intensity,False,False
taiwan,ablation_full_features,lightgbm,43,85942,total_bill_amt,0.04134424897737686,-0.0006314993549840871,21,-1.0,total_bill_amt,False,False
taiwan,ablation_full_features,lightgbm,43,85942,BILL_AMT5,0.037786231040639134,0.011770523996101205,22,1.0,BILL_AMT5,False,False
taiwan,ablation_full_features,lightgbm,43,85942,PAY_3,0.03566098146817616,-0.010507250957862126,23,-1.0,PAY_3,False,False
taiwan,ablation_full_features,lightgbm,43,85942,AGE,0.03143916700510499,0.0019835057839017677,24,1.0,AGE,False,False
taiwan,ablation_full_features,lightgbm,43,85942,PAY_AMT5,0.028307170648817725,0.0032429979008936592,25,1.0,PAY_AMT5,False,False
taiwan,ablation_full_features,lightgbm,43,85942,payment_volatility,0.028039635035422658,-0.0037193364706690157,26,-1.0,payment_volatility,False,False
taiwan,ablation_full_features,lightgbm,43,85942,BILL_AMT2,0.02694038215726302,-0.0019038581978666294,27,-1.0,BILL_AMT2,False,False
taiwan,ablation_full_features,lightgbm,43,85942,EDUCATION_2,0.02633429870023743,0.0005953939858772463,28,1.0,EDUCATION,False,False
taiwan,ablation_full_features,lightgbm,43,85942,BILL_AMT4,0.026149334978306044,0.010886179716549106,29,1.0,BILL_AMT4,False,False
taiwan,ablation_full_features,lightgbm,43,85942,BILL_AMT6,0.02604162075057047,-0.0001808002071489438,30,-1.0,BILL_AMT6,False,False
taiwan,ablation_full_features,lightgbm,43,85942,EDUCATION_4,0.024645891833625512,-0.0002370563519530979,31,-1.0,EDUCATION,False,False
taiwan,ablation_full_features,lightgbm,43,85942,BILL_AMT3,0.024638210039175528,0.010561683615458319,32,1.0,BILL_AMT3,False,False
taiwan,ablation_full_features,lightgbm,43,85942,max_pay_amt,0.024404157189506483,-0.005429984296828912,33,-1.0,max_pay_amt,False,False
taiwan,ablation_full_features,lightgbm,43,85942,PAY_6,0.019699985456888232,0.007161764367887976,34,1.0,PAY_6,False,False
taiwan,ablation_full_features,lightgbm,43,85942,MARRIAGE_2,0.017847246711655596,-0.0012209248170831977,35,-1.0,MARRIAGE,False,False
taiwan,ablation_full_features,lightgbm,43,85942,SEX_1,0.017534987472174125,0.00025142173011738565,36,1.0,SEX,False,False
taiwan,ablation_full_features,lightgbm,43,85942,MARRIAGE_1,0.01748121254277114,0.0008064552958998629,37,1.0,MARRIAGE,False,False
taiwan,ablation_full_features,lightgbm,43,85942,PAY_2,0.015375916192925132,-0.0027153950436748105,38,-1.0,PAY_2,False,False
taiwan,ablation_full_features,lightgbm,43,85942,PAY_5,0.009423921331860473,-0.0005721528905331073,39,-1.0,PAY_5,False,False
taiwan,ablation_full_features,lightgbm,43,85942,EDUCATION_1,0.007739579631186402,0.0008733382479713803,40,1.0,EDUCATION,False,False
taiwan,ablation_full_features,lightgbm,43,85942,PAY_4,0.007272072276218344,0.0008633973702446691,41,1.0,PAY_4,False,False
taiwan,ablation_full_features,lightgbm,43,85942,avg_pay_amt,0.007162449628550596,-0.0019444357980486888,42,-1.0,avg_pay_amt,False,False
taiwan,ablation_full_features,lightgbm,43,85942,avg_bill_amt,0.0052631319691798266,0.00024082250852179934,43,1.0,avg_bill_amt,False,False
taiwan,ablation_full_features,lightgbm,43,85942,SEX_2,0.004980809942453489,-3.739606853880671e-05,44,-1.0,SEX,False,False
taiwan,ablation_full_features,lightgbm,43,85942,EDUCATION_3,0.0012315118539609376,0.00012323109930505478,45,1.0,EDUCATION,False,False
taiwan,ablation_full_features,lightgbm,43,85942,MARRIAGE_3,0.0008532103819237571,6.164940661997469e-05,46,1.0,MARRIAGE,False,False
taiwan,ablation_full_features,lightgbm,44,781548,recent_delay,0.2847878248381462,-0.010651331624295785,1,-1.0,recent_delay,True,True
taiwan,ablation_full_features,lightgbm,44,781548,PAY_0,0.2118803726773032,-0.05289609685901385,2,-1.0,PAY_0,True,True
taiwan,ablation_full_features,lightgbm,44,781548,utilization_proxy,0.17130437977678048,0.011902823683116815,3,1.0,utilization_proxy,True,True
taiwan,ablation_full_features,lightgbm,44,781548,LIMIT_BAL,0.14370766399704768,0.0033240208700768157,4,1.0,LIMIT_BAL,True,True
taiwan,ablation_full_features,lightgbm,44,781548,max_delay,0.1410053340757937,0.016032033137431484,5,1.0,max_delay,True,True
taiwan,ablation_full_features,lightgbm,44,781548,delay_count,0.1280032542238736,0.030996174276093857,6,1.0,delay_count,False,True
taiwan,ablation_full_features,lightgbm,44,781548,PAY_AMT1,0.0881604792428988,-0.0038674507860145375,7,-1.0,PAY_AMT1,False,True
taiwan,ablation_full_features,lightgbm,44,781548,payment_to_bill_ratio,0.07712329120495387,-0.0007542971340798991,8,-1.0,payment_to_bill_ratio,False,True
taiwan,ablation_full_features,lightgbm,44,781548,bill_trend,0.06996648338230466,-0.0022013523034501597,9,-1.0,bill_trend,False,True
taiwan,ablation_full_features,lightgbm,44,781548,max_bill_amt,0.06880612631330116,-0.014134247560052835,10,-1.0,max_bill_amt,False,True
taiwan,ablation_full_features,lightgbm,44,781548,PAY_AMT2,0.06754652595947028,-0.0063547659738888125,11,-1.0,PAY_AMT2,False,False
taiwan,ablation_full_features,lightgbm,44,781548,BILL_AMT1,0.06647405984109948,-0.0010357778275482015,12,-1.0,BILL_AMT1,False,False
taiwan,ablation_full_features,lightgbm,44,781548,bill_volatility,0.06472839534575858,0.008105532768374708,13,1.0,bill_volatility,False,False
taiwan,ablation_full_features,lightgbm,44,781548,avg_delay,0.06392514514010685,-0.010329755045269964,14,-1.0,avg_delay,False,False
taiwan,ablation_full_features,lightgbm,44,781548,PAY_AMT3,0.06370462969185184,-0.011790878121461892,15,-1.0,PAY_AMT3,False,False
taiwan,ablation_full_features,lightgbm,44,781548,total_pay_amt,0.05604892800692961,0.00010956969984367548,16,1.0,total_pay_amt,False,False
taiwan,ablation_full_features,lightgbm,44,781548,total_bill_amt,0.04986398051668966,-0.01025339538636611,17,-1.0,total_bill_amt,False,False
taiwan,ablation_full_features,lightgbm,44,781548,recent_payment_intensity,0.04708548144766772,-0.0053631949751806,18,-1.0,recent_payment_intensity,False,False
taiwan,ablation_full_features,lightgbm,44,781548,PAY_AMT4,0.045051707130484904,0.006505353746012476,19,1.0,PAY_AMT4,False,False
taiwan,ablation_full_features,lightgbm,44,781548,PAY_AMT6,0.04335961405228149,-0.001734597003588617,20,-1.0,PAY_AMT6,False,False
taiwan,ablation_full_features,lightgbm,44,781548,severe_delay_count,0.041050886410367894,-0.0035486343096563277,21,-1.0,severe_delay_count,False,False
taiwan,ablation_full_features,lightgbm,44,781548,PAY_3,0.03760101175594115,-0.005817153735856839,22,-1.0,PAY_3,False,False
taiwan,ablation_full_features,lightgbm,44,781548,BILL_AMT5,0.03706244436768818,0.011709761222660476,23,1.0,BILL_AMT5,False,False
taiwan,ablation_full_features,lightgbm,44,781548,BILL_AMT4,0.035833402814787446,0.007260688696476327,24,1.0,BILL_AMT4,False,False
taiwan,ablation_full_features,lightgbm,44,781548,payment_volatility,0.03345221583103182,0.0038928710708284056,25,1.0,payment_volatility,False,False
taiwan,ablation_full_features,lightgbm,44,781548,AGE,0.033160490533336355,0.0015598767661780541,26,1.0,AGE,False,False
taiwan,ablation_full_features,lightgbm,44,781548,BILL_AMT2,0.02854474181988726,0.008251344359718926,27,1.0,BILL_AMT2,False,False
taiwan,ablation_full_features,lightgbm,44,781548,EDUCATION_2,0.027643178088092454,0.00039373206041194193,28,1.0,EDUCATION,False,False
taiwan,ablation_full_features,lightgbm,44,781548,PAY_AMT5,0.026313073380549407,0.002419979436148775,29,1.0,PAY_AMT5,False,False
taiwan,ablation_full_features,lightgbm,44,781548,EDUCATION_4,0.025706628379575474,-0.0002803113006674615,30,-1.0,EDUCATION,False,False
taiwan,ablation_full_features,lightgbm,44,781548,max_pay_amt,0.02254358473914039,-0.00568639716085972,31,-1.0,max_pay_amt,False,False
taiwan,ablation_full_features,lightgbm,44,781548,BILL_AMT3,0.022222518249022636,0.006507213580030226,32,1.0,BILL_AMT3,False,False
taiwan,ablation_full_features,lightgbm,44,781548,MARRIAGE_2,0.0213768128399642,-0.0005130091262068129,33,-1.0,MARRIAGE,False,False
taiwan,ablation_full_features,lightgbm,44,781548,BILL_AMT6,0.0213432382955533,0.0024153497736693766,34,1.0,BILL_AMT6,False,False
taiwan,ablation_full_features,lightgbm,44,781548,SEX_1,0.020715496414541432,0.00028376755285441024,35,1.0,SEX,False,False
taiwan,ablation_full_features,lightgbm,44,781548,PAY_6,0.015472162173417037,0.00449788955002303,36,1.0,PAY_6,False,False
taiwan,ablation_full_features,lightgbm,44,781548,MARRIAGE_1,0.015161789616357155,0.0005405694386807147,37,1.0,MARRIAGE,False,False
taiwan,ablation_full_features,lightgbm,44,781548,PAY_2,0.013421402256825336,-0.0017302575609702464,38,-1.0,PAY_2,False,False
taiwan,ablation_full_features,lightgbm,44,781548,avg_pay_amt,0.010453721978310375,-0.0011386156635639362,39,-1.0,avg_pay_amt,False,False
taiwan,ablation_full_features,lightgbm,44,781548,avg_bill_amt,0.010013032801002703,0.0003002238740947347,40,1.0,avg_bill_amt,False,False
taiwan,ablation_full_features,lightgbm,44,781548,PAY_5,0.009071771169165624,0.00013473142021898048,41,1.0,PAY_5,False,False
taiwan,ablation_full_features,lightgbm,44,781548,PAY_4,0.0057752782411618665,0.0019071272554522013,42,1.0,PAY_4,False,False
taiwan,ablation_full_features,lightgbm,44,781548,EDUCATION_1,0.005660517002227612,0.00023724625170790597,43,1.0,EDUCATION,False,False
taiwan,ablation_full_features,lightgbm,44,781548,SEX_2,0.004728135235125034,9.942552453489165e-06,44,1.0,SEX,False,False
taiwan,ablation_full_features,lightgbm,44,781548,EDUCATION_3,0.002496640828551094,0.0003216729053365097,45,1.0,EDUCATION,False,False
taiwan,ablation_full_features,lightgbm,44,781548,MARRIAGE_3,0.00041099096811256984,3.063253582967835e-05,46,1.0,MARRIAGE,False,False
taiwan,ablation_full_features,lightgbm,45,773919,recent_delay,0.2490942955433699,-0.007273406898810283,1,-1.0,recent_delay,True,True
taiwan,ablation_full_features,lightgbm,45,773919,PAY_0,0.21017102510860702,-0.04627553595814117,2,-1.0,PAY_0,True,True
taiwan,ablation_full_features,lightgbm,45,773919,utilization_proxy,0.16514118030129118,0.0057290624687989155,3,1.0,utilization_proxy,True,True
taiwan,ablation_full_features,lightgbm,45,773919,max_delay,0.16042654712121435,0.011145102290736782,4,1.0,max_delay,True,True
taiwan,ablation_full_features,lightgbm,45,773919,delay_count,0.14844611887794634,0.03177065388445818,5,1.0,delay_count,True,True
taiwan,ablation_full_features,lightgbm,45,773919,LIMIT_BAL,0.14237019303154433,0.01032046070183837,6,1.0,LIMIT_BAL,False,True
taiwan,ablation_full_features,lightgbm,45,773919,PAY_AMT1,0.08241348267372757,-0.003983768138756883,7,-1.0,PAY_AMT1,False,True
taiwan,ablation_full_features,lightgbm,45,773919,avg_delay,0.0761141857136406,-0.01420465490115662,8,-1.0,avg_delay,False,True
taiwan,ablation_full_features,lightgbm,45,773919,payment_to_bill_ratio,0.07468859571321193,-0.01026480144535459,9,-1.0,payment_to_bill_ratio,False,True
taiwan,ablation_full_features,lightgbm,45,773919,bill_trend,0.071992038410807,0.0014424112887948032,10,1.0,bill_trend,False,True
taiwan,ablation_full_features,lightgbm,45,773919,total_pay_amt,0.07110083411565783,0.0013889303657204962,11,1.0,total_pay_amt,False,False
taiwan,ablation_full_features,lightgbm,45,773919,bill_volatility,0.06841226593064129,-0.0020078724643762544,12,-1.0,bill_volatility,False,False
taiwan,ablation_full_features,lightgbm,45,773919,PAY_AMT2,0.06581687699565258,-0.0030181172830935836,13,-1.0,PAY_AMT2,False,False
taiwan,ablation_full_features,lightgbm,45,773919,max_bill_amt,0.06471114830749666,0.003487076773733334,14,1.0,max_bill_amt,False,False
taiwan,ablation_full_features,lightgbm,45,773919,BILL_AMT1,0.06365047354879717,-0.017351396026227785,15,-1.0,BILL_AMT1,False,False
taiwan,ablation_full_features,lightgbm,45,773919,PAY_AMT3,0.060030687167803694,-0.008046786347387735,16,-1.0,PAY_AMT3,False,False
taiwan,ablation_full_features,lightgbm,45,773919,PAY_AMT6,0.04889822290062851,0.0024322999770320162,17,1.0,PAY_AMT6,False,False
taiwan,ablation_full_features,lightgbm,45,773919,total_bill_amt,0.0482908829510147,0.0013951938249788067,18,1.0,total_bill_amt,False,False
taiwan,ablation_full_features,lightgbm,45,773919,recent_payment_intensity,0.047259318152029314,0.004348655354461712,19,1.0,recent_payment_intensity,False,False
taiwan,ablation_full_features,lightgbm,45,773919,BILL_AMT5,0.047004727480455616,0.01897549727329592,20,1.0,BILL_AMT5,False,False
taiwan,ablation_full_features,lightgbm,45,773919,PAY_AMT4,0.03950008192128968,0.002460794630256912,21,1.0,PAY_AMT4,False,False
taiwan,ablation_full_features,lightgbm,45,773919,PAY_3,0.037691005630604894,-0.0045990085546467885,22,-1.0,PAY_3,False,False
taiwan,ablation_full_features,lightgbm,45,773919,payment_volatility,0.03249514280130694,-0.0026647514237802218,23,-1.0,payment_volatility,False,False
taiwan,ablation_full_features,lightgbm,45,773919,BILL_AMT2,0.03168995584546843,-0.005487477164450003,24,-1.0,BILL_AMT2,False,False
taiwan,ablation_full_features,lightgbm,45,773919,AGE,0.03125872507181881,0.0004092026712504749,25,1.0,AGE,False,False
taiwan,ablation_full_features,lightgbm,45,773919,EDUCATION_2,0.03123405442542744,0.0003842290967383812,26,1.0,EDUCATION,False,False
taiwan,ablation_full_features,lightgbm,45,773919,max_pay_amt,0.02720929554479648,-0.0038576749718874296,27,-1.0,max_pay_amt,False,False
taiwan,ablation_full_features,lightgbm,45,773919,BILL_AMT4,0.02714339756293751,0.00546688968733609,28,1.0,BILL_AMT4,False,False
taiwan,ablation_full_features,lightgbm,45,773919,BILL_AMT6,0.026409359030645934,-0.006884442414948032,29,-1.0,BILL_AMT6,False,False
taiwan,ablation_full_features,lightgbm,45,773919,BILL_AMT3,0.02630827128398104,0.012049312365539933,30,1.0,BILL_AMT3,False,False
taiwan,ablation_full_features,lightgbm,45,773919,EDUCATION_4,0.024703031581480458,-0.00011800656900075901,31,-1.0,EDUCATION,False,False
taiwan,ablation_full_features,lightgbm,45,773919,PAY_AMT5,0.02244725236272663,0.004007753333005037,32,1.0,PAY_AMT5,False,False
taiwan,ablation_full_features,lightgbm,45,773919,severe_delay_count,0.020228747534581232,-0.00408513112816333,33,-1.0,severe_delay_count,False,False
taiwan,ablation_full_features,lightgbm,45,773919,PAY_6,0.019317372303877502,0.003951243279884223,34,1.0,PAY_6,False,False
taiwan,ablation_full_features,lightgbm,45,773919,MARRIAGE_2,0.019249858471643927,-6.27211290361044e-05,35,-1.0,MARRIAGE,False,False
taiwan,ablation_full_features,lightgbm,45,773919,SEX_1,0.018426662301985794,1.4096867329815084e-05,36,1.0,SEX,False,False
taiwan,ablation_full_features,lightgbm,45,773919,MARRIAGE_1,0.016123931942484886,0.0004760888294237545,37,1.0,MARRIAGE,False,False
taiwan,ablation_full_features,lightgbm,45,773919,PAY_2,0.014105006330972775,-0.001760648398364446,38,-1.0,PAY_2,False,False
taiwan,ablation_full_features,lightgbm,45,773919,PAY_4,0.007363371573830647,0.003695811323291025,39,1.0,PAY_4,False,False
taiwan,ablation_full_features,lightgbm,45,773919,EDUCATION_1,0.00705678620386204,0.0002835120880270454,40,1.0,EDUCATION,False,False
taiwan,ablation_full_features,lightgbm,45,773919,PAY_5,0.006866728748772766,-0.0008545620955327378,41,-1.0,PAY_5,False,False
taiwan,ablation_full_features,lightgbm,45,773919,avg_pay_amt,0.005222918968117598,0.00047303238362608133,42,1.0,avg_pay_amt,False,False
taiwan,ablation_full_features,lightgbm,45,773919,avg_bill_amt,0.005169895830187051,-0.003040846883786111,43,-1.0,avg_bill_amt,False,False
taiwan,ablation_full_features,lightgbm,45,773919,SEX_2,0.0050538305421570055,0.0001877252401321202,44,1.0,SEX,False,False
taiwan,ablation_full_features,lightgbm,45,773919,EDUCATION_3,0.0021843292052817105,9.343462512681717e-05,45,1.0,EDUCATION,False,False
taiwan,ablation_full_features,lightgbm,45,773919,MARRIAGE_3,0.0008299914567104114,6.0431725515240304e-05,46,1.0,MARRIAGE,False,False
taiwan,ablation_full_features,lightgbm,46,182545,recent_delay,0.24426288947192953,-0.007040178221759878,1,-1.0,recent_delay,True,True
taiwan,ablation_full_features,lightgbm,46,182545,PAY_0,0.22037769116175374,-0.05492711336129438,2,-1.0,PAY_0,True,True
taiwan,ablation_full_features,lightgbm,46,182545,delay_count,0.19848228091608353,0.04058364964311267,3,1.0,delay_count,True,True
taiwan,ablation_full_features,lightgbm,46,182545,utilization_proxy,0.1744897481368832,0.009773430675840196,4,1.0,utilization_proxy,True,True
taiwan,ablation_full_features,lightgbm,46,182545,LIMIT_BAL,0.14234248737189958,0.00543651587113525,5,1.0,LIMIT_BAL,True,True
taiwan,ablation_full_features,lightgbm,46,182545,max_delay,0.12458713050321345,0.011239085338969296,6,1.0,max_delay,False,True
taiwan,ablation_full_features,lightgbm,46,182545,PAY_AMT1,0.08833376929016235,-0.004300428443938323,7,-1.0,PAY_AMT1,False,True
taiwan,ablation_full_features,lightgbm,46,182545,bill_trend,0.07696953315569745,-0.0031872727248689462,8,-1.0,bill_trend,False,True
taiwan,ablation_full_features,lightgbm,46,182545,avg_delay,0.07294564557189376,-0.012560881070445305,9,-1.0,avg_delay,False,True
taiwan,ablation_full_features,lightgbm,46,182545,PAY_AMT2,0.06907199512050125,-9.11104305285282e-05,10,-1.0,PAY_AMT2,False,True
taiwan,ablation_full_features,lightgbm,46,182545,max_bill_amt,0.06893449297701025,-0.00669930827186512,11,-1.0,max_bill_amt,False,False
taiwan,ablation_full_features,lightgbm,46,182545,payment_to_bill_ratio,0.06741971874489443,0.002395418213756387,12,1.0,payment_to_bill_ratio,False,False
taiwan,ablation_full_features,lightgbm,46,182545,PAY_AMT3,0.06713692868323765,-0.011662779424434807,13,-1.0,PAY_AMT3,False,False
taiwan,ablation_full_features,lightgbm,46,182545,bill_volatility,0.06712812015207774,0.008347282754111122,14,1.0,bill_volatility,False,False
taiwan,ablation_full_features,lightgbm,46,182545,BILL_AMT1,0.056519872574777925,-0.00884752653440978,15,-1.0,BILL_AMT1,False,False
taiwan,ablation_full_features,lightgbm,46,182545,total_pay_amt,0.05637271480901553,-0.013167230871031175,16,-1.0,total_pay_amt,False,False
taiwan,ablation_full_features,lightgbm,46,182545,BILL_AMT5,0.05134914307486979,0.01810054782487598,17,1.0,BILL_AMT5,False,False
taiwan,ablation_full_features,lightgbm,46,182545,recent_payment_intensity,0.04744568975498089,-0.003979879211468772,18,-1.0,recent_payment_intensity,False,False
taiwan,ablation_full_features,lightgbm,46,182545,PAY_AMT6,0.043789816507116816,0.004941283208390359,19,1.0,PAY_AMT6,False,False
taiwan,ablation_full_features,lightgbm,46,182545,PAY_AMT4,0.041724234569589236,-3.5049618270658814e-06,20,-1.0,PAY_AMT4,False,False
taiwan,ablation_full_features,lightgbm,46,182545,AGE,0.03355297291009227,0.001372124959205273,21,1.0,AGE,False,False
taiwan,ablation_full_features,lightgbm,46,182545,PAY_3,0.03245964776200876,-0.012826413773036513,22,-1.0,PAY_3,False,False
taiwan,ablation_full_features,lightgbm,46,182545,BILL_AMT2,0.029775977822387886,-0.004787562118726207,23,-1.0,BILL_AMT2,False,False
taiwan,ablation_full_features,lightgbm,46,182545,total_bill_amt,0.02965652287882891,0.005435354377689605,24,1.0,total_bill_amt,False,False
taiwan,ablation_full_features,lightgbm,46,182545,payment_volatility,0.029179138851113055,-0.0024310148502815743,25,-1.0,payment_volatility,False,False
taiwan,ablation_full_features,lightgbm,46,182545,BILL_AMT4,0.028613327156774327,0.012076657373832907,26,1.0,BILL_AMT4,False,False
taiwan,ablation_full_features,lightgbm,46,182545,EDUCATION_2,0.02769319208255349,7.500160634897355e-05,27,1.0,EDUCATION,False,False
taiwan,ablation_full_features,lightgbm,46,182545,EDUCATION_4,0.026275196267526973,-0.0002056633557313882,28,-1.0,EDUCATION,False,False
taiwan,ablation_full_features,lightgbm,46,182545,PAY_AMT5,0.024663505045833062,0.006084327322740348,29,1.0,PAY_AMT5,False,False
taiwan,ablation_full_features,lightgbm,46,182545,max_pay_amt,0.024616320880664455,0.001802440796643365,30,1.0,max_pay_amt,False,False
taiwan,ablation_full_features,lightgbm,46,182545,BILL_AMT6,0.024420522953531934,-0.0034598942026587017,31,-1.0,BILL_AMT6,False,False
taiwan,ablation_full_features,lightgbm,46,182545,BILL_AMT3,0.023993058044572715,0.005449786386557091,32,1.0,BILL_AMT3,False,False
taiwan,ablation_full_features,lightgbm,46,182545,MARRIAGE_1,0.020973027420494898,0.00013286888175351486,33,1.0,MARRIAGE,False,False
taiwan,ablation_full_features,lightgbm,46,182545,severe_delay_count,0.019587410970703933,-0.0021642879085917656,34,-1.0,severe_delay_count,False,False
taiwan,ablation_full_features,lightgbm,46,182545,PAY_6,0.019214463616553407,0.008383981583520488,35,1.0,PAY_6,False,False
taiwan,ablation_full_features,lightgbm,46,182545,SEX_1,0.01695550066738853,0.00030904700130691005,36,1.0,SEX,False,False
taiwan,ablation_full_features,lightgbm,46,182545,MARRIAGE_2,0.016272468042406892,-0.000376115476756302,37,-1.0,MARRIAGE,False,False
taiwan,ablation_full_features,lightgbm,46,182545,PAY_2,0.013536432671438635,-0.002482859938509792,38,-1.0,PAY_2,False,False
taiwan,ablation_full_features,lightgbm,46,182545,avg_bill_amt,0.013162961517085943,-0.003976194209347159,39,-1.0,avg_bill_amt,False,False
taiwan,ablation_full_features,lightgbm,46,182545,PAY_5,0.00847749898403329,-3.315806736026077e-05,40,-1.0,PAY_5,False,False
taiwan,ablation_full_features,lightgbm,46,182545,avg_pay_amt,0.00796054640868732,-0.0030484058124750266,41,-1.0,avg_pay_amt,False,False
taiwan,ablation_full_features,lightgbm,46,182545,PAY_4,0.007574483923236856,0.0014800835490355211,42,1.0,PAY_4,False,False
taiwan,ablation_full_features,lightgbm,46,182545,EDUCATION_1,0.0069312151122574075,7.013444504553672e-05,43,1.0,EDUCATION,False,False
taiwan,ablation_full_features,lightgbm,46,182545,SEX_2,0.00521461957416589,0.0003265906111564566,44,1.0,SEX,False,False
taiwan,ablation_full_features,lightgbm,46,182545,EDUCATION_3,0.0015394652064798597,0.00022378078698237136,45,1.0,EDUCATION,False,False
taiwan,ablation_full_features,lightgbm,46,182545,MARRIAGE_3,0.0006715742924165517,6.284869832266225e-05,46,1.0,MARRIAGE,False,False
taiwan,ablation_full_features,lightgbm,47,370788,PAY_0,0.23079666660867287,-0.05857630510112891,1,-1.0,PAY_0,True,True
taiwan,ablation_full_features,lightgbm,47,370788,recent_delay,0.2279560680561463,-0.00360092343961227,2,-1.0,recent_delay,True,True
taiwan,ablation_full_features,lightgbm,47,370788,utilization_proxy,0.1641953512839053,0.017208493040443647,3,1.0,utilization_proxy,True,True
taiwan,ablation_full_features,lightgbm,47,370788,delay_count,0.1628026926824568,0.03678499018988779,4,1.0,delay_count,True,True
taiwan,ablation_full_features,lightgbm,47,370788,max_delay,0.15535835942185847,0.017056092257361453,5,1.0,max_delay,True,True
taiwan,ablation_full_features,lightgbm,47,370788,LIMIT_BAL,0.12923419013300594,0.00033527340201377337,6,1.0,LIMIT_BAL,False,True
taiwan,ablation_full_features,lightgbm,47,370788,PAY_AMT1,0.0823081923526573,-0.0007279802892329473,7,-1.0,PAY_AMT1,False,True
taiwan,ablation_full_features,lightgbm,47,370788,payment_to_bill_ratio,0.07402631371548793,-0.0018973578676339138,8,-1.0,payment_to_bill_ratio,False,True
taiwan,ablation_full_features,lightgbm,47,370788,bill_trend,0.07388011242349804,-0.008316973447353751,9,-1.0,bill_trend,False,True
taiwan,ablation_full_features,lightgbm,47,370788,avg_delay,0.07117967754000792,-0.01125773938289032,10,-1.0,avg_delay,False,True
taiwan,ablation_full_features,lightgbm,47,370788,bill_volatility,0.06806281121004278,0.0050689702949141095,11,1.0,bill_volatility,False,False
taiwan,ablation_full_features,lightgbm,47,370788,PAY_AMT3,0.06517100352692161,-0.016952377842295172,12,-1.0,PAY_AMT3,False,False
taiwan,ablation_full_features,lightgbm,47,370788,PAY_AMT2,0.0647311761622785,-0.004238851118031096,13,-1.0,PAY_AMT2,False,False
taiwan,ablation_full_features,lightgbm,47,370788,max_bill_amt,0.06463652457457117,-0.007713295074737636,14,-1.0,max_bill_amt,False,False
taiwan,ablation_full_features,lightgbm,47,370788,total_pay_amt,0.06138458741697811,-0.00565412580909211,15,-1.0,total_pay_amt,False,False
taiwan,ablation_full_features,lightgbm,47,370788,BILL_AMT1,0.060494357974926714,-0.000639484491427621,16,-1.0,BILL_AMT1,False,False
taiwan,ablation_full_features,lightgbm,47,370788,BILL_AMT5,0.05367083146180241,0.020219379797338535,17,1.0,BILL_AMT5,False,False
taiwan,ablation_full_features,lightgbm,47,370788,total_bill_amt,0.0467963587695459,-0.004217264441736554,18,-1.0,total_bill_amt,False,False
taiwan,ablation_full_features,lightgbm,47,370788,PAY_AMT4,0.044864578414229084,0.0036943214378484164,19,1.0,PAY_AMT4,False,False
taiwan,ablation_full_features,lightgbm,47,370788,recent_payment_intensity,0.04461177843858339,0.0007034099291529371,20,1.0,recent_payment_intensity,False,False
taiwan,ablation_full_features,lightgbm,47,370788,PAY_AMT6,0.04290189290744809,0.0032319953079153773,21,1.0,PAY_AMT6,False,False
taiwan,ablation_full_features,lightgbm,47,370788,BILL_AMT6,0.03555129480651984,-0.0066027285623974094,22,-1.0,BILL_AMT6,False,False
taiwan,ablation_full_features,lightgbm,47,370788,PAY_3,0.03350250790888415,-0.013463827789975066,23,-1.0,PAY_3,False,False
taiwan,ablation_full_features,lightgbm,47,370788,AGE,0.033219444398673074,0.0011319684028529282,24,1.0,AGE,False,False
taiwan,ablation_full_features,lightgbm,47,370788,BILL_AMT4,0.03155653236860303,0.015625504166715574,25,1.0,BILL_AMT4,False,False
taiwan,ablation_full_features,lightgbm,47,370788,payment_volatility,0.03097676365873384,-0.0012542052704308053,26,-1.0,payment_volatility,False,False
taiwan,ablation_full_features,lightgbm,47,370788,BILL_AMT2,0.029140604886707517,-0.005818579867570995,27,-1.0,BILL_AMT2,False,False
taiwan,ablation_full_features,lightgbm,47,370788,max_pay_amt,0.027487218861950144,-0.0012893190662398967,28,-1.0,max_pay_amt,False,False
taiwan,ablation_full_features,lightgbm,47,370788,EDUCATION_2,0.02524373614503773,2.1605563855401024e-05,29,1.0,EDUCATION,False,False
taiwan,ablation_full_features,lightgbm,47,370788,EDUCATION_4,0.02490482691795241,-0.0003336234974601578,30,-1.0,EDUCATION,False,False
taiwan,ablation_full_features,lightgbm,47,370788,severe_delay_count,0.024053629622507813,-0.0018710280690439826,31,-1.0,severe_delay_count,False,False
taiwan,ablation_full_features,lightgbm,47,370788,BILL_AMT3,0.02376467449488032,0.0084454484648814,32,1.0,BILL_AMT3,False,False
taiwan,ablation_full_features,lightgbm,47,370788,PAY_AMT5,0.023434171029835055,0.002694895104137594,33,1.0,PAY_AMT5,False,False
taiwan,ablation_full_features,lightgbm,47,370788,MARRIAGE_1,0.022892682934360215,0.00032006406011774716,34,1.0,MARRIAGE,False,False
taiwan,ablation_full_features,lightgbm,47,370788,PAY_6,0.019626417802770035,0.0036419912543513167,35,1.0,PAY_6,False,False
taiwan,ablation_full_features,lightgbm,47,370788,SEX_1,0.013875829453768484,5.3185918419639486e-05,36,1.0,SEX,False,False
taiwan,ablation_full_features,lightgbm,47,370788,MARRIAGE_2,0.01309103199662812,-0.0006652664586206934,37,-1.0,MARRIAGE,False,False
taiwan,ablation_full_features,lightgbm,47,370788,avg_pay_amt,0.008716296081894209,-0.0017733609764714645,38,-1.0,avg_pay_amt,False,False
taiwan,ablation_full_features,lightgbm,47,370788,PAY_2,0.008590199183784048,-0.0018668638712292496,39,-1.0,PAY_2,False,False
taiwan,ablation_full_features,lightgbm,47,370788,PAY_5,0.008001155647951527,-0.00024788224891037327,40,-1.0,PAY_5,False,False
taiwan,ablation_full_features,lightgbm,47,370788,SEX_2,0.007967788130315357,0.00048599016600394074,41,1.0,SEX,False,False
taiwan,ablation_full_features,lightgbm,47,370788,EDUCATION_1,0.006683969477695347,0.00037877367452740404,42,1.0,EDUCATION,False,False
taiwan,ablation_full_features,lightgbm,47,370788,avg_bill_amt,0.005137870578398837,0.00280684967520874,43,1.0,avg_bill_amt,False,False
taiwan,ablation_full_features,lightgbm,47,370788,PAY_4,0.0048602482119142485,0.0008982033888662841,44,1.0,PAY_4,False,False
taiwan,ablation_full_features,lightgbm,47,370788,EDUCATION_3,0.001761100671986451,4.041190548218294e-05,45,1.0,EDUCATION,False,False
taiwan,ablation_full_features,lightgbm,47,370788,MARRIAGE_3,0.000379175859497258,2.8178066996229128e-05,46,1.0,MARRIAGE,False,False
taiwan,ablation_full_features,lightgbm,48,128110,recent_delay,0.2556015901749205,-0.008536690666575116,1,-1.0,recent_delay,True,True
taiwan,ablation_full_features,lightgbm,48,128110,PAY_0,0.2133314556432999,-0.04966536363513208,2,-1.0,PAY_0,True,True
taiwan,ablation_full_features,lightgbm,48,128110,utilization_proxy,0.17019647334833066,0.01161555503993686,3,1.0,utilization_proxy,True,True
taiwan,ablation_full_features,lightgbm,48,128110,delay_count,0.16999415066075102,0.03842711267750462,4,1.0,delay_count,True,True
taiwan,ablation_full_features,lightgbm,48,128110,LIMIT_BAL,0.13461972338294784,0.0011614698359241715,5,1.0,LIMIT_BAL,True,True
taiwan,ablation_full_features,lightgbm,48,128110,max_delay,0.1334725343912542,0.01171821402124893,6,1.0,max_delay,False,True
taiwan,ablation_full_features,lightgbm,48,128110,PAY_AMT1,0.08683865137638351,0.005071922023077845,7,1.0,PAY_AMT1,False,True
taiwan,ablation_full_features,lightgbm,48,128110,payment_to_bill_ratio,0.07456635132724215,-0.0035535053652752204,8,-1.0,payment_to_bill_ratio,False,True
taiwan,ablation_full_features,lightgbm,48,128110,avg_delay,0.07249830190441672,-0.011681003178457213,9,-1.0,avg_delay,False,True
taiwan,ablation_full_features,lightgbm,48,128110,BILL_AMT1,0.07005523965277555,-0.001118941235122089,10,-1.0,BILL_AMT1,False,True
taiwan,ablation_full_features,lightgbm,48,128110,bill_volatility,0.06834958289111866,-0.003649792455134078,11,-1.0,bill_volatility,False,False
taiwan,ablation_full_features,lightgbm,48,128110,PAY_AMT2,0.06422552706186209,0.00041774729057740854,12,1.0,PAY_AMT2,False,False
taiwan,ablation_full_features,lightgbm,48,128110,PAY_AMT3,0.06259863127410314,-0.009884357574562228,13,-1.0,PAY_AMT3,False,False
taiwan,ablation_full_features,lightgbm,48,128110,bill_trend,0.06221423682227063,-0.004020962420111418,14,-1.0,bill_trend,False,False
taiwan,ablation_full_features,lightgbm,48,128110,max_bill_amt,0.05904214296543186,-0.007000485374625757,15,-1.0,max_bill_amt,False,False
taiwan,ablation_full_features,lightgbm,48,128110,BILL_AMT5,0.05840440328751785,0.023308082066867398,16,1.0,BILL_AMT5,False,False
taiwan,ablation_full_features,lightgbm,48,128110,total_pay_amt,0.05312357055086346,-0.0037885843821654757,17,-1.0,total_pay_amt,False,False
taiwan,ablation_full_features,lightgbm,48,128110,PAY_AMT4,0.04827678026992799,0.0023854744024423306,18,1.0,PAY_AMT4,False,False
taiwan,ablation_full_features,lightgbm,48,128110,PAY_AMT6,0.042974409512495766,0.002959987447368236,19,1.0,PAY_AMT6,False,False
taiwan,ablation_full_features,lightgbm,48,128110,recent_payment_intensity,0.04143691505538088,-0.0024084757350374595,20,-1.0,recent_payment_intensity,False,False
taiwan,ablation_full_features,lightgbm,48,128110,total_bill_amt,0.041113050785643125,-0.00403111838614962,21,-1.0,total_bill_amt,False,False
taiwan,ablation_full_features,lightgbm,48,128110,BILL_AMT6,0.04000943556676692,-0.005273993536590916,22,-1.0,BILL_AMT6,False,False
taiwan,ablation_full_features,lightgbm,48,128110,PAY_3,0.03713902956472041,-0.0034687658113808618,23,-1.0,PAY_3,False,False
taiwan,ablation_full_features,lightgbm,48,128110,AGE,0.03132522239847165,0.0010851568371665627,24,1.0,AGE,False,False
taiwan,ablation_full_features,lightgbm,48,128110,severe_delay_count,0.03096356711092562,-0.002507202043970402,25,-1.0,severe_delay_count,False,False
taiwan,ablation_full_features,lightgbm,48,128110,payment_volatility,0.03077522178147281,0.0005372296846296264,26,1.0,payment_volatility,False,False
taiwan,ablation_full_features,lightgbm,48,128110,PAY_AMT5,0.028522511779289172,-0.0037689182581586646,27,-1.0,PAY_AMT5,False,False
taiwan,ablation_full_features,lightgbm,48,128110,max_pay_amt,0.026335039003307314,-0.005703229391317571,28,-1.0,max_pay_amt,False,False
taiwan,ablation_full_features,lightgbm,48,128110,EDUCATION_2,0.025697270225483022,0.0005014362100265962,29,1.0,EDUCATION,False,False
taiwan,ablation_full_features,lightgbm,48,128110,BILL_AMT4,0.02538728557361126,0.00976053253574897,30,1.0,BILL_AMT4,False,False
taiwan,ablation_full_features,lightgbm,48,128110,EDUCATION_4,0.024840666897908807,-0.000467731262442276,31,-1.0,EDUCATION,False,False
taiwan,ablation_full_features,lightgbm,48,128110,BILL_AMT3,0.024443108100489597,0.006542236987119167,32,1.0,BILL_AMT3,False,False
taiwan,ablation_full_features,lightgbm,48,128110,SEX_1,0.022357208308385276,0.0002534747462338823,33,1.0,SEX,False,False
taiwan,ablation_full_features,lightgbm,48,128110,BILL_AMT2,0.02178159074566821,-0.004820831563363184,34,-1.0,BILL_AMT2,False,False
taiwan,ablation_full_features,lightgbm,48,128110,MARRIAGE_2,0.02036869952198653,-0.0009555213173322556,35,-1.0,MARRIAGE,False,False
taiwan,ablation_full_features,lightgbm,48,128110,PAY_6,0.019701306111643245,0.002571663679517418,36,1.0,PAY_6,False,False
taiwan,ablation_full_features,lightgbm,48,128110,MARRIAGE_1,0.019032851887242554,0.000271942787550947,37,1.0,MARRIAGE,False,False
taiwan,ablation_full_features,lightgbm,48,128110,avg_pay_amt,0.010462378709789125,-0.003152920223227357,38,-1.0,avg_pay_amt,False,False
taiwan,ablation_full_features,lightgbm,48,128110,PAY_2,0.009685822851764331,-0.0006591632619281563,39,-1.0,PAY_2,False,False
taiwan,ablation_full_features,lightgbm,48,128110,PAY_5,0.009469321735478218,0.0008049967894699259,40,1.0,PAY_5,False,False
taiwan,ablation_full_features,lightgbm,48,128110,PAY_4,0.006239064300053466,0.00042038739071528314,41,1.0,PAY_4,False,False
taiwan,ablation_full_features,lightgbm,48,128110,EDUCATION_1,0.006141878146375018,0.0006847489987586964,42,1.0,EDUCATION,False,False
taiwan,ablation_full_features,lightgbm,48,128110,avg_bill_amt,0.0054286201157257765,-0.0009171864146671269,43,-1.0,avg_bill_amt,False,False
taiwan,ablation_full_features,lightgbm,48,128110,SEX_2,0.004065600294553993,0.00011968785196832521,44,1.0,SEX,False,False
taiwan,ablation_full_features,lightgbm,48,128110,EDUCATION_3,0.0018012818362286417,0.0002653714841419515,45,1.0,EDUCATION,False,False
taiwan,ablation_full_features,lightgbm,48,128110,MARRIAGE_3,0.0006095596606047578,4.031952858608619e-05,46,1.0,MARRIAGE,False,False
taiwan,ablation_full_features,lightgbm,49,94174,recent_delay,0.25164695387905095,-0.00740268502422373,1,-1.0,recent_delay,True,True
taiwan,ablation_full_features,lightgbm,49,94174,PAY_0,0.2114919148263769,-0.051012334899343606,2,-1.0,PAY_0,True,True
taiwan,ablation_full_features,lightgbm,49,94174,delay_count,0.1843163334230995,0.03822912659792087,3,1.0,delay_count,True,True
taiwan,ablation_full_features,lightgbm,49,94174,utilization_proxy,0.1640903025697674,0.007882401755006596,4,1.0,utilization_proxy,True,True
taiwan,ablation_full_features,lightgbm,49,94174,LIMIT_BAL,0.1460077677730515,0.009271274259788007,5,1.0,LIMIT_BAL,True,True
taiwan,ablation_full_features,lightgbm,49,94174,max_delay,0.1320595415573362,0.00992189293039041,6,1.0,max_delay,False,True
taiwan,ablation_full_features,lightgbm,49,94174,PAY_AMT1,0.08283202590514235,0.0023372683584748813,7,1.0,PAY_AMT1,False,True
taiwan,ablation_full_features,lightgbm,49,94174,avg_delay,0.07298731788498408,-0.012737636023293341,8,-1.0,avg_delay,False,True
taiwan,ablation_full_features,lightgbm,49,94174,BILL_AMT1,0.07206638532705363,0.0029504399529831295,9,1.0,BILL_AMT1,False,True
taiwan,ablation_full_features,lightgbm,49,94174,payment_to_bill_ratio,0.0695592614520897,-0.0005118063376892909,10,-1.0,payment_to_bill_ratio,False,True
taiwan,ablation_full_features,lightgbm,49,94174,PAY_AMT2,0.06891108572860184,-0.003438272331037423,11,-1.0,PAY_AMT2,False,False
taiwan,ablation_full_features,lightgbm,49,94174,bill_trend,0.06833513355230568,-0.009843867655849431,12,-1.0,bill_trend,False,False
taiwan,ablation_full_features,lightgbm,49,94174,PAY_AMT3,0.06651719341564348,-0.003823699081035267,13,-1.0,PAY_AMT3,False,False
taiwan,ablation_full_features,lightgbm,49,94174,max_bill_amt,0.061117932831016984,-0.00752551058906902,14,-1.0,max_bill_amt,False,False
taiwan,ablation_full_features,lightgbm,49,94174,bill_volatility,0.06044225686073011,0.0008134994776066283,15,1.0,bill_volatility,False,False
taiwan,ablation_full_features,lightgbm,49,94174,total_pay_amt,0.05661038989590414,-0.003053758610410987,16,-1.0,total_pay_amt,False,False
taiwan,ablation_full_features,lightgbm,49,94174,BILL_AMT5,0.0555945729165296,0.017908773375147177,17,1.0,BILL_AMT5,False,False
taiwan,ablation_full_features,lightgbm,49,94174,recent_payment_intensity,0.04463980742110967,-0.00011084779371059211,18,-1.0,recent_payment_intensity,False,False
taiwan,ablation_full_features,lightgbm,49,94174,PAY_AMT4,0.04299299161967727,-9.084997511232306e-05,19,-1.0,PAY_AMT4,False,False
taiwan,ablation_full_features,lightgbm,49,94174,PAY_AMT6,0.040849876368479004,0.00020980527287056997,20,1.0,PAY_AMT6,False,False
taiwan,ablation_full_features,lightgbm,49,94174,PAY_3,0.03899847300113908,-0.006307275139277257,21,-1.0,PAY_3,False,False
taiwan,ablation_full_features,lightgbm,49,94174,BILL_AMT6,0.03792321367357357,0.006045743862519485,22,1.0,BILL_AMT6,False,False
taiwan,ablation_full_features,lightgbm,49,94174,AGE,0.033031343526097434,0.0007363302673904948,23,1.0,AGE,False,False
taiwan,ablation_full_features,lightgbm,49,94174,payment_volatility,0.03163323049407364,-0.0060774587471196856,24,-1.0,payment_volatility,False,False
taiwan,ablation_full_features,lightgbm,49,94174,total_bill_amt,0.029289306897083995,-0.007408366903273035,25,-1.0,total_bill_amt,False,False
taiwan,ablation_full_features,lightgbm,49,94174,EDUCATION_2,0.028836041381921543,0.00042636330588418064,26,1.0,EDUCATION,False,False
taiwan,ablation_full_features,lightgbm,49,94174,max_pay_amt,0.02803270666952373,-0.006147073694535382,27,-1.0,max_pay_amt,False,False
taiwan,ablation_full_features,lightgbm,49,94174,PAY_AMT5,0.027172363603714653,-0.0011561529224416486,28,-1.0,PAY_AMT5,False,False
taiwan,ablation_full_features,lightgbm,49,94174,MARRIAGE_2,0.02658614114064048,-0.0007594911981992688,29,-1.0,MARRIAGE,False,False
taiwan,ablation_full_features,lightgbm,49,94174,BILL_AMT2,0.026549209023700573,-0.0022237839438459966,30,-1.0,BILL_AMT2,False,False
taiwan,ablation_full_features,lightgbm,49,94174,BILL_AMT3,0.02565175987512272,0.014529568054940439,31,1.0,BILL_AMT3,False,False
taiwan,ablation_full_features,lightgbm,49,94174,EDUCATION_4,0.024720009370147438,-0.00022608952843723544,32,-1.0,EDUCATION,False,False
taiwan,ablation_full_features,lightgbm,49,94174,BILL_AMT4,0.023677426452501565,0.0019615764038203288,33,1.0,BILL_AMT4,False,False
taiwan,ablation_full_features,lightgbm,49,94174,SEX_1,0.02242525266431889,0.00033314613373335624,34,1.0,SEX,False,False
taiwan,ablation_full_features,lightgbm,49,94174,PAY_6,0.019989274336741674,0.002407350844079737,35,1.0,PAY_6,False,False
taiwan,ablation_full_features,lightgbm,49,94174,severe_delay_count,0.018765667858158808,-0.0018585222817069423,36,-1.0,severe_delay_count,False,False
taiwan,ablation_full_features,lightgbm,49,94174,MARRIAGE_1,0.013246024123454278,0.0005762017727192134,37,1.0,MARRIAGE,False,False
taiwan,ablation_full_features,lightgbm,49,94174,avg_pay_amt,0.012751670160668515,-0.00010666706472138373,38,-1.0,avg_pay_amt,False,False
taiwan,ablation_full_features,lightgbm,49,94174,avg_bill_amt,0.011328117452744774,-0.0028098153084201265,39,-1.0,avg_bill_amt,False,False
taiwan,ablation_full_features,lightgbm,49,94174,PAY_2,0.011196229464808454,-0.001862370428334016,40,-1.0,PAY_2,False,False
taiwan,ablation_full_features,lightgbm,49,94174,PAY_4,0.007484167419483068,0.001488794998306825,41,1.0,PAY_4,False,False
taiwan,ablation_full_features,lightgbm,49,94174,PAY_5,0.006082633040519272,-0.00019337339796916554,42,-1.0,PAY_5,False,False
taiwan,ablation_full_features,lightgbm,49,94174,EDUCATION_1,0.0060070001773659685,0.000799919093618021,43,1.0,EDUCATION,False,False
taiwan,ablation_full_features,lightgbm,49,94174,EDUCATION_3,0.0024635705815612076,1.3336648406078901e-05,44,1.0,EDUCATION,False,False
taiwan,ablation_full_features,lightgbm,49,94174,SEX_2,0.002312021850717415,9.168394010391841e-05,45,1.0,SEX,False,False
taiwan,ablation_full_features,lightgbm,49,94174,MARRIAGE_3,0.0007182160491125309,7.677662560357895e-05,46,1.0,MARRIAGE,False,False
taiwan,ablation_full_features,lightgbm,50,827621,recent_delay,0.24114132447501732,-0.006884989055548195,1,-1.0,recent_delay,True,True
taiwan,ablation_full_features,lightgbm,50,827621,PAY_0,0.21639282679756294,-0.05591112023200379,2,-1.0,PAY_0,True,True
taiwan,ablation_full_features,lightgbm,50,827621,utilization_proxy,0.1688823028706902,0.010801914352481077,3,1.0,utilization_proxy,True,True
taiwan,ablation_full_features,lightgbm,50,827621,delay_count,0.16745725166264336,0.03796347215093982,4,1.0,delay_count,True,True
taiwan,ablation_full_features,lightgbm,50,827621,max_delay,0.1643497049861978,0.017978480114747956,5,1.0,max_delay,True,True
taiwan,ablation_full_features,lightgbm,50,827621,LIMIT_BAL,0.14068138545668712,-0.0005315243499246062,6,-1.0,LIMIT_BAL,False,True
taiwan,ablation_full_features,lightgbm,50,827621,PAY_AMT1,0.08895328548062437,0.0029697494591892433,7,1.0,PAY_AMT1,False,True
taiwan,ablation_full_features,lightgbm,50,827621,payment_to_bill_ratio,0.07864414904596145,0.00013217093476101886,8,1.0,payment_to_bill_ratio,False,True
taiwan,ablation_full_features,lightgbm,50,827621,BILL_AMT1,0.07430997429733867,0.00569217140965267,9,1.0,BILL_AMT1,False,True
taiwan,ablation_full_features,lightgbm,50,827621,bill_trend,0.06895358247880053,-0.012336184085947716,10,-1.0,bill_trend,False,True
taiwan,ablation_full_features,lightgbm,50,827621,bill_volatility,0.06862129657817238,0.00587955741916041,11,1.0,bill_volatility,False,False
taiwan,ablation_full_features,lightgbm,50,827621,avg_delay,0.06755586855773077,-0.010709191132760093,12,-1.0,avg_delay,False,False
taiwan,ablation_full_features,lightgbm,50,827621,PAY_AMT2,0.06585217729278188,-0.0032372244835551143,13,-1.0,PAY_AMT2,False,False
taiwan,ablation_full_features,lightgbm,50,827621,PAY_AMT3,0.06530974497775316,-0.009128213674832394,14,-1.0,PAY_AMT3,False,False
taiwan,ablation_full_features,lightgbm,50,827621,max_bill_amt,0.05853682663956652,-0.018439658712775097,15,-1.0,max_bill_amt,False,False
taiwan,ablation_full_features,lightgbm,50,827621,total_pay_amt,0.053050534234955316,-0.00839253220253885,16,-1.0,total_pay_amt,False,False
taiwan,ablation_full_features,lightgbm,50,827621,total_bill_amt,0.050269735418480045,0.0004826912588820756,17,1.0,total_bill_amt,False,False
taiwan,ablation_full_features,lightgbm,50,827621,PAY_AMT4,0.049768959441145254,0.00041606958386931697,18,1.0,PAY_AMT4,False,False
taiwan,ablation_full_features,lightgbm,50,827621,recent_payment_intensity,0.0448439605044938,-0.004694935090047997,19,-1.0,recent_payment_intensity,False,False
taiwan,ablation_full_features,lightgbm,50,827621,BILL_AMT5,0.04229088520730383,0.012471236258948633,20,1.0,BILL_AMT5,False,False
taiwan,ablation_full_features,lightgbm,50,827621,PAY_AMT6,0.040723333568436285,0.0025666817621980416,21,1.0,PAY_AMT6,False,False
taiwan,ablation_full_features,lightgbm,50,827621,PAY_3,0.034060077022221726,-0.010163490628377908,22,-1.0,PAY_3,False,False
taiwan,ablation_full_features,lightgbm,50,827621,AGE,0.03286182467739547,0.0015695366341200185,23,1.0,AGE,False,False
taiwan,ablation_full_features,lightgbm,50,827621,BILL_AMT4,0.03038540474372303,0.010960235966540935,24,1.0,BILL_AMT4,False,False
taiwan,ablation_full_features,lightgbm,50,827621,payment_volatility,0.029523059780715077,-0.003021671242059184,25,-1.0,payment_volatility,False,False
taiwan,ablation_full_features,lightgbm,50,827621,BILL_AMT2,0.02933965483141949,0.0026396005256599845,26,1.0,BILL_AMT2,False,False
taiwan,ablation_full_features,lightgbm,50,827621,EDUCATION_2,0.028131579066356164,-0.0001724376615015939,27,-1.0,EDUCATION,False,False
taiwan,ablation_full_features,lightgbm,50,827621,BILL_AMT6,0.025103467944410124,0.0040543450539723596,28,1.0,BILL_AMT6,False,False
taiwan,ablation_full_features,lightgbm,50,827621,EDUCATION_4,0.025093659091011106,-0.000314516270715707,29,-1.0,EDUCATION,False,False
taiwan,ablation_full_features,lightgbm,50,827621,PAY_AMT5,0.024185519985014357,0.002841610465431263,30,1.0,PAY_AMT5,False,False
taiwan,ablation_full_features,lightgbm,50,827621,PAY_6,0.023009001709239793,0.008920031348702355,31,1.0,PAY_6,False,False
taiwan,ablation_full_features,lightgbm,50,827621,max_pay_amt,0.022393967272786624,0.0006527675528316625,32,1.0,max_pay_amt,False,False
taiwan,ablation_full_features,lightgbm,50,827621,BILL_AMT3,0.0217247380875059,0.0032876738245250243,33,1.0,BILL_AMT3,False,False
taiwan,ablation_full_features,lightgbm,50,827621,severe_delay_count,0.02011758283664593,-0.0026887216366329133,34,-1.0,severe_delay_count,False,False
taiwan,ablation_full_features,lightgbm,50,827621,SEX_1,0.019715807835726275,5.906869233007184e-05,35,1.0,SEX,False,False
taiwan,ablation_full_features,lightgbm,50,827621,MARRIAGE_1,0.01924068870329838,0.00047048225062158445,36,1.0,MARRIAGE,False,False
taiwan,ablation_full_features,lightgbm,50,827621,MARRIAGE_2,0.01900563692703065,-0.00029538116195098235,37,-1.0,MARRIAGE,False,False
taiwan,ablation_full_features,lightgbm,50,827621,avg_pay_amt,0.011035391660309927,-0.00040864962512127817,38,-1.0,avg_pay_amt,False,False
taiwan,ablation_full_features,lightgbm,50,827621,PAY_2,0.009798690590894629,-0.0015442731096848808,39,-1.0,PAY_2,False,False
taiwan,ablation_full_features,lightgbm,50,827621,PAY_5,0.007052051806035358,-0.0012411829135028159,40,-1.0,PAY_5,False,False
taiwan,ablation_full_features,lightgbm,50,827621,EDUCATION_1,0.005562397717097839,0.0005172051947245005,41,1.0,EDUCATION,False,False
taiwan,ablation_full_features,lightgbm,50,827621,PAY_4,0.004295817678829575,0.0004546824552035989,42,1.0,PAY_4,False,False
taiwan,ablation_full_features,lightgbm,50,827621,SEX_2,0.003422673415750511,0.00020013724460176918,43,1.0,SEX,False,False
taiwan,ablation_full_features,lightgbm,50,827621,avg_bill_amt,0.0033650266706738456,0.0022828388824701388,44,1.0,avg_bill_amt,False,False
taiwan,ablation_full_features,lightgbm,50,827621,EDUCATION_3,0.0023332723920392253,0.0002446741957283974,45,1.0,EDUCATION,False,False
taiwan,ablation_full_features,lightgbm,50,827621,MARRIAGE_3,0.00043081689142252514,4.4724645213783945e-05,46,1.0,MARRIAGE,False,False
taiwan,ablation_without_engineered_features,lightgbm,1,402405,PAY_0,0.4828676916184558,-0.047891818097093294,1,-1.0,PAY_0,True,True
taiwan,ablation_without_engineered_features,lightgbm,1,402405,LIMIT_BAL,0.23911869739781225,0.014791189637453859,2,1.0,LIMIT_BAL,True,True
taiwan,ablation_without_engineered_features,lightgbm,1,402405,BILL_AMT1,0.16213024449241775,-0.0007945374324734528,3,-1.0,BILL_AMT1,True,True
taiwan,ablation_without_engineered_features,lightgbm,1,402405,PAY_AMT2,0.12892860541064724,0.0032996784951869252,4,1.0,PAY_AMT2,True,True
taiwan,ablation_without_engineered_features,lightgbm,1,402405,PAY_AMT1,0.11837645360598377,0.0014299916473705175,5,1.0,PAY_AMT1,True,True
taiwan,ablation_without_engineered_features,lightgbm,1,402405,PAY_AMT3,0.09796142978043719,-0.012359158380952364,6,-1.0,PAY_AMT3,False,True
taiwan,ablation_without_engineered_features,lightgbm,1,402405,PAY_2,0.09462969090147269,0.00460320357431479,7,1.0,PAY_2,False,True
taiwan,ablation_without_engineered_features,lightgbm,1,402405,PAY_3,0.08093285640944464,-0.007567066531696317,8,-1.0,PAY_3,False,True
taiwan,ablation_without_engineered_features,lightgbm,1,402405,PAY_AMT6,0.06455133558383788,0.0014830646185342272,9,1.0,PAY_AMT6,False,True
taiwan,ablation_without_engineered_features,lightgbm,1,402405,BILL_AMT6,0.06420468538679008,0.005817605884069855,10,1.0,BILL_AMT6,False,True
taiwan,ablation_without_engineered_features,lightgbm,1,402405,PAY_AMT4,0.060518821413557744,0.0007523812761362568,11,1.0,PAY_AMT4,False,False
taiwan,ablation_without_engineered_features,lightgbm,1,402405,BILL_AMT4,0.05550414770668928,-0.007799548494595394,12,-1.0,BILL_AMT4,False,False
taiwan,ablation_without_engineered_features,lightgbm,1,402405,PAY_5,0.052673724738878304,-0.002076640379481448,13,-1.0,PAY_5,False,False
taiwan,ablation_without_engineered_features,lightgbm,1,402405,PAY_6,0.05231301898640625,0.002409752610341376,14,1.0,PAY_6,False,False
taiwan,ablation_without_engineered_features,lightgbm,1,402405,BILL_AMT5,0.04872072284019312,-0.007088310795924837,15,-1.0,BILL_AMT5,False,False
taiwan,ablation_without_engineered_features,lightgbm,1,402405,BILL_AMT3,0.04836700956916587,0.0017485333447316799,16,1.0,BILL_AMT3,False,False
taiwan,ablation_without_engineered_features,lightgbm,1,402405,PAY_AMT5,0.048345977521361085,0.004752287057842922,17,1.0,PAY_AMT5,False,False
taiwan,ablation_without_engineered_features,lightgbm,1,402405,PAY_4,0.04641908489846742,0.012174458768553978,18,1.0,PAY_4,False,False
taiwan,ablation_without_engineered_features,lightgbm,1,402405,BILL_AMT2,0.040503659273594235,0.010189652088789618,19,1.0,BILL_AMT2,False,False
taiwan,ablation_without_engineered_features,lightgbm,1,402405,AGE,0.039739626104876295,0.0037209858727666207,20,1.0,AGE,False,False
taiwan,ablation_without_engineered_features,lightgbm,1,402405,EDUCATION_2,0.02961351223777644,-0.00037796091900060976,21,-1.0,EDUCATION,False,False
taiwan,ablation_without_engineered_features,lightgbm,1,402405,EDUCATION_4,0.028589863229394365,-0.0004121862118381566,22,-1.0,EDUCATION,False,False
taiwan,ablation_without_engineered_features,lightgbm,1,402405,SEX_1,0.023717516298830173,-0.00016508715892333861,23,-1.0,SEX,False,False
taiwan,ablation_without_engineered_features,lightgbm,1,402405,MARRIAGE_2,0.021945103534195928,-0.0018206421886446075,24,-1.0,MARRIAGE,False,False
taiwan,ablation_without_engineered_features,lightgbm,1,402405,MARRIAGE_1,0.01872717271379715,7.082620537396423e-05,25,1.0,MARRIAGE,False,False
taiwan,ablation_without_engineered_features,lightgbm,1,402405,EDUCATION_1,0.009089807057109702,0.0007103083385957986,26,1.0,EDUCATION,False,False
taiwan,ablation_without_engineered_features,lightgbm,1,402405,SEX_2,0.006132677433519867,1.6914196456042577e-05,27,1.0,SEX,False,False
taiwan,ablation_without_engineered_features,lightgbm,1,402405,EDUCATION_3,0.002175336624184666,-0.00015616758695623733,28,-1.0,EDUCATION,False,False
taiwan,ablation_without_engineered_features,lightgbm,1,402405,MARRIAGE_3,0.0011610525427498282,9.563860883220012e-05,29,1.0,MARRIAGE,False,False
taiwan,ablation_without_engineered_features,lightgbm,2,513210,PAY_0,0.5019852874553214,-0.05044004111702724,1,-1.0,PAY_0,True,True
taiwan,ablation_without_engineered_features,lightgbm,2,513210,LIMIT_BAL,0.24485797405357762,0.01674279954761757,2,1.0,LIMIT_BAL,True,True
taiwan,ablation_without_engineered_features,lightgbm,2,513210,BILL_AMT1,0.15290025720556502,0.0072816837085319585,3,1.0,BILL_AMT1,True,True
taiwan,ablation_without_engineered_features,lightgbm,2,513210,PAY_AMT2,0.13474818762523572,-0.00232915498322724,4,-1.0,PAY_AMT2,True,True
taiwan,ablation_without_engineered_features,lightgbm,2,513210,PAY_AMT1,0.12452295008213266,0.005520275073957905,5,1.0,PAY_AMT1,True,True
taiwan,ablation_without_engineered_features,lightgbm,2,513210,PAY_AMT3,0.09129629221247523,-0.013638624284688207,6,-1.0,PAY_AMT3,False,True
taiwan,ablation_without_engineered_features,lightgbm,2,513210,PAY_2,0.08510962517218375,0.0014338983464215879,7,1.0,PAY_2,False,True
taiwan,ablation_without_engineered_features,lightgbm,2,513210,PAY_3,0.07655860879721696,-0.004841917524722036,8,-1.0,PAY_3,False,True
taiwan,ablation_without_engineered_features,lightgbm,2,513210,BILL_AMT4,0.06523099140222699,0.0016224462737628178,9,1.0,BILL_AMT4,False,True
taiwan,ablation_without_engineered_features,lightgbm,2,513210,PAY_AMT6,0.06373316934725114,0.006320288127564599,10,1.0,PAY_AMT6,False,True
taiwan,ablation_without_engineered_features,lightgbm,2,513210,PAY_AMT4,0.059716401454924344,-0.0033766889316578807,11,-1.0,PAY_AMT4,False,False
taiwan,ablation_without_engineered_features,lightgbm,2,513210,BILL_AMT6,0.05727017426233241,-0.009655081253427756,12,-1.0,BILL_AMT6,False,False
taiwan,ablation_without_engineered_features,lightgbm,2,513210,PAY_5,0.05477704097623845,-0.0018016683150850886,13,-1.0,PAY_5,False,False
taiwan,ablation_without_engineered_features,lightgbm,2,513210,BILL_AMT3,0.05301002428695921,0.003275325342019192,14,1.0,BILL_AMT3,False,False
taiwan,ablation_without_engineered_features,lightgbm,2,513210,PAY_6,0.05298932251376354,0.0010107980109275874,15,1.0,PAY_6,False,False
taiwan,ablation_without_engineered_features,lightgbm,2,513210,BILL_AMT2,0.04906879593069624,-0.005936984111907087,16,-1.0,BILL_AMT2,False,False
taiwan,ablation_without_engineered_features,lightgbm,2,513210,PAY_AMT5,0.04771971214463419,0.007847963005303101,17,1.0,PAY_AMT5,False,False
taiwan,ablation_without_engineered_features,lightgbm,2,513210,BILL_AMT5,0.04744685931452773,0.0027415188645315966,18,1.0,BILL_AMT5,False,False
taiwan,ablation_without_engineered_features,lightgbm,2,513210,PAY_4,0.04518829814258259,0.014721136739655494,19,1.0,PAY_4,False,False
taiwan,ablation_without_engineered_features,lightgbm,2,513210,AGE,0.03667367594900997,0.0023511019780935167,20,1.0,AGE,False,False
taiwan,ablation_without_engineered_features,lightgbm,2,513210,SEX_1,0.028229864200042025,0.00047154246493903414,21,1.0,SEX,False,False
taiwan,ablation_without_engineered_features,lightgbm,2,513210,EDUCATION_4,0.02804582746862537,-0.0006614848230262105,22,-1.0,EDUCATION,False,False
taiwan,ablation_without_engineered_features,lightgbm,2,513210,EDUCATION_2,0.025335384436709477,0.0005705741247051214,23,1.0,EDUCATION,False,False
taiwan,ablation_without_engineered_features,lightgbm,2,513210,MARRIAGE_1,0.02459251967136948,3.0231105580260056e-05,24,1.0,MARRIAGE,False,False
taiwan,ablation_without_engineered_features,lightgbm,2,513210,MARRIAGE_2,0.017765659071664493,-0.001568419736937827,25,-1.0,MARRIAGE,False,False
taiwan,ablation_without_engineered_features,lightgbm,2,513210,EDUCATION_1,0.011908368691147803,0.0005950817293154278,26,1.0,EDUCATION,False,False
taiwan,ablation_without_engineered_features,lightgbm,2,513210,EDUCATION_3,0.003026034466652445,3.7461538913530296e-05,27,1.0,EDUCATION,False,False
taiwan,ablation_without_engineered_features,lightgbm,2,513210,SEX_2,0.0024635581958741735,-2.891910410441057e-05,28,-1.0,SEX,False,False
taiwan,ablation_without_engineered_features,lightgbm,2,513210,MARRIAGE_3,0.0016662571521568832,0.00011409747605068787,29,1.0,MARRIAGE,False,False
taiwan,ablation_without_engineered_features,lightgbm,3,450372,PAY_0,0.5074222326503778,-0.05232609014187273,1,-1.0,PAY_0,True,True
taiwan,ablation_without_engineered_features,lightgbm,3,450372,LIMIT_BAL,0.24272617797202986,0.016491327642256307,2,1.0,LIMIT_BAL,True,True
taiwan,ablation_without_engineered_features,lightgbm,3,450372,BILL_AMT1,0.15409670381735274,0.011880691458822786,3,1.0,BILL_AMT1,True,True
taiwan,ablation_without_engineered_features,lightgbm,3,450372,PAY_AMT2,0.1355085017859827,0.005427642314822163,4,1.0,PAY_AMT2,True,True
taiwan,ablation_without_engineered_features,lightgbm,3,450372,PAY_AMT1,0.12171439917510128,-0.0020300849846247773,5,-1.0,PAY_AMT1,True,True
taiwan,ablation_without_engineered_features,lightgbm,3,450372,PAY_AMT3,0.09896071488638115,-0.013601744840497879,6,-1.0,PAY_AMT3,False,True
taiwan,ablation_without_engineered_features,lightgbm,3,450372,PAY_2,0.07976395938999703,0.005805931458811426,7,1.0,PAY_2,False,True
taiwan,ablation_without_engineered_features,lightgbm,3,450372,PAY_3,0.07556045071554214,-0.004441918060299377,8,-1.0,PAY_3,False,True
taiwan,ablation_without_engineered_features,lightgbm,3,450372,PAY_AMT6,0.06585656155428572,0.005032574998993702,9,1.0,PAY_AMT6,False,True
taiwan,ablation_without_engineered_features,lightgbm,3,450372,BILL_AMT6,0.0649138664275567,-0.0041327649802979215,10,-1.0,BILL_AMT6,False,True
taiwan,ablation_without_engineered_features,lightgbm,3,450372,PAY_AMT4,0.06349741708540971,0.0010529047339990385,11,1.0,PAY_AMT4,False,False
taiwan,ablation_without_engineered_features,lightgbm,3,450372,BILL_AMT4,0.05874480764945111,-0.0043950671134432425,12,-1.0,BILL_AMT4,False,False
taiwan,ablation_without_engineered_features,lightgbm,3,450372,PAY_AMT5,0.05528600289117902,0.0035177333134331222,13,1.0,PAY_AMT5,False,False
taiwan,ablation_without_engineered_features,lightgbm,3,450372,PAY_5,0.05336640142934761,-0.0032481637764001747,14,-1.0,PAY_5,False,False
taiwan,ablation_without_engineered_features,lightgbm,3,450372,PAY_6,0.05255948340755465,-0.00030783299744919286,15,-1.0,PAY_6,False,False
taiwan,ablation_without_engineered_features,lightgbm,3,450372,BILL_AMT3,0.052522426646470055,-0.0002967260582382965,16,-1.0,BILL_AMT3,False,False
taiwan,ablation_without_engineered_features,lightgbm,3,450372,PAY_4,0.0503811243712405,0.01421502816486779,17,1.0,PAY_4,False,False
taiwan,ablation_without_engineered_features,lightgbm,3,450372,BILL_AMT2,0.046362253530383035,0.002527351379433205,18,1.0,BILL_AMT2,False,False
taiwan,ablation_without_engineered_features,lightgbm,3,450372,BILL_AMT5,0.04404349572833423,-0.0044747572205067745,19,-1.0,BILL_AMT5,False,False
taiwan,ablation_without_engineered_features,lightgbm,3,450372,AGE,0.03766448549287566,0.004240732892668184,20,1.0,AGE,False,False
taiwan,ablation_without_engineered_features,lightgbm,3,450372,EDUCATION_4,0.029236162785771454,-0.0003201826035947271,21,-1.0,EDUCATION,False,False
taiwan,ablation_without_engineered_features,lightgbm,3,450372,SEX_1,0.02744619629163229,5.220374100151333e-05,22,1.0,SEX,False,False
taiwan,ablation_without_engineered_features,lightgbm,3,450372,EDUCATION_2,0.026150980037796586,-0.00022110438680111248,23,-1.0,EDUCATION,False,False
taiwan,ablation_without_engineered_features,lightgbm,3,450372,MARRIAGE_2,0.01968888588002978,-0.0007879076310199417,24,-1.0,MARRIAGE,False,False
taiwan,ablation_without_engineered_features,lightgbm,3,450372,MARRIAGE_1,0.019089561220600005,-0.00034320224030976387,25,-1.0,MARRIAGE,False,False
taiwan,ablation_without_engineered_features,lightgbm,3,450372,EDUCATION_1,0.011159545749826623,3.676258520015531e-05,26,1.0,EDUCATION,False,False
taiwan,ablation_without_engineered_features,lightgbm,3,450372,EDUCATION_3,0.0020249189385241322,-4.8417875347033614e-05,27,-1.0,EDUCATION,False,False
taiwan,ablation_without_engineered_features,lightgbm,3,450372,SEX_2,0.0017299457945005904,-3.3237410935234036e-05,28,-1.0,SEX,False,False
taiwan,ablation_without_engineered_features,lightgbm,3,450372,MARRIAGE_3,0.0009536604295096373,4.956014561785972e-05,29,1.0,MARRIAGE,False,False
taiwan,ablation_without_engineered_features,lightgbm,4,89247,PAY_0,0.489895840145255,-0.05296272866567015,1,-1.0,PAY_0,True,True
taiwan,ablation_without_engineered_features,lightgbm,4,89247,LIMIT_BAL,0.2412992087336825,0.026577255973040507,2,1.0,LIMIT_BAL,True,True
taiwan,ablation_without_engineered_features,lightgbm,4,89247,BILL_AMT1,0.15554122708734852,0.014230513665926516,3,1.0,BILL_AMT1,True,True
taiwan,ablation_without_engineered_features,lightgbm,4,89247,PAY_AMT2,0.13460468022635644,0.006995656760957444,4,1.0,PAY_AMT2,True,True
taiwan,ablation_without_engineered_features,lightgbm,4,89247,PAY_AMT1,0.11671158532014292,-0.002550580981635765,5,-1.0,PAY_AMT1,True,True
taiwan,ablation_without_engineered_features,lightgbm,4,89247,PAY_2,0.09929612687734787,0.0007581274642346578,6,1.0,PAY_2,False,True
taiwan,ablation_without_engineered_features,lightgbm,4,89247,PAY_AMT3,0.09639009371998766,-0.01684609559515596,7,-1.0,PAY_AMT3,False,True
taiwan,ablation_without_engineered_features,lightgbm,4,89247,PAY_3,0.07187733735510951,-0.005022127543084504,8,-1.0,PAY_3,False,True
taiwan,ablation_without_engineered_features,lightgbm,4,89247,PAY_AMT4,0.07035226173008854,0.002509058256059792,9,1.0,PAY_AMT4,False,True
taiwan,ablation_without_engineered_features,lightgbm,4,89247,PAY_AMT6,0.06430009408974793,-0.0004093867374698994,10,-1.0,PAY_AMT6,False,True
taiwan,ablation_without_engineered_features,lightgbm,4,89247,BILL_AMT6,0.06420325884596183,-0.011556469288139323,11,-1.0,BILL_AMT6,False,False
taiwan,ablation_without_engineered_features,lightgbm,4,89247,BILL_AMT4,0.06215783953824236,-0.00781376554896124,12,-1.0,BILL_AMT4,False,False
taiwan,ablation_without_engineered_features,lightgbm,4,89247,PAY_6,0.05296194177324306,0.0018056965421039885,13,1.0,PAY_6,False,False
taiwan,ablation_without_engineered_features,lightgbm,4,89247,PAY_5,0.05142770963386924,-0.002095807455777675,14,-1.0,PAY_5,False,False
taiwan,ablation_without_engineered_features,lightgbm,4,89247,BILL_AMT3,0.05114104180611765,-0.0015474462500595784,15,-1.0,BILL_AMT3,False,False
taiwan,ablation_without_engineered_features,lightgbm,4,89247,PAY_AMT5,0.04816830589041981,0.0006445747893413077,16,1.0,PAY_AMT5,False,False
taiwan,ablation_without_engineered_features,lightgbm,4,89247,BILL_AMT5,0.04772953960239448,0.006840972098954264,17,1.0,BILL_AMT5,False,False
taiwan,ablation_without_engineered_features,lightgbm,4,89247,PAY_4,0.0476646411136808,0.013304736009393145,18,1.0,PAY_4,False,False
taiwan,ablation_without_engineered_features,lightgbm,4,89247,BILL_AMT2,0.04589100984859397,0.0025321194115705157,19,1.0,BILL_AMT2,False,False
taiwan,ablation_without_engineered_features,lightgbm,4,89247,AGE,0.03986550908416856,0.0017662324231054968,20,1.0,AGE,False,False
taiwan,ablation_without_engineered_features,lightgbm,4,89247,EDUCATION_2,0.031166613572204238,-8.451825575382612e-05,21,-1.0,EDUCATION,False,False
taiwan,ablation_without_engineered_features,lightgbm,4,89247,SEX_1,0.02901473276284811,0.0003195139896709301,22,1.0,SEX,False,False
taiwan,ablation_without_engineered_features,lightgbm,4,89247,EDUCATION_4,0.027811659081221164,-0.0003948967293369431,23,-1.0,EDUCATION,False,False
taiwan,ablation_without_engineered_features,lightgbm,4,89247,MARRIAGE_1,0.024829921569593603,0.00019475368492061532,24,1.0,MARRIAGE,False,False
taiwan,ablation_without_engineered_features,lightgbm,4,89247,MARRIAGE_2,0.01513990611361965,-0.0010763611594416795,25,-1.0,MARRIAGE,False,False
taiwan,ablation_without_engineered_features,lightgbm,4,89247,EDUCATION_1,0.009383017999323541,0.0004984666457001611,26,1.0,EDUCATION,False,False
taiwan,ablation_without_engineered_features,lightgbm,4,89247,SEX_2,0.004368338338951317,-0.00020673947507068554,27,-1.0,SEX,False,False
taiwan,ablation_without_engineered_features,lightgbm,4,89247,EDUCATION_3,0.0014978181595362006,-0.00017622388093639155,28,-1.0,EDUCATION,False,False
taiwan,ablation_without_engineered_features,lightgbm,4,89247,MARRIAGE_3,0.0012850108374333775,0.00010155992484836381,29,1.0,MARRIAGE,False,False
taiwan,ablation_without_engineered_features,lightgbm,5,778383,PAY_0,0.5079010846520565,-0.05042782719568301,1,-1.0,PAY_0,True,True
taiwan,ablation_without_engineered_features,lightgbm,5,778383,LIMIT_BAL,0.24943139873073197,0.013765035571880479,2,1.0,LIMIT_BAL,True,True
taiwan,ablation_without_engineered_features,lightgbm,5,778383,BILL_AMT1,0.16328746144434464,0.02073230441158585,3,1.0,BILL_AMT1,True,True
taiwan,ablation_without_engineered_features,lightgbm,5,778383,PAY_AMT2,0.13329747484275525,-0.007297363647247207,4,-1.0,PAY_AMT2,True,True
taiwan,ablation_without_engineered_features,lightgbm,5,778383,PAY_AMT1,0.12196732751284257,0.0005801548550262112,5,1.0,PAY_AMT1,True,True
taiwan,ablation_without_engineered_features,lightgbm,5,778383,PAY_AMT3,0.09551011379268796,-0.00795826889537269,6,-1.0,PAY_AMT3,False,True
taiwan,ablation_without_engineered_features,lightgbm,5,778383,PAY_3,0.08441204043197055,-0.009135744035226313,7,-1.0,PAY_3,False,True
taiwan,ablation_without_engineered_features,lightgbm,5,778383,PAY_2,0.07458988357470847,0.004996246499699408,8,1.0,PAY_2,False,True
taiwan,ablation_without_engineered_features,lightgbm,5,778383,PAY_AMT4,0.06674331327087178,-0.0019865242431301605,9,-1.0,PAY_AMT4,False,True
taiwan,ablation_without_engineered_features,lightgbm,5,778383,BILL_AMT4,0.06632912543252796,-0.005379966729880965,10,-1.0,BILL_AMT4,False,True
taiwan,ablation_without_engineered_features,lightgbm,5,778383,BILL_AMT6,0.06571707785207098,-0.004845588613693104,11,-1.0,BILL_AMT6,False,False
taiwan,ablation_without_engineered_features,lightgbm,5,778383,PAY_AMT6,0.06307209007288431,0.0024560178367921976,12,1.0,PAY_AMT6,False,False
taiwan,ablation_without_engineered_features,lightgbm,5,778383,PAY_5,0.055827552521001855,-0.0016905808987446628,13,-1.0,PAY_5,False,False
taiwan,ablation_without_engineered_features,lightgbm,5,778383,PAY_6,0.05161877425772254,-0.00015134207637401218,14,-1.0,PAY_6,False,False
taiwan,ablation_without_engineered_features,lightgbm,5,778383,PAY_AMT5,0.05021669867508937,0.004911723439653068,15,1.0,PAY_AMT5,False,False
taiwan,ablation_without_engineered_features,lightgbm,5,778383,BILL_AMT5,0.0479890095465603,-0.012846491968292966,16,-1.0,BILL_AMT5,False,False
taiwan,ablation_without_engineered_features,lightgbm,5,778383,BILL_AMT2,0.04752949861426299,0.004482752804096145,17,1.0,BILL_AMT2,False,False
taiwan,ablation_without_engineered_features,lightgbm,5,778383,PAY_4,0.045741604423884696,0.013100392963108378,18,1.0,PAY_4,False,False
taiwan,ablation_without_engineered_features,lightgbm,5,778383,BILL_AMT3,0.0456865877886264,0.0163013795573376,19,1.0,BILL_AMT3,False,False
taiwan,ablation_without_engineered_features,lightgbm,5,778383,AGE,0.03833340985400292,0.0024312968763694374,20,1.0,AGE,False,False
taiwan,ablation_without_engineered_features,lightgbm,5,778383,EDUCATION_4,0.028662801910724397,-0.0006328590645227651,21,-1.0,EDUCATION,False,False
taiwan,ablation_without_engineered_features,lightgbm,5,778383,SEX_1,0.02737139361091044,0.00010192402531834018,22,1.0,SEX,False,False
taiwan,ablation_without_engineered_features,lightgbm,5,778383,EDUCATION_2,0.025533230453068892,0.00017282788440429745,23,1.0,EDUCATION,False,False
taiwan,ablation_without_engineered_features,lightgbm,5,778383,MARRIAGE_2,0.01859983951361026,-9.654607553183001e-05,24,-1.0,MARRIAGE,False,False
taiwan,ablation_without_engineered_features,lightgbm,5,778383,MARRIAGE_1,0.018572497684904276,8.959639295959287e-05,25,1.0,MARRIAGE,False,False
taiwan,ablation_without_engineered_features,lightgbm,5,778383,EDUCATION_1,0.01250848353738197,0.0001256669077484426,26,1.0,EDUCATION,False,False
taiwan,ablation_without_engineered_features,lightgbm,5,778383,SEX_2,0.003014929381597225,-9.06298701374396e-05,27,-1.0,SEX,False,False
taiwan,ablation_without_engineered_features,lightgbm,5,778383,EDUCATION_3,0.0015309309426391755,5.2104914232691296e-05,28,1.0,EDUCATION,False,False
taiwan,ablation_without_engineered_features,lightgbm,5,778383,MARRIAGE_3,0.00048084412437064314,1.2182652412103914e-05,29,1.0,MARRIAGE,False,False
taiwan,ablation_without_engineered_features,lightgbm,6,970694,PAY_0,0.48143090384692117,-0.0495996546155647,1,-1.0,PAY_0,True,True
taiwan,ablation_without_engineered_features,lightgbm,6,970694,LIMIT_BAL,0.23967697248432285,0.01643805467544709,2,1.0,LIMIT_BAL,True,True
taiwan,ablation_without_engineered_features,lightgbm,6,970694,BILL_AMT1,0.16090762914506654,0.012255175421495783,3,1.0,BILL_AMT1,True,True
taiwan,ablation_without_engineered_features,lightgbm,6,970694,PAY_AMT2,0.13593277966610937,0.0039557022328128265,4,1.0,PAY_AMT2,True,True
taiwan,ablation_without_engineered_features,lightgbm,6,970694,PAY_AMT1,0.12652191317281147,-0.0007032974570830557,5,-1.0,PAY_AMT1,True,True
taiwan,ablation_without_engineered_features,lightgbm,6,970694,PAY_2,0.10169543255616119,0.002608109464186718,6,1.0,PAY_2,False,True
taiwan,ablation_without_engineered_features,lightgbm,6,970694,PAY_AMT3,0.10042362646308854,-0.009605461013592349,7,-1.0,PAY_AMT3,False,True
taiwan,ablation_without_engineered_features,lightgbm,6,970694,PAY_3,0.07774254394536458,-0.008703800766595693,8,-1.0,PAY_3,False,True
taiwan,ablation_without_engineered_features,lightgbm,6,970694,PAY_AMT4,0.06626563796594172,-0.0015848037142596194,9,-1.0,PAY_AMT4,False,True
taiwan,ablation_without_engineered_features,lightgbm,6,970694,PAY_AMT6,0.0660779802623054,-0.001069535647576664,10,-1.0,PAY_AMT6,False,True
taiwan,ablation_without_engineered_features,lightgbm,6,970694,BILL_AMT4,0.06313790201067965,0.0018912686954957471,11,1.0,BILL_AMT4,False,False
taiwan,ablation_without_engineered_features,lightgbm,6,970694,BILL_AMT6,0.06086294372242698,0.003398685181381832,12,1.0,BILL_AMT6,False,False
taiwan,ablation_without_engineered_features,lightgbm,6,970694,PAY_5,0.05504356586834865,-0.0032054911049462557,13,-1.0,PAY_5,False,False
taiwan,ablation_without_engineered_features,lightgbm,6,970694,BILL_AMT3,0.05412576781925305,-0.000483701478296554,14,-1.0,BILL_AMT3,False,False
taiwan,ablation_without_engineered_features,lightgbm,6,970694,PAY_6,0.052284427309511244,0.001535446389970194,15,1.0,PAY_6,False,False
taiwan,ablation_without_engineered_features,lightgbm,6,970694,PAY_AMT5,0.048746630838490644,0.0033260913020447987,16,1.0,PAY_AMT5,False,False
taiwan,ablation_without_engineered_features,lightgbm,6,970694,BILL_AMT2,0.04574116474537458,0.003888122714989675,17,1.0,BILL_AMT2,False,False
taiwan,ablation_without_engineered_features,lightgbm,6,970694,BILL_AMT5,0.04568799975050259,-0.011547092941228892,18,-1.0,BILL_AMT5,False,False
taiwan,ablation_without_engineered_features,lightgbm,6,970694,PAY_4,0.04376370235376444,0.01288702112770573,19,1.0,PAY_4,False,False
taiwan,ablation_without_engineered_features,lightgbm,6,970694,AGE,0.03843173827460093,0.00374038059277269,20,1.0,AGE,False,False
taiwan,ablation_without_engineered_features,lightgbm,6,970694,EDUCATION_4,0.028931751076075797,-0.0004062197362045679,21,-1.0,EDUCATION,False,False
taiwan,ablation_without_engineered_features,lightgbm,6,970694,EDUCATION_2,0.02602207845237457,0.000487685162322328,22,1.0,EDUCATION,False,False
taiwan,ablation_without_engineered_features,lightgbm,6,970694,SEX_1,0.025158252203390505,4.839500162644159e-05,23,1.0,SEX,False,False
taiwan,ablation_without_engineered_features,lightgbm,6,970694,MARRIAGE_2,0.021413829002964457,-0.0020683616193814106,24,-1.0,MARRIAGE,False,False
taiwan,ablation_without_engineered_features,lightgbm,6,970694,MARRIAGE_1,0.015487513458044118,0.00025558303068543296,25,1.0,MARRIAGE,False,False
taiwan,ablation_without_engineered_features,lightgbm,6,970694,EDUCATION_1,0.009383535139317133,2.341380156528193e-05,26,1.0,EDUCATION,False,False
taiwan,ablation_without_engineered_features,lightgbm,6,970694,SEX_2,0.005362063327239232,-0.00014067942160411935,27,-1.0,SEX,False,False
taiwan,ablation_without_engineered_features,lightgbm,6,970694,EDUCATION_3,0.0035389293866004467,-4.606039258631946e-05,28,-1.0,EDUCATION,False,False
taiwan,ablation_without_engineered_features,lightgbm,6,970694,MARRIAGE_3,0.0011270555075704742,7.834298326511027e-05,29,1.0,MARRIAGE,False,False
taiwan,ablation_without_engineered_features,lightgbm,7,643850,PAY_0,0.5005107042608746,-0.053097840411979604,1,-1.0,PAY_0,True,True
taiwan,ablation_without_engineered_features,lightgbm,7,643850,LIMIT_BAL,0.2458551803782863,0.028033349944721696,2,1.0,LIMIT_BAL,True,True
taiwan,ablation_without_engineered_features,lightgbm,7,643850,BILL_AMT1,0.16118744473178365,0.021058288995157055,3,1.0,BILL_AMT1,True,True
taiwan,ablation_without_engineered_features,lightgbm,7,643850,PAY_AMT2,0.13289853900162849,-0.0011656533556032114,4,-1.0,PAY_AMT2,True,True
taiwan,ablation_without_engineered_features,lightgbm,7,643850,PAY_AMT1,0.11446174202020443,0.0007083848786023306,5,1.0,PAY_AMT1,True,True
taiwan,ablation_without_engineered_features,lightgbm,7,643850,PAY_AMT3,0.0999206821265581,-0.019426301314103476,6,-1.0,PAY_AMT3,False,True
taiwan,ablation_without_engineered_features,lightgbm,7,643850,PAY_2,0.08496113572265816,0.0010485509662976089,7,1.0,PAY_2,False,True
taiwan,ablation_without_engineered_features,lightgbm,7,643850,PAY_3,0.0716394925714978,-0.003759096895107053,8,-1.0,PAY_3,False,True
taiwan,ablation_without_engineered_features,lightgbm,7,643850,PAY_AMT6,0.06598796712989909,0.00299990060722276,9,1.0,PAY_AMT6,False,True
taiwan,ablation_without_engineered_features,lightgbm,7,643850,PAY_AMT4,0.06006120808211468,-0.004396075608156654,10,-1.0,PAY_AMT4,False,True
taiwan,ablation_without_engineered_features,lightgbm,7,643850,BILL_AMT6,0.05916181633442573,0.002238223674773635,11,1.0,BILL_AMT6,False,False
taiwan,ablation_without_engineered_features,lightgbm,7,643850,BILL_AMT3,0.057986950197765806,0.0023310802799226906,12,1.0,BILL_AMT3,False,False
taiwan,ablation_without_engineered_features,lightgbm,7,643850,PAY_6,0.05591192093394148,-0.0008603538323855621,13,-1.0,PAY_6,False,False
taiwan,ablation_without_engineered_features,lightgbm,7,643850,BILL_AMT4,0.055202038086115436,-0.004254086583702528,14,-1.0,BILL_AMT4,False,False
taiwan,ablation_without_engineered_features,lightgbm,7,643850,PAY_5,0.05495482401836659,-0.00199406233239869,15,-1.0,PAY_5,False,False
taiwan,ablation_without_engineered_features,lightgbm,7,643850,BILL_AMT5,0.051253979442921725,-0.0034606090829438886,16,-1.0,BILL_AMT5,False,False
taiwan,ablation_without_engineered_features,lightgbm,7,643850,PAY_4,0.048955434529753095,0.011434756829504436,17,1.0,PAY_4,False,False
taiwan,ablation_without_engineered_features,lightgbm,7,643850,PAY_AMT5,0.046860404947407786,-0.0007790929417006946,18,-1.0,PAY_AMT5,False,False
taiwan,ablation_without_engineered_features,lightgbm,7,643850,BILL_AMT2,0.04227022309106025,-0.0007935025900702674,19,-1.0,BILL_AMT2,False,False
taiwan,ablation_without_engineered_features,lightgbm,7,643850,AGE,0.03833702991202698,0.004149534681211881,20,1.0,AGE,False,False
taiwan,ablation_without_engineered_features,lightgbm,7,643850,EDUCATION_2,0.03086291915974998,3.7108858198982634e-05,21,1.0,EDUCATION,False,False
taiwan,ablation_without_engineered_features,lightgbm,7,643850,EDUCATION_4,0.027506408322200863,-0.0003571364410228808,22,-1.0,EDUCATION,False,False
taiwan,ablation_without_engineered_features,lightgbm,7,643850,SEX_1,0.02685023364450518,0.00040934241291518917,23,1.0,SEX,False,False
taiwan,ablation_without_engineered_features,lightgbm,7,643850,MARRIAGE_1,0.020758616183036486,-0.0004900551925049592,24,-1.0,MARRIAGE,False,False
taiwan,ablation_without_engineered_features,lightgbm,7,643850,MARRIAGE_2,0.019567777379540185,-0.001410395751018149,25,-1.0,MARRIAGE,False,False
taiwan,ablation_without_engineered_features,lightgbm,7,643850,EDUCATION_1,0.009580900166409894,0.00045095203732329757,26,1.0,EDUCATION,False,False
taiwan,ablation_without_engineered_features,lightgbm,7,643850,SEX_2,0.0037776647823508326,5.314269894831546e-05,27,1.0,SEX,False,False
taiwan,ablation_without_engineered_features,lightgbm,7,643850,EDUCATION_3,0.003471846434792072,-0.000169264066084153,28,-1.0,EDUCATION,False,False
taiwan,ablation_without_engineered_features,lightgbm,7,643850,MARRIAGE_3,0.0009109879803319329,0.00010136415744571142,29,1.0,MARRIAGE,False,False
taiwan,ablation_without_engineered_features,lightgbm,8,700518,PAY_0,0.462771125666947,-0.05199162007168879,1,-1.0,PAY_0,True,True
taiwan,ablation_without_engineered_features,lightgbm,8,700518,LIMIT_BAL,0.24345375331184615,0.028977717069110464,2,1.0,LIMIT_BAL,True,True
taiwan,ablation_without_engineered_features,lightgbm,8,700518,BILL_AMT1,0.15514474386103427,0.009933342186853798,3,1.0,BILL_AMT1,True,True
taiwan,ablation_without_engineered_features,lightgbm,8,700518,PAY_AMT2,0.13691443921946286,-0.0011917829909082885,4,-1.0,PAY_AMT2,True,True
taiwan,ablation_without_engineered_features,lightgbm,8,700518,PAY_2,0.12069932381678049,0.001545809441342055,5,1.0,PAY_2,True,True
taiwan,ablation_without_engineered_features,lightgbm,8,700518,PAY_AMT1,0.1085186065197663,-0.006146627130070625,6,-1.0,PAY_AMT1,False,True
taiwan,ablation_without_engineered_features,lightgbm,8,700518,PAY_AMT3,0.0993811822445562,-0.01111865509258073,7,-1.0,PAY_AMT3,False,True
taiwan,ablation_without_engineered_features,lightgbm,8,700518,PAY_3,0.06986936705139209,-0.00410761991961942,8,-1.0,PAY_3,False,True
taiwan,ablation_without_engineered_features,lightgbm,8,700518,PAY_AMT6,0.06455291655204373,-0.005540327512302431,9,-1.0,PAY_AMT6,False,True
taiwan,ablation_without_engineered_features,lightgbm,8,700518,BILL_AMT4,0.06241668698350462,-0.005857159729824416,10,-1.0,BILL_AMT4,False,True
taiwan,ablation_without_engineered_features,lightgbm,8,700518,PAY_AMT4,0.0618636480189663,0.0012794511889691182,11,1.0,PAY_AMT4,False,False
taiwan,ablation_without_engineered_features,lightgbm,8,700518,BILL_AMT3,0.057980003248787486,0.00891492765921599,12,1.0,BILL_AMT3,False,False
taiwan,ablation_without_engineered_features,lightgbm,8,700518,PAY_6,0.053591348368268094,0.00026137498507873764,13,1.0,PAY_6,False,False
taiwan,ablation_without_engineered_features,lightgbm,8,700518,BILL_AMT6,0.05278983588659803,0.0024459110544756673,14,1.0,BILL_AMT6,False,False
taiwan,ablation_without_engineered_features,lightgbm,8,700518,PAY_AMT5,0.051530056879289125,-0.0025736323850819665,15,-1.0,PAY_AMT5,False,False
taiwan,ablation_without_engineered_features,lightgbm,8,700518,PAY_5,0.050954573651662616,-0.0013452711607811558,16,-1.0,PAY_5,False,False
taiwan,ablation_without_engineered_features,lightgbm,8,700518,PAY_4,0.04669113326221319,0.013168335392727373,17,1.0,PAY_4,False,False
taiwan,ablation_without_engineered_features,lightgbm,8,700518,BILL_AMT5,0.04218213243380322,-0.005105061040861305,18,-1.0,BILL_AMT5,False,False
taiwan,ablation_without_engineered_features,lightgbm,8,700518,AGE,0.04119388779588864,0.003349673462217827,19,1.0,AGE,False,False
taiwan,ablation_without_engineered_features,lightgbm,8,700518,BILL_AMT2,0.04045877558900069,0.00837797798489924,20,1.0,BILL_AMT2,False,False
taiwan,ablation_without_engineered_features,lightgbm,8,700518,EDUCATION_2,0.02997494355559385,8.068095013450777e-05,21,1.0,EDUCATION,False,False
taiwan,ablation_without_engineered_features,lightgbm,8,700518,EDUCATION_4,0.02875125929279308,-0.00038408790147738327,22,-1.0,EDUCATION,False,False
taiwan,ablation_without_engineered_features,lightgbm,8,700518,SEX_1,0.027413058805220377,0.0002820869452235966,23,1.0,SEX,False,False
taiwan,ablation_without_engineered_features,lightgbm,8,700518,MARRIAGE_2,0.024025930322241033,-0.0016843566055181314,24,-1.0,MARRIAGE,False,False
taiwan,ablation_without_engineered_features,lightgbm,8,700518,MARRIAGE_1,0.016993259608706984,-0.0003078596228987494,25,-1.0,MARRIAGE,False,False
taiwan,ablation_without_engineered_features,lightgbm,8,700518,EDUCATION_1,0.008456332320899658,0.0004177824793387246,26,1.0,EDUCATION,False,False
taiwan,ablation_without_engineered_features,lightgbm,8,700518,SEX_2,0.00644097767936373,0.00019658218453130478,27,1.0,SEX,False,False
taiwan,ablation_without_engineered_features,lightgbm,8,700518,EDUCATION_3,0.002394299885475262,-0.00010185245293033427,28,-1.0,EDUCATION,False,False
taiwan,ablation_without_engineered_features,lightgbm,8,700518,MARRIAGE_3,0.001023243141322407,9.00956327729111e-05,29,1.0,MARRIAGE,False,False
taiwan,ablation_without_engineered_features,lightgbm,9,276757,PAY_0,0.5130496393915698,-0.05333576159595638,1,-1.0,PAY_0,True,True
taiwan,ablation_without_engineered_features,lightgbm,9,276757,LIMIT_BAL,0.23784905767067657,0.015823243665609756,2,1.0,LIMIT_BAL,True,True
taiwan,ablation_without_engineered_features,lightgbm,9,276757,BILL_AMT1,0.15778174689158408,0.012263183801978488,3,1.0,BILL_AMT1,True,True
taiwan,ablation_without_engineered_features,lightgbm,9,276757,PAY_AMT2,0.13515400226107147,-0.0009530903365146084,4,-1.0,PAY_AMT2,True,True
taiwan,ablation_without_engineered_features,lightgbm,9,276757,PAY_AMT1,0.12306200608225547,0.005570596881870976,5,1.0,PAY_AMT1,True,True
taiwan,ablation_without_engineered_features,lightgbm,9,276757,PAY_AMT3,0.09438787936563758,-0.010347274531436417,6,-1.0,PAY_AMT3,False,True
taiwan,ablation_without_engineered_features,lightgbm,9,276757,PAY_3,0.07790173517951535,-0.0043983363327284655,7,-1.0,PAY_3,False,True
taiwan,ablation_without_engineered_features,lightgbm,9,276757,PAY_2,0.07469966731086775,0.005712354826979436,8,1.0,PAY_2,False,True
taiwan,ablation_without_engineered_features,lightgbm,9,276757,PAY_AMT6,0.07108992007289956,0.003760328047210399,9,1.0,PAY_AMT6,False,True
taiwan,ablation_without_engineered_features,lightgbm,9,276757,BILL_AMT6,0.059760523181478335,0.0032328663960966737,10,1.0,BILL_AMT6,False,True
taiwan,ablation_without_engineered_features,lightgbm,9,276757,PAY_AMT4,0.057927737391448346,-0.0011710522535684452,11,-1.0,PAY_AMT4,False,False
taiwan,ablation_without_engineered_features,lightgbm,9,276757,BILL_AMT3,0.056489762909541115,0.00653120975190836,12,1.0,BILL_AMT3,False,False
taiwan,ablation_without_engineered_features,lightgbm,9,276757,PAY_5,0.05582565629422432,-0.002674701759878292,13,-1.0,PAY_5,False,False
taiwan,ablation_without_engineered_features,lightgbm,9,276757,BILL_AMT4,0.05125758593128696,-0.005981109484945135,14,-1.0,BILL_AMT4,False,False
taiwan,ablation_without_engineered_features,lightgbm,9,276757,PAY_6,0.05066048682529348,0.001805124571509797,15,1.0,PAY_6,False,False
taiwan,ablation_without_engineered_features,lightgbm,9,276757,PAY_AMT5,0.04874878124253802,0.0014814318794724934,16,1.0,PAY_AMT5,False,False
taiwan,ablation_without_engineered_features,lightgbm,9,276757,BILL_AMT5,0.04679526119913005,-0.0023752540795530836,17,-1.0,BILL_AMT5,False,False
taiwan,ablation_without_engineered_features,lightgbm,9,276757,PAY_4,0.04624948633443727,0.013944794197354279,18,1.0,PAY_4,False,False
taiwan,ablation_without_engineered_features,lightgbm,9,276757,BILL_AMT2,0.04109668384598438,-0.00881149462829941,19,-1.0,BILL_AMT2,False,False
taiwan,ablation_without_engineered_features,lightgbm,9,276757,AGE,0.03621220144884733,0.003814126654246085,20,1.0,AGE,False,False
taiwan,ablation_without_engineered_features,lightgbm,9,276757,EDUCATION_2,0.03402763004204128,0.0001471314645817278,21,1.0,EDUCATION,False,False
taiwan,ablation_without_engineered_features,lightgbm,9,276757,MARRIAGE_2,0.033873360342643155,-0.0006885540768310201,22,-1.0,MARRIAGE,False,False
taiwan,ablation_without_engineered_features,lightgbm,9,276757,EDUCATION_4,0.027912682734400594,-0.00033918445602504235,23,-1.0,EDUCATION,False,False
taiwan,ablation_without_engineered_features,lightgbm,9,276757,SEX_1,0.02579638473425609,-0.00019869190917192004,24,-1.0,SEX,False,False
taiwan,ablation_without_engineered_features,lightgbm,9,276757,MARRIAGE_1,0.008343810617253528,-0.00019374480141019407,25,-1.0,MARRIAGE,False,False
taiwan,ablation_without_engineered_features,lightgbm,9,276757,EDUCATION_1,0.00796634131595257,0.0003164001104542543,26,1.0,EDUCATION,False,False
taiwan,ablation_without_engineered_features,lightgbm,9,276757,EDUCATION_3,0.0032267827990964597,0.00018091301749140987,27,1.0,EDUCATION,False,False
taiwan,ablation_without_engineered_features,lightgbm,9,276757,SEX_2,0.0020301690867216247,3.8563455036215756e-05,28,1.0,SEX,False,False
taiwan,ablation_without_engineered_features,lightgbm,9,276757,MARRIAGE_3,0.0008218903062986002,-5.647231695340843e-06,29,-1.0,MARRIAGE,False,False
taiwan,ablation_without_engineered_features,lightgbm,10,445686,PAY_0,0.4756224184790911,-0.049970813439999644,1,-1.0,PAY_0,True,True
taiwan,ablation_without_engineered_features,lightgbm,10,445686,LIMIT_BAL,0.24440228742605954,0.01898503793862823,2,1.0,LIMIT_BAL,True,True
taiwan,ablation_without_engineered_features,lightgbm,10,445686,BILL_AMT1,0.15294659241044992,0.0034485457961698886,3,1.0,BILL_AMT1,True,True
taiwan,ablation_without_engineered_features,lightgbm,10,445686,PAY_AMT2,0.13397259870312095,-0.0038235966913798903,4,-1.0,PAY_AMT2,True,True
taiwan,ablation_without_engineered_features,lightgbm,10,445686,PAY_AMT1,0.11848114194940641,-0.0032620722409382364,5,-1.0,PAY_AMT1,True,True
taiwan,ablation_without_engineered_features,lightgbm,10,445686,PAY_2,0.1061412446057673,0.0014307593587361259,6,1.0,PAY_2,False,True
taiwan,ablation_without_engineered_features,lightgbm,10,445686,PAY_AMT3,0.09480496219008534,-0.016494436850061602,7,-1.0,PAY_AMT3,False,True
taiwan,ablation_without_engineered_features,lightgbm,10,445686,PAY_3,0.07318002222288635,-0.005448401597307601,8,-1.0,PAY_3,False,True
taiwan,ablation_without_engineered_features,lightgbm,10,445686,BILL_AMT6,0.07021429858436995,-0.007331008733931834,9,-1.0,BILL_AMT6,False,True
taiwan,ablation_without_engineered_features,lightgbm,10,445686,PAY_AMT6,0.07008305690203694,-7.785726972189851e-05,10,-1.0,PAY_AMT6,False,True
taiwan,ablation_without_engineered_features,lightgbm,10,445686,PAY_AMT4,0.06810762448285312,0.006802812420373499,11,1.0,PAY_AMT4,False,False
taiwan,ablation_without_engineered_features,lightgbm,10,445686,BILL_AMT4,0.05853973652865155,-0.008950461214581928,12,-1.0,BILL_AMT4,False,False
taiwan,ablation_without_engineered_features,lightgbm,10,445686,BILL_AMT3,0.05613487398080598,0.014197317003749042,13,1.0,BILL_AMT3,False,False
taiwan,ablation_without_engineered_features,lightgbm,10,445686,PAY_6,0.05276133852216131,0.002574147222485497,14,1.0,PAY_6,False,False
taiwan,ablation_without_engineered_features,lightgbm,10,445686,PAY_5,0.05189515174270208,-0.0016758784219389972,15,-1.0,PAY_5,False,False
taiwan,ablation_without_engineered_features,lightgbm,10,445686,PAY_AMT5,0.04834924942342434,0.0004595327913514741,16,1.0,PAY_AMT5,False,False
taiwan,ablation_without_engineered_features,lightgbm,10,445686,PAY_4,0.046817228868776005,0.013047185951326442,17,1.0,PAY_4,False,False
taiwan,ablation_without_engineered_features,lightgbm,10,445686,BILL_AMT2,0.04460185973481156,0.011929049091633896,18,1.0,BILL_AMT2,False,False
taiwan,ablation_without_engineered_features,lightgbm,10,445686,BILL_AMT5,0.04082621011919513,0.0015449972148768427,19,1.0,BILL_AMT5,False,False
taiwan,ablation_without_engineered_features,lightgbm,10,445686,AGE,0.03882553364948543,0.0036177700096867477,20,1.0,AGE,False,False
taiwan,ablation_without_engineered_features,lightgbm,10,445686,EDUCATION_2,0.031021598495601408,-0.0005697326059345949,21,-1.0,EDUCATION,False,False
taiwan,ablation_without_engineered_features,lightgbm,10,445686,EDUCATION_4,0.02858594508218273,-0.0004652848373790855,22,-1.0,EDUCATION,False,False
taiwan,ablation_without_engineered_features,lightgbm,10,445686,SEX_1,0.025801497121312043,-0.00024943241226515377,23,-1.0,SEX,False,False
taiwan,ablation_without_engineered_features,lightgbm,10,445686,MARRIAGE_2,0.01847909407838383,-0.001739310425208141,24,-1.0,MARRIAGE,False,False
taiwan,ablation_without_engineered_features,lightgbm,10,445686,MARRIAGE_1,0.01656999580047297,0.0005736752911017375,25,1.0,MARRIAGE,False,False
taiwan,ablation_without_engineered_features,lightgbm,10,445686,EDUCATION_1,0.008917454396196922,0.0008629318815535448,26,1.0,EDUCATION,False,False
taiwan,ablation_without_engineered_features,lightgbm,10,445686,EDUCATION_3,0.0026744188007746346,-0.0001296730804822295,27,-1.0,EDUCATION,False,False
taiwan,ablation_without_engineered_features,lightgbm,10,445686,SEX_2,0.0022844393021901775,-1.4347199664333859e-05,28,-1.0,SEX,False,False
taiwan,ablation_without_engineered_features,lightgbm,10,445686,MARRIAGE_3,0.0007428433545379899,6.219873516573145e-05,29,1.0,MARRIAGE,False,False
taiwan,ablation_without_engineered_features,lightgbm,11,354524,PAY_0,0.49133055526970487,-0.05426374687078686,1,-1.0,PAY_0,True,True
taiwan,ablation_without_engineered_features,lightgbm,11,354524,LIMIT_BAL,0.23921957814239067,0.026859371254754974,2,1.0,LIMIT_BAL,True,True
taiwan,ablation_without_engineered_features,lightgbm,11,354524,BILL_AMT1,0.15886821785835945,0.006366284825726305,3,1.0,BILL_AMT1,True,True
taiwan,ablation_without_engineered_features,lightgbm,11,354524,PAY_AMT2,0.1309049021214303,0.003152578038159475,4,1.0,PAY_AMT2,True,True
taiwan,ablation_without_engineered_features,lightgbm,11,354524,PAY_AMT1,0.1197073664879719,-0.002558465004111073,5,-1.0,PAY_AMT1,True,True
taiwan,ablation_without_engineered_features,lightgbm,11,354524,PAY_AMT3,0.10085969233158668,-0.01656460417076643,6,-1.0,PAY_AMT3,False,True
taiwan,ablation_without_engineered_features,lightgbm,11,354524,PAY_2,0.09453135699871355,0.003697598702384208,7,1.0,PAY_2,False,True
taiwan,ablation_without_engineered_features,lightgbm,11,354524,PAY_3,0.07224856461879473,-0.004150816054282556,8,-1.0,PAY_3,False,True
taiwan,ablation_without_engineered_features,lightgbm,11,354524,PAY_AMT6,0.06816154192819326,0.0016439472667138589,9,1.0,PAY_AMT6,False,True
taiwan,ablation_without_engineered_features,lightgbm,11,354524,PAY_AMT4,0.06506766593162373,0.001816273314181567,10,1.0,PAY_AMT4,False,True
taiwan,ablation_without_engineered_features,lightgbm,11,354524,BILL_AMT6,0.06189190232922781,-0.002886414829125544,11,-1.0,BILL_AMT6,False,False
taiwan,ablation_without_engineered_features,lightgbm,11,354524,PAY_6,0.05728639679732946,-0.00041600923887367817,12,-1.0,PAY_6,False,False
taiwan,ablation_without_engineered_features,lightgbm,11,354524,BILL_AMT4,0.05494302242823696,-0.0027324756041461726,13,-1.0,BILL_AMT4,False,False
taiwan,ablation_without_engineered_features,lightgbm,11,354524,PAY_5,0.05256252475291591,-0.0014178399067602367,14,-1.0,PAY_5,False,False
taiwan,ablation_without_engineered_features,lightgbm,11,354524,BILL_AMT3,0.052178915350334025,0.004063594553435842,15,1.0,BILL_AMT3,False,False
taiwan,ablation_without_engineered_features,lightgbm,11,354524,PAY_4,0.04763959349292564,0.01278538769373192,16,1.0,PAY_4,False,False
taiwan,ablation_without_engineered_features,lightgbm,11,354524,BILL_AMT5,0.046129102552302424,-0.002995264893548238,17,-1.0,BILL_AMT5,False,False
taiwan,ablation_without_engineered_features,lightgbm,11,354524,BILL_AMT2,0.0454386573380898,8.654341091791446e-05,18,1.0,BILL_AMT2,False,False
taiwan,ablation_without_engineered_features,lightgbm,11,354524,PAY_AMT5,0.04439909830808572,0.003884621299190005,19,1.0,PAY_AMT5,False,False
taiwan,ablation_without_engineered_features,lightgbm,11,354524,AGE,0.038352186515969756,0.0048353386823903706,20,1.0,AGE,False,False
taiwan,ablation_without_engineered_features,lightgbm,11,354524,MARRIAGE_1,0.030194767264297245,0.00023242618887557822,21,1.0,MARRIAGE,False,False
taiwan,ablation_without_engineered_features,lightgbm,11,354524,EDUCATION_2,0.029809027350521898,-0.000269076862802594,22,-1.0,EDUCATION,False,False
taiwan,ablation_without_engineered_features,lightgbm,11,354524,EDUCATION_4,0.028081681549675,-0.0002811002029519513,23,-1.0,EDUCATION,False,False
taiwan,ablation_without_engineered_features,lightgbm,11,354524,SEX_1,0.02599693744283005,5.717326813770159e-05,24,1.0,SEX,False,False
taiwan,ablation_without_engineered_features,lightgbm,11,354524,MARRIAGE_2,0.01587299068480644,-0.0017202211080752296,25,-1.0,MARRIAGE,False,False
taiwan,ablation_without_engineered_features,lightgbm,11,354524,EDUCATION_1,0.009919230743769453,0.0003598501219053755,26,1.0,EDUCATION,False,False
taiwan,ablation_without_engineered_features,lightgbm,11,354524,SEX_2,0.003716360426499422,0.00017794936367587384,27,1.0,SEX,False,False
taiwan,ablation_without_engineered_features,lightgbm,11,354524,EDUCATION_3,0.00307166201356738,-9.383930118453621e-05,28,-1.0,EDUCATION,False,False
taiwan,ablation_without_engineered_features,lightgbm,11,354524,MARRIAGE_3,0.0012773694626941794,5.517112946461117e-05,29,1.0,MARRIAGE,False,False
taiwan,ablation_without_engineered_features,lightgbm,12,677918,PAY_0,0.4809885070633133,-0.048307931987444985,1,-1.0,PAY_0,True,True
taiwan,ablation_without_engineered_features,lightgbm,12,677918,LIMIT_BAL,0.23998658781479787,0.020976002106131746,2,1.0,LIMIT_BAL,True,True
taiwan,ablation_without_engineered_features,lightgbm,12,677918,BILL_AMT1,0.1526627378087728,1.847835876023435e-05,3,1.0,BILL_AMT1,True,True
taiwan,ablation_without_engineered_features,lightgbm,12,677918,PAY_AMT2,0.1417816616411348,-0.0049976981368735395,4,-1.0,PAY_AMT2,True,True
taiwan,ablation_without_engineered_features,lightgbm,12,677918,PAY_AMT1,0.12167948168483307,0.006196473376158837,5,1.0,PAY_AMT1,True,True
taiwan,ablation_without_engineered_features,lightgbm,12,677918,PAY_2,0.10019374823664277,0.0014579880727811085,6,1.0,PAY_2,False,True
taiwan,ablation_without_engineered_features,lightgbm,12,677918,PAY_AMT3,0.09718071784957454,-0.012105052918972166,7,-1.0,PAY_AMT3,False,True
taiwan,ablation_without_engineered_features,lightgbm,12,677918,PAY_3,0.08043871578742404,-0.011097235444392124,8,-1.0,PAY_3,False,True
taiwan,ablation_without_engineered_features,lightgbm,12,677918,PAY_AMT6,0.06615441707882516,0.002394979203863077,9,1.0,PAY_AMT6,False,True
taiwan,ablation_without_engineered_features,lightgbm,12,677918,PAY_AMT4,0.0635158291898195,0.00385261355886933,10,1.0,PAY_AMT4,False,True
taiwan,ablation_without_engineered_features,lightgbm,12,677918,BILL_AMT4,0.0625019426787744,-0.01511489488477483,11,-1.0,BILL_AMT4,False,False
taiwan,ablation_without_engineered_features,lightgbm,12,677918,BILL_AMT3,0.05470861161047706,0.009191983569383859,12,1.0,BILL_AMT3,False,False
taiwan,ablation_without_engineered_features,lightgbm,12,677918,PAY_5,0.05347759409775794,-0.00551340976146227,13,-1.0,PAY_5,False,False
taiwan,ablation_without_engineered_features,lightgbm,12,677918,PAY_6,0.05267400926679217,0.0044144112101575485,14,1.0,PAY_6,False,False
taiwan,ablation_without_engineered_features,lightgbm,12,677918,BILL_AMT6,0.05190241770403018,0.0004473543303939469,15,1.0,BILL_AMT6,False,False
taiwan,ablation_without_engineered_features,lightgbm,12,677918,PAY_4,0.04908897579840031,0.013511586564064324,16,1.0,PAY_4,False,False
taiwan,ablation_without_engineered_features,lightgbm,12,677918,PAY_AMT5,0.04727784096756288,0.002869547566869709,17,1.0,PAY_AMT5,False,False
taiwan,ablation_without_engineered_features,lightgbm,12,677918,BILL_AMT2,0.04188876862101904,0.01343541311386187,18,1.0,BILL_AMT2,False,False
taiwan,ablation_without_engineered_features,lightgbm,12,677918,BILL_AMT5,0.03965264694677941,-0.006263086426576681,19,-1.0,BILL_AMT5,False,False
taiwan,ablation_without_engineered_features,lightgbm,12,677918,AGE,0.03645886810671638,0.0033068565181869182,20,1.0,AGE,False,False
taiwan,ablation_without_engineered_features,lightgbm,12,677918,EDUCATION_4,0.029763122910981318,-0.0003485945435550216,21,-1.0,EDUCATION,False,False
taiwan,ablation_without_engineered_features,lightgbm,12,677918,EDUCATION_2,0.02917382905634545,0.00030121790405268536,22,1.0,EDUCATION,False,False
taiwan,ablation_without_engineered_features,lightgbm,12,677918,SEX_1,0.02597264187879276,0.00030604877964288124,23,1.0,SEX,False,False
taiwan,ablation_without_engineered_features,lightgbm,12,677918,MARRIAGE_2,0.023871091448699113,-0.0017702795577501965,24,-1.0,MARRIAGE,False,False
taiwan,ablation_without_engineered_features,lightgbm,12,677918,MARRIAGE_1,0.018104551075551145,-0.00015713417470317135,25,-1.0,MARRIAGE,False,False
taiwan,ablation_without_engineered_features,lightgbm,12,677918,EDUCATION_1,0.009291281525115866,0.00028096406790742635,26,1.0,EDUCATION,False,False
taiwan,ablation_without_engineered_features,lightgbm,12,677918,SEX_2,0.0029956007079715713,3.8311286352702787e-05,27,1.0,SEX,False,False
taiwan,ablation_without_engineered_features,lightgbm,12,677918,EDUCATION_3,0.002145478204542532,9.40366732814693e-05,28,1.0,EDUCATION,False,False
taiwan,ablation_without_engineered_features,lightgbm,12,677918,MARRIAGE_3,0.0008660877945825741,8.553687276507442e-05,29,1.0,MARRIAGE,False,False
taiwan,ablation_without_engineered_features,lightgbm,13,432996,PAY_0,0.49911512788124873,-0.05268552214345749,1,-1.0,PAY_0,True,True
taiwan,ablation_without_engineered_features,lightgbm,13,432996,LIMIT_BAL,0.24656796840826764,0.016004997228335625,2,1.0,LIMIT_BAL,True,True
taiwan,ablation_without_engineered_features,lightgbm,13,432996,BILL_AMT1,0.15971837665713567,0.0003824176808989291,3,1.0,BILL_AMT1,True,True
taiwan,ablation_without_engineered_features,lightgbm,13,432996,PAY_AMT2,0.14893826679875916,-0.0023595425538446317,4,-1.0,PAY_AMT2,True,True
taiwan,ablation_without_engineered_features,lightgbm,13,432996,PAY_AMT1,0.11824407568643584,0.0005616602950527343,5,1.0,PAY_AMT1,True,True
taiwan,ablation_without_engineered_features,lightgbm,13,432996,PAY_AMT3,0.09776334780957614,-0.013005069763999481,6,-1.0,PAY_AMT3,False,True
taiwan,ablation_without_engineered_features,lightgbm,13,432996,PAY_2,0.08818647438277837,0.003805942804861609,7,1.0,PAY_2,False,True
taiwan,ablation_without_engineered_features,lightgbm,13,432996,PAY_3,0.06829727870364187,-0.0017095504108871537,8,-1.0,PAY_3,False,True
taiwan,ablation_without_engineered_features,lightgbm,13,432996,PAY_AMT6,0.06646068904708587,0.002540708877340344,9,1.0,PAY_AMT6,False,True
taiwan,ablation_without_engineered_features,lightgbm,13,432996,PAY_AMT4,0.06515946271438386,0.0016061763683258867,10,1.0,PAY_AMT4,False,True
taiwan,ablation_without_engineered_features,lightgbm,13,432996,BILL_AMT6,0.06194120081772745,0.0001763784720756865,11,1.0,BILL_AMT6,False,False
taiwan,ablation_without_engineered_features,lightgbm,13,432996,BILL_AMT4,0.05579836079495589,-0.0011096699763782397,12,-1.0,BILL_AMT4,False,False
taiwan,ablation_without_engineered_features,lightgbm,13,432996,PAY_5,0.054483097043666065,-0.0030678655239463714,13,-1.0,PAY_5,False,False
taiwan,ablation_without_engineered_features,lightgbm,13,432996,BILL_AMT3,0.05408087050427923,0.012668238682870274,14,1.0,BILL_AMT3,False,False
taiwan,ablation_without_engineered_features,lightgbm,13,432996,PAY_6,0.052678587570683624,0.00286527881932087,15,1.0,PAY_6,False,False
taiwan,ablation_without_engineered_features,lightgbm,13,432996,PAY_4,0.04838997198611022,0.011896796712211404,16,1.0,PAY_4,False,False
taiwan,ablation_without_engineered_features,lightgbm,13,432996,PAY_AMT5,0.045636675412623506,0.0009253811810721341,17,1.0,PAY_AMT5,False,False
taiwan,ablation_without_engineered_features,lightgbm,13,432996,BILL_AMT5,0.04480768261487086,-0.003529161059664188,18,-1.0,BILL_AMT5,False,False
taiwan,ablation_without_engineered_features,lightgbm,13,432996,BILL_AMT2,0.04310987336274793,0.002045713300553792,19,1.0,BILL_AMT2,False,False
taiwan,ablation_without_engineered_features,lightgbm,13,432996,AGE,0.03911925643488713,0.003239871801108503,20,1.0,AGE,False,False
taiwan,ablation_without_engineered_features,lightgbm,13,432996,EDUCATION_4,0.029570537758149693,-0.0001655097042497833,21,-1.0,EDUCATION,False,False
taiwan,ablation_without_engineered_features,lightgbm,13,432996,EDUCATION_2,0.027805621309452945,-0.00014479281241559764,22,-1.0,EDUCATION,False,False
taiwan,ablation_without_engineered_features,lightgbm,13,432996,SEX_1,0.027752869945967363,0.00043095386855117074,23,1.0,SEX,False,False
taiwan,ablation_without_engineered_features,lightgbm,13,432996,MARRIAGE_2,0.023090438734734296,-0.0004816342309412087,24,-1.0,MARRIAGE,False,False
taiwan,ablation_without_engineered_features,lightgbm,13,432996,MARRIAGE_1,0.016845262758217953,-0.0002056598999008028,25,-1.0,MARRIAGE,False,False
taiwan,ablation_without_engineered_features,lightgbm,13,432996,EDUCATION_1,0.009745706305945939,0.0004245337930009122,26,1.0,EDUCATION,False,False
taiwan,ablation_without_engineered_features,lightgbm,13,432996,EDUCATION_3,0.0022335725519564767,5.014458003484042e-05,27,1.0,EDUCATION,False,False
taiwan,ablation_without_engineered_features,lightgbm,13,432996,SEX_2,0.002002481758724885,-0.00020413593209133482,28,-1.0,SEX,False,False
taiwan,ablation_without_engineered_features,lightgbm,13,432996,MARRIAGE_3,0.001108894019004006,0.00010791398360814538,29,1.0,MARRIAGE,False,False
taiwan,ablation_without_engineered_features,lightgbm,14,67920,PAY_0,0.5080636409921042,-0.049896294203005113,1,-1.0,PAY_0,True,True
taiwan,ablation_without_engineered_features,lightgbm,14,67920,LIMIT_BAL,0.2465278328828197,0.023387498438259543,2,1.0,LIMIT_BAL,True,True
taiwan,ablation_without_engineered_features,lightgbm,14,67920,BILL_AMT1,0.1527106949085273,0.006087240346749759,3,1.0,BILL_AMT1,True,True
taiwan,ablation_without_engineered_features,lightgbm,14,67920,PAY_AMT2,0.14438170669794395,-0.0022950087929132453,4,-1.0,PAY_AMT2,True,True
taiwan,ablation_without_engineered_features,lightgbm,14,67920,PAY_AMT1,0.11841757965532372,-0.004320004604358499,5,-1.0,PAY_AMT1,True,True
taiwan,ablation_without_engineered_features,lightgbm,14,67920,PAY_AMT3,0.09565267928305919,-0.009598932259459342,6,-1.0,PAY_AMT3,False,True
taiwan,ablation_without_engineered_features,lightgbm,14,67920,PAY_2,0.07831144955743852,0.005230821080550581,7,1.0,PAY_2,False,True
taiwan,ablation_without_engineered_features,lightgbm,14,67920,PAY_3,0.0706890292632517,-0.005513907594398398,8,-1.0,PAY_3,False,True
taiwan,ablation_without_engineered_features,lightgbm,14,67920,PAY_AMT6,0.06247390322924461,0.0003369325496256307,9,1.0,PAY_AMT6,False,True
taiwan,ablation_without_engineered_features,lightgbm,14,67920,BILL_AMT3,0.06185436464682547,0.007623398382058067,10,1.0,BILL_AMT3,False,True
taiwan,ablation_without_engineered_features,lightgbm,14,67920,PAY_AMT4,0.06076102383100712,0.0003847548355312198,11,1.0,PAY_AMT4,False,False
taiwan,ablation_without_engineered_features,lightgbm,14,67920,BILL_AMT4,0.06041509297762682,-0.004125455426071488,12,-1.0,BILL_AMT4,False,False
taiwan,ablation_without_engineered_features,lightgbm,14,67920,BILL_AMT6,0.05739785924720599,-0.0009099990846493346,13,-1.0,BILL_AMT6,False,False
taiwan,ablation_without_engineered_features,lightgbm,14,67920,PAY_5,0.055406729199332566,-0.0016240985312506524,14,-1.0,PAY_5,False,False
taiwan,ablation_without_engineered_features,lightgbm,14,67920,PAY_6,0.0524653311730551,0.0004591210630381923,15,1.0,PAY_6,False,False
taiwan,ablation_without_engineered_features,lightgbm,14,67920,PAY_4,0.05077812651597687,0.013673171702443206,16,1.0,PAY_4,False,False
taiwan,ablation_without_engineered_features,lightgbm,14,67920,BILL_AMT5,0.049949682059052064,-0.003893980837516239,17,-1.0,BILL_AMT5,False,False
taiwan,ablation_without_engineered_features,lightgbm,14,67920,PAY_AMT5,0.046916942288391446,0.0035902731875386462,18,1.0,PAY_AMT5,False,False
taiwan,ablation_without_engineered_features,lightgbm,14,67920,BILL_AMT2,0.042867736751783875,0.0007210423168849634,19,1.0,BILL_AMT2,False,False
taiwan,ablation_without_engineered_features,lightgbm,14,67920,AGE,0.03704844141118618,0.0012935780534275815,20,1.0,AGE,False,False
taiwan,ablation_without_engineered_features,lightgbm,14,67920,EDUCATION_4,0.030288090542583638,-0.0004499077176587584,21,-1.0,EDUCATION,False,False
taiwan,ablation_without_engineered_features,lightgbm,14,67920,MARRIAGE_1,0.029297674007372567,-5.6705735344038414e-05,22,-1.0,MARRIAGE,False,False
taiwan,ablation_without_engineered_features,lightgbm,14,67920,SEX_1,0.027727939046993735,-0.00014498195706408792,23,-1.0,SEX,False,False
taiwan,ablation_without_engineered_features,lightgbm,14,67920,EDUCATION_2,0.026395260653193343,7.501315831025436e-05,24,1.0,EDUCATION,False,False
taiwan,ablation_without_engineered_features,lightgbm,14,67920,MARRIAGE_2,0.01628868313373315,0.0004243087716916017,25,1.0,MARRIAGE,False,False
taiwan,ablation_without_engineered_features,lightgbm,14,67920,EDUCATION_1,0.009812907570165058,0.0003690682671258933,26,1.0,EDUCATION,False,False
taiwan,ablation_without_engineered_features,lightgbm,14,67920,SEX_2,0.0021046888482638636,5.04201625003561e-06,27,1.0,SEX,False,False
taiwan,ablation_without_engineered_features,lightgbm,14,67920,EDUCATION_3,0.002008614498863808,-8.342708753485934e-05,28,-1.0,EDUCATION,False,False
taiwan,ablation_without_engineered_features,lightgbm,14,67920,MARRIAGE_3,0.0011096212715540903,3.107780490630628e-05,29,1.0,MARRIAGE,False,False
taiwan,ablation_without_engineered_features,lightgbm,15,786037,PAY_0,0.4997277136883369,-0.054972047231589195,1,-1.0,PAY_0,True,True
taiwan,ablation_without_engineered_features,lightgbm,15,786037,LIMIT_BAL,0.2387798869146187,0.024564157497004354,2,1.0,LIMIT_BAL,True,True
taiwan,ablation_without_engineered_features,lightgbm,15,786037,BILL_AMT1,0.16120812063427234,0.014368339343140801,3,1.0,BILL_AMT1,True,True
taiwan,ablation_without_engineered_features,lightgbm,15,786037,PAY_AMT2,0.13641160726988585,0.0012102174181560798,4,1.0,PAY_AMT2,True,True
taiwan,ablation_without_engineered_features,lightgbm,15,786037,PAY_AMT1,0.11986306154714961,0.007873323829082318,5,1.0,PAY_AMT1,True,True
taiwan,ablation_without_engineered_features,lightgbm,15,786037,PAY_AMT3,0.09506817503906334,-0.01384367978741953,6,-1.0,PAY_AMT3,False,True
taiwan,ablation_without_engineered_features,lightgbm,15,786037,PAY_2,0.08700070182735925,0.004256422734424576,7,1.0,PAY_2,False,True
taiwan,ablation_without_engineered_features,lightgbm,15,786037,PAY_3,0.07846924937795312,-0.007479716737313248,8,-1.0,PAY_3,False,True
taiwan,ablation_without_engineered_features,lightgbm,15,786037,BILL_AMT6,0.0679128405332464,-0.009328047813416382,9,-1.0,BILL_AMT6,False,True
taiwan,ablation_without_engineered_features,lightgbm,15,786037,PAY_AMT6,0.06514925243922609,0.0007475463684241663,10,1.0,PAY_AMT6,False,True
taiwan,ablation_without_engineered_features,lightgbm,15,786037,PAY_AMT4,0.06265940455110865,-0.0028780703503043727,11,-1.0,PAY_AMT4,False,False
taiwan,ablation_without_engineered_features,lightgbm,15,786037,BILL_AMT4,0.0600003517104281,-0.011772948275461258,12,-1.0,BILL_AMT4,False,False
taiwan,ablation_without_engineered_features,lightgbm,15,786037,BILL_AMT3,0.054364454917920524,0.0027724929217389474,13,1.0,BILL_AMT3,False,False
taiwan,ablation_without_engineered_features,lightgbm,15,786037,PAY_5,0.05344792524044982,-0.0035241937615997773,14,-1.0,PAY_5,False,False
taiwan,ablation_without_engineered_features,lightgbm,15,786037,PAY_AMT5,0.05198887478486536,0.0030497466542054935,15,1.0,PAY_AMT5,False,False
taiwan,ablation_without_engineered_features,lightgbm,15,786037,PAY_6,0.05077758059102369,0.004862935804619653,16,1.0,PAY_6,False,False
taiwan,ablation_without_engineered_features,lightgbm,15,786037,PAY_4,0.046882658441309163,0.01311028132956162,17,1.0,PAY_4,False,False
taiwan,ablation_without_engineered_features,lightgbm,15,786037,BILL_AMT5,0.04442654074169675,0.003586375143626879,18,1.0,BILL_AMT5,False,False
taiwan,ablation_without_engineered_features,lightgbm,15,786037,BILL_AMT2,0.04230255539451476,0.001776841361926904,19,1.0,BILL_AMT2,False,False
taiwan,ablation_without_engineered_features,lightgbm,15,786037,AGE,0.03878369114712294,0.0022402882040598953,20,1.0,AGE,False,False
taiwan,ablation_without_engineered_features,lightgbm,15,786037,EDUCATION_4,0.029993331190252874,-0.0002567287327550838,21,-1.0,EDUCATION,False,False
taiwan,ablation_without_engineered_features,lightgbm,15,786037,EDUCATION_2,0.029588677196451352,0.00015294533650323796,22,1.0,EDUCATION,False,False
taiwan,ablation_without_engineered_features,lightgbm,15,786037,SEX_1,0.027018689294879758,0.0004770495489367042,23,1.0,SEX,False,False
taiwan,ablation_without_engineered_features,lightgbm,15,786037,MARRIAGE_2,0.023809155094946945,0.0005294786636156477,24,1.0,MARRIAGE,False,False
taiwan,ablation_without_engineered_features,lightgbm,15,786037,MARRIAGE_1,0.018381725390920388,-0.0014318841331260564,25,-1.0,MARRIAGE,False,False
taiwan,ablation_without_engineered_features,lightgbm,15,786037,EDUCATION_1,0.010138592787405934,0.0005888116513157349,26,1.0,EDUCATION,False,False
taiwan,ablation_without_engineered_features,lightgbm,15,786037,SEX_2,0.004522284416254529,0.0001467105463101066,27,1.0,SEX,False,False
taiwan,ablation_without_engineered_features,lightgbm,15,786037,EDUCATION_3,0.001920497733619007,-0.0001375768413244711,28,-1.0,EDUCATION,False,False
taiwan,ablation_without_engineered_features,lightgbm,15,786037,MARRIAGE_3,0.0010339617950297342,5.4032795423143876e-05,29,1.0,MARRIAGE,False,False
taiwan,ablation_without_engineered_features,lightgbm,16,526458,PAY_0,0.4920449939635821,-0.052774665825753485,1,-1.0,PAY_0,True,True
taiwan,ablation_without_engineered_features,lightgbm,16,526458,LIMIT_BAL,0.24032122963969713,0.02319981809994933,2,1.0,LIMIT_BAL,True,True
taiwan,ablation_without_engineered_features,lightgbm,16,526458,BILL_AMT1,0.15994973310145819,0.002194264045258391,3,1.0,BILL_AMT1,True,True
taiwan,ablation_without_engineered_features,lightgbm,16,526458,PAY_AMT2,0.14680324151421675,-0.009814151426925823,4,-1.0,PAY_AMT2,True,True
taiwan,ablation_without_engineered_features,lightgbm,16,526458,PAY_AMT1,0.12186656388568477,-0.003164538125750317,5,-1.0,PAY_AMT1,True,True
taiwan,ablation_without_engineered_features,lightgbm,16,526458,PAY_AMT3,0.10018538145090254,-0.018492535427057682,6,-1.0,PAY_AMT3,False,True
taiwan,ablation_without_engineered_features,lightgbm,16,526458,PAY_2,0.0929669710775648,0.0012605758879535819,7,1.0,PAY_2,False,True
taiwan,ablation_without_engineered_features,lightgbm,16,526458,PAY_3,0.06970828228229972,-0.00264324086399248,8,-1.0,PAY_3,False,True
taiwan,ablation_without_engineered_features,lightgbm,16,526458,PAY_AMT6,0.0659073194980167,0.0039137625685056205,9,1.0,PAY_AMT6,False,True
taiwan,ablation_without_engineered_features,lightgbm,16,526458,BILL_AMT3,0.05933200260463809,0.01877875254161126,10,1.0,BILL_AMT3,False,True
taiwan,ablation_without_engineered_features,lightgbm,16,526458,BILL_AMT4,0.05744319729138716,-0.005853506328949295,11,-1.0,BILL_AMT4,False,False
taiwan,ablation_without_engineered_features,lightgbm,16,526458,PAY_AMT4,0.05712815654835267,0.00063438687033372,12,1.0,PAY_AMT4,False,False
taiwan,ablation_without_engineered_features,lightgbm,16,526458,PAY_5,0.05588036002152094,-0.0012140614401676153,13,-1.0,PAY_5,False,False
taiwan,ablation_without_engineered_features,lightgbm,16,526458,PAY_6,0.05336056606956579,-0.0012074657019818962,14,-1.0,PAY_6,False,False
taiwan,ablation_without_engineered_features,lightgbm,16,526458,BILL_AMT6,0.04980241334441257,0.007212886402648378,15,1.0,BILL_AMT6,False,False
taiwan,ablation_without_engineered_features,lightgbm,16,526458,PAY_4,0.046622398095749244,0.013358002453759963,16,1.0,PAY_4,False,False
taiwan,ablation_without_engineered_features,lightgbm,16,526458,PAY_AMT5,0.04640649807742648,0.002760925195516724,17,1.0,PAY_AMT5,False,False
taiwan,ablation_without_engineered_features,lightgbm,16,526458,BILL_AMT5,0.04483580615187822,-0.009760913117871299,18,-1.0,BILL_AMT5,False,False
taiwan,ablation_without_engineered_features,lightgbm,16,526458,BILL_AMT2,0.04466900313569158,0.013787413173526556,19,1.0,BILL_AMT2,False,False
taiwan,ablation_without_engineered_features,lightgbm,16,526458,AGE,0.04043648604051765,0.003784482499362308,20,1.0,AGE,False,False
taiwan,ablation_without_engineered_features,lightgbm,16,526458,MARRIAGE_2,0.028405641906813477,-0.001428084948907623,21,-1.0,MARRIAGE,False,False
taiwan,ablation_without_engineered_features,lightgbm,16,526458,EDUCATION_2,0.028251549748169975,0.00031113363301594576,22,1.0,EDUCATION,False,False
taiwan,ablation_without_engineered_features,lightgbm,16,526458,EDUCATION_4,0.028162253025405416,-0.00046156073227108054,23,-1.0,EDUCATION,False,False
taiwan,ablation_without_engineered_features,lightgbm,16,526458,SEX_1,0.020783372132040574,-1.2187285048468897e-05,24,-1.0,SEX,False,False
taiwan,ablation_without_engineered_features,lightgbm,16,526458,MARRIAGE_1,0.013265979576842196,-0.00032312533910308394,25,-1.0,MARRIAGE,False,False
taiwan,ablation_without_engineered_features,lightgbm,16,526458,EDUCATION_1,0.008644957131697915,7.099581342200122e-05,26,1.0,EDUCATION,False,False
taiwan,ablation_without_engineered_features,lightgbm,16,526458,SEX_2,0.008137029442796736,0.00018223208987249348,27,1.0,SEX,False,False
taiwan,ablation_without_engineered_features,lightgbm,16,526458,EDUCATION_3,0.0022332851600212695,-0.00010522071476666335,28,-1.0,EDUCATION,False,False
taiwan,ablation_without_engineered_features,lightgbm,16,526458,MARRIAGE_3,0.0004152090234683602,3.091425307709385e-05,29,1.0,MARRIAGE,False,False
taiwan,ablation_without_engineered_features,lightgbm,17,500337,PAY_0,0.4793358387851143,-0.049868404807356694,1,-1.0,PAY_0,True,True
taiwan,ablation_without_engineered_features,lightgbm,17,500337,LIMIT_BAL,0.24631389912069057,0.022503900334673456,2,1.0,LIMIT_BAL,True,True
taiwan,ablation_without_engineered_features,lightgbm,17,500337,BILL_AMT1,0.15816069907937869,0.013447372867341418,3,1.0,BILL_AMT1,True,True
taiwan,ablation_without_engineered_features,lightgbm,17,500337,PAY_AMT2,0.13131816535060187,0.0011227755957675962,4,1.0,PAY_AMT2,True,True
taiwan,ablation_without_engineered_features,lightgbm,17,500337,PAY_AMT1,0.10632720613817205,0.0005330312996608064,5,1.0,PAY_AMT1,True,True
taiwan,ablation_without_engineered_features,lightgbm,17,500337,PAY_AMT3,0.10445767752837262,-0.014596311513926197,6,-1.0,PAY_AMT3,False,True
taiwan,ablation_without_engineered_features,lightgbm,17,500337,PAY_2,0.10365970650737366,0.0013355500939343878,7,1.0,PAY_2,False,True
taiwan,ablation_without_engineered_features,lightgbm,17,500337,PAY_3,0.06752746269831902,-0.004107724271955603,8,-1.0,PAY_3,False,True
taiwan,ablation_without_engineered_features,lightgbm,17,500337,PAY_AMT6,0.061133453110577,0.000371872150363854,9,1.0,PAY_AMT6,False,True
taiwan,ablation_without_engineered_features,lightgbm,17,500337,PAY_AMT4,0.05991560979808723,0.0016735218214791597,10,1.0,PAY_AMT4,False,True
taiwan,ablation_without_engineered_features,lightgbm,17,500337,BILL_AMT6,0.05925051554723044,0.00906586564446628,11,1.0,BILL_AMT6,False,False
taiwan,ablation_without_engineered_features,lightgbm,17,500337,BILL_AMT4,0.056278885378395455,-0.014000560778556052,12,-1.0,BILL_AMT4,False,False
taiwan,ablation_without_engineered_features,lightgbm,17,500337,BILL_AMT3,0.05567713403122044,0.0022416944187961803,13,1.0,BILL_AMT3,False,False
taiwan,ablation_without_engineered_features,lightgbm,17,500337,PAY_6,0.05449767958947071,0.0005082867109652178,14,1.0,PAY_6,False,False
taiwan,ablation_without_engineered_features,lightgbm,17,500337,PAY_5,0.05154452590373677,0.0006175741587593238,15,1.0,PAY_5,False,False
taiwan,ablation_without_engineered_features,lightgbm,17,500337,BILL_AMT5,0.046298527769767804,-0.007309538477752442,16,-1.0,BILL_AMT5,False,False
taiwan,ablation_without_engineered_features,lightgbm,17,500337,PAY_AMT5,0.04571579134720872,0.002671484418760458,17,1.0,PAY_AMT5,False,False
taiwan,ablation_without_engineered_features,lightgbm,17,500337,PAY_4,0.04560985722658575,0.014911478891636666,18,1.0,PAY_4,False,False
taiwan,ablation_without_engineered_features,lightgbm,17,500337,BILL_AMT2,0.0427121007251145,-0.0040519027381536,19,-1.0,BILL_AMT2,False,False
taiwan,ablation_without_engineered_features,lightgbm,17,500337,AGE,0.03773476184334337,0.001961952639249801,20,1.0,AGE,False,False
taiwan,ablation_without_engineered_features,lightgbm,17,500337,EDUCATION_2,0.029793211965220504,5.6221350083622305e-05,21,1.0,EDUCATION,False,False
taiwan,ablation_without_engineered_features,lightgbm,17,500337,EDUCATION_4,0.028872159986790734,-0.0005778202417364288,22,-1.0,EDUCATION,False,False
taiwan,ablation_without_engineered_features,lightgbm,17,500337,SEX_1,0.025927635678889095,0.00020346872560906358,23,1.0,SEX,False,False
taiwan,ablation_without_engineered_features,lightgbm,17,500337,MARRIAGE_1,0.025173329778949816,0.000718135055618948,24,1.0,MARRIAGE,False,False
taiwan,ablation_without_engineered_features,lightgbm,17,500337,MARRIAGE_2,0.01622253102092836,-0.0011007808290552366,25,-1.0,MARRIAGE,False,False
taiwan,ablation_without_engineered_features,lightgbm,17,500337,EDUCATION_1,0.008382770529874248,0.0010633255079551245,26,1.0,EDUCATION,False,False
taiwan,ablation_without_engineered_features,lightgbm,17,500337,SEX_2,0.005077704437631911,-8.016649291726433e-05,27,-1.0,SEX,False,False
taiwan,ablation_without_engineered_features,lightgbm,17,500337,EDUCATION_3,0.0025496997629811313,-0.00010118366015887922,28,-1.0,EDUCATION,False,False
taiwan,ablation_without_engineered_features,lightgbm,17,500337,MARRIAGE_3,0.001013971277669984,9.754730170421907e-05,29,1.0,MARRIAGE,False,False
taiwan,ablation_without_engineered_features,lightgbm,18,758081,PAY_0,0.49549269341641533,-0.05135399184358882,1,-1.0,PAY_0,True,True
taiwan,ablation_without_engineered_features,lightgbm,18,758081,LIMIT_BAL,0.24542729054779167,0.021706690944194543,2,1.0,LIMIT_BAL,True,True
taiwan,ablation_without_engineered_features,lightgbm,18,758081,BILL_AMT1,0.15720583435864754,-0.001246162548891246,3,-1.0,BILL_AMT1,True,True
taiwan,ablation_without_engineered_features,lightgbm,18,758081,PAY_AMT2,0.1345339166963842,-0.006121366656482343,4,-1.0,PAY_AMT2,True,True
taiwan,ablation_without_engineered_features,lightgbm,18,758081,PAY_AMT1,0.1214434994912882,0.004135379228273816,5,1.0,PAY_AMT1,True,True
taiwan,ablation_without_engineered_features,lightgbm,18,758081,PAY_AMT3,0.101605945902957,-0.017866217011859496,6,-1.0,PAY_AMT3,False,True
taiwan,ablation_without_engineered_features,lightgbm,18,758081,PAY_2,0.08703255447147049,0.0015691129328390856,7,1.0,PAY_2,False,True
taiwan,ablation_without_engineered_features,lightgbm,18,758081,PAY_3,0.07935545013958394,-0.006770042744815134,8,-1.0,PAY_3,False,True
taiwan,ablation_without_engineered_features,lightgbm,18,758081,BILL_AMT6,0.06337989874090219,0.011498217763708922,9,1.0,BILL_AMT6,False,True
taiwan,ablation_without_engineered_features,lightgbm,18,758081,PAY_AMT6,0.062340696678836904,-0.0004126526401157125,10,-1.0,PAY_AMT6,False,True
taiwan,ablation_without_engineered_features,lightgbm,18,758081,PAY_AMT4,0.061528201258095425,0.00235309806371258,11,1.0,PAY_AMT4,False,False
taiwan,ablation_without_engineered_features,lightgbm,18,758081,BILL_AMT4,0.055387545080124286,0.005047433622756153,12,1.0,BILL_AMT4,False,False
taiwan,ablation_without_engineered_features,lightgbm,18,758081,PAY_6,0.05401295938841075,0.00019329207253398817,13,1.0,PAY_6,False,False
taiwan,ablation_without_engineered_features,lightgbm,18,758081,BILL_AMT3,0.05334398417626635,0.018540565096600476,14,1.0,BILL_AMT3,False,False
taiwan,ablation_without_engineered_features,lightgbm,18,758081,PAY_5,0.0513156794426892,-0.0036519534969685157,15,-1.0,PAY_5,False,False
taiwan,ablation_without_engineered_features,lightgbm,18,758081,PAY_AMT5,0.05093972418982596,9.877179561517003e-05,16,1.0,PAY_AMT5,False,False
taiwan,ablation_without_engineered_features,lightgbm,18,758081,PAY_4,0.04603536476381561,0.012122709623872477,17,1.0,PAY_4,False,False
taiwan,ablation_without_engineered_features,lightgbm,18,758081,BILL_AMT2,0.0455363697298785,0.004171669917302054,18,1.0,BILL_AMT2,False,False
taiwan,ablation_without_engineered_features,lightgbm,18,758081,BILL_AMT5,0.0444133623491921,-0.0112157865717482,19,-1.0,BILL_AMT5,False,False
taiwan,ablation_without_engineered_features,lightgbm,18,758081,AGE,0.037396262121246714,0.0026494966255186836,20,1.0,AGE,False,False
taiwan,ablation_without_engineered_features,lightgbm,18,758081,EDUCATION_4,0.029883562305749265,-0.0004345890335093419,21,-1.0,EDUCATION,False,False
taiwan,ablation_without_engineered_features,lightgbm,18,758081,EDUCATION_2,0.02909230674034237,-3.7214214072414445e-06,22,-1.0,EDUCATION,False,False
taiwan,ablation_without_engineered_features,lightgbm,18,758081,SEX_1,0.02732891698515831,0.0005743750304342859,23,1.0,SEX,False,False
taiwan,ablation_without_engineered_features,lightgbm,18,758081,MARRIAGE_1,0.023565018131643873,-0.0027616452331861736,24,-1.0,MARRIAGE,False,False
taiwan,ablation_without_engineered_features,lightgbm,18,758081,MARRIAGE_2,0.0195240306148847,0.0011346224472475568,25,1.0,MARRIAGE,False,False
taiwan,ablation_without_engineered_features,lightgbm,18,758081,EDUCATION_1,0.007825474317072477,0.0001227932446458312,26,1.0,EDUCATION,False,False
taiwan,ablation_without_engineered_features,lightgbm,18,758081,SEX_2,0.002208795066767889,-8.384936454856733e-05,27,-1.0,SEX,False,False
taiwan,ablation_without_engineered_features,lightgbm,18,758081,EDUCATION_3,0.002198915570647955,-6.918844553378675e-05,28,-1.0,EDUCATION,False,False
taiwan,ablation_without_engineered_features,lightgbm,18,758081,MARRIAGE_3,0.0011322697410854309,0.00011311092549612426,29,1.0,MARRIAGE,False,False
taiwan,ablation_without_engineered_features,lightgbm,19,201462,PAY_0,0.4760067873399644,-0.04770261953690878,1,-1.0,PAY_0,True,True
taiwan,ablation_without_engineered_features,lightgbm,19,201462,LIMIT_BAL,0.24598575947894935,0.024397471630458602,2,1.0,LIMIT_BAL,True,True
taiwan,ablation_without_engineered_features,lightgbm,19,201462,BILL_AMT1,0.16025007491305088,0.00038478030439550277,3,1.0,BILL_AMT1,True,True
taiwan,ablation_without_engineered_features,lightgbm,19,201462,PAY_AMT2,0.13611930738637992,-0.003995109261466554,4,-1.0,PAY_AMT2,True,True
taiwan,ablation_without_engineered_features,lightgbm,19,201462,PAY_AMT1,0.1242818281990036,-0.0075827774767149945,5,-1.0,PAY_AMT1,True,True
taiwan,ablation_without_engineered_features,lightgbm,19,201462,PAY_2,0.10827363590042517,-0.0010214102007863317,6,-1.0,PAY_2,False,True
taiwan,ablation_without_engineered_features,lightgbm,19,201462,PAY_AMT3,0.10334845942143345,-0.016952209857481616,7,-1.0,PAY_AMT3,False,True
taiwan,ablation_without_engineered_features,lightgbm,19,201462,PAY_3,0.07765647833724014,-0.005546356801116077,8,-1.0,PAY_3,False,True
taiwan,ablation_without_engineered_features,lightgbm,19,201462,PAY_AMT6,0.07130092846344342,-0.002418077681699694,9,-1.0,PAY_AMT6,False,True
taiwan,ablation_without_engineered_features,lightgbm,19,201462,BILL_AMT3,0.05994472540102775,0.016597262927290225,10,1.0,BILL_AMT3,False,True
taiwan,ablation_without_engineered_features,lightgbm,19,201462,BILL_AMT4,0.058977376236016454,0.00011327817529384413,11,1.0,BILL_AMT4,False,False
taiwan,ablation_without_engineered_features,lightgbm,19,201462,PAY_AMT4,0.057501050018652744,-0.00013291574454745486,12,-1.0,PAY_AMT4,False,False
taiwan,ablation_without_engineered_features,lightgbm,19,201462,BILL_AMT6,0.054254834862785636,0.0004315364107525395,13,1.0,BILL_AMT6,False,False
taiwan,ablation_without_engineered_features,lightgbm,19,201462,PAY_6,0.053053801374792216,0.0022257145287733256,14,1.0,PAY_6,False,False
taiwan,ablation_without_engineered_features,lightgbm,19,201462,PAY_5,0.052057102707411464,-0.0025826700412787743,15,-1.0,PAY_5,False,False
taiwan,ablation_without_engineered_features,lightgbm,19,201462,BILL_AMT2,0.04724677208832045,0.013692483969307858,16,1.0,BILL_AMT2,False,False
taiwan,ablation_without_engineered_features,lightgbm,19,201462,PAY_AMT5,0.045292668131082695,-0.0018474965185789624,17,-1.0,PAY_AMT5,False,False
taiwan,ablation_without_engineered_features,lightgbm,19,201462,PAY_4,0.0442532945239021,0.012515764916711046,18,1.0,PAY_4,False,False
taiwan,ablation_without_engineered_features,lightgbm,19,201462,BILL_AMT5,0.043971362245805674,-0.003640678645540199,19,-1.0,BILL_AMT5,False,False
taiwan,ablation_without_engineered_features,lightgbm,19,201462,AGE,0.03829942203576252,0.005115885217112504,20,1.0,AGE,False,False
taiwan,ablation_without_engineered_features,lightgbm,19,201462,EDUCATION_4,0.02875887959102336,-0.0006082489968558992,21,-1.0,EDUCATION,False,False
taiwan,ablation_without_engineered_features,lightgbm,19,201462,SEX_1,0.028669447576735327,7.062296052984345e-05,22,1.0,SEX,False,False
taiwan,ablation_without_engineered_features,lightgbm,19,201462,EDUCATION_2,0.027629995226618534,0.00027536321022939274,23,1.0,EDUCATION,False,False
taiwan,ablation_without_engineered_features,lightgbm,19,201462,MARRIAGE_1,0.02070810661771247,-0.00032820666007726004,24,-1.0,MARRIAGE,False,False
taiwan,ablation_without_engineered_features,lightgbm,19,201462,MARRIAGE_2,0.017878433787547658,-0.00225879863989153,25,-1.0,MARRIAGE,False,False
taiwan,ablation_without_engineered_features,lightgbm,19,201462,EDUCATION_1,0.012309887148546724,0.0005345788812066644,26,1.0,EDUCATION,False,False
taiwan,ablation_without_engineered_features,lightgbm,19,201462,SEX_2,0.0029247063916707063,-3.927613713151291e-05,27,-1.0,SEX,False,False
taiwan,ablation_without_engineered_features,lightgbm,19,201462,EDUCATION_3,0.0020995867269695523,0.00020744257337707898,28,1.0,EDUCATION,False,False
taiwan,ablation_without_engineered_features,lightgbm,19,201462,MARRIAGE_3,0.001123413223455003,0.00012271171915233012,29,1.0,MARRIAGE,False,False
taiwan,ablation_without_engineered_features,lightgbm,20,839722,PAY_0,0.46876329395966837,-0.0502646059332903,1,-1.0,PAY_0,True,True
taiwan,ablation_without_engineered_features,lightgbm,20,839722,LIMIT_BAL,0.24045915936426862,0.017819924622224963,2,1.0,LIMIT_BAL,True,True
taiwan,ablation_without_engineered_features,lightgbm,20,839722,BILL_AMT1,0.16459320962498464,0.009886721560770407,3,1.0,BILL_AMT1,True,True
taiwan,ablation_without_engineered_features,lightgbm,20,839722,PAY_AMT2,0.13290745078591626,-0.00022810557121517283,4,-1.0,PAY_AMT2,True,True
taiwan,ablation_without_engineered_features,lightgbm,20,839722,PAY_AMT1,0.12283782460104312,-0.00436701393062422,5,-1.0,PAY_AMT1,True,True
taiwan,ablation_without_engineered_features,lightgbm,20,839722,PAY_2,0.11273032470757567,5.2857932583253526e-05,6,1.0,PAY_2,False,True
taiwan,ablation_without_engineered_features,lightgbm,20,839722,PAY_AMT3,0.09831821457543356,-0.014871190306917829,7,-1.0,PAY_AMT3,False,True
taiwan,ablation_without_engineered_features,lightgbm,20,839722,PAY_3,0.07578978169413925,-0.001075073113783835,8,-1.0,PAY_3,False,True
taiwan,ablation_without_engineered_features,lightgbm,20,839722,PAY_AMT4,0.06898964438535637,0.0022738602711882172,9,1.0,PAY_AMT4,False,True
taiwan,ablation_without_engineered_features,lightgbm,20,839722,BILL_AMT6,0.06632347082541645,-0.0021946854586262056,10,-1.0,BILL_AMT6,False,True
taiwan,ablation_without_engineered_features,lightgbm,20,839722,PAY_AMT6,0.06607380129009893,-0.0007140479034249063,11,-1.0,PAY_AMT6,False,False
taiwan,ablation_without_engineered_features,lightgbm,20,839722,BILL_AMT4,0.05675049782884502,-0.003020466863041366,12,-1.0,BILL_AMT4,False,False
taiwan,ablation_without_engineered_features,lightgbm,20,839722,BILL_AMT3,0.05524542030905826,0.01841373236773329,13,1.0,BILL_AMT3,False,False
taiwan,ablation_without_engineered_features,lightgbm,20,839722,BILL_AMT5,0.05277279950323323,-0.005877775731951596,14,-1.0,BILL_AMT5,False,False
taiwan,ablation_without_engineered_features,lightgbm,20,839722,PAY_5,0.05081821783549025,-0.003163770241188096,15,-1.0,PAY_5,False,False
taiwan,ablation_without_engineered_features,lightgbm,20,839722,PAY_6,0.050251141999580855,0.0021003015415623446,16,1.0,PAY_6,False,False
taiwan,ablation_without_engineered_features,lightgbm,20,839722,PAY_4,0.047480002106398814,0.012411798914709995,17,1.0,PAY_4,False,False
taiwan,ablation_without_engineered_features,lightgbm,20,839722,PAY_AMT5,0.046501369240907794,0.0011038866523958983,18,1.0,PAY_AMT5,False,False
taiwan,ablation_without_engineered_features,lightgbm,20,839722,BILL_AMT2,0.046174406537780516,-0.002371292925397634,19,-1.0,BILL_AMT2,False,False
taiwan,ablation_without_engineered_features,lightgbm,20,839722,AGE,0.03874267861839727,0.005158384078166479,20,1.0,AGE,False,False
taiwan,ablation_without_engineered_features,lightgbm,20,839722,EDUCATION_2,0.03507098723959731,0.0008554795588022673,21,1.0,EDUCATION,False,False
taiwan,ablation_without_engineered_features,lightgbm,20,839722,EDUCATION_4,0.02845695815109172,-0.0003742512426177921,22,-1.0,EDUCATION,False,False
taiwan,ablation_without_engineered_features,lightgbm,20,839722,MARRIAGE_2,0.025941626304684263,-0.0023698980562973054,23,-1.0,MARRIAGE,False,False
taiwan,ablation_without_engineered_features,lightgbm,20,839722,SEX_1,0.02545232836585184,0.00014700832068936258,24,1.0,SEX,False,False
taiwan,ablation_without_engineered_features,lightgbm,20,839722,MARRIAGE_1,0.017754725789995155,8.920234862128933e-05,25,1.0,MARRIAGE,False,False
taiwan,ablation_without_engineered_features,lightgbm,20,839722,EDUCATION_1,0.008017393665680963,0.000571255912802168,26,1.0,EDUCATION,False,False
taiwan,ablation_without_engineered_features,lightgbm,20,839722,SEX_2,0.005876194751070371,-6.066128273415194e-05,27,-1.0,SEX,False,False
taiwan,ablation_without_engineered_features,lightgbm,20,839722,EDUCATION_3,0.002911450929088135,7.528461770513366e-05,28,1.0,EDUCATION,False,False
taiwan,ablation_without_engineered_features,lightgbm,20,839722,MARRIAGE_3,0.0006335868868657462,3.905524470873132e-05,29,1.0,MARRIAGE,False,False
taiwan,ablation_without_engineered_features,lightgbm,21,554576,PAY_0,0.4786055241493169,-0.04971508964304452,1,-1.0,PAY_0,True,True
taiwan,ablation_without_engineered_features,lightgbm,21,554576,LIMIT_BAL,0.23854712394947084,0.024529886680686303,2,1.0,LIMIT_BAL,True,True
taiwan,ablation_without_engineered_features,lightgbm,21,554576,BILL_AMT1,0.15781095404888834,0.0025697274715612527,3,1.0,BILL_AMT1,True,True
taiwan,ablation_without_engineered_features,lightgbm,21,554576,PAY_AMT2,0.13994812472387635,-0.002642410647996946,4,-1.0,PAY_AMT2,True,True
taiwan,ablation_without_engineered_features,lightgbm,21,554576,PAY_AMT1,0.11505894214510427,-0.00232720635305784,5,-1.0,PAY_AMT1,True,True
taiwan,ablation_without_engineered_features,lightgbm,21,554576,PAY_2,0.10965288558096586,0.0007883283546128677,6,1.0,PAY_2,False,True
taiwan,ablation_without_engineered_features,lightgbm,21,554576,PAY_AMT3,0.09762902519481641,-0.006707389537406822,7,-1.0,PAY_AMT3,False,True
taiwan,ablation_without_engineered_features,lightgbm,21,554576,PAY_3,0.07243637922732643,-0.005746031758191128,8,-1.0,PAY_3,False,True
taiwan,ablation_without_engineered_features,lightgbm,21,554576,PAY_AMT6,0.06844285107986009,0.0012177459474037925,9,1.0,PAY_AMT6,False,True
taiwan,ablation_without_engineered_features,lightgbm,21,554576,BILL_AMT4,0.06724803594900436,-0.005347693895920247,10,-1.0,BILL_AMT4,False,True
taiwan,ablation_without_engineered_features,lightgbm,21,554576,PAY_AMT4,0.06478845355398322,-0.0038008939014375453,11,-1.0,PAY_AMT4,False,False
taiwan,ablation_without_engineered_features,lightgbm,21,554576,BILL_AMT6,0.05672177362130621,-0.006537528117187138,12,-1.0,BILL_AMT6,False,False
taiwan,ablation_without_engineered_features,lightgbm,21,554576,PAY_6,0.05241535326156412,0.0024130358467039504,13,1.0,PAY_6,False,False
taiwan,ablation_without_engineered_features,lightgbm,21,554576,PAY_4,0.05104160378434836,0.01258042337259346,14,1.0,PAY_4,False,False
taiwan,ablation_without_engineered_features,lightgbm,21,554576,PAY_5,0.05045966453344078,-0.0013775846828019672,15,-1.0,PAY_5,False,False
taiwan,ablation_without_engineered_features,lightgbm,21,554576,BILL_AMT3,0.050221381300610365,0.01491751887144257,16,1.0,BILL_AMT3,False,False
taiwan,ablation_without_engineered_features,lightgbm,21,554576,BILL_AMT5,0.04892828267092816,-0.0011885014142358965,17,-1.0,BILL_AMT5,False,False
taiwan,ablation_without_engineered_features,lightgbm,21,554576,PAY_AMT5,0.04585517888239286,0.002484530584979827,18,1.0,PAY_AMT5,False,False
taiwan,ablation_without_engineered_features,lightgbm,21,554576,BILL_AMT2,0.045830707007752464,0.0030900566342022145,19,1.0,BILL_AMT2,False,False
taiwan,ablation_without_engineered_features,lightgbm,21,554576,AGE,0.04253209914354675,0.003753381465997943,20,1.0,AGE,False,False
taiwan,ablation_without_engineered_features,lightgbm,21,554576,EDUCATION_2,0.03322981280242436,-0.0005272662728488941,21,-1.0,EDUCATION,False,False
taiwan,ablation_without_engineered_features,lightgbm,21,554576,SEX_1,0.029326161639286752,0.00022108278367227822,22,1.0,SEX,False,False
taiwan,ablation_without_engineered_features,lightgbm,21,554576,EDUCATION_4,0.028819178440381593,-0.0005627508464375701,23,-1.0,EDUCATION,False,False
taiwan,ablation_without_engineered_features,lightgbm,21,554576,MARRIAGE_2,0.02063402383913885,-0.0021040417346083412,24,-1.0,MARRIAGE,False,False
taiwan,ablation_without_engineered_features,lightgbm,21,554576,MARRIAGE_1,0.016172864544013243,-4.05025498984477e-05,25,-1.0,MARRIAGE,False,False
taiwan,ablation_without_engineered_features,lightgbm,21,554576,EDUCATION_1,0.009629172509081433,0.00024081485578573555,26,1.0,EDUCATION,False,False
taiwan,ablation_without_engineered_features,lightgbm,21,554576,SEX_2,0.003804508091620131,-5.7339201080458376e-05,27,-1.0,SEX,False,False
taiwan,ablation_without_engineered_features,lightgbm,21,554576,EDUCATION_3,0.0016514824636270449,-2.5566550625242286e-05,28,-1.0,EDUCATION,False,False
taiwan,ablation_without_engineered_features,lightgbm,21,554576,MARRIAGE_3,0.0013205355263643105,0.0001281096969517479,29,1.0,MARRIAGE,False,False
taiwan,ablation_without_engineered_features,lightgbm,22,822743,PAY_0,0.4907882378901383,-0.05093068626964033,1,-1.0,PAY_0,True,True
taiwan,ablation_without_engineered_features,lightgbm,22,822743,LIMIT_BAL,0.23575613128586573,0.01995682980960816,2,1.0,LIMIT_BAL,True,True
taiwan,ablation_without_engineered_features,lightgbm,22,822743,BILL_AMT1,0.16319683368676624,0.019129124545890337,3,1.0,BILL_AMT1,True,True
taiwan,ablation_without_engineered_features,lightgbm,22,822743,PAY_AMT2,0.1376181240840397,0.005198693165058652,4,1.0,PAY_AMT2,True,True
taiwan,ablation_without_engineered_features,lightgbm,22,822743,PAY_AMT1,0.12235042964405919,-0.0007316707994461034,5,-1.0,PAY_AMT1,True,True
taiwan,ablation_without_engineered_features,lightgbm,22,822743,PAY_AMT3,0.09793069256050381,-0.013917469173621274,6,-1.0,PAY_AMT3,False,True
taiwan,ablation_without_engineered_features,lightgbm,22,822743,PAY_2,0.09453058022568332,0.00021953422811442821,7,1.0,PAY_2,False,True
taiwan,ablation_without_engineered_features,lightgbm,22,822743,PAY_3,0.0668250236059516,-0.004330979402637628,8,-1.0,PAY_3,False,True
taiwan,ablation_without_engineered_features,lightgbm,22,822743,PAY_AMT6,0.06661542313630893,0.004206584178375585,9,1.0,PAY_AMT6,False,True
taiwan,ablation_without_engineered_features,lightgbm,22,822743,PAY_AMT4,0.06533245521353997,0.0029815640996663914,10,1.0,PAY_AMT4,False,True
taiwan,ablation_without_engineered_features,lightgbm,22,822743,BILL_AMT4,0.06473968115385835,-0.003873128037844822,11,-1.0,BILL_AMT4,False,False
taiwan,ablation_without_engineered_features,lightgbm,22,822743,BILL_AMT6,0.06433772989330144,0.001389988487572035,12,1.0,BILL_AMT6,False,False
taiwan,ablation_without_engineered_features,lightgbm,22,822743,BILL_AMT3,0.05378726572452635,-0.002458826521738521,13,-1.0,BILL_AMT3,False,False
taiwan,ablation_without_engineered_features,lightgbm,22,822743,PAY_6,0.052933106715003335,-0.000983917014304653,14,-1.0,PAY_6,False,False
taiwan,ablation_without_engineered_features,lightgbm,22,822743,PAY_5,0.05270439873485772,-0.0019910444906762635,15,-1.0,PAY_5,False,False
taiwan,ablation_without_engineered_features,lightgbm,22,822743,PAY_4,0.05229190138540254,0.0100557904991135,16,1.0,PAY_4,False,False
taiwan,ablation_without_engineered_features,lightgbm,22,822743,PAY_AMT5,0.047778301938892855,0.0027440650111589123,17,1.0,PAY_AMT5,False,False
taiwan,ablation_without_engineered_features,lightgbm,22,822743,BILL_AMT5,0.047424525305365374,-0.014083305321392748,18,-1.0,BILL_AMT5,False,False
taiwan,ablation_without_engineered_features,lightgbm,22,822743,BILL_AMT2,0.04632328774622281,0.005329722971787119,19,1.0,BILL_AMT2,False,False
taiwan,ablation_without_engineered_features,lightgbm,22,822743,AGE,0.03825861617916411,0.0034453706593060495,20,1.0,AGE,False,False
taiwan,ablation_without_engineered_features,lightgbm,22,822743,EDUCATION_4,0.029447317110319525,-0.0003321561640385928,21,-1.0,EDUCATION,False,False
taiwan,ablation_without_engineered_features,lightgbm,22,822743,SEX_1,0.02818537744665254,-1.1420969655266927e-05,22,-1.0,SEX,False,False
taiwan,ablation_without_engineered_features,lightgbm,22,822743,EDUCATION_2,0.02720625657287034,0.0001850577006813608,23,1.0,EDUCATION,False,False
taiwan,ablation_without_engineered_features,lightgbm,22,822743,MARRIAGE_1,0.019047616621473158,0.0002333808520676369,24,1.0,MARRIAGE,False,False
taiwan,ablation_without_engineered_features,lightgbm,22,822743,MARRIAGE_2,0.016975368042971003,-0.0013151058231100712,25,-1.0,MARRIAGE,False,False
taiwan,ablation_without_engineered_features,lightgbm,22,822743,EDUCATION_1,0.014674969845894606,0.0002718100059480004,26,1.0,EDUCATION,False,False
taiwan,ablation_without_engineered_features,lightgbm,22,822743,SEX_2,0.006956305311190474,-0.00019175962766928688,27,-1.0,SEX,False,False
taiwan,ablation_without_engineered_features,lightgbm,22,822743,EDUCATION_3,0.003920746362337425,-0.00025645566408396615,28,-1.0,EDUCATION,False,False
taiwan,ablation_without_engineered_features,lightgbm,22,822743,MARRIAGE_3,0.001346102910373234,0.00010402670837937718,29,1.0,MARRIAGE,False,False
taiwan,ablation_without_engineered_features,lightgbm,23,165228,PAY_0,0.49866769334579103,-0.04650358745774446,1,-1.0,PAY_0,True,True
taiwan,ablation_without_engineered_features,lightgbm,23,165228,LIMIT_BAL,0.24138902234173906,0.01986915820571332,2,1.0,LIMIT_BAL,True,True
taiwan,ablation_without_engineered_features,lightgbm,23,165228,BILL_AMT1,0.1598592895218443,0.002640482352320216,3,1.0,BILL_AMT1,True,True
taiwan,ablation_without_engineered_features,lightgbm,23,165228,PAY_AMT2,0.13519572935291874,-0.008028082564469317,4,-1.0,PAY_AMT2,True,True
taiwan,ablation_without_engineered_features,lightgbm,23,165228,PAY_AMT1,0.12076436695328668,0.0026610135892363566,5,1.0,PAY_AMT1,True,True
taiwan,ablation_without_engineered_features,lightgbm,23,165228,PAY_AMT3,0.0958494821839998,-0.01213763156052964,6,-1.0,PAY_AMT3,False,True
taiwan,ablation_without_engineered_features,lightgbm,23,165228,PAY_2,0.08380231844726256,-0.0019988453081632193,7,-1.0,PAY_2,False,True
taiwan,ablation_without_engineered_features,lightgbm,23,165228,PAY_3,0.08188818189223125,-0.0005563381337740779,8,-1.0,PAY_3,False,True
taiwan,ablation_without_engineered_features,lightgbm,23,165228,PAY_AMT6,0.06547247748072028,-0.0019661463409872903,9,-1.0,PAY_AMT6,False,True
taiwan,ablation_without_engineered_features,lightgbm,23,165228,PAY_AMT4,0.06386777954399951,0.0012637366524752038,10,1.0,PAY_AMT4,False,True
taiwan,ablation_without_engineered_features,lightgbm,23,165228,BILL_AMT4,0.05877789721370596,-0.006087654010054109,11,-1.0,BILL_AMT4,False,False
taiwan,ablation_without_engineered_features,lightgbm,23,165228,BILL_AMT3,0.056639342038444604,0.016198886344155637,12,1.0,BILL_AMT3,False,False
taiwan,ablation_without_engineered_features,lightgbm,23,165228,BILL_AMT6,0.05543138223477866,-0.0031487411351203824,13,-1.0,BILL_AMT6,False,False
taiwan,ablation_without_engineered_features,lightgbm,23,165228,PAY_5,0.05302193603055061,-0.0035102918407162805,14,-1.0,PAY_5,False,False
taiwan,ablation_without_engineered_features,lightgbm,23,165228,PAY_6,0.05205632626912847,0.0015288420694834729,15,1.0,PAY_6,False,False
taiwan,ablation_without_engineered_features,lightgbm,23,165228,PAY_4,0.046944420495231585,0.013064363069071614,16,1.0,PAY_4,False,False
taiwan,ablation_without_engineered_features,lightgbm,23,165228,PAY_AMT5,0.046516783173282686,0.006173898964922558,17,1.0,PAY_AMT5,False,False
taiwan,ablation_without_engineered_features,lightgbm,23,165228,BILL_AMT5,0.045382502856990616,-0.010364556555152494,18,-1.0,BILL_AMT5,False,False
taiwan,ablation_without_engineered_features,lightgbm,23,165228,BILL_AMT2,0.040379281484737156,0.007037216557746744,19,1.0,BILL_AMT2,False,False
taiwan,ablation_without_engineered_features,lightgbm,23,165228,AGE,0.0390731103914276,0.0025455627902576106,20,1.0,AGE,False,False
taiwan,ablation_without_engineered_features,lightgbm,23,165228,EDUCATION_4,0.02933723467516308,-0.000481205532634571,21,-1.0,EDUCATION,False,False
taiwan,ablation_without_engineered_features,lightgbm,23,165228,EDUCATION_2,0.02858388929028612,0.0003062735751655171,22,1.0,EDUCATION,False,False
taiwan,ablation_without_engineered_features,lightgbm,23,165228,SEX_1,0.025410041818015566,-0.0003241196789708827,23,-1.0,SEX,False,False
taiwan,ablation_without_engineered_features,lightgbm,23,165228,MARRIAGE_1,0.02270054379699527,-0.00019737243031980008,24,-1.0,MARRIAGE,False,False
taiwan,ablation_without_engineered_features,lightgbm,23,165228,MARRIAGE_2,0.01462200407311539,0.00037617845407699385,25,1.0,MARRIAGE,False,False
taiwan,ablation_without_engineered_features,lightgbm,23,165228,EDUCATION_1,0.010727341797551629,0.0003338205823560045,26,1.0,EDUCATION,False,False
taiwan,ablation_without_engineered_features,lightgbm,23,165228,SEX_2,0.004805342203388894,-6.057974292443123e-05,27,-1.0,SEX,False,False
taiwan,ablation_without_engineered_features,lightgbm,23,165228,EDUCATION_3,0.002320938506808733,-0.00021165350045715587,28,-1.0,EDUCATION,False,False
taiwan,ablation_without_engineered_features,lightgbm,23,165228,MARRIAGE_3,0.0013008683106468751,7.957466906908417e-05,29,1.0,MARRIAGE,False,False
taiwan,ablation_without_engineered_features,lightgbm,24,697339,PAY_0,0.5072214950878255,-0.05816073774900847,1,-1.0,PAY_0,True,True
taiwan,ablation_without_engineered_features,lightgbm,24,697339,LIMIT_BAL,0.24069498381713533,0.015888003573875403,2,1.0,LIMIT_BAL,True,True
taiwan,ablation_without_engineered_features,lightgbm,24,697339,BILL_AMT1,0.14869326857738668,0.004421215424555705,3,1.0,BILL_AMT1,True,True
taiwan,ablation_without_engineered_features,lightgbm,24,697339,PAY_AMT2,0.13557757013396282,-0.0031149770094449063,4,-1.0,PAY_AMT2,True,True
taiwan,ablation_without_engineered_features,lightgbm,24,697339,PAY_AMT1,0.12029734043303676,0.004594504698717698,5,1.0,PAY_AMT1,True,True
taiwan,ablation_without_engineered_features,lightgbm,24,697339,PAY_AMT3,0.10371574992632918,-0.01053089659296788,6,-1.0,PAY_AMT3,False,True
taiwan,ablation_without_engineered_features,lightgbm,24,697339,PAY_2,0.07541486107294638,0.005537209829504264,7,1.0,PAY_2,False,True
taiwan,ablation_without_engineered_features,lightgbm,24,697339,PAY_3,0.07404379522964558,-0.003803706226574978,8,-1.0,PAY_3,False,True
taiwan,ablation_without_engineered_features,lightgbm,24,697339,PAY_AMT6,0.06718629236552208,-0.004202847831814546,9,-1.0,PAY_AMT6,False,True
taiwan,ablation_without_engineered_features,lightgbm,24,697339,BILL_AMT4,0.06713489696009187,-0.01260850107770177,10,-1.0,BILL_AMT4,False,True
taiwan,ablation_without_engineered_features,lightgbm,24,697339,PAY_AMT4,0.06129420031941537,0.0011339571953506563,11,1.0,PAY_AMT4,False,False
taiwan,ablation_without_engineered_features,lightgbm,24,697339,BILL_AMT6,0.056375288383447235,0.004528612953206665,12,1.0,BILL_AMT6,False,False
taiwan,ablation_without_engineered_features,lightgbm,24,697339,BILL_AMT3,0.0560477202267252,0.01822009381363457,13,1.0,BILL_AMT3,False,False
taiwan,ablation_without_engineered_features,lightgbm,24,697339,PAY_6,0.055379304603164474,-0.0014877429821018166,14,-1.0,PAY_6,False,False
taiwan,ablation_without_engineered_features,lightgbm,24,697339,PAY_5,0.05148854812983233,-9.833265365033735e-05,15,-1.0,PAY_5,False,False
taiwan,ablation_without_engineered_features,lightgbm,24,697339,BILL_AMT5,0.05123231876321183,-0.009596230351338964,16,-1.0,BILL_AMT5,False,False
taiwan,ablation_without_engineered_features,lightgbm,24,697339,PAY_AMT5,0.04850627468883374,0.004176323304736916,17,1.0,PAY_AMT5,False,False
taiwan,ablation_without_engineered_features,lightgbm,24,697339,BILL_AMT2,0.04738887275610932,0.00424025817937442,18,1.0,BILL_AMT2,False,False
taiwan,ablation_without_engineered_features,lightgbm,24,697339,PAY_4,0.04475227684327488,0.01274009067447999,19,1.0,PAY_4,False,False
taiwan,ablation_without_engineered_features,lightgbm,24,697339,AGE,0.038788374439400385,0.0004609187660578707,20,1.0,AGE,False,False
taiwan,ablation_without_engineered_features,lightgbm,24,697339,EDUCATION_2,0.030772056973200013,-0.00026068115144058833,21,-1.0,EDUCATION,False,False
taiwan,ablation_without_engineered_features,lightgbm,24,697339,EDUCATION_4,0.028128444984460637,-0.0005357323718982037,22,-1.0,EDUCATION,False,False
taiwan,ablation_without_engineered_features,lightgbm,24,697339,SEX_1,0.02627798989962894,0.0003410526839628756,23,1.0,SEX,False,False
taiwan,ablation_without_engineered_features,lightgbm,24,697339,MARRIAGE_2,0.02543054792263336,0.0009178716886667765,24,1.0,MARRIAGE,False,False
taiwan,ablation_without_engineered_features,lightgbm,24,697339,MARRIAGE_1,0.01683362273574803,0.0005399778694651623,25,1.0,MARRIAGE,False,False
taiwan,ablation_without_engineered_features,lightgbm,24,697339,EDUCATION_1,0.009637506209359974,0.000861259810018475,26,1.0,EDUCATION,False,False
taiwan,ablation_without_engineered_features,lightgbm,24,697339,SEX_2,0.006452435991081007,0.0001422443857693415,27,1.0,SEX,False,False
taiwan,ablation_without_engineered_features,lightgbm,24,697339,EDUCATION_3,0.002816102053961528,-7.816682754117449e-05,28,-1.0,EDUCATION,False,False
taiwan,ablation_without_engineered_features,lightgbm,24,697339,MARRIAGE_3,0.0013305460309881235,0.00011781021261009714,29,1.0,MARRIAGE,False,False
taiwan,ablation_without_engineered_features,lightgbm,25,887876,PAY_0,0.4706461514858881,-0.04467661811962926,1,-1.0,PAY_0,True,True
taiwan,ablation_without_engineered_features,lightgbm,25,887876,LIMIT_BAL,0.23838659467129447,0.020904486463750687,2,1.0,LIMIT_BAL,True,True
taiwan,ablation_without_engineered_features,lightgbm,25,887876,BILL_AMT1,0.15944627563361113,0.020084147354621395,3,1.0,BILL_AMT1,True,True
taiwan,ablation_without_engineered_features,lightgbm,25,887876,PAY_AMT2,0.12907710085452204,-0.00019122585800239393,4,-1.0,PAY_AMT2,True,True
taiwan,ablation_without_engineered_features,lightgbm,25,887876,PAY_AMT1,0.11451467359341821,-0.004098523010483538,5,-1.0,PAY_AMT1,True,True
taiwan,ablation_without_engineered_features,lightgbm,25,887876,PAY_2,0.10797582106537554,0.0018284216774809951,6,1.0,PAY_2,False,True
taiwan,ablation_without_engineered_features,lightgbm,25,887876,PAY_AMT3,0.10705965756167632,-0.0035880075487945717,7,-1.0,PAY_AMT3,False,True
taiwan,ablation_without_engineered_features,lightgbm,25,887876,PAY_3,0.07735672369920754,-0.00605101176434261,8,-1.0,PAY_3,False,True
taiwan,ablation_without_engineered_features,lightgbm,25,887876,PAY_AMT6,0.06962516295705935,-0.002644428927325636,9,-1.0,PAY_AMT6,False,True
taiwan,ablation_without_engineered_features,lightgbm,25,887876,PAY_AMT4,0.06719788992950448,0.0032534382495018584,10,1.0,PAY_AMT4,False,True
taiwan,ablation_without_engineered_features,lightgbm,25,887876,BILL_AMT6,0.062090715718986424,-0.00521323193671685,11,-1.0,BILL_AMT6,False,False
taiwan,ablation_without_engineered_features,lightgbm,25,887876,BILL_AMT4,0.06056261174197452,-0.005633781985396814,12,-1.0,BILL_AMT4,False,False
taiwan,ablation_without_engineered_features,lightgbm,25,887876,BILL_AMT3,0.05720951383845474,-0.0067122581374391066,13,-1.0,BILL_AMT3,False,False
taiwan,ablation_without_engineered_features,lightgbm,25,887876,PAY_6,0.0542254873406994,-0.0013257991150796115,14,-1.0,PAY_6,False,False
taiwan,ablation_without_engineered_features,lightgbm,25,887876,PAY_5,0.04934350332648027,-0.0014381786200876182,15,-1.0,PAY_5,False,False
taiwan,ablation_without_engineered_features,lightgbm,25,887876,BILL_AMT5,0.048979249503793426,0.0009487467981752018,16,1.0,BILL_AMT5,False,False
taiwan,ablation_without_engineered_features,lightgbm,25,887876,BILL_AMT2,0.047260361668371546,-0.002037854432945153,17,-1.0,BILL_AMT2,False,False
taiwan,ablation_without_engineered_features,lightgbm,25,887876,PAY_4,0.04616586593735947,0.011287237998620718,18,1.0,PAY_4,False,False
taiwan,ablation_without_engineered_features,lightgbm,25,887876,PAY_AMT5,0.045325334500207516,0.00439779512071157,19,1.0,PAY_AMT5,False,False
taiwan,ablation_without_engineered_features,lightgbm,25,887876,AGE,0.03933040464017431,0.0038082238875151364,20,1.0,AGE,False,False
taiwan,ablation_without_engineered_features,lightgbm,25,887876,SEX_1,0.02931727600310921,-6.993984893915211e-05,21,-1.0,SEX,False,False
taiwan,ablation_without_engineered_features,lightgbm,25,887876,EDUCATION_4,0.0290344474285824,-0.0005357318059916772,22,-1.0,EDUCATION,False,False
taiwan,ablation_without_engineered_features,lightgbm,25,887876,EDUCATION_2,0.025963426988379903,9.452150973605054e-06,23,1.0,EDUCATION,False,False
taiwan,ablation_without_engineered_features,lightgbm,25,887876,MARRIAGE_1,0.020534842029656362,-0.0005148196370149016,24,-1.0,MARRIAGE,False,False
taiwan,ablation_without_engineered_features,lightgbm,25,887876,MARRIAGE_2,0.01940193327109085,-0.0013934403231942827,25,-1.0,MARRIAGE,False,False
taiwan,ablation_without_engineered_features,lightgbm,25,887876,EDUCATION_1,0.013033061960466172,0.001794841737257685,26,1.0,EDUCATION,False,False
taiwan,ablation_without_engineered_features,lightgbm,25,887876,SEX_2,0.0027299725729940925,0.00015773275185265907,27,1.0,SEX,False,False
taiwan,ablation_without_engineered_features,lightgbm,25,887876,EDUCATION_3,0.0021276532671859016,0.0001382761603947153,28,1.0,EDUCATION,False,False
taiwan,ablation_without_engineered_features,lightgbm,25,887876,MARRIAGE_3,0.001818775425522302,5.726913463793868e-05,29,1.0,MARRIAGE,False,False
taiwan,ablation_without_engineered_features,lightgbm,26,893119,PAY_0,0.477392390191484,-0.04876588338394662,1,-1.0,PAY_0,True,True
taiwan,ablation_without_engineered_features,lightgbm,26,893119,LIMIT_BAL,0.2451193143078063,0.019449974896566816,2,1.0,LIMIT_BAL,True,True
taiwan,ablation_without_engineered_features,lightgbm,26,893119,BILL_AMT1,0.15668585050714523,-0.005016204590024733,3,-1.0,BILL_AMT1,True,True
taiwan,ablation_without_engineered_features,lightgbm,26,893119,PAY_AMT2,0.132599443721038,0.00039970088305102484,4,1.0,PAY_AMT2,True,True
taiwan,ablation_without_engineered_features,lightgbm,26,893119,PAY_AMT1,0.11674956408200281,0.0008500300578436872,5,1.0,PAY_AMT1,True,True
taiwan,ablation_without_engineered_features,lightgbm,26,893119,PAY_2,0.10278379912701265,-0.00012156402987586876,6,-1.0,PAY_2,False,True
taiwan,ablation_without_engineered_features,lightgbm,26,893119,PAY_AMT3,0.0981765945512919,-0.007928786360791827,7,-1.0,PAY_AMT3,False,True
taiwan,ablation_without_engineered_features,lightgbm,26,893119,PAY_3,0.0796508946765425,-0.006291812550716979,8,-1.0,PAY_3,False,True
taiwan,ablation_without_engineered_features,lightgbm,26,893119,PAY_AMT6,0.06789762340861674,-0.0003409547602945276,9,-1.0,PAY_AMT6,False,True
taiwan,ablation_without_engineered_features,lightgbm,26,893119,PAY_AMT4,0.06383717458855893,-0.0006282895746967135,10,-1.0,PAY_AMT4,False,True
taiwan,ablation_without_engineered_features,lightgbm,26,893119,BILL_AMT4,0.06272334176671802,-0.0017636948434986723,11,-1.0,BILL_AMT4,False,False
taiwan,ablation_without_engineered_features,lightgbm,26,893119,BILL_AMT6,0.05987943755130473,0.009101369996748295,12,1.0,BILL_AMT6,False,False
taiwan,ablation_without_engineered_features,lightgbm,26,893119,BILL_AMT3,0.055839639894161006,0.011831191853540448,13,1.0,BILL_AMT3,False,False
taiwan,ablation_without_engineered_features,lightgbm,26,893119,PAY_5,0.053345375280894045,-0.0023203873124562993,14,-1.0,PAY_5,False,False
taiwan,ablation_without_engineered_features,lightgbm,26,893119,PAY_6,0.052290157605965316,0.0027988311829006372,15,1.0,PAY_6,False,False
taiwan,ablation_without_engineered_features,lightgbm,26,893119,PAY_AMT5,0.04746548239503411,0.0013012306396997832,16,1.0,PAY_AMT5,False,False
taiwan,ablation_without_engineered_features,lightgbm,26,893119,BILL_AMT5,0.04583540782880187,-0.01067433629087289,17,-1.0,BILL_AMT5,False,False
taiwan,ablation_without_engineered_features,lightgbm,26,893119,BILL_AMT2,0.04507343175353166,0.005893870816350662,18,1.0,BILL_AMT2,False,False
taiwan,ablation_without_engineered_features,lightgbm,26,893119,PAY_4,0.04409704513833918,0.009180647963748066,19,1.0,PAY_4,False,False
taiwan,ablation_without_engineered_features,lightgbm,26,893119,AGE,0.040893717350623617,0.00449267934376041,20,1.0,AGE,False,False
taiwan,ablation_without_engineered_features,lightgbm,26,893119,EDUCATION_2,0.03113254086580362,6.58540832391227e-05,21,1.0,EDUCATION,False,False
taiwan,ablation_without_engineered_features,lightgbm,26,893119,SEX_1,0.030500944199439776,0.0005212507965936084,22,1.0,SEX,False,False
taiwan,ablation_without_engineered_features,lightgbm,26,893119,EDUCATION_4,0.029916740233043755,-0.000507990032674595,23,-1.0,EDUCATION,False,False
taiwan,ablation_without_engineered_features,lightgbm,26,893119,MARRIAGE_2,0.025150577705697428,-0.0019776121122016235,24,-1.0,MARRIAGE,False,False
taiwan,ablation_without_engineered_features,lightgbm,26,893119,MARRIAGE_1,0.01624698081446492,9.987954050710238e-05,25,1.0,MARRIAGE,False,False
taiwan,ablation_without_engineered_features,lightgbm,26,893119,EDUCATION_1,0.009525503529110352,0.0005601106564994408,26,1.0,EDUCATION,False,False
taiwan,ablation_without_engineered_features,lightgbm,26,893119,EDUCATION_3,0.0023870425479280387,-0.00017330789342949498,27,-1.0,EDUCATION,False,False
taiwan,ablation_without_engineered_features,lightgbm,26,893119,SEX_2,0.00203564594033256,-0.0001396448457508227,28,-1.0,SEX,False,False
taiwan,ablation_without_engineered_features,lightgbm,26,893119,MARRIAGE_3,0.0009213084341967583,9.999462792088893e-05,29,1.0,MARRIAGE,False,False
taiwan,ablation_without_engineered_features,lightgbm,27,438858,PAY_0,0.512214649784919,-0.05390094877810866,1,-1.0,PAY_0,True,True
taiwan,ablation_without_engineered_features,lightgbm,27,438858,LIMIT_BAL,0.24151815732842294,0.019205943582748214,2,1.0,LIMIT_BAL,True,True
taiwan,ablation_without_engineered_features,lightgbm,27,438858,BILL_AMT1,0.15558458695019464,0.007927259164588652,3,1.0,BILL_AMT1,True,True
taiwan,ablation_without_engineered_features,lightgbm,27,438858,PAY_AMT2,0.1394107792456684,-0.010570832055014296,4,-1.0,PAY_AMT2,True,True
taiwan,ablation_without_engineered_features,lightgbm,27,438858,PAY_AMT1,0.12339547021192959,0.002518759556497492,5,1.0,PAY_AMT1,True,True
taiwan,ablation_without_engineered_features,lightgbm,27,438858,PAY_AMT3,0.09712149946702471,-0.011886539291044418,6,-1.0,PAY_AMT3,False,True
taiwan,ablation_without_engineered_features,lightgbm,27,438858,PAY_2,0.07838266995438518,0.003938473078368918,7,1.0,PAY_2,False,True
taiwan,ablation_without_engineered_features,lightgbm,27,438858,PAY_3,0.07831437184215034,-0.0040692181576276664,8,-1.0,PAY_3,False,True
taiwan,ablation_without_engineered_features,lightgbm,27,438858,BILL_AMT4,0.06364843496677511,-0.008015436949090755,9,-1.0,BILL_AMT4,False,True
taiwan,ablation_without_engineered_features,lightgbm,27,438858,PAY_AMT6,0.060752217193850204,-0.0017267646021896226,10,-1.0,PAY_AMT6,False,True
taiwan,ablation_without_engineered_features,lightgbm,27,438858,PAY_AMT4,0.05802343907532823,-0.001356040311751662,11,-1.0,PAY_AMT4,False,False
taiwan,ablation_without_engineered_features,lightgbm,27,438858,BILL_AMT6,0.05454352470907921,-0.0033546065284322294,12,-1.0,BILL_AMT6,False,False
taiwan,ablation_without_engineered_features,lightgbm,27,438858,PAY_6,0.052806437255161626,0.0034135609178736637,13,1.0,PAY_6,False,False
taiwan,ablation_without_engineered_features,lightgbm,27,438858,PAY_5,0.050199396544724544,0.0002378298839151256,14,1.0,PAY_5,False,False
taiwan,ablation_without_engineered_features,lightgbm,27,438858,BILL_AMT3,0.04973457566930866,0.016023595731501104,15,1.0,BILL_AMT3,False,False
taiwan,ablation_without_engineered_features,lightgbm,27,438858,PAY_AMT5,0.04571638686174324,0.0020527252244583,16,1.0,PAY_AMT5,False,False
taiwan,ablation_without_engineered_features,lightgbm,27,438858,BILL_AMT5,0.04565427826737152,-0.009191718168273074,17,-1.0,BILL_AMT5,False,False
taiwan,ablation_without_engineered_features,lightgbm,27,438858,PAY_4,0.04520629027463576,0.012246939704023598,18,1.0,PAY_4,False,False
taiwan,ablation_without_engineered_features,lightgbm,27,438858,BILL_AMT2,0.04497708262887457,0.014266183521250357,19,1.0,BILL_AMT2,False,False
taiwan,ablation_without_engineered_features,lightgbm,27,438858,AGE,0.04016866248615348,0.0032447649725575686,20,1.0,AGE,False,False
taiwan,ablation_without_engineered_features,lightgbm,27,438858,EDUCATION_2,0.031094444623956826,-0.00019239440469713716,21,-1.0,EDUCATION,False,False
taiwan,ablation_without_engineered_features,lightgbm,27,438858,EDUCATION_4,0.02838946666347898,-0.0002382428041688165,22,-1.0,EDUCATION,False,False
taiwan,ablation_without_engineered_features,lightgbm,27,438858,SEX_1,0.024516581103793494,0.0002572100173097727,23,1.0,SEX,False,False
taiwan,ablation_without_engineered_features,lightgbm,27,438858,MARRIAGE_2,0.02163400927927572,-0.0011156605402620695,24,-1.0,MARRIAGE,False,False
taiwan,ablation_without_engineered_features,lightgbm,27,438858,MARRIAGE_1,0.016527463132962397,-3.950394477198726e-05,25,-1.0,MARRIAGE,False,False
taiwan,ablation_without_engineered_features,lightgbm,27,438858,EDUCATION_1,0.008552228773550627,0.00020623269353272055,26,1.0,EDUCATION,False,False
taiwan,ablation_without_engineered_features,lightgbm,27,438858,SEX_2,0.004362265450932858,-2.0125083208494234e-05,27,-1.0,SEX,False,False
taiwan,ablation_without_engineered_features,lightgbm,27,438858,EDUCATION_3,0.002439048317373567,-7.435735252814286e-05,28,-1.0,EDUCATION,False,False
taiwan,ablation_without_engineered_features,lightgbm,27,438858,MARRIAGE_3,0.0009166499882777643,4.7545192116552674e-05,29,1.0,MARRIAGE,False,False
taiwan,ablation_without_engineered_features,lightgbm,28,92135,PAY_0,0.5080125444074421,-0.050180875306501053,1,-1.0,PAY_0,True,True
taiwan,ablation_without_engineered_features,lightgbm,28,92135,LIMIT_BAL,0.24050320829110036,0.02104453523164027,2,1.0,LIMIT_BAL,True,True
taiwan,ablation_without_engineered_features,lightgbm,28,92135,BILL_AMT1,0.1610485040590203,0.005649196697105314,3,1.0,BILL_AMT1,True,True
taiwan,ablation_without_engineered_features,lightgbm,28,92135,PAY_AMT2,0.1303441505239917,-0.006850569052356898,4,-1.0,PAY_AMT2,True,True
taiwan,ablation_without_engineered_features,lightgbm,28,92135,PAY_AMT1,0.1262377175527968,0.0033813166206303684,5,1.0,PAY_AMT1,True,True
taiwan,ablation_without_engineered_features,lightgbm,28,92135,PAY_AMT3,0.09806057437147445,-0.016280567250698135,6,-1.0,PAY_AMT3,False,True
taiwan,ablation_without_engineered_features,lightgbm,28,92135,PAY_3,0.0805661522761514,-0.0063673000624058385,7,-1.0,PAY_3,False,True
taiwan,ablation_without_engineered_features,lightgbm,28,92135,PAY_2,0.07328032066340702,0.0060711193199836895,8,1.0,PAY_2,False,True
taiwan,ablation_without_engineered_features,lightgbm,28,92135,PAY_AMT6,0.06536712716494891,0.001060741198266728,9,1.0,PAY_AMT6,False,True
taiwan,ablation_without_engineered_features,lightgbm,28,92135,BILL_AMT4,0.05850827330748402,0.006275120329826967,10,1.0,BILL_AMT4,False,True
taiwan,ablation_without_engineered_features,lightgbm,28,92135,PAY_6,0.05660429958110842,0.0010700057131766878,11,1.0,PAY_6,False,False
taiwan,ablation_without_engineered_features,lightgbm,28,92135,PAY_AMT4,0.05614438359112629,-0.0014158974639395332,12,-1.0,PAY_AMT4,False,False
taiwan,ablation_without_engineered_features,lightgbm,28,92135,PAY_5,0.05561182641667228,-0.0030641480957148055,13,-1.0,PAY_5,False,False
taiwan,ablation_without_engineered_features,lightgbm,28,92135,BILL_AMT6,0.054332004184608367,0.006867871314492492,14,1.0,BILL_AMT6,False,False
taiwan,ablation_without_engineered_features,lightgbm,28,92135,BILL_AMT3,0.05051369244457281,0.006593860211582883,15,1.0,BILL_AMT3,False,False
taiwan,ablation_without_engineered_features,lightgbm,28,92135,PAY_AMT5,0.04642413744051875,0.0024610169492439936,16,1.0,PAY_AMT5,False,False
taiwan,ablation_without_engineered_features,lightgbm,28,92135,BILL_AMT2,0.04345446541921828,0.0009732832816413981,17,1.0,BILL_AMT2,False,False
taiwan,ablation_without_engineered_features,lightgbm,28,92135,PAY_4,0.043309309821230005,0.012555990045034068,18,1.0,PAY_4,False,False
taiwan,ablation_without_engineered_features,lightgbm,28,92135,BILL_AMT5,0.04102588883076811,-0.01053049458620143,19,-1.0,BILL_AMT5,False,False
taiwan,ablation_without_engineered_features,lightgbm,28,92135,AGE,0.03844285702790411,0.002845225769302232,20,1.0,AGE,False,False
taiwan,ablation_without_engineered_features,lightgbm,28,92135,MARRIAGE_2,0.031446259637113616,-0.0006151936930864549,21,-1.0,MARRIAGE,False,False
taiwan,ablation_without_engineered_features,lightgbm,28,92135,EDUCATION_4,0.02936080888075154,-0.0004927928283570249,22,-1.0,EDUCATION,False,False
taiwan,ablation_without_engineered_features,lightgbm,28,92135,EDUCATION_2,0.02916758845749448,0.0003211208362194416,23,1.0,EDUCATION,False,False
taiwan,ablation_without_engineered_features,lightgbm,28,92135,SEX_1,0.024230879909933268,9.34602831789921e-05,24,1.0,SEX,False,False
taiwan,ablation_without_engineered_features,lightgbm,28,92135,MARRIAGE_1,0.01219020086112345,0.0005204797657584598,25,1.0,MARRIAGE,False,False
taiwan,ablation_without_engineered_features,lightgbm,28,92135,EDUCATION_1,0.010441712975455191,0.00022871095387425378,26,1.0,EDUCATION,False,False
taiwan,ablation_without_engineered_features,lightgbm,28,92135,SEX_2,0.005604315217060026,1.0322455235622401e-05,27,1.0,SEX,False,False
taiwan,ablation_without_engineered_features,lightgbm,28,92135,EDUCATION_3,0.0020562627993263856,-0.00014590493460609762,28,-1.0,EDUCATION,False,False
taiwan,ablation_without_engineered_features,lightgbm,28,92135,MARRIAGE_3,0.0008179854951034971,1.976426612545994e-05,29,1.0,MARRIAGE,False,False
taiwan,ablation_without_engineered_features,lightgbm,29,858560,PAY_0,0.4963718744697792,-0.05035534068185704,1,-1.0,PAY_0,True,True
taiwan,ablation_without_engineered_features,lightgbm,29,858560,LIMIT_BAL,0.2425513541467221,0.023124144305794115,2,1.0,LIMIT_BAL,True,True
taiwan,ablation_without_engineered_features,lightgbm,29,858560,BILL_AMT1,0.15705965226105773,-0.0044002540112317865,3,-1.0,BILL_AMT1,True,True
taiwan,ablation_without_engineered_features,lightgbm,29,858560,PAY_AMT2,0.13647107632785713,0.0013077136467496194,4,1.0,PAY_AMT2,True,True
taiwan,ablation_without_engineered_features,lightgbm,29,858560,PAY_AMT1,0.119779493378459,0.0029199400342796752,5,1.0,PAY_AMT1,True,True
taiwan,ablation_without_engineered_features,lightgbm,29,858560,PAY_AMT3,0.1016814968249994,-0.014032697778996019,6,-1.0,PAY_AMT3,False,True
taiwan,ablation_without_engineered_features,lightgbm,29,858560,PAY_2,0.09214307482689305,4.641839153386317e-05,7,1.0,PAY_2,False,True
taiwan,ablation_without_engineered_features,lightgbm,29,858560,PAY_3,0.07156294643003402,-0.004639087354537938,8,-1.0,PAY_3,False,True
taiwan,ablation_without_engineered_features,lightgbm,29,858560,BILL_AMT4,0.06323298637507228,0.003431538096922648,9,1.0,BILL_AMT4,False,True
taiwan,ablation_without_engineered_features,lightgbm,29,858560,BILL_AMT6,0.06243024726868048,0.0024230838817253107,10,1.0,BILL_AMT6,False,True
taiwan,ablation_without_engineered_features,lightgbm,29,858560,PAY_AMT6,0.06146940649416291,0.0034409835995593344,11,1.0,PAY_AMT6,False,False
taiwan,ablation_without_engineered_features,lightgbm,29,858560,PAY_AMT4,0.05889265932776841,-0.0028317424181780494,12,-1.0,PAY_AMT4,False,False
taiwan,ablation_without_engineered_features,lightgbm,29,858560,PAY_5,0.05411415897713858,-0.002880596865483566,13,-1.0,PAY_5,False,False
taiwan,ablation_without_engineered_features,lightgbm,29,858560,PAY_6,0.053266082793387834,0.001601489749570162,14,1.0,PAY_6,False,False
taiwan,ablation_without_engineered_features,lightgbm,29,858560,BILL_AMT3,0.05279127729468761,0.007104179566791702,15,1.0,BILL_AMT3,False,False
taiwan,ablation_without_engineered_features,lightgbm,29,858560,PAY_4,0.050105073278256036,0.014330914175689899,16,1.0,PAY_4,False,False
taiwan,ablation_without_engineered_features,lightgbm,29,858560,BILL_AMT5,0.049780918561039326,-0.012012118193464282,17,-1.0,BILL_AMT5,False,False
taiwan,ablation_without_engineered_features,lightgbm,29,858560,BILL_AMT2,0.04809751944189702,0.004529573657224304,18,1.0,BILL_AMT2,False,False
taiwan,ablation_without_engineered_features,lightgbm,29,858560,PAY_AMT5,0.04692260366967517,0.006367959210465423,19,1.0,PAY_AMT5,False,False
taiwan,ablation_without_engineered_features,lightgbm,29,858560,AGE,0.03952878068624737,0.001871275750961782,20,1.0,AGE,False,False
taiwan,ablation_without_engineered_features,lightgbm,29,858560,EDUCATION_2,0.030859170241112135,-0.00024432871529489735,21,-1.0,EDUCATION,False,False
taiwan,ablation_without_engineered_features,lightgbm,29,858560,EDUCATION_4,0.029978085028814945,-0.0003304877368212038,22,-1.0,EDUCATION,False,False
taiwan,ablation_without_engineered_features,lightgbm,29,858560,SEX_1,0.025285297456497016,0.0003300847494025145,23,1.0,SEX,False,False
taiwan,ablation_without_engineered_features,lightgbm,29,858560,MARRIAGE_1,0.021347941096641128,-8.741540217031486e-05,24,-1.0,MARRIAGE,False,False
taiwan,ablation_without_engineered_features,lightgbm,29,858560,MARRIAGE_2,0.01931095230579085,-0.000631998353793665,25,-1.0,MARRIAGE,False,False
taiwan,ablation_without_engineered_features,lightgbm,29,858560,EDUCATION_1,0.010602502799164535,0.0004360298409541514,26,1.0,EDUCATION,False,False
taiwan,ablation_without_engineered_features,lightgbm,29,858560,SEX_2,0.004276533980062238,-4.096405399663464e-05,27,-1.0,SEX,False,False
taiwan,ablation_without_engineered_features,lightgbm,29,858560,EDUCATION_3,0.002012552697428642,-5.4381829656339235e-05,28,-1.0,EDUCATION,False,False
taiwan,ablation_without_engineered_features,lightgbm,29,858560,MARRIAGE_3,0.0010929296201389136,4.775934391772732e-05,29,1.0,MARRIAGE,False,False
taiwan,ablation_without_engineered_features,lightgbm,30,926740,PAY_0,0.5063091191216699,-0.05245960275213169,1,-1.0,PAY_0,True,True
taiwan,ablation_without_engineered_features,lightgbm,30,926740,LIMIT_BAL,0.23782672610601488,0.022997687608550373,2,1.0,LIMIT_BAL,True,True
taiwan,ablation_without_engineered_features,lightgbm,30,926740,BILL_AMT1,0.1573596078708783,0.006250951205208422,3,1.0,BILL_AMT1,True,True
taiwan,ablation_without_engineered_features,lightgbm,30,926740,PAY_AMT2,0.13958816038126512,-0.0034433100002060333,4,-1.0,PAY_AMT2,True,True
taiwan,ablation_without_engineered_features,lightgbm,30,926740,PAY_AMT1,0.12304337050681846,-0.0010303605948062183,5,-1.0,PAY_AMT1,True,True
taiwan,ablation_without_engineered_features,lightgbm,30,926740,PAY_AMT3,0.09597059787206802,-0.016266648023110643,6,-1.0,PAY_AMT3,False,True
taiwan,ablation_without_engineered_features,lightgbm,30,926740,PAY_2,0.07679913098805413,0.008054337007255146,7,1.0,PAY_2,False,True
taiwan,ablation_without_engineered_features,lightgbm,30,926740,PAY_3,0.07633571503732313,-0.004802133810127732,8,-1.0,PAY_3,False,True
taiwan,ablation_without_engineered_features,lightgbm,30,926740,PAY_AMT6,0.06371596325898787,0.003527636580137504,9,1.0,PAY_AMT6,False,True
taiwan,ablation_without_engineered_features,lightgbm,30,926740,BILL_AMT3,0.061760315218054924,0.009579524881138666,10,1.0,BILL_AMT3,False,True
taiwan,ablation_without_engineered_features,lightgbm,30,926740,PAY_AMT4,0.0605848323633843,-0.0010228346908008434,11,-1.0,PAY_AMT4,False,False
taiwan,ablation_without_engineered_features,lightgbm,30,926740,BILL_AMT6,0.056139216200749756,0.003519888015435642,12,1.0,BILL_AMT6,False,False
taiwan,ablation_without_engineered_features,lightgbm,30,926740,PAY_5,0.054032007231616434,-0.0024817813138816335,13,-1.0,PAY_5,False,False
taiwan,ablation_without_engineered_features,lightgbm,30,926740,PAY_6,0.052111080637151426,0.0014219874059682154,14,1.0,PAY_6,False,False
taiwan,ablation_without_engineered_features,lightgbm,30,926740,BILL_AMT4,0.05192142956114599,0.0010927461823735571,15,1.0,BILL_AMT4,False,False
taiwan,ablation_without_engineered_features,lightgbm,30,926740,PAY_4,0.04826048265163388,0.012909757105358318,16,1.0,PAY_4,False,False
taiwan,ablation_without_engineered_features,lightgbm,30,926740,BILL_AMT2,0.044566745941810426,0.002899345687730456,17,1.0,BILL_AMT2,False,False
taiwan,ablation_without_engineered_features,lightgbm,30,926740,BILL_AMT5,0.04363311440257633,-0.011871850516519906,18,-1.0,BILL_AMT5,False,False
taiwan,ablation_without_engineered_features,lightgbm,30,926740,PAY_AMT5,0.042862825213594156,-0.0025711261811734265,19,-1.0,PAY_AMT5,False,False
taiwan,ablation_without_engineered_features,lightgbm,30,926740,AGE,0.03815817416579479,0.003109276677685798,20,1.0,AGE,False,False
taiwan,ablation_without_engineered_features,lightgbm,30,926740,EDUCATION_2,0.029756634335748974,9.566540338995725e-05,21,1.0,EDUCATION,False,False
taiwan,ablation_without_engineered_features,lightgbm,30,926740,EDUCATION_4,0.029254613168888204,-0.0003766443347342683,22,-1.0,EDUCATION,False,False
taiwan,ablation_without_engineered_features,lightgbm,30,926740,MARRIAGE_2,0.026437399408516783,-0.0004692187838337815,23,-1.0,MARRIAGE,False,False
taiwan,ablation_without_engineered_features,lightgbm,30,926740,SEX_1,0.024238505865662674,-5.5159994910617e-05,24,-1.0,SEX,False,False
taiwan,ablation_without_engineered_features,lightgbm,30,926740,MARRIAGE_1,0.018396617356230268,0.00022297181786196116,25,1.0,MARRIAGE,False,False
taiwan,ablation_without_engineered_features,lightgbm,30,926740,EDUCATION_1,0.011524359230568465,5.318244913225012e-05,26,1.0,EDUCATION,False,False
taiwan,ablation_without_engineered_features,lightgbm,30,926740,SEX_2,0.005235281881217812,-6.302522540176493e-05,27,-1.0,SEX,False,False
taiwan,ablation_without_engineered_features,lightgbm,30,926740,EDUCATION_3,0.0030391571414871083,0.0001404670834235355,28,1.0,EDUCATION,False,False
taiwan,ablation_without_engineered_features,lightgbm,30,926740,MARRIAGE_3,0.0014109957534215894,2.9351407136526384e-05,29,1.0,MARRIAGE,False,False
taiwan,ablation_without_engineered_features,lightgbm,31,631658,PAY_0,0.49209733326723404,-0.0484589093922013,1,-1.0,PAY_0,True,True
taiwan,ablation_without_engineered_features,lightgbm,31,631658,LIMIT_BAL,0.23229529859506212,0.016700972746908974,2,1.0,LIMIT_BAL,True,True
taiwan,ablation_without_engineered_features,lightgbm,31,631658,BILL_AMT1,0.16095756371570663,0.00393596419798007,3,1.0,BILL_AMT1,True,True
taiwan,ablation_without_engineered_features,lightgbm,31,631658,PAY_AMT2,0.14181843122746768,0.0011088267030849993,4,1.0,PAY_AMT2,True,True
taiwan,ablation_without_engineered_features,lightgbm,31,631658,PAY_AMT1,0.12246040996700193,0.0022250048309860166,5,1.0,PAY_AMT1,True,True
taiwan,ablation_without_engineered_features,lightgbm,31,631658,PAY_AMT3,0.09394279020550596,-0.01068768732551181,6,-1.0,PAY_AMT3,False,True
taiwan,ablation_without_engineered_features,lightgbm,31,631658,PAY_2,0.0898745302325666,-0.0011509391857677128,7,-1.0,PAY_2,False,True
taiwan,ablation_without_engineered_features,lightgbm,31,631658,PAY_3,0.07540330001960743,-0.005955513425267448,8,-1.0,PAY_3,False,True
taiwan,ablation_without_engineered_features,lightgbm,31,631658,PAY_AMT6,0.06690078098428497,0.00025466608730018424,9,1.0,PAY_AMT6,False,True
taiwan,ablation_without_engineered_features,lightgbm,31,631658,PAY_AMT4,0.06166490224790031,0.0012886982729750419,10,1.0,PAY_AMT4,False,True
taiwan,ablation_without_engineered_features,lightgbm,31,631658,BILL_AMT3,0.05681163220024219,0.00740965361800376,11,1.0,BILL_AMT3,False,False
taiwan,ablation_without_engineered_features,lightgbm,31,631658,BILL_AMT6,0.05637752384575082,0.0008229480970102275,12,1.0,BILL_AMT6,False,False
taiwan,ablation_without_engineered_features,lightgbm,31,631658,BILL_AMT4,0.05505013435533486,0.007948522631812654,13,1.0,BILL_AMT4,False,False
taiwan,ablation_without_engineered_features,lightgbm,31,631658,PAY_5,0.05271999964870852,-0.0025253583094369918,14,-1.0,PAY_5,False,False
taiwan,ablation_without_engineered_features,lightgbm,31,631658,PAY_6,0.05115623242141832,0.00040794258336131504,15,1.0,PAY_6,False,False
taiwan,ablation_without_engineered_features,lightgbm,31,631658,PAY_4,0.049640508229478984,0.012686540608640766,16,1.0,PAY_4,False,False
taiwan,ablation_without_engineered_features,lightgbm,31,631658,BILL_AMT5,0.046233367564535666,-0.012989934295799086,17,-1.0,BILL_AMT5,False,False
taiwan,ablation_without_engineered_features,lightgbm,31,631658,BILL_AMT2,0.0436858073700232,-0.0007380082603125385,18,-1.0,BILL_AMT2,False,False
taiwan,ablation_without_engineered_features,lightgbm,31,631658,PAY_AMT5,0.042480261730109575,0.004198983299580612,19,1.0,PAY_AMT5,False,False
taiwan,ablation_without_engineered_features,lightgbm,31,631658,AGE,0.04159942992818101,0.0035056568441790966,20,1.0,AGE,False,False
taiwan,ablation_without_engineered_features,lightgbm,31,631658,EDUCATION_2,0.030076896929876203,0.00012678396105192402,21,1.0,EDUCATION,False,False
taiwan,ablation_without_engineered_features,lightgbm,31,631658,EDUCATION_4,0.029233126123517295,-0.00023877573537324723,22,-1.0,EDUCATION,False,False
taiwan,ablation_without_engineered_features,lightgbm,31,631658,SEX_1,0.0227339523486628,-0.00019543341433000245,23,-1.0,SEX,False,False
taiwan,ablation_without_engineered_features,lightgbm,31,631658,MARRIAGE_1,0.01987513613175716,0.0004499408137958456,24,1.0,MARRIAGE,False,False
taiwan,ablation_without_engineered_features,lightgbm,31,631658,MARRIAGE_2,0.018161877987564263,-0.0019689784417968943,25,-1.0,MARRIAGE,False,False
taiwan,ablation_without_engineered_features,lightgbm,31,631658,EDUCATION_1,0.010542158104681221,0.0003055170766486129,26,1.0,EDUCATION,False,False
taiwan,ablation_without_engineered_features,lightgbm,31,631658,SEX_2,0.0050427639683824676,-8.573272615865567e-05,27,-1.0,SEX,False,False
taiwan,ablation_without_engineered_features,lightgbm,31,631658,EDUCATION_3,0.0019463444291120458,-0.0001284163708907987,28,-1.0,EDUCATION,False,False
taiwan,ablation_without_engineered_features,lightgbm,31,631658,MARRIAGE_3,0.0008849443917245954,7.188502067504949e-05,29,1.0,MARRIAGE,False,False
taiwan,ablation_without_engineered_features,lightgbm,32,654541,PAY_0,0.5085540137329041,-0.054206695005288415,1,-1.0,PAY_0,True,True
taiwan,ablation_without_engineered_features,lightgbm,32,654541,LIMIT_BAL,0.24059301050666546,0.01451415194522381,2,1.0,LIMIT_BAL,True,True
taiwan,ablation_without_engineered_features,lightgbm,32,654541,BILL_AMT1,0.1621432419013982,-0.003939533240417013,3,-1.0,BILL_AMT1,True,True
taiwan,ablation_without_engineered_features,lightgbm,32,654541,PAY_AMT2,0.14097682481194143,-0.004972580399590821,4,-1.0,PAY_AMT2,True,True
taiwan,ablation_without_engineered_features,lightgbm,32,654541,PAY_AMT1,0.1274760197506153,0.004135811985480417,5,1.0,PAY_AMT1,True,True
taiwan,ablation_without_engineered_features,lightgbm,32,654541,PAY_AMT3,0.098374958361527,-0.0166015333514117,6,-1.0,PAY_AMT3,False,True
taiwan,ablation_without_engineered_features,lightgbm,32,654541,PAY_3,0.07925132526151449,-0.006549355867905229,7,-1.0,PAY_3,False,True
taiwan,ablation_without_engineered_features,lightgbm,32,654541,PAY_2,0.07788687854164014,-0.0008171955436574792,8,-1.0,PAY_2,False,True
taiwan,ablation_without_engineered_features,lightgbm,32,654541,PAY_AMT6,0.06478506450285892,0.0023834098575421054,9,1.0,PAY_AMT6,False,True
taiwan,ablation_without_engineered_features,lightgbm,32,654541,PAY_AMT4,0.05641245946852311,0.0011652850396257162,10,1.0,PAY_AMT4,False,True
taiwan,ablation_without_engineered_features,lightgbm,32,654541,BILL_AMT6,0.05619098298969011,0.004950198736913701,11,1.0,BILL_AMT6,False,False
taiwan,ablation_without_engineered_features,lightgbm,32,654541,BILL_AMT3,0.05612655879266161,0.011955739863919781,12,1.0,BILL_AMT3,False,False
taiwan,ablation_without_engineered_features,lightgbm,32,654541,BILL_AMT4,0.05466339044482288,0.010736769175026188,13,1.0,BILL_AMT4,False,False
taiwan,ablation_without_engineered_features,lightgbm,32,654541,PAY_6,0.05364802857310349,0.0006709335730462796,14,1.0,PAY_6,False,False
taiwan,ablation_without_engineered_features,lightgbm,32,654541,PAY_5,0.05351547345550744,0.0005693876380024228,15,1.0,PAY_5,False,False
taiwan,ablation_without_engineered_features,lightgbm,32,654541,BILL_AMT2,0.04681337840687833,0.005199153772345248,16,1.0,BILL_AMT2,False,False
taiwan,ablation_without_engineered_features,lightgbm,32,654541,PAY_AMT5,0.04527485626411269,0.0032369725761410414,17,1.0,PAY_AMT5,False,False
taiwan,ablation_without_engineered_features,lightgbm,32,654541,PAY_4,0.04465765902028641,0.01231893294704084,18,1.0,PAY_4,False,False
taiwan,ablation_without_engineered_features,lightgbm,32,654541,BILL_AMT5,0.04430480855376004,-0.00972914031796196,19,-1.0,BILL_AMT5,False,False
taiwan,ablation_without_engineered_features,lightgbm,32,654541,AGE,0.03883978242318616,0.0015400770877562276,20,1.0,AGE,False,False
taiwan,ablation_without_engineered_features,lightgbm,32,654541,EDUCATION_2,0.03369101329127147,-1.7461269736416916e-05,21,-1.0,EDUCATION,False,False
taiwan,ablation_without_engineered_features,lightgbm,32,654541,EDUCATION_4,0.027841898774553522,-0.000479384389015228,22,-1.0,EDUCATION,False,False
taiwan,ablation_without_engineered_features,lightgbm,32,654541,SEX_1,0.024009736647960623,0.0003399587685691555,23,1.0,SEX,False,False
taiwan,ablation_without_engineered_features,lightgbm,32,654541,MARRIAGE_2,0.022890001945698533,-0.00011003713230030437,24,-1.0,MARRIAGE,False,False
taiwan,ablation_without_engineered_features,lightgbm,32,654541,MARRIAGE_1,0.015166742543676634,0.0007000371230566042,25,1.0,MARRIAGE,False,False
taiwan,ablation_without_engineered_features,lightgbm,32,654541,EDUCATION_1,0.007665449019472904,0.00042039601263107307,26,1.0,EDUCATION,False,False
taiwan,ablation_without_engineered_features,lightgbm,32,654541,SEX_2,0.006268207866679385,6.050090271932388e-05,27,1.0,SEX,False,False
taiwan,ablation_without_engineered_features,lightgbm,32,654541,EDUCATION_3,0.00255901836654067,-0.00023316986366739065,28,-1.0,EDUCATION,False,False
taiwan,ablation_without_engineered_features,lightgbm,32,654541,MARRIAGE_3,0.001247451626326258,0.00010350214644545808,29,1.0,MARRIAGE,False,False
taiwan,ablation_without_engineered_features,lightgbm,33,735725,PAY_0,0.48641570698991093,-0.050241570643635734,1,-1.0,PAY_0,True,True
taiwan,ablation_without_engineered_features,lightgbm,33,735725,LIMIT_BAL,0.24819092102345974,0.020220889739353896,2,1.0,LIMIT_BAL,True,True
taiwan,ablation_without_engineered_features,lightgbm,33,735725,BILL_AMT1,0.15669232771546954,0.011440800915680517,3,1.0,BILL_AMT1,True,True
taiwan,ablation_without_engineered_features,lightgbm,33,735725,PAY_AMT2,0.13440691922857226,-0.0027928456496145522,4,-1.0,PAY_AMT2,True,True
taiwan,ablation_without_engineered_features,lightgbm,33,735725,PAY_AMT1,0.10921143135678896,0.0040528501050185696,5,1.0,PAY_AMT1,True,True
taiwan,ablation_without_engineered_features,lightgbm,33,735725,PAY_2,0.09952435664028701,0.0020918873445828147,6,1.0,PAY_2,False,True
taiwan,ablation_without_engineered_features,lightgbm,33,735725,PAY_AMT3,0.09746775739184357,-0.012299649713998566,7,-1.0,PAY_AMT3,False,True
taiwan,ablation_without_engineered_features,lightgbm,33,735725,PAY_3,0.07101114823507536,-0.005274034948408264,8,-1.0,PAY_3,False,True
taiwan,ablation_without_engineered_features,lightgbm,33,735725,PAY_AMT4,0.0693456489371002,0.002018105158867672,9,1.0,PAY_AMT4,False,True
taiwan,ablation_without_engineered_features,lightgbm,33,735725,PAY_AMT6,0.06684098591527443,0.00276677063504913,10,1.0,PAY_AMT6,False,True
taiwan,ablation_without_engineered_features,lightgbm,33,735725,BILL_AMT6,0.05901961977381281,-0.006526868378615967,11,-1.0,BILL_AMT6,False,False
taiwan,ablation_without_engineered_features,lightgbm,33,735725,BILL_AMT4,0.05763066642707842,0.0013114304260059078,12,1.0,BILL_AMT4,False,False
taiwan,ablation_without_engineered_features,lightgbm,33,735725,PAY_5,0.05568888241678306,-0.003545686521244446,13,-1.0,PAY_5,False,False
taiwan,ablation_without_engineered_features,lightgbm,33,735725,PAY_6,0.051575096033182714,0.00198158923526525,14,1.0,PAY_6,False,False
taiwan,ablation_without_engineered_features,lightgbm,33,735725,BILL_AMT2,0.04966810985557465,-0.0024462890770606586,15,-1.0,BILL_AMT2,False,False
taiwan,ablation_without_engineered_features,lightgbm,33,735725,BILL_AMT3,0.04936738293435097,0.006098675604320135,16,1.0,BILL_AMT3,False,False
taiwan,ablation_without_engineered_features,lightgbm,33,735725,PAY_AMT5,0.048876458723671315,0.005159452840107322,17,1.0,PAY_AMT5,False,False
taiwan,ablation_without_engineered_features,lightgbm,33,735725,PAY_4,0.04767691260125978,0.012669994332751464,18,1.0,PAY_4,False,False
taiwan,ablation_without_engineered_features,lightgbm,33,735725,BILL_AMT5,0.04398057949204118,-0.009701880443769904,19,-1.0,BILL_AMT5,False,False
taiwan,ablation_without_engineered_features,lightgbm,33,735725,AGE,0.03794282223094931,0.00225759871477631,20,1.0,AGE,False,False
taiwan,ablation_without_engineered_features,lightgbm,33,735725,EDUCATION_2,0.031129038633417424,0.00038527369891532936,21,1.0,EDUCATION,False,False
taiwan,ablation_without_engineered_features,lightgbm,33,735725,EDUCATION_4,0.0282986352505672,-0.00033766474583008736,22,-1.0,EDUCATION,False,False
taiwan,ablation_without_engineered_features,lightgbm,33,735725,SEX_1,0.023603613093046268,0.0006157378051389437,23,1.0,SEX,False,False
taiwan,ablation_without_engineered_features,lightgbm,33,735725,MARRIAGE_1,0.0232252726934714,0.00031076235585938934,24,1.0,MARRIAGE,False,False
taiwan,ablation_without_engineered_features,lightgbm,33,735725,MARRIAGE_2,0.013710533107770031,-0.001034602639020704,25,-1.0,MARRIAGE,False,False
taiwan,ablation_without_engineered_features,lightgbm,33,735725,EDUCATION_1,0.010100719585898513,0.0010963661657447128,26,1.0,EDUCATION,False,False
taiwan,ablation_without_engineered_features,lightgbm,33,735725,SEX_2,0.005569059539173089,-5.943503118212882e-05,27,-1.0,SEX,False,False
taiwan,ablation_without_engineered_features,lightgbm,33,735725,EDUCATION_3,0.0029288185199480457,-0.00029199464636060296,28,-1.0,EDUCATION,False,False
taiwan,ablation_without_engineered_features,lightgbm,33,735725,MARRIAGE_3,0.0010581405150177634,4.86682006823272e-05,29,1.0,MARRIAGE,False,False
taiwan,ablation_without_engineered_features,lightgbm,34,450451,PAY_0,0.4626853125422903,-0.0456867863401373,1,-1.0,PAY_0,True,True
taiwan,ablation_without_engineered_features,lightgbm,34,450451,LIMIT_BAL,0.23814449518765415,0.025068984016672916,2,1.0,LIMIT_BAL,True,True
taiwan,ablation_without_engineered_features,lightgbm,34,450451,BILL_AMT1,0.16452030129940182,0.015487891863037681,3,1.0,BILL_AMT1,True,True
taiwan,ablation_without_engineered_features,lightgbm,34,450451,PAY_AMT2,0.1338678650432542,0.0011511317361792167,4,1.0,PAY_AMT2,True,True
taiwan,ablation_without_engineered_features,lightgbm,34,450451,PAY_AMT1,0.12224123099596303,0.002192244394812651,5,1.0,PAY_AMT1,True,True
taiwan,ablation_without_engineered_features,lightgbm,34,450451,PAY_2,0.11227108762041568,0.0013289854796796996,6,1.0,PAY_2,False,True
taiwan,ablation_without_engineered_features,lightgbm,34,450451,PAY_AMT3,0.0963867861629586,-0.013744301104168638,7,-1.0,PAY_AMT3,False,True
taiwan,ablation_without_engineered_features,lightgbm,34,450451,PAY_3,0.07819247701799188,-0.00802131847257461,8,-1.0,PAY_3,False,True
taiwan,ablation_without_engineered_features,lightgbm,34,450451,PAY_AMT4,0.06867934955155336,-0.0007898259474800923,9,-1.0,PAY_AMT4,False,True
taiwan,ablation_without_engineered_features,lightgbm,34,450451,PAY_AMT6,0.06633008133246264,0.005418119106444629,10,1.0,PAY_AMT6,False,True
taiwan,ablation_without_engineered_features,lightgbm,34,450451,BILL_AMT4,0.061152449083315324,-0.00030225344479226313,11,-1.0,BILL_AMT4,False,False
taiwan,ablation_without_engineered_features,lightgbm,34,450451,BILL_AMT6,0.06093419493804547,-0.00500017868716167,12,-1.0,BILL_AMT6,False,False
taiwan,ablation_without_engineered_features,lightgbm,34,450451,BILL_AMT3,0.055988895763759546,-0.007415369278157854,13,-1.0,BILL_AMT3,False,False
taiwan,ablation_without_engineered_features,lightgbm,34,450451,PAY_6,0.050894686647879335,0.002226036606823382,14,1.0,PAY_6,False,False
taiwan,ablation_without_engineered_features,lightgbm,34,450451,PAY_4,0.049230569870930746,0.011310025760250014,15,1.0,PAY_4,False,False
taiwan,ablation_without_engineered_features,lightgbm,34,450451,PAY_5,0.04913101996416782,-0.002696046614920304,16,-1.0,PAY_5,False,False
taiwan,ablation_without_engineered_features,lightgbm,34,450451,BILL_AMT5,0.04738624614130468,-0.010057343508494403,17,-1.0,BILL_AMT5,False,False
taiwan,ablation_without_engineered_features,lightgbm,34,450451,PAY_AMT5,0.04652703196435595,0.00029208036716438983,18,1.0,PAY_AMT5,False,False
taiwan,ablation_without_engineered_features,lightgbm,34,450451,BILL_AMT2,0.0422928062765556,0.006391192796199943,19,1.0,BILL_AMT2,False,False
taiwan,ablation_without_engineered_features,lightgbm,34,450451,AGE,0.03918952213625023,0.003983762301335719,20,1.0,AGE,False,False
taiwan,ablation_without_engineered_features,lightgbm,34,450451,EDUCATION_2,0.033259428145256995,-1.1832062262375095e-05,21,-1.0,EDUCATION,False,False
taiwan,ablation_without_engineered_features,lightgbm,34,450451,EDUCATION_4,0.029462016173818335,-0.0005604998747853125,22,-1.0,EDUCATION,False,False
taiwan,ablation_without_engineered_features,lightgbm,34,450451,SEX_1,0.025502586471183426,0.0005438139138137354,23,1.0,SEX,False,False
taiwan,ablation_without_engineered_features,lightgbm,34,450451,MARRIAGE_2,0.01962107226020554,-0.001417579416430233,24,-1.0,MARRIAGE,False,False
taiwan,ablation_without_engineered_features,lightgbm,34,450451,MARRIAGE_1,0.018025015670637454,0.00040039538833839313,25,1.0,MARRIAGE,False,False
taiwan,ablation_without_engineered_features,lightgbm,34,450451,EDUCATION_1,0.009311264564760724,0.00010552710679341139,26,1.0,EDUCATION,False,False
taiwan,ablation_without_engineered_features,lightgbm,34,450451,SEX_2,0.003102412023673698,-0.0001234020236891531,27,-1.0,SEX,False,False
taiwan,ablation_without_engineered_features,lightgbm,34,450451,EDUCATION_3,0.0028897023238946004,-6.538717135156609e-05,28,-1.0,EDUCATION,False,False
taiwan,ablation_without_engineered_features,lightgbm,34,450451,MARRIAGE_3,0.000888934819885921,7.729298628949969e-05,29,1.0,MARRIAGE,False,False
taiwan,ablation_without_engineered_features,lightgbm,35,975585,PAY_0,0.4751479737681848,-0.05140822189495155,1,-1.0,PAY_0,True,True
taiwan,ablation_without_engineered_features,lightgbm,35,975585,LIMIT_BAL,0.23413299962855297,0.02336692672707134,2,1.0,LIMIT_BAL,True,True
taiwan,ablation_without_engineered_features,lightgbm,35,975585,BILL_AMT1,0.1524696598240898,0.014660475735279017,3,1.0,BILL_AMT1,True,True
taiwan,ablation_without_engineered_features,lightgbm,35,975585,PAY_AMT2,0.13363112627689433,-0.0011642537752252693,4,-1.0,PAY_AMT2,True,True
taiwan,ablation_without_engineered_features,lightgbm,35,975585,PAY_AMT1,0.1131524257334955,-0.0011336878340485583,5,-1.0,PAY_AMT1,True,True
taiwan,ablation_without_engineered_features,lightgbm,35,975585,PAY_2,0.10819475529625688,0.003727899647560187,6,1.0,PAY_2,False,True
taiwan,ablation_without_engineered_features,lightgbm,35,975585,PAY_AMT3,0.10090243609991593,-0.01650212400916804,7,-1.0,PAY_AMT3,False,True
taiwan,ablation_without_engineered_features,lightgbm,35,975585,PAY_3,0.07189835112635622,-0.002318935922192053,8,-1.0,PAY_3,False,True
taiwan,ablation_without_engineered_features,lightgbm,35,975585,PAY_AMT4,0.06713847607890723,-0.004590213934790334,9,-1.0,PAY_AMT4,False,True
taiwan,ablation_without_engineered_features,lightgbm,35,975585,PAY_AMT6,0.06396765306452835,0.0033105010133896,10,1.0,PAY_AMT6,False,True
taiwan,ablation_without_engineered_features,lightgbm,35,975585,BILL_AMT6,0.06239510136510639,-0.007517874163686332,11,-1.0,BILL_AMT6,False,False
taiwan,ablation_without_engineered_features,lightgbm,35,975585,BILL_AMT4,0.053900356834067714,0.000722170713416577,12,1.0,BILL_AMT4,False,False
taiwan,ablation_without_engineered_features,lightgbm,35,975585,PAY_6,0.05269372233392283,0.002621209490340393,13,1.0,PAY_6,False,False
taiwan,ablation_without_engineered_features,lightgbm,35,975585,BILL_AMT3,0.052038696403483575,0.004925668815603348,14,1.0,BILL_AMT3,False,False
taiwan,ablation_without_engineered_features,lightgbm,35,975585,PAY_5,0.050606634751158966,-0.001175220820678249,15,-1.0,PAY_5,False,False
taiwan,ablation_without_engineered_features,lightgbm,35,975585,BILL_AMT5,0.04718166282565637,-0.00012380542070998947,16,-1.0,BILL_AMT5,False,False
taiwan,ablation_without_engineered_features,lightgbm,35,975585,PAY_4,0.046786600798360986,0.011100544656617148,17,1.0,PAY_4,False,False
taiwan,ablation_without_engineered_features,lightgbm,35,975585,PAY_AMT5,0.04662666682051824,-0.0016818749657939991,18,-1.0,PAY_AMT5,False,False
taiwan,ablation_without_engineered_features,lightgbm,35,975585,BILL_AMT2,0.04436573970839522,0.0019237173833242661,19,1.0,BILL_AMT2,False,False
taiwan,ablation_without_engineered_features,lightgbm,35,975585,AGE,0.0412666812497376,0.003761492275281128,20,1.0,AGE,False,False
taiwan,ablation_without_engineered_features,lightgbm,35,975585,EDUCATION_2,0.030161833386790404,-4.759124765943035e-05,21,-1.0,EDUCATION,False,False
taiwan,ablation_without_engineered_features,lightgbm,35,975585,EDUCATION_4,0.028825404391460637,-0.0002530375324350033,22,-1.0,EDUCATION,False,False
taiwan,ablation_without_engineered_features,lightgbm,35,975585,MARRIAGE_2,0.025801155618317726,-0.0023214711364298174,23,-1.0,MARRIAGE,False,False
taiwan,ablation_without_engineered_features,lightgbm,35,975585,SEX_1,0.025461141674961576,-0.0003423561636908367,24,-1.0,SEX,False,False
taiwan,ablation_without_engineered_features,lightgbm,35,975585,MARRIAGE_1,0.01724705495421096,-0.00011421462749104178,25,-1.0,MARRIAGE,False,False
taiwan,ablation_without_engineered_features,lightgbm,35,975585,EDUCATION_1,0.010375623696884691,0.0008528707822886741,26,1.0,EDUCATION,False,False
taiwan,ablation_without_engineered_features,lightgbm,35,975585,SEX_2,0.0033637331970529385,3.006337947729756e-05,27,1.0,SEX,False,False
taiwan,ablation_without_engineered_features,lightgbm,35,975585,EDUCATION_3,0.0021701920978654966,-2.449886176315272e-05,28,-1.0,EDUCATION,False,False
taiwan,ablation_without_engineered_features,lightgbm,35,975585,MARRIAGE_3,0.0008827748951211359,8.342264893566471e-05,29,1.0,MARRIAGE,False,False
taiwan,ablation_without_engineered_features,lightgbm,36,717452,PAY_0,0.5033381429054435,-0.05194821395236127,1,-1.0,PAY_0,True,True
taiwan,ablation_without_engineered_features,lightgbm,36,717452,LIMIT_BAL,0.2431385506623162,0.016538168337275068,2,1.0,LIMIT_BAL,True,True
taiwan,ablation_without_engineered_features,lightgbm,36,717452,BILL_AMT1,0.15835340837015316,0.009597091759777744,3,1.0,BILL_AMT1,True,True
taiwan,ablation_without_engineered_features,lightgbm,36,717452,PAY_AMT2,0.13448118466630876,0.0014769673737257492,4,1.0,PAY_AMT2,True,True
taiwan,ablation_without_engineered_features,lightgbm,36,717452,PAY_AMT1,0.12014541439338616,0.001640223855616038,5,1.0,PAY_AMT1,True,True
taiwan,ablation_without_engineered_features,lightgbm,36,717452,PAY_AMT3,0.10537623800278324,-0.014180642012091762,6,-1.0,PAY_AMT3,False,True
taiwan,ablation_without_engineered_features,lightgbm,36,717452,PAY_2,0.08147721901896855,-0.0004349720987076927,7,-1.0,PAY_2,False,True
taiwan,ablation_without_engineered_features,lightgbm,36,717452,PAY_3,0.07433287948999497,-0.0021471673159148877,8,-1.0,PAY_3,False,True
taiwan,ablation_without_engineered_features,lightgbm,36,717452,BILL_AMT4,0.06548609260694918,0.006883889521740491,9,1.0,BILL_AMT4,False,True
taiwan,ablation_without_engineered_features,lightgbm,36,717452,PAY_AMT4,0.06467222135756792,0.0003644875653483127,10,1.0,PAY_AMT4,False,True
taiwan,ablation_without_engineered_features,lightgbm,36,717452,PAY_AMT6,0.061569599489129226,-0.0001426739118131067,11,-1.0,PAY_AMT6,False,False
taiwan,ablation_without_engineered_features,lightgbm,36,717452,BILL_AMT3,0.05677783636734735,0.00391693722293166,12,1.0,BILL_AMT3,False,False
taiwan,ablation_without_engineered_features,lightgbm,36,717452,PAY_5,0.05677213308461822,-0.0028346683759217523,13,-1.0,PAY_5,False,False
taiwan,ablation_without_engineered_features,lightgbm,36,717452,BILL_AMT6,0.055336589932116896,0.007860723627137656,14,1.0,BILL_AMT6,False,False
taiwan,ablation_without_engineered_features,lightgbm,36,717452,PAY_6,0.05142100379430777,0.003902321490240746,15,1.0,PAY_6,False,False
taiwan,ablation_without_engineered_features,lightgbm,36,717452,BILL_AMT5,0.04995234655231429,-0.014651496981524898,16,-1.0,BILL_AMT5,False,False
taiwan,ablation_without_engineered_features,lightgbm,36,717452,PAY_4,0.04647030013322868,0.012829897756529549,17,1.0,PAY_4,False,False
taiwan,ablation_without_engineered_features,lightgbm,36,717452,PAY_AMT5,0.04326851523145379,-0.0012653471235647923,18,-1.0,PAY_AMT5,False,False
taiwan,ablation_without_engineered_features,lightgbm,36,717452,AGE,0.03963948689174615,0.003294160740566313,19,1.0,AGE,False,False
taiwan,ablation_without_engineered_features,lightgbm,36,717452,BILL_AMT2,0.03776801283746205,0.005424614988936069,20,1.0,BILL_AMT2,False,False
taiwan,ablation_without_engineered_features,lightgbm,36,717452,EDUCATION_4,0.0291031474009803,-0.0005819444672517641,21,-1.0,EDUCATION,False,False
taiwan,ablation_without_engineered_features,lightgbm,36,717452,EDUCATION_2,0.027626113543444533,-3.772150592970996e-05,22,-1.0,EDUCATION,False,False
taiwan,ablation_without_engineered_features,lightgbm,36,717452,SEX_1,0.02164627400959191,-4.555379538140975e-05,23,-1.0,SEX,False,False
taiwan,ablation_without_engineered_features,lightgbm,36,717452,MARRIAGE_2,0.021540167061613866,-0.0014833499711316518,24,-1.0,MARRIAGE,False,False
taiwan,ablation_without_engineered_features,lightgbm,36,717452,MARRIAGE_1,0.020690623986798957,-1.4725500395231123e-05,25,-1.0,MARRIAGE,False,False
taiwan,ablation_without_engineered_features,lightgbm,36,717452,EDUCATION_1,0.010469609947243995,-1.0011684164978486e-05,26,-1.0,EDUCATION,False,False
taiwan,ablation_without_engineered_features,lightgbm,36,717452,SEX_2,0.005772162520710384,-8.944743560324117e-05,27,-1.0,SEX,False,False
taiwan,ablation_without_engineered_features,lightgbm,36,717452,EDUCATION_3,0.003665333298216836,-0.00025587550632342375,28,-1.0,EDUCATION,False,False
taiwan,ablation_without_engineered_features,lightgbm,36,717452,MARRIAGE_3,0.0012248871993932081,8.44850798612986e-05,29,1.0,MARRIAGE,False,False
taiwan,ablation_without_engineered_features,lightgbm,37,63817,PAY_0,0.5083189227195687,-0.04944264329883982,1,-1.0,PAY_0,True,True
taiwan,ablation_without_engineered_features,lightgbm,37,63817,LIMIT_BAL,0.23935508629842983,0.019689295115883323,2,1.0,LIMIT_BAL,True,True
taiwan,ablation_without_engineered_features,lightgbm,37,63817,BILL_AMT1,0.1578481085767215,0.00016166766313959914,3,1.0,BILL_AMT1,True,True
taiwan,ablation_without_engineered_features,lightgbm,37,63817,PAY_AMT2,0.13705341709104726,0.0019657186493094478,4,1.0,PAY_AMT2,True,True
taiwan,ablation_without_engineered_features,lightgbm,37,63817,PAY_AMT1,0.1184046330745181,-0.00034177312469515613,5,-1.0,PAY_AMT1,True,True
taiwan,ablation_without_engineered_features,lightgbm,37,63817,PAY_AMT3,0.09556611629704335,-0.01320262888903555,6,-1.0,PAY_AMT3,False,True
taiwan,ablation_without_engineered_features,lightgbm,37,63817,PAY_2,0.07753830946716267,0.0013610242087225867,7,1.0,PAY_2,False,True
taiwan,ablation_without_engineered_features,lightgbm,37,63817,PAY_3,0.07401377686757163,-0.003447586513060231,8,-1.0,PAY_3,False,True
taiwan,ablation_without_engineered_features,lightgbm,37,63817,BILL_AMT6,0.06739045276703132,-0.012253917364230347,9,-1.0,BILL_AMT6,False,True
taiwan,ablation_without_engineered_features,lightgbm,37,63817,BILL_AMT4,0.06681197607376474,-0.0027747947647393054,10,-1.0,BILL_AMT4,False,True
taiwan,ablation_without_engineered_features,lightgbm,37,63817,PAY_AMT4,0.061651460662554856,0.0014001699144584965,11,1.0,PAY_AMT4,False,False
taiwan,ablation_without_engineered_features,lightgbm,37,63817,PAY_AMT6,0.061207255271018605,0.0020063869754043577,12,1.0,PAY_AMT6,False,False
taiwan,ablation_without_engineered_features,lightgbm,37,63817,BILL_AMT5,0.05711593850096286,0.007621318605612958,13,1.0,BILL_AMT5,False,False
taiwan,ablation_without_engineered_features,lightgbm,37,63817,PAY_6,0.056631332103738705,0.0036731587865077267,14,1.0,PAY_6,False,False
taiwan,ablation_without_engineered_features,lightgbm,37,63817,PAY_5,0.0556820284929495,-0.002707941706627955,15,-1.0,PAY_5,False,False
taiwan,ablation_without_engineered_features,lightgbm,37,63817,PAY_AMT5,0.05078191467493955,0.0016559294437438134,16,1.0,PAY_AMT5,False,False
taiwan,ablation_without_engineered_features,lightgbm,37,63817,BILL_AMT3,0.050502810867040636,0.008045126881668663,17,1.0,BILL_AMT3,False,False
taiwan,ablation_without_engineered_features,lightgbm,37,63817,PAY_4,0.04645823969379347,0.01211651854385319,18,1.0,PAY_4,False,False
taiwan,ablation_without_engineered_features,lightgbm,37,63817,BILL_AMT2,0.044167667514768555,0.002869804074887658,19,1.0,BILL_AMT2,False,False
taiwan,ablation_without_engineered_features,lightgbm,37,63817,AGE,0.0389678933272148,0.0014045048699549965,20,1.0,AGE,False,False
taiwan,ablation_without_engineered_features,lightgbm,37,63817,EDUCATION_4,0.029684779077864525,-0.0006039003939785112,21,-1.0,EDUCATION,False,False
taiwan,ablation_without_engineered_features,lightgbm,37,63817,SEX_1,0.027243115036969683,0.000445938340488383,22,1.0,SEX,False,False
taiwan,ablation_without_engineered_features,lightgbm,37,63817,EDUCATION_2,0.025932645415426274,1.5369881712445437e-06,23,1.0,EDUCATION,False,False
taiwan,ablation_without_engineered_features,lightgbm,37,63817,MARRIAGE_1,0.024447108108625288,0.0007030250275116758,24,1.0,MARRIAGE,False,False
taiwan,ablation_without_engineered_features,lightgbm,37,63817,MARRIAGE_2,0.017268917748676,-0.0010456779760413218,25,-1.0,MARRIAGE,False,False
taiwan,ablation_without_engineered_features,lightgbm,37,63817,EDUCATION_1,0.010306637666821248,0.0009559469106971806,26,1.0,EDUCATION,False,False
taiwan,ablation_without_engineered_features,lightgbm,37,63817,SEX_2,0.004183988742531914,-0.00012537786235111635,27,-1.0,SEX,False,False
taiwan,ablation_without_engineered_features,lightgbm,37,63817,EDUCATION_3,0.002311292022004466,-0.00017565791823187353,28,-1.0,EDUCATION,False,False
taiwan,ablation_without_engineered_features,lightgbm,37,63817,MARRIAGE_3,0.0010804606320284737,0.00010545073441231306,29,1.0,MARRIAGE,False,False
taiwan,ablation_without_engineered_features,lightgbm,38,761112,PAY_0,0.4915395154492067,-0.051086046206366004,1,-1.0,PAY_0,True,True
taiwan,ablation_without_engineered_features,lightgbm,38,761112,LIMIT_BAL,0.24486263038161613,0.025829916787339105,2,1.0,LIMIT_BAL,True,True
taiwan,ablation_without_engineered_features,lightgbm,38,761112,BILL_AMT1,0.1633433896023617,0.014731253186990126,3,1.0,BILL_AMT1,True,True
taiwan,ablation_without_engineered_features,lightgbm,38,761112,PAY_AMT2,0.13958231977485955,-0.0011589848954105897,4,-1.0,PAY_AMT2,True,True
taiwan,ablation_without_engineered_features,lightgbm,38,761112,PAY_AMT1,0.11472950076523762,-0.002797268929215678,5,-1.0,PAY_AMT1,True,True
taiwan,ablation_without_engineered_features,lightgbm,38,761112,PAY_AMT3,0.10654806974559328,-0.01601394792978641,6,-1.0,PAY_AMT3,False,True
taiwan,ablation_without_engineered_features,lightgbm,38,761112,PAY_2,0.09353754197414473,-0.0013329230577006045,7,-1.0,PAY_2,False,True
taiwan,ablation_without_engineered_features,lightgbm,38,761112,PAY_3,0.07705092662324807,-0.004724032899476678,8,-1.0,PAY_3,False,True
taiwan,ablation_without_engineered_features,lightgbm,38,761112,PAY_AMT6,0.06631839132157595,0.0034560726118208094,9,1.0,PAY_AMT6,False,True
taiwan,ablation_without_engineered_features,lightgbm,38,761112,BILL_AMT4,0.06474847325810881,-0.012721903484765536,10,-1.0,BILL_AMT4,False,True
taiwan,ablation_without_engineered_features,lightgbm,38,761112,BILL_AMT3,0.061419631637296516,0.01454460026437645,11,1.0,BILL_AMT3,False,False
taiwan,ablation_without_engineered_features,lightgbm,38,761112,BILL_AMT6,0.05772229973029383,-0.000966567261655269,12,-1.0,BILL_AMT6,False,False
taiwan,ablation_without_engineered_features,lightgbm,38,761112,PAY_AMT4,0.05711241948511506,-0.00019401142997626305,13,-1.0,PAY_AMT4,False,False
taiwan,ablation_without_engineered_features,lightgbm,38,761112,PAY_5,0.053615071671912075,2.4935528496482177e-05,14,1.0,PAY_5,False,False
taiwan,ablation_without_engineered_features,lightgbm,38,761112,PAY_6,0.05082595616309994,0.004559437493036252,15,1.0,PAY_6,False,False
taiwan,ablation_without_engineered_features,lightgbm,38,761112,PAY_AMT5,0.04790258722542187,-0.0012051139927401232,16,-1.0,PAY_AMT5,False,False
taiwan,ablation_without_engineered_features,lightgbm,38,761112,BILL_AMT5,0.046015814712579185,-0.008989396389068873,17,-1.0,BILL_AMT5,False,False
taiwan,ablation_without_engineered_features,lightgbm,38,761112,PAY_4,0.045695315958976225,0.010534837108603696,18,1.0,PAY_4,False,False
taiwan,ablation_without_engineered_features,lightgbm,38,761112,BILL_AMT2,0.04278840442409155,0.006708223789582478,19,1.0,BILL_AMT2,False,False
taiwan,ablation_without_engineered_features,lightgbm,38,761112,AGE,0.0415840680277148,0.0031924578448050984,20,1.0,AGE,False,False
taiwan,ablation_without_engineered_features,lightgbm,38,761112,SEX_1,0.03294553390492036,0.00014279625787642653,21,1.0,SEX,False,False
taiwan,ablation_without_engineered_features,lightgbm,38,761112,EDUCATION_2,0.031669186050386544,0.0005989085712689228,22,1.0,EDUCATION,False,False
taiwan,ablation_without_engineered_features,lightgbm,38,761112,EDUCATION_4,0.030027426309703054,-0.0005686029599917006,23,-1.0,EDUCATION,False,False
taiwan,ablation_without_engineered_features,lightgbm,38,761112,MARRIAGE_1,0.02390543272077585,0.0004979704184876082,24,1.0,MARRIAGE,False,False
taiwan,ablation_without_engineered_features,lightgbm,38,761112,MARRIAGE_2,0.018517525625822765,-0.0020524180046461228,25,-1.0,MARRIAGE,False,False
taiwan,ablation_without_engineered_features,lightgbm,38,761112,EDUCATION_1,0.011056303297320151,0.0007269127699979605,26,1.0,EDUCATION,False,False
taiwan,ablation_without_engineered_features,lightgbm,38,761112,SEX_2,0.003607397903223592,-6.176569965576285e-05,27,-1.0,SEX,False,False
taiwan,ablation_without_engineered_features,lightgbm,38,761112,EDUCATION_3,0.0029120823482484065,6.15086831973134e-05,28,1.0,EDUCATION,False,False
taiwan,ablation_without_engineered_features,lightgbm,38,761112,MARRIAGE_3,0.0012301961867496045,9.822227799579344e-05,29,1.0,MARRIAGE,False,False
taiwan,ablation_without_engineered_features,lightgbm,39,443405,PAY_0,0.4920597459910305,-0.05114982135371524,1,-1.0,PAY_0,True,True
taiwan,ablation_without_engineered_features,lightgbm,39,443405,LIMIT_BAL,0.239718927039116,0.022074950972526798,2,1.0,LIMIT_BAL,True,True
taiwan,ablation_without_engineered_features,lightgbm,39,443405,BILL_AMT1,0.16464883819049966,0.010610254562846175,3,1.0,BILL_AMT1,True,True
taiwan,ablation_without_engineered_features,lightgbm,39,443405,PAY_AMT2,0.13800658760124182,-0.001354297379238138,4,-1.0,PAY_AMT2,True,True
taiwan,ablation_without_engineered_features,lightgbm,39,443405,PAY_AMT1,0.12312873078716391,-0.0011942741218504038,5,-1.0,PAY_AMT1,True,True
taiwan,ablation_without_engineered_features,lightgbm,39,443405,PAY_AMT3,0.10336919761497854,-0.01178267990524845,6,-1.0,PAY_AMT3,False,True
taiwan,ablation_without_engineered_features,lightgbm,39,443405,PAY_2,0.08882044197328312,-0.000849872798646168,7,-1.0,PAY_2,False,True
taiwan,ablation_without_engineered_features,lightgbm,39,443405,PAY_3,0.0783192625466743,-0.006507212660743682,8,-1.0,PAY_3,False,True
taiwan,ablation_without_engineered_features,lightgbm,39,443405,PAY_AMT6,0.06647979146382518,-0.002625040090491548,9,-1.0,PAY_AMT6,False,True
taiwan,ablation_without_engineered_features,lightgbm,39,443405,BILL_AMT4,0.06646305055113029,-0.009748737290731314,10,-1.0,BILL_AMT4,False,True
taiwan,ablation_without_engineered_features,lightgbm,39,443405,BILL_AMT6,0.060785756743608414,-0.001983546453024378,11,-1.0,BILL_AMT6,False,False
taiwan,ablation_without_engineered_features,lightgbm,39,443405,PAY_AMT4,0.060554890724789874,0.006131773958056801,12,1.0,PAY_AMT4,False,False
taiwan,ablation_without_engineered_features,lightgbm,39,443405,BILL_AMT5,0.05609092242119481,-0.002945475270751718,13,-1.0,BILL_AMT5,False,False
taiwan,ablation_without_engineered_features,lightgbm,39,443405,PAY_6,0.056012270718236425,0.0002977719561833767,14,1.0,PAY_6,False,False
taiwan,ablation_without_engineered_features,lightgbm,39,443405,BILL_AMT3,0.054070972322123184,0.018460820618631062,15,1.0,BILL_AMT3,False,False
taiwan,ablation_without_engineered_features,lightgbm,39,443405,PAY_4,0.04773107367781376,0.010705596543198194,16,1.0,PAY_4,False,False
taiwan,ablation_without_engineered_features,lightgbm,39,443405,PAY_5,0.0477003747407913,-0.0016730867769932357,17,-1.0,PAY_5,False,False
taiwan,ablation_without_engineered_features,lightgbm,39,443405,BILL_AMT2,0.046162365957225164,0.0004881323302080169,18,1.0,BILL_AMT2,False,False
taiwan,ablation_without_engineered_features,lightgbm,39,443405,PAY_AMT5,0.04313142435375061,0.0012948264525365623,19,1.0,PAY_AMT5,False,False
taiwan,ablation_without_engineered_features,lightgbm,39,443405,AGE,0.038050046369671735,0.0033594521122668848,20,1.0,AGE,False,False
taiwan,ablation_without_engineered_features,lightgbm,39,443405,EDUCATION_2,0.032169099891700775,-2.664864784172368e-05,21,-1.0,EDUCATION,False,False
taiwan,ablation_without_engineered_features,lightgbm,39,443405,EDUCATION_4,0.028851926910048897,-0.0003898133882108821,22,-1.0,EDUCATION,False,False
taiwan,ablation_without_engineered_features,lightgbm,39,443405,SEX_1,0.02730395928660953,0.0003426973567186247,23,1.0,SEX,False,False
taiwan,ablation_without_engineered_features,lightgbm,39,443405,MARRIAGE_1,0.019755065048111874,-8.994463960652954e-05,24,-1.0,MARRIAGE,False,False
taiwan,ablation_without_engineered_features,lightgbm,39,443405,MARRIAGE_2,0.017209210699715264,-0.0008905408396320063,25,-1.0,MARRIAGE,False,False
taiwan,ablation_without_engineered_features,lightgbm,39,443405,EDUCATION_1,0.009412151647548486,0.0003652008094096131,26,1.0,EDUCATION,False,False
taiwan,ablation_without_engineered_features,lightgbm,39,443405,EDUCATION_3,0.002784721910116372,-4.570406335822072e-05,27,-1.0,EDUCATION,False,False
taiwan,ablation_without_engineered_features,lightgbm,39,443405,SEX_2,0.0017803507167638872,0.00019868291577168428,28,1.0,SEX,False,False
taiwan,ablation_without_engineered_features,lightgbm,39,443405,MARRIAGE_3,0.001023213154885124,6.616929837387678e-05,29,1.0,MARRIAGE,False,False
taiwan,ablation_without_engineered_features,lightgbm,40,858280,PAY_0,0.49821553767529786,-0.05243861097774258,1,-1.0,PAY_0,True,True
taiwan,ablation_without_engineered_features,lightgbm,40,858280,LIMIT_BAL,0.24542882051567202,0.020235654465902697,2,1.0,LIMIT_BAL,True,True
taiwan,ablation_without_engineered_features,lightgbm,40,858280,BILL_AMT1,0.15636578371599,0.01662852649221794,3,1.0,BILL_AMT1,True,True
taiwan,ablation_without_engineered_features,lightgbm,40,858280,PAY_AMT2,0.1283465347132267,-0.0028058227479715423,4,-1.0,PAY_AMT2,True,True
taiwan,ablation_without_engineered_features,lightgbm,40,858280,PAY_AMT1,0.12339354235060639,-0.004914003620024756,5,-1.0,PAY_AMT1,True,True
taiwan,ablation_without_engineered_features,lightgbm,40,858280,PAY_AMT3,0.09367017716522906,-0.005318030431939134,6,-1.0,PAY_AMT3,False,True
taiwan,ablation_without_engineered_features,lightgbm,40,858280,PAY_2,0.08889160495622121,0.0029610559082132036,7,1.0,PAY_2,False,True
taiwan,ablation_without_engineered_features,lightgbm,40,858280,PAY_3,0.07699861646139756,-0.006125317960700029,8,-1.0,PAY_3,False,True
taiwan,ablation_without_engineered_features,lightgbm,40,858280,PAY_AMT6,0.06613093986317291,0.00534642827266818,9,1.0,PAY_AMT6,False,True
taiwan,ablation_without_engineered_features,lightgbm,40,858280,PAY_AMT4,0.06567007305952109,-0.0010728878191217318,10,-1.0,PAY_AMT4,False,True
taiwan,ablation_without_engineered_features,lightgbm,40,858280,BILL_AMT6,0.06429053055049527,0.0032644930759926,11,1.0,BILL_AMT6,False,False
taiwan,ablation_without_engineered_features,lightgbm,40,858280,BILL_AMT4,0.062065891015189084,-0.017085251151661214,12,-1.0,BILL_AMT4,False,False
taiwan,ablation_without_engineered_features,lightgbm,40,858280,PAY_5,0.05475619561685707,-0.004424955377912367,13,-1.0,PAY_5,False,False
taiwan,ablation_without_engineered_features,lightgbm,40,858280,PAY_6,0.05388608318359714,0.0008856946732617437,14,1.0,PAY_6,False,False
taiwan,ablation_without_engineered_features,lightgbm,40,858280,BILL_AMT3,0.051997233924627295,0.007906335917423799,15,1.0,BILL_AMT3,False,False
taiwan,ablation_without_engineered_features,lightgbm,40,858280,PAY_AMT5,0.04918729225137567,0.001816717283480684,16,1.0,PAY_AMT5,False,False
taiwan,ablation_without_engineered_features,lightgbm,40,858280,BILL_AMT5,0.049133890391331175,0.00010548501294349936,17,1.0,BILL_AMT5,False,False
taiwan,ablation_without_engineered_features,lightgbm,40,858280,PAY_4,0.047611278269030215,0.012603050504884495,18,1.0,PAY_4,False,False
taiwan,ablation_without_engineered_features,lightgbm,40,858280,BILL_AMT2,0.04414398100686723,0.002462510533007874,19,1.0,BILL_AMT2,False,False
taiwan,ablation_without_engineered_features,lightgbm,40,858280,AGE,0.036715623060850924,0.002416812120460422,20,1.0,AGE,False,False
taiwan,ablation_without_engineered_features,lightgbm,40,858280,EDUCATION_4,0.029506644223925363,-0.0003750401692423946,21,-1.0,EDUCATION,False,False
taiwan,ablation_without_engineered_features,lightgbm,40,858280,EDUCATION_2,0.029146838505431896,4.8325925487016385e-05,22,1.0,EDUCATION,False,False
taiwan,ablation_without_engineered_features,lightgbm,40,858280,SEX_1,0.028844454388327573,0.00016774256477305996,23,1.0,SEX,False,False
taiwan,ablation_without_engineered_features,lightgbm,40,858280,MARRIAGE_2,0.023493896792315776,-0.0011665940115503208,24,-1.0,MARRIAGE,False,False
taiwan,ablation_without_engineered_features,lightgbm,40,858280,MARRIAGE_1,0.0197606820305403,0.00032311869517351793,25,1.0,MARRIAGE,False,False
taiwan,ablation_without_engineered_features,lightgbm,40,858280,EDUCATION_1,0.009748964661869431,0.0005560772163989495,26,1.0,EDUCATION,False,False
taiwan,ablation_without_engineered_features,lightgbm,40,858280,SEX_2,0.003713158518048778,-3.907235016315376e-05,27,-1.0,SEX,False,False
taiwan,ablation_without_engineered_features,lightgbm,40,858280,EDUCATION_3,0.0028392562895868116,-9.938440865216828e-05,28,-1.0,EDUCATION,False,False
taiwan,ablation_without_engineered_features,lightgbm,40,858280,MARRIAGE_3,0.0016477828023426773,0.0001327261222718276,29,1.0,MARRIAGE,False,False
taiwan,ablation_without_engineered_features,lightgbm,41,545418,PAY_0,0.5100887588672006,-0.05071662848269393,1,-1.0,PAY_0,True,True
taiwan,ablation_without_engineered_features,lightgbm,41,545418,LIMIT_BAL,0.2416877065403223,0.018122975069169746,2,1.0,LIMIT_BAL,True,True
taiwan,ablation_without_engineered_features,lightgbm,41,545418,BILL_AMT1,0.15693744075217972,0.007790376316976646,3,1.0,BILL_AMT1,True,True
taiwan,ablation_without_engineered_features,lightgbm,41,545418,PAY_AMT2,0.13736201131866843,-0.005010196837559704,4,-1.0,PAY_AMT2,True,True
taiwan,ablation_without_engineered_features,lightgbm,41,545418,PAY_AMT1,0.12340593435688671,0.0022622214923127028,5,1.0,PAY_AMT1,True,True
taiwan,ablation_without_engineered_features,lightgbm,41,545418,PAY_AMT3,0.09530731428603505,-0.009625013874880312,6,-1.0,PAY_AMT3,False,True
taiwan,ablation_without_engineered_features,lightgbm,41,545418,PAY_3,0.08112188044996008,-0.0048383565709563215,7,-1.0,PAY_3,False,True
taiwan,ablation_without_engineered_features,lightgbm,41,545418,PAY_2,0.07415267605001606,0.0014436384182654471,8,1.0,PAY_2,False,True
taiwan,ablation_without_engineered_features,lightgbm,41,545418,BILL_AMT4,0.0685673813307279,-0.018266203935062664,9,-1.0,BILL_AMT4,False,True
taiwan,ablation_without_engineered_features,lightgbm,41,545418,BILL_AMT6,0.06851684782904702,0.006612660594050843,10,1.0,BILL_AMT6,False,True
taiwan,ablation_without_engineered_features,lightgbm,41,545418,PAY_AMT6,0.06466950061207204,0.0055823092872487315,11,1.0,PAY_AMT6,False,False
taiwan,ablation_without_engineered_features,lightgbm,41,545418,PAY_AMT4,0.06307707437120388,-0.0013125510633822503,12,-1.0,PAY_AMT4,False,False
taiwan,ablation_without_engineered_features,lightgbm,41,545418,BILL_AMT3,0.059438147750399156,0.010939620113261096,13,1.0,BILL_AMT3,False,False
taiwan,ablation_without_engineered_features,lightgbm,41,545418,PAY_AMT5,0.05213692014659162,0.0012261602838064584,14,1.0,PAY_AMT5,False,False
taiwan,ablation_without_engineered_features,lightgbm,41,545418,PAY_5,0.0518042149512438,-0.0007244276117184924,15,-1.0,PAY_5,False,False
taiwan,ablation_without_engineered_features,lightgbm,41,545418,PAY_6,0.05151130222269566,0.0001861833842091208,16,1.0,PAY_6,False,False
taiwan,ablation_without_engineered_features,lightgbm,41,545418,BILL_AMT5,0.04878961726805601,-0.0016199360238778955,17,-1.0,BILL_AMT5,False,False
taiwan,ablation_without_engineered_features,lightgbm,41,545418,PAY_4,0.048136475793220425,0.010818057604202697,18,1.0,PAY_4,False,False
taiwan,ablation_without_engineered_features,lightgbm,41,545418,BILL_AMT2,0.04798105343704495,0.004384089593164953,19,1.0,BILL_AMT2,False,False
taiwan,ablation_without_engineered_features,lightgbm,41,545418,AGE,0.03719756663234926,0.002442211834195635,20,1.0,AGE,False,False
taiwan,ablation_without_engineered_features,lightgbm,41,545418,EDUCATION_2,0.029963077090338675,-0.000458992609553284,21,-1.0,EDUCATION,False,False
taiwan,ablation_without_engineered_features,lightgbm,41,545418,EDUCATION_4,0.028939988039687205,-0.0005762919511664037,22,-1.0,EDUCATION,False,False
taiwan,ablation_without_engineered_features,lightgbm,41,545418,SEX_1,0.025940999995362462,0.00026414486893714745,23,1.0,SEX,False,False
taiwan,ablation_without_engineered_features,lightgbm,41,545418,MARRIAGE_2,0.022172429010472474,-0.00013135563991879362,24,-1.0,MARRIAGE,False,False
taiwan,ablation_without_engineered_features,lightgbm,41,545418,MARRIAGE_1,0.017487905445554737,0.0005303025626798211,25,1.0,MARRIAGE,False,False
taiwan,ablation_without_engineered_features,lightgbm,41,545418,EDUCATION_1,0.00868211542796539,0.00013960151840990555,26,1.0,EDUCATION,False,False
taiwan,ablation_without_engineered_features,lightgbm,41,545418,SEX_2,0.003181692985474469,2.5620906767277538e-05,27,1.0,SEX,False,False
taiwan,ablation_without_engineered_features,lightgbm,41,545418,EDUCATION_3,0.0021291591807737252,-0.00021533562867442313,28,-1.0,EDUCATION,False,False
taiwan,ablation_without_engineered_features,lightgbm,41,545418,MARRIAGE_3,0.0012546689051327212,7.630125488829282e-05,29,1.0,MARRIAGE,False,False
taiwan,ablation_without_engineered_features,lightgbm,42,227235,PAY_0,0.5013769985198181,-0.05043180624205566,1,-1.0,PAY_0,True,True
taiwan,ablation_without_engineered_features,lightgbm,42,227235,LIMIT_BAL,0.24360954624699316,0.023318254640201323,2,1.0,LIMIT_BAL,True,True
taiwan,ablation_without_engineered_features,lightgbm,42,227235,BILL_AMT1,0.15218086336463524,-0.007499961773815562,3,-1.0,BILL_AMT1,True,True
taiwan,ablation_without_engineered_features,lightgbm,42,227235,PAY_AMT2,0.14315994955721517,-0.005659053992031216,4,-1.0,PAY_AMT2,True,True
taiwan,ablation_without_engineered_features,lightgbm,42,227235,PAY_AMT1,0.12307715320002441,-0.00348927544463276,5,-1.0,PAY_AMT1,True,True
taiwan,ablation_without_engineered_features,lightgbm,42,227235,PAY_AMT3,0.09433596753154302,-0.014919209618773062,6,-1.0,PAY_AMT3,False,True
taiwan,ablation_without_engineered_features,lightgbm,42,227235,PAY_2,0.07871702747071614,0.004150954575556156,7,1.0,PAY_2,False,True
taiwan,ablation_without_engineered_features,lightgbm,42,227235,PAY_3,0.07766041716512509,-0.004648534088144396,8,-1.0,PAY_3,False,True
taiwan,ablation_without_engineered_features,lightgbm,42,227235,PAY_AMT6,0.06799538670296525,0.00219522991913436,9,1.0,PAY_AMT6,False,True
taiwan,ablation_without_engineered_features,lightgbm,42,227235,BILL_AMT4,0.06502028508668974,-0.0095590419635889,10,-1.0,BILL_AMT4,False,True
taiwan,ablation_without_engineered_features,lightgbm,42,227235,PAY_AMT4,0.06501999884168061,-0.002450849722553801,11,-1.0,PAY_AMT4,False,False
taiwan,ablation_without_engineered_features,lightgbm,42,227235,BILL_AMT3,0.06075392080388616,0.016930148535790397,12,1.0,BILL_AMT3,False,False
taiwan,ablation_without_engineered_features,lightgbm,42,227235,BILL_AMT6,0.05941450409629275,0.00625952742174754,13,1.0,BILL_AMT6,False,False
taiwan,ablation_without_engineered_features,lightgbm,42,227235,PAY_5,0.05243383663190022,-0.0018531235384085108,14,-1.0,PAY_5,False,False
taiwan,ablation_without_engineered_features,lightgbm,42,227235,PAY_6,0.051051061414356655,0.0014522447852309685,15,1.0,PAY_6,False,False
taiwan,ablation_without_engineered_features,lightgbm,42,227235,PAY_AMT5,0.048564493616878944,0.009143804385632993,16,1.0,PAY_AMT5,False,False
taiwan,ablation_without_engineered_features,lightgbm,42,227235,BILL_AMT2,0.04630430473529346,0.005649815104088516,17,1.0,BILL_AMT2,False,False
taiwan,ablation_without_engineered_features,lightgbm,42,227235,PAY_4,0.04624743275565549,0.01230163237967952,18,1.0,PAY_4,False,False
taiwan,ablation_without_engineered_features,lightgbm,42,227235,BILL_AMT5,0.0427517282522851,-0.004988358973441301,19,-1.0,BILL_AMT5,False,False
taiwan,ablation_without_engineered_features,lightgbm,42,227235,AGE,0.03938348431761596,0.0027204945595031,20,1.0,AGE,False,False
taiwan,ablation_without_engineered_features,lightgbm,42,227235,SEX_1,0.029722264568036515,8.878611873506284e-05,21,1.0,SEX,False,False
taiwan,ablation_without_engineered_features,lightgbm,42,227235,EDUCATION_4,0.02894839987682539,-0.0005304719682712349,22,-1.0,EDUCATION,False,False
taiwan,ablation_without_engineered_features,lightgbm,42,227235,EDUCATION_2,0.0249538058378939,0.0001790274655443743,23,1.0,EDUCATION,False,False
taiwan,ablation_without_engineered_features,lightgbm,42,227235,MARRIAGE_2,0.022349470307474084,-0.0017246054108173384,24,-1.0,MARRIAGE,False,False
taiwan,ablation_without_engineered_features,lightgbm,42,227235,MARRIAGE_1,0.022062196571866668,-4.2040622049418615e-06,25,-1.0,MARRIAGE,False,False
taiwan,ablation_without_engineered_features,lightgbm,42,227235,EDUCATION_1,0.010393919930770042,0.000994496937179691,26,1.0,EDUCATION,False,False
taiwan,ablation_without_engineered_features,lightgbm,42,227235,SEX_2,0.003318747499632264,2.118757798960035e-05,27,1.0,SEX,False,False
taiwan,ablation_without_engineered_features,lightgbm,42,227235,EDUCATION_3,0.0032306320035777954,-0.0001585333974270292,28,-1.0,EDUCATION,False,False
taiwan,ablation_without_engineered_features,lightgbm,42,227235,MARRIAGE_3,0.0015581157382604266,7.688508771351724e-05,29,1.0,MARRIAGE,False,False
taiwan,ablation_without_engineered_features,lightgbm,43,85942,PAY_0,0.5008958402142994,-0.05205369600744729,1,-1.0,PAY_0,True,True
taiwan,ablation_without_engineered_features,lightgbm,43,85942,LIMIT_BAL,0.24288411432038576,0.01792807602949399,2,1.0,LIMIT_BAL,True,True
taiwan,ablation_without_engineered_features,lightgbm,43,85942,BILL_AMT1,0.1603561524143735,0.005318444206530793,3,1.0,BILL_AMT1,True,True
taiwan,ablation_without_engineered_features,lightgbm,43,85942,PAY_AMT2,0.1392277497194415,-0.0030968317677972433,4,-1.0,PAY_AMT2,True,True
taiwan,ablation_without_engineered_features,lightgbm,43,85942,PAY_AMT1,0.12326895442480279,0.004031537330269052,5,1.0,PAY_AMT1,True,True
taiwan,ablation_without_engineered_features,lightgbm,43,85942,PAY_AMT3,0.09936699878919102,-0.013197400998405983,6,-1.0,PAY_AMT3,False,True
taiwan,ablation_without_engineered_features,lightgbm,43,85942,PAY_2,0.08054032658090182,0.002517610935454648,7,1.0,PAY_2,False,True
taiwan,ablation_without_engineered_features,lightgbm,43,85942,PAY_3,0.07204124531999291,-0.004401206900631616,8,-1.0,PAY_3,False,True
taiwan,ablation_without_engineered_features,lightgbm,43,85942,PAY_AMT6,0.06761533264590272,0.0012895263831846026,9,1.0,PAY_AMT6,False,True
taiwan,ablation_without_engineered_features,lightgbm,43,85942,PAY_AMT4,0.05832161186227639,0.0015029079147822178,10,1.0,PAY_AMT4,False,True
taiwan,ablation_without_engineered_features,lightgbm,43,85942,BILL_AMT6,0.05771004094107992,-0.003544539722778912,11,-1.0,BILL_AMT6,False,False
taiwan,ablation_without_engineered_features,lightgbm,43,85942,BILL_AMT3,0.056160788378748036,0.0030547934117185374,12,1.0,BILL_AMT3,False,False
taiwan,ablation_without_engineered_features,lightgbm,43,85942,BILL_AMT4,0.05539495316001588,-0.006644559711586763,13,-1.0,BILL_AMT4,False,False
taiwan,ablation_without_engineered_features,lightgbm,43,85942,PAY_5,0.053677139910091966,-0.000642729004397909,14,-1.0,PAY_5,False,False
taiwan,ablation_without_engineered_features,lightgbm,43,85942,PAY_6,0.051181656425834506,0.00018160956217363745,15,1.0,PAY_6,False,False
taiwan,ablation_without_engineered_features,lightgbm,43,85942,PAY_4,0.04752259941197919,0.014440540705958203,16,1.0,PAY_4,False,False
taiwan,ablation_without_engineered_features,lightgbm,43,85942,PAY_AMT5,0.047440204604225905,0.005400177042615198,17,1.0,PAY_AMT5,False,False
taiwan,ablation_without_engineered_features,lightgbm,43,85942,BILL_AMT5,0.0473549514447989,-0.0069443048706280056,18,-1.0,BILL_AMT5,False,False
taiwan,ablation_without_engineered_features,lightgbm,43,85942,BILL_AMT2,0.04257900278927218,0.012809763892436673,19,1.0,BILL_AMT2,False,False
taiwan,ablation_without_engineered_features,lightgbm,43,85942,AGE,0.039578942872661844,0.003768339518526628,20,1.0,AGE,False,False
taiwan,ablation_without_engineered_features,lightgbm,43,85942,EDUCATION_4,0.02918295569905144,-0.0004270987448196626,21,-1.0,EDUCATION,False,False
taiwan,ablation_without_engineered_features,lightgbm,43,85942,SEX_1,0.02858734587361647,0.00035085876032343855,22,1.0,SEX,False,False
taiwan,ablation_without_engineered_features,lightgbm,43,85942,EDUCATION_2,0.027890351045770614,0.00014529094532410587,23,1.0,EDUCATION,False,False
taiwan,ablation_without_engineered_features,lightgbm,43,85942,MARRIAGE_2,0.024189012997664624,0.00014437149240769312,24,1.0,MARRIAGE,False,False
taiwan,ablation_without_engineered_features,lightgbm,43,85942,MARRIAGE_1,0.017874421891945776,-0.0002223834595708197,25,-1.0,MARRIAGE,False,False
taiwan,ablation_without_engineered_features,lightgbm,43,85942,EDUCATION_1,0.010914578248411817,8.400877616981914e-06,26,1.0,EDUCATION,False,False
taiwan,ablation_without_engineered_features,lightgbm,43,85942,EDUCATION_3,0.0033398495493316277,-0.00015288853350529317,27,-1.0,EDUCATION,False,False
taiwan,ablation_without_engineered_features,lightgbm,43,85942,SEX_2,0.0026827332254853674,5.249491895026354e-05,28,1.0,SEX,False,False
taiwan,ablation_without_engineered_features,lightgbm,43,85942,MARRIAGE_3,0.0009130046916039536,7.844274291222507e-05,29,1.0,MARRIAGE,False,False
taiwan,ablation_without_engineered_features,lightgbm,44,781548,PAY_0,0.5020414989070816,-0.049376466063512085,1,-1.0,PAY_0,True,True
taiwan,ablation_without_engineered_features,lightgbm,44,781548,LIMIT_BAL,0.23949241838525484,0.016881383320531712,2,1.0,LIMIT_BAL,True,True
taiwan,ablation_without_engineered_features,lightgbm,44,781548,BILL_AMT1,0.15439960529976685,0.006072299027817831,3,1.0,BILL_AMT1,True,True
taiwan,ablation_without_engineered_features,lightgbm,44,781548,PAY_AMT2,0.14158477351814308,-0.0013618969530111177,4,-1.0,PAY_AMT2,True,True
taiwan,ablation_without_engineered_features,lightgbm,44,781548,PAY_AMT1,0.12184610434843747,-0.0003604895049449615,5,-1.0,PAY_AMT1,True,True
taiwan,ablation_without_engineered_features,lightgbm,44,781548,PAY_AMT3,0.09574697480844892,-0.011871865123961439,6,-1.0,PAY_AMT3,False,True
taiwan,ablation_without_engineered_features,lightgbm,44,781548,PAY_2,0.08122549507216814,0.002318213050484537,7,1.0,PAY_2,False,True
taiwan,ablation_without_engineered_features,lightgbm,44,781548,PAY_3,0.08046803126652592,-0.00913674700289236,8,-1.0,PAY_3,False,True
taiwan,ablation_without_engineered_features,lightgbm,44,781548,PAY_AMT6,0.0652393324764564,0.0025318508108471793,9,1.0,PAY_AMT6,False,True
taiwan,ablation_without_engineered_features,lightgbm,44,781548,PAY_AMT4,0.06305659523021925,0.001088975713433042,10,1.0,PAY_AMT4,False,True
taiwan,ablation_without_engineered_features,lightgbm,44,781548,BILL_AMT6,0.062155607681019354,0.0032664662967785566,11,1.0,BILL_AMT6,False,False
taiwan,ablation_without_engineered_features,lightgbm,44,781548,BILL_AMT3,0.06113379314792881,0.008283782176599927,12,1.0,BILL_AMT3,False,False
taiwan,ablation_without_engineered_features,lightgbm,44,781548,BILL_AMT4,0.05524853878502609,-0.00038477298819919887,13,-1.0,BILL_AMT4,False,False
taiwan,ablation_without_engineered_features,lightgbm,44,781548,PAY_5,0.05288840068948531,-0.0003642634357726157,14,-1.0,PAY_5,False,False
taiwan,ablation_without_engineered_features,lightgbm,44,781548,PAY_6,0.050723370430851344,0.002904350009071236,15,1.0,PAY_6,False,False
taiwan,ablation_without_engineered_features,lightgbm,44,781548,PAY_AMT5,0.04926238158497735,0.0033309737291075483,16,1.0,PAY_AMT5,False,False
taiwan,ablation_without_engineered_features,lightgbm,44,781548,BILL_AMT5,0.049012338079612014,-0.008743055081988714,17,-1.0,BILL_AMT5,False,False
taiwan,ablation_without_engineered_features,lightgbm,44,781548,PAY_4,0.04699060524887662,0.01218832818902871,18,1.0,PAY_4,False,False
taiwan,ablation_without_engineered_features,lightgbm,44,781548,BILL_AMT2,0.042625456689708574,0.0016603001613270827,19,1.0,BILL_AMT2,False,False
taiwan,ablation_without_engineered_features,lightgbm,44,781548,AGE,0.04004889048860515,0.002292364630702366,20,1.0,AGE,False,False
taiwan,ablation_without_engineered_features,lightgbm,44,781548,EDUCATION_4,0.02924789535140681,-0.0005536912234633692,21,-1.0,EDUCATION,False,False
taiwan,ablation_without_engineered_features,lightgbm,44,781548,SEX_1,0.02728821507864673,0.00027432916214780877,22,1.0,SEX,False,False
taiwan,ablation_without_engineered_features,lightgbm,44,781548,MARRIAGE_2,0.02454299621967082,0.00015276533571460154,23,1.0,MARRIAGE,False,False
taiwan,ablation_without_engineered_features,lightgbm,44,781548,EDUCATION_2,0.024117707294326635,0.00040811923006821424,24,1.0,EDUCATION,False,False
taiwan,ablation_without_engineered_features,lightgbm,44,781548,MARRIAGE_1,0.014980527150299286,-0.00018475182197037266,25,-1.0,MARRIAGE,False,False
taiwan,ablation_without_engineered_features,lightgbm,44,781548,EDUCATION_1,0.00966107913645934,0.0004872506468844859,26,1.0,EDUCATION,False,False
taiwan,ablation_without_engineered_features,lightgbm,44,781548,SEX_2,0.003862195214956591,6.513930389678029e-05,27,1.0,SEX,False,False
taiwan,ablation_without_engineered_features,lightgbm,44,781548,EDUCATION_3,0.002181870144980828,9.123437270589008e-05,28,1.0,EDUCATION,False,False
taiwan,ablation_without_engineered_features,lightgbm,44,781548,MARRIAGE_3,0.0013508141522559323,0.00014104940130957674,29,1.0,MARRIAGE,False,False
taiwan,ablation_without_engineered_features,lightgbm,45,773919,PAY_0,0.5130329437128066,-0.05007630135508606,1,-1.0,PAY_0,True,True
taiwan,ablation_without_engineered_features,lightgbm,45,773919,LIMIT_BAL,0.23615601261077032,0.024479017443516052,2,1.0,LIMIT_BAL,True,True
taiwan,ablation_without_engineered_features,lightgbm,45,773919,BILL_AMT1,0.15943487723251507,0.007964186040946583,3,1.0,BILL_AMT1,True,True
taiwan,ablation_without_engineered_features,lightgbm,45,773919,PAY_AMT2,0.13220532251986042,-0.000441360910619819,4,-1.0,PAY_AMT2,True,True
taiwan,ablation_without_engineered_features,lightgbm,45,773919,PAY_AMT1,0.12652668251325813,0.007236322543177453,5,1.0,PAY_AMT1,True,True
taiwan,ablation_without_engineered_features,lightgbm,45,773919,PAY_AMT3,0.09603947873580077,-0.017181990487806307,6,-1.0,PAY_AMT3,False,True
taiwan,ablation_without_engineered_features,lightgbm,45,773919,PAY_3,0.07887019106961775,-0.009375448557638886,7,-1.0,PAY_3,False,True
taiwan,ablation_without_engineered_features,lightgbm,45,773919,PAY_2,0.07623094171378807,0.0029109349832485035,8,1.0,PAY_2,False,True
taiwan,ablation_without_engineered_features,lightgbm,45,773919,BILL_AMT6,0.06932229543864794,-0.0018364639635176214,9,-1.0,BILL_AMT6,False,True
taiwan,ablation_without_engineered_features,lightgbm,45,773919,PAY_AMT6,0.06472587756310265,0.0006931401840406024,10,1.0,PAY_AMT6,False,True
taiwan,ablation_without_engineered_features,lightgbm,45,773919,BILL_AMT4,0.06299388067742356,-0.0010582851620513675,11,-1.0,BILL_AMT4,False,False
taiwan,ablation_without_engineered_features,lightgbm,45,773919,PAY_AMT4,0.06053388054705121,0.004957585612668397,12,1.0,PAY_AMT4,False,False
taiwan,ablation_without_engineered_features,lightgbm,45,773919,BILL_AMT3,0.05612803231961008,-0.0012550742162404005,13,-1.0,BILL_AMT3,False,False
taiwan,ablation_without_engineered_features,lightgbm,45,773919,PAY_6,0.05253395094844334,0.002574235329965623,14,1.0,PAY_6,False,False
taiwan,ablation_without_engineered_features,lightgbm,45,773919,PAY_AMT5,0.051070692953226145,0.003716063277411525,15,1.0,PAY_AMT5,False,False
taiwan,ablation_without_engineered_features,lightgbm,45,773919,BILL_AMT5,0.05084979365552389,-0.014531060750241553,16,-1.0,BILL_AMT5,False,False
taiwan,ablation_without_engineered_features,lightgbm,45,773919,PAY_5,0.04841235991767199,-0.002193031219665218,17,-1.0,PAY_5,False,False
taiwan,ablation_without_engineered_features,lightgbm,45,773919,PAY_4,0.047820311899149336,0.011362698775953025,18,1.0,PAY_4,False,False
taiwan,ablation_without_engineered_features,lightgbm,45,773919,BILL_AMT2,0.04375311993239125,0.008746052288838417,19,1.0,BILL_AMT2,False,False
taiwan,ablation_without_engineered_features,lightgbm,45,773919,AGE,0.03856732742532685,0.0024387263436269836,20,1.0,AGE,False,False
taiwan,ablation_without_engineered_features,lightgbm,45,773919,SEX_1,0.03205859010512503,0.00022669632528886708,21,1.0,SEX,False,False
taiwan,ablation_without_engineered_features,lightgbm,45,773919,EDUCATION_4,0.029421873355200134,-0.0002177574616708232,22,-1.0,EDUCATION,False,False
taiwan,ablation_without_engineered_features,lightgbm,45,773919,EDUCATION_2,0.0263581480795678,-0.00020733699547671188,23,-1.0,EDUCATION,False,False
taiwan,ablation_without_engineered_features,lightgbm,45,773919,MARRIAGE_2,0.02239893830347025,0.0017614961853967281,24,1.0,MARRIAGE,False,False
taiwan,ablation_without_engineered_features,lightgbm,45,773919,MARRIAGE_1,0.018063657663550933,-0.0016491202523421671,25,-1.0,MARRIAGE,False,False
taiwan,ablation_without_engineered_features,lightgbm,45,773919,EDUCATION_1,0.010829908151915969,0.0009255971577601641,26,1.0,EDUCATION,False,False
taiwan,ablation_without_engineered_features,lightgbm,45,773919,SEX_2,0.0027699055050655415,0.00010057265973739607,27,1.0,SEX,False,False
taiwan,ablation_without_engineered_features,lightgbm,45,773919,EDUCATION_3,0.002223054815348777,0.00010267321983921817,28,1.0,EDUCATION,False,False
taiwan,ablation_without_engineered_features,lightgbm,45,773919,MARRIAGE_3,0.0013768742330225407,0.00010074880368674398,29,1.0,MARRIAGE,False,False
taiwan,ablation_without_engineered_features,lightgbm,46,182545,PAY_0,0.479649042389879,-0.048307046764067205,1,-1.0,PAY_0,True,True
taiwan,ablation_without_engineered_features,lightgbm,46,182545,LIMIT_BAL,0.24364136015853996,0.02144967482867694,2,1.0,LIMIT_BAL,True,True
taiwan,ablation_without_engineered_features,lightgbm,46,182545,BILL_AMT1,0.16016311322579974,-0.0027851348178505645,3,-1.0,BILL_AMT1,True,True
taiwan,ablation_without_engineered_features,lightgbm,46,182545,PAY_AMT2,0.1394938856893283,-0.0035765360900454134,4,-1.0,PAY_AMT2,True,True
taiwan,ablation_without_engineered_features,lightgbm,46,182545,PAY_AMT1,0.12825389689671227,-0.004999936089375891,5,-1.0,PAY_AMT1,True,True
taiwan,ablation_without_engineered_features,lightgbm,46,182545,PAY_AMT3,0.09753027123082135,-0.01581356567465528,6,-1.0,PAY_AMT3,False,True
taiwan,ablation_without_engineered_features,lightgbm,46,182545,PAY_2,0.09522964961189842,-0.0011850696586345165,7,-1.0,PAY_2,False,True
taiwan,ablation_without_engineered_features,lightgbm,46,182545,PAY_3,0.07471033117981501,-0.002676112726300958,8,-1.0,PAY_3,False,True
taiwan,ablation_without_engineered_features,lightgbm,46,182545,PAY_AMT6,0.06746175587614812,0.00322701516709128,9,1.0,PAY_AMT6,False,True
taiwan,ablation_without_engineered_features,lightgbm,46,182545,PAY_AMT4,0.06084906187400335,0.0036822367303541935,10,1.0,PAY_AMT4,False,True
taiwan,ablation_without_engineered_features,lightgbm,46,182545,BILL_AMT4,0.059485285727620484,-0.0011439041537812521,11,-1.0,BILL_AMT4,False,False
taiwan,ablation_without_engineered_features,lightgbm,46,182545,BILL_AMT3,0.05846570137967581,0.015802631734117664,12,1.0,BILL_AMT3,False,False
taiwan,ablation_without_engineered_features,lightgbm,46,182545,BILL_AMT6,0.05836164564439373,0.004395346473678575,13,1.0,BILL_AMT6,False,False
taiwan,ablation_without_engineered_features,lightgbm,46,182545,PAY_6,0.05513655327023926,0.0011039592447050193,14,1.0,PAY_6,False,False
taiwan,ablation_without_engineered_features,lightgbm,46,182545,PAY_AMT5,0.050936589691214666,0.0023037044601699917,15,1.0,PAY_AMT5,False,False
taiwan,ablation_without_engineered_features,lightgbm,46,182545,PAY_5,0.04777407308104753,-0.0025492067309376993,16,-1.0,PAY_5,False,False
taiwan,ablation_without_engineered_features,lightgbm,46,182545,PAY_4,0.04622470594228111,0.010864969926670688,17,1.0,PAY_4,False,False
taiwan,ablation_without_engineered_features,lightgbm,46,182545,BILL_AMT5,0.045643287936138525,-0.00995977771589732,18,-1.0,BILL_AMT5,False,False
taiwan,ablation_without_engineered_features,lightgbm,46,182545,BILL_AMT2,0.04366139460032099,0.006493373150862945,19,1.0,BILL_AMT2,False,False
taiwan,ablation_without_engineered_features,lightgbm,46,182545,AGE,0.039541222420795025,0.0036162229431508527,20,1.0,AGE,False,False
taiwan,ablation_without_engineered_features,lightgbm,46,182545,EDUCATION_4,0.03025988147219175,-0.0004853012248245669,21,-1.0,EDUCATION,False,False
taiwan,ablation_without_engineered_features,lightgbm,46,182545,EDUCATION_2,0.02925098046748729,9.656002256212987e-05,22,1.0,EDUCATION,False,False
taiwan,ablation_without_engineered_features,lightgbm,46,182545,SEX_1,0.0264291224661904,0.00021218168147179206,23,1.0,SEX,False,False
taiwan,ablation_without_engineered_features,lightgbm,46,182545,MARRIAGE_2,0.022830040984943796,-0.002246286409330698,24,-1.0,MARRIAGE,False,False
taiwan,ablation_without_engineered_features,lightgbm,46,182545,MARRIAGE_1,0.0191951068703684,-9.784017217825542e-05,25,-1.0,MARRIAGE,False,False
taiwan,ablation_without_engineered_features,lightgbm,46,182545,EDUCATION_1,0.009070388059244046,0.0011838744721214425,26,1.0,EDUCATION,False,False
taiwan,ablation_without_engineered_features,lightgbm,46,182545,SEX_2,0.007234589240760557,0.00013147961058430492,27,1.0,SEX,False,False
taiwan,ablation_without_engineered_features,lightgbm,46,182545,EDUCATION_3,0.002097754644196726,-4.814129820356537e-05,28,-1.0,EDUCATION,False,False
taiwan,ablation_without_engineered_features,lightgbm,46,182545,MARRIAGE_3,0.0011106945164422565,7.354016423045911e-05,29,1.0,MARRIAGE,False,False
taiwan,ablation_without_engineered_features,lightgbm,47,370788,PAY_0,0.48364562668115657,-0.04694105003772628,1,-1.0,PAY_0,True,True
taiwan,ablation_without_engineered_features,lightgbm,47,370788,LIMIT_BAL,0.24736784540050488,0.023994719796849567,2,1.0,LIMIT_BAL,True,True
taiwan,ablation_without_engineered_features,lightgbm,47,370788,BILL_AMT1,0.164038601265772,0.010849919398681728,3,1.0,BILL_AMT1,True,True
taiwan,ablation_without_engineered_features,lightgbm,47,370788,PAY_AMT2,0.13032099949699674,-0.006746899873278709,4,-1.0,PAY_AMT2,True,True
taiwan,ablation_without_engineered_features,lightgbm,47,370788,PAY_AMT1,0.13014638679061885,-0.0019776482633514585,5,-1.0,PAY_AMT1,True,True
taiwan,ablation_without_engineered_features,lightgbm,47,370788,PAY_AMT3,0.09734954953237011,-0.009292335471948606,6,-1.0,PAY_AMT3,False,True
taiwan,ablation_without_engineered_features,lightgbm,47,370788,PAY_2,0.0865819802128873,0.0020657633669190854,7,1.0,PAY_2,False,True
taiwan,ablation_without_engineered_features,lightgbm,47,370788,PAY_3,0.08361362158219912,-0.00698889028832655,8,-1.0,PAY_3,False,True
taiwan,ablation_without_engineered_features,lightgbm,47,370788,BILL_AMT6,0.06754445028181577,-0.006494340737947217,9,-1.0,BILL_AMT6,False,True
taiwan,ablation_without_engineered_features,lightgbm,47,370788,PAY_AMT4,0.06663376138458771,0.0007279224541121483,10,1.0,PAY_AMT4,False,True
taiwan,ablation_without_engineered_features,lightgbm,47,370788,PAY_AMT6,0.06560677643353414,0.002800844976170677,11,1.0,PAY_AMT6,False,False
taiwan,ablation_without_engineered_features,lightgbm,47,370788,BILL_AMT4,0.06376326898747638,-0.00985621169494093,12,-1.0,BILL_AMT4,False,False
taiwan,ablation_without_engineered_features,lightgbm,47,370788,PAY_5,0.05525835031282305,-0.0025938835085113038,13,-1.0,PAY_5,False,False
taiwan,ablation_without_engineered_features,lightgbm,47,370788,PAY_6,0.055250226865044265,-0.0006928283189578408,14,-1.0,PAY_6,False,False
taiwan,ablation_without_engineered_features,lightgbm,47,370788,BILL_AMT3,0.05388568353995134,0.0010622937405723142,15,1.0,BILL_AMT3,False,False
taiwan,ablation_without_engineered_features,lightgbm,47,370788,BILL_AMT5,0.053458582394781906,0.0021381930601533108,16,1.0,BILL_AMT5,False,False
taiwan,ablation_without_engineered_features,lightgbm,47,370788,PAY_AMT5,0.04984729019256426,0.002655956653164217,17,1.0,PAY_AMT5,False,False
taiwan,ablation_without_engineered_features,lightgbm,47,370788,PAY_4,0.04557237982640223,0.011811427096120824,18,1.0,PAY_4,False,False
taiwan,ablation_without_engineered_features,lightgbm,47,370788,BILL_AMT2,0.04483508277334247,0.008006520692569507,19,1.0,BILL_AMT2,False,False
taiwan,ablation_without_engineered_features,lightgbm,47,370788,AGE,0.03645013563525771,0.004583421200678212,20,1.0,AGE,False,False
taiwan,ablation_without_engineered_features,lightgbm,47,370788,SEX_1,0.031063237321653343,0.0004749219630889997,21,1.0,SEX,False,False
taiwan,ablation_without_engineered_features,lightgbm,47,370788,EDUCATION_4,0.03080693357336754,-0.000416479329567596,22,-1.0,EDUCATION,False,False
taiwan,ablation_without_engineered_features,lightgbm,47,370788,EDUCATION_2,0.030281168398986414,0.0003071124678011769,23,1.0,EDUCATION,False,False
taiwan,ablation_without_engineered_features,lightgbm,47,370788,MARRIAGE_2,0.021911974818989818,-0.002108273809628219,24,-1.0,MARRIAGE,False,False
taiwan,ablation_without_engineered_features,lightgbm,47,370788,MARRIAGE_1,0.01721881139412302,1.306668621885512e-05,25,1.0,MARRIAGE,False,False
taiwan,ablation_without_engineered_features,lightgbm,47,370788,EDUCATION_1,0.010037945888319315,0.00035173309236199003,26,1.0,EDUCATION,False,False
taiwan,ablation_without_engineered_features,lightgbm,47,370788,SEX_2,0.0039183792852387715,0.0001580500715784694,27,1.0,SEX,False,False
taiwan,ablation_without_engineered_features,lightgbm,47,370788,EDUCATION_3,0.002530210703020541,-0.0002895109915484911,28,-1.0,EDUCATION,False,False
taiwan,ablation_without_engineered_features,lightgbm,47,370788,MARRIAGE_3,0.0015437688902596924,0.00011121673846822697,29,1.0,MARRIAGE,False,False
taiwan,ablation_without_engineered_features,lightgbm,48,128110,PAY_0,0.5156731219754385,-0.05167626287453242,1,-1.0,PAY_0,True,True
taiwan,ablation_without_engineered_features,lightgbm,48,128110,LIMIT_BAL,0.24275633322651288,0.018870277789649184,2,1.0,LIMIT_BAL,True,True
taiwan,ablation_without_engineered_features,lightgbm,48,128110,BILL_AMT1,0.16419673228597023,0.007108423142633514,3,1.0,BILL_AMT1,True,True
taiwan,ablation_without_engineered_features,lightgbm,48,128110,PAY_AMT2,0.13198253476427574,-0.005448752509511308,4,-1.0,PAY_AMT2,True,True
taiwan,ablation_without_engineered_features,lightgbm,48,128110,PAY_AMT1,0.1256992836105984,0.006330759584697389,5,1.0,PAY_AMT1,True,True
taiwan,ablation_without_engineered_features,lightgbm,48,128110,PAY_AMT3,0.10325244605708521,-0.01797700860834763,6,-1.0,PAY_AMT3,False,True
taiwan,ablation_without_engineered_features,lightgbm,48,128110,PAY_3,0.08526354047708128,-0.003776977318630784,7,-1.0,PAY_3,False,True
taiwan,ablation_without_engineered_features,lightgbm,48,128110,PAY_AMT6,0.06595848348218843,-0.0020957473623434007,8,-1.0,PAY_AMT6,False,True
taiwan,ablation_without_engineered_features,lightgbm,48,128110,PAY_2,0.06329321527598726,0.002255007161657705,9,1.0,PAY_2,False,True
taiwan,ablation_without_engineered_features,lightgbm,48,128110,PAY_AMT4,0.0624755528394888,0.0034647947182345653,10,1.0,PAY_AMT4,False,True
taiwan,ablation_without_engineered_features,lightgbm,48,128110,BILL_AMT3,0.06168169610261013,0.017169355393471114,11,1.0,BILL_AMT3,False,False
taiwan,ablation_without_engineered_features,lightgbm,48,128110,BILL_AMT4,0.05637907990879282,0.007390308285519995,12,1.0,BILL_AMT4,False,False
taiwan,ablation_without_engineered_features,lightgbm,48,128110,BILL_AMT6,0.055561662905111955,-0.0038612671205976636,13,-1.0,BILL_AMT6,False,False
taiwan,ablation_without_engineered_features,lightgbm,48,128110,PAY_5,0.052936098480761064,-0.0018478464176899835,14,-1.0,PAY_5,False,False
taiwan,ablation_without_engineered_features,lightgbm,48,128110,PAY_6,0.05187957223112055,-0.000960982932235325,15,-1.0,PAY_6,False,False
taiwan,ablation_without_engineered_features,lightgbm,48,128110,PAY_AMT5,0.050115703347357175,-1.1723274662225856e-05,16,-1.0,PAY_AMT5,False,False
taiwan,ablation_without_engineered_features,lightgbm,48,128110,PAY_4,0.04535633357289196,0.012224625899026885,17,1.0,PAY_4,False,False
taiwan,ablation_without_engineered_features,lightgbm,48,128110,BILL_AMT5,0.045252942575788095,-0.008760437893913625,18,-1.0,BILL_AMT5,False,False
taiwan,ablation_without_engineered_features,lightgbm,48,128110,BILL_AMT2,0.04051946763263544,0.0006479442114535094,19,1.0,BILL_AMT2,False,False
taiwan,ablation_without_engineered_features,lightgbm,48,128110,AGE,0.03580402535676957,0.00391024607320685,20,1.0,AGE,False,False
taiwan,ablation_without_engineered_features,lightgbm,48,128110,EDUCATION_2,0.028775930008674278,1.6798520770161316e-05,21,1.0,EDUCATION,False,False
taiwan,ablation_without_engineered_features,lightgbm,48,128110,EDUCATION_4,0.027543997524684692,-0.0004734686384138893,22,-1.0,EDUCATION,False,False
taiwan,ablation_without_engineered_features,lightgbm,48,128110,SEX_1,0.022431957959797254,7.550885518039405e-05,23,1.0,SEX,False,False
taiwan,ablation_without_engineered_features,lightgbm,48,128110,MARRIAGE_1,0.02183446792912424,-0.0019373715527705316,24,-1.0,MARRIAGE,False,False
taiwan,ablation_without_engineered_features,lightgbm,48,128110,MARRIAGE_2,0.019192779819621874,0.0005989163535730109,25,1.0,MARRIAGE,False,False
taiwan,ablation_without_engineered_features,lightgbm,48,128110,EDUCATION_1,0.010065346479259822,-0.0001781152665715809,26,-1.0,EDUCATION,False,False
taiwan,ablation_without_engineered_features,lightgbm,48,128110,SEX_2,0.004785149623453401,-3.7684264840489736e-05,27,-1.0,SEX,False,False
taiwan,ablation_without_engineered_features,lightgbm,48,128110,EDUCATION_3,0.002202012367536634,-8.924890376179917e-05,28,-1.0,EDUCATION,False,False
taiwan,ablation_without_engineered_features,lightgbm,48,128110,MARRIAGE_3,0.0007643910379165163,2.3167162843833375e-05,29,1.0,MARRIAGE,False,False
taiwan,ablation_without_engineered_features,lightgbm,49,94174,PAY_0,0.5131438717678132,-0.05666366262912556,1,-1.0,PAY_0,True,True
taiwan,ablation_without_engineered_features,lightgbm,49,94174,LIMIT_BAL,0.24701628227507813,0.01811861663927508,2,1.0,LIMIT_BAL,True,True
taiwan,ablation_without_engineered_features,lightgbm,49,94174,BILL_AMT1,0.16050014362289797,0.01339722420643743,3,1.0,BILL_AMT1,True,True
taiwan,ablation_without_engineered_features,lightgbm,49,94174,PAY_AMT2,0.1277655719233641,-0.005709427745229274,4,-1.0,PAY_AMT2,True,True
taiwan,ablation_without_engineered_features,lightgbm,49,94174,PAY_AMT1,0.12606739158384633,-0.0008326705866083288,5,-1.0,PAY_AMT1,True,True
taiwan,ablation_without_engineered_features,lightgbm,49,94174,PAY_AMT3,0.08962106602945126,-0.014298343513502402,6,-1.0,PAY_AMT3,False,True
taiwan,ablation_without_engineered_features,lightgbm,49,94174,PAY_3,0.0803006093070811,0.0011401444431092948,7,1.0,PAY_3,False,True
taiwan,ablation_without_engineered_features,lightgbm,49,94174,PAY_2,0.07255495112533919,0.005126490711661244,8,1.0,PAY_2,False,True
taiwan,ablation_without_engineered_features,lightgbm,49,94174,PAY_AMT6,0.06243652388230217,0.004409853908107989,9,1.0,PAY_AMT6,False,True
taiwan,ablation_without_engineered_features,lightgbm,49,94174,PAY_AMT4,0.061679783841759935,-0.0009297993461973967,10,-1.0,PAY_AMT4,False,True
taiwan,ablation_without_engineered_features,lightgbm,49,94174,BILL_AMT3,0.058005762722401336,0.009215941155630862,11,1.0,BILL_AMT3,False,False
taiwan,ablation_without_engineered_features,lightgbm,49,94174,BILL_AMT4,0.05744975317316112,-0.008468605104487692,12,-1.0,BILL_AMT4,False,False
taiwan,ablation_without_engineered_features,lightgbm,49,94174,BILL_AMT6,0.05416019777336964,0.0027935244642354443,13,1.0,BILL_AMT6,False,False
taiwan,ablation_without_engineered_features,lightgbm,49,94174,PAY_6,0.05313106761124529,-0.00016248933857434365,14,-1.0,PAY_6,False,False
taiwan,ablation_without_engineered_features,lightgbm,49,94174,PAY_5,0.05301953336155204,-0.0008610337654950275,15,-1.0,PAY_5,False,False
taiwan,ablation_without_engineered_features,lightgbm,49,94174,PAY_AMT5,0.04823422646540781,0.00744754867168751,16,1.0,PAY_AMT5,False,False
taiwan,ablation_without_engineered_features,lightgbm,49,94174,PAY_4,0.04602260674286531,0.01334012584047525,17,1.0,PAY_4,False,False
taiwan,ablation_without_engineered_features,lightgbm,49,94174,BILL_AMT5,0.04528543463530402,-0.006868948833062342,18,-1.0,BILL_AMT5,False,False
taiwan,ablation_without_engineered_features,lightgbm,49,94174,BILL_AMT2,0.04359810529217503,0.0009952658261439355,19,1.0,BILL_AMT2,False,False
taiwan,ablation_without_engineered_features,lightgbm,49,94174,AGE,0.03788284684634555,0.0012679498803958207,20,1.0,AGE,False,False
taiwan,ablation_without_engineered_features,lightgbm,49,94174,SEX_1,0.03269411718945223,0.00028513879984191687,21,1.0,SEX,False,False
taiwan,ablation_without_engineered_features,lightgbm,49,94174,EDUCATION_4,0.02928590643329185,-0.0005044902308512227,22,-1.0,EDUCATION,False,False
taiwan,ablation_without_engineered_features,lightgbm,49,94174,EDUCATION_2,0.027400900103724837,0.0001170812681029629,23,1.0,EDUCATION,False,False
taiwan,ablation_without_engineered_features,lightgbm,49,94174,MARRIAGE_2,0.02605139124231736,-0.00035269681737079746,24,-1.0,MARRIAGE,False,False
taiwan,ablation_without_engineered_features,lightgbm,49,94174,MARRIAGE_1,0.016607297544657746,4.684439629919247e-05,25,1.0,MARRIAGE,False,False
taiwan,ablation_without_engineered_features,lightgbm,49,94174,EDUCATION_1,0.008923782477946802,0.00014467352696631328,26,1.0,EDUCATION,False,False
taiwan,ablation_without_engineered_features,lightgbm,49,94174,EDUCATION_3,0.002491047860570512,-0.0001872349935629168,27,-1.0,EDUCATION,False,False
taiwan,ablation_without_engineered_features,lightgbm,49,94174,MARRIAGE_3,0.0018109608555201735,0.00010986750059680789,28,1.0,MARRIAGE,False,False
taiwan,ablation_without_engineered_features,lightgbm,49,94174,SEX_2,0.0012294116069874364,-4.232971938304624e-05,29,-1.0,SEX,False,False
taiwan,ablation_without_engineered_features,lightgbm,50,827621,PAY_0,0.5108273799117522,-0.05212636820698261,1,-1.0,PAY_0,True,True
taiwan,ablation_without_engineered_features,lightgbm,50,827621,LIMIT_BAL,0.23691486920687282,0.02015481538636263,2,1.0,LIMIT_BAL,True,True
taiwan,ablation_without_engineered_features,lightgbm,50,827621,BILL_AMT1,0.1650550364801994,0.00592288979876554,3,1.0,BILL_AMT1,True,True
taiwan,ablation_without_engineered_features,lightgbm,50,827621,PAY_AMT2,0.1366105763159307,-0.0055719613320547425,4,-1.0,PAY_AMT2,True,True
taiwan,ablation_without_engineered_features,lightgbm,50,827621,PAY_AMT1,0.12928650191836735,0.0035238517568232943,5,1.0,PAY_AMT1,True,True
taiwan,ablation_without_engineered_features,lightgbm,50,827621,PAY_AMT3,0.10611194710614721,-0.012462053749922472,6,-1.0,PAY_AMT3,False,True
taiwan,ablation_without_engineered_features,lightgbm,50,827621,PAY_3,0.07908823545401823,-0.0020074247944397794,7,-1.0,PAY_3,False,True
taiwan,ablation_without_engineered_features,lightgbm,50,827621,BILL_AMT4,0.07373577420447108,0.0032440684753799695,8,1.0,BILL_AMT4,False,True
taiwan,ablation_without_engineered_features,lightgbm,50,827621,PAY_2,0.06854451663570031,0.0032448816774790228,9,1.0,PAY_2,False,True
taiwan,ablation_without_engineered_features,lightgbm,50,827621,PAY_AMT6,0.05954089002738661,0.004390629511836057,10,1.0,PAY_AMT6,False,True
taiwan,ablation_without_engineered_features,lightgbm,50,827621,PAY_AMT4,0.05765582187127004,-0.0021051173791908446,11,-1.0,PAY_AMT4,False,False
taiwan,ablation_without_engineered_features,lightgbm,50,827621,PAY_6,0.057281010368114324,0.001866298042935343,12,1.0,PAY_6,False,False
taiwan,ablation_without_engineered_features,lightgbm,50,827621,PAY_5,0.05481732841368284,-0.002456727034445823,13,-1.0,PAY_5,False,False
taiwan,ablation_without_engineered_features,lightgbm,50,827621,BILL_AMT6,0.05232782193721693,-0.00524328021435815,14,-1.0,BILL_AMT6,False,False
taiwan,ablation_without_engineered_features,lightgbm,50,827621,BILL_AMT3,0.0492881054430678,0.00243022920109696,15,1.0,BILL_AMT3,False,False
taiwan,ablation_without_engineered_features,lightgbm,50,827621,BILL_AMT2,0.04909238925619988,0.011112257994914498,16,1.0,BILL_AMT2,False,False
taiwan,ablation_without_engineered_features,lightgbm,50,827621,BILL_AMT5,0.04750050732404064,-0.005949202372006099,17,-1.0,BILL_AMT5,False,False
taiwan,ablation_without_engineered_features,lightgbm,50,827621,PAY_4,0.04647667936781474,0.009672153915996616,18,1.0,PAY_4,False,False
taiwan,ablation_without_engineered_features,lightgbm,50,827621,PAY_AMT5,0.0439432171658898,-0.00044783612754981464,19,-1.0,PAY_AMT5,False,False
taiwan,ablation_without_engineered_features,lightgbm,50,827621,AGE,0.03906573896886437,0.0025968323255627455,20,1.0,AGE,False,False
taiwan,ablation_without_engineered_features,lightgbm,50,827621,EDUCATION_4,0.029160483647272122,-0.00027999389122762444,21,-1.0,EDUCATION,False,False
taiwan,ablation_without_engineered_features,lightgbm,50,827621,MARRIAGE_2,0.02771036221321903,0.00045346249574558024,22,1.0,MARRIAGE,False,False
taiwan,ablation_without_engineered_features,lightgbm,50,827621,EDUCATION_2,0.026607459242088325,0.0002587168338411699,23,1.0,EDUCATION,False,False
taiwan,ablation_without_engineered_features,lightgbm,50,827621,SEX_1,0.02464961214450971,0.000273813176522517,24,1.0,SEX,False,False
taiwan,ablation_without_engineered_features,lightgbm,50,827621,MARRIAGE_1,0.013270180652103575,0.000213697479359843,25,1.0,MARRIAGE,False,False
taiwan,ablation_without_engineered_features,lightgbm,50,827621,EDUCATION_1,0.008775293893868519,0.0002579022610157984,26,1.0,EDUCATION,False,False
taiwan,ablation_without_engineered_features,lightgbm,50,827621,SEX_2,0.003999941815510276,-5.3489714882930165e-05,27,-1.0,SEX,False,False
taiwan,ablation_without_engineered_features,lightgbm,50,827621,EDUCATION_3,0.00321905781608297,1.76267784291305e-05,28,1.0,EDUCATION,False,False
taiwan,ablation_without_engineered_features,lightgbm,50,827621,MARRIAGE_3,0.0009431251489363568,3.3007445186844214e-05,29,1.0,MARRIAGE,False,False
