artifact_type,relative_path,absolute_path,file_name,extension,size_bytes,modified_utc
figure,outputs/figures/ablation_cost_vs_auc.png,C:\Users\AKTS\Desktop\Resul\Data_Mining_Project\outputs\figures\ablation_cost_vs_auc.png,ablation_cost_vs_auc.png,.png,96919,2026-04-29T09:12:04+00:00
figure,outputs/figures/ablation_results_barplot.png,C:\Users\AKTS\Desktop\Resul\Data_Mining_Project\outputs\figures\ablation_results_barplot.png,ablation_results_barplot.png,.png,186654,2026-04-29T09:12:04+00:00
figure,outputs/figures/age_distribution_by_default.png,C:\Users\AKTS\Desktop\Resul\Data_Mining_Project\outputs\figures\age_distribution_by_default.png,age_distribution_by_default.png,.png,88666,2026-04-24T10:00:08+00:00
figure,outputs/figures/auc_drop_by_feature.png,C:\Users\AKTS\Desktop\Resul\Data_Mining_Project\outputs\figures\auc_drop_by_feature.png,auc_drop_by_feature.png,.png,139188,2026-04-29T08:56:14+00:00
figure,outputs/figures/background_rank_shift.png,C:\Users\AKTS\Desktop\Resul\Data_Mining_Project\outputs\figures\background_rank_shift.png,background_rank_shift.png,.png,697398,2026-04-29T08:56:09+00:00
figure,outputs/figures/background_shap_drift.png,C:\Users\AKTS\Desktop\Resul\Data_Mining_Project\outputs\figures\background_shap_drift.png,background_shap_drift.png,.png,170929,2026-04-29T08:56:10+00:00
figure,outputs/figures/bill_amount_distributions.png,C:\Users\AKTS\Desktop\Resul\Data_Mining_Project\outputs\figures\bill_amount_distributions.png,bill_amount_distributions.png,.png,195893,2026-04-24T10:23:07+00:00
figure,outputs/figures/bootstrap_metric_distributions.png,C:\Users\AKTS\Desktop\Resul\Data_Mining_Project\outputs\figures\bootstrap_metric_distributions.png,bootstrap_metric_distributions.png,.png,240992,2026-04-29T08:21:29+00:00
figure,outputs/figures/calibration_curve.png,C:\Users\AKTS\Desktop\Resul\Data_Mining_Project\outputs\figures\calibration_curve.png,calibration_curve.png,.png,171727,2026-04-24T10:24:50+00:00
figure,outputs/figures/calibration_curve_heloc.png,C:\Users\AKTS\Desktop\Resul\Data_Mining_Project\outputs\figures\calibration_curve_heloc.png,calibration_curve_heloc.png,.png,346427,2026-04-29T08:15:30+00:00
figure,outputs/figures/calibration_curve_taiwan.png,C:\Users\AKTS\Desktop\Resul\Data_Mining_Project\outputs\figures\calibration_curve_taiwan.png,calibration_curve_taiwan.png,.png,335001,2026-04-29T08:14:55+00:00
figure,outputs/figures/confusion_matrix_threshold_035.png,C:\Users\AKTS\Desktop\Resul\Data_Mining_Project\outputs\figures\confusion_matrix_threshold_035.png,confusion_matrix_threshold_035.png,.png,83780,2026-04-24T10:00:09+00:00
figure,outputs/figures/confusion_matrix_threshold_05.png,C:\Users\AKTS\Desktop\Resul\Data_Mining_Project\outputs\figures\confusion_matrix_threshold_05.png,confusion_matrix_threshold_05.png,.png,88172,2026-04-24T10:00:09+00:00
figure,outputs/figures/correlation_heatmap.png,C:\Users\AKTS\Desktop\Resul\Data_Mining_Project\outputs\figures\correlation_heatmap.png,correlation_heatmap.png,.png,224764,2026-04-24T09:06:05+00:00
figure,outputs/figures/cost_curve.png,C:\Users\AKTS\Desktop\Resul\Data_Mining_Project\outputs\figures\cost_curve.png,cost_curve.png,.png,239061,2026-04-29T08:17:42+00:00
figure,outputs/figures/cost_curve_heloc.png,C:\Users\AKTS\Desktop\Resul\Data_Mining_Project\outputs\figures\cost_curve_heloc.png,cost_curve_heloc.png,.png,150503,2026-04-29T08:17:40+00:00
figure,outputs/figures/cost_curve_taiwan.png,C:\Users\AKTS\Desktop\Resul\Data_Mining_Project\outputs\figures\cost_curve_taiwan.png,cost_curve_taiwan.png,.png,159334,2026-04-29T08:17:03+00:00
figure,outputs/figures/default_rate_by_delay_count.png,C:\Users\AKTS\Desktop\Resul\Data_Mining_Project\outputs\figures\default_rate_by_delay_count.png,default_rate_by_delay_count.png,.png,69943,2026-04-24T10:23:06+00:00
figure,outputs/figures/default_rate_by_education.png,C:\Users\AKTS\Desktop\Resul\Data_Mining_Project\outputs\figures\default_rate_by_education.png,default_rate_by_education.png,.png,56873,2026-04-24T10:23:06+00:00
figure,outputs/figures/default_rate_by_marriage.png,C:\Users\AKTS\Desktop\Resul\Data_Mining_Project\outputs\figures\default_rate_by_marriage.png,default_rate_by_marriage.png,.png,54000,2026-04-24T10:23:06+00:00
figure,outputs/figures/default_rate_by_sex.png,C:\Users\AKTS\Desktop\Resul\Data_Mining_Project\outputs\figures\default_rate_by_sex.png,default_rate_by_sex.png,.png,51612,2026-04-24T10:23:06+00:00
figure,outputs/figures/deletion_curve.png,C:\Users\AKTS\Desktop\Resul\Data_Mining_Project\outputs\figures\deletion_curve.png,deletion_curve.png,.png,193293,2026-04-29T08:56:14+00:00
figure,outputs/figures/heloc_target_distribution.png,C:\Users\AKTS\Desktop\Resul\Data_Mining_Project\outputs\figures\heloc_target_distribution.png,heloc_target_distribution.png,.png,74332,2026-04-29T07:14:22+00:00
figure,outputs/figures/insertion_curve.png,C:\Users\AKTS\Desktop\Resul\Data_Mining_Project\outputs\figures\insertion_curve.png,insertion_curve.png,.png,150859,2026-04-29T08:56:14+00:00
figure,outputs/figures/lime_borderline_customer.png,C:\Users\AKTS\Desktop\Resul\Data_Mining_Project\outputs\figures\lime_borderline_customer.png,lime_borderline_customer.png,.png,110907,2026-04-24T10:25:22+00:00
figure,outputs/figures/lime_borderline_near_threshold.png,C:\Users\AKTS\Desktop\Resul\Data_Mining_Project\outputs\figures\lime_borderline_near_threshold.png,lime_borderline_near_threshold.png,.png,115271,2026-04-24T10:26:57+00:00
figure,outputs/figures/lime_correct_default_high_risk.png,C:\Users\AKTS\Desktop\Resul\Data_Mining_Project\outputs\figures\lime_correct_default_high_risk.png,lime_correct_default_high_risk.png,.png,110064,2026-04-24T10:26:56+00:00
figure,outputs/figures/lime_correct_non_default_low_risk.png,C:\Users\AKTS\Desktop\Resul\Data_Mining_Project\outputs\figures\lime_correct_non_default_low_risk.png,lime_correct_non_default_low_risk.png,.png,115675,2026-04-24T10:26:56+00:00
figure,outputs/figures/lime_false_negative_borderline.png,C:\Users\AKTS\Desktop\Resul\Data_Mining_Project\outputs\figures\lime_false_negative_borderline.png,lime_false_negative_borderline.png,.png,111962,2026-04-24T10:26:57+00:00
figure,outputs/figures/limit_bal_distribution_by_default.png,C:\Users\AKTS\Desktop\Resul\Data_Mining_Project\outputs\figures\limit_bal_distribution_by_default.png,limit_bal_distribution_by_default.png,.png,78775,2026-04-24T10:00:09+00:00
figure,outputs/figures/optuna_optimization_history.png,C:\Users\AKTS\Desktop\Resul\Data_Mining_Project\outputs\figures\optuna_optimization_history.png,optuna_optimization_history.png,.png,151021,2026-04-29T08:13:23+00:00
figure,outputs/figures/optuna_param_importance.png,C:\Users\AKTS\Desktop\Resul\Data_Mining_Project\outputs\figures\optuna_param_importance.png,optuna_param_importance.png,.png,87286,2026-04-29T08:13:24+00:00
figure,outputs/figures/pay0_default_rate.png,C:\Users\AKTS\Desktop\Resul\Data_Mining_Project\outputs\figures\pay0_default_rate.png,pay0_default_rate.png,.png,70620,2026-04-24T09:06:05+00:00
figure,outputs/figures/payment_amount_distributions.png,C:\Users\AKTS\Desktop\Resul\Data_Mining_Project\outputs\figures\payment_amount_distributions.png,payment_amount_distributions.png,.png,201986,2026-04-24T10:23:08+00:00
figure,outputs/figures/precision_recall_curves.png,C:\Users\AKTS\Desktop\Resul\Data_Mining_Project\outputs\figures\precision_recall_curves.png,precision_recall_curves.png,.png,161490,2026-04-24T10:24:50+00:00
figure,outputs/figures/probability_shift_after_perturbation.png,C:\Users\AKTS\Desktop\Resul\Data_Mining_Project\outputs\figures\probability_shift_after_perturbation.png,probability_shift_after_perturbation.png,.png,97147,2026-04-24T10:25:22+00:00
figure,outputs/figures/roc_curves.png,C:\Users\AKTS\Desktop\Resul\Data_Mining_Project\outputs\figures\roc_curves.png,roc_curves.png,.png,163288,2026-04-24T10:24:50+00:00
figure,outputs/figures/shap_rank_stability_heatmap.png,C:\Users\AKTS\Desktop\Resul\Data_Mining_Project\outputs\figures\shap_rank_stability_heatmap.png,shap_rank_stability_heatmap.png,.png,141673,2026-04-29T08:55:33+00:00
figure,outputs/figures/shap_stability_top5_frequency.png,C:\Users\AKTS\Desktop\Resul\Data_Mining_Project\outputs\figures\shap_stability_top5_frequency.png,shap_stability_top5_frequency.png,.png,77222,2026-04-24T10:26:37+00:00
figure,outputs/figures/shap_top_feature_frequency.png,C:\Users\AKTS\Desktop\Resul\Data_Mining_Project\outputs\figures\shap_top_feature_frequency.png,shap_top_feature_frequency.png,.png,198170,2026-04-29T08:55:34+00:00
figure,outputs/figures/subgroup_calibration.png,C:\Users\AKTS\Desktop\Resul\Data_Mining_Project\outputs\figures\subgroup_calibration.png,subgroup_calibration.png,.png,235970,2026-04-29T08:56:17+00:00
figure,outputs/figures/subgroup_cost.png,C:\Users\AKTS\Desktop\Resul\Data_Mining_Project\outputs\figures\subgroup_cost.png,subgroup_cost.png,.png,233705,2026-04-29T08:56:17+00:00
figure,outputs/figures/subgroup_recall_fnr.png,C:\Users\AKTS\Desktop\Resul\Data_Mining_Project\outputs\figures\subgroup_recall_fnr.png,subgroup_recall_fnr.png,.png,219584,2026-04-29T08:56:17+00:00
figure,outputs/figures/taiwan_target_distribution.png,C:\Users\AKTS\Desktop\Resul\Data_Mining_Project\outputs\figures\taiwan_target_distribution.png,taiwan_target_distribution.png,.png,74664,2026-04-29T07:14:18+00:00
figure,outputs/figures/taiwan_vs_heloc_calibration.png,C:\Users\AKTS\Desktop\Resul\Data_Mining_Project\outputs\figures\taiwan_vs_heloc_calibration.png,taiwan_vs_heloc_calibration.png,.png,222687,2026-04-29T09:05:34+00:00
figure,outputs/figures/taiwan_vs_heloc_metrics.png,C:\Users\AKTS\Desktop\Resul\Data_Mining_Project\outputs\figures\taiwan_vs_heloc_metrics.png,taiwan_vs_heloc_metrics.png,.png,289690,2026-04-29T09:05:34+00:00
figure,outputs/figures/target_class_distribution.png,C:\Users\AKTS\Desktop\Resul\Data_Mining_Project\outputs\figures\target_class_distribution.png,target_class_distribution.png,.png,61513,2026-04-24T09:06:04+00:00
figure,outputs/figures/threshold_tradeoff.png,C:\Users\AKTS\Desktop\Resul\Data_Mining_Project\outputs\figures\threshold_tradeoff.png,threshold_tradeoff.png,.png,288650,2026-04-29T08:17:42+00:00
figure,outputs/figures/threshold_tradeoff_heloc.png,C:\Users\AKTS\Desktop\Resul\Data_Mining_Project\outputs\figures\threshold_tradeoff_heloc.png,threshold_tradeoff_heloc.png,.png,170950,2026-04-29T08:17:40+00:00
figure,outputs/figures/threshold_tradeoff_taiwan.png,C:\Users\AKTS\Desktop\Resul\Data_Mining_Project\outputs\figures\threshold_tradeoff_taiwan.png,threshold_tradeoff_taiwan.png,.png,185089,2026-04-29T08:17:03+00:00
figure,outputs/lime/local_explanations/borderline_manual_review_row_5360.png,C:\Users\AKTS\Desktop\Resul\Data_Mining_Project\outputs\lime\local_explanations\borderline_manual_review_row_5360.png,borderline_manual_review_row_5360.png,.png,122563,2026-04-29T08:54:21+00:00
figure,outputs/lime/local_explanations/borderline_manual_review_row_727.png,C:\Users\AKTS\Desktop\Resul\Data_Mining_Project\outputs\lime\local_explanations\borderline_manual_review_row_727.png,borderline_manual_review_row_727.png,.png,108516,2026-04-28T10:28:25+00:00
figure,outputs/lime/local_explanations/false_negative_row_982.png,C:\Users\AKTS\Desktop\Resul\Data_Mining_Project\outputs\lime\local_explanations\false_negative_row_982.png,false_negative_row_982.png,.png,125501,2026-04-29T08:54:21+00:00
figure,outputs/lime/local_explanations/false_positive_row_28747.png,C:\Users\AKTS\Desktop\Resul\Data_Mining_Project\outputs\lime\local_explanations\false_positive_row_28747.png,false_positive_row_28747.png,.png,108828,2026-04-29T08:54:21+00:00
figure,outputs/lime/local_explanations/true_negative_row_260.png,C:\Users\AKTS\Desktop\Resul\Data_Mining_Project\outputs\lime\local_explanations\true_negative_row_260.png,true_negative_row_260.png,.png,123270,2026-04-28T10:28:24+00:00
figure,outputs/lime/local_explanations/true_negative_row_28850.png,C:\Users\AKTS\Desktop\Resul\Data_Mining_Project\outputs\lime\local_explanations\true_negative_row_28850.png,true_negative_row_28850.png,.png,120682,2026-04-29T08:54:21+00:00
figure,outputs/lime/local_explanations/true_positive_row_27536.png,C:\Users\AKTS\Desktop\Resul\Data_Mining_Project\outputs\lime\local_explanations\true_positive_row_27536.png,true_positive_row_27536.png,.png,111582,2026-04-29T08:54:20+00:00
figure,outputs/shap/dependence_top_features/LIMIT_BAL.png,C:\Users\AKTS\Desktop\Resul\Data_Mining_Project\outputs\shap\dependence_top_features\LIMIT_BAL.png,LIMIT_BAL.png,.png,94568,2026-04-29T08:54:17+00:00
figure,outputs/shap/dependence_top_features/PAY_0.png,C:\Users\AKTS\Desktop\Resul\Data_Mining_Project\outputs\shap\dependence_top_features\PAY_0.png,PAY_0.png,.png,69871,2026-04-29T08:54:17+00:00
figure,outputs/shap/dependence_top_features/delay_count.png,C:\Users\AKTS\Desktop\Resul\Data_Mining_Project\outputs\shap\dependence_top_features\delay_count.png,delay_count.png,.png,76442,2026-04-29T08:54:17+00:00
figure,outputs/shap/dependence_top_features/max_delay.png,C:\Users\AKTS\Desktop\Resul\Data_Mining_Project\outputs\shap\dependence_top_features\max_delay.png,max_delay.png,.png,77397,2026-04-28T10:28:21+00:00
figure,outputs/shap/dependence_top_features/recent_delay.png,C:\Users\AKTS\Desktop\Resul\Data_Mining_Project\outputs\shap\dependence_top_features\recent_delay.png,recent_delay.png,.png,64428,2026-04-29T08:54:17+00:00
figure,outputs/shap/dependence_top_features/utilization_proxy.png,C:\Users\AKTS\Desktop\Resul\Data_Mining_Project\outputs\shap\dependence_top_features\utilization_proxy.png,utilization_proxy.png,.png,114362,2026-04-29T08:54:17+00:00
figure,outputs/shap/external_validation_heloc/global_bar.png,C:\Users\AKTS\Desktop\Resul\Data_Mining_Project\outputs\shap\external_validation_heloc\global_bar.png,global_bar.png,.png,340479,2026-04-29T09:04:57+00:00
figure,outputs/shap/external_validation_heloc/global_beeswarm.png,C:\Users\AKTS\Desktop\Resul\Data_Mining_Project\outputs\shap\external_validation_heloc\global_beeswarm.png,global_beeswarm.png,.png,644125,2026-04-29T09:04:58+00:00
figure,outputs/shap/global_bar.png,C:\Users\AKTS\Desktop\Resul\Data_Mining_Project\outputs\shap\global_bar.png,global_bar.png,.png,241010,2026-04-29T08:54:16+00:00
figure,outputs/shap/global_beeswarm.png,C:\Users\AKTS\Desktop\Resul\Data_Mining_Project\outputs\shap\global_beeswarm.png,global_beeswarm.png,.png,459902,2026-04-29T08:54:16+00:00
figure,outputs/shap/local_waterfall/borderline_manual_review_row_5360.png,C:\Users\AKTS\Desktop\Resul\Data_Mining_Project\outputs\shap\local_waterfall\borderline_manual_review_row_5360.png,borderline_manual_review_row_5360.png,.png,258037,2026-04-29T08:54:20+00:00
figure,outputs/shap/local_waterfall/borderline_manual_review_row_727.png,C:\Users\AKTS\Desktop\Resul\Data_Mining_Project\outputs\shap\local_waterfall\borderline_manual_review_row_727.png,borderline_manual_review_row_727.png,.png,257686,2026-04-28T10:28:23+00:00
figure,outputs/shap/local_waterfall/false_negative_row_982.png,C:\Users\AKTS\Desktop\Resul\Data_Mining_Project\outputs\shap\local_waterfall\false_negative_row_982.png,false_negative_row_982.png,.png,253719,2026-04-29T08:54:19+00:00
figure,outputs/shap/local_waterfall/false_positive_row_28747.png,C:\Users\AKTS\Desktop\Resul\Data_Mining_Project\outputs\shap\local_waterfall\false_positive_row_28747.png,false_positive_row_28747.png,.png,250940,2026-04-29T08:54:19+00:00
figure,outputs/shap/local_waterfall/true_negative_row_260.png,C:\Users\AKTS\Desktop\Resul\Data_Mining_Project\outputs\shap\local_waterfall\true_negative_row_260.png,true_negative_row_260.png,.png,254622,2026-04-28T10:28:22+00:00
figure,outputs/shap/local_waterfall/true_negative_row_28850.png,C:\Users\AKTS\Desktop\Resul\Data_Mining_Project\outputs\shap\local_waterfall\true_negative_row_28850.png,true_negative_row_28850.png,.png,242512,2026-04-29T08:54:18+00:00
figure,outputs/shap/local_waterfall/true_positive_row_27536.png,C:\Users\AKTS\Desktop\Resul\Data_Mining_Project\outputs\shap\local_waterfall\true_positive_row_27536.png,true_positive_row_27536.png,.png,254026,2026-04-29T08:54:18+00:00
figure,outputs/shap/shap_bar.png,C:\Users\AKTS\Desktop\Resul\Data_Mining_Project\outputs\shap\shap_bar.png,shap_bar.png,.png,231428,2026-04-24T10:25:20+00:00
figure,outputs/shap/shap_beeswarm.png,C:\Users\AKTS\Desktop\Resul\Data_Mining_Project\outputs\shap\shap_beeswarm.png,shap_beeswarm.png,.png,399455,2026-04-24T10:25:20+00:00
figure,outputs/shap/shap_waterfall_borderline_near_threshold.png,C:\Users\AKTS\Desktop\Resul\Data_Mining_Project\outputs\shap\shap_waterfall_borderline_near_threshold.png,shap_waterfall_borderline_near_threshold.png,.png,260076,2026-04-24T10:26:56+00:00
figure,outputs/shap/shap_waterfall_correct_default_high_risk.png,C:\Users\AKTS\Desktop\Resul\Data_Mining_Project\outputs\shap\shap_waterfall_correct_default_high_risk.png,shap_waterfall_correct_default_high_risk.png,.png,262435,2026-04-24T10:26:54+00:00
figure,outputs/shap/shap_waterfall_correct_non_default_low_risk.png,C:\Users\AKTS\Desktop\Resul\Data_Mining_Project\outputs\shap\shap_waterfall_correct_non_default_low_risk.png,shap_waterfall_correct_non_default_low_risk.png,.png,258059,2026-04-24T10:26:55+00:00
figure,outputs/shap/shap_waterfall_false_negative_borderline.png,C:\Users\AKTS\Desktop\Resul\Data_Mining_Project\outputs\shap\shap_waterfall_false_negative_borderline.png,shap_waterfall_false_negative_borderline.png,.png,265390,2026-04-24T10:26:55+00:00
figure,outputs/shap/shap_waterfall_high_risk_customer.png,C:\Users\AKTS\Desktop\Resul\Data_Mining_Project\outputs\shap\shap_waterfall_high_risk_customer.png,shap_waterfall_high_risk_customer.png,.png,263599,2026-04-24T10:25:21+00:00
model,outputs/models/ablation_study/a6_without_engineered_catboost_isotonic.joblib,C:\Users\AKTS\Desktop\Resul\Data_Mining_Project\outputs\models\ablation_study\a6_without_engineered_catboost_isotonic.joblib,a6_without_engineered_catboost_isotonic.joblib,.joblib,763679,2026-04-29T09:08:41+00:00
model,outputs/models/ablation_study/a6_without_engineered_class_weighted_lightgbm_isotonic.joblib,C:\Users\AKTS\Desktop\Resul\Data_Mining_Project\outputs\models\ablation_study\a6_without_engineered_class_weighted_lightgbm_isotonic.joblib,a6_without_engineered_class_weighted_lightgbm_isotonic.joblib,.joblib,5249759,2026-04-29T09:09:05+00:00
model,outputs/models/ablation_study/a6_without_engineered_class_weighted_logistic_regression_isotonic.joblib,C:\Users\AKTS\Desktop\Resul\Data_Mining_Project\outputs\models\ablation_study\a6_without_engineered_class_weighted_logistic_regression_isotonic.joblib,a6_without_engineered_class_weighted_logistic_regression_isotonic.joblib,.joblib,21183,2026-04-29T09:09:21+00:00
model,outputs/models/ablation_study/a6_without_engineered_decision_tree_isotonic.joblib,C:\Users\AKTS\Desktop\Resul\Data_Mining_Project\outputs\models\ablation_study\a6_without_engineered_decision_tree_isotonic.joblib,a6_without_engineered_decision_tree_isotonic.joblib,.joblib,28959,2026-04-29T09:09:22+00:00
model,outputs/models/ablation_study/a6_without_engineered_lightgbm_isotonic.joblib,C:\Users\AKTS\Desktop\Resul\Data_Mining_Project\outputs\models\ablation_study\a6_without_engineered_lightgbm_isotonic.joblib,a6_without_engineered_lightgbm_isotonic.joblib,.joblib,5246255,2026-04-29T09:09:02+00:00
model,outputs/models/ablation_study/a6_without_engineered_logistic_regression_isotonic.joblib,C:\Users\AKTS\Desktop\Resul\Data_Mining_Project\outputs\models\ablation_study\a6_without_engineered_logistic_regression_isotonic.joblib,a6_without_engineered_logistic_regression_isotonic.joblib,.joblib,21263,2026-04-29T09:09:19+00:00
model,outputs/models/ablation_study/a6_without_engineered_majority_baseline_isotonic.joblib,C:\Users\AKTS\Desktop\Resul\Data_Mining_Project\outputs\models\ablation_study\a6_without_engineered_majority_baseline_isotonic.joblib,a6_without_engineered_majority_baseline_isotonic.joblib,.joblib,4095,2026-04-29T09:09:24+00:00
model,outputs/models/ablation_study/a6_without_engineered_monotonic_lightgbm_isotonic.joblib,C:\Users\AKTS\Desktop\Resul\Data_Mining_Project\outputs\models\ablation_study\a6_without_engineered_monotonic_lightgbm_isotonic.joblib,a6_without_engineered_monotonic_lightgbm_isotonic.joblib,.joblib,5249071,2026-04-29T09:09:08+00:00
model,outputs/models/ablation_study/a6_without_engineered_monotonic_xgboost_isotonic.joblib,C:\Users\AKTS\Desktop\Resul\Data_Mining_Project\outputs\models\ablation_study\a6_without_engineered_monotonic_xgboost_isotonic.joblib,a6_without_engineered_monotonic_xgboost_isotonic.joblib,.joblib,1856527,2026-04-29T09:08:59+00:00
model,outputs/models/ablation_study/a6_without_engineered_optuna_best_catboost_isotonic.joblib,C:\Users\AKTS\Desktop\Resul\Data_Mining_Project\outputs\models\ablation_study\a6_without_engineered_optuna_best_catboost_isotonic.joblib,a6_without_engineered_optuna_best_catboost_isotonic.joblib,.joblib,1384191,2026-04-29T09:08:52+00:00
model,outputs/models/ablation_study/a6_without_engineered_random_forest_isotonic.joblib,C:\Users\AKTS\Desktop\Resul\Data_Mining_Project\outputs\models\ablation_study\a6_without_engineered_random_forest_isotonic.joblib,a6_without_engineered_random_forest_isotonic.joblib,.joblib,38226831,2026-04-29T09:08:56+00:00
model,outputs/models/ablation_study/a6_without_engineered_smotenc_xgboost_sigmoid.joblib,C:\Users\AKTS\Desktop\Resul\Data_Mining_Project\outputs\models\ablation_study\a6_without_engineered_smotenc_xgboost_sigmoid.joblib,a6_without_engineered_smotenc_xgboost_sigmoid.joblib,.joblib,3683744,2026-04-29T09:09:12+00:00
model,outputs/models/ablation_study/a6_without_engineered_woe_scorecard_logistic_regression_isotonic.joblib,C:\Users\AKTS\Desktop\Resul\Data_Mining_Project\outputs\models\ablation_study\a6_without_engineered_woe_scorecard_logistic_regression_isotonic.joblib,a6_without_engineered_woe_scorecard_logistic_regression_isotonic.joblib,.joblib,22980,2026-04-29T09:09:16+00:00
model,outputs/models/ablation_study/a6_without_engineered_xgboost_isotonic.joblib,C:\Users\AKTS\Desktop\Resul\Data_Mining_Project\outputs\models\ablation_study\a6_without_engineered_xgboost_isotonic.joblib,a6_without_engineered_xgboost_isotonic.joblib,.joblib,1855855,2026-04-29T09:08:43+00:00
model,outputs/models/baselines/heloc/class_weighted_logistic_regression.joblib,C:\Users\AKTS\Desktop\Resul\Data_Mining_Project\outputs\models\baselines\heloc\class_weighted_logistic_regression.joblib,class_weighted_logistic_regression.joblib,.joblib,10038,2026-04-29T07:14:31+00:00
model,outputs/models/baselines/heloc/decision_tree.joblib,C:\Users\AKTS\Desktop\Resul\Data_Mining_Project\outputs\models\baselines\heloc\decision_tree.joblib,decision_tree.joblib,.joblib,13844,2026-04-29T07:14:32+00:00
model,outputs/models/baselines/heloc/logistic_regression.joblib,C:\Users\AKTS\Desktop\Resul\Data_Mining_Project\outputs\models\baselines\heloc\logistic_regression.joblib,logistic_regression.joblib,.joblib,10022,2026-04-29T07:14:31+00:00
model,outputs/models/baselines/heloc/majority_baseline.joblib,C:\Users\AKTS\Desktop\Resul\Data_Mining_Project\outputs\models\baselines\heloc\majority_baseline.joblib,majority_baseline.joblib,.joblib,1607,2026-04-29T07:14:31+00:00
model,outputs/models/baselines/heloc/random_forest.joblib,C:\Users\AKTS\Desktop\Resul\Data_Mining_Project\outputs\models\baselines\heloc\random_forest.joblib,random_forest.joblib,.joblib,6801595,2026-04-29T07:14:33+00:00
model,outputs/models/baselines/heloc/woe_scorecard_logistic_regression.joblib,C:\Users\AKTS\Desktop\Resul\Data_Mining_Project\outputs\models\baselines\heloc\woe_scorecard_logistic_regression.joblib,woe_scorecard_logistic_regression.joblib,.joblib,9517,2026-04-29T07:14:32+00:00
model,outputs/models/baselines/taiwan/class_weighted_logistic_regression.joblib,C:\Users\AKTS\Desktop\Resul\Data_Mining_Project\outputs\models\baselines\taiwan\class_weighted_logistic_regression.joblib,class_weighted_logistic_regression.joblib,.joblib,8774,2026-04-29T07:14:27+00:00
model,outputs/models/baselines/taiwan/decision_tree.joblib,C:\Users\AKTS\Desktop\Resul\Data_Mining_Project\outputs\models\baselines\taiwan\decision_tree.joblib,decision_tree.joblib,.joblib,12404,2026-04-29T07:14:30+00:00
model,outputs/models/baselines/taiwan/logistic_regression.joblib,C:\Users\AKTS\Desktop\Resul\Data_Mining_Project\outputs\models\baselines\taiwan\logistic_regression.joblib,logistic_regression.joblib,.joblib,8758,2026-04-29T07:14:27+00:00
model,outputs/models/baselines/taiwan/majority_baseline.joblib,C:\Users\AKTS\Desktop\Resul\Data_Mining_Project\outputs\models\baselines\taiwan\majority_baseline.joblib,majority_baseline.joblib,.joblib,1351,2026-04-29T07:14:26+00:00
model,outputs/models/baselines/taiwan/random_forest.joblib,C:\Users\AKTS\Desktop\Resul\Data_Mining_Project\outputs\models\baselines\taiwan\random_forest.joblib,random_forest.joblib,.joblib,18723051,2026-04-29T07:14:31+00:00
model,outputs/models/baselines/taiwan/woe_scorecard_logistic_regression.joblib,C:\Users\AKTS\Desktop\Resul\Data_Mining_Project\outputs\models\baselines\taiwan\woe_scorecard_logistic_regression.joblib,woe_scorecard_logistic_regression.joblib,.joblib,11005,2026-04-29T07:14:29+00:00
model,outputs/models/boosting/heloc/catboost.joblib,C:\Users\AKTS\Desktop\Resul\Data_Mining_Project\outputs\models\boosting\heloc\catboost.joblib,catboost.joblib,.joblib,257969,2026-04-29T07:14:50+00:00
model,outputs/models/boosting/heloc/class_weighted_lightgbm.joblib,C:\Users\AKTS\Desktop\Resul\Data_Mining_Project\outputs\models\boosting\heloc\class_weighted_lightgbm.joblib,class_weighted_lightgbm.joblib,.joblib,1744159,2026-04-29T07:14:51+00:00
model,outputs/models/boosting/heloc/lightgbm.joblib,C:\Users\AKTS\Desktop\Resul\Data_Mining_Project\outputs\models\boosting\heloc\lightgbm.joblib,lightgbm.joblib,.joblib,1743759,2026-04-29T07:14:49+00:00
model,outputs/models/boosting/heloc/smotenc_xgboost.joblib,C:\Users\AKTS\Desktop\Resul\Data_Mining_Project\outputs\models\boosting\heloc\smotenc_xgboost.joblib,smotenc_xgboost.joblib,.joblib,1459717,2026-04-29T07:14:51+00:00
model,outputs/models/boosting/heloc/xgboost.joblib,C:\Users\AKTS\Desktop\Resul\Data_Mining_Project\outputs\models\boosting\heloc\xgboost.joblib,xgboost.joblib,.joblib,617137,2026-04-29T07:14:49+00:00
model,outputs/models/boosting/taiwan/catboost.joblib,C:\Users\AKTS\Desktop\Resul\Data_Mining_Project\outputs\models\boosting\taiwan\catboost.joblib,catboost.joblib,.joblib,257396,2026-04-29T07:14:45+00:00
model,outputs/models/boosting/taiwan/class_weighted_lightgbm.joblib,C:\Users\AKTS\Desktop\Resul\Data_Mining_Project\outputs\models\boosting\taiwan\class_weighted_lightgbm.joblib,class_weighted_lightgbm.joblib,.joblib,1757343,2026-04-29T07:14:47+00:00
model,outputs/models/boosting/taiwan/lightgbm.joblib,C:\Users\AKTS\Desktop\Resul\Data_Mining_Project\outputs\models\boosting\taiwan\lightgbm.joblib,lightgbm.joblib,.joblib,1755567,2026-04-29T07:14:42+00:00
model,outputs/models/boosting/taiwan/smotenc_xgboost.joblib,C:\Users\AKTS\Desktop\Resul\Data_Mining_Project\outputs\models\boosting\taiwan\smotenc_xgboost.joblib,smotenc_xgboost.joblib,.joblib,2197182,2026-04-29T07:14:46+00:00
model,outputs/models/boosting/taiwan/xgboost.joblib,C:\Users\AKTS\Desktop\Resul\Data_Mining_Project\outputs\models\boosting\taiwan\xgboost.joblib,xgboost.joblib,.joblib,637795,2026-04-29T07:14:41+00:00
model,outputs/models/boosting/tuned/heloc_optuna_best_xgboost.joblib,C:\Users\AKTS\Desktop\Resul\Data_Mining_Project\outputs\models\boosting\tuned\heloc_optuna_best_xgboost.joblib,heloc_optuna_best_xgboost.joblib,.joblib,854782,2026-04-29T08:13:23+00:00
model,outputs/models/boosting/tuned/heloc_optuna_study.joblib,C:\Users\AKTS\Desktop\Resul\Data_Mining_Project\outputs\models\boosting\tuned\heloc_optuna_study.joblib,heloc_optuna_study.joblib,.joblib,39102,2026-04-29T08:13:22+00:00
model,outputs/models/boosting/tuned/taiwan_optuna_best_catboost.joblib,C:\Users\AKTS\Desktop\Resul\Data_Mining_Project\outputs\models\boosting\tuned\taiwan_optuna_best_catboost.joblib,taiwan_optuna_best_catboost.joblib,.joblib,465989,2026-04-29T08:08:11+00:00
model,outputs/models/boosting/tuned/taiwan_optuna_study.joblib,C:\Users\AKTS\Desktop\Resul\Data_Mining_Project\outputs\models\boosting\tuned\taiwan_optuna_study.joblib,taiwan_optuna_study.joblib,.joblib,62254,2026-04-29T08:08:08+00:00
model,outputs/models/calibrated/heloc/catboost_isotonic.joblib,C:\Users\AKTS\Desktop\Resul\Data_Mining_Project\outputs\models\calibrated\heloc\catboost_isotonic.joblib,catboost_isotonic.joblib,.joblib,775168,2026-04-29T08:15:16+00:00
model,outputs/models/calibrated/heloc/catboost_sigmoid.joblib,C:\Users\AKTS\Desktop\Resul\Data_Mining_Project\outputs\models\calibrated\heloc\catboost_sigmoid.joblib,catboost_sigmoid.joblib,.joblib,772112,2026-04-29T08:15:13+00:00
model,outputs/models/calibrated/heloc/catboost_uncalibrated.joblib,C:\Users\AKTS\Desktop\Resul\Data_Mining_Project\outputs\models\calibrated\heloc\catboost_uncalibrated.joblib,catboost_uncalibrated.joblib,.joblib,257969,2026-04-29T08:15:11+00:00
model,outputs/models/calibrated/heloc/class_weighted_lightgbm_isotonic.joblib,C:\Users\AKTS\Desktop\Resul\Data_Mining_Project\outputs\models\calibrated\heloc\class_weighted_lightgbm_isotonic.joblib,class_weighted_lightgbm_isotonic.joblib,.joblib,5235744,2026-04-29T08:15:22+00:00
model,outputs/models/calibrated/heloc/class_weighted_lightgbm_sigmoid.joblib,C:\Users\AKTS\Desktop\Resul\Data_Mining_Project\outputs\models\calibrated\heloc\class_weighted_lightgbm_sigmoid.joblib,class_weighted_lightgbm_sigmoid.joblib,.joblib,5232880,2026-04-29T08:15:21+00:00
model,outputs/models/calibrated/heloc/class_weighted_lightgbm_uncalibrated.joblib,C:\Users\AKTS\Desktop\Resul\Data_Mining_Project\outputs\models\calibrated\heloc\class_weighted_lightgbm_uncalibrated.joblib,class_weighted_lightgbm_uncalibrated.joblib,.joblib,1744159,2026-04-29T08:15:20+00:00
model,outputs/models/calibrated/heloc/class_weighted_logistic_regression_isotonic.joblib,C:\Users\AKTS\Desktop\Resul\Data_Mining_Project\outputs\models\calibrated\heloc\class_weighted_logistic_regression_isotonic.joblib,class_weighted_logistic_regression_isotonic.joblib,.joblib,30752,2026-04-29T08:14:56+00:00
model,outputs/models/calibrated/heloc/class_weighted_logistic_regression_sigmoid.joblib,C:\Users\AKTS\Desktop\Resul\Data_Mining_Project\outputs\models\calibrated\heloc\class_weighted_logistic_regression_sigmoid.joblib,class_weighted_logistic_regression_sigmoid.joblib,.joblib,27920,2026-04-29T08:14:56+00:00
model,outputs/models/calibrated/heloc/class_weighted_logistic_regression_uncalibrated.joblib,C:\Users\AKTS\Desktop\Resul\Data_Mining_Project\outputs\models\calibrated\heloc\class_weighted_logistic_regression_uncalibrated.joblib,class_weighted_logistic_regression_uncalibrated.joblib,.joblib,10038,2026-04-29T08:14:56+00:00
model,outputs/models/calibrated/heloc/decision_tree_isotonic.joblib,C:\Users\AKTS\Desktop\Resul\Data_Mining_Project\outputs\models\calibrated\heloc\decision_tree_isotonic.joblib,decision_tree_isotonic.joblib,.joblib,39632,2026-04-29T08:15:00+00:00
model,outputs/models/calibrated/heloc/decision_tree_sigmoid.joblib,C:\Users\AKTS\Desktop\Resul\Data_Mining_Project\outputs\models\calibrated\heloc\decision_tree_sigmoid.joblib,decision_tree_sigmoid.joblib,.joblib,38208,2026-04-29T08:15:00+00:00
model,outputs/models/calibrated/heloc/decision_tree_uncalibrated.joblib,C:\Users\AKTS\Desktop\Resul\Data_Mining_Project\outputs\models\calibrated\heloc\decision_tree_uncalibrated.joblib,decision_tree_uncalibrated.joblib,.joblib,13844,2026-04-29T08:15:00+00:00
model,outputs/models/calibrated/heloc/lightgbm_isotonic.joblib,C:\Users\AKTS\Desktop\Resul\Data_Mining_Project\outputs\models\calibrated\heloc\lightgbm_isotonic.joblib,lightgbm_isotonic.joblib,.joblib,5235280,2026-04-29T08:15:10+00:00
model,outputs/models/calibrated/heloc/lightgbm_sigmoid.joblib,C:\Users\AKTS\Desktop\Resul\Data_Mining_Project\outputs\models\calibrated\heloc\lightgbm_sigmoid.joblib,lightgbm_sigmoid.joblib,.joblib,5232432,2026-04-29T08:15:09+00:00
model,outputs/models/calibrated/heloc/lightgbm_uncalibrated.joblib,C:\Users\AKTS\Desktop\Resul\Data_Mining_Project\outputs\models\calibrated\heloc\lightgbm_uncalibrated.joblib,lightgbm_uncalibrated.joblib,.joblib,1743759,2026-04-29T08:15:08+00:00
model,outputs/models/calibrated/heloc/logistic_regression_isotonic.joblib,C:\Users\AKTS\Desktop\Resul\Data_Mining_Project\outputs\models\calibrated\heloc\logistic_regression_isotonic.joblib,logistic_regression_isotonic.joblib,.joblib,30432,2026-04-29T08:14:56+00:00
model,outputs/models/calibrated/heloc/logistic_regression_sigmoid.joblib,C:\Users\AKTS\Desktop\Resul\Data_Mining_Project\outputs\models\calibrated\heloc\logistic_regression_sigmoid.joblib,logistic_regression_sigmoid.joblib,.joblib,27920,2026-04-29T08:14:55+00:00
model,outputs/models/calibrated/heloc/logistic_regression_uncalibrated.joblib,C:\Users\AKTS\Desktop\Resul\Data_Mining_Project\outputs\models\calibrated\heloc\logistic_regression_uncalibrated.joblib,logistic_regression_uncalibrated.joblib,.joblib,10022,2026-04-29T08:14:55+00:00
model,outputs/models/calibrated/heloc/majority_baseline_isotonic.joblib,C:\Users\AKTS\Desktop\Resul\Data_Mining_Project\outputs\models\calibrated\heloc\majority_baseline_isotonic.joblib,majority_baseline_isotonic.joblib,.joblib,6240,2026-04-29T08:14:55+00:00
model,outputs/models/calibrated/heloc/majority_baseline_sigmoid.joblib,C:\Users\AKTS\Desktop\Resul\Data_Mining_Project\outputs\models\calibrated\heloc\majority_baseline_sigmoid.joblib,majority_baseline_sigmoid.joblib,.joblib,5728,2026-04-29T08:14:55+00:00
model,outputs/models/calibrated/heloc/majority_baseline_uncalibrated.joblib,C:\Users\AKTS\Desktop\Resul\Data_Mining_Project\outputs\models\calibrated\heloc\majority_baseline_uncalibrated.joblib,majority_baseline_uncalibrated.joblib,.joblib,1607,2026-04-29T08:14:55+00:00
model,outputs/models/calibrated/heloc/monotonic_lightgbm_isotonic.joblib,C:\Users\AKTS\Desktop\Resul\Data_Mining_Project\outputs\models\calibrated\heloc\monotonic_lightgbm_isotonic.joblib,monotonic_lightgbm_isotonic.joblib,.joblib,5223472,2026-04-29T08:15:26+00:00
model,outputs/models/calibrated/heloc/monotonic_lightgbm_sigmoid.joblib,C:\Users\AKTS\Desktop\Resul\Data_Mining_Project\outputs\models\calibrated\heloc\monotonic_lightgbm_sigmoid.joblib,monotonic_lightgbm_sigmoid.joblib,.joblib,5220400,2026-04-29T08:15:25+00:00
model,outputs/models/calibrated/heloc/monotonic_lightgbm_uncalibrated.joblib,C:\Users\AKTS\Desktop\Resul\Data_Mining_Project\outputs\models\calibrated\heloc\monotonic_lightgbm_uncalibrated.joblib,monotonic_lightgbm_uncalibrated.joblib,.joblib,1742070,2026-04-29T08:15:24+00:00
model,outputs/models/calibrated/heloc/monotonic_xgboost_isotonic.joblib,C:\Users\AKTS\Desktop\Resul\Data_Mining_Project\outputs\models\calibrated\heloc\monotonic_xgboost_isotonic.joblib,monotonic_xgboost_isotonic.joblib,.joblib,1804336,2026-04-29T08:15:24+00:00
model,outputs/models/calibrated/heloc/monotonic_xgboost_sigmoid.joblib,C:\Users\AKTS\Desktop\Resul\Data_Mining_Project\outputs\models\calibrated\heloc\monotonic_xgboost_sigmoid.joblib,monotonic_xgboost_sigmoid.joblib,.joblib,1802624,2026-04-29T08:15:23+00:00
model,outputs/models/calibrated/heloc/monotonic_xgboost_uncalibrated.joblib,C:\Users\AKTS\Desktop\Resul\Data_Mining_Project\outputs\models\calibrated\heloc\monotonic_xgboost_uncalibrated.joblib,monotonic_xgboost_uncalibrated.joblib,.joblib,614769,2026-04-29T08:15:22+00:00
model,outputs/models/calibrated/heloc/optuna_best_xgboost_isotonic.joblib,C:\Users\AKTS\Desktop\Resul\Data_Mining_Project\outputs\models\calibrated\heloc\optuna_best_xgboost_isotonic.joblib,optuna_best_xgboost_isotonic.joblib,.joblib,2457008,2026-04-29T08:15:29+00:00
model,outputs/models/calibrated/heloc/optuna_best_xgboost_sigmoid.joblib,C:\Users\AKTS\Desktop\Resul\Data_Mining_Project\outputs\models\calibrated\heloc\optuna_best_xgboost_sigmoid.joblib,optuna_best_xgboost_sigmoid.joblib,.joblib,2455040,2026-04-29T08:15:28+00:00
model,outputs/models/calibrated/heloc/optuna_best_xgboost_uncalibrated.joblib,C:\Users\AKTS\Desktop\Resul\Data_Mining_Project\outputs\models\calibrated\heloc\optuna_best_xgboost_uncalibrated.joblib,optuna_best_xgboost_uncalibrated.joblib,.joblib,854782,2026-04-29T08:15:27+00:00
model,outputs/models/calibrated/heloc/random_forest_isotonic.joblib,C:\Users\AKTS\Desktop\Resul\Data_Mining_Project\outputs\models\calibrated\heloc\random_forest_isotonic.joblib,random_forest_isotonic.joblib,.joblib,13708080,2026-04-29T08:15:05+00:00
model,outputs/models/calibrated/heloc/random_forest_sigmoid.joblib,C:\Users\AKTS\Desktop\Resul\Data_Mining_Project\outputs\models\calibrated\heloc\random_forest_sigmoid.joblib,random_forest_sigmoid.joblib,.joblib,13705104,2026-04-29T08:15:03+00:00
model,outputs/models/calibrated/heloc/random_forest_uncalibrated.joblib,C:\Users\AKTS\Desktop\Resul\Data_Mining_Project\outputs\models\calibrated\heloc\random_forest_uncalibrated.joblib,random_forest_uncalibrated.joblib,.joblib,6801595,2026-04-29T08:15:01+00:00
model,outputs/models/calibrated/heloc/smotenc_xgboost_isotonic.joblib,C:\Users\AKTS\Desktop\Resul\Data_Mining_Project\outputs\models\calibrated\heloc\smotenc_xgboost_isotonic.joblib,smotenc_xgboost_isotonic.joblib,.joblib,3486720,2026-04-29T08:15:19+00:00
model,outputs/models/calibrated/heloc/smotenc_xgboost_sigmoid.joblib,C:\Users\AKTS\Desktop\Resul\Data_Mining_Project\outputs\models\calibrated\heloc\smotenc_xgboost_sigmoid.joblib,smotenc_xgboost_sigmoid.joblib,.joblib,3484976,2026-04-29T08:15:18+00:00
model,outputs/models/calibrated/heloc/smotenc_xgboost_uncalibrated.joblib,C:\Users\AKTS\Desktop\Resul\Data_Mining_Project\outputs\models\calibrated\heloc\smotenc_xgboost_uncalibrated.joblib,smotenc_xgboost_uncalibrated.joblib,.joblib,1459717,2026-04-29T08:15:16+00:00
model,outputs/models/calibrated/heloc/woe_scorecard_logistic_regression_isotonic.joblib,C:\Users\AKTS\Desktop\Resul\Data_Mining_Project\outputs\models\calibrated\heloc\woe_scorecard_logistic_regression_isotonic.joblib,woe_scorecard_logistic_regression_isotonic.joblib,.joblib,29220,2026-04-29T08:15:00+00:00
model,outputs/models/calibrated/heloc/woe_scorecard_logistic_regression_sigmoid.joblib,C:\Users\AKTS\Desktop\Resul\Data_Mining_Project\outputs\models\calibrated\heloc\woe_scorecard_logistic_regression_sigmoid.joblib,woe_scorecard_logistic_regression_sigmoid.joblib,.joblib,26420,2026-04-29T08:14:58+00:00
model,outputs/models/calibrated/heloc/woe_scorecard_logistic_regression_uncalibrated.joblib,C:\Users\AKTS\Desktop\Resul\Data_Mining_Project\outputs\models\calibrated\heloc\woe_scorecard_logistic_regression_uncalibrated.joblib,woe_scorecard_logistic_regression_uncalibrated.joblib,.joblib,9517,2026-04-29T08:14:57+00:00
model,outputs/models/calibrated/heloc/xgboost_isotonic.joblib,C:\Users\AKTS\Desktop\Resul\Data_Mining_Project\outputs\models\calibrated\heloc\xgboost_isotonic.joblib,xgboost_isotonic.joblib,.joblib,1809584,2026-04-29T08:15:07+00:00
model,outputs/models/calibrated/heloc/xgboost_sigmoid.joblib,C:\Users\AKTS\Desktop\Resul\Data_Mining_Project\outputs\models\calibrated\heloc\xgboost_sigmoid.joblib,xgboost_sigmoid.joblib,.joblib,1807808,2026-04-29T08:15:06+00:00
model,outputs/models/calibrated/heloc/xgboost_uncalibrated.joblib,C:\Users\AKTS\Desktop\Resul\Data_Mining_Project\outputs\models\calibrated\heloc\xgboost_uncalibrated.joblib,xgboost_uncalibrated.joblib,.joblib,617137,2026-04-29T08:15:05+00:00
model,outputs/models/calibrated/taiwan/catboost_isotonic.joblib,C:\Users\AKTS\Desktop\Resul\Data_Mining_Project\outputs\models\calibrated\taiwan\catboost_isotonic.joblib,catboost_isotonic.joblib,.joblib,774943,2026-04-29T08:14:14+00:00
model,outputs/models/calibrated/taiwan/catboost_sigmoid.joblib,C:\Users\AKTS\Desktop\Resul\Data_Mining_Project\outputs\models\calibrated\taiwan\catboost_sigmoid.joblib,catboost_sigmoid.joblib,.joblib,770975,2026-04-29T08:14:07+00:00
model,outputs/models/calibrated/taiwan/catboost_uncalibrated.joblib,C:\Users\AKTS\Desktop\Resul\Data_Mining_Project\outputs\models\calibrated\taiwan\catboost_uncalibrated.joblib,catboost_uncalibrated.joblib,.joblib,257396,2026-04-29T08:14:01+00:00
model,outputs/models/calibrated/taiwan/class_weighted_lightgbm_isotonic.joblib,C:\Users\AKTS\Desktop\Resul\Data_Mining_Project\outputs\models\calibrated\taiwan\class_weighted_lightgbm_isotonic.joblib,class_weighted_lightgbm_isotonic.joblib,.joblib,5266751,2026-04-29T08:14:27+00:00
model,outputs/models/calibrated/taiwan/class_weighted_lightgbm_sigmoid.joblib,C:\Users\AKTS\Desktop\Resul\Data_Mining_Project\outputs\models\calibrated\taiwan\class_weighted_lightgbm_sigmoid.joblib,class_weighted_lightgbm_sigmoid.joblib,.joblib,5262831,2026-04-29T08:14:25+00:00
model,outputs/models/calibrated/taiwan/class_weighted_lightgbm_uncalibrated.joblib,C:\Users\AKTS\Desktop\Resul\Data_Mining_Project\outputs\models\calibrated\taiwan\class_weighted_lightgbm_uncalibrated.joblib,class_weighted_lightgbm_uncalibrated.joblib,.joblib,1757343,2026-04-29T08:14:24+00:00
model,outputs/models/calibrated/taiwan/class_weighted_logistic_regression_isotonic.joblib,C:\Users\AKTS\Desktop\Resul\Data_Mining_Project\outputs\models\calibrated\taiwan\class_weighted_logistic_regression_isotonic.joblib,class_weighted_logistic_regression_isotonic.joblib,.joblib,28495,2026-04-29T08:13:29+00:00
model,outputs/models/calibrated/taiwan/class_weighted_logistic_regression_sigmoid.joblib,C:\Users\AKTS\Desktop\Resul\Data_Mining_Project\outputs\models\calibrated\taiwan\class_weighted_logistic_regression_sigmoid.joblib,class_weighted_logistic_regression_sigmoid.joblib,.joblib,24575,2026-04-29T08:13:29+00:00
model,outputs/models/calibrated/taiwan/class_weighted_logistic_regression_uncalibrated.joblib,C:\Users\AKTS\Desktop\Resul\Data_Mining_Project\outputs\models\calibrated\taiwan\class_weighted_logistic_regression_uncalibrated.joblib,class_weighted_logistic_regression_uncalibrated.joblib,.joblib,8774,2026-04-29T08:13:28+00:00
model,outputs/models/calibrated/taiwan/decision_tree_isotonic.joblib,C:\Users\AKTS\Desktop\Resul\Data_Mining_Project\outputs\models\calibrated\taiwan\decision_tree_isotonic.joblib,decision_tree_isotonic.joblib,.joblib,36271,2026-04-29T08:13:43+00:00
model,outputs/models/calibrated/taiwan/decision_tree_sigmoid.joblib,C:\Users\AKTS\Desktop\Resul\Data_Mining_Project\outputs\models\calibrated\taiwan\decision_tree_sigmoid.joblib,decision_tree_sigmoid.joblib,.joblib,34703,2026-04-29T08:13:42+00:00
model,outputs/models/calibrated/taiwan/decision_tree_uncalibrated.joblib,C:\Users\AKTS\Desktop\Resul\Data_Mining_Project\outputs\models\calibrated\taiwan\decision_tree_uncalibrated.joblib,decision_tree_uncalibrated.joblib,.joblib,12404,2026-04-29T08:13:42+00:00
model,outputs/models/calibrated/taiwan/lightgbm_isotonic.joblib,C:\Users\AKTS\Desktop\Resul\Data_Mining_Project\outputs\models\calibrated\taiwan\lightgbm_isotonic.joblib,lightgbm_isotonic.joblib,.joblib,5261951,2026-04-29T08:13:58+00:00
model,outputs/models/calibrated/taiwan/lightgbm_sigmoid.joblib,C:\Users\AKTS\Desktop\Resul\Data_Mining_Project\outputs\models\calibrated\taiwan\lightgbm_sigmoid.joblib,lightgbm_sigmoid.joblib,.joblib,5258095,2026-04-29T08:13:57+00:00
model,outputs/models/calibrated/taiwan/lightgbm_uncalibrated.joblib,C:\Users\AKTS\Desktop\Resul\Data_Mining_Project\outputs\models\calibrated\taiwan\lightgbm_uncalibrated.joblib,lightgbm_uncalibrated.joblib,.joblib,1755567,2026-04-29T08:13:55+00:00
model,outputs/models/calibrated/taiwan/logistic_regression_isotonic.joblib,C:\Users\AKTS\Desktop\Resul\Data_Mining_Project\outputs\models\calibrated\taiwan\logistic_regression_isotonic.joblib,logistic_regression_isotonic.joblib,.joblib,28191,2026-04-29T08:13:28+00:00
model,outputs/models/calibrated/taiwan/logistic_regression_sigmoid.joblib,C:\Users\AKTS\Desktop\Resul\Data_Mining_Project\outputs\models\calibrated\taiwan\logistic_regression_sigmoid.joblib,logistic_regression_sigmoid.joblib,.joblib,24575,2026-04-29T08:13:27+00:00
model,outputs/models/calibrated/taiwan/logistic_regression_uncalibrated.joblib,C:\Users\AKTS\Desktop\Resul\Data_Mining_Project\outputs\models\calibrated\taiwan\logistic_regression_uncalibrated.joblib,logistic_regression_uncalibrated.joblib,.joblib,8758,2026-04-29T08:13:27+00:00
model,outputs/models/calibrated/taiwan/majority_baseline_isotonic.joblib,C:\Users\AKTS\Desktop\Resul\Data_Mining_Project\outputs\models\calibrated\taiwan\majority_baseline_isotonic.joblib,majority_baseline_isotonic.joblib,.joblib,5215,2026-04-29T08:13:26+00:00
model,outputs/models/calibrated/taiwan/majority_baseline_sigmoid.joblib,C:\Users\AKTS\Desktop\Resul\Data_Mining_Project\outputs\models\calibrated\taiwan\majority_baseline_sigmoid.joblib,majority_baseline_sigmoid.joblib,.joblib,4703,2026-04-29T08:13:26+00:00
model,outputs/models/calibrated/taiwan/majority_baseline_uncalibrated.joblib,C:\Users\AKTS\Desktop\Resul\Data_Mining_Project\outputs\models\calibrated\taiwan\majority_baseline_uncalibrated.joblib,majority_baseline_uncalibrated.joblib,.joblib,1351,2026-04-29T08:13:26+00:00
model,outputs/models/calibrated/taiwan/monotonic_lightgbm_isotonic.joblib,C:\Users\AKTS\Desktop\Resul\Data_Mining_Project\outputs\models\calibrated\taiwan\monotonic_lightgbm_isotonic.joblib,monotonic_lightgbm_isotonic.joblib,.joblib,5260431,2026-04-29T08:14:36+00:00
model,outputs/models/calibrated/taiwan/monotonic_lightgbm_sigmoid.joblib,C:\Users\AKTS\Desktop\Resul\Data_Mining_Project\outputs\models\calibrated\taiwan\monotonic_lightgbm_sigmoid.joblib,monotonic_lightgbm_sigmoid.joblib,.joblib,5256623,2026-04-29T08:14:34+00:00
model,outputs/models/calibrated/taiwan/monotonic_lightgbm_uncalibrated.joblib,C:\Users\AKTS\Desktop\Resul\Data_Mining_Project\outputs\models\calibrated\taiwan\monotonic_lightgbm_uncalibrated.joblib,monotonic_lightgbm_uncalibrated.joblib,.joblib,1754182,2026-04-29T08:14:32+00:00
model,outputs/models/calibrated/taiwan/monotonic_xgboost_isotonic.joblib,C:\Users\AKTS\Desktop\Resul\Data_Mining_Project\outputs\models\calibrated\taiwan\monotonic_xgboost_isotonic.joblib,monotonic_xgboost_isotonic.joblib,.joblib,1867471,2026-04-29T08:14:31+00:00
model,outputs/models/calibrated/taiwan/monotonic_xgboost_sigmoid.joblib,C:\Users\AKTS\Desktop\Resul\Data_Mining_Project\outputs\models\calibrated\taiwan\monotonic_xgboost_sigmoid.joblib,monotonic_xgboost_sigmoid.joblib,.joblib,1865455,2026-04-29T08:14:29+00:00
model,outputs/models/calibrated/taiwan/monotonic_xgboost_uncalibrated.joblib,C:\Users\AKTS\Desktop\Resul\Data_Mining_Project\outputs\models\calibrated\taiwan\monotonic_xgboost_uncalibrated.joblib,monotonic_xgboost_uncalibrated.joblib,.joblib,640045,2026-04-29T08:14:28+00:00
model,outputs/models/calibrated/taiwan/optuna_best_catboost_isotonic.joblib,C:\Users\AKTS\Desktop\Resul\Data_Mining_Project\outputs\models\calibrated\taiwan\optuna_best_catboost_isotonic.joblib,optuna_best_catboost_isotonic.joblib,.joblib,1398079,2026-04-29T08:14:54+00:00
model,outputs/models/calibrated/taiwan/optuna_best_catboost_sigmoid.joblib,C:\Users\AKTS\Desktop\Resul\Data_Mining_Project\outputs\models\calibrated\taiwan\optuna_best_catboost_sigmoid.joblib,optuna_best_catboost_sigmoid.joblib,.joblib,1394303,2026-04-29T08:14:47+00:00
model,outputs/models/calibrated/taiwan/optuna_best_catboost_uncalibrated.joblib,C:\Users\AKTS\Desktop\Resul\Data_Mining_Project\outputs\models\calibrated\taiwan\optuna_best_catboost_uncalibrated.joblib,optuna_best_catboost_uncalibrated.joblib,.joblib,465989,2026-04-29T08:14:39+00:00
model,outputs/models/calibrated/taiwan/optuna_best_lightgbm_isotonic.joblib,C:\Users\AKTS\Desktop\Resul\Data_Mining_Project\outputs\models\calibrated\taiwan\optuna_best_lightgbm_isotonic.joblib,optuna_best_lightgbm_isotonic.joblib,.joblib,844911,2026-04-28T07:07:25+00:00
model,outputs/models/calibrated/taiwan/optuna_best_lightgbm_sigmoid.joblib,C:\Users\AKTS\Desktop\Resul\Data_Mining_Project\outputs\models\calibrated\taiwan\optuna_best_lightgbm_sigmoid.joblib,optuna_best_lightgbm_sigmoid.joblib,.joblib,841071,2026-04-28T07:07:24+00:00
model,outputs/models/calibrated/taiwan/optuna_best_lightgbm_uncalibrated.joblib,C:\Users\AKTS\Desktop\Resul\Data_Mining_Project\outputs\models\calibrated\taiwan\optuna_best_lightgbm_uncalibrated.joblib,optuna_best_lightgbm_uncalibrated.joblib,.joblib,284687,2026-04-28T07:07:24+00:00
model,outputs/models/calibrated/taiwan/random_forest_isotonic.joblib,C:\Users\AKTS\Desktop\Resul\Data_Mining_Project\outputs\models\calibrated\taiwan\random_forest_isotonic.joblib,random_forest_isotonic.joblib,.joblib,37683039,2026-04-29T08:13:51+00:00
model,outputs/models/calibrated/taiwan/random_forest_sigmoid.joblib,C:\Users\AKTS\Desktop\Resul\Data_Mining_Project\outputs\models\calibrated\taiwan\random_forest_sigmoid.joblib,random_forest_sigmoid.joblib,.joblib,37679167,2026-04-29T08:13:47+00:00
model,outputs/models/calibrated/taiwan/random_forest_uncalibrated.joblib,C:\Users\AKTS\Desktop\Resul\Data_Mining_Project\outputs\models\calibrated\taiwan\random_forest_uncalibrated.joblib,random_forest_uncalibrated.joblib,.joblib,18723051,2026-04-29T08:13:44+00:00
model,outputs/models/calibrated/taiwan/smotenc_xgboost_isotonic.joblib,C:\Users\AKTS\Desktop\Resul\Data_Mining_Project\outputs\models\calibrated\taiwan\smotenc_xgboost_isotonic.joblib,smotenc_xgboost_isotonic.joblib,.joblib,5016278,2026-04-29T08:14:23+00:00
model,outputs/models/calibrated/taiwan/smotenc_xgboost_sigmoid.joblib,C:\Users\AKTS\Desktop\Resul\Data_Mining_Project\outputs\models\calibrated\taiwan\smotenc_xgboost_sigmoid.joblib,smotenc_xgboost_sigmoid.joblib,.joblib,5013974,2026-04-29T08:14:19+00:00
model,outputs/models/calibrated/taiwan/smotenc_xgboost_uncalibrated.joblib,C:\Users\AKTS\Desktop\Resul\Data_Mining_Project\outputs\models\calibrated\taiwan\smotenc_xgboost_uncalibrated.joblib,smotenc_xgboost_uncalibrated.joblib,.joblib,2197182,2026-04-29T08:14:16+00:00
model,outputs/models/calibrated/taiwan/woe_scorecard_logistic_regression_isotonic.joblib,C:\Users\AKTS\Desktop\Resul\Data_Mining_Project\outputs\models\calibrated\taiwan\woe_scorecard_logistic_regression_isotonic.joblib,woe_scorecard_logistic_regression_isotonic.joblib,.joblib,35060,2026-04-29T08:13:41+00:00
model,outputs/models/calibrated/taiwan/woe_scorecard_logistic_regression_sigmoid.joblib,C:\Users\AKTS\Desktop\Resul\Data_Mining_Project\outputs\models\calibrated\taiwan\woe_scorecard_logistic_regression_sigmoid.joblib,woe_scorecard_logistic_regression_sigmoid.joblib,.joblib,31524,2026-04-29T08:13:36+00:00
model,outputs/models/calibrated/taiwan/woe_scorecard_logistic_regression_uncalibrated.joblib,C:\Users\AKTS\Desktop\Resul\Data_Mining_Project\outputs\models\calibrated\taiwan\woe_scorecard_logistic_regression_uncalibrated.joblib,woe_scorecard_logistic_regression_uncalibrated.joblib,.joblib,11005,2026-04-29T08:13:31+00:00
model,outputs/models/calibrated/taiwan/xgboost_isotonic.joblib,C:\Users\AKTS\Desktop\Resul\Data_Mining_Project\outputs\models\calibrated\taiwan\xgboost_isotonic.joblib,xgboost_isotonic.joblib,.joblib,1869711,2026-04-29T08:13:54+00:00
model,outputs/models/calibrated/taiwan/xgboost_sigmoid.joblib,C:\Users\AKTS\Desktop\Resul\Data_Mining_Project\outputs\models\calibrated\taiwan\xgboost_sigmoid.joblib,xgboost_sigmoid.joblib,.joblib,1867631,2026-04-29T08:13:53+00:00
model,outputs/models/calibrated/taiwan/xgboost_uncalibrated.joblib,C:\Users\AKTS\Desktop\Resul\Data_Mining_Project\outputs\models\calibrated\taiwan\xgboost_uncalibrated.joblib,xgboost_uncalibrated.joblib,.joblib,637795,2026-04-29T08:13:52+00:00
model,outputs/models/external_validation_heloc/lightgbm_isotonic.joblib,C:\Users\AKTS\Desktop\Resul\Data_Mining_Project\outputs\models\external_validation_heloc\lightgbm_isotonic.joblib,lightgbm_isotonic.joblib,.joblib,5235280,2026-04-29T08:56:27+00:00
model,outputs/models/external_validation_heloc/logistic_regression_isotonic.joblib,C:\Users\AKTS\Desktop\Resul\Data_Mining_Project\outputs\models\external_validation_heloc\logistic_regression_isotonic.joblib,logistic_regression_isotonic.joblib,.joblib,30432,2026-04-29T08:56:20+00:00
model,outputs/models/external_validation_heloc/monotonic_boosting_isotonic.joblib,C:\Users\AKTS\Desktop\Resul\Data_Mining_Project\outputs\models\external_validation_heloc\monotonic_boosting_isotonic.joblib,monotonic_boosting_isotonic.joblib,.joblib,5223472,2026-04-29T08:56:29+00:00
model,outputs/models/external_validation_heloc/scorecard_baseline_isotonic.joblib,C:\Users\AKTS\Desktop\Resul\Data_Mining_Project\outputs\models\external_validation_heloc\scorecard_baseline_isotonic.joblib,scorecard_baseline_isotonic.joblib,.joblib,29220,2026-04-29T08:56:22+00:00
model,outputs/models/external_validation_heloc/scre_credit.joblib,C:\Users\AKTS\Desktop\Resul\Data_Mining_Project\outputs\models\external_validation_heloc\scre_credit.joblib,scre_credit.joblib,.joblib,43198,2026-04-29T08:56:30+00:00
model,outputs/models/external_validation_heloc/xgboost_isotonic.joblib,C:\Users\AKTS\Desktop\Resul\Data_Mining_Project\outputs\models\external_validation_heloc\xgboost_isotonic.joblib,xgboost_isotonic.joblib,.joblib,1809584,2026-04-29T08:56:25+00:00
model,outputs/models/final_model.joblib,C:\Users\AKTS\Desktop\Resul\Data_Mining_Project\outputs\models\final_model.joblib,final_model.joblib,.joblib,481643,2026-04-24T10:24:32+00:00
model,outputs/models/final_model_calibrated_isotonic.joblib,C:\Users\AKTS\Desktop\Resul\Data_Mining_Project\outputs\models\final_model_calibrated_isotonic.joblib,final_model_calibrated_isotonic.joblib,.joblib,1891478,2026-04-24T10:24:50+00:00
model,outputs/models/final_model_calibrated_sigmoid.joblib,C:\Users\AKTS\Desktop\Resul\Data_Mining_Project\outputs\models\final_model_calibrated_sigmoid.joblib,final_model_calibrated_sigmoid.joblib,.joblib,1889110,2026-04-24T10:24:49+00:00
model,outputs/models/heloc_scre_credit.joblib,C:\Users\AKTS\Desktop\Resul\Data_Mining_Project\outputs\models\heloc_scre_credit.joblib,heloc_scre_credit.joblib,.joblib,4804647,2026-04-27T07:38:48+00:00
model,outputs/models/heloc_scre_credit_20260427T061543Z_06e3fce3.joblib,C:\Users\AKTS\Desktop\Resul\Data_Mining_Project\outputs\models\heloc_scre_credit_20260427T061543Z_06e3fce3.joblib,heloc_scre_credit_20260427T061543Z_06e3fce3.joblib,.joblib,4756999,2026-04-27T06:15:45+00:00
model,outputs/models/heloc_scre_credit_20260427T062407Z_d3d38dbb.joblib,C:\Users\AKTS\Desktop\Resul\Data_Mining_Project\outputs\models\heloc_scre_credit_20260427T062407Z_d3d38dbb.joblib,heloc_scre_credit_20260427T062407Z_d3d38dbb.joblib,.joblib,4756999,2026-04-27T06:24:09+00:00
model,outputs/models/heloc_scre_credit_20260427T070851Z_6f50835c.joblib,C:\Users\AKTS\Desktop\Resul\Data_Mining_Project\outputs\models\heloc_scre_credit_20260427T070851Z_6f50835c.joblib,heloc_scre_credit_20260427T070851Z_6f50835c.joblib,.joblib,4771207,2026-04-27T07:08:52+00:00
model,outputs/models/heloc_scre_credit_20260427T073746Z_4611280c.joblib,C:\Users\AKTS\Desktop\Resul\Data_Mining_Project\outputs\models\heloc_scre_credit_20260427T073746Z_4611280c.joblib,heloc_scre_credit_20260427T073746Z_4611280c.joblib,.joblib,4804647,2026-04-27T07:37:47+00:00
model,outputs/models/heloc_scre_credit_20260427T073847Z_bd56fcfc.joblib,C:\Users\AKTS\Desktop\Resul\Data_Mining_Project\outputs\models\heloc_scre_credit_20260427T073847Z_bd56fcfc.joblib,heloc_scre_credit_20260427T073847Z_bd56fcfc.joblib,.joblib,4804647,2026-04-27T07:38:48+00:00
model,outputs/models/lightgbm_no_resampling.joblib,C:\Users\AKTS\Desktop\Resul\Data_Mining_Project\outputs\models\lightgbm_no_resampling.joblib,lightgbm_no_resampling.joblib,.joblib,1749558,2026-04-24T09:54:16+00:00
model,outputs/models/monotonic/heloc/monotonic_lightgbm.joblib,C:\Users\AKTS\Desktop\Resul\Data_Mining_Project\outputs\models\monotonic\heloc\monotonic_lightgbm.joblib,monotonic_lightgbm.joblib,.joblib,1742070,2026-04-29T07:14:52+00:00
model,outputs/models/monotonic/heloc/monotonic_xgboost.joblib,C:\Users\AKTS\Desktop\Resul\Data_Mining_Project\outputs\models\monotonic\heloc\monotonic_xgboost.joblib,monotonic_xgboost.joblib,.joblib,614769,2026-04-29T07:14:51+00:00
model,outputs/models/monotonic/taiwan/monotonic_lightgbm.joblib,C:\Users\AKTS\Desktop\Resul\Data_Mining_Project\outputs\models\monotonic\taiwan\monotonic_lightgbm.joblib,monotonic_lightgbm.joblib,.joblib,1754182,2026-04-29T07:14:48+00:00
model,outputs/models/monotonic/taiwan/monotonic_xgboost.joblib,C:\Users\AKTS\Desktop\Resul\Data_Mining_Project\outputs\models\monotonic\taiwan\monotonic_xgboost.joblib,monotonic_xgboost.joblib,.joblib,640045,2026-04-29T07:14:48+00:00
model,outputs/models/scorecard/heloc/woe_scorecard_logistic_regression.joblib,C:\Users\AKTS\Desktop\Resul\Data_Mining_Project\outputs\models\scorecard\heloc\woe_scorecard_logistic_regression.joblib,woe_scorecard_logistic_regression.joblib,.joblib,9517,2026-04-29T07:14:38+00:00
model,outputs/models/scorecard/taiwan/woe_scorecard_logistic_regression.joblib,C:\Users\AKTS\Desktop\Resul\Data_Mining_Project\outputs\models\scorecard\taiwan\woe_scorecard_logistic_regression.joblib,woe_scorecard_logistic_regression.joblib,.joblib,11005,2026-04-29T07:14:36+00:00
model,outputs/models/scre_credit_model.joblib,C:\Users\AKTS\Desktop\Resul\Data_Mining_Project\outputs\models\scre_credit_model.joblib,scre_credit_model.joblib,.joblib,158018,2026-04-29T08:17:53+00:00
model,outputs/models/scre_credit_revised_variants.joblib,C:\Users\AKTS\Desktop\Resul\Data_Mining_Project\outputs\models\scre_credit_revised_variants.joblib,scre_credit_revised_variants.joblib,.joblib,305424,2026-04-29T11:48:21+00:00
model,outputs/models/taiwan_scre_credit.joblib,C:\Users\AKTS\Desktop\Resul\Data_Mining_Project\outputs\models\taiwan_scre_credit.joblib,taiwan_scre_credit.joblib,.joblib,43295951,2026-04-27T07:38:42+00:00
model,outputs/models/taiwan_scre_credit_20260427T061537Z_ef829d39.joblib,C:\Users\AKTS\Desktop\Resul\Data_Mining_Project\outputs\models\taiwan_scre_credit_20260427T061537Z_ef829d39.joblib,taiwan_scre_credit_20260427T061537Z_ef829d39.joblib,.joblib,43034127,2026-04-27T06:15:39+00:00
model,outputs/models/taiwan_scre_credit_20260427T070845Z_f722372c.joblib,C:\Users\AKTS\Desktop\Resul\Data_Mining_Project\outputs\models\taiwan_scre_credit_20260427T070845Z_f722372c.joblib,taiwan_scre_credit_20260427T070845Z_f722372c.joblib,.joblib,43199327,2026-04-27T07:08:47+00:00
model,outputs/models/taiwan_scre_credit_20260427T073739Z_2427bdbc.joblib,C:\Users\AKTS\Desktop\Resul\Data_Mining_Project\outputs\models\taiwan_scre_credit_20260427T073739Z_2427bdbc.joblib,taiwan_scre_credit_20260427T073739Z_2427bdbc.joblib,.joblib,43295951,2026-04-27T07:37:41+00:00
model,outputs/models/taiwan_scre_credit_20260427T073841Z_8591fb01.joblib,C:\Users\AKTS\Desktop\Resul\Data_Mining_Project\outputs\models\taiwan_scre_credit_20260427T073841Z_8591fb01.joblib,taiwan_scre_credit_20260427T073841Z_8591fb01.joblib,.joblib,43295951,2026-04-27T07:38:43+00:00
model,outputs/models/xgboost_no_resampling.joblib,C:\Users\AKTS\Desktop\Resul\Data_Mining_Project\outputs\models\xgboost_no_resampling.joblib,xgboost_no_resampling.joblib,.joblib,672219,2026-04-24T10:05:54+00:00
model,outputs/models/xgboost_tuned_randomized_search.joblib,C:\Users\AKTS\Desktop\Resul\Data_Mining_Project\outputs\models\xgboost_tuned_randomized_search.joblib,xgboost_tuned_randomized_search.joblib,.joblib,481497,2026-04-24T10:23:21+00:00
table,outputs/tables/ablation_faithfulness_details.csv,C:\Users\AKTS\Desktop\Resul\Data_Mining_Project\outputs\tables\ablation_faithfulness_details.csv,ablation_faithfulness_details.csv,.csv,25614,2026-04-29T09:12:04+00:00
table,outputs/tables/ablation_results.csv,C:\Users\AKTS\Desktop\Resul\Data_Mining_Project\outputs\tables\ablation_results.csv,ablation_results.csv,.csv,11411,2026-04-29T09:12:04+00:00
table,outputs/tables/ablation_shap_rank_correlations.csv,C:\Users\AKTS\Desktop\Resul\Data_Mining_Project\outputs\tables\ablation_shap_rank_correlations.csv,ablation_shap_rank_correlations.csv,.csv,426194,2026-04-29T09:08:29+00:00
table,outputs/tables/ablation_shap_stability_seed_results.csv,C:\Users\AKTS\Desktop\Resul\Data_Mining_Project\outputs\tables\ablation_shap_stability_seed_results.csv,ablation_shap_stability_seed_results.csv,.csv,511102,2026-04-29T09:08:29+00:00
table,outputs/tables/ablation_shap_topk_frequency.csv,C:\Users\AKTS\Desktop\Resul\Data_Mining_Project\outputs\tables\ablation_shap_topk_frequency.csv,ablation_shap_topk_frequency.csv,.csv,10055,2026-04-29T09:08:29+00:00
table,outputs/tables/background_sensitivity_results.csv,C:\Users\AKTS\Desktop\Resul\Data_Mining_Project\outputs\tables\background_sensitivity_results.csv,background_sensitivity_results.csv,.csv,45358,2026-04-29T08:56:09+00:00
table,outputs/tables/baseline_model_comparison.csv,C:\Users\AKTS\Desktop\Resul\Data_Mining_Project\outputs\tables\baseline_model_comparison.csv,baseline_model_comparison.csv,.csv,1040,2026-04-24T09:05:17+00:00
table,outputs/tables/baseline_results_heloc.csv,C:\Users\AKTS\Desktop\Resul\Data_Mining_Project\outputs\tables\baseline_results_heloc.csv,baseline_results_heloc.csv,.csv,6247,2026-04-29T07:14:33+00:00
table,outputs/tables/baseline_results_taiwan.csv,C:\Users\AKTS\Desktop\Resul\Data_Mining_Project\outputs\tables\baseline_results_taiwan.csv,baseline_results_taiwan.csv,.csv,6202,2026-04-29T07:14:31+00:00
table,outputs/tables/best_params.csv,C:\Users\AKTS\Desktop\Resul\Data_Mining_Project\outputs\tables\best_params.csv,best_params.csv,.csv,1915,2026-04-29T08:13:23+00:00
table,outputs/tables/boosting_results_heloc.csv,C:\Users\AKTS\Desktop\Resul\Data_Mining_Project\outputs\tables\boosting_results_heloc.csv,boosting_results_heloc.csv,.csv,8413,2026-04-29T07:14:52+00:00
table,outputs/tables/boosting_results_taiwan.csv,C:\Users\AKTS\Desktop\Resul\Data_Mining_Project\outputs\tables\boosting_results_taiwan.csv,boosting_results_taiwan.csv,.csv,7252,2026-04-29T07:14:48+00:00
table,outputs/tables/bootstrap_confidence_intervals.csv,C:\Users\AKTS\Desktop\Resul\Data_Mining_Project\outputs\tables\bootstrap_confidence_intervals.csv,bootstrap_confidence_intervals.csv,.csv,5999,2026-04-29T08:21:28+00:00
table,outputs/tables/calibration_results.csv,C:\Users\AKTS\Desktop\Resul\Data_Mining_Project\outputs\tables\calibration_results.csv,calibration_results.csv,.csv,712,2026-04-24T10:24:50+00:00
table,outputs/tables/calibration_results_heloc.csv,C:\Users\AKTS\Desktop\Resul\Data_Mining_Project\outputs\tables\calibration_results_heloc.csv,calibration_results_heloc.csv,.csv,26668,2026-04-29T08:15:29+00:00
table,outputs/tables/calibration_results_taiwan.csv,C:\Users\AKTS\Desktop\Resul\Data_Mining_Project\outputs\tables\calibration_results_taiwan.csv,calibration_results_taiwan.csv,.csv,24894,2026-04-29T08:14:54+00:00
table,outputs/tables/cv_oof_model_threshold_comparison.csv,C:\Users\AKTS\Desktop\Resul\Data_Mining_Project\outputs\tables\cv_oof_model_threshold_comparison.csv,cv_oof_model_threshold_comparison.csv,.csv,784,2026-04-24T10:05:28+00:00
table,outputs/tables/dataset_variable_description.csv,C:\Users\AKTS\Desktop\Resul\Data_Mining_Project\outputs\tables\dataset_variable_description.csv,dataset_variable_description.csv,.csv,678,2026-04-24T10:23:05+00:00
table,outputs/tables/default_rate_by_delay_count.csv,C:\Users\AKTS\Desktop\Resul\Data_Mining_Project\outputs\tables\default_rate_by_delay_count.csv,default_rate_by_delay_count.csv,.csv,218,2026-04-24T10:23:06+00:00
table,outputs/tables/default_rate_by_demographics.csv,C:\Users\AKTS\Desktop\Resul\Data_Mining_Project\outputs\tables\default_rate_by_demographics.csv,default_rate_by_demographics.csv,.csv,367,2026-04-24T10:23:06+00:00
table,outputs/tables/duplicate_split_overlap_audit.csv,C:\Users\AKTS\Desktop\Resul\Data_Mining_Project\outputs\tables\duplicate_split_overlap_audit.csv,duplicate_split_overlap_audit.csv,.csv,1386,2026-04-29T07:14:24+00:00
table,outputs/tables/enhanced_model_comparison.csv,C:\Users\AKTS\Desktop\Resul\Data_Mining_Project\outputs\tables\enhanced_model_comparison.csv,enhanced_model_comparison.csv,.csv,2479,2026-04-24T09:54:16+00:00
table,outputs/tables/environment_versions.csv,C:\Users\AKTS\Desktop\Resul\Data_Mining_Project\outputs\tables\environment_versions.csv,environment_versions.csv,.csv,521,2026-04-29T07:14:15+00:00
table,outputs/tables/external_validation_heloc_faithfulness_group_results.csv,C:\Users\AKTS\Desktop\Resul\Data_Mining_Project\outputs\tables\external_validation_heloc_faithfulness_group_results.csv,external_validation_heloc_faithfulness_group_results.csv,.csv,2410,2026-04-29T09:05:33+00:00
table,outputs/tables/external_validation_heloc_faithfulness_results.csv,C:\Users\AKTS\Desktop\Resul\Data_Mining_Project\outputs\tables\external_validation_heloc_faithfulness_results.csv,external_validation_heloc_faithfulness_results.csv,.csv,21894,2026-04-29T09:05:33+00:00
table,outputs/tables/external_validation_heloc_results.csv,C:\Users\AKTS\Desktop\Resul\Data_Mining_Project\outputs\tables\external_validation_heloc_results.csv,external_validation_heloc_results.csv,.csv,5743,2026-04-29T08:56:30+00:00
table,outputs/tables/external_validation_heloc_scre_metric_inputs.csv,C:\Users\AKTS\Desktop\Resul\Data_Mining_Project\outputs\tables\external_validation_heloc_scre_metric_inputs.csv,external_validation_heloc_scre_metric_inputs.csv,.csv,1093,2026-04-29T08:56:30+00:00
table,outputs/tables/external_validation_heloc_scre_weights.csv,C:\Users\AKTS\Desktop\Resul\Data_Mining_Project\outputs\tables\external_validation_heloc_scre_weights.csv,external_validation_heloc_scre_weights.csv,.csv,1800,2026-04-29T08:56:30+00:00
table,outputs/tables/external_validation_heloc_shap_rank_correlations.csv,C:\Users\AKTS\Desktop\Resul\Data_Mining_Project\outputs\tables\external_validation_heloc_shap_rank_correlations.csv,external_validation_heloc_shap_rank_correlations.csv,.csv,163493,2026-04-29T09:05:30+00:00
table,outputs/tables/external_validation_heloc_shap_stability_seed_results.csv,C:\Users\AKTS\Desktop\Resul\Data_Mining_Project\outputs\tables\external_validation_heloc_shap_stability_seed_results.csv,external_validation_heloc_shap_stability_seed_results.csv,.csv,59400,2026-04-29T09:05:30+00:00
table,outputs/tables/external_validation_heloc_shap_top_features.csv,C:\Users\AKTS\Desktop\Resul\Data_Mining_Project\outputs\tables\external_validation_heloc_shap_top_features.csv,external_validation_heloc_shap_top_features.csv,.csv,4393,2026-04-29T09:04:58+00:00
table,outputs/tables/external_validation_heloc_shap_topk_frequency.csv,C:\Users\AKTS\Desktop\Resul\Data_Mining_Project\outputs\tables\external_validation_heloc_shap_topk_frequency.csv,external_validation_heloc_shap_topk_frequency.csv,.csv,1245,2026-04-29T09:05:30+00:00
table,outputs/tables/external_validation_heloc_threshold_analysis.csv,C:\Users\AKTS\Desktop\Resul\Data_Mining_Project\outputs\tables\external_validation_heloc_threshold_analysis.csv,external_validation_heloc_threshold_analysis.csv,.csv,155747,2026-04-29T08:56:30+00:00
table,outputs/tables/faithfulness_group_results.csv,C:\Users\AKTS\Desktop\Resul\Data_Mining_Project\outputs\tables\faithfulness_group_results.csv,faithfulness_group_results.csv,.csv,2483,2026-04-29T08:56:13+00:00
table,outputs/tables/faithfulness_results.csv,C:\Users\AKTS\Desktop\Resul\Data_Mining_Project\outputs\tables\faithfulness_results.csv,faithfulness_results.csv,.csv,25606,2026-04-29T08:56:13+00:00
table,outputs/tables/faithfulness_test_results.csv,C:\Users\AKTS\Desktop\Resul\Data_Mining_Project\outputs\tables\faithfulness_test_results.csv,faithfulness_test_results.csv,.csv,1010,2026-04-24T10:25:22+00:00
table,outputs/tables/feature_dictionary_heloc.csv,C:\Users\AKTS\Desktop\Resul\Data_Mining_Project\outputs\tables\feature_dictionary_heloc.csv,feature_dictionary_heloc.csv,.csv,2017,2026-04-29T07:14:22+00:00
table,outputs/tables/feature_dictionary_taiwan.csv,C:\Users\AKTS\Desktop\Resul\Data_Mining_Project\outputs\tables\feature_dictionary_taiwan.csv,feature_dictionary_taiwan.csv,.csv,3545,2026-04-29T07:14:21+00:00
table,outputs/tables/feature_engineering_list.csv,C:\Users\AKTS\Desktop\Resul\Data_Mining_Project\outputs\tables\feature_engineering_list.csv,feature_engineering_list.csv,.csv,3545,2026-04-29T07:14:21+00:00
table,outputs/tables/final_decision_matrix.csv,C:\Users\AKTS\Desktop\Resul\Data_Mining_Project\outputs\tables\final_decision_matrix.csv,final_decision_matrix.csv,.csv,3520,2026-04-29T11:48:21+00:00
table,outputs/tables/final_decision_summary.csv,C:\Users\AKTS\Desktop\Resul\Data_Mining_Project\outputs\tables\final_decision_summary.csv,final_decision_summary.csv,.csv,257,2026-04-29T11:48:21+00:00
table,outputs/tables/final_metrics_with_gmean_ks.csv,C:\Users\AKTS\Desktop\Resul\Data_Mining_Project\outputs\tables\final_metrics_with_gmean_ks.csv,final_metrics_with_gmean_ks.csv,.csv,622,2026-04-24T10:26:47+00:00
table,outputs/tables/final_model_comparison.csv,C:\Users\AKTS\Desktop\Resul\Data_Mining_Project\outputs\tables\final_model_comparison.csv,final_model_comparison.csv,.csv,17132,2026-04-29T11:48:21+00:00
table,outputs/tables/final_output_inventory.csv,C:\Users\AKTS\Desktop\Resul\Data_Mining_Project\outputs\tables\final_output_inventory.csv,final_output_inventory.csv,.csv,111461,2026-04-29T11:46:17+00:00
table,outputs/tables/final_test_metrics.csv,C:\Users\AKTS\Desktop\Resul\Data_Mining_Project\outputs\tables\final_test_metrics.csv,final_test_metrics.csv,.csv,298,2026-04-24T10:24:50+00:00
table,outputs/tables/heloc_cleaning_decisions.csv,C:\Users\AKTS\Desktop\Resul\Data_Mining_Project\outputs\tables\heloc_cleaning_decisions.csv,heloc_cleaning_decisions.csv,.csv,834,2026-04-29T07:14:22+00:00
table,outputs/tables/heloc_data_audit.csv,C:\Users\AKTS\Desktop\Resul\Data_Mining_Project\outputs\tables\heloc_data_audit.csv,heloc_data_audit.csv,.csv,8230,2026-04-29T07:14:22+00:00
table,outputs/tables/heloc_data_dictionary.csv,C:\Users\AKTS\Desktop\Resul\Data_Mining_Project\outputs\tables\heloc_data_dictionary.csv,heloc_data_dictionary.csv,.csv,4395,2026-04-29T07:14:22+00:00
table,outputs/tables/heloc_scre_credit_20260427T061543Z_06e3fce3_bootstrap_ci.csv,C:\Users\AKTS\Desktop\Resul\Data_Mining_Project\outputs\tables\heloc_scre_credit_20260427T061543Z_06e3fce3_bootstrap_ci.csv,heloc_scre_credit_20260427T061543Z_06e3fce3_bootstrap_ci.csv,.csv,228,2026-04-27T06:15:43+00:00
table,outputs/tables/heloc_scre_credit_20260427T061543Z_06e3fce3_candidate_pool.csv,C:\Users\AKTS\Desktop\Resul\Data_Mining_Project\outputs\tables\heloc_scre_credit_20260427T061543Z_06e3fce3_candidate_pool.csv,heloc_scre_credit_20260427T061543Z_06e3fce3_candidate_pool.csv,.csv,128,2026-04-27T06:15:43+00:00
table,outputs/tables/heloc_scre_credit_20260427T061543Z_06e3fce3_cost_curve.csv,C:\Users\AKTS\Desktop\Resul\Data_Mining_Project\outputs\tables\heloc_scre_credit_20260427T061543Z_06e3fce3_cost_curve.csv,heloc_scre_credit_20260427T061543Z_06e3fce3_cost_curve.csv,.csv,7884,2026-04-27T06:15:44+00:00
table,outputs/tables/heloc_scre_credit_20260427T061543Z_06e3fce3_manual_review_band.csv,C:\Users\AKTS\Desktop\Resul\Data_Mining_Project\outputs\tables\heloc_scre_credit_20260427T061543Z_06e3fce3_manual_review_band.csv,heloc_scre_credit_20260427T061543Z_06e3fce3_manual_review_band.csv,.csv,654,2026-04-27T06:15:44+00:00
table,outputs/tables/heloc_scre_credit_20260427T061543Z_06e3fce3_three_way_test_policy.csv,C:\Users\AKTS\Desktop\Resul\Data_Mining_Project\outputs\tables\heloc_scre_credit_20260427T061543Z_06e3fce3_three_way_test_policy.csv,heloc_scre_credit_20260427T061543Z_06e3fce3_three_way_test_policy.csv,.csv,485,2026-04-27T06:15:44+00:00
table,outputs/tables/heloc_scre_credit_20260427T061543Z_06e3fce3_three_way_threshold_search.csv,C:\Users\AKTS\Desktop\Resul\Data_Mining_Project\outputs\tables\heloc_scre_credit_20260427T061543Z_06e3fce3_three_way_threshold_search.csv,heloc_scre_credit_20260427T061543Z_06e3fce3_three_way_threshold_search.csv,.csv,14959,2026-04-27T06:15:43+00:00
table,outputs/tables/heloc_scre_credit_20260427T061543Z_06e3fce3_thresholds.csv,C:\Users\AKTS\Desktop\Resul\Data_Mining_Project\outputs\tables\heloc_scre_credit_20260427T061543Z_06e3fce3_thresholds.csv,heloc_scre_credit_20260427T061543Z_06e3fce3_thresholds.csv,.csv,4812,2026-04-27T06:15:43+00:00
table,outputs/tables/heloc_scre_credit_20260427T061543Z_06e3fce3_validation_results.csv,C:\Users\AKTS\Desktop\Resul\Data_Mining_Project\outputs\tables\heloc_scre_credit_20260427T061543Z_06e3fce3_validation_results.csv,heloc_scre_credit_20260427T061543Z_06e3fce3_validation_results.csv,.csv,2741,2026-04-27T06:15:43+00:00
table,outputs/tables/heloc_scre_credit_20260427T061543Z_06e3fce3_weights.csv,C:\Users\AKTS\Desktop\Resul\Data_Mining_Project\outputs\tables\heloc_scre_credit_20260427T061543Z_06e3fce3_weights.csv,heloc_scre_credit_20260427T061543Z_06e3fce3_weights.csv,.csv,963,2026-04-27T06:15:43+00:00
table,outputs/tables/heloc_scre_credit_20260427T062407Z_d3d38dbb_bootstrap_ci.csv,C:\Users\AKTS\Desktop\Resul\Data_Mining_Project\outputs\tables\heloc_scre_credit_20260427T062407Z_d3d38dbb_bootstrap_ci.csv,heloc_scre_credit_20260427T062407Z_d3d38dbb_bootstrap_ci.csv,.csv,228,2026-04-27T06:24:07+00:00
table,outputs/tables/heloc_scre_credit_20260427T062407Z_d3d38dbb_candidate_pool.csv,C:\Users\AKTS\Desktop\Resul\Data_Mining_Project\outputs\tables\heloc_scre_credit_20260427T062407Z_d3d38dbb_candidate_pool.csv,heloc_scre_credit_20260427T062407Z_d3d38dbb_candidate_pool.csv,.csv,128,2026-04-27T06:24:07+00:00
table,outputs/tables/heloc_scre_credit_20260427T062407Z_d3d38dbb_cost_curve.csv,C:\Users\AKTS\Desktop\Resul\Data_Mining_Project\outputs\tables\heloc_scre_credit_20260427T062407Z_d3d38dbb_cost_curve.csv,heloc_scre_credit_20260427T062407Z_d3d38dbb_cost_curve.csv,.csv,7884,2026-04-27T06:24:08+00:00
table,outputs/tables/heloc_scre_credit_20260427T062407Z_d3d38dbb_manual_review_band.csv,C:\Users\AKTS\Desktop\Resul\Data_Mining_Project\outputs\tables\heloc_scre_credit_20260427T062407Z_d3d38dbb_manual_review_band.csv,heloc_scre_credit_20260427T062407Z_d3d38dbb_manual_review_band.csv,.csv,654,2026-04-27T06:24:08+00:00
table,outputs/tables/heloc_scre_credit_20260427T062407Z_d3d38dbb_three_way_test_policy.csv,C:\Users\AKTS\Desktop\Resul\Data_Mining_Project\outputs\tables\heloc_scre_credit_20260427T062407Z_d3d38dbb_three_way_test_policy.csv,heloc_scre_credit_20260427T062407Z_d3d38dbb_three_way_test_policy.csv,.csv,485,2026-04-27T06:24:08+00:00
table,outputs/tables/heloc_scre_credit_20260427T062407Z_d3d38dbb_three_way_threshold_search.csv,C:\Users\AKTS\Desktop\Resul\Data_Mining_Project\outputs\tables\heloc_scre_credit_20260427T062407Z_d3d38dbb_three_way_threshold_search.csv,heloc_scre_credit_20260427T062407Z_d3d38dbb_three_way_threshold_search.csv,.csv,14959,2026-04-27T06:24:07+00:00
table,outputs/tables/heloc_scre_credit_20260427T062407Z_d3d38dbb_thresholds.csv,C:\Users\AKTS\Desktop\Resul\Data_Mining_Project\outputs\tables\heloc_scre_credit_20260427T062407Z_d3d38dbb_thresholds.csv,heloc_scre_credit_20260427T062407Z_d3d38dbb_thresholds.csv,.csv,4812,2026-04-27T06:24:07+00:00
table,outputs/tables/heloc_scre_credit_20260427T062407Z_d3d38dbb_validation_results.csv,C:\Users\AKTS\Desktop\Resul\Data_Mining_Project\outputs\tables\heloc_scre_credit_20260427T062407Z_d3d38dbb_validation_results.csv,heloc_scre_credit_20260427T062407Z_d3d38dbb_validation_results.csv,.csv,2741,2026-04-27T06:24:07+00:00
table,outputs/tables/heloc_scre_credit_20260427T062407Z_d3d38dbb_weights.csv,C:\Users\AKTS\Desktop\Resul\Data_Mining_Project\outputs\tables\heloc_scre_credit_20260427T062407Z_d3d38dbb_weights.csv,heloc_scre_credit_20260427T062407Z_d3d38dbb_weights.csv,.csv,963,2026-04-27T06:24:07+00:00
table,outputs/tables/heloc_scre_credit_20260427T070851Z_6f50835c_bootstrap_ci.csv,C:\Users\AKTS\Desktop\Resul\Data_Mining_Project\outputs\tables\heloc_scre_credit_20260427T070851Z_6f50835c_bootstrap_ci.csv,heloc_scre_credit_20260427T070851Z_6f50835c_bootstrap_ci.csv,.csv,228,2026-04-27T07:08:51+00:00
table,outputs/tables/heloc_scre_credit_20260427T070851Z_6f50835c_candidate_pool.csv,C:\Users\AKTS\Desktop\Resul\Data_Mining_Project\outputs\tables\heloc_scre_credit_20260427T070851Z_6f50835c_candidate_pool.csv,heloc_scre_credit_20260427T070851Z_6f50835c_candidate_pool.csv,.csv,128,2026-04-27T07:08:51+00:00
table,outputs/tables/heloc_scre_credit_20260427T070851Z_6f50835c_cost_curve.csv,C:\Users\AKTS\Desktop\Resul\Data_Mining_Project\outputs\tables\heloc_scre_credit_20260427T070851Z_6f50835c_cost_curve.csv,heloc_scre_credit_20260427T070851Z_6f50835c_cost_curve.csv,.csv,7959,2026-04-27T07:08:52+00:00
table,outputs/tables/heloc_scre_credit_20260427T070851Z_6f50835c_manual_review_band.csv,C:\Users\AKTS\Desktop\Resul\Data_Mining_Project\outputs\tables\heloc_scre_credit_20260427T070851Z_6f50835c_manual_review_band.csv,heloc_scre_credit_20260427T070851Z_6f50835c_manual_review_band.csv,.csv,667,2026-04-27T07:08:52+00:00
table,outputs/tables/heloc_scre_credit_20260427T070851Z_6f50835c_three_way_test_policy.csv,C:\Users\AKTS\Desktop\Resul\Data_Mining_Project\outputs\tables\heloc_scre_credit_20260427T070851Z_6f50835c_three_way_test_policy.csv,heloc_scre_credit_20260427T070851Z_6f50835c_three_way_test_policy.csv,.csv,500,2026-04-27T07:08:52+00:00
table,outputs/tables/heloc_scre_credit_20260427T070851Z_6f50835c_three_way_threshold_search.csv,C:\Users\AKTS\Desktop\Resul\Data_Mining_Project\outputs\tables\heloc_scre_credit_20260427T070851Z_6f50835c_three_way_threshold_search.csv,heloc_scre_credit_20260427T070851Z_6f50835c_three_way_threshold_search.csv,.csv,15246,2026-04-27T07:08:51+00:00
table,outputs/tables/heloc_scre_credit_20260427T070851Z_6f50835c_thresholds.csv,C:\Users\AKTS\Desktop\Resul\Data_Mining_Project\outputs\tables\heloc_scre_credit_20260427T070851Z_6f50835c_thresholds.csv,heloc_scre_credit_20260427T070851Z_6f50835c_thresholds.csv,.csv,4867,2026-04-27T07:08:51+00:00
table,outputs/tables/heloc_scre_credit_20260427T070851Z_6f50835c_validation_results.csv,C:\Users\AKTS\Desktop\Resul\Data_Mining_Project\outputs\tables\heloc_scre_credit_20260427T070851Z_6f50835c_validation_results.csv,heloc_scre_credit_20260427T070851Z_6f50835c_validation_results.csv,.csv,2714,2026-04-27T07:08:51+00:00
table,outputs/tables/heloc_scre_credit_20260427T070851Z_6f50835c_weights.csv,C:\Users\AKTS\Desktop\Resul\Data_Mining_Project\outputs\tables\heloc_scre_credit_20260427T070851Z_6f50835c_weights.csv,heloc_scre_credit_20260427T070851Z_6f50835c_weights.csv,.csv,945,2026-04-27T07:08:51+00:00
table,outputs/tables/heloc_scre_credit_20260427T073746Z_4611280c_bootstrap_ci.csv,C:\Users\AKTS\Desktop\Resul\Data_Mining_Project\outputs\tables\heloc_scre_credit_20260427T073746Z_4611280c_bootstrap_ci.csv,heloc_scre_credit_20260427T073746Z_4611280c_bootstrap_ci.csv,.csv,229,2026-04-27T07:37:46+00:00
table,outputs/tables/heloc_scre_credit_20260427T073746Z_4611280c_candidate_pool.csv,C:\Users\AKTS\Desktop\Resul\Data_Mining_Project\outputs\tables\heloc_scre_credit_20260427T073746Z_4611280c_candidate_pool.csv,heloc_scre_credit_20260427T073746Z_4611280c_candidate_pool.csv,.csv,128,2026-04-27T07:37:46+00:00
table,outputs/tables/heloc_scre_credit_20260427T073746Z_4611280c_cost_curve.csv,C:\Users\AKTS\Desktop\Resul\Data_Mining_Project\outputs\tables\heloc_scre_credit_20260427T073746Z_4611280c_cost_curve.csv,heloc_scre_credit_20260427T073746Z_4611280c_cost_curve.csv,.csv,7889,2026-04-27T07:37:47+00:00
table,outputs/tables/heloc_scre_credit_20260427T073746Z_4611280c_manual_review_band.csv,C:\Users\AKTS\Desktop\Resul\Data_Mining_Project\outputs\tables\heloc_scre_credit_20260427T073746Z_4611280c_manual_review_band.csv,heloc_scre_credit_20260427T073746Z_4611280c_manual_review_band.csv,.csv,594,2026-04-27T07:37:47+00:00
table,outputs/tables/heloc_scre_credit_20260427T073746Z_4611280c_three_way_test_policy.csv,C:\Users\AKTS\Desktop\Resul\Data_Mining_Project\outputs\tables\heloc_scre_credit_20260427T073746Z_4611280c_three_way_test_policy.csv,heloc_scre_credit_20260427T073746Z_4611280c_three_way_test_policy.csv,.csv,499,2026-04-27T07:37:47+00:00
table,outputs/tables/heloc_scre_credit_20260427T073746Z_4611280c_three_way_threshold_search.csv,C:\Users\AKTS\Desktop\Resul\Data_Mining_Project\outputs\tables\heloc_scre_credit_20260427T073746Z_4611280c_three_way_threshold_search.csv,heloc_scre_credit_20260427T073746Z_4611280c_three_way_threshold_search.csv,.csv,17212,2026-04-27T07:37:46+00:00
table,outputs/tables/heloc_scre_credit_20260427T073746Z_4611280c_thresholds.csv,C:\Users\AKTS\Desktop\Resul\Data_Mining_Project\outputs\tables\heloc_scre_credit_20260427T073746Z_4611280c_thresholds.csv,heloc_scre_credit_20260427T073746Z_4611280c_thresholds.csv,.csv,4783,2026-04-27T07:37:46+00:00
table,outputs/tables/heloc_scre_credit_20260427T073746Z_4611280c_validation_results.csv,C:\Users\AKTS\Desktop\Resul\Data_Mining_Project\outputs\tables\heloc_scre_credit_20260427T073746Z_4611280c_validation_results.csv,heloc_scre_credit_20260427T073746Z_4611280c_validation_results.csv,.csv,2720,2026-04-27T07:37:46+00:00
table,outputs/tables/heloc_scre_credit_20260427T073746Z_4611280c_weights.csv,C:\Users\AKTS\Desktop\Resul\Data_Mining_Project\outputs\tables\heloc_scre_credit_20260427T073746Z_4611280c_weights.csv,heloc_scre_credit_20260427T073746Z_4611280c_weights.csv,.csv,948,2026-04-27T07:37:46+00:00
table,outputs/tables/heloc_scre_credit_20260427T073847Z_bd56fcfc_bootstrap_ci.csv,C:\Users\AKTS\Desktop\Resul\Data_Mining_Project\outputs\tables\heloc_scre_credit_20260427T073847Z_bd56fcfc_bootstrap_ci.csv,heloc_scre_credit_20260427T073847Z_bd56fcfc_bootstrap_ci.csv,.csv,229,2026-04-27T07:38:47+00:00
table,outputs/tables/heloc_scre_credit_20260427T073847Z_bd56fcfc_candidate_pool.csv,C:\Users\AKTS\Desktop\Resul\Data_Mining_Project\outputs\tables\heloc_scre_credit_20260427T073847Z_bd56fcfc_candidate_pool.csv,heloc_scre_credit_20260427T073847Z_bd56fcfc_candidate_pool.csv,.csv,128,2026-04-27T07:38:47+00:00
table,outputs/tables/heloc_scre_credit_20260427T073847Z_bd56fcfc_cost_curve.csv,C:\Users\AKTS\Desktop\Resul\Data_Mining_Project\outputs\tables\heloc_scre_credit_20260427T073847Z_bd56fcfc_cost_curve.csv,heloc_scre_credit_20260427T073847Z_bd56fcfc_cost_curve.csv,.csv,7889,2026-04-27T07:38:48+00:00
table,outputs/tables/heloc_scre_credit_20260427T073847Z_bd56fcfc_manual_review_band.csv,C:\Users\AKTS\Desktop\Resul\Data_Mining_Project\outputs\tables\heloc_scre_credit_20260427T073847Z_bd56fcfc_manual_review_band.csv,heloc_scre_credit_20260427T073847Z_bd56fcfc_manual_review_band.csv,.csv,594,2026-04-27T07:38:48+00:00
table,outputs/tables/heloc_scre_credit_20260427T073847Z_bd56fcfc_three_way_test_policy.csv,C:\Users\AKTS\Desktop\Resul\Data_Mining_Project\outputs\tables\heloc_scre_credit_20260427T073847Z_bd56fcfc_three_way_test_policy.csv,heloc_scre_credit_20260427T073847Z_bd56fcfc_three_way_test_policy.csv,.csv,499,2026-04-27T07:38:48+00:00
table,outputs/tables/heloc_scre_credit_20260427T073847Z_bd56fcfc_three_way_threshold_search.csv,C:\Users\AKTS\Desktop\Resul\Data_Mining_Project\outputs\tables\heloc_scre_credit_20260427T073847Z_bd56fcfc_three_way_threshold_search.csv,heloc_scre_credit_20260427T073847Z_bd56fcfc_three_way_threshold_search.csv,.csv,17212,2026-04-27T07:38:47+00:00
table,outputs/tables/heloc_scre_credit_20260427T073847Z_bd56fcfc_thresholds.csv,C:\Users\AKTS\Desktop\Resul\Data_Mining_Project\outputs\tables\heloc_scre_credit_20260427T073847Z_bd56fcfc_thresholds.csv,heloc_scre_credit_20260427T073847Z_bd56fcfc_thresholds.csv,.csv,5096,2026-04-27T07:38:47+00:00
table,outputs/tables/heloc_scre_credit_20260427T073847Z_bd56fcfc_validation_results.csv,C:\Users\AKTS\Desktop\Resul\Data_Mining_Project\outputs\tables\heloc_scre_credit_20260427T073847Z_bd56fcfc_validation_results.csv,heloc_scre_credit_20260427T073847Z_bd56fcfc_validation_results.csv,.csv,2720,2026-04-27T07:38:47+00:00
table,outputs/tables/heloc_scre_credit_20260427T073847Z_bd56fcfc_weights.csv,C:\Users\AKTS\Desktop\Resul\Data_Mining_Project\outputs\tables\heloc_scre_credit_20260427T073847Z_bd56fcfc_weights.csv,heloc_scre_credit_20260427T073847Z_bd56fcfc_weights.csv,.csv,948,2026-04-27T07:38:47+00:00
table,outputs/tables/heloc_scre_credit_bootstrap_ci.csv,C:\Users\AKTS\Desktop\Resul\Data_Mining_Project\outputs\tables\heloc_scre_credit_bootstrap_ci.csv,heloc_scre_credit_bootstrap_ci.csv,.csv,229,2026-04-27T07:38:47+00:00
table,outputs/tables/heloc_scre_credit_candidate_pool.csv,C:\Users\AKTS\Desktop\Resul\Data_Mining_Project\outputs\tables\heloc_scre_credit_candidate_pool.csv,heloc_scre_credit_candidate_pool.csv,.csv,128,2026-04-27T07:38:47+00:00
table,outputs/tables/heloc_scre_credit_cost_curve.csv,C:\Users\AKTS\Desktop\Resul\Data_Mining_Project\outputs\tables\heloc_scre_credit_cost_curve.csv,heloc_scre_credit_cost_curve.csv,.csv,7889,2026-04-27T07:38:48+00:00
table,outputs/tables/heloc_scre_credit_manual_review_band.csv,C:\Users\AKTS\Desktop\Resul\Data_Mining_Project\outputs\tables\heloc_scre_credit_manual_review_band.csv,heloc_scre_credit_manual_review_band.csv,.csv,594,2026-04-27T07:38:48+00:00
table,outputs/tables/heloc_scre_credit_three_way_test_policy.csv,C:\Users\AKTS\Desktop\Resul\Data_Mining_Project\outputs\tables\heloc_scre_credit_three_way_test_policy.csv,heloc_scre_credit_three_way_test_policy.csv,.csv,499,2026-04-27T07:38:48+00:00
table,outputs/tables/heloc_scre_credit_three_way_threshold_search.csv,C:\Users\AKTS\Desktop\Resul\Data_Mining_Project\outputs\tables\heloc_scre_credit_three_way_threshold_search.csv,heloc_scre_credit_three_way_threshold_search.csv,.csv,17212,2026-04-27T07:38:47+00:00
table,outputs/tables/heloc_scre_credit_thresholds.csv,C:\Users\AKTS\Desktop\Resul\Data_Mining_Project\outputs\tables\heloc_scre_credit_thresholds.csv,heloc_scre_credit_thresholds.csv,.csv,5096,2026-04-27T07:38:47+00:00
table,outputs/tables/heloc_scre_credit_validation_results.csv,C:\Users\AKTS\Desktop\Resul\Data_Mining_Project\outputs\tables\heloc_scre_credit_validation_results.csv,heloc_scre_credit_validation_results.csv,.csv,2720,2026-04-27T07:38:47+00:00
table,outputs/tables/heloc_scre_credit_weights.csv,C:\Users\AKTS\Desktop\Resul\Data_Mining_Project\outputs\tables\heloc_scre_credit_weights.csv,heloc_scre_credit_weights.csv,.csv,948,2026-04-27T07:38:47+00:00
table,outputs/tables/hyperparameter_search_results.csv,C:\Users\AKTS\Desktop\Resul\Data_Mining_Project\outputs\tables\hyperparameter_search_results.csv,hyperparameter_search_results.csv,.csv,57125,2026-04-29T08:13:23+00:00
table,outputs/tables/hyperparameter_search_space.csv,C:\Users\AKTS\Desktop\Resul\Data_Mining_Project\outputs\tables\hyperparameter_search_space.csv,hyperparameter_search_space.csv,.csv,318,2026-04-24T10:23:05+00:00
table,outputs/tables/hyperparameter_tuning_results.csv,C:\Users\AKTS\Desktop\Resul\Data_Mining_Project\outputs\tables\hyperparameter_tuning_results.csv,hyperparameter_tuning_results.csv,.csv,1078,2026-04-24T10:23:21+00:00
table,outputs/tables/ks_decile_table.csv,C:\Users\AKTS\Desktop\Resul\Data_Mining_Project\outputs\tables\ks_decile_table.csv,ks_decile_table.csv,.csv,895,2026-04-24T10:26:47+00:00
table,outputs/tables/leakage_checklist.csv,C:\Users\AKTS\Desktop\Resul\Data_Mining_Project\outputs\tables\leakage_checklist.csv,leakage_checklist.csv,.csv,1903,2026-04-29T07:14:24+00:00
table,outputs/tables/lime_borderline_customer.csv,C:\Users\AKTS\Desktop\Resul\Data_Mining_Project\outputs\tables\lime_borderline_customer.csv,lime_borderline_customer.csv,.csv,456,2026-04-24T10:25:22+00:00
table,outputs/tables/lime_local_cases.csv,C:\Users\AKTS\Desktop\Resul\Data_Mining_Project\outputs\tables\lime_local_cases.csv,lime_local_cases.csv,.csv,3118,2026-04-24T10:26:57+00:00
table,outputs/tables/lime_local_features.csv,C:\Users\AKTS\Desktop\Resul\Data_Mining_Project\outputs\tables\lime_local_features.csv,lime_local_features.csv,.csv,18585,2026-04-29T08:54:21+00:00
table,outputs/tables/local_explanation_cases.csv,C:\Users\AKTS\Desktop\Resul\Data_Mining_Project\outputs\tables\local_explanation_cases.csv,local_explanation_cases.csv,.csv,304,2026-04-24T10:26:56+00:00
table,outputs/tables/manual_review_band_results.csv,C:\Users\AKTS\Desktop\Resul\Data_Mining_Project\outputs\tables\manual_review_band_results.csv,manual_review_band_results.csv,.csv,11082351,2026-04-29T08:17:41+00:00
table,outputs/tables/manual_review_band_results_heloc.csv,C:\Users\AKTS\Desktop\Resul\Data_Mining_Project\outputs\tables\manual_review_band_results_heloc.csv,manual_review_band_results_heloc.csv,.csv,5607750,2026-04-29T08:17:40+00:00
table,outputs/tables/manual_review_band_results_taiwan.csv,C:\Users\AKTS\Desktop\Resul\Data_Mining_Project\outputs\tables\manual_review_band_results_taiwan.csv,manual_review_band_results_taiwan.csv,.csv,5475356,2026-04-29T08:17:03+00:00
table,outputs/tables/methodology_guardrails.csv,C:\Users\AKTS\Desktop\Resul\Data_Mining_Project\outputs\tables\methodology_guardrails.csv,methodology_guardrails.csv,.csv,623,2026-04-29T11:48:21+00:00
table,outputs/tables/metric_winner_table.csv,C:\Users\AKTS\Desktop\Resul\Data_Mining_Project\outputs\tables\metric_winner_table.csv,metric_winner_table.csv,.csv,5342,2026-04-29T11:48:21+00:00
table,outputs/tables/model_comparison_tests.csv,C:\Users\AKTS\Desktop\Resul\Data_Mining_Project\outputs\tables\model_comparison_tests.csv,model_comparison_tests.csv,.csv,12863,2026-04-29T08:21:28+00:00
table,outputs/tables/model_comparison_tests_clean.csv,C:\Users\AKTS\Desktop\Resul\Data_Mining_Project\outputs\tables\model_comparison_tests_clean.csv,model_comparison_tests_clean.csv,.csv,31853,2026-04-29T11:48:21+00:00
table,outputs/tables/model_results_heloc.csv,C:\Users\AKTS\Desktop\Resul\Data_Mining_Project\outputs\tables\model_results_heloc.csv,model_results_heloc.csv,.csv,8413,2026-04-29T07:14:52+00:00
table,outputs/tables/model_results_taiwan.csv,C:\Users\AKTS\Desktop\Resul\Data_Mining_Project\outputs\tables\model_results_taiwan.csv,model_results_taiwan.csv,.csv,7252,2026-04-29T07:14:48+00:00
table,outputs/tables/model_threshold_cost_comparison.csv,C:\Users\AKTS\Desktop\Resul\Data_Mining_Project\outputs\tables\model_threshold_cost_comparison.csv,model_threshold_cost_comparison.csv,.csv,2301,2026-04-24T10:04:10+00:00
table,outputs/tables/optuna_run_status.csv,C:\Users\AKTS\Desktop\Resul\Data_Mining_Project\outputs\tables\optuna_run_status.csv,optuna_run_status.csv,.csv,995,2026-04-29T08:13:23+00:00
table,outputs/tables/optuna_trials.csv,C:\Users\AKTS\Desktop\Resul\Data_Mining_Project\outputs\tables\optuna_trials.csv,optuna_trials.csv,.csv,57125,2026-04-29T08:13:23+00:00
table,outputs/tables/reviewed_papers_summary.csv,C:\Users\AKTS\Desktop\Resul\Data_Mining_Project\outputs\tables\reviewed_papers_summary.csv,reviewed_papers_summary.csv,.csv,867,2026-04-24T10:23:05+00:00
table,outputs/tables/run_all_step_summary.csv,C:\Users\AKTS\Desktop\Resul\Data_Mining_Project\outputs\tables\run_all_step_summary.csv,run_all_step_summary.csv,.csv,7582,2026-04-29T09:12:05+00:00
table,outputs/tables/scorecard_feature_contributions.csv,C:\Users\AKTS\Desktop\Resul\Data_Mining_Project\outputs\tables\scorecard_feature_contributions.csv,scorecard_feature_contributions.csv,.csv,13333,2026-04-29T07:14:38+00:00
table,outputs/tables/scorecard_results.csv,C:\Users\AKTS\Desktop\Resul\Data_Mining_Project\outputs\tables\scorecard_results.csv,scorecard_results.csv,.csv,2143,2026-04-29T07:14:38+00:00
table,outputs/tables/scre_credit_external_validation_summary.csv,C:\Users\AKTS\Desktop\Resul\Data_Mining_Project\outputs\tables\scre_credit_external_validation_summary.csv,scre_credit_external_validation_summary.csv,.csv,1892,2026-04-27T07:38:48+00:00
table,outputs/tables/scre_credit_results_heloc.csv,C:\Users\AKTS\Desktop\Resul\Data_Mining_Project\outputs\tables\scre_credit_results_heloc.csv,scre_credit_results_heloc.csv,.csv,11175,2026-04-29T08:17:53+00:00
table,outputs/tables/scre_credit_results_taiwan.csv,C:\Users\AKTS\Desktop\Resul\Data_Mining_Project\outputs\tables\scre_credit_results_taiwan.csv,scre_credit_results_taiwan.csv,.csv,11202,2026-04-29T08:17:50+00:00
table,outputs/tables/scre_model_weights.csv,C:\Users\AKTS\Desktop\Resul\Data_Mining_Project\outputs\tables\scre_model_weights.csv,scre_model_weights.csv,.csv,16055,2026-04-29T08:17:53+00:00
table,outputs/tables/scre_pareto_pool.csv,C:\Users\AKTS\Desktop\Resul\Data_Mining_Project\outputs\tables\scre_pareto_pool.csv,scre_pareto_pool.csv,.csv,6124,2026-04-29T11:48:21+00:00
table,outputs/tables/scre_revision_results.csv,C:\Users\AKTS\Desktop\Resul\Data_Mining_Project\outputs\tables\scre_revision_results.csv,scre_revision_results.csv,.csv,5296,2026-04-29T11:48:21+00:00
table,outputs/tables/scre_revision_weights.csv,C:\Users\AKTS\Desktop\Resul\Data_Mining_Project\outputs\tables\scre_revision_weights.csv,scre_revision_weights.csv,.csv,13243,2026-04-29T11:48:21+00:00
table,outputs/tables/scre_weight_optimization_audit.csv,C:\Users\AKTS\Desktop\Resul\Data_Mining_Project\outputs\tables\scre_weight_optimization_audit.csv,scre_weight_optimization_audit.csv,.csv,1814753,2026-04-29T11:48:21+00:00
table,outputs/tables/shap_explainer_metadata.csv,C:\Users\AKTS\Desktop\Resul\Data_Mining_Project\outputs\tables\shap_explainer_metadata.csv,shap_explainer_metadata.csv,.csv,310,2026-04-29T08:54:21+00:00
table,outputs/tables/shap_kendalls_w.csv,C:\Users\AKTS\Desktop\Resul\Data_Mining_Project\outputs\tables\shap_kendalls_w.csv,shap_kendalls_w.csv,.csv,515,2026-04-29T11:48:21+00:00
table,outputs/tables/shap_lime_agreement.csv,C:\Users\AKTS\Desktop\Resul\Data_Mining_Project\outputs\tables\shap_lime_agreement.csv,shap_lime_agreement.csv,.csv,976,2026-04-29T08:54:21+00:00
table,outputs/tables/shap_rank_correlations.csv,C:\Users\AKTS\Desktop\Resul\Data_Mining_Project\outputs\tables\shap_rank_correlations.csv,shap_rank_correlations.csv,.csv,343069,2026-04-29T08:55:32+00:00
table,outputs/tables/shap_stability_rankings.csv,C:\Users\AKTS\Desktop\Resul\Data_Mining_Project\outputs\tables\shap_stability_rankings.csv,shap_stability_rankings.csv,.csv,3821,2026-04-24T10:26:36+00:00
table,outputs/tables/shap_stability_seed_results.csv,C:\Users\AKTS\Desktop\Resul\Data_Mining_Project\outputs\tables\shap_stability_seed_results.csv,shap_stability_seed_results.csv,.csv,320012,2026-04-29T08:55:32+00:00
table,outputs/tables/shap_stability_spearman.csv,C:\Users\AKTS\Desktop\Resul\Data_Mining_Project\outputs\tables\shap_stability_spearman.csv,shap_stability_spearman.csv,.csv,2124,2026-04-24T10:26:36+00:00
table,outputs/tables/shap_top5_frequency.csv,C:\Users\AKTS\Desktop\Resul\Data_Mining_Project\outputs\tables\shap_top5_frequency.csv,shap_top5_frequency.csv,.csv,164,2026-04-24T10:26:36+00:00
table,outputs/tables/shap_top_features.csv,C:\Users\AKTS\Desktop\Resul\Data_Mining_Project\outputs\tables\shap_top_features.csv,shap_top_features.csv,.csv,1882,2026-04-29T08:54:16+00:00
table,outputs/tables/shap_topk_frequency.csv,C:\Users\AKTS\Desktop\Resul\Data_Mining_Project\outputs\tables\shap_topk_frequency.csv,shap_topk_frequency.csv,.csv,6284,2026-04-29T08:55:32+00:00
table,outputs/tables/split_summary_heloc.csv,C:\Users\AKTS\Desktop\Resul\Data_Mining_Project\outputs\tables\split_summary_heloc.csv,split_summary_heloc.csv,.csv,424,2026-04-29T07:14:24+00:00
table,outputs/tables/split_summary_taiwan.csv,C:\Users\AKTS\Desktop\Resul\Data_Mining_Project\outputs\tables\split_summary_taiwan.csv,split_summary_taiwan.csv,.csv,417,2026-04-29T07:14:24+00:00
table,outputs/tables/subgroup_reliability_taiwan.csv,C:\Users\AKTS\Desktop\Resul\Data_Mining_Project\outputs\tables\subgroup_reliability_taiwan.csv,subgroup_reliability_taiwan.csv,.csv,5647,2026-04-29T08:56:16+00:00
table,outputs/tables/taiwan_data_audit.csv,C:\Users\AKTS\Desktop\Resul\Data_Mining_Project\outputs\tables\taiwan_data_audit.csv,taiwan_data_audit.csv,.csv,2975,2026-04-29T07:14:18+00:00
table,outputs/tables/taiwan_scre_credit_20260427T061537Z_ef829d39_bootstrap_ci.csv,C:\Users\AKTS\Desktop\Resul\Data_Mining_Project\outputs\tables\taiwan_scre_credit_20260427T061537Z_ef829d39_bootstrap_ci.csv,taiwan_scre_credit_20260427T061537Z_ef829d39_bootstrap_ci.csv,.csv,227,2026-04-27T06:15:37+00:00
table,outputs/tables/taiwan_scre_credit_20260427T061537Z_ef829d39_candidate_pool.csv,C:\Users\AKTS\Desktop\Resul\Data_Mining_Project\outputs\tables\taiwan_scre_credit_20260427T061537Z_ef829d39_candidate_pool.csv,taiwan_scre_credit_20260427T061537Z_ef829d39_candidate_pool.csv,.csv,195,2026-04-27T06:15:37+00:00
table,outputs/tables/taiwan_scre_credit_20260427T061537Z_ef829d39_cost_curve.csv,C:\Users\AKTS\Desktop\Resul\Data_Mining_Project\outputs\tables\taiwan_scre_credit_20260427T061537Z_ef829d39_cost_curve.csv,taiwan_scre_credit_20260427T061537Z_ef829d39_cost_curve.csv,.csv,8056,2026-04-27T06:15:39+00:00
table,outputs/tables/taiwan_scre_credit_20260427T061537Z_ef829d39_manual_review_band.csv,C:\Users\AKTS\Desktop\Resul\Data_Mining_Project\outputs\tables\taiwan_scre_credit_20260427T061537Z_ef829d39_manual_review_band.csv,taiwan_scre_credit_20260427T061537Z_ef829d39_manual_review_band.csv,.csv,677,2026-04-27T06:15:39+00:00
table,outputs/tables/taiwan_scre_credit_20260427T061537Z_ef829d39_three_way_test_policy.csv,C:\Users\AKTS\Desktop\Resul\Data_Mining_Project\outputs\tables\taiwan_scre_credit_20260427T061537Z_ef829d39_three_way_test_policy.csv,taiwan_scre_credit_20260427T061537Z_ef829d39_three_way_test_policy.csv,.csv,508,2026-04-27T06:15:39+00:00
table,outputs/tables/taiwan_scre_credit_20260427T061537Z_ef829d39_three_way_threshold_search.csv,C:\Users\AKTS\Desktop\Resul\Data_Mining_Project\outputs\tables\taiwan_scre_credit_20260427T061537Z_ef829d39_three_way_threshold_search.csv,taiwan_scre_credit_20260427T061537Z_ef829d39_three_way_threshold_search.csv,.csv,6522,2026-04-27T06:15:37+00:00
table,outputs/tables/taiwan_scre_credit_20260427T061537Z_ef829d39_thresholds.csv,C:\Users\AKTS\Desktop\Resul\Data_Mining_Project\outputs\tables\taiwan_scre_credit_20260427T061537Z_ef829d39_thresholds.csv,taiwan_scre_credit_20260427T061537Z_ef829d39_thresholds.csv,.csv,4766,2026-04-27T06:15:37+00:00
table,outputs/tables/taiwan_scre_credit_20260427T061537Z_ef829d39_validation_results.csv,C:\Users\AKTS\Desktop\Resul\Data_Mining_Project\outputs\tables\taiwan_scre_credit_20260427T061537Z_ef829d39_validation_results.csv,taiwan_scre_credit_20260427T061537Z_ef829d39_validation_results.csv,.csv,3998,2026-04-27T06:15:37+00:00
table,outputs/tables/taiwan_scre_credit_20260427T061537Z_ef829d39_weights.csv,C:\Users\AKTS\Desktop\Resul\Data_Mining_Project\outputs\tables\taiwan_scre_credit_20260427T061537Z_ef829d39_weights.csv,taiwan_scre_credit_20260427T061537Z_ef829d39_weights.csv,.csv,1463,2026-04-27T06:15:37+00:00
table,outputs/tables/taiwan_scre_credit_20260427T070845Z_f722372c_bootstrap_ci.csv,C:\Users\AKTS\Desktop\Resul\Data_Mining_Project\outputs\tables\taiwan_scre_credit_20260427T070845Z_f722372c_bootstrap_ci.csv,taiwan_scre_credit_20260427T070845Z_f722372c_bootstrap_ci.csv,.csv,226,2026-04-27T07:08:45+00:00
table,outputs/tables/taiwan_scre_credit_20260427T070845Z_f722372c_candidate_pool.csv,C:\Users\AKTS\Desktop\Resul\Data_Mining_Project\outputs\tables\taiwan_scre_credit_20260427T070845Z_f722372c_candidate_pool.csv,taiwan_scre_credit_20260427T070845Z_f722372c_candidate_pool.csv,.csv,195,2026-04-27T07:08:45+00:00
table,outputs/tables/taiwan_scre_credit_20260427T070845Z_f722372c_cost_curve.csv,C:\Users\AKTS\Desktop\Resul\Data_Mining_Project\outputs\tables\taiwan_scre_credit_20260427T070845Z_f722372c_cost_curve.csv,taiwan_scre_credit_20260427T070845Z_f722372c_cost_curve.csv,.csv,8091,2026-04-27T07:08:46+00:00
table,outputs/tables/taiwan_scre_credit_20260427T070845Z_f722372c_manual_review_band.csv,C:\Users\AKTS\Desktop\Resul\Data_Mining_Project\outputs\tables\taiwan_scre_credit_20260427T070845Z_f722372c_manual_review_band.csv,taiwan_scre_credit_20260427T070845Z_f722372c_manual_review_band.csv,.csv,673,2026-04-27T07:08:46+00:00
table,outputs/tables/taiwan_scre_credit_20260427T070845Z_f722372c_three_way_test_policy.csv,C:\Users\AKTS\Desktop\Resul\Data_Mining_Project\outputs\tables\taiwan_scre_credit_20260427T070845Z_f722372c_three_way_test_policy.csv,taiwan_scre_credit_20260427T070845Z_f722372c_three_way_test_policy.csv,.csv,495,2026-04-27T07:08:46+00:00
table,outputs/tables/taiwan_scre_credit_20260427T070845Z_f722372c_three_way_threshold_search.csv,C:\Users\AKTS\Desktop\Resul\Data_Mining_Project\outputs\tables\taiwan_scre_credit_20260427T070845Z_f722372c_three_way_threshold_search.csv,taiwan_scre_credit_20260427T070845Z_f722372c_three_way_threshold_search.csv,.csv,6328,2026-04-27T07:08:45+00:00
table,outputs/tables/taiwan_scre_credit_20260427T070845Z_f722372c_thresholds.csv,C:\Users\AKTS\Desktop\Resul\Data_Mining_Project\outputs\tables\taiwan_scre_credit_20260427T070845Z_f722372c_thresholds.csv,taiwan_scre_credit_20260427T070845Z_f722372c_thresholds.csv,.csv,4840,2026-04-27T07:08:45+00:00
table,outputs/tables/taiwan_scre_credit_20260427T070845Z_f722372c_validation_results.csv,C:\Users\AKTS\Desktop\Resul\Data_Mining_Project\outputs\tables\taiwan_scre_credit_20260427T070845Z_f722372c_validation_results.csv,taiwan_scre_credit_20260427T070845Z_f722372c_validation_results.csv,.csv,4025,2026-04-27T07:08:45+00:00
table,outputs/tables/taiwan_scre_credit_20260427T070845Z_f722372c_weights.csv,C:\Users\AKTS\Desktop\Resul\Data_Mining_Project\outputs\tables\taiwan_scre_credit_20260427T070845Z_f722372c_weights.csv,taiwan_scre_credit_20260427T070845Z_f722372c_weights.csv,.csv,1463,2026-04-27T07:08:45+00:00
table,outputs/tables/taiwan_scre_credit_20260427T073739Z_2427bdbc_bootstrap_ci.csv,C:\Users\AKTS\Desktop\Resul\Data_Mining_Project\outputs\tables\taiwan_scre_credit_20260427T073739Z_2427bdbc_bootstrap_ci.csv,taiwan_scre_credit_20260427T073739Z_2427bdbc_bootstrap_ci.csv,.csv,228,2026-04-27T07:37:39+00:00
table,outputs/tables/taiwan_scre_credit_20260427T073739Z_2427bdbc_candidate_pool.csv,C:\Users\AKTS\Desktop\Resul\Data_Mining_Project\outputs\tables\taiwan_scre_credit_20260427T073739Z_2427bdbc_candidate_pool.csv,taiwan_scre_credit_20260427T073739Z_2427bdbc_candidate_pool.csv,.csv,195,2026-04-27T07:37:39+00:00
table,outputs/tables/taiwan_scre_credit_20260427T073739Z_2427bdbc_cost_curve.csv,C:\Users\AKTS\Desktop\Resul\Data_Mining_Project\outputs\tables\taiwan_scre_credit_20260427T073739Z_2427bdbc_cost_curve.csv,taiwan_scre_credit_20260427T073739Z_2427bdbc_cost_curve.csv,.csv,8026,2026-04-27T07:37:41+00:00
table,outputs/tables/taiwan_scre_credit_20260427T073739Z_2427bdbc_manual_review_band.csv,C:\Users\AKTS\Desktop\Resul\Data_Mining_Project\outputs\tables\taiwan_scre_credit_20260427T073739Z_2427bdbc_manual_review_band.csv,taiwan_scre_credit_20260427T073739Z_2427bdbc_manual_review_band.csv,.csv,603,2026-04-27T07:37:41+00:00
table,outputs/tables/taiwan_scre_credit_20260427T073739Z_2427bdbc_three_way_test_policy.csv,C:\Users\AKTS\Desktop\Resul\Data_Mining_Project\outputs\tables\taiwan_scre_credit_20260427T073739Z_2427bdbc_three_way_test_policy.csv,taiwan_scre_credit_20260427T073739Z_2427bdbc_three_way_test_policy.csv,.csv,495,2026-04-27T07:37:41+00:00
table,outputs/tables/taiwan_scre_credit_20260427T073739Z_2427bdbc_three_way_threshold_search.csv,C:\Users\AKTS\Desktop\Resul\Data_Mining_Project\outputs\tables\taiwan_scre_credit_20260427T073739Z_2427bdbc_three_way_threshold_search.csv,taiwan_scre_credit_20260427T073739Z_2427bdbc_three_way_threshold_search.csv,.csv,6548,2026-04-27T07:37:39+00:00
table,outputs/tables/taiwan_scre_credit_20260427T073739Z_2427bdbc_thresholds.csv,C:\Users\AKTS\Desktop\Resul\Data_Mining_Project\outputs\tables\taiwan_scre_credit_20260427T073739Z_2427bdbc_thresholds.csv,taiwan_scre_credit_20260427T073739Z_2427bdbc_thresholds.csv,.csv,4746,2026-04-27T07:37:39+00:00
table,outputs/tables/taiwan_scre_credit_20260427T073739Z_2427bdbc_validation_results.csv,C:\Users\AKTS\Desktop\Resul\Data_Mining_Project\outputs\tables\taiwan_scre_credit_20260427T073739Z_2427bdbc_validation_results.csv,taiwan_scre_credit_20260427T073739Z_2427bdbc_validation_results.csv,.csv,4044,2026-04-27T07:37:39+00:00
table,outputs/tables/taiwan_scre_credit_20260427T073739Z_2427bdbc_weights.csv,C:\Users\AKTS\Desktop\Resul\Data_Mining_Project\outputs\tables\taiwan_scre_credit_20260427T073739Z_2427bdbc_weights.csv,taiwan_scre_credit_20260427T073739Z_2427bdbc_weights.csv,.csv,1465,2026-04-27T07:37:39+00:00
table,outputs/tables/taiwan_scre_credit_20260427T073841Z_8591fb01_bootstrap_ci.csv,C:\Users\AKTS\Desktop\Resul\Data_Mining_Project\outputs\tables\taiwan_scre_credit_20260427T073841Z_8591fb01_bootstrap_ci.csv,taiwan_scre_credit_20260427T073841Z_8591fb01_bootstrap_ci.csv,.csv,228,2026-04-27T07:38:41+00:00
table,outputs/tables/taiwan_scre_credit_20260427T073841Z_8591fb01_candidate_pool.csv,C:\Users\AKTS\Desktop\Resul\Data_Mining_Project\outputs\tables\taiwan_scre_credit_20260427T073841Z_8591fb01_candidate_pool.csv,taiwan_scre_credit_20260427T073841Z_8591fb01_candidate_pool.csv,.csv,195,2026-04-27T07:38:41+00:00
table,outputs/tables/taiwan_scre_credit_20260427T073841Z_8591fb01_cost_curve.csv,C:\Users\AKTS\Desktop\Resul\Data_Mining_Project\outputs\tables\taiwan_scre_credit_20260427T073841Z_8591fb01_cost_curve.csv,taiwan_scre_credit_20260427T073841Z_8591fb01_cost_curve.csv,.csv,8026,2026-04-27T07:38:42+00:00
table,outputs/tables/taiwan_scre_credit_20260427T073841Z_8591fb01_manual_review_band.csv,C:\Users\AKTS\Desktop\Resul\Data_Mining_Project\outputs\tables\taiwan_scre_credit_20260427T073841Z_8591fb01_manual_review_band.csv,taiwan_scre_credit_20260427T073841Z_8591fb01_manual_review_band.csv,.csv,603,2026-04-27T07:38:42+00:00
table,outputs/tables/taiwan_scre_credit_20260427T073841Z_8591fb01_three_way_test_policy.csv,C:\Users\AKTS\Desktop\Resul\Data_Mining_Project\outputs\tables\taiwan_scre_credit_20260427T073841Z_8591fb01_three_way_test_policy.csv,taiwan_scre_credit_20260427T073841Z_8591fb01_three_way_test_policy.csv,.csv,495,2026-04-27T07:38:42+00:00
table,outputs/tables/taiwan_scre_credit_20260427T073841Z_8591fb01_three_way_threshold_search.csv,C:\Users\AKTS\Desktop\Resul\Data_Mining_Project\outputs\tables\taiwan_scre_credit_20260427T073841Z_8591fb01_three_way_threshold_search.csv,taiwan_scre_credit_20260427T073841Z_8591fb01_three_way_threshold_search.csv,.csv,6548,2026-04-27T07:38:41+00:00
table,outputs/tables/taiwan_scre_credit_20260427T073841Z_8591fb01_thresholds.csv,C:\Users\AKTS\Desktop\Resul\Data_Mining_Project\outputs\tables\taiwan_scre_credit_20260427T073841Z_8591fb01_thresholds.csv,taiwan_scre_credit_20260427T073841Z_8591fb01_thresholds.csv,.csv,5076,2026-04-27T07:38:41+00:00
table,outputs/tables/taiwan_scre_credit_20260427T073841Z_8591fb01_validation_results.csv,C:\Users\AKTS\Desktop\Resul\Data_Mining_Project\outputs\tables\taiwan_scre_credit_20260427T073841Z_8591fb01_validation_results.csv,taiwan_scre_credit_20260427T073841Z_8591fb01_validation_results.csv,.csv,4043,2026-04-27T07:38:41+00:00
table,outputs/tables/taiwan_scre_credit_20260427T073841Z_8591fb01_weights.csv,C:\Users\AKTS\Desktop\Resul\Data_Mining_Project\outputs\tables\taiwan_scre_credit_20260427T073841Z_8591fb01_weights.csv,taiwan_scre_credit_20260427T073841Z_8591fb01_weights.csv,.csv,1465,2026-04-27T07:38:41+00:00
table,outputs/tables/taiwan_scre_credit_bootstrap_ci.csv,C:\Users\AKTS\Desktop\Resul\Data_Mining_Project\outputs\tables\taiwan_scre_credit_bootstrap_ci.csv,taiwan_scre_credit_bootstrap_ci.csv,.csv,228,2026-04-27T07:38:41+00:00
table,outputs/tables/taiwan_scre_credit_candidate_pool.csv,C:\Users\AKTS\Desktop\Resul\Data_Mining_Project\outputs\tables\taiwan_scre_credit_candidate_pool.csv,taiwan_scre_credit_candidate_pool.csv,.csv,195,2026-04-27T07:38:41+00:00
table,outputs/tables/taiwan_scre_credit_cost_curve.csv,C:\Users\AKTS\Desktop\Resul\Data_Mining_Project\outputs\tables\taiwan_scre_credit_cost_curve.csv,taiwan_scre_credit_cost_curve.csv,.csv,8026,2026-04-27T07:38:42+00:00
table,outputs/tables/taiwan_scre_credit_manual_review_band.csv,C:\Users\AKTS\Desktop\Resul\Data_Mining_Project\outputs\tables\taiwan_scre_credit_manual_review_band.csv,taiwan_scre_credit_manual_review_band.csv,.csv,603,2026-04-27T07:38:42+00:00
table,outputs/tables/taiwan_scre_credit_three_way_test_policy.csv,C:\Users\AKTS\Desktop\Resul\Data_Mining_Project\outputs\tables\taiwan_scre_credit_three_way_test_policy.csv,taiwan_scre_credit_three_way_test_policy.csv,.csv,495,2026-04-27T07:38:42+00:00
table,outputs/tables/taiwan_scre_credit_three_way_threshold_search.csv,C:\Users\AKTS\Desktop\Resul\Data_Mining_Project\outputs\tables\taiwan_scre_credit_three_way_threshold_search.csv,taiwan_scre_credit_three_way_threshold_search.csv,.csv,6548,2026-04-27T07:38:41+00:00
table,outputs/tables/taiwan_scre_credit_thresholds.csv,C:\Users\AKTS\Desktop\Resul\Data_Mining_Project\outputs\tables\taiwan_scre_credit_thresholds.csv,taiwan_scre_credit_thresholds.csv,.csv,5076,2026-04-27T07:38:41+00:00
table,outputs/tables/taiwan_scre_credit_validation_results.csv,C:\Users\AKTS\Desktop\Resul\Data_Mining_Project\outputs\tables\taiwan_scre_credit_validation_results.csv,taiwan_scre_credit_validation_results.csv,.csv,4043,2026-04-27T07:38:41+00:00
table,outputs/tables/taiwan_scre_credit_weights.csv,C:\Users\AKTS\Desktop\Resul\Data_Mining_Project\outputs\tables\taiwan_scre_credit_weights.csv,taiwan_scre_credit_weights.csv,.csv,1465,2026-04-27T07:38:41+00:00
table,outputs/tables/taiwan_vs_heloc_framework_comparison.csv,C:\Users\AKTS\Desktop\Resul\Data_Mining_Project\outputs\tables\taiwan_vs_heloc_framework_comparison.csv,taiwan_vs_heloc_framework_comparison.csv,.csv,2826,2026-04-29T09:05:33+00:00
table,outputs/tables/threshold_analysis.csv,C:\Users\AKTS\Desktop\Resul\Data_Mining_Project\outputs\tables\threshold_analysis.csv,threshold_analysis.csv,.csv,9159099,2026-04-29T08:17:41+00:00
table,outputs/tables/threshold_analysis_heloc.csv,C:\Users\AKTS\Desktop\Resul\Data_Mining_Project\outputs\tables\threshold_analysis_heloc.csv,threshold_analysis_heloc.csv,.csv,4599967,2026-04-29T08:17:40+00:00
table,outputs/tables/threshold_analysis_taiwan.csv,C:\Users\AKTS\Desktop\Resul\Data_Mining_Project\outputs\tables\threshold_analysis_taiwan.csv,threshold_analysis_taiwan.csv,.csv,4559577,2026-04-29T08:17:03+00:00
table,outputs/tables/threshold_comparison.csv,C:\Users\AKTS\Desktop\Resul\Data_Mining_Project\outputs\tables\threshold_comparison.csv,threshold_comparison.csv,.csv,3049,2026-04-24T10:24:48+00:00
table,outputs/tables/tuned_xgboost_oof_threshold_comparison.csv,C:\Users\AKTS\Desktop\Resul\Data_Mining_Project\outputs\tables\tuned_xgboost_oof_threshold_comparison.csv,tuned_xgboost_oof_threshold_comparison.csv,.csv,3081,2026-04-24T11:52:53+00:00
table,outputs/tables/tuned_xgboost_test_metrics.csv,C:\Users\AKTS\Desktop\Resul\Data_Mining_Project\outputs\tables\tuned_xgboost_test_metrics.csv,tuned_xgboost_test_metrics.csv,.csv,590,2026-04-24T10:23:21+00:00
table,outputs/tables/tuned_xgboost_threshold_comparison.csv,C:\Users\AKTS\Desktop\Resul\Data_Mining_Project\outputs\tables\tuned_xgboost_threshold_comparison.csv,tuned_xgboost_threshold_comparison.csv,.csv,3049,2026-04-24T10:23:57+00:00
table,outputs/tables/validation_threshold_test_results.csv,C:\Users\AKTS\Desktop\Resul\Data_Mining_Project\outputs\tables\validation_threshold_test_results.csv,validation_threshold_test_results.csv,.csv,912,2026-04-24T10:04:36+00:00
