audit_timestamp_local,source_type,source_file,sheet_name,result_theme,row_count,column_count,column_names,empty_columns,empty_column_count,missing_winner_column,missing_direction_column,duplicate_row_count,has_duplicate_rows,has_dataset_column,has_model_column,has_metric_column,has_threshold_column,has_cost_scenario_column,has_winner_column,has_direction_column,read_status,read_error
2026-04-29 14:50:46,csv_file,outputs/tables/ablation_faithfulness_details.csv,,faithfulness;ablation,100,15,ablation_id | test_type | step | feature | feature_set | n_features | roc_auc_drop | pr_auc_drop | probability_shift | recall_change | cost_change | perturbed_roc_auc | perturbed_pr_auc | perturbed_recall | perturbed_expected_cost,,0,missing_winner_column,missing_direction_column,0,False,False,False,False,False,False,False,False,PASS,
2026-04-29 14:50:46,csv_file,outputs/tables/ablation_results.csv,,model_result;threshold;shap_stability;faithfulness;ablation,10,38,dataset | ablation_id | ablation_name | description | model_role | n_base_models | selected_models | threshold | threshold_source | test_set_used_for_training_or_selection | validation_roc_auc | validation_pr_auc | validation_recall | validation_f1 | validation_brier | validation_ece | validation_expected_cost | roc_auc | pr_auc | recall | f1 | brier | ece | expected_cost | accuracy | precision | specificity | tn | fp | fn | tp | component_weights | shap_stability | shap_stability_source | faithfulness_raw_topk_pr_auc_drop | faithfulness_score | faithfulness_score_source | feature_scope,,0,missing_winner_column,missing_direction_column,0,False,True,False,False,True,False,False,False,PASS,
2026-04-29 14:50:46,csv_file,outputs/tables/ablation_shap_rank_correlations.csv,,shap_stability;ablation,2450,14,dataset | stability_scope | model_family | seed_a | seed_b | spearman_rho | spearman_p_value | kendall_tau | kendall_p_value | kendalls_w | top5_overlap_count | top5_overlap_rate | top10_overlap_count | top10_overlap_rate,,0,missing_winner_column,missing_direction_column,0,False,True,False,False,False,False,False,False,PASS,
2026-04-29 14:50:46,csv_file,outputs/tables/ablation_shap_stability_seed_results.csv,,model_result;shap_stability;ablation,3750,13,dataset | stability_scope | model_family | seed_index | random_seed | feature | mean_abs_shap | mean_shap | rank | shap_sign | raw_feature | in_top_5 | in_top_10,,0,missing_winner_column,missing_direction_column,0,False,True,False,False,False,False,False,False,PASS,
2026-04-29 14:50:46,csv_file,outputs/tables/ablation_shap_topk_frequency.csv,,shap_stability;ablation,75,15,dataset | stability_scope | model_family | feature | raw_feature | mean_rank | median_rank | rank_std | min_rank | max_rank | top5_count | top5_frequency | top10_count | top10_frequency | mean_abs_shap,,0,missing_winner_column,missing_direction_column,0,False,True,False,False,False,False,False,False,PASS,
2026-04-29 14:50:46,csv_file,outputs/tables/background_sensitivity_results.csv,,model_result;shap_stability;background_sensitivity,240,25,dataset | model | result_type | background | selection_policy | feature | raw_feature | mean_abs_shap | mean_shap | background_size | rank | is_top_10 | background_a | background_b | top_k | top_k_overlap_count | top_k_overlap_rate | top_k_jaccard | spearman_rho | spearman_p_value | kendall_tau | kendall_p_value | mean_abs_shap_drift | median_abs_shap_drift | mean_relative_shap_drift,,0,missing_winner_column,missing_direction_column,0,False,True,True,False,False,False,False,False,PASS,
2026-04-29 14:50:46,csv_file,outputs/tables/baseline_model_comparison.csv,,model_result;threshold,5,14,threshold | accuracy | precision | recall | f1 | specificity | roc_auc | pr_auc | brier_score | tn | fp | fn | tp | model,,0,missing_winner_column,missing_direction_column,0,False,False,True,False,True,False,False,False,PASS,
2026-04-29 14:50:46,csv_file,outputs/tables/baseline_results_heloc.csv,,model_result;calibration;threshold,12,28,dataset | model | split | train_rows | validation_rows | test_rows_reserved | test_set_used | resampling | preprocessing_fit_scope | model_path | description | threshold | accuracy | precision | recall | f1 | specificity | g_mean | roc_auc | pr_auc | brier_score | ece | calibration_slope | calibration_intercept | tn | fp | fn | tp,,0,missing_winner_column,missing_direction_column,0,False,True,True,False,True,False,False,False,PASS,
2026-04-29 14:50:46,csv_file,outputs/tables/baseline_results_taiwan.csv,,model_result;calibration;threshold,12,28,dataset | model | split | train_rows | validation_rows | test_rows_reserved | test_set_used | resampling | preprocessing_fit_scope | model_path | description | threshold | accuracy | precision | recall | f1 | specificity | g_mean | roc_auc | pr_auc | brier_score | ece | calibration_slope | calibration_intercept | tn | fp | fn | tp,,0,missing_winner_column,missing_direction_column,0,False,True,True,False,True,False,False,False,PASS,
2026-04-29 14:50:46,csv_file,outputs/tables/best_params.csv,,other_table,2,23,dataset | best_model_type | best_trial_number | best_cv_pr_auc | best_cv_roc_auc | best_cv_recall | best_cv_brier_score | best_cv_fn_weighted_cost | validation_pr_auc | validation_roc_auc | validation_recall | validation_brier_score | validation_fn_weighted_cost | best_params_json | model_path | n_trials | cv_n_splits | cv_n_repeats | cv_total_folds | objective_primary | objective_secondary | test_set_used | study_path,,0,,,0,False,True,False,False,False,False,False,False,PASS,
2026-04-29 14:50:46,csv_file,outputs/tables/boosting_results_heloc.csv,,model_result;calibration;threshold,14,29,dataset | model | model_family | split | train_rows | validation_rows | test_rows_reserved | test_set_used | resampling | monotonic_constraints | constraint_summary | model_path | threshold | accuracy | precision | recall | f1 | specificity | g_mean | roc_auc | pr_auc | brier_score | ece | calibration_slope | calibration_intercept | tn | fp | fn | tp,,0,missing_winner_column,missing_direction_column,0,False,True,True,False,True,False,False,False,PASS,
2026-04-29 14:50:46,csv_file,outputs/tables/boosting_results_taiwan.csv,,model_result;calibration;threshold,14,29,dataset | model | model_family | split | train_rows | validation_rows | test_rows_reserved | test_set_used | resampling | monotonic_constraints | constraint_summary | model_path | threshold | accuracy | precision | recall | f1 | specificity | g_mean | roc_auc | pr_auc | brier_score | ece | calibration_slope | calibration_intercept | tn | fp | fn | tp,,0,missing_winner_column,missing_direction_column,0,False,True,True,False,True,False,False,False,PASS,
2026-04-29 14:50:46,csv_file,outputs/tables/bootstrap_confidence_intervals.csv,,threshold;statistical_test,60,11,dataset | model | metric | mean | lower_ci | upper_ci | p_value | n_bootstrap | confidence_level | threshold | split,p_value,1,missing_winner_column,missing_direction_column,0,False,True,True,True,True,False,False,False,PASS,
2026-04-29 14:50:46,csv_file,outputs/tables/calibration_results.csv,,model_result;calibration;threshold,3,14,threshold | accuracy | precision | recall | f1 | specificity | roc_auc | pr_auc | brier_score | tn | fp | fn | tp | model,,0,missing_winner_column,missing_direction_column,0,False,False,True,False,True,False,False,False,PASS,
2026-04-29 14:50:46,csv_file,outputs/tables/calibration_results_heloc.csv,,model_result;calibration;threshold,42,34,dataset | model | source_phase | model_family | calibration_method | calibration_fit_policy | split | train_rows | validation_rows | test_rows_reserved | test_set_used | calibration_cv_folds | resampling | monotonic_constraints | expected_cost | description | threshold | accuracy | precision | recall | f1 | specificity | g_mean | roc_auc | pr_auc | brier_score | ece | calibration_slope | calibration_intercept | tn | fp | fn | tp | model_path,,0,missing_winner_column,missing_direction_column,0,False,True,True,False,True,False,False,False,PASS,
2026-04-29 14:50:46,csv_file,outputs/tables/calibration_results_taiwan.csv,,model_result;calibration;threshold,42,34,dataset | model | source_phase | model_family | calibration_method | calibration_fit_policy | split | train_rows | validation_rows | test_rows_reserved | test_set_used | calibration_cv_folds | resampling | monotonic_constraints | expected_cost | description | threshold | accuracy | precision | recall | f1 | specificity | g_mean | roc_auc | pr_auc | brier_score | ece | calibration_slope | calibration_intercept | tn | fp | fn | tp | model_path,,0,missing_winner_column,missing_direction_column,0,False,True,True,False,True,False,False,False,PASS,
2026-04-29 14:50:46,csv_file,outputs/tables/cv_oof_model_threshold_comparison.csv,,model_result;threshold,4,11,model | oof_roc_auc | oof_pr_auc | oof_brier_score | best_oof_threshold | best_oof_expected_cost | best_oof_precision | best_oof_recall | best_oof_f1 | best_oof_fp | best_oof_fn,,0,missing_winner_column,missing_direction_column,0,False,False,True,False,False,False,False,False,PASS,
2026-04-29 14:50:46,csv_file,outputs/tables/dataset_variable_description.csv,,other_table,10,3,variable | group | description,,0,,,0,False,False,False,False,False,False,False,False,PASS,
2026-04-29 14:50:46,csv_file,outputs/tables/default_rate_by_delay_count.csv,,other_table,7,3,delay_count | default_rate | count,,0,,,0,False,False,False,False,False,False,False,False,PASS,
2026-04-29 14:50:46,csv_file,outputs/tables/default_rate_by_demographics.csv,,other_table,9,4,category | default_rate | count | variable,,0,,,0,False,False,False,False,False,False,False,False,PASS,
2026-04-29 14:50:46,csv_file,outputs/tables/duplicate_split_overlap_audit.csv,,other_table,6,10,dataset | split_left | split_right | feature_columns_used | overlap_feature_keys | duplicate_pair_count | same_target_pair_count | different_target_pair_count | policy | risk_note,,0,,,0,False,True,False,False,False,False,False,False,PASS,
2026-04-29 14:50:46,csv_file,outputs/tables/enhanced_model_comparison.csv,,model_result;threshold,10,17,threshold | accuracy | precision | recall | f1 | specificity | roc_auc | pr_auc | brier_score | tn | fp | fn | tp | model | imbalance_strategy | training_seconds | selection_score,,0,missing_winner_column,missing_direction_column,0,False,False,True,False,True,False,False,False,PASS,
2026-04-29 14:50:46,csv_file,outputs/tables/environment_versions.csv,,other_table,17,3,package | version | import_name,,0,,,0,False,False,False,False,False,False,False,False,PASS,
2026-04-29 14:50:46,csv_file,outputs/tables/external_validation_heloc_faithfulness_group_results.csv,,model_result;threshold;faithfulness;heloc_external_validation,5,19,dataset | threshold | baseline_roc_auc | baseline_pr_auc | baseline_recall | baseline_expected_cost | test_type | group | feature_set | n_features | roc_auc_drop | pr_auc_drop | probability_shift | recall_change | cost_change | perturbed_roc_auc | perturbed_pr_auc | perturbed_recall | perturbed_expected_cost,,0,missing_winner_column,missing_direction_column,0,False,True,False,False,True,False,False,False,PASS,
2026-04-29 14:50:46,csv_file,outputs/tables/external_validation_heloc_faithfulness_results.csv,,model_result;threshold;faithfulness;heloc_external_validation,61,20,dataset | threshold | baseline_roc_auc | baseline_pr_auc | baseline_recall | baseline_expected_cost | test_type | step | feature | feature_set | n_features | roc_auc_drop | pr_auc_drop | probability_shift | recall_change | cost_change | perturbed_roc_auc | perturbed_pr_auc | perturbed_recall | perturbed_expected_cost,,0,missing_winner_column,missing_direction_column,0,False,True,False,False,True,False,False,False,PASS,
2026-04-29 14:50:46,csv_file,outputs/tables/external_validation_heloc_results.csv,,model_result;calibration;threshold;heloc_external_validation,12,31,dataset | dataset_role | framework_validation_mode | target | model | model_role | split | calibration_method | threshold | threshold_source | fn_cost | fp_cost | expected_cost | expected_cost_per_1000 | test_set_used_for_training_or_selection | accuracy | precision | recall | f1 | specificity | g_mean | roc_auc | pr_auc | brier_score | ece | calibration_slope | calibration_intercept | tn | fp | fn | tp,,0,missing_winner_column,missing_direction_column,0,False,True,True,False,True,False,False,False,PASS,
2026-04-29 14:50:46,csv_file,outputs/tables/external_validation_heloc_scre_metric_inputs.csv,,model_result;calibration;faithfulness;heloc_external_validation;scre_credit,5,10,model | pr_auc | roc_auc | recall | calibration_error | expected_cost | stability_score | faithfulness_score | stability_score_source | faithfulness_score_source,,0,missing_winner_column,missing_direction_column,0,False,False,True,False,False,False,False,False,PASS,
2026-04-29 14:50:46,csv_file,outputs/tables/external_validation_heloc_scre_weights.csv,,model_result;calibration;faithfulness;heloc_external_validation;scre_credit,5,19,model | pr_auc | roc_auc | recall | calibration_error | expected_cost | stability_score | faithfulness_score | stability_score_source | faithfulness_score_source | pr_auc_norm | roc_auc_norm | recall_norm | stability_score_norm | faithfulness_score_norm | calibration_error_norm | expected_cost_norm | reliability_score | ensemble_weight,,0,missing_winner_column,missing_direction_column,0,False,False,True,False,False,False,False,False,PASS,
2026-04-29 14:50:46,csv_file,outputs/tables/external_validation_heloc_shap_rank_correlations.csv,,model_result;shap_stability;heloc_external_validation,1225,14,dataset | stability_scope | model_family | seed_a | seed_b | spearman_rho | spearman_p_value | kendall_tau | kendall_p_value | kendalls_w | top5_overlap_count | top5_overlap_rate | top10_overlap_count | top10_overlap_rate,,0,missing_winner_column,missing_direction_column,0,False,True,False,False,False,False,False,False,PASS,
2026-04-29 14:50:46,csv_file,outputs/tables/external_validation_heloc_shap_stability_seed_results.csv,,model_result;shap_stability;heloc_external_validation,400,13,dataset | stability_scope | model_family | seed_index | random_seed | feature | mean_abs_shap | mean_shap | rank | shap_sign | raw_feature | in_top_5 | in_top_10,,0,missing_winner_column,missing_direction_column,0,False,True,False,False,False,False,False,False,PASS,
2026-04-29 14:50:46,csv_file,outputs/tables/external_validation_heloc_shap_top_features.csv,,model_result;shap_stability;heloc_external_validation,31,10,dataset | model | explainer_type | explain_rows | feature | raw_feature | mean_abs_shap | mean_shap | rank | shap_direction,,0,missing_winner_column,missing_direction_column,0,False,True,True,False,False,False,False,False,PASS,
2026-04-29 14:50:46,csv_file,outputs/tables/external_validation_heloc_shap_topk_frequency.csv,,model_result;shap_stability;heloc_external_validation,8,15,dataset | stability_scope | model_family | feature | raw_feature | mean_rank | median_rank | rank_std | min_rank | max_rank | top5_count | top5_frequency | top10_count | top10_frequency | mean_abs_shap,,0,missing_winner_column,missing_direction_column,0,False,True,False,False,False,False,False,False,PASS,
2026-04-29 14:50:46,csv_file,outputs/tables/external_validation_heloc_threshold_analysis.csv,,model_result;calibration;threshold;heloc_external_validation,495,24,dataset | model | split | threshold | fn_cost | fp_cost | expected_cost | expected_cost_per_1000 | accuracy | precision | recall | f1 | specificity | g_mean | roc_auc | pr_auc | brier_score | ece | calibration_slope | calibration_intercept | tn | fp | fn | tp,,0,missing_winner_column,missing_direction_column,0,False,True,True,False,True,False,False,False,PASS,
2026-04-29 14:50:46,csv_file,outputs/tables/faithfulness_group_results.csv,,model_result;threshold;faithfulness,5,21,analysis_interpretation | baseline_expected_cost | baseline_recall | baseline_pr_auc | baseline_roc_auc | threshold | model | dataset | test_type | group | feature_set | n_features | roc_auc_drop | pr_auc_drop | probability_shift | recall_change | cost_change | perturbed_roc_auc | perturbed_pr_auc | perturbed_recall | perturbed_expected_cost,,0,missing_winner_column,missing_direction_column,0,False,True,True,False,True,False,False,False,PASS,
2026-04-29 14:50:46,csv_file,outputs/tables/faithfulness_results.csv,,model_result;threshold;faithfulness,70,22,analysis_interpretation | baseline_expected_cost | baseline_recall | baseline_pr_auc | baseline_roc_auc | threshold | model | dataset | test_type | step | feature | feature_set | n_features | roc_auc_drop | pr_auc_drop | probability_shift | recall_change | cost_change | perturbed_roc_auc | perturbed_pr_auc | perturbed_recall | perturbed_expected_cost,,0,missing_winner_column,missing_direction_column,0,False,True,True,False,True,False,False,False,PASS,
2026-04-29 14:50:47,csv_file,outputs/tables/faithfulness_test_results.csv,,model_result;faithfulness,10,5,perturbed_feature | baseline_auc | perturbed_auc | auc_drop | mean_probability_shift,,0,missing_winner_column,missing_direction_column,0,False,False,False,False,False,False,False,False,PASS,
2026-04-29 14:50:47,csv_file,outputs/tables/feature_dictionary_heloc.csv,,other_table,8,9,dataset | feature | feature_type | concept | formula | source_columns | uses_target | uses_dataset_level_statistics | fit_scope,,0,,,0,False,True,False,False,False,False,False,False,PASS,
2026-04-29 14:50:47,csv_file,outputs/tables/feature_dictionary_taiwan.csv,,other_table,17,9,dataset | feature | feature_type | concept | formula | source_columns | uses_target | uses_dataset_level_statistics | fit_scope,,0,,,0,False,True,False,False,False,False,False,False,PASS,
2026-04-29 14:50:47,csv_file,outputs/tables/feature_engineering_list.csv,,other_table,17,9,dataset | feature | feature_type | concept | formula | source_columns | uses_target | uses_dataset_level_statistics | fit_scope,,0,,,0,False,True,False,False,False,False,False,False,PASS,
2026-04-29 14:50:47,csv_file,outputs/tables/final_decision_matrix.csv,,calibration;threshold,11,16,decision_area | dataset | winner | winner_raw_model | metric | metric_direction | selection_split | reported_split | validation_value | test_value | threshold | calibration_type | cost_scenario | test_set_used_for_selection | proceed_to_report | interpretation,,0,,,0,False,True,False,True,True,True,True,True,PASS,
2026-04-29 14:50:47,csv_file,outputs/tables/final_decision_summary.csv,,other_table,1,5,proceed_to_report | winner | basis | primary_warning | test_set_policy,,0,,,0,False,False,False,False,False,False,True,False,PASS,
2026-04-29 14:50:47,csv_file,outputs/tables/final_metrics_with_gmean_ks.csv,,threshold,2,17,threshold | accuracy | precision | recall | f1 | specificity | roc_auc | pr_auc | brier_score | tn | fp | fn | tp | operating_point | expected_cost_fn5_fp1 | g_mean | ks_statistic,,0,,,0,False,False,False,False,True,False,False,False,PASS,
2026-04-29 14:50:47,csv_file,outputs/tables/final_model_comparison.csv,,model_result;calibration;threshold,28,48,dataset | model | model_role | split | calibration_method | threshold | threshold_source | cost_scenario | fn_cost | fp_cost | expected_cost | test_set_used_for_training_or_selection | accuracy | precision | recall | f1 | specificity | g_mean | roc_auc | pr_auc | brier_score | ece | calibration_slope | calibration_intercept | tn | fp | fn | tp | canonical_model | calibration_type | selection_split | weight_selection_split | valid_for_model_selection | expected_cost_direction | winner_expected_cost | roc_auc_direction | winner_roc_auc | pr_auc_direction | winner_pr_auc | recall_direction | winner_recall | f1_direction | winner_f1 | brier_score_direction | winner_brier_score | ece_direction | winner_ece | winner,,0,,missing_direction_column,0,False,True,True,False,True,True,True,False,PASS,
2026-04-29 14:50:47,csv_file,outputs/tables/final_output_inventory.csv,,other_table,442,7,artifact_type | relative_path | absolute_path | file_name | extension | size_bytes | modified_utc,,0,,,0,False,False,False,False,False,False,False,False,PASS,
2026-04-29 14:50:47,csv_file,outputs/tables/final_test_metrics.csv,,threshold,1,14,threshold | accuracy | precision | recall | f1 | specificity | roc_auc | pr_auc | brier_score | tn | fp | fn | tp | model,,0,,,0,False,False,True,False,True,False,False,False,PASS,
2026-04-29 14:50:47,csv_file,outputs/tables/heloc_cleaning_decisions.csv,,other_table,5,4,decision | setting | rationale | output_effect,,0,,,0,False,False,False,False,False,False,False,False,PASS,
2026-04-29 14:50:47,csv_file,outputs/tables/heloc_data_audit.csv,,other_table,37,4,check | status | value | notes,,0,,,0,False,False,False,False,False,False,False,False,PASS,
2026-04-29 14:50:47,csv_file,outputs/tables/heloc_data_dictionary.csv,,other_table,24,12,original_column | cleaned_column | role | raw_dtype | cleaned_dtype | raw_missing_count | cleaned_missing_count | special_code_counts_raw | min_cleaned | max_cleaned | unique_values | description,,0,,,0,False,False,False,False,False,False,False,False,PASS,
2026-04-29 14:50:47,csv_file,outputs/tables/heloc_scre_credit_20260427T061543Z_06e3fce3_bootstrap_ci.csv,,model_result;statistical_test;scre_credit,3,4,metric | mean | lower | upper,,0,missing_winner_column,missing_direction_column,0,False,False,False,True,False,False,False,False,PASS,
2026-04-29 14:50:47,csv_file,outputs/tables/heloc_scre_credit_20260427T061543Z_06e3fce3_candidate_pool.csv,,model_result;scre_credit,6,1,model,,0,missing_winner_column,missing_direction_column,0,False,False,True,False,False,False,False,False,PASS,
2026-04-29 14:50:47,csv_file,outputs/tables/heloc_scre_credit_20260427T061543Z_06e3fce3_cost_curve.csv,,model_result;threshold;scre_credit,95,9,fn_cost | fp_cost | threshold | expected_cost | precision | recall | f1 | fp | fn,,0,missing_winner_column,missing_direction_column,0,False,False,False,False,True,False,False,False,PASS,
2026-04-29 14:50:47,csv_file,outputs/tables/heloc_scre_credit_20260427T061543Z_06e3fce3_manual_review_band.csv,,model_result;threshold;manual_review;scre_credit,4,11,threshold | band_width | lower | upper | review_count | review_rate | review_default_rate | auto_count | auto_recall | auto_precision | auto_f1,,0,missing_winner_column,missing_direction_column,0,False,False,False,False,True,False,False,False,PASS,
2026-04-29 14:50:47,csv_file,outputs/tables/heloc_scre_credit_20260427T061543Z_06e3fce3_three_way_test_policy.csv,,model_result;manual_review;scre_credit,1,19,t_low | t_high | expected_policy_cost | low_count | manual_review_count | high_count | low_rate | manual_review_rate | high_rate | low_false_negative | high_false_positive | low_true_negative | high_true_positive | manual_review_default | manual_review_non_default | high_risk_precision | high_risk_recall | review_capture_recall | auto_decision_rate,,0,missing_winner_column,missing_direction_column,0,False,False,False,False,False,False,False,False,PASS,
2026-04-29 14:50:47,csv_file,outputs/tables/heloc_scre_credit_20260427T061543Z_06e3fce3_three_way_threshold_search.csv,,model_result;threshold;manual_review;scre_credit,74,22,t_low | t_high | expected_policy_cost | low_count | manual_review_count | high_count | low_rate | manual_review_rate | high_rate | low_false_negative | high_false_positive | low_true_negative | high_true_positive | manual_review_default | manual_review_non_default | high_risk_precision | high_risk_recall | review_capture_recall | auto_decision_rate | meets_review_capture_recall | meets_review_rate | meets_constraints,,0,missing_winner_column,missing_direction_column,0,False,False,False,False,False,False,False,False,PASS,
2026-04-29 14:50:47,csv_file,outputs/tables/heloc_scre_credit_20260427T061543Z_06e3fce3_thresholds.csv,,model_result;calibration;threshold;scre_credit,17,20,threshold | accuracy | precision | recall | f1 | specificity | g_mean | roc_auc | pr_auc | brier_score | ece | calibration_slope | calibration_intercept | tn | fp | fn | tp | fn_cost_component | fp_cost_component | expected_cost,,0,missing_winner_column,missing_direction_column,0,False,False,False,False,True,False,False,False,PASS,
2026-04-29 14:50:47,csv_file,outputs/tables/heloc_scre_credit_20260427T061543Z_06e3fce3_validation_results.csv,,model_result;calibration;threshold;faithfulness;scre_credit,6,30,model | expected_cost | stability_raw | faithfulness_raw | threshold | accuracy | precision | recall | f1 | specificity | g_mean | roc_auc | pr_auc | brier_score | ece | calibration_slope | calibration_intercept | tn | fp | fn | tp | pr_auc_norm | roc_auc_norm | recall_norm | calibration_norm | cost_norm | stability_norm | faithfulness_norm | reliability_score | ensemble_weight,,0,missing_winner_column,missing_direction_column,0,False,False,True,False,True,False,False,False,PASS,
2026-04-29 14:50:47,csv_file,outputs/tables/heloc_scre_credit_20260427T061543Z_06e3fce3_weights.csv,,model_result;calibration;faithfulness;scre_credit,6,10,model | reliability_score | ensemble_weight | pr_auc_norm | roc_auc_norm | recall_norm | calibration_norm | cost_norm | stability_norm | faithfulness_norm,,0,missing_winner_column,missing_direction_column,0,False,False,True,False,False,False,False,False,PASS,
2026-04-29 14:50:47,csv_file,outputs/tables/heloc_scre_credit_20260427T062407Z_d3d38dbb_bootstrap_ci.csv,,model_result;statistical_test;scre_credit,3,4,metric | mean | lower | upper,,0,missing_winner_column,missing_direction_column,0,False,False,False,True,False,False,False,False,PASS,
2026-04-29 14:50:47,csv_file,outputs/tables/heloc_scre_credit_20260427T062407Z_d3d38dbb_candidate_pool.csv,,model_result;scre_credit,6,1,model,,0,missing_winner_column,missing_direction_column,0,False,False,True,False,False,False,False,False,PASS,
2026-04-29 14:50:47,csv_file,outputs/tables/heloc_scre_credit_20260427T062407Z_d3d38dbb_cost_curve.csv,,model_result;threshold;scre_credit,95,9,fn_cost | fp_cost | threshold | expected_cost | precision | recall | f1 | fp | fn,,0,missing_winner_column,missing_direction_column,0,False,False,False,False,True,False,False,False,PASS,
2026-04-29 14:50:47,csv_file,outputs/tables/heloc_scre_credit_20260427T062407Z_d3d38dbb_manual_review_band.csv,,model_result;threshold;manual_review;scre_credit,4,11,threshold | band_width | lower | upper | review_count | review_rate | review_default_rate | auto_count | auto_recall | auto_precision | auto_f1,,0,missing_winner_column,missing_direction_column,0,False,False,False,False,True,False,False,False,PASS,
2026-04-29 14:50:47,csv_file,outputs/tables/heloc_scre_credit_20260427T062407Z_d3d38dbb_three_way_test_policy.csv,,model_result;manual_review;scre_credit,1,19,t_low | t_high | expected_policy_cost | low_count | manual_review_count | high_count | low_rate | manual_review_rate | high_rate | low_false_negative | high_false_positive | low_true_negative | high_true_positive | manual_review_default | manual_review_non_default | high_risk_precision | high_risk_recall | review_capture_recall | auto_decision_rate,,0,missing_winner_column,missing_direction_column,0,False,False,False,False,False,False,False,False,PASS,
2026-04-29 14:50:47,csv_file,outputs/tables/heloc_scre_credit_20260427T062407Z_d3d38dbb_three_way_threshold_search.csv,,model_result;threshold;manual_review;scre_credit,74,22,t_low | t_high | expected_policy_cost | low_count | manual_review_count | high_count | low_rate | manual_review_rate | high_rate | low_false_negative | high_false_positive | low_true_negative | high_true_positive | manual_review_default | manual_review_non_default | high_risk_precision | high_risk_recall | review_capture_recall | auto_decision_rate | meets_review_capture_recall | meets_review_rate | meets_constraints,,0,missing_winner_column,missing_direction_column,0,False,False,False,False,False,False,False,False,PASS,
2026-04-29 14:50:47,csv_file,outputs/tables/heloc_scre_credit_20260427T062407Z_d3d38dbb_thresholds.csv,,model_result;calibration;threshold;scre_credit,17,20,threshold | accuracy | precision | recall | f1 | specificity | g_mean | roc_auc | pr_auc | brier_score | ece | calibration_slope | calibration_intercept | tn | fp | fn | tp | fn_cost_component | fp_cost_component | expected_cost,,0,missing_winner_column,missing_direction_column,0,False,False,False,False,True,False,False,False,PASS,
2026-04-29 14:50:47,csv_file,outputs/tables/heloc_scre_credit_20260427T062407Z_d3d38dbb_validation_results.csv,,model_result;calibration;threshold;faithfulness;scre_credit,6,30,model | expected_cost | stability_raw | faithfulness_raw | threshold | accuracy | precision | recall | f1 | specificity | g_mean | roc_auc | pr_auc | brier_score | ece | calibration_slope | calibration_intercept | tn | fp | fn | tp | pr_auc_norm | roc_auc_norm | recall_norm | calibration_norm | cost_norm | stability_norm | faithfulness_norm | reliability_score | ensemble_weight,,0,missing_winner_column,missing_direction_column,0,False,False,True,False,True,False,False,False,PASS,
2026-04-29 14:50:47,csv_file,outputs/tables/heloc_scre_credit_20260427T062407Z_d3d38dbb_weights.csv,,model_result;calibration;faithfulness;scre_credit,6,10,model | reliability_score | ensemble_weight | pr_auc_norm | roc_auc_norm | recall_norm | calibration_norm | cost_norm | stability_norm | faithfulness_norm,,0,missing_winner_column,missing_direction_column,0,False,False,True,False,False,False,False,False,PASS,
2026-04-29 14:50:47,csv_file,outputs/tables/heloc_scre_credit_20260427T070851Z_6f50835c_bootstrap_ci.csv,,model_result;statistical_test;scre_credit,3,4,metric | mean | lower | upper,,0,missing_winner_column,missing_direction_column,0,False,False,False,True,False,False,False,False,PASS,
2026-04-29 14:50:47,csv_file,outputs/tables/heloc_scre_credit_20260427T070851Z_6f50835c_candidate_pool.csv,,model_result;scre_credit,6,1,model,,0,missing_winner_column,missing_direction_column,0,False,False,True,False,False,False,False,False,PASS,
2026-04-29 14:50:47,csv_file,outputs/tables/heloc_scre_credit_20260427T070851Z_6f50835c_cost_curve.csv,,model_result;threshold;scre_credit,95,9,fn_cost | fp_cost | threshold | expected_cost | precision | recall | f1 | fp | fn,,0,missing_winner_column,missing_direction_column,0,False,False,False,False,True,False,False,False,PASS,
2026-04-29 14:50:47,csv_file,outputs/tables/heloc_scre_credit_20260427T070851Z_6f50835c_manual_review_band.csv,,model_result;threshold;manual_review;scre_credit,4,11,threshold | band_width | lower | upper | review_count | review_rate | review_default_rate | auto_count | auto_recall | auto_precision | auto_f1,,0,missing_winner_column,missing_direction_column,0,False,False,False,False,True,False,False,False,PASS,
2026-04-29 14:50:47,csv_file,outputs/tables/heloc_scre_credit_20260427T070851Z_6f50835c_three_way_test_policy.csv,,model_result;manual_review;scre_credit,1,19,t_low | t_high | expected_policy_cost | low_count | manual_review_count | high_count | low_rate | manual_review_rate | high_rate | low_false_negative | high_false_positive | low_true_negative | high_true_positive | manual_review_default | manual_review_non_default | high_risk_precision | high_risk_recall | review_capture_recall | auto_decision_rate,,0,missing_winner_column,missing_direction_column,0,False,False,False,False,False,False,False,False,PASS,
2026-04-29 14:50:47,csv_file,outputs/tables/heloc_scre_credit_20260427T070851Z_6f50835c_three_way_threshold_search.csv,,model_result;threshold;manual_review;scre_credit,76,22,t_low | t_high | expected_policy_cost | low_count | manual_review_count | high_count | low_rate | manual_review_rate | high_rate | low_false_negative | high_false_positive | low_true_negative | high_true_positive | manual_review_default | manual_review_non_default | high_risk_precision | high_risk_recall | review_capture_recall | auto_decision_rate | meets_review_capture_recall | meets_review_rate | meets_constraints,,0,missing_winner_column,missing_direction_column,0,False,False,False,False,False,False,False,False,PASS,
2026-04-29 14:50:47,csv_file,outputs/tables/heloc_scre_credit_20260427T070851Z_6f50835c_thresholds.csv,,model_result;calibration;threshold;scre_credit,17,20,threshold | accuracy | precision | recall | f1 | specificity | g_mean | roc_auc | pr_auc | brier_score | ece | calibration_slope | calibration_intercept | tn | fp | fn | tp | fn_cost_component | fp_cost_component | expected_cost,,0,missing_winner_column,missing_direction_column,0,False,False,False,False,True,False,False,False,PASS,
2026-04-29 14:50:47,csv_file,outputs/tables/heloc_scre_credit_20260427T070851Z_6f50835c_validation_results.csv,,model_result;calibration;threshold;faithfulness;scre_credit,6,30,model | expected_cost | stability_raw | faithfulness_raw | threshold | accuracy | precision | recall | f1 | specificity | g_mean | roc_auc | pr_auc | brier_score | ece | calibration_slope | calibration_intercept | tn | fp | fn | tp | pr_auc_norm | roc_auc_norm | recall_norm | calibration_norm | cost_norm | stability_norm | faithfulness_norm | reliability_score | ensemble_weight,,0,missing_winner_column,missing_direction_column,0,False,False,True,False,True,False,False,False,PASS,
2026-04-29 14:50:47,csv_file,outputs/tables/heloc_scre_credit_20260427T070851Z_6f50835c_weights.csv,,model_result;calibration;faithfulness;scre_credit,6,10,model | reliability_score | ensemble_weight | pr_auc_norm | roc_auc_norm | recall_norm | calibration_norm | cost_norm | stability_norm | faithfulness_norm,,0,missing_winner_column,missing_direction_column,0,False,False,True,False,False,False,False,False,PASS,
2026-04-29 14:50:47,csv_file,outputs/tables/heloc_scre_credit_20260427T073746Z_4611280c_bootstrap_ci.csv,,model_result;statistical_test;scre_credit,3,4,metric | mean | lower | upper,,0,missing_winner_column,missing_direction_column,0,False,False,False,True,False,False,False,False,PASS,
2026-04-29 14:50:47,csv_file,outputs/tables/heloc_scre_credit_20260427T073746Z_4611280c_candidate_pool.csv,,model_result;scre_credit,6,1,model,,0,missing_winner_column,missing_direction_column,0,False,False,True,False,False,False,False,False,PASS,
2026-04-29 14:50:47,csv_file,outputs/tables/heloc_scre_credit_20260427T073746Z_4611280c_cost_curve.csv,,model_result;threshold;scre_credit,95,9,fn_cost | fp_cost | threshold | expected_cost | precision | recall | f1 | fp | fn,,0,missing_winner_column,missing_direction_column,0,False,False,False,False,True,False,False,False,PASS,
2026-04-29 14:50:47,csv_file,outputs/tables/heloc_scre_credit_20260427T073746Z_4611280c_manual_review_band.csv,,model_result;threshold;manual_review;scre_credit,4,11,threshold | band_width | lower | upper | review_count | review_rate | review_default_rate | auto_count | auto_recall | auto_precision | auto_f1,,0,missing_winner_column,missing_direction_column,0,False,False,False,False,True,False,False,False,PASS,
2026-04-29 14:50:47,csv_file,outputs/tables/heloc_scre_credit_20260427T073746Z_4611280c_three_way_test_policy.csv,,model_result;manual_review;scre_credit,1,19,t_low | t_high | expected_policy_cost | low_count | manual_review_count | high_count | low_rate | manual_review_rate | high_rate | low_false_negative | high_false_positive | low_true_negative | high_true_positive | manual_review_default | manual_review_non_default | high_risk_precision | high_risk_recall | review_capture_recall | auto_decision_rate,,0,missing_winner_column,missing_direction_column,0,False,False,False,False,False,False,False,False,PASS,
2026-04-29 14:50:47,csv_file,outputs/tables/heloc_scre_credit_20260427T073746Z_4611280c_three_way_threshold_search.csv,,model_result;threshold;manual_review;scre_credit,84,22,t_low | t_high | expected_policy_cost | low_count | manual_review_count | high_count | low_rate | manual_review_rate | high_rate | low_false_negative | high_false_positive | low_true_negative | high_true_positive | manual_review_default | manual_review_non_default | high_risk_precision | high_risk_recall | review_capture_recall | auto_decision_rate | meets_review_capture_recall | meets_review_rate | meets_constraints,,0,missing_winner_column,missing_direction_column,0,False,False,False,False,False,False,False,False,PASS,
2026-04-29 14:50:47,csv_file,outputs/tables/heloc_scre_credit_20260427T073746Z_4611280c_thresholds.csv,,model_result;calibration;threshold;scre_credit,17,20,threshold | accuracy | precision | recall | f1 | specificity | g_mean | roc_auc | pr_auc | brier_score | ece | calibration_slope | calibration_intercept | tn | fp | fn | tp | fn_cost_component | fp_cost_component | expected_cost,,0,missing_winner_column,missing_direction_column,0,False,False,False,False,True,False,False,False,PASS,
2026-04-29 14:50:47,csv_file,outputs/tables/heloc_scre_credit_20260427T073746Z_4611280c_validation_results.csv,,model_result;calibration;threshold;faithfulness;scre_credit,6,30,model | expected_cost | stability_raw | faithfulness_raw | threshold | accuracy | precision | recall | f1 | specificity | g_mean | roc_auc | pr_auc | brier_score | ece | calibration_slope | calibration_intercept | tn | fp | fn | tp | pr_auc_norm | roc_auc_norm | recall_norm | calibration_norm | cost_norm | stability_norm | faithfulness_norm | reliability_score | ensemble_weight,,0,missing_winner_column,missing_direction_column,0,False,False,True,False,True,False,False,False,PASS,
2026-04-29 14:50:47,csv_file,outputs/tables/heloc_scre_credit_20260427T073746Z_4611280c_weights.csv,,model_result;calibration;faithfulness;scre_credit,6,10,model | reliability_score | ensemble_weight | pr_auc_norm | roc_auc_norm | recall_norm | calibration_norm | cost_norm | stability_norm | faithfulness_norm,,0,missing_winner_column,missing_direction_column,0,False,False,True,False,False,False,False,False,PASS,
2026-04-29 14:50:47,csv_file,outputs/tables/heloc_scre_credit_20260427T073847Z_bd56fcfc_bootstrap_ci.csv,,model_result;statistical_test;scre_credit,3,4,metric | mean | lower | upper,,0,missing_winner_column,missing_direction_column,0,False,False,False,True,False,False,False,False,PASS,
2026-04-29 14:50:47,csv_file,outputs/tables/heloc_scre_credit_20260427T073847Z_bd56fcfc_candidate_pool.csv,,model_result;scre_credit,6,1,model,,0,missing_winner_column,missing_direction_column,0,False,False,True,False,False,False,False,False,PASS,
2026-04-29 14:50:47,csv_file,outputs/tables/heloc_scre_credit_20260427T073847Z_bd56fcfc_cost_curve.csv,,model_result;threshold;scre_credit,95,9,fn_cost | fp_cost | threshold | expected_cost | precision | recall | f1 | fp | fn,,0,missing_winner_column,missing_direction_column,0,False,False,False,False,True,False,False,False,PASS,
2026-04-29 14:50:47,csv_file,outputs/tables/heloc_scre_credit_20260427T073847Z_bd56fcfc_manual_review_band.csv,,model_result;threshold;manual_review;scre_credit,4,11,threshold | band_width | lower | upper | review_count | review_rate | review_default_rate | auto_count | auto_recall | auto_precision | auto_f1,,0,missing_winner_column,missing_direction_column,0,False,False,False,False,True,False,False,False,PASS,
2026-04-29 14:50:47,csv_file,outputs/tables/heloc_scre_credit_20260427T073847Z_bd56fcfc_three_way_test_policy.csv,,model_result;manual_review;scre_credit,1,19,t_low | t_high | expected_policy_cost | low_count | manual_review_count | high_count | low_rate | manual_review_rate | high_rate | low_false_negative | high_false_positive | low_true_negative | high_true_positive | manual_review_default | manual_review_non_default | high_risk_precision | high_risk_recall | review_capture_recall | auto_decision_rate,,0,missing_winner_column,missing_direction_column,0,False,False,False,False,False,False,False,False,PASS,
2026-04-29 14:50:47,csv_file,outputs/tables/heloc_scre_credit_20260427T073847Z_bd56fcfc_three_way_threshold_search.csv,,model_result;threshold;manual_review;scre_credit,84,22,t_low | t_high | expected_policy_cost | low_count | manual_review_count | high_count | low_rate | manual_review_rate | high_rate | low_false_negative | high_false_positive | low_true_negative | high_true_positive | manual_review_default | manual_review_non_default | high_risk_precision | high_risk_recall | review_capture_recall | auto_decision_rate | meets_review_capture_recall | meets_review_rate | meets_constraints,,0,missing_winner_column,missing_direction_column,0,False,False,False,False,False,False,False,False,PASS,
2026-04-29 14:50:47,csv_file,outputs/tables/heloc_scre_credit_20260427T073847Z_bd56fcfc_thresholds.csv,,model_result;calibration;threshold;scre_credit,17,22,dataset | selection_split | threshold | accuracy | precision | recall | f1 | specificity | g_mean | roc_auc | pr_auc | brier_score | ece | calibration_slope | calibration_intercept | tn | fp | fn | tp | fn_cost_component | fp_cost_component | expected_cost,,0,missing_winner_column,missing_direction_column,0,False,True,False,False,True,False,False,False,PASS,
2026-04-29 14:50:47,csv_file,outputs/tables/heloc_scre_credit_20260427T073847Z_bd56fcfc_validation_results.csv,,model_result;calibration;threshold;faithfulness;scre_credit,6,30,model | expected_cost | stability_raw | faithfulness_raw | threshold | accuracy | precision | recall | f1 | specificity | g_mean | roc_auc | pr_auc | brier_score | ece | calibration_slope | calibration_intercept | tn | fp | fn | tp | pr_auc_norm | roc_auc_norm | recall_norm | calibration_norm | cost_norm | stability_norm | faithfulness_norm | reliability_score | ensemble_weight,,0,missing_winner_column,missing_direction_column,0,False,False,True,False,True,False,False,False,PASS,
2026-04-29 14:50:47,csv_file,outputs/tables/heloc_scre_credit_20260427T073847Z_bd56fcfc_weights.csv,,model_result;calibration;faithfulness;scre_credit,6,10,model | reliability_score | ensemble_weight | pr_auc_norm | roc_auc_norm | recall_norm | calibration_norm | cost_norm | stability_norm | faithfulness_norm,,0,missing_winner_column,missing_direction_column,0,False,False,True,False,False,False,False,False,PASS,
2026-04-29 14:50:47,csv_file,outputs/tables/heloc_scre_credit_bootstrap_ci.csv,,model_result;statistical_test;scre_credit,3,4,metric | mean | lower | upper,,0,missing_winner_column,missing_direction_column,0,False,False,False,True,False,False,False,False,PASS,
2026-04-29 14:50:47,csv_file,outputs/tables/heloc_scre_credit_candidate_pool.csv,,model_result;scre_credit,6,1,model,,0,missing_winner_column,missing_direction_column,0,False,False,True,False,False,False,False,False,PASS,
2026-04-29 14:50:47,csv_file,outputs/tables/heloc_scre_credit_cost_curve.csv,,model_result;threshold;scre_credit,95,9,fn_cost | fp_cost | threshold | expected_cost | precision | recall | f1 | fp | fn,,0,missing_winner_column,missing_direction_column,0,False,False,False,False,True,False,False,False,PASS,
2026-04-29 14:50:47,csv_file,outputs/tables/heloc_scre_credit_manual_review_band.csv,,model_result;threshold;manual_review;scre_credit,4,11,threshold | band_width | lower | upper | review_count | review_rate | review_default_rate | auto_count | auto_recall | auto_precision | auto_f1,,0,missing_winner_column,missing_direction_column,0,False,False,False,False,True,False,False,False,PASS,
2026-04-29 14:50:47,csv_file,outputs/tables/heloc_scre_credit_three_way_test_policy.csv,,model_result;manual_review;scre_credit,1,19,t_low | t_high | expected_policy_cost | low_count | manual_review_count | high_count | low_rate | manual_review_rate | high_rate | low_false_negative | high_false_positive | low_true_negative | high_true_positive | manual_review_default | manual_review_non_default | high_risk_precision | high_risk_recall | review_capture_recall | auto_decision_rate,,0,missing_winner_column,missing_direction_column,0,False,False,False,False,False,False,False,False,PASS,
2026-04-29 14:50:47,csv_file,outputs/tables/heloc_scre_credit_three_way_threshold_search.csv,,model_result;threshold;manual_review;scre_credit,84,22,t_low | t_high | expected_policy_cost | low_count | manual_review_count | high_count | low_rate | manual_review_rate | high_rate | low_false_negative | high_false_positive | low_true_negative | high_true_positive | manual_review_default | manual_review_non_default | high_risk_precision | high_risk_recall | review_capture_recall | auto_decision_rate | meets_review_capture_recall | meets_review_rate | meets_constraints,,0,missing_winner_column,missing_direction_column,0,False,False,False,False,False,False,False,False,PASS,
2026-04-29 14:50:47,csv_file,outputs/tables/heloc_scre_credit_thresholds.csv,,model_result;calibration;threshold;scre_credit,17,22,dataset | selection_split | threshold | accuracy | precision | recall | f1 | specificity | g_mean | roc_auc | pr_auc | brier_score | ece | calibration_slope | calibration_intercept | tn | fp | fn | tp | fn_cost_component | fp_cost_component | expected_cost,,0,missing_winner_column,missing_direction_column,0,False,True,False,False,True,False,False,False,PASS,
2026-04-29 14:50:47,csv_file,outputs/tables/heloc_scre_credit_validation_results.csv,,model_result;calibration;threshold;faithfulness;scre_credit,6,30,model | expected_cost | stability_raw | faithfulness_raw | threshold | accuracy | precision | recall | f1 | specificity | g_mean | roc_auc | pr_auc | brier_score | ece | calibration_slope | calibration_intercept | tn | fp | fn | tp | pr_auc_norm | roc_auc_norm | recall_norm | calibration_norm | cost_norm | stability_norm | faithfulness_norm | reliability_score | ensemble_weight,,0,missing_winner_column,missing_direction_column,0,False,False,True,False,True,False,False,False,PASS,
2026-04-29 14:50:47,csv_file,outputs/tables/heloc_scre_credit_weights.csv,,model_result;calibration;faithfulness;scre_credit,6,10,model | reliability_score | ensemble_weight | pr_auc_norm | roc_auc_norm | recall_norm | calibration_norm | cost_norm | stability_norm | faithfulness_norm,,0,missing_winner_column,missing_direction_column,0,False,False,True,False,False,False,False,False,PASS,
2026-04-29 14:50:47,csv_file,outputs/tables/hyperparameter_search_results.csv,,model_result,150,44,dataset | study_name | trial_number | state | objective | primary_metric_pr_auc | cv_n_splits | cv_n_repeats | cv_total_folds | metric_pr_auc | metric_roc_auc | metric_recall | metric_brier_score | metric_fn_weighted_cost | metric_fn | metric_fp | metric_tp | metric_tn | metric_pr_auc_std | param_model_type | param_lgbm_n_estimators | param_lgbm_learning_rate | param_lgbm_num_leaves | param_lgbm_max_depth | param_lgbm_min_child_samples | param_lgbm_subsample | param_lgbm_colsample_bytree | param_lgbm_reg_alpha | param_lgbm_reg_lambda | param_lgbm_class_weight | param_cat_iterations | param_cat_depth | param_cat_learning_rate | param_cat_l2_leaf_reg | param_cat_random_strength | param_cat_bagging_temperature | param_xgb_n_estimators | param_xgb_max_depth | param_xgb_learning_rate | param_xgb_subsample | param_xgb_colsample_bytree | param_xgb_min_child_weight | param_xgb_reg_alpha | param_xgb_reg_lambda,,0,missing_winner_column,missing_direction_column,0,False,True,False,False,False,False,False,False,PASS,
2026-04-29 14:50:47,csv_file,outputs/tables/hyperparameter_search_space.csv,,other_table,6,3,model | parameter | search_values,,0,,,0,False,False,True,False,False,False,False,False,PASS,
2026-04-29 14:50:47,csv_file,outputs/tables/hyperparameter_tuning_results.csv,,model_result,8,9,rank_test_score | mean_test_score | std_test_score | param_model__n_estimators | param_model__max_depth | param_model__learning_rate | param_model__subsample | param_model__colsample_bytree | param_model__min_child_weight,,0,missing_winner_column,missing_direction_column,0,False,False,False,False,False,False,False,False,PASS,
2026-04-29 14:50:47,csv_file,outputs/tables/ks_decile_table.csv,,other_table,10,8,decile | count | bad | good | bad_rate | cum_bad_rate | cum_good_rate | ks,,0,,,0,False,False,False,False,False,False,False,False,PASS,
2026-04-29 14:50:47,csv_file,outputs/tables/leakage_checklist.csv,,other_table,13,3,check | status | evidence,,0,,,0,False,False,False,False,False,False,False,False,PASS,
2026-04-29 14:50:47,csv_file,outputs/tables/lime_borderline_customer.csv,,other_table,10,2,feature_rule | lime_weight,,0,,,0,False,False,False,False,False,False,False,False,PASS,
2026-04-29 14:50:47,csv_file,outputs/tables/lime_local_cases.csv,,other_table,40,4,case_name | row_index | feature_rule | lime_weight,,0,,,0,False,False,False,False,False,False,False,False,PASS,
2026-04-29 14:50:47,csv_file,outputs/tables/lime_local_features.csv,,threshold,50,14,dataset | model | case_type | row_id | predicted_probability | threshold | rank | feature_rule | raw_feature | lime_weight | abs_lime_weight | lime_sign | explanation_png | explanation_html,,0,,,0,False,True,True,False,True,False,False,False,PASS,
2026-04-29 14:50:47,csv_file,outputs/tables/local_explanation_cases.csv,,threshold,4,5,case_name | row_index | actual | predicted_at_threshold_015 | predicted_probability,,0,,,0,False,False,False,False,False,False,False,False,PASS,
2026-04-29 14:50:47,csv_file,outputs/tables/manual_review_band_results.csv,,model_result;calibration;manual_review,29106,42,dataset | selection_split | test_set_used | train_rows | validation_rows | test_rows_reserved | model | source_phase | model_family | calibration_method | scenario | fn_cost | fp_cost | manual_review_cost | max_review_rate_constraint | min_review_capture_recall_constraint | meets_review_rate_constraint | meets_review_capture_recall_constraint | meets_constraints | candidate_selection_policy | t_low | t_high | expected_policy_cost | expected_policy_cost_per_1000 | low_count | manual_review_count | high_count | low_rate | manual_review_rate | high_rate | auto_decision_rate | low_false_negative | high_false_positive | low_true_negative | high_true_positive | manual_review_default | manual_review_non_default | manual_review_default_rate | high_risk_precision | high_risk_recall | review_capture_recall | is_best_band_for_scenario,,0,missing_winner_column,missing_direction_column,0,False,True,True,False,False,True,False,False,PASS,
2026-04-29 14:50:47,csv_file,outputs/tables/manual_review_band_results_heloc.csv,,model_result;calibration;manual_review,14553,42,dataset | selection_split | test_set_used | train_rows | validation_rows | test_rows_reserved | model | source_phase | model_family | calibration_method | scenario | fn_cost | fp_cost | manual_review_cost | max_review_rate_constraint | min_review_capture_recall_constraint | meets_review_rate_constraint | meets_review_capture_recall_constraint | meets_constraints | candidate_selection_policy | t_low | t_high | expected_policy_cost | expected_policy_cost_per_1000 | low_count | manual_review_count | high_count | low_rate | manual_review_rate | high_rate | auto_decision_rate | low_false_negative | high_false_positive | low_true_negative | high_true_positive | manual_review_default | manual_review_non_default | manual_review_default_rate | high_risk_precision | high_risk_recall | review_capture_recall | is_best_band_for_scenario,,0,missing_winner_column,missing_direction_column,0,False,True,True,False,False,True,False,False,PASS,
2026-04-29 14:50:47,csv_file,outputs/tables/manual_review_band_results_taiwan.csv,,model_result;calibration;manual_review,14553,42,dataset | selection_split | test_set_used | train_rows | validation_rows | test_rows_reserved | model | source_phase | model_family | calibration_method | scenario | fn_cost | fp_cost | manual_review_cost | max_review_rate_constraint | min_review_capture_recall_constraint | meets_review_rate_constraint | meets_review_capture_recall_constraint | meets_constraints | candidate_selection_policy | t_low | t_high | expected_policy_cost | expected_policy_cost_per_1000 | low_count | manual_review_count | high_count | low_rate | manual_review_rate | high_rate | auto_decision_rate | low_false_negative | high_false_positive | low_true_negative | high_true_positive | manual_review_default | manual_review_non_default | manual_review_default_rate | high_risk_precision | high_risk_recall | review_capture_recall | is_best_band_for_scenario,,0,missing_winner_column,missing_direction_column,0,False,True,True,False,False,True,False,False,PASS,
2026-04-29 14:50:47,csv_file,outputs/tables/methodology_guardrails.csv,,other_table,5,4,check | status | winner | evidence,,0,,,0,False,False,False,False,False,False,True,False,PASS,
2026-04-29 14:50:47,csv_file,outputs/tables/metric_winner_table.csv,,calibration;threshold,28,13,dataset | split | metric | metric_direction | winner | winner_raw_model | n_winners | winner_value | threshold | calibration_type | cost_scenario | valid_for_model_selection | interpretation,,0,,,0,False,True,False,True,True,True,True,True,PASS,
2026-04-29 14:50:47,csv_file,outputs/tables/model_comparison_tests.csv,,model_result;threshold;statistical_test;scre_credit,64,18,dataset | comparison | method | metric | mean | lower_ci | upper_ci | p_value | n_bootstrap | confidence_level | direction | split | scre_threshold | comparator_threshold | mcnemar_both_correct | mcnemar_scre_correct_comparator_wrong | mcnemar_scre_wrong_comparator_correct | mcnemar_both_wrong,,0,missing_winner_column,,0,False,True,False,True,False,False,False,True,PASS,
2026-04-29 14:50:47,csv_file,outputs/tables/model_comparison_tests_clean.csv,,model_result;calibration;threshold;statistical_test;scre_credit,64,30,dataset | comparison | method | metric | mean | lower_ci | upper_ci | p_value | n_bootstrap | confidence_level | direction | split | scre_threshold | comparator_threshold | mcnemar_both_correct | mcnemar_scre_correct_comparator_wrong | mcnemar_scre_wrong_comparator_correct | mcnemar_both_wrong | metric_direction | comparison_baseline | significant_at_0_05 | winner_by_mean_direction | winner_if_significant | winner | directional_interpretation | cost_scenario | calibration_type | test_set_used_for_training_or_selection | valid_for_model_selection | interpretation_guardrail,,0,,,0,False,True,False,True,False,True,True,True,PASS,
2026-04-29 14:50:47,csv_file,outputs/tables/model_results_heloc.csv,,model_result;calibration;threshold,14,29,dataset | model | model_family | split | train_rows | validation_rows | test_rows_reserved | test_set_used | resampling | monotonic_constraints | constraint_summary | model_path | threshold | accuracy | precision | recall | f1 | specificity | g_mean | roc_auc | pr_auc | brier_score | ece | calibration_slope | calibration_intercept | tn | fp | fn | tp,,0,missing_winner_column,missing_direction_column,0,False,True,True,False,True,False,False,False,PASS,
2026-04-29 14:50:47,csv_file,outputs/tables/model_results_taiwan.csv,,model_result;calibration;threshold,14,29,dataset | model | model_family | split | train_rows | validation_rows | test_rows_reserved | test_set_used | resampling | monotonic_constraints | constraint_summary | model_path | threshold | accuracy | precision | recall | f1 | specificity | g_mean | roc_auc | pr_auc | brier_score | ece | calibration_slope | calibration_intercept | tn | fp | fn | tp,,0,missing_winner_column,missing_direction_column,0,False,True,True,False,True,False,False,False,PASS,
2026-04-29 14:50:47,csv_file,outputs/tables/model_threshold_cost_comparison.csv,,model_result;threshold,10,15,model | imbalance_strategy | best_threshold | best_expected_cost | best_precision | best_recall | best_f1 | best_fp | best_fn | roc_auc | pr_auc | brier_score | threshold_050_cost | threshold_050_recall | threshold_050_f1,,0,missing_winner_column,missing_direction_column,0,False,False,True,False,False,False,False,False,PASS,
2026-04-29 14:50:47,csv_file,outputs/tables/optuna_run_status.csv,,other_table,2,18,dataset | status | requested_trials | minimum_prompt_trials | completed_trials | completed_trials_in_current_artifacts | cv_n_splits | cv_n_repeats | cv_total_folds | objective_primary | model_search_space_completed | best_model_type | best_trial_number | best_cv_pr_auc | validation_pr_auc | test_set_used | study_path | model_path,,0,,,0,False,True,False,False,False,False,False,False,PASS,
2026-04-29 14:50:47,csv_file,outputs/tables/optuna_trials.csv,,other_table,150,44,dataset | study_name | trial_number | state | objective | primary_metric_pr_auc | cv_n_splits | cv_n_repeats | cv_total_folds | metric_pr_auc | metric_roc_auc | metric_recall | metric_brier_score | metric_fn_weighted_cost | metric_fn | metric_fp | metric_tp | metric_tn | metric_pr_auc_std | param_model_type | param_lgbm_n_estimators | param_lgbm_learning_rate | param_lgbm_num_leaves | param_lgbm_max_depth | param_lgbm_min_child_samples | param_lgbm_subsample | param_lgbm_colsample_bytree | param_lgbm_reg_alpha | param_lgbm_reg_lambda | param_lgbm_class_weight | param_cat_iterations | param_cat_depth | param_cat_learning_rate | param_cat_l2_leaf_reg | param_cat_random_strength | param_cat_bagging_temperature | param_xgb_n_estimators | param_xgb_max_depth | param_xgb_learning_rate | param_xgb_subsample | param_xgb_colsample_bytree | param_xgb_min_child_weight | param_xgb_reg_alpha | param_xgb_reg_lambda,,0,,,0,False,True,False,False,False,False,False,False,PASS,
2026-04-29 14:50:47,csv_file,outputs/tables/reviewed_papers_summary.csv,,other_table,4,4,paper | scope | main_finding | relevance_to_project,,0,,,0,False,False,False,False,False,False,False,False,PASS,
2026-04-29 14:50:47,csv_file,outputs/tables/run_all_step_summary.csv,,other_table,20,11,step_index | step_total | script | step_label | command | status | return_code | duration_seconds | log_path | started_utc | finished_utc,,0,,,0,False,False,False,False,False,False,False,False,PASS,
2026-04-29 14:50:47,csv_file,outputs/tables/scorecard_feature_contributions.csv,,model_result,71,6,dataset | feature | coefficient | absolute_coefficient | n_woe_bins_or_categories | model_path,,0,missing_winner_column,missing_direction_column,0,False,True,False,False,False,False,False,False,PASS,
2026-04-29 14:50:47,csv_file,outputs/tables/scorecard_results.csv,,model_result;calibration;threshold,4,26,dataset | model | split | train_rows | validation_rows | test_rows_reserved | test_set_used | fit_policy | model_path | threshold | accuracy | precision | recall | f1 | specificity | g_mean | roc_auc | pr_auc | brier_score | ece | calibration_slope | calibration_intercept | tn | fp | fn | tp,,0,missing_winner_column,missing_direction_column,0,False,True,True,False,True,False,False,False,PASS,
2026-04-29 14:50:47,csv_file,outputs/tables/scre_credit_external_validation_summary.csv,,model_result;calibration;threshold;manual_review;scre_credit,2,44,dataset | best_threshold | cost_improvement_pct_vs_050 | t_low | t_high | three_way_expected_policy_cost | manual_review_rate | review_capture_recall | t050_threshold | t050_accuracy | t050_precision | t050_recall | t050_f1 | t050_specificity | t050_g_mean | t050_roc_auc | t050_pr_auc | t050_brier_score | t050_ece | t050_calibration_slope | t050_calibration_intercept | t050_tn | t050_fp | t050_fn | t050_tp | t050_expected_cost_fn5_fp1 | best_accuracy | best_precision | best_recall | best_f1 | best_specificity | best_g_mean | best_roc_auc | best_pr_auc | best_brier_score | best_ece | best_calibration_slope | best_calibration_intercept | best_tn | best_fp | best_fn | best_tp | best_expected_cost_fn5_fp1 | best_cost_improvement_pct_vs_050,,0,missing_winner_column,missing_direction_column,0,False,True,False,False,False,False,False,False,PASS,
2026-04-29 14:50:47,csv_file,outputs/tables/scre_credit_results_heloc.csv,,model_result;calibration;threshold;scre_credit,30,28,dataset | model | model_role | split | calibration_method | threshold | threshold_source | cost_scenario | fn_cost | fp_cost | expected_cost | test_set_used_for_training_or_selection | accuracy | precision | recall | f1 | specificity | g_mean | roc_auc | pr_auc | brier_score | ece | calibration_slope | calibration_intercept | tn | fp | fn | tp,,0,missing_winner_column,missing_direction_column,0,False,True,True,False,True,True,False,False,PASS,
2026-04-29 14:50:47,csv_file,outputs/tables/scre_credit_results_taiwan.csv,,model_result;calibration;threshold;scre_credit,30,28,dataset | model | model_role | split | calibration_method | threshold | threshold_source | cost_scenario | fn_cost | fp_cost | expected_cost | test_set_used_for_training_or_selection | accuracy | precision | recall | f1 | specificity | g_mean | roc_auc | pr_auc | brier_score | ece | calibration_slope | calibration_intercept | tn | fp | fn | tp,,0,missing_winner_column,missing_direction_column,0,False,True,True,False,True,True,False,False,PASS,
2026-04-29 14:50:47,csv_file,outputs/tables/scre_model_weights.csv,,model_result;calibration;threshold;faithfulness;scre_credit,28,28,dataset | model | source_phase | model_family | selected_calibration_method | model_path | pr_auc | roc_auc | recall | calibration_error | brier_score | ece | expected_cost | base_selected_threshold | cost_scenario | stability_score | faithfulness_score | stability_metric_source | faithfulness_metric_source | pr_auc_norm | roc_auc_norm | recall_norm | stability_score_norm | faithfulness_score_norm | calibration_error_norm | expected_cost_norm | reliability_score | ensemble_weight,,0,missing_winner_column,missing_direction_column,0,False,True,True,False,False,True,False,False,PASS,
2026-04-29 14:50:47,csv_file,outputs/tables/scre_pareto_pool.csv,,model_result;calibration;threshold;faithfulness;scre_credit,8,35,dataset | model | source_phase | model_family | selected_calibration_method | model_path | pr_auc | roc_auc | recall | calibration_error | brier_score | ece | expected_cost | base_selected_threshold | cost_scenario | stability_score | faithfulness_score | stability_metric_source | faithfulness_metric_source | pr_auc_norm | roc_auc_norm | recall_norm | stability_score_norm | faithfulness_score_norm | calibration_error_norm | expected_cost_norm | reliability_score | ensemble_weight | pareto_selected | pareto_objectives_higher_is_better | pareto_objectives_lower_is_better | selection_split | test_set_used_for_selection | winner | winner_basis,,0,,missing_direction_column,0,False,True,True,False,False,True,True,False,PASS,
2026-04-29 14:50:47,csv_file,outputs/tables/scre_revision_results.csv,,model_result;calibration;threshold;scre_credit,8,47,dataset | split | model | canonical_model | model_role | threshold | threshold_source | calibration_type | cost_scenario | fn_cost | fp_cost | expected_cost | selection_split | weight_selection_split | test_set_used_for_training_or_selection | valid_for_model_selection | accuracy | precision | recall | f1 | specificity | g_mean | roc_auc | pr_auc | brier_score | ece | calibration_slope | calibration_intercept | tn | fp | fn | tp | expected_cost_direction | winner_expected_cost | roc_auc_direction | winner_roc_auc | pr_auc_direction | winner_pr_auc | recall_direction | winner_recall | f1_direction | winner_f1 | brier_score_direction | winner_brier_score | ece_direction | winner_ece | winner,,0,,missing_direction_column,0,False,True,True,False,True,True,True,False,PASS,
2026-04-29 14:50:47,csv_file,outputs/tables/scre_revision_weights.csv,,model_result;calibration;threshold;faithfulness;scre_credit,16,45,model | source_phase | model_family | selected_calibration_method | model_path | pr_auc | roc_auc | recall | calibration_error | brier_score | ece | expected_cost | base_selected_threshold | cost_scenario | stability_score | faithfulness_score | stability_metric_source | faithfulness_metric_source | pr_auc_norm | roc_auc_norm | recall_norm | stability_score_norm | faithfulness_score_norm | calibration_error_norm | expected_cost_norm | reliability_score | ensemble_weight | pareto_selected | pareto_objectives_higher_is_better | pareto_objectives_lower_is_better | selection_split | test_set_used_for_selection | winner | winner_basis | dataset | scre_variant | weight_selection_split | test_set_used_for_weight_optimization | weight_source | optimization_objective | optimization_split | n_random_candidates | n_top_candidates_for_calibration | selected_candidate_id | selected_candidate_source,,0,,missing_direction_column,0,False,True,True,False,False,True,True,False,PASS,
2026-04-29 14:50:48,csv_file,outputs/tables/scre_weight_optimization_audit.csv,,model_result;threshold;scre_credit,6012,18,dataset | candidate_id | candidate_source | raw_threshold | raw_expected_cost | raw_pr_auc | raw_roc_auc | raw_brier_score | weights_json | calibrated_threshold | calibrated_expected_cost | calibrated_pr_auc | calibrated_roc_auc | calibrated_brier_score | winner | cost_scenario | selection_split | test_set_used_for_weight_optimization,,0,,missing_direction_column,0,False,True,False,False,False,True,True,False,PASS,
2026-04-29 14:50:48,csv_file,outputs/tables/shap_explainer_metadata.csv,,background_sensitivity,1,10,dataset | model | model_path | explainer_type | tree_explainer_used | sample_size | background_size | local_case_count | lime_samples | fallback_note,,0,,,0,False,True,True,False,False,False,False,False,PASS,
2026-04-29 14:50:48,csv_file,outputs/tables/shap_kendalls_w.csv,,calibration;threshold;shap_stability,2,12,dataset | stability_scope | model_family | kendalls_w | n_seeds | n_features | metric_direction | interpretation | winner | threshold | calibration_type | cost_scenario,threshold,1,,,0,False,True,False,False,True,True,True,True,PASS,
2026-04-29 14:50:48,csv_file,outputs/tables/shap_lime_agreement.csv,,other_table,5,12,dataset | model | case_type | row_id | top_k | shap_top_k_count | lime_top_k_count | overlap_count | top_k_overlap | jaccard_overlap | sign_agreement | local_explanation_consistency,,0,,,0,False,True,True,False,False,False,False,False,PASS,
2026-04-29 14:50:48,csv_file,outputs/tables/shap_rank_correlations.csv,,shap_stability,2450,14,dataset | stability_scope | model_family | seed_a | seed_b | spearman_rho | spearman_p_value | kendall_tau | kendall_p_value | kendalls_w | top5_overlap_count | top5_overlap_rate | top10_overlap_count | top10_overlap_rate,,0,,,0,False,True,False,False,False,False,False,False,PASS,
2026-04-29 14:50:48,csv_file,outputs/tables/shap_stability_rankings.csv,,shap_stability,100,4,seed | rank | feature | mean_abs_shap,,0,,,0,False,False,False,False,False,False,False,False,PASS,
2026-04-29 14:50:48,csv_file,outputs/tables/shap_stability_seed_results.csv,,model_result;shap_stability,2700,13,dataset | stability_scope | model_family | seed_index | random_seed | feature | mean_abs_shap | mean_shap | rank | shap_sign | raw_feature | in_top_5 | in_top_10,,0,missing_winner_column,missing_direction_column,0,False,True,False,False,False,False,False,False,PASS,
2026-04-29 14:50:48,csv_file,outputs/tables/shap_stability_spearman.csv,,shap_stability,45,4,seed_a | seed_b | spearman_rho | p_value,,0,,,0,False,False,False,False,False,False,False,False,PASS,
2026-04-29 14:50:48,csv_file,outputs/tables/shap_top5_frequency.csv,,other_table,7,3,feature | top_k_count | top_k_rate,,0,,,0,False,False,False,False,False,False,False,False,PASS,
2026-04-29 14:50:48,csv_file,outputs/tables/shap_top_features.csv,,shap_stability,20,8,dataset | model | feature | raw_feature | mean_abs_shap | mean_shap | rank | shap_direction,,0,,,0,False,True,True,False,False,False,False,False,PASS,
2026-04-29 14:50:48,csv_file,outputs/tables/shap_topk_frequency.csv,,shap_stability,54,15,dataset | stability_scope | model_family | feature | raw_feature | mean_rank | median_rank | rank_std | min_rank | max_rank | top5_count | top5_frequency | top10_count | top10_frequency | mean_abs_shap,,0,,,0,False,True,False,False,False,False,False,False,PASS,
2026-04-29 14:50:48,csv_file,outputs/tables/split_summary_heloc.csv,,other_table,3,11,dataset | split | rows | row_fraction | target_0_count | target_1_count | target_1_rate | target_column | random_seed | split_policy | stratified,,0,,,0,False,True,False,False,False,False,False,False,PASS,
2026-04-29 14:50:48,csv_file,outputs/tables/split_summary_taiwan.csv,,other_table,3,11,dataset | split | rows | row_fraction | target_0_count | target_1_count | target_1_rate | target_column | random_seed | split_policy | stratified,,0,,,0,False,True,False,False,False,False,False,False,PASS,
2026-04-29 14:50:48,csv_file,outputs/tables/subgroup_reliability_taiwan.csv,,calibration;threshold,13,32,dataset | model | calibration_method | selection_split | test_set_used_for_training_or_selection | analysis_type | analysis_note | subgroup_column | subgroup_value | subgroup_label | threshold | fn_cost | fp_cost | sample_size | n_default | n_non_default | default_rate | roc_auc | pr_auc | recall | precision | f1 | fpr | fnr | brier_score | ece | expected_cost | expected_cost_per_1000 | tn | fp | fn | tp,,0,,,0,False,True,True,False,True,False,False,False,PASS,
2026-04-29 14:50:48,csv_file,outputs/tables/taiwan_data_audit.csv,,other_table,26,4,check | status | value | notes,,0,,,0,False,False,False,False,False,False,False,False,PASS,
2026-04-29 14:50:48,csv_file,outputs/tables/taiwan_scre_credit_20260427T061537Z_ef829d39_bootstrap_ci.csv,,model_result;statistical_test;scre_credit,3,4,metric | mean | lower | upper,,0,missing_winner_column,missing_direction_column,0,False,False,False,True,False,False,False,False,PASS,
2026-04-29 14:50:48,csv_file,outputs/tables/taiwan_scre_credit_20260427T061537Z_ef829d39_candidate_pool.csv,,model_result;scre_credit,9,1,model,,0,missing_winner_column,missing_direction_column,0,False,False,True,False,False,False,False,False,PASS,
2026-04-29 14:50:48,csv_file,outputs/tables/taiwan_scre_credit_20260427T061537Z_ef829d39_cost_curve.csv,,model_result;threshold;scre_credit,95,9,fn_cost | fp_cost | threshold | expected_cost | precision | recall | f1 | fp | fn,,0,missing_winner_column,missing_direction_column,0,False,False,False,False,True,False,False,False,PASS,
2026-04-29 14:50:48,csv_file,outputs/tables/taiwan_scre_credit_20260427T061537Z_ef829d39_manual_review_band.csv,,model_result;threshold;manual_review;scre_credit,4,11,threshold | band_width | lower | upper | review_count | review_rate | review_default_rate | auto_count | auto_recall | auto_precision | auto_f1,,0,missing_winner_column,missing_direction_column,0,False,False,False,False,True,False,False,False,PASS,
2026-04-29 14:50:48,csv_file,outputs/tables/taiwan_scre_credit_20260427T061537Z_ef829d39_three_way_test_policy.csv,,model_result;manual_review;scre_credit,1,19,t_low | t_high | expected_policy_cost | low_count | manual_review_count | high_count | low_rate | manual_review_rate | high_rate | low_false_negative | high_false_positive | low_true_negative | high_true_positive | manual_review_default | manual_review_non_default | high_risk_precision | high_risk_recall | review_capture_recall | auto_decision_rate,,0,missing_winner_column,missing_direction_column,0,False,False,False,False,False,False,False,False,PASS,
2026-04-29 14:50:48,csv_file,outputs/tables/taiwan_scre_credit_20260427T061537Z_ef829d39_three_way_threshold_search.csv,,model_result;threshold;manual_review;scre_credit,32,22,t_low | t_high | expected_policy_cost | low_count | manual_review_count | high_count | low_rate | manual_review_rate | high_rate | low_false_negative | high_false_positive | low_true_negative | high_true_positive | manual_review_default | manual_review_non_default | high_risk_precision | high_risk_recall | review_capture_recall | auto_decision_rate | meets_review_capture_recall | meets_review_rate | meets_constraints,,0,missing_winner_column,missing_direction_column,0,False,False,False,False,False,False,False,False,PASS,
2026-04-29 14:50:48,csv_file,outputs/tables/taiwan_scre_credit_20260427T061537Z_ef829d39_thresholds.csv,,model_result;calibration;threshold;scre_credit,17,20,threshold | accuracy | precision | recall | f1 | specificity | g_mean | roc_auc | pr_auc | brier_score | ece | calibration_slope | calibration_intercept | tn | fp | fn | tp | fn_cost_component | fp_cost_component | expected_cost,,0,missing_winner_column,missing_direction_column,0,False,False,False,False,True,False,False,False,PASS,
2026-04-29 14:50:48,csv_file,outputs/tables/taiwan_scre_credit_20260427T061537Z_ef829d39_validation_results.csv,,model_result;calibration;threshold;faithfulness;scre_credit,9,30,model | expected_cost | stability_raw | faithfulness_raw | threshold | accuracy | precision | recall | f1 | specificity | g_mean | roc_auc | pr_auc | brier_score | ece | calibration_slope | calibration_intercept | tn | fp | fn | tp | pr_auc_norm | roc_auc_norm | recall_norm | calibration_norm | cost_norm | stability_norm | faithfulness_norm | reliability_score | ensemble_weight,,0,missing_winner_column,missing_direction_column,0,False,False,True,False,True,False,False,False,PASS,
2026-04-29 14:50:48,csv_file,outputs/tables/taiwan_scre_credit_20260427T061537Z_ef829d39_weights.csv,,model_result;calibration;faithfulness;scre_credit,9,10,model | reliability_score | ensemble_weight | pr_auc_norm | roc_auc_norm | recall_norm | calibration_norm | cost_norm | stability_norm | faithfulness_norm,,0,missing_winner_column,missing_direction_column,0,False,False,True,False,False,False,False,False,PASS,
2026-04-29 14:50:48,csv_file,outputs/tables/taiwan_scre_credit_20260427T070845Z_f722372c_bootstrap_ci.csv,,model_result;statistical_test;scre_credit,3,4,metric | mean | lower | upper,,0,missing_winner_column,missing_direction_column,0,False,False,False,True,False,False,False,False,PASS,
2026-04-29 14:50:48,csv_file,outputs/tables/taiwan_scre_credit_20260427T070845Z_f722372c_candidate_pool.csv,,model_result;scre_credit,9,1,model,,0,missing_winner_column,missing_direction_column,0,False,False,True,False,False,False,False,False,PASS,
2026-04-29 14:50:48,csv_file,outputs/tables/taiwan_scre_credit_20260427T070845Z_f722372c_cost_curve.csv,,model_result;threshold;scre_credit,95,9,fn_cost | fp_cost | threshold | expected_cost | precision | recall | f1 | fp | fn,,0,missing_winner_column,missing_direction_column,0,False,False,False,False,True,False,False,False,PASS,
2026-04-29 14:50:48,csv_file,outputs/tables/taiwan_scre_credit_20260427T070845Z_f722372c_manual_review_band.csv,,model_result;threshold;manual_review;scre_credit,4,11,threshold | band_width | lower | upper | review_count | review_rate | review_default_rate | auto_count | auto_recall | auto_precision | auto_f1,,0,missing_winner_column,missing_direction_column,0,False,False,False,False,True,False,False,False,PASS,
2026-04-29 14:50:48,csv_file,outputs/tables/taiwan_scre_credit_20260427T070845Z_f722372c_three_way_test_policy.csv,,model_result;manual_review;scre_credit,1,19,t_low | t_high | expected_policy_cost | low_count | manual_review_count | high_count | low_rate | manual_review_rate | high_rate | low_false_negative | high_false_positive | low_true_negative | high_true_positive | manual_review_default | manual_review_non_default | high_risk_precision | high_risk_recall | review_capture_recall | auto_decision_rate,,0,missing_winner_column,missing_direction_column,0,False,False,False,False,False,False,False,False,PASS,
2026-04-29 14:50:48,csv_file,outputs/tables/taiwan_scre_credit_20260427T070845Z_f722372c_three_way_threshold_search.csv,,model_result;threshold;manual_review;scre_credit,32,22,t_low | t_high | expected_policy_cost | low_count | manual_review_count | high_count | low_rate | manual_review_rate | high_rate | low_false_negative | high_false_positive | low_true_negative | high_true_positive | manual_review_default | manual_review_non_default | high_risk_precision | high_risk_recall | review_capture_recall | auto_decision_rate | meets_review_capture_recall | meets_review_rate | meets_constraints,,0,missing_winner_column,missing_direction_column,0,False,False,False,False,False,False,False,False,PASS,
2026-04-29 14:50:48,csv_file,outputs/tables/taiwan_scre_credit_20260427T070845Z_f722372c_thresholds.csv,,model_result;calibration;threshold;scre_credit,17,20,threshold | accuracy | precision | recall | f1 | specificity | g_mean | roc_auc | pr_auc | brier_score | ece | calibration_slope | calibration_intercept | tn | fp | fn | tp | fn_cost_component | fp_cost_component | expected_cost,,0,missing_winner_column,missing_direction_column,0,False,False,False,False,True,False,False,False,PASS,
2026-04-29 14:50:48,csv_file,outputs/tables/taiwan_scre_credit_20260427T070845Z_f722372c_validation_results.csv,,model_result;calibration;threshold;faithfulness;scre_credit,9,30,model | expected_cost | stability_raw | faithfulness_raw | threshold | accuracy | precision | recall | f1 | specificity | g_mean | roc_auc | pr_auc | brier_score | ece | calibration_slope | calibration_intercept | tn | fp | fn | tp | pr_auc_norm | roc_auc_norm | recall_norm | calibration_norm | cost_norm | stability_norm | faithfulness_norm | reliability_score | ensemble_weight,,0,missing_winner_column,missing_direction_column,0,False,False,True,False,True,False,False,False,PASS,
2026-04-29 14:50:48,csv_file,outputs/tables/taiwan_scre_credit_20260427T070845Z_f722372c_weights.csv,,model_result;calibration;faithfulness;scre_credit,9,10,model | reliability_score | ensemble_weight | pr_auc_norm | roc_auc_norm | recall_norm | calibration_norm | cost_norm | stability_norm | faithfulness_norm,,0,missing_winner_column,missing_direction_column,0,False,False,True,False,False,False,False,False,PASS,
2026-04-29 14:50:48,csv_file,outputs/tables/taiwan_scre_credit_20260427T073739Z_2427bdbc_bootstrap_ci.csv,,model_result;statistical_test;scre_credit,3,4,metric | mean | lower | upper,,0,missing_winner_column,missing_direction_column,0,False,False,False,True,False,False,False,False,PASS,
2026-04-29 14:50:48,csv_file,outputs/tables/taiwan_scre_credit_20260427T073739Z_2427bdbc_candidate_pool.csv,,model_result;scre_credit,9,1,model,,0,missing_winner_column,missing_direction_column,0,False,False,True,False,False,False,False,False,PASS,
2026-04-29 14:50:48,csv_file,outputs/tables/taiwan_scre_credit_20260427T073739Z_2427bdbc_cost_curve.csv,,model_result;threshold;scre_credit,95,9,fn_cost | fp_cost | threshold | expected_cost | precision | recall | f1 | fp | fn,,0,missing_winner_column,missing_direction_column,0,False,False,False,False,True,False,False,False,PASS,
2026-04-29 14:50:48,csv_file,outputs/tables/taiwan_scre_credit_20260427T073739Z_2427bdbc_manual_review_band.csv,,model_result;threshold;manual_review;scre_credit,4,11,threshold | band_width | lower | upper | review_count | review_rate | review_default_rate | auto_count | auto_recall | auto_precision | auto_f1,,0,missing_winner_column,missing_direction_column,0,False,False,False,False,True,False,False,False,PASS,
2026-04-29 14:50:48,csv_file,outputs/tables/taiwan_scre_credit_20260427T073739Z_2427bdbc_three_way_test_policy.csv,,model_result;manual_review;scre_credit,1,19,t_low | t_high | expected_policy_cost | low_count | manual_review_count | high_count | low_rate | manual_review_rate | high_rate | low_false_negative | high_false_positive | low_true_negative | high_true_positive | manual_review_default | manual_review_non_default | high_risk_precision | high_risk_recall | review_capture_recall | auto_decision_rate,,0,missing_winner_column,missing_direction_column,0,False,False,False,False,False,False,False,False,PASS,
2026-04-29 14:50:48,csv_file,outputs/tables/taiwan_scre_credit_20260427T073739Z_2427bdbc_three_way_threshold_search.csv,,model_result;threshold;manual_review;scre_credit,32,22,t_low | t_high | expected_policy_cost | low_count | manual_review_count | high_count | low_rate | manual_review_rate | high_rate | low_false_negative | high_false_positive | low_true_negative | high_true_positive | manual_review_default | manual_review_non_default | high_risk_precision | high_risk_recall | review_capture_recall | auto_decision_rate | meets_review_capture_recall | meets_review_rate | meets_constraints,,0,missing_winner_column,missing_direction_column,0,False,False,False,False,False,False,False,False,PASS,
2026-04-29 14:50:48,csv_file,outputs/tables/taiwan_scre_credit_20260427T073739Z_2427bdbc_thresholds.csv,,model_result;calibration;threshold;scre_credit,17,20,threshold | accuracy | precision | recall | f1 | specificity | g_mean | roc_auc | pr_auc | brier_score | ece | calibration_slope | calibration_intercept | tn | fp | fn | tp | fn_cost_component | fp_cost_component | expected_cost,,0,missing_winner_column,missing_direction_column,0,False,False,False,False,True,False,False,False,PASS,
2026-04-29 14:50:48,csv_file,outputs/tables/taiwan_scre_credit_20260427T073739Z_2427bdbc_validation_results.csv,,model_result;calibration;threshold;faithfulness;scre_credit,9,30,model | expected_cost | stability_raw | faithfulness_raw | threshold | accuracy | precision | recall | f1 | specificity | g_mean | roc_auc | pr_auc | brier_score | ece | calibration_slope | calibration_intercept | tn | fp | fn | tp | pr_auc_norm | roc_auc_norm | recall_norm | calibration_norm | cost_norm | stability_norm | faithfulness_norm | reliability_score | ensemble_weight,,0,missing_winner_column,missing_direction_column,0,False,False,True,False,True,False,False,False,PASS,
2026-04-29 14:50:48,csv_file,outputs/tables/taiwan_scre_credit_20260427T073739Z_2427bdbc_weights.csv,,model_result;calibration;faithfulness;scre_credit,9,10,model | reliability_score | ensemble_weight | pr_auc_norm | roc_auc_norm | recall_norm | calibration_norm | cost_norm | stability_norm | faithfulness_norm,,0,missing_winner_column,missing_direction_column,0,False,False,True,False,False,False,False,False,PASS,
2026-04-29 14:50:48,csv_file,outputs/tables/taiwan_scre_credit_20260427T073841Z_8591fb01_bootstrap_ci.csv,,model_result;statistical_test;scre_credit,3,4,metric | mean | lower | upper,,0,missing_winner_column,missing_direction_column,0,False,False,False,True,False,False,False,False,PASS,
2026-04-29 14:50:48,csv_file,outputs/tables/taiwan_scre_credit_20260427T073841Z_8591fb01_candidate_pool.csv,,model_result;scre_credit,9,1,model,,0,missing_winner_column,missing_direction_column,0,False,False,True,False,False,False,False,False,PASS,
2026-04-29 14:50:48,csv_file,outputs/tables/taiwan_scre_credit_20260427T073841Z_8591fb01_cost_curve.csv,,model_result;threshold;scre_credit,95,9,fn_cost | fp_cost | threshold | expected_cost | precision | recall | f1 | fp | fn,,0,missing_winner_column,missing_direction_column,0,False,False,False,False,True,False,False,False,PASS,
2026-04-29 14:50:48,csv_file,outputs/tables/taiwan_scre_credit_20260427T073841Z_8591fb01_manual_review_band.csv,,model_result;threshold;manual_review;scre_credit,4,11,threshold | band_width | lower | upper | review_count | review_rate | review_default_rate | auto_count | auto_recall | auto_precision | auto_f1,,0,missing_winner_column,missing_direction_column,0,False,False,False,False,True,False,False,False,PASS,
2026-04-29 14:50:48,csv_file,outputs/tables/taiwan_scre_credit_20260427T073841Z_8591fb01_three_way_test_policy.csv,,model_result;manual_review;scre_credit,1,19,t_low | t_high | expected_policy_cost | low_count | manual_review_count | high_count | low_rate | manual_review_rate | high_rate | low_false_negative | high_false_positive | low_true_negative | high_true_positive | manual_review_default | manual_review_non_default | high_risk_precision | high_risk_recall | review_capture_recall | auto_decision_rate,,0,missing_winner_column,missing_direction_column,0,False,False,False,False,False,False,False,False,PASS,
2026-04-29 14:50:48,csv_file,outputs/tables/taiwan_scre_credit_20260427T073841Z_8591fb01_three_way_threshold_search.csv,,model_result;threshold;manual_review;scre_credit,32,22,t_low | t_high | expected_policy_cost | low_count | manual_review_count | high_count | low_rate | manual_review_rate | high_rate | low_false_negative | high_false_positive | low_true_negative | high_true_positive | manual_review_default | manual_review_non_default | high_risk_precision | high_risk_recall | review_capture_recall | auto_decision_rate | meets_review_capture_recall | meets_review_rate | meets_constraints,,0,missing_winner_column,missing_direction_column,0,False,False,False,False,False,False,False,False,PASS,
2026-04-29 14:50:48,csv_file,outputs/tables/taiwan_scre_credit_20260427T073841Z_8591fb01_thresholds.csv,,model_result;calibration;threshold;scre_credit,17,22,dataset | selection_split | threshold | accuracy | precision | recall | f1 | specificity | g_mean | roc_auc | pr_auc | brier_score | ece | calibration_slope | calibration_intercept | tn | fp | fn | tp | fn_cost_component | fp_cost_component | expected_cost,,0,missing_winner_column,missing_direction_column,0,False,True,False,False,True,False,False,False,PASS,
2026-04-29 14:50:48,csv_file,outputs/tables/taiwan_scre_credit_20260427T073841Z_8591fb01_validation_results.csv,,model_result;calibration;threshold;faithfulness;scre_credit,9,30,model | expected_cost | stability_raw | faithfulness_raw | threshold | accuracy | precision | recall | f1 | specificity | g_mean | roc_auc | pr_auc | brier_score | ece | calibration_slope | calibration_intercept | tn | fp | fn | tp | pr_auc_norm | roc_auc_norm | recall_norm | calibration_norm | cost_norm | stability_norm | faithfulness_norm | reliability_score | ensemble_weight,,0,missing_winner_column,missing_direction_column,0,False,False,True,False,True,False,False,False,PASS,
2026-04-29 14:50:48,csv_file,outputs/tables/taiwan_scre_credit_20260427T073841Z_8591fb01_weights.csv,,model_result;calibration;faithfulness;scre_credit,9,10,model | reliability_score | ensemble_weight | pr_auc_norm | roc_auc_norm | recall_norm | calibration_norm | cost_norm | stability_norm | faithfulness_norm,,0,missing_winner_column,missing_direction_column,0,False,False,True,False,False,False,False,False,PASS,
2026-04-29 14:50:48,csv_file,outputs/tables/taiwan_scre_credit_bootstrap_ci.csv,,model_result;statistical_test;scre_credit,3,4,metric | mean | lower | upper,,0,missing_winner_column,missing_direction_column,0,False,False,False,True,False,False,False,False,PASS,
2026-04-29 14:50:48,csv_file,outputs/tables/taiwan_scre_credit_candidate_pool.csv,,model_result;scre_credit,9,1,model,,0,missing_winner_column,missing_direction_column,0,False,False,True,False,False,False,False,False,PASS,
2026-04-29 14:50:48,csv_file,outputs/tables/taiwan_scre_credit_cost_curve.csv,,model_result;threshold;scre_credit,95,9,fn_cost | fp_cost | threshold | expected_cost | precision | recall | f1 | fp | fn,,0,missing_winner_column,missing_direction_column,0,False,False,False,False,True,False,False,False,PASS,
2026-04-29 14:50:48,csv_file,outputs/tables/taiwan_scre_credit_manual_review_band.csv,,model_result;threshold;manual_review;scre_credit,4,11,threshold | band_width | lower | upper | review_count | review_rate | review_default_rate | auto_count | auto_recall | auto_precision | auto_f1,,0,missing_winner_column,missing_direction_column,0,False,False,False,False,True,False,False,False,PASS,
2026-04-29 14:50:48,csv_file,outputs/tables/taiwan_scre_credit_three_way_test_policy.csv,,model_result;manual_review;scre_credit,1,19,t_low | t_high | expected_policy_cost | low_count | manual_review_count | high_count | low_rate | manual_review_rate | high_rate | low_false_negative | high_false_positive | low_true_negative | high_true_positive | manual_review_default | manual_review_non_default | high_risk_precision | high_risk_recall | review_capture_recall | auto_decision_rate,,0,missing_winner_column,missing_direction_column,0,False,False,False,False,False,False,False,False,PASS,
2026-04-29 14:50:48,csv_file,outputs/tables/taiwan_scre_credit_three_way_threshold_search.csv,,model_result;threshold;manual_review;scre_credit,32,22,t_low | t_high | expected_policy_cost | low_count | manual_review_count | high_count | low_rate | manual_review_rate | high_rate | low_false_negative | high_false_positive | low_true_negative | high_true_positive | manual_review_default | manual_review_non_default | high_risk_precision | high_risk_recall | review_capture_recall | auto_decision_rate | meets_review_capture_recall | meets_review_rate | meets_constraints,,0,missing_winner_column,missing_direction_column,0,False,False,False,False,False,False,False,False,PASS,
2026-04-29 14:50:48,csv_file,outputs/tables/taiwan_scre_credit_thresholds.csv,,model_result;calibration;threshold;scre_credit,17,22,dataset | selection_split | threshold | accuracy | precision | recall | f1 | specificity | g_mean | roc_auc | pr_auc | brier_score | ece | calibration_slope | calibration_intercept | tn | fp | fn | tp | fn_cost_component | fp_cost_component | expected_cost,,0,missing_winner_column,missing_direction_column,0,False,True,False,False,True,False,False,False,PASS,
2026-04-29 14:50:48,csv_file,outputs/tables/taiwan_scre_credit_validation_results.csv,,model_result;calibration;threshold;faithfulness;scre_credit,9,30,model | expected_cost | stability_raw | faithfulness_raw | threshold | accuracy | precision | recall | f1 | specificity | g_mean | roc_auc | pr_auc | brier_score | ece | calibration_slope | calibration_intercept | tn | fp | fn | tp | pr_auc_norm | roc_auc_norm | recall_norm | calibration_norm | cost_norm | stability_norm | faithfulness_norm | reliability_score | ensemble_weight,,0,missing_winner_column,missing_direction_column,0,False,False,True,False,True,False,False,False,PASS,
2026-04-29 14:50:48,csv_file,outputs/tables/taiwan_scre_credit_weights.csv,,model_result;calibration;faithfulness;scre_credit,9,10,model | reliability_score | ensemble_weight | pr_auc_norm | roc_auc_norm | recall_norm | calibration_norm | cost_norm | stability_norm | faithfulness_norm,,0,missing_winner_column,missing_direction_column,0,False,False,True,False,False,False,False,False,PASS,
2026-04-29 14:50:48,csv_file,outputs/tables/taiwan_vs_heloc_framework_comparison.csv,,model_result;calibration;threshold;heloc_external_validation,12,15,dataset | framework_model | model | model_role | calibration_method | threshold | expected_cost | expected_cost_per_1000 | roc_auc | pr_auc | recall | precision | f1 | brier_score | ece,,0,missing_winner_column,missing_direction_column,0,False,True,True,False,True,False,False,False,PASS,
2026-04-29 14:50:48,csv_file,outputs/tables/threshold_analysis.csv,,calibration;threshold,24948,35,dataset | selection_split | test_set_used | train_rows | validation_rows | test_rows_reserved | model | source_phase | model_family | calibration_method | scenario | fn_cost | fp_cost | roc_auc | pr_auc | brier_score | fn_cost_component | fp_cost_component | expected_cost | expected_cost_per_1000 | threshold | accuracy | precision | recall | specificity | f1 | g_mean | tn | fp | fn | tp | cost_at_threshold_0_50 | cost_improvement_vs_0_50 | cost_improvement_pct_vs_0_50 | is_best_threshold_for_model_scenario,,0,,,0,False,True,True,False,True,True,False,False,PASS,
2026-04-29 14:50:48,csv_file,outputs/tables/threshold_analysis_heloc.csv,,calibration;threshold,12474,35,dataset | selection_split | test_set_used | train_rows | validation_rows | test_rows_reserved | model | source_phase | model_family | calibration_method | scenario | fn_cost | fp_cost | roc_auc | pr_auc | brier_score | fn_cost_component | fp_cost_component | expected_cost | expected_cost_per_1000 | threshold | accuracy | precision | recall | specificity | f1 | g_mean | tn | fp | fn | tp | cost_at_threshold_0_50 | cost_improvement_vs_0_50 | cost_improvement_pct_vs_0_50 | is_best_threshold_for_model_scenario,,0,,,0,False,True,True,False,True,True,False,False,PASS,
2026-04-29 14:50:48,csv_file,outputs/tables/threshold_analysis_taiwan.csv,,calibration;threshold,12474,35,dataset | selection_split | test_set_used | train_rows | validation_rows | test_rows_reserved | model | source_phase | model_family | calibration_method | scenario | fn_cost | fp_cost | roc_auc | pr_auc | brier_score | fn_cost_component | fp_cost_component | expected_cost | expected_cost_per_1000 | threshold | accuracy | precision | recall | specificity | f1 | g_mean | tn | fp | fn | tp | cost_at_threshold_0_50 | cost_improvement_vs_0_50 | cost_improvement_pct_vs_0_50 | is_best_threshold_for_model_scenario,,0,,,0,False,True,True,False,True,True,False,False,PASS,
2026-04-29 14:50:48,csv_file,outputs/tables/threshold_comparison.csv,,model_result;threshold,17,14,threshold | accuracy | precision | recall | f1 | specificity | roc_auc | pr_auc | brier_score | tn | fp | fn | tp | expected_cost,,0,missing_winner_column,missing_direction_column,0,False,False,False,False,True,False,False,False,PASS,
2026-04-29 14:50:48,csv_file,outputs/tables/tuned_xgboost_oof_threshold_comparison.csv,,model_result;threshold,17,14,threshold | accuracy | precision | recall | f1 | specificity | roc_auc | pr_auc | brier_score | tn | fp | fn | tp | expected_cost,,0,missing_winner_column,missing_direction_column,0,False,False,False,False,True,False,False,False,PASS,
2026-04-29 14:50:48,csv_file,outputs/tables/tuned_xgboost_test_metrics.csv,,threshold,1,16,threshold | accuracy | precision | recall | f1 | specificity | roc_auc | pr_auc | brier_score | tn | fp | fn | tp | model | best_cv_average_precision | best_params,,0,,,0,False,False,True,False,True,False,False,False,PASS,
2026-04-29 14:50:48,csv_file,outputs/tables/tuned_xgboost_threshold_comparison.csv,,model_result;threshold,17,14,threshold | accuracy | precision | recall | f1 | specificity | roc_auc | pr_auc | brier_score | tn | fp | fn | tp | expected_cost,,0,missing_winner_column,missing_direction_column,0,False,False,False,False,True,False,False,False,PASS,
2026-04-29 14:50:48,csv_file,outputs/tables/validation_threshold_test_results.csv,,model_result;threshold,3,19,threshold | accuracy | precision | recall | f1 | specificity | roc_auc | pr_auc | brier_score | tn | fp | fn | tp | model | validation_selected_threshold | validation_expected_cost | test_expected_cost | test_default_rate | validation_default_rate,,0,missing_winner_column,missing_direction_column,0,False,False,True,False,True,False,False,False,PASS,
2026-04-29 14:51:01,xlsx_sheet,outputs/tables/SCRE_Credit_All_Results_Audit_20260429.xlsx,Ablation,model_result;threshold;shap_stability;faithfulness;ablation;scre_credit,10,38,dataset | ablation_id | ablation_name | description | model_role | n_base_models | selected_models | threshold | threshold_source | test_set_used_for_training_or_selection | validation_roc_auc | validation_pr_auc | validation_recall | validation_f1 | validation_brier | validation_ece | validation_expected_cost | roc_auc | pr_auc | recall | f1 | brier | ece | expected_cost | accuracy | precision | specificity | tn | fp | fn | tp | component_weights | shap_stability | shap_stability_source | faithfulness_raw_topk_pr_auc_drop | faithfulness_score | faithfulness_score_source | feature_scope,,0,missing_winner_column,missing_direction_column,0,False,True,False,False,True,False,False,False,PASS,
2026-04-29 14:51:01,xlsx_sheet,outputs/tables/SCRE_Credit_All_Results_Audit_20260429.xlsx,Ablation_Faithfulness,model_result;faithfulness;ablation;scre_credit,100,15,ablation_id | test_type | step | feature | feature_set | n_features | roc_auc_drop | pr_auc_drop | probability_shift | recall_change | cost_change | perturbed_roc_auc | perturbed_pr_auc | perturbed_recall | perturbed_expected_cost,,0,missing_winner_column,missing_direction_column,0,False,False,False,False,False,False,False,False,PASS,
2026-04-29 14:51:01,xlsx_sheet,outputs/tables/SCRE_Credit_All_Results_Audit_20260429.xlsx,Background_Sensitivity,model_result;shap_stability;background_sensitivity;scre_credit,240,25,dataset | model | result_type | background | selection_policy | feature | raw_feature | mean_abs_shap | mean_shap | background_size | rank | is_top_10 | background_a | background_b | top_k | top_k_overlap_count | top_k_overlap_rate | top_k_jaccard | spearman_rho | spearman_p_value | kendall_tau | kendall_p_value | mean_abs_shap_drift | median_abs_shap_drift | mean_relative_shap_drift,,0,missing_winner_column,missing_direction_column,0,False,True,True,False,False,False,False,False,PASS,
2026-04-29 14:51:01,xlsx_sheet,outputs/tables/SCRE_Credit_All_Results_Audit_20260429.xlsx,Background_Summary,model_result;background_sensitivity;scre_credit,10,9,dataset | background_a | background_b | top_k_overlap_rate | top_k_jaccard | spearman_rho | kendall_tau | mean_abs_shap_drift | mean_relative_shap_drift,,0,missing_winner_column,missing_direction_column,0,False,True,False,False,False,False,False,False,PASS,
2026-04-29 14:51:01,xlsx_sheet,outputs/tables/SCRE_Credit_All_Results_Audit_20260429.xlsx,Baseline_HELOC,model_result;calibration;threshold;scre_credit,12,28,dataset | model | split | train_rows | validation_rows | test_rows_reserved | test_set_used | resampling | preprocessing_fit_scope | model_path | description | threshold | accuracy | precision | recall | f1 | specificity | g_mean | roc_auc | pr_auc | brier_score | ece | calibration_slope | calibration_intercept | tn | fp | fn | tp,,0,missing_winner_column,missing_direction_column,0,False,True,True,False,True,False,False,False,PASS,
2026-04-29 14:51:01,xlsx_sheet,outputs/tables/SCRE_Credit_All_Results_Audit_20260429.xlsx,Baseline_Taiwan,model_result;calibration;threshold;scre_credit,12,28,dataset | model | split | train_rows | validation_rows | test_rows_reserved | test_set_used | resampling | preprocessing_fit_scope | model_path | description | threshold | accuracy | precision | recall | f1 | specificity | g_mean | roc_auc | pr_auc | brier_score | ece | calibration_slope | calibration_intercept | tn | fp | fn | tp,,0,missing_winner_column,missing_direction_column,0,False,True,True,False,True,False,False,False,PASS,
2026-04-29 14:50:48,xlsx_sheet,outputs/tables/SCRE_Credit_All_Results_Audit_20260429.xlsx,Best_Model_Summary,model_result;threshold;ablation;scre_credit,23,7,result_table | selection_metric | best_model_or_ablation | value | dataset | role | threshold,,0,missing_winner_column,missing_direction_column,0,False,True,False,False,True,False,False,False,PASS,
2026-04-29 14:51:01,xlsx_sheet,outputs/tables/SCRE_Credit_All_Results_Audit_20260429.xlsx,Boosting_HELOC,model_result;calibration;threshold;scre_credit,14,29,dataset | model | model_family | split | train_rows | validation_rows | test_rows_reserved | test_set_used | resampling | monotonic_constraints | constraint_summary | model_path | threshold | accuracy | precision | recall | f1 | specificity | g_mean | roc_auc | pr_auc | brier_score | ece | calibration_slope | calibration_intercept | tn | fp | fn | tp,,0,missing_winner_column,missing_direction_column,0,False,True,True,False,True,False,False,False,PASS,
2026-04-29 14:51:01,xlsx_sheet,outputs/tables/SCRE_Credit_All_Results_Audit_20260429.xlsx,Boosting_Taiwan,model_result;calibration;threshold;scre_credit,14,29,dataset | model | model_family | split | train_rows | validation_rows | test_rows_reserved | test_set_used | resampling | monotonic_constraints | constraint_summary | model_path | threshold | accuracy | precision | recall | f1 | specificity | g_mean | roc_auc | pr_auc | brier_score | ece | calibration_slope | calibration_intercept | tn | fp | fn | tp,,0,missing_winner_column,missing_direction_column,0,False,True,True,False,True,False,False,False,PASS,
2026-04-29 14:51:01,xlsx_sheet,outputs/tables/SCRE_Credit_All_Results_Audit_20260429.xlsx,Bootstrap_CIs,model_result;threshold;statistical_test;scre_credit,60,11,dataset | model | metric | mean | lower_ci | upper_ci | p_value | n_bootstrap | confidence_level | threshold | split,p_value,1,missing_winner_column,missing_direction_column,0,False,True,True,True,True,False,False,False,PASS,
2026-04-29 14:50:48,xlsx_sheet,outputs/tables/SCRE_Credit_All_Results_Audit_20260429.xlsx,Calibration_Best,model_result;calibration;scre_credit,10,6,dataset | selection_metric | model | calibration_method | value | split,,0,missing_winner_column,missing_direction_column,0,False,True,True,False,False,False,False,False,PASS,
2026-04-29 14:50:48,xlsx_sheet,outputs/tables/SCRE_Credit_All_Results_Audit_20260429.xlsx,Calibration_HELOC,model_result;calibration;threshold;scre_credit,42,34,dataset | model | source_phase | model_family | calibration_method | calibration_fit_policy | split | train_rows | validation_rows | test_rows_reserved | test_set_used | calibration_cv_folds | resampling | monotonic_constraints | expected_cost | description | threshold | accuracy | precision | recall | f1 | specificity | g_mean | roc_auc | pr_auc | brier_score | ece | calibration_slope | calibration_intercept | tn | fp | fn | tp | model_path,,0,missing_winner_column,missing_direction_column,0,False,True,True,False,True,False,False,False,PASS,
2026-04-29 14:50:48,xlsx_sheet,outputs/tables/SCRE_Credit_All_Results_Audit_20260429.xlsx,Calibration_Taiwan,model_result;calibration;threshold;scre_credit,42,34,dataset | model | source_phase | model_family | calibration_method | calibration_fit_policy | split | train_rows | validation_rows | test_rows_reserved | test_set_used | calibration_cv_folds | resampling | monotonic_constraints | expected_cost | description | threshold | accuracy | precision | recall | f1 | specificity | g_mean | roc_auc | pr_auc | brier_score | ece | calibration_slope | calibration_intercept | tn | fp | fn | tp | model_path,,0,missing_winner_column,missing_direction_column,0,False,True,True,False,True,False,False,False,PASS,
2026-04-29 14:50:48,xlsx_sheet,outputs/tables/SCRE_Credit_All_Results_Audit_20260429.xlsx,Code_Inventory,model_result;scre_credit,12,7,relative_path | exists | non_empty | line_count | size_bytes | modified_local | sha256_12,,0,missing_winner_column,missing_direction_column,0,False,False,False,False,False,False,False,False,PASS,
2026-04-29 14:50:48,xlsx_sheet,outputs/tables/SCRE_Credit_All_Results_Audit_20260429.xlsx,Executive_Summary,model_result;scre_credit,12,4,section | finding | evidence | interpretation,,0,missing_winner_column,missing_direction_column,0,False,False,False,False,False,False,False,False,PASS,
2026-04-29 14:50:48,xlsx_sheet,outputs/tables/SCRE_Credit_All_Results_Audit_20260429.xlsx,External_HELOC,model_result;calibration;threshold;scre_credit,12,31,dataset | dataset_role | framework_validation_mode | target | model | model_role | split | calibration_method | threshold | threshold_source | fn_cost | fp_cost | expected_cost | expected_cost_per_1000 | test_set_used_for_training_or_selection | accuracy | precision | recall | f1 | specificity | g_mean | roc_auc | pr_auc | brier_score | ece | calibration_slope | calibration_intercept | tn | fp | fn | tp,,0,missing_winner_column,missing_direction_column,0,False,True,True,False,True,False,False,False,PASS,
2026-04-29 14:51:01,xlsx_sheet,outputs/tables/SCRE_Credit_All_Results_Audit_20260429.xlsx,Faithfulness,model_result;threshold;faithfulness;scre_credit,70,22,analysis_interpretation | baseline_expected_cost | baseline_recall | baseline_pr_auc | baseline_roc_auc | threshold | model | dataset | test_type | step | feature | feature_set | n_features | roc_auc_drop | pr_auc_drop | probability_shift | recall_change | cost_change | perturbed_roc_auc | perturbed_pr_auc | perturbed_recall | perturbed_expected_cost,,0,missing_winner_column,missing_direction_column,0,False,True,True,False,True,False,False,False,PASS,
2026-04-29 14:51:01,xlsx_sheet,outputs/tables/SCRE_Credit_All_Results_Audit_20260429.xlsx,Faithfulness_Groups,model_result;threshold;faithfulness;scre_credit,5,21,analysis_interpretation | baseline_expected_cost | baseline_recall | baseline_pr_auc | baseline_roc_auc | threshold | model | dataset | test_type | group | feature_set | n_features | roc_auc_drop | pr_auc_drop | probability_shift | recall_change | cost_change | perturbed_roc_auc | perturbed_pr_auc | perturbed_recall | perturbed_expected_cost,,0,missing_winner_column,missing_direction_column,0,False,True,True,False,True,False,False,False,PASS,
2026-04-29 14:51:01,xlsx_sheet,outputs/tables/SCRE_Credit_All_Results_Audit_20260429.xlsx,Inventory_Figures,model_result;scre_credit,81,7,artifact_type | relative_path | absolute_path | file_name | extension | size_bytes | modified_utc,,0,missing_winner_column,missing_direction_column,0,False,False,False,False,False,False,False,False,PASS,
2026-04-29 14:51:01,xlsx_sheet,outputs/tables/SCRE_Credit_All_Results_Audit_20260429.xlsx,Inventory_Models,model_result;scre_credit,157,7,artifact_type | relative_path | absolute_path | file_name | extension | size_bytes | modified_utc,,0,missing_winner_column,missing_direction_column,0,False,False,False,False,False,False,False,False,PASS,
2026-04-29 14:51:01,xlsx_sheet,outputs/tables/SCRE_Credit_All_Results_Audit_20260429.xlsx,Inventory_Summary,model_result;scre_credit,3,4,artifact_type | count | total_size_bytes | latest_modified_utc,,0,missing_winner_column,missing_direction_column,0,False,False,False,False,False,False,False,False,PASS,
2026-04-29 14:51:01,xlsx_sheet,outputs/tables/SCRE_Credit_All_Results_Audit_20260429.xlsx,Inventory_Tables,model_result;scre_credit,192,7,artifact_type | relative_path | absolute_path | file_name | extension | size_bytes | modified_utc,,0,missing_winner_column,missing_direction_column,0,False,False,False,False,False,False,False,False,PASS,
2026-04-29 14:51:01,xlsx_sheet,outputs/tables/SCRE_Credit_All_Results_Audit_20260429.xlsx,LIME_Local_Features,model_result;threshold;scre_credit,50,14,dataset | model | case_type | row_id | predicted_probability | threshold | rank | feature_rule | raw_feature | lime_weight | abs_lime_weight | lime_sign | explanation_png | explanation_html,,0,missing_winner_column,missing_direction_column,0,False,True,True,False,True,False,False,False,PASS,
2026-04-29 14:51:01,xlsx_sheet,outputs/tables/SCRE_Credit_All_Results_Audit_20260429.xlsx,Manual_Review_All,model_result;calibration;manual_review;scre_credit,29106,42,dataset | selection_split | test_set_used | train_rows | validation_rows | test_rows_reserved | model | source_phase | model_family | calibration_method | scenario | fn_cost | fp_cost | manual_review_cost | max_review_rate_constraint | min_review_capture_recall_constraint | meets_review_rate_constraint | meets_review_capture_recall_constraint | meets_constraints | candidate_selection_policy | t_low | t_high | expected_policy_cost | expected_policy_cost_per_1000 | low_count | manual_review_count | high_count | low_rate | manual_review_rate | high_rate | auto_decision_rate | low_false_negative | high_false_positive | low_true_negative | high_true_positive | manual_review_default | manual_review_non_default | manual_review_default_rate | high_risk_precision | high_risk_recall | review_capture_recall | is_best_band_for_scenario,,0,missing_winner_column,missing_direction_column,0,False,True,True,False,False,True,False,False,PASS,
2026-04-29 14:50:54,xlsx_sheet,outputs/tables/SCRE_Credit_All_Results_Audit_20260429.xlsx,Manual_Review_Best,model_result;calibration;manual_review;scre_credit,12,43,overall_best_for_dataset_scenario | dataset | selection_split | test_set_used | train_rows | validation_rows | test_rows_reserved | model | source_phase | model_family | calibration_method | scenario | fn_cost | fp_cost | manual_review_cost | max_review_rate_constraint | min_review_capture_recall_constraint | meets_review_rate_constraint | meets_review_capture_recall_constraint | meets_constraints | candidate_selection_policy | t_low | t_high | expected_policy_cost | expected_policy_cost_per_1000 | low_count | manual_review_count | high_count | low_rate | manual_review_rate | high_rate | auto_decision_rate | low_false_negative | high_false_positive | low_true_negative | high_true_positive | manual_review_default | manual_review_non_default | manual_review_default_rate | high_risk_precision | high_risk_recall | review_capture_recall | is_best_band_for_scenario,,0,missing_winner_column,missing_direction_column,0,False,True,True,False,False,True,False,False,PASS,
2026-04-29 14:51:01,xlsx_sheet,outputs/tables/SCRE_Credit_All_Results_Audit_20260429.xlsx,Older_Output_Warnings,model_result;scre_credit,171,4,relative_path | modified_local | size_bytes | note,,0,missing_winner_column,missing_direction_column,0,False,False,False,False,False,False,False,False,PASS,
2026-04-29 14:50:48,xlsx_sheet,outputs/tables/SCRE_Credit_All_Results_Audit_20260429.xlsx,Optuna_Best_Params,model_result;scre_credit,2,23,dataset | best_model_type | best_trial_number | best_cv_pr_auc | best_cv_roc_auc | best_cv_recall | best_cv_brier_score | best_cv_fn_weighted_cost | validation_pr_auc | validation_roc_auc | validation_recall | validation_brier_score | validation_fn_weighted_cost | best_params_json | model_path | n_trials | cv_n_splits | cv_n_repeats | cv_total_folds | objective_primary | objective_secondary | test_set_used | study_path,,0,missing_winner_column,missing_direction_column,0,False,True,False,False,False,False,False,False,PASS,
2026-04-29 14:50:48,xlsx_sheet,outputs/tables/SCRE_Credit_All_Results_Audit_20260429.xlsx,Optuna_Trials,model_result;scre_credit,150,44,dataset | study_name | trial_number | state | objective | primary_metric_pr_auc | cv_n_splits | cv_n_repeats | cv_total_folds | metric_pr_auc | metric_roc_auc | metric_recall | metric_brier_score | metric_fn_weighted_cost | metric_fn | metric_fp | metric_tp | metric_tn | metric_pr_auc_std | param_model_type | param_lgbm_n_estimators | param_lgbm_learning_rate | param_lgbm_num_leaves | param_lgbm_max_depth | param_lgbm_min_child_samples | param_lgbm_subsample | param_lgbm_colsample_bytree | param_lgbm_reg_alpha | param_lgbm_reg_lambda | param_lgbm_class_weight | param_cat_iterations | param_cat_depth | param_cat_learning_rate | param_cat_l2_leaf_reg | param_cat_random_strength | param_cat_bagging_temperature | param_xgb_n_estimators | param_xgb_max_depth | param_xgb_learning_rate | param_xgb_subsample | param_xgb_colsample_bytree | param_xgb_min_child_weight | param_xgb_reg_alpha | param_xgb_reg_lambda,,0,missing_winner_column,missing_direction_column,0,False,True,False,False,False,False,False,False,PASS,
2026-04-29 14:50:48,xlsx_sheet,outputs/tables/SCRE_Credit_All_Results_Audit_20260429.xlsx,Pytest_RunAll_Status,model_result;scre_credit,2,4,check | status | evidence | command,,0,missing_winner_column,missing_direction_column,0,False,False,False,False,False,False,False,False,PASS,
2026-04-29 14:50:48,xlsx_sheet,outputs/tables/SCRE_Credit_All_Results_Audit_20260429.xlsx,README,model_result;scre_credit,8,2,field | value,,0,missing_winner_column,missing_direction_column,0,False,False,False,False,False,False,False,False,PASS,
2026-04-29 14:51:01,xlsx_sheet,outputs/tables/SCRE_Credit_All_Results_Audit_20260429.xlsx,Run_All_Summary,model_result;scre_credit,20,11,step_index | step_total | script | step_label | command | status | return_code | duration_seconds | log_path | started_utc | finished_utc,,0,missing_winner_column,missing_direction_column,0,False,False,False,False,False,False,False,False,PASS,
2026-04-29 14:50:48,xlsx_sheet,outputs/tables/SCRE_Credit_All_Results_Audit_20260429.xlsx,SCRE_Experiment_Code,model_result;scre_credit,339,3,file | line_number | source_line,,0,missing_winner_column,missing_direction_column,0,False,False,False,False,False,False,False,False,PASS,
2026-04-29 14:50:48,xlsx_sheet,outputs/tables/SCRE_Credit_All_Results_Audit_20260429.xlsx,SCRE_Model_Code,model_result;scre_credit,302,3,file | line_number | source_line,,0,missing_winner_column,missing_direction_column,0,False,False,False,False,False,False,False,False,PASS,
2026-04-29 14:50:48,xlsx_sheet,outputs/tables/SCRE_Credit_All_Results_Audit_20260429.xlsx,SCRE_Results_HELOC,model_result;calibration;threshold;scre_credit,30,28,dataset | model | model_role | split | calibration_method | threshold | threshold_source | cost_scenario | fn_cost | fp_cost | expected_cost | test_set_used_for_training_or_selection | accuracy | precision | recall | f1 | specificity | g_mean | roc_auc | pr_auc | brier_score | ece | calibration_slope | calibration_intercept | tn | fp | fn | tp,,0,missing_winner_column,missing_direction_column,0,False,True,True,False,True,True,False,False,PASS,
2026-04-29 14:50:48,xlsx_sheet,outputs/tables/SCRE_Credit_All_Results_Audit_20260429.xlsx,SCRE_Results_Taiwan,model_result;calibration;threshold;scre_credit,30,28,dataset | model | model_role | split | calibration_method | threshold | threshold_source | cost_scenario | fn_cost | fp_cost | expected_cost | test_set_used_for_training_or_selection | accuracy | precision | recall | f1 | specificity | g_mean | roc_auc | pr_auc | brier_score | ece | calibration_slope | calibration_intercept | tn | fp | fn | tp,,0,missing_winner_column,missing_direction_column,0,False,True,True,False,True,True,False,False,PASS,
2026-04-29 14:50:48,xlsx_sheet,outputs/tables/SCRE_Credit_All_Results_Audit_20260429.xlsx,SCRE_Weights,model_result;calibration;threshold;faithfulness;scre_credit,28,28,dataset | model | source_phase | model_family | selected_calibration_method | model_path | pr_auc | roc_auc | recall | calibration_error | brier_score | ece | expected_cost | base_selected_threshold | cost_scenario | stability_score | faithfulness_score | stability_metric_source | faithfulness_metric_source | pr_auc_norm | roc_auc_norm | recall_norm | stability_score_norm | faithfulness_score_norm | calibration_error_norm | expected_cost_norm | reliability_score | ensemble_weight,,0,missing_winner_column,missing_direction_column,0,False,True,True,False,False,True,False,False,PASS,
2026-04-29 14:51:01,xlsx_sheet,outputs/tables/SCRE_Credit_All_Results_Audit_20260429.xlsx,SHAP_LIME_Agreement,model_result;scre_credit,5,12,dataset | model | case_type | row_id | top_k | shap_top_k_count | lime_top_k_count | overlap_count | top_k_overlap | jaccard_overlap | sign_agreement | local_explanation_consistency,,0,missing_winner_column,missing_direction_column,0,False,True,True,False,False,False,False,False,PASS,
2026-04-29 14:51:01,xlsx_sheet,outputs/tables/SCRE_Credit_All_Results_Audit_20260429.xlsx,SHAP_Rank_Correlations,model_result;shap_stability;scre_credit,2450,14,dataset | stability_scope | model_family | seed_a | seed_b | spearman_rho | spearman_p_value | kendall_tau | kendall_p_value | kendalls_w | top5_overlap_count | top5_overlap_rate | top10_overlap_count | top10_overlap_rate,,0,missing_winner_column,missing_direction_column,0,False,True,False,False,False,False,False,False,PASS,
2026-04-29 14:51:01,xlsx_sheet,outputs/tables/SCRE_Credit_All_Results_Audit_20260429.xlsx,SHAP_Stability_Seeds,model_result;shap_stability;scre_credit,2700,13,dataset | stability_scope | model_family | seed_index | random_seed | feature | mean_abs_shap | mean_shap | rank | shap_sign | raw_feature | in_top_5 | in_top_10,,0,missing_winner_column,missing_direction_column,0,False,True,False,False,False,False,False,False,PASS,
2026-04-29 14:51:01,xlsx_sheet,outputs/tables/SCRE_Credit_All_Results_Audit_20260429.xlsx,SHAP_Stability_Summary,model_result;shap_stability;scre_credit,2,7,dataset | n_pairwise_comparisons | mean_spearman | min_spearman | mean_kendall | mean_top5_overlap | mean_top10_overlap,,0,missing_winner_column,missing_direction_column,0,False,True,False,False,False,False,False,False,PASS,
2026-04-29 14:51:01,xlsx_sheet,outputs/tables/SCRE_Credit_All_Results_Audit_20260429.xlsx,SHAP_TopK_Frequency,model_result;shap_stability;scre_credit,54,15,dataset | stability_scope | model_family | feature | raw_feature | mean_rank | median_rank | rank_std | min_rank | max_rank | top5_count | top5_frequency | top10_count | top10_frequency | mean_abs_shap,,0,missing_winner_column,missing_direction_column,0,False,True,False,False,False,False,False,False,PASS,
2026-04-29 14:51:01,xlsx_sheet,outputs/tables/SCRE_Credit_All_Results_Audit_20260429.xlsx,SHAP_Top_Features,model_result;shap_stability;scre_credit,20,8,dataset | model | feature | raw_feature | mean_abs_shap | mean_shap | rank | shap_direction,,0,missing_winner_column,missing_direction_column,0,False,True,True,False,False,False,False,False,PASS,
2026-04-29 14:51:01,xlsx_sheet,outputs/tables/SCRE_Credit_All_Results_Audit_20260429.xlsx,Scorecard,model_result;calibration;threshold;scre_credit,4,26,dataset | model | split | train_rows | validation_rows | test_rows_reserved | test_set_used | fit_policy | model_path | threshold | accuracy | precision | recall | f1 | specificity | g_mean | roc_auc | pr_auc | brier_score | ece | calibration_slope | calibration_intercept | tn | fp | fn | tp,,0,missing_winner_column,missing_direction_column,0,False,True,True,False,True,False,False,False,PASS,
2026-04-29 14:51:01,xlsx_sheet,outputs/tables/SCRE_Credit_All_Results_Audit_20260429.xlsx,Statistical_Tests,model_result;threshold;statistical_test;scre_credit,64,18,dataset | comparison | method | metric | mean | lower_ci | upper_ci | p_value | n_bootstrap | confidence_level | direction | split | scre_threshold | comparator_threshold | mcnemar_both_correct | mcnemar_scre_correct_comparator_wrong | mcnemar_scre_wrong_comparator_correct | mcnemar_both_wrong,,0,missing_winner_column,,0,False,True,False,True,False,False,False,True,PASS,
2026-04-29 14:51:01,xlsx_sheet,outputs/tables/SCRE_Credit_All_Results_Audit_20260429.xlsx,Subgroup_Reliability,model_result;calibration;threshold;scre_credit,13,32,dataset | model | calibration_method | selection_split | test_set_used_for_training_or_selection | analysis_type | analysis_note | subgroup_column | subgroup_value | subgroup_label | threshold | fn_cost | fp_cost | sample_size | n_default | n_non_default | default_rate | roc_auc | pr_auc | recall | precision | f1 | fpr | fnr | brier_score | ece | expected_cost | expected_cost_per_1000 | tn | fp | fn | tp,,0,missing_winner_column,missing_direction_column,0,False,True,True,False,True,False,False,False,PASS,
2026-04-29 14:50:48,xlsx_sheet,outputs/tables/SCRE_Credit_All_Results_Audit_20260429.xlsx,Taiwan_vs_HELOC,model_result;calibration;threshold;heloc_external_validation;scre_credit,12,15,dataset | framework_model | model | model_role | calibration_method | threshold | expected_cost | expected_cost_per_1000 | roc_auc | pr_auc | recall | precision | f1 | brier_score | ece,,0,missing_winner_column,missing_direction_column,0,False,True,True,False,True,False,False,False,PASS,
2026-04-29 14:50:54,xlsx_sheet,outputs/tables/SCRE_Credit_All_Results_Audit_20260429.xlsx,Threshold_Analysis,model_result;calibration;threshold;scre_credit,24948,35,dataset | selection_split | test_set_used | train_rows | validation_rows | test_rows_reserved | model | source_phase | model_family | calibration_method | scenario | fn_cost | fp_cost | roc_auc | pr_auc | brier_score | fn_cost_component | fp_cost_component | expected_cost | expected_cost_per_1000 | threshold | accuracy | precision | recall | specificity | f1 | g_mean | tn | fp | fn | tp | cost_at_threshold_0_50 | cost_improvement_vs_0_50 | cost_improvement_pct_vs_0_50 | is_best_threshold_for_model_scenario,,0,missing_winner_column,missing_direction_column,0,False,True,True,False,True,True,False,False,PASS,
2026-04-29 14:50:48,xlsx_sheet,outputs/tables/SCRE_Credit_All_Results_Audit_20260429.xlsx,Threshold_Best,model_result;calibration;threshold;scre_credit,258,36,overall_best_for_dataset_scenario | dataset | selection_split | test_set_used | train_rows | validation_rows | test_rows_reserved | model | source_phase | model_family | calibration_method | scenario | fn_cost | fp_cost | roc_auc | pr_auc | brier_score | fn_cost_component | fp_cost_component | expected_cost | expected_cost_per_1000 | threshold | accuracy | precision | recall | specificity | f1 | g_mean | tn | fp | fn | tp | cost_at_threshold_0_50 | cost_improvement_vs_0_50 | cost_improvement_pct_vs_0_50 | is_best_threshold_for_model_scenario,,0,missing_winner_column,missing_direction_column,0,False,True,True,False,True,True,False,False,PASS,
2026-04-29 14:50:48,xlsx_sheet,outputs/tables/SCRE_Credit_All_Results_Audit_20260429.xlsx,Verification,model_result;scre_credit,31,11,area | kind | status | relative_path | rows_if_csv | cols_if_csv | exists | non_empty | size_bytes | modified_local | sha256_12,,0,missing_winner_column,missing_direction_column,0,False,False,False,False,False,False,False,False,PASS,
