dataset,stability_scope,model_family,seed_a,seed_b,spearman_rho,spearman_p_value,kendall_tau,kendall_p_value,kendalls_w,top5_overlap_count,top5_overlap_rate,top10_overlap_count,top10_overlap_rate
heloc,reduced,lightgbm,63817,67920,1.0,0.0,0.9999999999999998,4.96031746031746e-05,0.9908380952380952,5,1.0,8,0.8
heloc,reduced,lightgbm,63817,85942,1.0,0.0,0.9999999999999998,4.96031746031746e-05,0.9908380952380952,5,1.0,8,0.8
heloc,reduced,lightgbm,63817,89247,1.0,0.0,0.9999999999999998,4.96031746031746e-05,0.9908380952380952,5,1.0,8,0.8
heloc,reduced,lightgbm,63817,92135,1.0,0.0,0.9999999999999998,4.96031746031746e-05,0.9908380952380952,5,1.0,8,0.8
heloc,reduced,lightgbm,63817,94174,1.0,0.0,0.9999999999999998,4.96031746031746e-05,0.9908380952380952,5,1.0,8,0.8
heloc,reduced,lightgbm,63817,128110,0.9761904761904763,3.3143960262001043e-05,0.9285714285714285,0.0003968253968253968,0.9908380952380952,5,1.0,8,0.8
heloc,reduced,lightgbm,63817,165228,0.9761904761904763,3.3143960262001043e-05,0.9285714285714285,0.0003968253968253968,0.9908380952380952,5,1.0,8,0.8
heloc,reduced,lightgbm,63817,182545,1.0,0.0,0.9999999999999998,4.96031746031746e-05,0.9908380952380952,5,1.0,8,0.8
heloc,reduced,lightgbm,63817,201462,0.9761904761904763,3.3143960262001043e-05,0.9285714285714285,0.0003968253968253968,0.9908380952380952,5,1.0,8,0.8
heloc,reduced,lightgbm,63817,227235,0.9761904761904763,3.3143960262001043e-05,0.9285714285714285,0.0003968253968253968,0.9908380952380952,5,1.0,8,0.8
heloc,reduced,lightgbm,63817,276757,1.0,0.0,0.9999999999999998,4.96031746031746e-05,0.9908380952380952,5,1.0,8,0.8
heloc,reduced,lightgbm,63817,354524,1.0,0.0,0.9999999999999998,4.96031746031746e-05,0.9908380952380952,5,1.0,8,0.8
heloc,reduced,lightgbm,63817,370788,0.9761904761904763,3.3143960262001043e-05,0.9285714285714285,0.0003968253968253968,0.9908380952380952,5,1.0,8,0.8
heloc,reduced,lightgbm,63817,402405,1.0,0.0,0.9999999999999998,4.96031746031746e-05,0.9908380952380952,5,1.0,8,0.8
heloc,reduced,lightgbm,63817,432996,1.0,0.0,0.9999999999999998,4.96031746031746e-05,0.9908380952380952,5,1.0,8,0.8
heloc,reduced,lightgbm,63817,438858,1.0,0.0,0.9999999999999998,4.96031746031746e-05,0.9908380952380952,5,1.0,8,0.8
heloc,reduced,lightgbm,63817,443405,0.9761904761904763,3.3143960262001043e-05,0.9285714285714285,0.0003968253968253968,0.9908380952380952,5,1.0,8,0.8
heloc,reduced,lightgbm,63817,445686,1.0,0.0,0.9999999999999998,4.96031746031746e-05,0.9908380952380952,5,1.0,8,0.8
heloc,reduced,lightgbm,63817,450372,0.9761904761904763,3.3143960262001043e-05,0.9285714285714285,0.0003968253968253968,0.9908380952380952,5,1.0,8,0.8
heloc,reduced,lightgbm,63817,450451,1.0,0.0,0.9999999999999998,4.96031746031746e-05,0.9908380952380952,5,1.0,8,0.8
heloc,reduced,lightgbm,63817,500337,1.0,0.0,0.9999999999999998,4.96031746031746e-05,0.9908380952380952,5,1.0,8,0.8
heloc,reduced,lightgbm,63817,513210,1.0,0.0,0.9999999999999998,4.96031746031746e-05,0.9908380952380952,5,1.0,8,0.8
heloc,reduced,lightgbm,63817,526458,1.0,0.0,0.9999999999999998,4.96031746031746e-05,0.9908380952380952,5,1.0,8,0.8
heloc,reduced,lightgbm,63817,545418,1.0,0.0,0.9999999999999998,4.96031746031746e-05,0.9908380952380952,5,1.0,8,0.8
heloc,reduced,lightgbm,63817,554576,1.0,0.0,0.9999999999999998,4.96031746031746e-05,0.9908380952380952,5,1.0,8,0.8
heloc,reduced,lightgbm,63817,631658,1.0,0.0,0.9999999999999998,4.96031746031746e-05,0.9908380952380952,5,1.0,8,0.8
heloc,reduced,lightgbm,63817,643850,1.0,0.0,0.9999999999999998,4.96031746031746e-05,0.9908380952380952,5,1.0,8,0.8
heloc,reduced,lightgbm,63817,654541,0.9761904761904763,3.3143960262001043e-05,0.9285714285714285,0.0003968253968253968,0.9908380952380952,5,1.0,8,0.8
heloc,reduced,lightgbm,63817,677918,1.0,0.0,0.9999999999999998,4.96031746031746e-05,0.9908380952380952,5,1.0,8,0.8
heloc,reduced,lightgbm,63817,697339,1.0,0.0,0.9999999999999998,4.96031746031746e-05,0.9908380952380952,5,1.0,8,0.8
heloc,reduced,lightgbm,63817,700518,1.0,0.0,0.9999999999999998,4.96031746031746e-05,0.9908380952380952,5,1.0,8,0.8
heloc,reduced,lightgbm,63817,717452,0.9761904761904763,3.3143960262001043e-05,0.9285714285714285,0.0003968253968253968,0.9908380952380952,5,1.0,8,0.8
heloc,reduced,lightgbm,63817,735725,1.0,0.0,0.9999999999999998,4.96031746031746e-05,0.9908380952380952,5,1.0,8,0.8
heloc,reduced,lightgbm,63817,758081,1.0,0.0,0.9999999999999998,4.96031746031746e-05,0.9908380952380952,5,1.0,8,0.8
heloc,reduced,lightgbm,63817,761112,1.0,0.0,0.9999999999999998,4.96031746031746e-05,0.9908380952380952,5,1.0,8,0.8
heloc,reduced,lightgbm,63817,773919,1.0,0.0,0.9999999999999998,4.96031746031746e-05,0.9908380952380952,5,1.0,8,0.8
heloc,reduced,lightgbm,63817,778383,1.0,0.0,0.9999999999999998,4.96031746031746e-05,0.9908380952380952,5,1.0,8,0.8
heloc,reduced,lightgbm,63817,781548,1.0,0.0,0.9999999999999998,4.96031746031746e-05,0.9908380952380952,5,1.0,8,0.8
heloc,reduced,lightgbm,63817,786037,0.9761904761904763,3.3143960262001043e-05,0.9285714285714285,0.0003968253968253968,0.9908380952380952,5,1.0,8,0.8
heloc,reduced,lightgbm,63817,822743,0.9761904761904763,3.3143960262001043e-05,0.9285714285714285,0.0003968253968253968,0.9908380952380952,5,1.0,8,0.8
heloc,reduced,lightgbm,63817,827621,0.9761904761904763,3.3143960262001043e-05,0.9285714285714285,0.0003968253968253968,0.9908380952380952,5,1.0,8,0.8
heloc,reduced,lightgbm,63817,839722,1.0,0.0,0.9999999999999998,4.96031746031746e-05,0.9908380952380952,5,1.0,8,0.8
heloc,reduced,lightgbm,63817,858280,1.0,0.0,0.9999999999999998,4.96031746031746e-05,0.9908380952380952,5,1.0,8,0.8
heloc,reduced,lightgbm,63817,858560,1.0,0.0,0.9999999999999998,4.96031746031746e-05,0.9908380952380952,5,1.0,8,0.8
heloc,reduced,lightgbm,63817,887876,1.0,0.0,0.9999999999999998,4.96031746031746e-05,0.9908380952380952,5,1.0,8,0.8
heloc,reduced,lightgbm,63817,893119,1.0,0.0,0.9999999999999998,4.96031746031746e-05,0.9908380952380952,5,1.0,8,0.8
heloc,reduced,lightgbm,63817,926740,0.9761904761904763,3.3143960262001043e-05,0.9285714285714285,0.0003968253968253968,0.9908380952380952,5,1.0,8,0.8
heloc,reduced,lightgbm,63817,970694,1.0,0.0,0.9999999999999998,4.96031746031746e-05,0.9908380952380952,5,1.0,8,0.8
heloc,reduced,lightgbm,63817,975585,1.0,0.0,0.9999999999999998,4.96031746031746e-05,0.9908380952380952,5,1.0,8,0.8
heloc,reduced,lightgbm,67920,85942,1.0,0.0,0.9999999999999998,4.96031746031746e-05,0.9908380952380952,5,1.0,8,0.8
heloc,reduced,lightgbm,67920,89247,1.0,0.0,0.9999999999999998,4.96031746031746e-05,0.9908380952380952,5,1.0,8,0.8
heloc,reduced,lightgbm,67920,92135,1.0,0.0,0.9999999999999998,4.96031746031746e-05,0.9908380952380952,5,1.0,8,0.8
heloc,reduced,lightgbm,67920,94174,1.0,0.0,0.9999999999999998,4.96031746031746e-05,0.9908380952380952,5,1.0,8,0.8
heloc,reduced,lightgbm,67920,128110,0.9761904761904763,3.3143960262001043e-05,0.9285714285714285,0.0003968253968253968,0.9908380952380952,5,1.0,8,0.8
heloc,reduced,lightgbm,67920,165228,0.9761904761904763,3.3143960262001043e-05,0.9285714285714285,0.0003968253968253968,0.9908380952380952,5,1.0,8,0.8
heloc,reduced,lightgbm,67920,182545,1.0,0.0,0.9999999999999998,4.96031746031746e-05,0.9908380952380952,5,1.0,8,0.8
heloc,reduced,lightgbm,67920,201462,0.9761904761904763,3.3143960262001043e-05,0.9285714285714285,0.0003968253968253968,0.9908380952380952,5,1.0,8,0.8
heloc,reduced,lightgbm,67920,227235,0.9761904761904763,3.3143960262001043e-05,0.9285714285714285,0.0003968253968253968,0.9908380952380952,5,1.0,8,0.8
heloc,reduced,lightgbm,67920,276757,1.0,0.0,0.9999999999999998,4.96031746031746e-05,0.9908380952380952,5,1.0,8,0.8
heloc,reduced,lightgbm,67920,354524,1.0,0.0,0.9999999999999998,4.96031746031746e-05,0.9908380952380952,5,1.0,8,0.8
heloc,reduced,lightgbm,67920,370788,0.9761904761904763,3.3143960262001043e-05,0.9285714285714285,0.0003968253968253968,0.9908380952380952,5,1.0,8,0.8
heloc,reduced,lightgbm,67920,402405,1.0,0.0,0.9999999999999998,4.96031746031746e-05,0.9908380952380952,5,1.0,8,0.8
heloc,reduced,lightgbm,67920,432996,1.0,0.0,0.9999999999999998,4.96031746031746e-05,0.9908380952380952,5,1.0,8,0.8
heloc,reduced,lightgbm,67920,438858,1.0,0.0,0.9999999999999998,4.96031746031746e-05,0.9908380952380952,5,1.0,8,0.8
heloc,reduced,lightgbm,67920,443405,0.9761904761904763,3.3143960262001043e-05,0.9285714285714285,0.0003968253968253968,0.9908380952380952,5,1.0,8,0.8
heloc,reduced,lightgbm,67920,445686,1.0,0.0,0.9999999999999998,4.96031746031746e-05,0.9908380952380952,5,1.0,8,0.8
heloc,reduced,lightgbm,67920,450372,0.9761904761904763,3.3143960262001043e-05,0.9285714285714285,0.0003968253968253968,0.9908380952380952,5,1.0,8,0.8
heloc,reduced,lightgbm,67920,450451,1.0,0.0,0.9999999999999998,4.96031746031746e-05,0.9908380952380952,5,1.0,8,0.8
heloc,reduced,lightgbm,67920,500337,1.0,0.0,0.9999999999999998,4.96031746031746e-05,0.9908380952380952,5,1.0,8,0.8
heloc,reduced,lightgbm,67920,513210,1.0,0.0,0.9999999999999998,4.96031746031746e-05,0.9908380952380952,5,1.0,8,0.8
heloc,reduced,lightgbm,67920,526458,1.0,0.0,0.9999999999999998,4.96031746031746e-05,0.9908380952380952,5,1.0,8,0.8
heloc,reduced,lightgbm,67920,545418,1.0,0.0,0.9999999999999998,4.96031746031746e-05,0.9908380952380952,5,1.0,8,0.8
heloc,reduced,lightgbm,67920,554576,1.0,0.0,0.9999999999999998,4.96031746031746e-05,0.9908380952380952,5,1.0,8,0.8
heloc,reduced,lightgbm,67920,631658,1.0,0.0,0.9999999999999998,4.96031746031746e-05,0.9908380952380952,5,1.0,8,0.8
heloc,reduced,lightgbm,67920,643850,1.0,0.0,0.9999999999999998,4.96031746031746e-05,0.9908380952380952,5,1.0,8,0.8
heloc,reduced,lightgbm,67920,654541,0.9761904761904763,3.3143960262001043e-05,0.9285714285714285,0.0003968253968253968,0.9908380952380952,5,1.0,8,0.8
heloc,reduced,lightgbm,67920,677918,1.0,0.0,0.9999999999999998,4.96031746031746e-05,0.9908380952380952,5,1.0,8,0.8
heloc,reduced,lightgbm,67920,697339,1.0,0.0,0.9999999999999998,4.96031746031746e-05,0.9908380952380952,5,1.0,8,0.8
heloc,reduced,lightgbm,67920,700518,1.0,0.0,0.9999999999999998,4.96031746031746e-05,0.9908380952380952,5,1.0,8,0.8
heloc,reduced,lightgbm,67920,717452,0.9761904761904763,3.3143960262001043e-05,0.9285714285714285,0.0003968253968253968,0.9908380952380952,5,1.0,8,0.8
heloc,reduced,lightgbm,67920,735725,1.0,0.0,0.9999999999999998,4.96031746031746e-05,0.9908380952380952,5,1.0,8,0.8
heloc,reduced,lightgbm,67920,758081,1.0,0.0,0.9999999999999998,4.96031746031746e-05,0.9908380952380952,5,1.0,8,0.8
heloc,reduced,lightgbm,67920,761112,1.0,0.0,0.9999999999999998,4.96031746031746e-05,0.9908380952380952,5,1.0,8,0.8
heloc,reduced,lightgbm,67920,773919,1.0,0.0,0.9999999999999998,4.96031746031746e-05,0.9908380952380952,5,1.0,8,0.8
heloc,reduced,lightgbm,67920,778383,1.0,0.0,0.9999999999999998,4.96031746031746e-05,0.9908380952380952,5,1.0,8,0.8
heloc,reduced,lightgbm,67920,781548,1.0,0.0,0.9999999999999998,4.96031746031746e-05,0.9908380952380952,5,1.0,8,0.8
heloc,reduced,lightgbm,67920,786037,0.9761904761904763,3.3143960262001043e-05,0.9285714285714285,0.0003968253968253968,0.9908380952380952,5,1.0,8,0.8
heloc,reduced,lightgbm,67920,822743,0.9761904761904763,3.3143960262001043e-05,0.9285714285714285,0.0003968253968253968,0.9908380952380952,5,1.0,8,0.8
heloc,reduced,lightgbm,67920,827621,0.9761904761904763,3.3143960262001043e-05,0.9285714285714285,0.0003968253968253968,0.9908380952380952,5,1.0,8,0.8
heloc,reduced,lightgbm,67920,839722,1.0,0.0,0.9999999999999998,4.96031746031746e-05,0.9908380952380952,5,1.0,8,0.8
heloc,reduced,lightgbm,67920,858280,1.0,0.0,0.9999999999999998,4.96031746031746e-05,0.9908380952380952,5,1.0,8,0.8
heloc,reduced,lightgbm,67920,858560,1.0,0.0,0.9999999999999998,4.96031746031746e-05,0.9908380952380952,5,1.0,8,0.8
heloc,reduced,lightgbm,67920,887876,1.0,0.0,0.9999999999999998,4.96031746031746e-05,0.9908380952380952,5,1.0,8,0.8
heloc,reduced,lightgbm,67920,893119,1.0,0.0,0.9999999999999998,4.96031746031746e-05,0.9908380952380952,5,1.0,8,0.8
heloc,reduced,lightgbm,67920,926740,0.9761904761904763,3.3143960262001043e-05,0.9285714285714285,0.0003968253968253968,0.9908380952380952,5,1.0,8,0.8
heloc,reduced,lightgbm,67920,970694,1.0,0.0,0.9999999999999998,4.96031746031746e-05,0.9908380952380952,5,1.0,8,0.8
heloc,reduced,lightgbm,67920,975585,1.0,0.0,0.9999999999999998,4.96031746031746e-05,0.9908380952380952,5,1.0,8,0.8
heloc,reduced,lightgbm,85942,89247,1.0,0.0,0.9999999999999998,4.96031746031746e-05,0.9908380952380952,5,1.0,8,0.8
heloc,reduced,lightgbm,85942,92135,1.0,0.0,0.9999999999999998,4.96031746031746e-05,0.9908380952380952,5,1.0,8,0.8
heloc,reduced,lightgbm,85942,94174,1.0,0.0,0.9999999999999998,4.96031746031746e-05,0.9908380952380952,5,1.0,8,0.8
heloc,reduced,lightgbm,85942,128110,0.9761904761904763,3.3143960262001043e-05,0.9285714285714285,0.0003968253968253968,0.9908380952380952,5,1.0,8,0.8
heloc,reduced,lightgbm,85942,165228,0.9761904761904763,3.3143960262001043e-05,0.9285714285714285,0.0003968253968253968,0.9908380952380952,5,1.0,8,0.8
heloc,reduced,lightgbm,85942,182545,1.0,0.0,0.9999999999999998,4.96031746031746e-05,0.9908380952380952,5,1.0,8,0.8
heloc,reduced,lightgbm,85942,201462,0.9761904761904763,3.3143960262001043e-05,0.9285714285714285,0.0003968253968253968,0.9908380952380952,5,1.0,8,0.8
heloc,reduced,lightgbm,85942,227235,0.9761904761904763,3.3143960262001043e-05,0.9285714285714285,0.0003968253968253968,0.9908380952380952,5,1.0,8,0.8
heloc,reduced,lightgbm,85942,276757,1.0,0.0,0.9999999999999998,4.96031746031746e-05,0.9908380952380952,5,1.0,8,0.8
heloc,reduced,lightgbm,85942,354524,1.0,0.0,0.9999999999999998,4.96031746031746e-05,0.9908380952380952,5,1.0,8,0.8
heloc,reduced,lightgbm,85942,370788,0.9761904761904763,3.3143960262001043e-05,0.9285714285714285,0.0003968253968253968,0.9908380952380952,5,1.0,8,0.8
heloc,reduced,lightgbm,85942,402405,1.0,0.0,0.9999999999999998,4.96031746031746e-05,0.9908380952380952,5,1.0,8,0.8
heloc,reduced,lightgbm,85942,432996,1.0,0.0,0.9999999999999998,4.96031746031746e-05,0.9908380952380952,5,1.0,8,0.8
heloc,reduced,lightgbm,85942,438858,1.0,0.0,0.9999999999999998,4.96031746031746e-05,0.9908380952380952,5,1.0,8,0.8
heloc,reduced,lightgbm,85942,443405,0.9761904761904763,3.3143960262001043e-05,0.9285714285714285,0.0003968253968253968,0.9908380952380952,5,1.0,8,0.8
heloc,reduced,lightgbm,85942,445686,1.0,0.0,0.9999999999999998,4.96031746031746e-05,0.9908380952380952,5,1.0,8,0.8
heloc,reduced,lightgbm,85942,450372,0.9761904761904763,3.3143960262001043e-05,0.9285714285714285,0.0003968253968253968,0.9908380952380952,5,1.0,8,0.8
heloc,reduced,lightgbm,85942,450451,1.0,0.0,0.9999999999999998,4.96031746031746e-05,0.9908380952380952,5,1.0,8,0.8
heloc,reduced,lightgbm,85942,500337,1.0,0.0,0.9999999999999998,4.96031746031746e-05,0.9908380952380952,5,1.0,8,0.8
heloc,reduced,lightgbm,85942,513210,1.0,0.0,0.9999999999999998,4.96031746031746e-05,0.9908380952380952,5,1.0,8,0.8
heloc,reduced,lightgbm,85942,526458,1.0,0.0,0.9999999999999998,4.96031746031746e-05,0.9908380952380952,5,1.0,8,0.8
heloc,reduced,lightgbm,85942,545418,1.0,0.0,0.9999999999999998,4.96031746031746e-05,0.9908380952380952,5,1.0,8,0.8
heloc,reduced,lightgbm,85942,554576,1.0,0.0,0.9999999999999998,4.96031746031746e-05,0.9908380952380952,5,1.0,8,0.8
heloc,reduced,lightgbm,85942,631658,1.0,0.0,0.9999999999999998,4.96031746031746e-05,0.9908380952380952,5,1.0,8,0.8
heloc,reduced,lightgbm,85942,643850,1.0,0.0,0.9999999999999998,4.96031746031746e-05,0.9908380952380952,5,1.0,8,0.8
heloc,reduced,lightgbm,85942,654541,0.9761904761904763,3.3143960262001043e-05,0.9285714285714285,0.0003968253968253968,0.9908380952380952,5,1.0,8,0.8
heloc,reduced,lightgbm,85942,677918,1.0,0.0,0.9999999999999998,4.96031746031746e-05,0.9908380952380952,5,1.0,8,0.8
heloc,reduced,lightgbm,85942,697339,1.0,0.0,0.9999999999999998,4.96031746031746e-05,0.9908380952380952,5,1.0,8,0.8
heloc,reduced,lightgbm,85942,700518,1.0,0.0,0.9999999999999998,4.96031746031746e-05,0.9908380952380952,5,1.0,8,0.8
heloc,reduced,lightgbm,85942,717452,0.9761904761904763,3.3143960262001043e-05,0.9285714285714285,0.0003968253968253968,0.9908380952380952,5,1.0,8,0.8
heloc,reduced,lightgbm,85942,735725,1.0,0.0,0.9999999999999998,4.96031746031746e-05,0.9908380952380952,5,1.0,8,0.8
heloc,reduced,lightgbm,85942,758081,1.0,0.0,0.9999999999999998,4.96031746031746e-05,0.9908380952380952,5,1.0,8,0.8
heloc,reduced,lightgbm,85942,761112,1.0,0.0,0.9999999999999998,4.96031746031746e-05,0.9908380952380952,5,1.0,8,0.8
heloc,reduced,lightgbm,85942,773919,1.0,0.0,0.9999999999999998,4.96031746031746e-05,0.9908380952380952,5,1.0,8,0.8
heloc,reduced,lightgbm,85942,778383,1.0,0.0,0.9999999999999998,4.96031746031746e-05,0.9908380952380952,5,1.0,8,0.8
heloc,reduced,lightgbm,85942,781548,1.0,0.0,0.9999999999999998,4.96031746031746e-05,0.9908380952380952,5,1.0,8,0.8
heloc,reduced,lightgbm,85942,786037,0.9761904761904763,3.3143960262001043e-05,0.9285714285714285,0.0003968253968253968,0.9908380952380952,5,1.0,8,0.8
heloc,reduced,lightgbm,85942,822743,0.9761904761904763,3.3143960262001043e-05,0.9285714285714285,0.0003968253968253968,0.9908380952380952,5,1.0,8,0.8
heloc,reduced,lightgbm,85942,827621,0.9761904761904763,3.3143960262001043e-05,0.9285714285714285,0.0003968253968253968,0.9908380952380952,5,1.0,8,0.8
heloc,reduced,lightgbm,85942,839722,1.0,0.0,0.9999999999999998,4.96031746031746e-05,0.9908380952380952,5,1.0,8,0.8
heloc,reduced,lightgbm,85942,858280,1.0,0.0,0.9999999999999998,4.96031746031746e-05,0.9908380952380952,5,1.0,8,0.8
heloc,reduced,lightgbm,85942,858560,1.0,0.0,0.9999999999999998,4.96031746031746e-05,0.9908380952380952,5,1.0,8,0.8
heloc,reduced,lightgbm,85942,887876,1.0,0.0,0.9999999999999998,4.96031746031746e-05,0.9908380952380952,5,1.0,8,0.8
heloc,reduced,lightgbm,85942,893119,1.0,0.0,0.9999999999999998,4.96031746031746e-05,0.9908380952380952,5,1.0,8,0.8
heloc,reduced,lightgbm,85942,926740,0.9761904761904763,3.3143960262001043e-05,0.9285714285714285,0.0003968253968253968,0.9908380952380952,5,1.0,8,0.8
heloc,reduced,lightgbm,85942,970694,1.0,0.0,0.9999999999999998,4.96031746031746e-05,0.9908380952380952,5,1.0,8,0.8
heloc,reduced,lightgbm,85942,975585,1.0,0.0,0.9999999999999998,4.96031746031746e-05,0.9908380952380952,5,1.0,8,0.8
heloc,reduced,lightgbm,89247,92135,1.0,0.0,0.9999999999999998,4.96031746031746e-05,0.9908380952380952,5,1.0,8,0.8
heloc,reduced,lightgbm,89247,94174,1.0,0.0,0.9999999999999998,4.96031746031746e-05,0.9908380952380952,5,1.0,8,0.8
heloc,reduced,lightgbm,89247,128110,0.9761904761904763,3.3143960262001043e-05,0.9285714285714285,0.0003968253968253968,0.9908380952380952,5,1.0,8,0.8
heloc,reduced,lightgbm,89247,165228,0.9761904761904763,3.3143960262001043e-05,0.9285714285714285,0.0003968253968253968,0.9908380952380952,5,1.0,8,0.8
heloc,reduced,lightgbm,89247,182545,1.0,0.0,0.9999999999999998,4.96031746031746e-05,0.9908380952380952,5,1.0,8,0.8
heloc,reduced,lightgbm,89247,201462,0.9761904761904763,3.3143960262001043e-05,0.9285714285714285,0.0003968253968253968,0.9908380952380952,5,1.0,8,0.8
heloc,reduced,lightgbm,89247,227235,0.9761904761904763,3.3143960262001043e-05,0.9285714285714285,0.0003968253968253968,0.9908380952380952,5,1.0,8,0.8
heloc,reduced,lightgbm,89247,276757,1.0,0.0,0.9999999999999998,4.96031746031746e-05,0.9908380952380952,5,1.0,8,0.8
heloc,reduced,lightgbm,89247,354524,1.0,0.0,0.9999999999999998,4.96031746031746e-05,0.9908380952380952,5,1.0,8,0.8
heloc,reduced,lightgbm,89247,370788,0.9761904761904763,3.3143960262001043e-05,0.9285714285714285,0.0003968253968253968,0.9908380952380952,5,1.0,8,0.8
heloc,reduced,lightgbm,89247,402405,1.0,0.0,0.9999999999999998,4.96031746031746e-05,0.9908380952380952,5,1.0,8,0.8
heloc,reduced,lightgbm,89247,432996,1.0,0.0,0.9999999999999998,4.96031746031746e-05,0.9908380952380952,5,1.0,8,0.8
heloc,reduced,lightgbm,89247,438858,1.0,0.0,0.9999999999999998,4.96031746031746e-05,0.9908380952380952,5,1.0,8,0.8
heloc,reduced,lightgbm,89247,443405,0.9761904761904763,3.3143960262001043e-05,0.9285714285714285,0.0003968253968253968,0.9908380952380952,5,1.0,8,0.8
heloc,reduced,lightgbm,89247,445686,1.0,0.0,0.9999999999999998,4.96031746031746e-05,0.9908380952380952,5,1.0,8,0.8
heloc,reduced,lightgbm,89247,450372,0.9761904761904763,3.3143960262001043e-05,0.9285714285714285,0.0003968253968253968,0.9908380952380952,5,1.0,8,0.8
heloc,reduced,lightgbm,89247,450451,1.0,0.0,0.9999999999999998,4.96031746031746e-05,0.9908380952380952,5,1.0,8,0.8
heloc,reduced,lightgbm,89247,500337,1.0,0.0,0.9999999999999998,4.96031746031746e-05,0.9908380952380952,5,1.0,8,0.8
heloc,reduced,lightgbm,89247,513210,1.0,0.0,0.9999999999999998,4.96031746031746e-05,0.9908380952380952,5,1.0,8,0.8
heloc,reduced,lightgbm,89247,526458,1.0,0.0,0.9999999999999998,4.96031746031746e-05,0.9908380952380952,5,1.0,8,0.8
heloc,reduced,lightgbm,89247,545418,1.0,0.0,0.9999999999999998,4.96031746031746e-05,0.9908380952380952,5,1.0,8,0.8
heloc,reduced,lightgbm,89247,554576,1.0,0.0,0.9999999999999998,4.96031746031746e-05,0.9908380952380952,5,1.0,8,0.8
heloc,reduced,lightgbm,89247,631658,1.0,0.0,0.9999999999999998,4.96031746031746e-05,0.9908380952380952,5,1.0,8,0.8
heloc,reduced,lightgbm,89247,643850,1.0,0.0,0.9999999999999998,4.96031746031746e-05,0.9908380952380952,5,1.0,8,0.8
heloc,reduced,lightgbm,89247,654541,0.9761904761904763,3.3143960262001043e-05,0.9285714285714285,0.0003968253968253968,0.9908380952380952,5,1.0,8,0.8
heloc,reduced,lightgbm,89247,677918,1.0,0.0,0.9999999999999998,4.96031746031746e-05,0.9908380952380952,5,1.0,8,0.8
heloc,reduced,lightgbm,89247,697339,1.0,0.0,0.9999999999999998,4.96031746031746e-05,0.9908380952380952,5,1.0,8,0.8
heloc,reduced,lightgbm,89247,700518,1.0,0.0,0.9999999999999998,4.96031746031746e-05,0.9908380952380952,5,1.0,8,0.8
heloc,reduced,lightgbm,89247,717452,0.9761904761904763,3.3143960262001043e-05,0.9285714285714285,0.0003968253968253968,0.9908380952380952,5,1.0,8,0.8
heloc,reduced,lightgbm,89247,735725,1.0,0.0,0.9999999999999998,4.96031746031746e-05,0.9908380952380952,5,1.0,8,0.8
heloc,reduced,lightgbm,89247,758081,1.0,0.0,0.9999999999999998,4.96031746031746e-05,0.9908380952380952,5,1.0,8,0.8
heloc,reduced,lightgbm,89247,761112,1.0,0.0,0.9999999999999998,4.96031746031746e-05,0.9908380952380952,5,1.0,8,0.8
heloc,reduced,lightgbm,89247,773919,1.0,0.0,0.9999999999999998,4.96031746031746e-05,0.9908380952380952,5,1.0,8,0.8
heloc,reduced,lightgbm,89247,778383,1.0,0.0,0.9999999999999998,4.96031746031746e-05,0.9908380952380952,5,1.0,8,0.8
heloc,reduced,lightgbm,89247,781548,1.0,0.0,0.9999999999999998,4.96031746031746e-05,0.9908380952380952,5,1.0,8,0.8
heloc,reduced,lightgbm,89247,786037,0.9761904761904763,3.3143960262001043e-05,0.9285714285714285,0.0003968253968253968,0.9908380952380952,5,1.0,8,0.8
heloc,reduced,lightgbm,89247,822743,0.9761904761904763,3.3143960262001043e-05,0.9285714285714285,0.0003968253968253968,0.9908380952380952,5,1.0,8,0.8
heloc,reduced,lightgbm,89247,827621,0.9761904761904763,3.3143960262001043e-05,0.9285714285714285,0.0003968253968253968,0.9908380952380952,5,1.0,8,0.8
heloc,reduced,lightgbm,89247,839722,1.0,0.0,0.9999999999999998,4.96031746031746e-05,0.9908380952380952,5,1.0,8,0.8
heloc,reduced,lightgbm,89247,858280,1.0,0.0,0.9999999999999998,4.96031746031746e-05,0.9908380952380952,5,1.0,8,0.8
heloc,reduced,lightgbm,89247,858560,1.0,0.0,0.9999999999999998,4.96031746031746e-05,0.9908380952380952,5,1.0,8,0.8
heloc,reduced,lightgbm,89247,887876,1.0,0.0,0.9999999999999998,4.96031746031746e-05,0.9908380952380952,5,1.0,8,0.8
heloc,reduced,lightgbm,89247,893119,1.0,0.0,0.9999999999999998,4.96031746031746e-05,0.9908380952380952,5,1.0,8,0.8
heloc,reduced,lightgbm,89247,926740,0.9761904761904763,3.3143960262001043e-05,0.9285714285714285,0.0003968253968253968,0.9908380952380952,5,1.0,8,0.8
heloc,reduced,lightgbm,89247,970694,1.0,0.0,0.9999999999999998,4.96031746031746e-05,0.9908380952380952,5,1.0,8,0.8
heloc,reduced,lightgbm,89247,975585,1.0,0.0,0.9999999999999998,4.96031746031746e-05,0.9908380952380952,5,1.0,8,0.8
heloc,reduced,lightgbm,92135,94174,1.0,0.0,0.9999999999999998,4.96031746031746e-05,0.9908380952380952,5,1.0,8,0.8
heloc,reduced,lightgbm,92135,128110,0.9761904761904763,3.3143960262001043e-05,0.9285714285714285,0.0003968253968253968,0.9908380952380952,5,1.0,8,0.8
heloc,reduced,lightgbm,92135,165228,0.9761904761904763,3.3143960262001043e-05,0.9285714285714285,0.0003968253968253968,0.9908380952380952,5,1.0,8,0.8
heloc,reduced,lightgbm,92135,182545,1.0,0.0,0.9999999999999998,4.96031746031746e-05,0.9908380952380952,5,1.0,8,0.8
heloc,reduced,lightgbm,92135,201462,0.9761904761904763,3.3143960262001043e-05,0.9285714285714285,0.0003968253968253968,0.9908380952380952,5,1.0,8,0.8
heloc,reduced,lightgbm,92135,227235,0.9761904761904763,3.3143960262001043e-05,0.9285714285714285,0.0003968253968253968,0.9908380952380952,5,1.0,8,0.8
heloc,reduced,lightgbm,92135,276757,1.0,0.0,0.9999999999999998,4.96031746031746e-05,0.9908380952380952,5,1.0,8,0.8
heloc,reduced,lightgbm,92135,354524,1.0,0.0,0.9999999999999998,4.96031746031746e-05,0.9908380952380952,5,1.0,8,0.8
heloc,reduced,lightgbm,92135,370788,0.9761904761904763,3.3143960262001043e-05,0.9285714285714285,0.0003968253968253968,0.9908380952380952,5,1.0,8,0.8
heloc,reduced,lightgbm,92135,402405,1.0,0.0,0.9999999999999998,4.96031746031746e-05,0.9908380952380952,5,1.0,8,0.8
heloc,reduced,lightgbm,92135,432996,1.0,0.0,0.9999999999999998,4.96031746031746e-05,0.9908380952380952,5,1.0,8,0.8
heloc,reduced,lightgbm,92135,438858,1.0,0.0,0.9999999999999998,4.96031746031746e-05,0.9908380952380952,5,1.0,8,0.8
heloc,reduced,lightgbm,92135,443405,0.9761904761904763,3.3143960262001043e-05,0.9285714285714285,0.0003968253968253968,0.9908380952380952,5,1.0,8,0.8
heloc,reduced,lightgbm,92135,445686,1.0,0.0,0.9999999999999998,4.96031746031746e-05,0.9908380952380952,5,1.0,8,0.8
heloc,reduced,lightgbm,92135,450372,0.9761904761904763,3.3143960262001043e-05,0.9285714285714285,0.0003968253968253968,0.9908380952380952,5,1.0,8,0.8
heloc,reduced,lightgbm,92135,450451,1.0,0.0,0.9999999999999998,4.96031746031746e-05,0.9908380952380952,5,1.0,8,0.8
heloc,reduced,lightgbm,92135,500337,1.0,0.0,0.9999999999999998,4.96031746031746e-05,0.9908380952380952,5,1.0,8,0.8
heloc,reduced,lightgbm,92135,513210,1.0,0.0,0.9999999999999998,4.96031746031746e-05,0.9908380952380952,5,1.0,8,0.8
heloc,reduced,lightgbm,92135,526458,1.0,0.0,0.9999999999999998,4.96031746031746e-05,0.9908380952380952,5,1.0,8,0.8
heloc,reduced,lightgbm,92135,545418,1.0,0.0,0.9999999999999998,4.96031746031746e-05,0.9908380952380952,5,1.0,8,0.8
heloc,reduced,lightgbm,92135,554576,1.0,0.0,0.9999999999999998,4.96031746031746e-05,0.9908380952380952,5,1.0,8,0.8
heloc,reduced,lightgbm,92135,631658,1.0,0.0,0.9999999999999998,4.96031746031746e-05,0.9908380952380952,5,1.0,8,0.8
heloc,reduced,lightgbm,92135,643850,1.0,0.0,0.9999999999999998,4.96031746031746e-05,0.9908380952380952,5,1.0,8,0.8
heloc,reduced,lightgbm,92135,654541,0.9761904761904763,3.3143960262001043e-05,0.9285714285714285,0.0003968253968253968,0.9908380952380952,5,1.0,8,0.8
heloc,reduced,lightgbm,92135,677918,1.0,0.0,0.9999999999999998,4.96031746031746e-05,0.9908380952380952,5,1.0,8,0.8
heloc,reduced,lightgbm,92135,697339,1.0,0.0,0.9999999999999998,4.96031746031746e-05,0.9908380952380952,5,1.0,8,0.8
heloc,reduced,lightgbm,92135,700518,1.0,0.0,0.9999999999999998,4.96031746031746e-05,0.9908380952380952,5,1.0,8,0.8
heloc,reduced,lightgbm,92135,717452,0.9761904761904763,3.3143960262001043e-05,0.9285714285714285,0.0003968253968253968,0.9908380952380952,5,1.0,8,0.8
heloc,reduced,lightgbm,92135,735725,1.0,0.0,0.9999999999999998,4.96031746031746e-05,0.9908380952380952,5,1.0,8,0.8
heloc,reduced,lightgbm,92135,758081,1.0,0.0,0.9999999999999998,4.96031746031746e-05,0.9908380952380952,5,1.0,8,0.8
heloc,reduced,lightgbm,92135,761112,1.0,0.0,0.9999999999999998,4.96031746031746e-05,0.9908380952380952,5,1.0,8,0.8
heloc,reduced,lightgbm,92135,773919,1.0,0.0,0.9999999999999998,4.96031746031746e-05,0.9908380952380952,5,1.0,8,0.8
heloc,reduced,lightgbm,92135,778383,1.0,0.0,0.9999999999999998,4.96031746031746e-05,0.9908380952380952,5,1.0,8,0.8
heloc,reduced,lightgbm,92135,781548,1.0,0.0,0.9999999999999998,4.96031746031746e-05,0.9908380952380952,5,1.0,8,0.8
heloc,reduced,lightgbm,92135,786037,0.9761904761904763,3.3143960262001043e-05,0.9285714285714285,0.0003968253968253968,0.9908380952380952,5,1.0,8,0.8
heloc,reduced,lightgbm,92135,822743,0.9761904761904763,3.3143960262001043e-05,0.9285714285714285,0.0003968253968253968,0.9908380952380952,5,1.0,8,0.8
heloc,reduced,lightgbm,92135,827621,0.9761904761904763,3.3143960262001043e-05,0.9285714285714285,0.0003968253968253968,0.9908380952380952,5,1.0,8,0.8
heloc,reduced,lightgbm,92135,839722,1.0,0.0,0.9999999999999998,4.96031746031746e-05,0.9908380952380952,5,1.0,8,0.8
heloc,reduced,lightgbm,92135,858280,1.0,0.0,0.9999999999999998,4.96031746031746e-05,0.9908380952380952,5,1.0,8,0.8
heloc,reduced,lightgbm,92135,858560,1.0,0.0,0.9999999999999998,4.96031746031746e-05,0.9908380952380952,5,1.0,8,0.8
heloc,reduced,lightgbm,92135,887876,1.0,0.0,0.9999999999999998,4.96031746031746e-05,0.9908380952380952,5,1.0,8,0.8
heloc,reduced,lightgbm,92135,893119,1.0,0.0,0.9999999999999998,4.96031746031746e-05,0.9908380952380952,5,1.0,8,0.8
heloc,reduced,lightgbm,92135,926740,0.9761904761904763,3.3143960262001043e-05,0.9285714285714285,0.0003968253968253968,0.9908380952380952,5,1.0,8,0.8
heloc,reduced,lightgbm,92135,970694,1.0,0.0,0.9999999999999998,4.96031746031746e-05,0.9908380952380952,5,1.0,8,0.8
heloc,reduced,lightgbm,92135,975585,1.0,0.0,0.9999999999999998,4.96031746031746e-05,0.9908380952380952,5,1.0,8,0.8
heloc,reduced,lightgbm,94174,128110,0.9761904761904763,3.3143960262001043e-05,0.9285714285714285,0.0003968253968253968,0.9908380952380952,5,1.0,8,0.8
heloc,reduced,lightgbm,94174,165228,0.9761904761904763,3.3143960262001043e-05,0.9285714285714285,0.0003968253968253968,0.9908380952380952,5,1.0,8,0.8
heloc,reduced,lightgbm,94174,182545,1.0,0.0,0.9999999999999998,4.96031746031746e-05,0.9908380952380952,5,1.0,8,0.8
heloc,reduced,lightgbm,94174,201462,0.9761904761904763,3.3143960262001043e-05,0.9285714285714285,0.0003968253968253968,0.9908380952380952,5,1.0,8,0.8
heloc,reduced,lightgbm,94174,227235,0.9761904761904763,3.3143960262001043e-05,0.9285714285714285,0.0003968253968253968,0.9908380952380952,5,1.0,8,0.8
heloc,reduced,lightgbm,94174,276757,1.0,0.0,0.9999999999999998,4.96031746031746e-05,0.9908380952380952,5,1.0,8,0.8
heloc,reduced,lightgbm,94174,354524,1.0,0.0,0.9999999999999998,4.96031746031746e-05,0.9908380952380952,5,1.0,8,0.8
heloc,reduced,lightgbm,94174,370788,0.9761904761904763,3.3143960262001043e-05,0.9285714285714285,0.0003968253968253968,0.9908380952380952,5,1.0,8,0.8
heloc,reduced,lightgbm,94174,402405,1.0,0.0,0.9999999999999998,4.96031746031746e-05,0.9908380952380952,5,1.0,8,0.8
heloc,reduced,lightgbm,94174,432996,1.0,0.0,0.9999999999999998,4.96031746031746e-05,0.9908380952380952,5,1.0,8,0.8
heloc,reduced,lightgbm,94174,438858,1.0,0.0,0.9999999999999998,4.96031746031746e-05,0.9908380952380952,5,1.0,8,0.8
heloc,reduced,lightgbm,94174,443405,0.9761904761904763,3.3143960262001043e-05,0.9285714285714285,0.0003968253968253968,0.9908380952380952,5,1.0,8,0.8
heloc,reduced,lightgbm,94174,445686,1.0,0.0,0.9999999999999998,4.96031746031746e-05,0.9908380952380952,5,1.0,8,0.8
heloc,reduced,lightgbm,94174,450372,0.9761904761904763,3.3143960262001043e-05,0.9285714285714285,0.0003968253968253968,0.9908380952380952,5,1.0,8,0.8
heloc,reduced,lightgbm,94174,450451,1.0,0.0,0.9999999999999998,4.96031746031746e-05,0.9908380952380952,5,1.0,8,0.8
heloc,reduced,lightgbm,94174,500337,1.0,0.0,0.9999999999999998,4.96031746031746e-05,0.9908380952380952,5,1.0,8,0.8
heloc,reduced,lightgbm,94174,513210,1.0,0.0,0.9999999999999998,4.96031746031746e-05,0.9908380952380952,5,1.0,8,0.8
heloc,reduced,lightgbm,94174,526458,1.0,0.0,0.9999999999999998,4.96031746031746e-05,0.9908380952380952,5,1.0,8,0.8
heloc,reduced,lightgbm,94174,545418,1.0,0.0,0.9999999999999998,4.96031746031746e-05,0.9908380952380952,5,1.0,8,0.8
heloc,reduced,lightgbm,94174,554576,1.0,0.0,0.9999999999999998,4.96031746031746e-05,0.9908380952380952,5,1.0,8,0.8
heloc,reduced,lightgbm,94174,631658,1.0,0.0,0.9999999999999998,4.96031746031746e-05,0.9908380952380952,5,1.0,8,0.8
heloc,reduced,lightgbm,94174,643850,1.0,0.0,0.9999999999999998,4.96031746031746e-05,0.9908380952380952,5,1.0,8,0.8
heloc,reduced,lightgbm,94174,654541,0.9761904761904763,3.3143960262001043e-05,0.9285714285714285,0.0003968253968253968,0.9908380952380952,5,1.0,8,0.8
heloc,reduced,lightgbm,94174,677918,1.0,0.0,0.9999999999999998,4.96031746031746e-05,0.9908380952380952,5,1.0,8,0.8
heloc,reduced,lightgbm,94174,697339,1.0,0.0,0.9999999999999998,4.96031746031746e-05,0.9908380952380952,5,1.0,8,0.8
heloc,reduced,lightgbm,94174,700518,1.0,0.0,0.9999999999999998,4.96031746031746e-05,0.9908380952380952,5,1.0,8,0.8
heloc,reduced,lightgbm,94174,717452,0.9761904761904763,3.3143960262001043e-05,0.9285714285714285,0.0003968253968253968,0.9908380952380952,5,1.0,8,0.8
heloc,reduced,lightgbm,94174,735725,1.0,0.0,0.9999999999999998,4.96031746031746e-05,0.9908380952380952,5,1.0,8,0.8
heloc,reduced,lightgbm,94174,758081,1.0,0.0,0.9999999999999998,4.96031746031746e-05,0.9908380952380952,5,1.0,8,0.8
heloc,reduced,lightgbm,94174,761112,1.0,0.0,0.9999999999999998,4.96031746031746e-05,0.9908380952380952,5,1.0,8,0.8
heloc,reduced,lightgbm,94174,773919,1.0,0.0,0.9999999999999998,4.96031746031746e-05,0.9908380952380952,5,1.0,8,0.8
heloc,reduced,lightgbm,94174,778383,1.0,0.0,0.9999999999999998,4.96031746031746e-05,0.9908380952380952,5,1.0,8,0.8
heloc,reduced,lightgbm,94174,781548,1.0,0.0,0.9999999999999998,4.96031746031746e-05,0.9908380952380952,5,1.0,8,0.8
heloc,reduced,lightgbm,94174,786037,0.9761904761904763,3.3143960262001043e-05,0.9285714285714285,0.0003968253968253968,0.9908380952380952,5,1.0,8,0.8
heloc,reduced,lightgbm,94174,822743,0.9761904761904763,3.3143960262001043e-05,0.9285714285714285,0.0003968253968253968,0.9908380952380952,5,1.0,8,0.8
heloc,reduced,lightgbm,94174,827621,0.9761904761904763,3.3143960262001043e-05,0.9285714285714285,0.0003968253968253968,0.9908380952380952,5,1.0,8,0.8
heloc,reduced,lightgbm,94174,839722,1.0,0.0,0.9999999999999998,4.96031746031746e-05,0.9908380952380952,5,1.0,8,0.8
heloc,reduced,lightgbm,94174,858280,1.0,0.0,0.9999999999999998,4.96031746031746e-05,0.9908380952380952,5,1.0,8,0.8
heloc,reduced,lightgbm,94174,858560,1.0,0.0,0.9999999999999998,4.96031746031746e-05,0.9908380952380952,5,1.0,8,0.8
heloc,reduced,lightgbm,94174,887876,1.0,0.0,0.9999999999999998,4.96031746031746e-05,0.9908380952380952,5,1.0,8,0.8
heloc,reduced,lightgbm,94174,893119,1.0,0.0,0.9999999999999998,4.96031746031746e-05,0.9908380952380952,5,1.0,8,0.8
heloc,reduced,lightgbm,94174,926740,0.9761904761904763,3.3143960262001043e-05,0.9285714285714285,0.0003968253968253968,0.9908380952380952,5,1.0,8,0.8
heloc,reduced,lightgbm,94174,970694,1.0,0.0,0.9999999999999998,4.96031746031746e-05,0.9908380952380952,5,1.0,8,0.8
heloc,reduced,lightgbm,94174,975585,1.0,0.0,0.9999999999999998,4.96031746031746e-05,0.9908380952380952,5,1.0,8,0.8
heloc,reduced,lightgbm,128110,165228,1.0,0.0,0.9999999999999998,4.96031746031746e-05,0.9908380952380952,5,1.0,8,0.8
heloc,reduced,lightgbm,128110,182545,0.9761904761904763,3.3143960262001043e-05,0.9285714285714285,0.0003968253968253968,0.9908380952380952,5,1.0,8,0.8
heloc,reduced,lightgbm,128110,201462,1.0,0.0,0.9999999999999998,4.96031746031746e-05,0.9908380952380952,5,1.0,8,0.8
heloc,reduced,lightgbm,128110,227235,1.0,0.0,0.9999999999999998,4.96031746031746e-05,0.9908380952380952,5,1.0,8,0.8
heloc,reduced,lightgbm,128110,276757,0.9761904761904763,3.3143960262001043e-05,0.9285714285714285,0.0003968253968253968,0.9908380952380952,5,1.0,8,0.8
heloc,reduced,lightgbm,128110,354524,0.9761904761904763,3.3143960262001043e-05,0.9285714285714285,0.0003968253968253968,0.9908380952380952,5,1.0,8,0.8
heloc,reduced,lightgbm,128110,370788,1.0,0.0,0.9999999999999998,4.96031746031746e-05,0.9908380952380952,5,1.0,8,0.8
heloc,reduced,lightgbm,128110,402405,0.9761904761904763,3.3143960262001043e-05,0.9285714285714285,0.0003968253968253968,0.9908380952380952,5,1.0,8,0.8
heloc,reduced,lightgbm,128110,432996,0.9761904761904763,3.3143960262001043e-05,0.9285714285714285,0.0003968253968253968,0.9908380952380952,5,1.0,8,0.8
heloc,reduced,lightgbm,128110,438858,0.9761904761904763,3.3143960262001043e-05,0.9285714285714285,0.0003968253968253968,0.9908380952380952,5,1.0,8,0.8
heloc,reduced,lightgbm,128110,443405,1.0,0.0,0.9999999999999998,4.96031746031746e-05,0.9908380952380952,5,1.0,8,0.8
heloc,reduced,lightgbm,128110,445686,0.9761904761904763,3.3143960262001043e-05,0.9285714285714285,0.0003968253968253968,0.9908380952380952,5,1.0,8,0.8
heloc,reduced,lightgbm,128110,450372,1.0,0.0,0.9999999999999998,4.96031746031746e-05,0.9908380952380952,5,1.0,8,0.8
heloc,reduced,lightgbm,128110,450451,0.9761904761904763,3.3143960262001043e-05,0.9285714285714285,0.0003968253968253968,0.9908380952380952,5,1.0,8,0.8
heloc,reduced,lightgbm,128110,500337,0.9761904761904763,3.3143960262001043e-05,0.9285714285714285,0.0003968253968253968,0.9908380952380952,5,1.0,8,0.8
heloc,reduced,lightgbm,128110,513210,0.9761904761904763,3.3143960262001043e-05,0.9285714285714285,0.0003968253968253968,0.9908380952380952,5,1.0,8,0.8
heloc,reduced,lightgbm,128110,526458,0.9761904761904763,3.3143960262001043e-05,0.9285714285714285,0.0003968253968253968,0.9908380952380952,5,1.0,8,0.8
heloc,reduced,lightgbm,128110,545418,0.9761904761904763,3.3143960262001043e-05,0.9285714285714285,0.0003968253968253968,0.9908380952380952,5,1.0,8,0.8
heloc,reduced,lightgbm,128110,554576,0.9761904761904763,3.3143960262001043e-05,0.9285714285714285,0.0003968253968253968,0.9908380952380952,5,1.0,8,0.8
heloc,reduced,lightgbm,128110,631658,0.9761904761904763,3.3143960262001043e-05,0.9285714285714285,0.0003968253968253968,0.9908380952380952,5,1.0,8,0.8
heloc,reduced,lightgbm,128110,643850,0.9761904761904763,3.3143960262001043e-05,0.9285714285714285,0.0003968253968253968,0.9908380952380952,5,1.0,8,0.8
heloc,reduced,lightgbm,128110,654541,1.0,0.0,0.9999999999999998,4.96031746031746e-05,0.9908380952380952,5,1.0,8,0.8
heloc,reduced,lightgbm,128110,677918,0.9761904761904763,3.3143960262001043e-05,0.9285714285714285,0.0003968253968253968,0.9908380952380952,5,1.0,8,0.8
heloc,reduced,lightgbm,128110,697339,0.9761904761904763,3.3143960262001043e-05,0.9285714285714285,0.0003968253968253968,0.9908380952380952,5,1.0,8,0.8
heloc,reduced,lightgbm,128110,700518,0.9761904761904763,3.3143960262001043e-05,0.9285714285714285,0.0003968253968253968,0.9908380952380952,5,1.0,8,0.8
heloc,reduced,lightgbm,128110,717452,1.0,0.0,0.9999999999999998,4.96031746031746e-05,0.9908380952380952,5,1.0,8,0.8
heloc,reduced,lightgbm,128110,735725,0.9761904761904763,3.3143960262001043e-05,0.9285714285714285,0.0003968253968253968,0.9908380952380952,5,1.0,8,0.8
heloc,reduced,lightgbm,128110,758081,0.9761904761904763,3.3143960262001043e-05,0.9285714285714285,0.0003968253968253968,0.9908380952380952,5,1.0,8,0.8
heloc,reduced,lightgbm,128110,761112,0.9761904761904763,3.3143960262001043e-05,0.9285714285714285,0.0003968253968253968,0.9908380952380952,5,1.0,8,0.8
heloc,reduced,lightgbm,128110,773919,0.9761904761904763,3.3143960262001043e-05,0.9285714285714285,0.0003968253968253968,0.9908380952380952,5,1.0,8,0.8
heloc,reduced,lightgbm,128110,778383,0.9761904761904763,3.3143960262001043e-05,0.9285714285714285,0.0003968253968253968,0.9908380952380952,5,1.0,8,0.8
heloc,reduced,lightgbm,128110,781548,0.9761904761904763,3.3143960262001043e-05,0.9285714285714285,0.0003968253968253968,0.9908380952380952,5,1.0,8,0.8
heloc,reduced,lightgbm,128110,786037,1.0,0.0,0.9999999999999998,4.96031746031746e-05,0.9908380952380952,5,1.0,8,0.8
heloc,reduced,lightgbm,128110,822743,1.0,0.0,0.9999999999999998,4.96031746031746e-05,0.9908380952380952,5,1.0,8,0.8
heloc,reduced,lightgbm,128110,827621,1.0,0.0,0.9999999999999998,4.96031746031746e-05,0.9908380952380952,5,1.0,8,0.8
heloc,reduced,lightgbm,128110,839722,0.9761904761904763,3.3143960262001043e-05,0.9285714285714285,0.0003968253968253968,0.9908380952380952,5,1.0,8,0.8
heloc,reduced,lightgbm,128110,858280,0.9761904761904763,3.3143960262001043e-05,0.9285714285714285,0.0003968253968253968,0.9908380952380952,5,1.0,8,0.8
heloc,reduced,lightgbm,128110,858560,0.9761904761904763,3.3143960262001043e-05,0.9285714285714285,0.0003968253968253968,0.9908380952380952,5,1.0,8,0.8
heloc,reduced,lightgbm,128110,887876,0.9761904761904763,3.3143960262001043e-05,0.9285714285714285,0.0003968253968253968,0.9908380952380952,5,1.0,8,0.8
heloc,reduced,lightgbm,128110,893119,0.9761904761904763,3.3143960262001043e-05,0.9285714285714285,0.0003968253968253968,0.9908380952380952,5,1.0,8,0.8
heloc,reduced,lightgbm,128110,926740,1.0,0.0,0.9999999999999998,4.96031746031746e-05,0.9908380952380952,5,1.0,8,0.8
heloc,reduced,lightgbm,128110,970694,0.9761904761904763,3.3143960262001043e-05,0.9285714285714285,0.0003968253968253968,0.9908380952380952,5,1.0,8,0.8
heloc,reduced,lightgbm,128110,975585,0.9761904761904763,3.3143960262001043e-05,0.9285714285714285,0.0003968253968253968,0.9908380952380952,5,1.0,8,0.8
heloc,reduced,lightgbm,165228,182545,0.9761904761904763,3.3143960262001043e-05,0.9285714285714285,0.0003968253968253968,0.9908380952380952,5,1.0,8,0.8
heloc,reduced,lightgbm,165228,201462,1.0,0.0,0.9999999999999998,4.96031746031746e-05,0.9908380952380952,5,1.0,8,0.8
heloc,reduced,lightgbm,165228,227235,1.0,0.0,0.9999999999999998,4.96031746031746e-05,0.9908380952380952,5,1.0,8,0.8
heloc,reduced,lightgbm,165228,276757,0.9761904761904763,3.3143960262001043e-05,0.9285714285714285,0.0003968253968253968,0.9908380952380952,5,1.0,8,0.8
heloc,reduced,lightgbm,165228,354524,0.9761904761904763,3.3143960262001043e-05,0.9285714285714285,0.0003968253968253968,0.9908380952380952,5,1.0,8,0.8
heloc,reduced,lightgbm,165228,370788,1.0,0.0,0.9999999999999998,4.96031746031746e-05,0.9908380952380952,5,1.0,8,0.8
heloc,reduced,lightgbm,165228,402405,0.9761904761904763,3.3143960262001043e-05,0.9285714285714285,0.0003968253968253968,0.9908380952380952,5,1.0,8,0.8
heloc,reduced,lightgbm,165228,432996,0.9761904761904763,3.3143960262001043e-05,0.9285714285714285,0.0003968253968253968,0.9908380952380952,5,1.0,8,0.8
heloc,reduced,lightgbm,165228,438858,0.9761904761904763,3.3143960262001043e-05,0.9285714285714285,0.0003968253968253968,0.9908380952380952,5,1.0,8,0.8
heloc,reduced,lightgbm,165228,443405,1.0,0.0,0.9999999999999998,4.96031746031746e-05,0.9908380952380952,5,1.0,8,0.8
heloc,reduced,lightgbm,165228,445686,0.9761904761904763,3.3143960262001043e-05,0.9285714285714285,0.0003968253968253968,0.9908380952380952,5,1.0,8,0.8
heloc,reduced,lightgbm,165228,450372,1.0,0.0,0.9999999999999998,4.96031746031746e-05,0.9908380952380952,5,1.0,8,0.8
heloc,reduced,lightgbm,165228,450451,0.9761904761904763,3.3143960262001043e-05,0.9285714285714285,0.0003968253968253968,0.9908380952380952,5,1.0,8,0.8
heloc,reduced,lightgbm,165228,500337,0.9761904761904763,3.3143960262001043e-05,0.9285714285714285,0.0003968253968253968,0.9908380952380952,5,1.0,8,0.8
heloc,reduced,lightgbm,165228,513210,0.9761904761904763,3.3143960262001043e-05,0.9285714285714285,0.0003968253968253968,0.9908380952380952,5,1.0,8,0.8
heloc,reduced,lightgbm,165228,526458,0.9761904761904763,3.3143960262001043e-05,0.9285714285714285,0.0003968253968253968,0.9908380952380952,5,1.0,8,0.8
heloc,reduced,lightgbm,165228,545418,0.9761904761904763,3.3143960262001043e-05,0.9285714285714285,0.0003968253968253968,0.9908380952380952,5,1.0,8,0.8
heloc,reduced,lightgbm,165228,554576,0.9761904761904763,3.3143960262001043e-05,0.9285714285714285,0.0003968253968253968,0.9908380952380952,5,1.0,8,0.8
heloc,reduced,lightgbm,165228,631658,0.9761904761904763,3.3143960262001043e-05,0.9285714285714285,0.0003968253968253968,0.9908380952380952,5,1.0,8,0.8
heloc,reduced,lightgbm,165228,643850,0.9761904761904763,3.3143960262001043e-05,0.9285714285714285,0.0003968253968253968,0.9908380952380952,5,1.0,8,0.8
heloc,reduced,lightgbm,165228,654541,1.0,0.0,0.9999999999999998,4.96031746031746e-05,0.9908380952380952,5,1.0,8,0.8
heloc,reduced,lightgbm,165228,677918,0.9761904761904763,3.3143960262001043e-05,0.9285714285714285,0.0003968253968253968,0.9908380952380952,5,1.0,8,0.8
heloc,reduced,lightgbm,165228,697339,0.9761904761904763,3.3143960262001043e-05,0.9285714285714285,0.0003968253968253968,0.9908380952380952,5,1.0,8,0.8
heloc,reduced,lightgbm,165228,700518,0.9761904761904763,3.3143960262001043e-05,0.9285714285714285,0.0003968253968253968,0.9908380952380952,5,1.0,8,0.8
heloc,reduced,lightgbm,165228,717452,1.0,0.0,0.9999999999999998,4.96031746031746e-05,0.9908380952380952,5,1.0,8,0.8
heloc,reduced,lightgbm,165228,735725,0.9761904761904763,3.3143960262001043e-05,0.9285714285714285,0.0003968253968253968,0.9908380952380952,5,1.0,8,0.8
heloc,reduced,lightgbm,165228,758081,0.9761904761904763,3.3143960262001043e-05,0.9285714285714285,0.0003968253968253968,0.9908380952380952,5,1.0,8,0.8
heloc,reduced,lightgbm,165228,761112,0.9761904761904763,3.3143960262001043e-05,0.9285714285714285,0.0003968253968253968,0.9908380952380952,5,1.0,8,0.8
heloc,reduced,lightgbm,165228,773919,0.9761904761904763,3.3143960262001043e-05,0.9285714285714285,0.0003968253968253968,0.9908380952380952,5,1.0,8,0.8
heloc,reduced,lightgbm,165228,778383,0.9761904761904763,3.3143960262001043e-05,0.9285714285714285,0.0003968253968253968,0.9908380952380952,5,1.0,8,0.8
heloc,reduced,lightgbm,165228,781548,0.9761904761904763,3.3143960262001043e-05,0.9285714285714285,0.0003968253968253968,0.9908380952380952,5,1.0,8,0.8
heloc,reduced,lightgbm,165228,786037,1.0,0.0,0.9999999999999998,4.96031746031746e-05,0.9908380952380952,5,1.0,8,0.8
heloc,reduced,lightgbm,165228,822743,1.0,0.0,0.9999999999999998,4.96031746031746e-05,0.9908380952380952,5,1.0,8,0.8
heloc,reduced,lightgbm,165228,827621,1.0,0.0,0.9999999999999998,4.96031746031746e-05,0.9908380952380952,5,1.0,8,0.8
heloc,reduced,lightgbm,165228,839722,0.9761904761904763,3.3143960262001043e-05,0.9285714285714285,0.0003968253968253968,0.9908380952380952,5,1.0,8,0.8
heloc,reduced,lightgbm,165228,858280,0.9761904761904763,3.3143960262001043e-05,0.9285714285714285,0.0003968253968253968,0.9908380952380952,5,1.0,8,0.8
heloc,reduced,lightgbm,165228,858560,0.9761904761904763,3.3143960262001043e-05,0.9285714285714285,0.0003968253968253968,0.9908380952380952,5,1.0,8,0.8
heloc,reduced,lightgbm,165228,887876,0.9761904761904763,3.3143960262001043e-05,0.9285714285714285,0.0003968253968253968,0.9908380952380952,5,1.0,8,0.8
heloc,reduced,lightgbm,165228,893119,0.9761904761904763,3.3143960262001043e-05,0.9285714285714285,0.0003968253968253968,0.9908380952380952,5,1.0,8,0.8
heloc,reduced,lightgbm,165228,926740,1.0,0.0,0.9999999999999998,4.96031746031746e-05,0.9908380952380952,5,1.0,8,0.8
heloc,reduced,lightgbm,165228,970694,0.9761904761904763,3.3143960262001043e-05,0.9285714285714285,0.0003968253968253968,0.9908380952380952,5,1.0,8,0.8
heloc,reduced,lightgbm,165228,975585,0.9761904761904763,3.3143960262001043e-05,0.9285714285714285,0.0003968253968253968,0.9908380952380952,5,1.0,8,0.8
heloc,reduced,lightgbm,182545,201462,0.9761904761904763,3.3143960262001043e-05,0.9285714285714285,0.0003968253968253968,0.9908380952380952,5,1.0,8,0.8
heloc,reduced,lightgbm,182545,227235,0.9761904761904763,3.3143960262001043e-05,0.9285714285714285,0.0003968253968253968,0.9908380952380952,5,1.0,8,0.8
heloc,reduced,lightgbm,182545,276757,1.0,0.0,0.9999999999999998,4.96031746031746e-05,0.9908380952380952,5,1.0,8,0.8
heloc,reduced,lightgbm,182545,354524,1.0,0.0,0.9999999999999998,4.96031746031746e-05,0.9908380952380952,5,1.0,8,0.8
heloc,reduced,lightgbm,182545,370788,0.9761904761904763,3.3143960262001043e-05,0.9285714285714285,0.0003968253968253968,0.9908380952380952,5,1.0,8,0.8
heloc,reduced,lightgbm,182545,402405,1.0,0.0,0.9999999999999998,4.96031746031746e-05,0.9908380952380952,5,1.0,8,0.8
heloc,reduced,lightgbm,182545,432996,1.0,0.0,0.9999999999999998,4.96031746031746e-05,0.9908380952380952,5,1.0,8,0.8
heloc,reduced,lightgbm,182545,438858,1.0,0.0,0.9999999999999998,4.96031746031746e-05,0.9908380952380952,5,1.0,8,0.8
heloc,reduced,lightgbm,182545,443405,0.9761904761904763,3.3143960262001043e-05,0.9285714285714285,0.0003968253968253968,0.9908380952380952,5,1.0,8,0.8
heloc,reduced,lightgbm,182545,445686,1.0,0.0,0.9999999999999998,4.96031746031746e-05,0.9908380952380952,5,1.0,8,0.8
heloc,reduced,lightgbm,182545,450372,0.9761904761904763,3.3143960262001043e-05,0.9285714285714285,0.0003968253968253968,0.9908380952380952,5,1.0,8,0.8
heloc,reduced,lightgbm,182545,450451,1.0,0.0,0.9999999999999998,4.96031746031746e-05,0.9908380952380952,5,1.0,8,0.8
heloc,reduced,lightgbm,182545,500337,1.0,0.0,0.9999999999999998,4.96031746031746e-05,0.9908380952380952,5,1.0,8,0.8
heloc,reduced,lightgbm,182545,513210,1.0,0.0,0.9999999999999998,4.96031746031746e-05,0.9908380952380952,5,1.0,8,0.8
heloc,reduced,lightgbm,182545,526458,1.0,0.0,0.9999999999999998,4.96031746031746e-05,0.9908380952380952,5,1.0,8,0.8
heloc,reduced,lightgbm,182545,545418,1.0,0.0,0.9999999999999998,4.96031746031746e-05,0.9908380952380952,5,1.0,8,0.8
heloc,reduced,lightgbm,182545,554576,1.0,0.0,0.9999999999999998,4.96031746031746e-05,0.9908380952380952,5,1.0,8,0.8
heloc,reduced,lightgbm,182545,631658,1.0,0.0,0.9999999999999998,4.96031746031746e-05,0.9908380952380952,5,1.0,8,0.8
heloc,reduced,lightgbm,182545,643850,1.0,0.0,0.9999999999999998,4.96031746031746e-05,0.9908380952380952,5,1.0,8,0.8
heloc,reduced,lightgbm,182545,654541,0.9761904761904763,3.3143960262001043e-05,0.9285714285714285,0.0003968253968253968,0.9908380952380952,5,1.0,8,0.8
heloc,reduced,lightgbm,182545,677918,1.0,0.0,0.9999999999999998,4.96031746031746e-05,0.9908380952380952,5,1.0,8,0.8
heloc,reduced,lightgbm,182545,697339,1.0,0.0,0.9999999999999998,4.96031746031746e-05,0.9908380952380952,5,1.0,8,0.8
heloc,reduced,lightgbm,182545,700518,1.0,0.0,0.9999999999999998,4.96031746031746e-05,0.9908380952380952,5,1.0,8,0.8
heloc,reduced,lightgbm,182545,717452,0.9761904761904763,3.3143960262001043e-05,0.9285714285714285,0.0003968253968253968,0.9908380952380952,5,1.0,8,0.8
heloc,reduced,lightgbm,182545,735725,1.0,0.0,0.9999999999999998,4.96031746031746e-05,0.9908380952380952,5,1.0,8,0.8
heloc,reduced,lightgbm,182545,758081,1.0,0.0,0.9999999999999998,4.96031746031746e-05,0.9908380952380952,5,1.0,8,0.8
heloc,reduced,lightgbm,182545,761112,1.0,0.0,0.9999999999999998,4.96031746031746e-05,0.9908380952380952,5,1.0,8,0.8
heloc,reduced,lightgbm,182545,773919,1.0,0.0,0.9999999999999998,4.96031746031746e-05,0.9908380952380952,5,1.0,8,0.8
heloc,reduced,lightgbm,182545,778383,1.0,0.0,0.9999999999999998,4.96031746031746e-05,0.9908380952380952,5,1.0,8,0.8
heloc,reduced,lightgbm,182545,781548,1.0,0.0,0.9999999999999998,4.96031746031746e-05,0.9908380952380952,5,1.0,8,0.8
heloc,reduced,lightgbm,182545,786037,0.9761904761904763,3.3143960262001043e-05,0.9285714285714285,0.0003968253968253968,0.9908380952380952,5,1.0,8,0.8
heloc,reduced,lightgbm,182545,822743,0.9761904761904763,3.3143960262001043e-05,0.9285714285714285,0.0003968253968253968,0.9908380952380952,5,1.0,8,0.8
heloc,reduced,lightgbm,182545,827621,0.9761904761904763,3.3143960262001043e-05,0.9285714285714285,0.0003968253968253968,0.9908380952380952,5,1.0,8,0.8
heloc,reduced,lightgbm,182545,839722,1.0,0.0,0.9999999999999998,4.96031746031746e-05,0.9908380952380952,5,1.0,8,0.8
heloc,reduced,lightgbm,182545,858280,1.0,0.0,0.9999999999999998,4.96031746031746e-05,0.9908380952380952,5,1.0,8,0.8
heloc,reduced,lightgbm,182545,858560,1.0,0.0,0.9999999999999998,4.96031746031746e-05,0.9908380952380952,5,1.0,8,0.8
heloc,reduced,lightgbm,182545,887876,1.0,0.0,0.9999999999999998,4.96031746031746e-05,0.9908380952380952,5,1.0,8,0.8
heloc,reduced,lightgbm,182545,893119,1.0,0.0,0.9999999999999998,4.96031746031746e-05,0.9908380952380952,5,1.0,8,0.8
heloc,reduced,lightgbm,182545,926740,0.9761904761904763,3.3143960262001043e-05,0.9285714285714285,0.0003968253968253968,0.9908380952380952,5,1.0,8,0.8
heloc,reduced,lightgbm,182545,970694,1.0,0.0,0.9999999999999998,4.96031746031746e-05,0.9908380952380952,5,1.0,8,0.8
heloc,reduced,lightgbm,182545,975585,1.0,0.0,0.9999999999999998,4.96031746031746e-05,0.9908380952380952,5,1.0,8,0.8
heloc,reduced,lightgbm,201462,227235,1.0,0.0,0.9999999999999998,4.96031746031746e-05,0.9908380952380952,5,1.0,8,0.8
heloc,reduced,lightgbm,201462,276757,0.9761904761904763,3.3143960262001043e-05,0.9285714285714285,0.0003968253968253968,0.9908380952380952,5,1.0,8,0.8
heloc,reduced,lightgbm,201462,354524,0.9761904761904763,3.3143960262001043e-05,0.9285714285714285,0.0003968253968253968,0.9908380952380952,5,1.0,8,0.8
heloc,reduced,lightgbm,201462,370788,1.0,0.0,0.9999999999999998,4.96031746031746e-05,0.9908380952380952,5,1.0,8,0.8
heloc,reduced,lightgbm,201462,402405,0.9761904761904763,3.3143960262001043e-05,0.9285714285714285,0.0003968253968253968,0.9908380952380952,5,1.0,8,0.8
heloc,reduced,lightgbm,201462,432996,0.9761904761904763,3.3143960262001043e-05,0.9285714285714285,0.0003968253968253968,0.9908380952380952,5,1.0,8,0.8
heloc,reduced,lightgbm,201462,438858,0.9761904761904763,3.3143960262001043e-05,0.9285714285714285,0.0003968253968253968,0.9908380952380952,5,1.0,8,0.8
heloc,reduced,lightgbm,201462,443405,1.0,0.0,0.9999999999999998,4.96031746031746e-05,0.9908380952380952,5,1.0,8,0.8
heloc,reduced,lightgbm,201462,445686,0.9761904761904763,3.3143960262001043e-05,0.9285714285714285,0.0003968253968253968,0.9908380952380952,5,1.0,8,0.8
heloc,reduced,lightgbm,201462,450372,1.0,0.0,0.9999999999999998,4.96031746031746e-05,0.9908380952380952,5,1.0,8,0.8
heloc,reduced,lightgbm,201462,450451,0.9761904761904763,3.3143960262001043e-05,0.9285714285714285,0.0003968253968253968,0.9908380952380952,5,1.0,8,0.8
heloc,reduced,lightgbm,201462,500337,0.9761904761904763,3.3143960262001043e-05,0.9285714285714285,0.0003968253968253968,0.9908380952380952,5,1.0,8,0.8
heloc,reduced,lightgbm,201462,513210,0.9761904761904763,3.3143960262001043e-05,0.9285714285714285,0.0003968253968253968,0.9908380952380952,5,1.0,8,0.8
heloc,reduced,lightgbm,201462,526458,0.9761904761904763,3.3143960262001043e-05,0.9285714285714285,0.0003968253968253968,0.9908380952380952,5,1.0,8,0.8
heloc,reduced,lightgbm,201462,545418,0.9761904761904763,3.3143960262001043e-05,0.9285714285714285,0.0003968253968253968,0.9908380952380952,5,1.0,8,0.8
heloc,reduced,lightgbm,201462,554576,0.9761904761904763,3.3143960262001043e-05,0.9285714285714285,0.0003968253968253968,0.9908380952380952,5,1.0,8,0.8
heloc,reduced,lightgbm,201462,631658,0.9761904761904763,3.3143960262001043e-05,0.9285714285714285,0.0003968253968253968,0.9908380952380952,5,1.0,8,0.8
heloc,reduced,lightgbm,201462,643850,0.9761904761904763,3.3143960262001043e-05,0.9285714285714285,0.0003968253968253968,0.9908380952380952,5,1.0,8,0.8
heloc,reduced,lightgbm,201462,654541,1.0,0.0,0.9999999999999998,4.96031746031746e-05,0.9908380952380952,5,1.0,8,0.8
heloc,reduced,lightgbm,201462,677918,0.9761904761904763,3.3143960262001043e-05,0.9285714285714285,0.0003968253968253968,0.9908380952380952,5,1.0,8,0.8
heloc,reduced,lightgbm,201462,697339,0.9761904761904763,3.3143960262001043e-05,0.9285714285714285,0.0003968253968253968,0.9908380952380952,5,1.0,8,0.8
heloc,reduced,lightgbm,201462,700518,0.9761904761904763,3.3143960262001043e-05,0.9285714285714285,0.0003968253968253968,0.9908380952380952,5,1.0,8,0.8
heloc,reduced,lightgbm,201462,717452,1.0,0.0,0.9999999999999998,4.96031746031746e-05,0.9908380952380952,5,1.0,8,0.8
heloc,reduced,lightgbm,201462,735725,0.9761904761904763,3.3143960262001043e-05,0.9285714285714285,0.0003968253968253968,0.9908380952380952,5,1.0,8,0.8
heloc,reduced,lightgbm,201462,758081,0.9761904761904763,3.3143960262001043e-05,0.9285714285714285,0.0003968253968253968,0.9908380952380952,5,1.0,8,0.8
heloc,reduced,lightgbm,201462,761112,0.9761904761904763,3.3143960262001043e-05,0.9285714285714285,0.0003968253968253968,0.9908380952380952,5,1.0,8,0.8
heloc,reduced,lightgbm,201462,773919,0.9761904761904763,3.3143960262001043e-05,0.9285714285714285,0.0003968253968253968,0.9908380952380952,5,1.0,8,0.8
heloc,reduced,lightgbm,201462,778383,0.9761904761904763,3.3143960262001043e-05,0.9285714285714285,0.0003968253968253968,0.9908380952380952,5,1.0,8,0.8
heloc,reduced,lightgbm,201462,781548,0.9761904761904763,3.3143960262001043e-05,0.9285714285714285,0.0003968253968253968,0.9908380952380952,5,1.0,8,0.8
heloc,reduced,lightgbm,201462,786037,1.0,0.0,0.9999999999999998,4.96031746031746e-05,0.9908380952380952,5,1.0,8,0.8
heloc,reduced,lightgbm,201462,822743,1.0,0.0,0.9999999999999998,4.96031746031746e-05,0.9908380952380952,5,1.0,8,0.8
heloc,reduced,lightgbm,201462,827621,1.0,0.0,0.9999999999999998,4.96031746031746e-05,0.9908380952380952,5,1.0,8,0.8
heloc,reduced,lightgbm,201462,839722,0.9761904761904763,3.3143960262001043e-05,0.9285714285714285,0.0003968253968253968,0.9908380952380952,5,1.0,8,0.8
heloc,reduced,lightgbm,201462,858280,0.9761904761904763,3.3143960262001043e-05,0.9285714285714285,0.0003968253968253968,0.9908380952380952,5,1.0,8,0.8
heloc,reduced,lightgbm,201462,858560,0.9761904761904763,3.3143960262001043e-05,0.9285714285714285,0.0003968253968253968,0.9908380952380952,5,1.0,8,0.8
heloc,reduced,lightgbm,201462,887876,0.9761904761904763,3.3143960262001043e-05,0.9285714285714285,0.0003968253968253968,0.9908380952380952,5,1.0,8,0.8
heloc,reduced,lightgbm,201462,893119,0.9761904761904763,3.3143960262001043e-05,0.9285714285714285,0.0003968253968253968,0.9908380952380952,5,1.0,8,0.8
heloc,reduced,lightgbm,201462,926740,1.0,0.0,0.9999999999999998,4.96031746031746e-05,0.9908380952380952,5,1.0,8,0.8
heloc,reduced,lightgbm,201462,970694,0.9761904761904763,3.3143960262001043e-05,0.9285714285714285,0.0003968253968253968,0.9908380952380952,5,1.0,8,0.8
heloc,reduced,lightgbm,201462,975585,0.9761904761904763,3.3143960262001043e-05,0.9285714285714285,0.0003968253968253968,0.9908380952380952,5,1.0,8,0.8
heloc,reduced,lightgbm,227235,276757,0.9761904761904763,3.3143960262001043e-05,0.9285714285714285,0.0003968253968253968,0.9908380952380952,5,1.0,8,0.8
heloc,reduced,lightgbm,227235,354524,0.9761904761904763,3.3143960262001043e-05,0.9285714285714285,0.0003968253968253968,0.9908380952380952,5,1.0,8,0.8
heloc,reduced,lightgbm,227235,370788,1.0,0.0,0.9999999999999998,4.96031746031746e-05,0.9908380952380952,5,1.0,8,0.8
heloc,reduced,lightgbm,227235,402405,0.9761904761904763,3.3143960262001043e-05,0.9285714285714285,0.0003968253968253968,0.9908380952380952,5,1.0,8,0.8
heloc,reduced,lightgbm,227235,432996,0.9761904761904763,3.3143960262001043e-05,0.9285714285714285,0.0003968253968253968,0.9908380952380952,5,1.0,8,0.8
heloc,reduced,lightgbm,227235,438858,0.9761904761904763,3.3143960262001043e-05,0.9285714285714285,0.0003968253968253968,0.9908380952380952,5,1.0,8,0.8
heloc,reduced,lightgbm,227235,443405,1.0,0.0,0.9999999999999998,4.96031746031746e-05,0.9908380952380952,5,1.0,8,0.8
heloc,reduced,lightgbm,227235,445686,0.9761904761904763,3.3143960262001043e-05,0.9285714285714285,0.0003968253968253968,0.9908380952380952,5,1.0,8,0.8
heloc,reduced,lightgbm,227235,450372,1.0,0.0,0.9999999999999998,4.96031746031746e-05,0.9908380952380952,5,1.0,8,0.8
heloc,reduced,lightgbm,227235,450451,0.9761904761904763,3.3143960262001043e-05,0.9285714285714285,0.0003968253968253968,0.9908380952380952,5,1.0,8,0.8
heloc,reduced,lightgbm,227235,500337,0.9761904761904763,3.3143960262001043e-05,0.9285714285714285,0.0003968253968253968,0.9908380952380952,5,1.0,8,0.8
heloc,reduced,lightgbm,227235,513210,0.9761904761904763,3.3143960262001043e-05,0.9285714285714285,0.0003968253968253968,0.9908380952380952,5,1.0,8,0.8
heloc,reduced,lightgbm,227235,526458,0.9761904761904763,3.3143960262001043e-05,0.9285714285714285,0.0003968253968253968,0.9908380952380952,5,1.0,8,0.8
heloc,reduced,lightgbm,227235,545418,0.9761904761904763,3.3143960262001043e-05,0.9285714285714285,0.0003968253968253968,0.9908380952380952,5,1.0,8,0.8
heloc,reduced,lightgbm,227235,554576,0.9761904761904763,3.3143960262001043e-05,0.9285714285714285,0.0003968253968253968,0.9908380952380952,5,1.0,8,0.8
heloc,reduced,lightgbm,227235,631658,0.9761904761904763,3.3143960262001043e-05,0.9285714285714285,0.0003968253968253968,0.9908380952380952,5,1.0,8,0.8
heloc,reduced,lightgbm,227235,643850,0.9761904761904763,3.3143960262001043e-05,0.9285714285714285,0.0003968253968253968,0.9908380952380952,5,1.0,8,0.8
heloc,reduced,lightgbm,227235,654541,1.0,0.0,0.9999999999999998,4.96031746031746e-05,0.9908380952380952,5,1.0,8,0.8
heloc,reduced,lightgbm,227235,677918,0.9761904761904763,3.3143960262001043e-05,0.9285714285714285,0.0003968253968253968,0.9908380952380952,5,1.0,8,0.8
heloc,reduced,lightgbm,227235,697339,0.9761904761904763,3.3143960262001043e-05,0.9285714285714285,0.0003968253968253968,0.9908380952380952,5,1.0,8,0.8
heloc,reduced,lightgbm,227235,700518,0.9761904761904763,3.3143960262001043e-05,0.9285714285714285,0.0003968253968253968,0.9908380952380952,5,1.0,8,0.8
heloc,reduced,lightgbm,227235,717452,1.0,0.0,0.9999999999999998,4.96031746031746e-05,0.9908380952380952,5,1.0,8,0.8
heloc,reduced,lightgbm,227235,735725,0.9761904761904763,3.3143960262001043e-05,0.9285714285714285,0.0003968253968253968,0.9908380952380952,5,1.0,8,0.8
heloc,reduced,lightgbm,227235,758081,0.9761904761904763,3.3143960262001043e-05,0.9285714285714285,0.0003968253968253968,0.9908380952380952,5,1.0,8,0.8
heloc,reduced,lightgbm,227235,761112,0.9761904761904763,3.3143960262001043e-05,0.9285714285714285,0.0003968253968253968,0.9908380952380952,5,1.0,8,0.8
heloc,reduced,lightgbm,227235,773919,0.9761904761904763,3.3143960262001043e-05,0.9285714285714285,0.0003968253968253968,0.9908380952380952,5,1.0,8,0.8
heloc,reduced,lightgbm,227235,778383,0.9761904761904763,3.3143960262001043e-05,0.9285714285714285,0.0003968253968253968,0.9908380952380952,5,1.0,8,0.8
heloc,reduced,lightgbm,227235,781548,0.9761904761904763,3.3143960262001043e-05,0.9285714285714285,0.0003968253968253968,0.9908380952380952,5,1.0,8,0.8
heloc,reduced,lightgbm,227235,786037,1.0,0.0,0.9999999999999998,4.96031746031746e-05,0.9908380952380952,5,1.0,8,0.8
heloc,reduced,lightgbm,227235,822743,1.0,0.0,0.9999999999999998,4.96031746031746e-05,0.9908380952380952,5,1.0,8,0.8
heloc,reduced,lightgbm,227235,827621,1.0,0.0,0.9999999999999998,4.96031746031746e-05,0.9908380952380952,5,1.0,8,0.8
heloc,reduced,lightgbm,227235,839722,0.9761904761904763,3.3143960262001043e-05,0.9285714285714285,0.0003968253968253968,0.9908380952380952,5,1.0,8,0.8
heloc,reduced,lightgbm,227235,858280,0.9761904761904763,3.3143960262001043e-05,0.9285714285714285,0.0003968253968253968,0.9908380952380952,5,1.0,8,0.8
heloc,reduced,lightgbm,227235,858560,0.9761904761904763,3.3143960262001043e-05,0.9285714285714285,0.0003968253968253968,0.9908380952380952,5,1.0,8,0.8
heloc,reduced,lightgbm,227235,887876,0.9761904761904763,3.3143960262001043e-05,0.9285714285714285,0.0003968253968253968,0.9908380952380952,5,1.0,8,0.8
heloc,reduced,lightgbm,227235,893119,0.9761904761904763,3.3143960262001043e-05,0.9285714285714285,0.0003968253968253968,0.9908380952380952,5,1.0,8,0.8
heloc,reduced,lightgbm,227235,926740,1.0,0.0,0.9999999999999998,4.96031746031746e-05,0.9908380952380952,5,1.0,8,0.8
heloc,reduced,lightgbm,227235,970694,0.9761904761904763,3.3143960262001043e-05,0.9285714285714285,0.0003968253968253968,0.9908380952380952,5,1.0,8,0.8
heloc,reduced,lightgbm,227235,975585,0.9761904761904763,3.3143960262001043e-05,0.9285714285714285,0.0003968253968253968,0.9908380952380952,5,1.0,8,0.8
heloc,reduced,lightgbm,276757,354524,1.0,0.0,0.9999999999999998,4.96031746031746e-05,0.9908380952380952,5,1.0,8,0.8
heloc,reduced,lightgbm,276757,370788,0.9761904761904763,3.3143960262001043e-05,0.9285714285714285,0.0003968253968253968,0.9908380952380952,5,1.0,8,0.8
heloc,reduced,lightgbm,276757,402405,1.0,0.0,0.9999999999999998,4.96031746031746e-05,0.9908380952380952,5,1.0,8,0.8
heloc,reduced,lightgbm,276757,432996,1.0,0.0,0.9999999999999998,4.96031746031746e-05,0.9908380952380952,5,1.0,8,0.8
heloc,reduced,lightgbm,276757,438858,1.0,0.0,0.9999999999999998,4.96031746031746e-05,0.9908380952380952,5,1.0,8,0.8
heloc,reduced,lightgbm,276757,443405,0.9761904761904763,3.3143960262001043e-05,0.9285714285714285,0.0003968253968253968,0.9908380952380952,5,1.0,8,0.8
heloc,reduced,lightgbm,276757,445686,1.0,0.0,0.9999999999999998,4.96031746031746e-05,0.9908380952380952,5,1.0,8,0.8
heloc,reduced,lightgbm,276757,450372,0.9761904761904763,3.3143960262001043e-05,0.9285714285714285,0.0003968253968253968,0.9908380952380952,5,1.0,8,0.8
heloc,reduced,lightgbm,276757,450451,1.0,0.0,0.9999999999999998,4.96031746031746e-05,0.9908380952380952,5,1.0,8,0.8
heloc,reduced,lightgbm,276757,500337,1.0,0.0,0.9999999999999998,4.96031746031746e-05,0.9908380952380952,5,1.0,8,0.8
heloc,reduced,lightgbm,276757,513210,1.0,0.0,0.9999999999999998,4.96031746031746e-05,0.9908380952380952,5,1.0,8,0.8
heloc,reduced,lightgbm,276757,526458,1.0,0.0,0.9999999999999998,4.96031746031746e-05,0.9908380952380952,5,1.0,8,0.8
heloc,reduced,lightgbm,276757,545418,1.0,0.0,0.9999999999999998,4.96031746031746e-05,0.9908380952380952,5,1.0,8,0.8
heloc,reduced,lightgbm,276757,554576,1.0,0.0,0.9999999999999998,4.96031746031746e-05,0.9908380952380952,5,1.0,8,0.8
heloc,reduced,lightgbm,276757,631658,1.0,0.0,0.9999999999999998,4.96031746031746e-05,0.9908380952380952,5,1.0,8,0.8
heloc,reduced,lightgbm,276757,643850,1.0,0.0,0.9999999999999998,4.96031746031746e-05,0.9908380952380952,5,1.0,8,0.8
heloc,reduced,lightgbm,276757,654541,0.9761904761904763,3.3143960262001043e-05,0.9285714285714285,0.0003968253968253968,0.9908380952380952,5,1.0,8,0.8
heloc,reduced,lightgbm,276757,677918,1.0,0.0,0.9999999999999998,4.96031746031746e-05,0.9908380952380952,5,1.0,8,0.8
heloc,reduced,lightgbm,276757,697339,1.0,0.0,0.9999999999999998,4.96031746031746e-05,0.9908380952380952,5,1.0,8,0.8
heloc,reduced,lightgbm,276757,700518,1.0,0.0,0.9999999999999998,4.96031746031746e-05,0.9908380952380952,5,1.0,8,0.8
heloc,reduced,lightgbm,276757,717452,0.9761904761904763,3.3143960262001043e-05,0.9285714285714285,0.0003968253968253968,0.9908380952380952,5,1.0,8,0.8
heloc,reduced,lightgbm,276757,735725,1.0,0.0,0.9999999999999998,4.96031746031746e-05,0.9908380952380952,5,1.0,8,0.8
heloc,reduced,lightgbm,276757,758081,1.0,0.0,0.9999999999999998,4.96031746031746e-05,0.9908380952380952,5,1.0,8,0.8
heloc,reduced,lightgbm,276757,761112,1.0,0.0,0.9999999999999998,4.96031746031746e-05,0.9908380952380952,5,1.0,8,0.8
heloc,reduced,lightgbm,276757,773919,1.0,0.0,0.9999999999999998,4.96031746031746e-05,0.9908380952380952,5,1.0,8,0.8
heloc,reduced,lightgbm,276757,778383,1.0,0.0,0.9999999999999998,4.96031746031746e-05,0.9908380952380952,5,1.0,8,0.8
heloc,reduced,lightgbm,276757,781548,1.0,0.0,0.9999999999999998,4.96031746031746e-05,0.9908380952380952,5,1.0,8,0.8
heloc,reduced,lightgbm,276757,786037,0.9761904761904763,3.3143960262001043e-05,0.9285714285714285,0.0003968253968253968,0.9908380952380952,5,1.0,8,0.8
heloc,reduced,lightgbm,276757,822743,0.9761904761904763,3.3143960262001043e-05,0.9285714285714285,0.0003968253968253968,0.9908380952380952,5,1.0,8,0.8
heloc,reduced,lightgbm,276757,827621,0.9761904761904763,3.3143960262001043e-05,0.9285714285714285,0.0003968253968253968,0.9908380952380952,5,1.0,8,0.8
heloc,reduced,lightgbm,276757,839722,1.0,0.0,0.9999999999999998,4.96031746031746e-05,0.9908380952380952,5,1.0,8,0.8
heloc,reduced,lightgbm,276757,858280,1.0,0.0,0.9999999999999998,4.96031746031746e-05,0.9908380952380952,5,1.0,8,0.8
heloc,reduced,lightgbm,276757,858560,1.0,0.0,0.9999999999999998,4.96031746031746e-05,0.9908380952380952,5,1.0,8,0.8
heloc,reduced,lightgbm,276757,887876,1.0,0.0,0.9999999999999998,4.96031746031746e-05,0.9908380952380952,5,1.0,8,0.8
heloc,reduced,lightgbm,276757,893119,1.0,0.0,0.9999999999999998,4.96031746031746e-05,0.9908380952380952,5,1.0,8,0.8
heloc,reduced,lightgbm,276757,926740,0.9761904761904763,3.3143960262001043e-05,0.9285714285714285,0.0003968253968253968,0.9908380952380952,5,1.0,8,0.8
heloc,reduced,lightgbm,276757,970694,1.0,0.0,0.9999999999999998,4.96031746031746e-05,0.9908380952380952,5,1.0,8,0.8
heloc,reduced,lightgbm,276757,975585,1.0,0.0,0.9999999999999998,4.96031746031746e-05,0.9908380952380952,5,1.0,8,0.8
heloc,reduced,lightgbm,354524,370788,0.9761904761904763,3.3143960262001043e-05,0.9285714285714285,0.0003968253968253968,0.9908380952380952,5,1.0,8,0.8
heloc,reduced,lightgbm,354524,402405,1.0,0.0,0.9999999999999998,4.96031746031746e-05,0.9908380952380952,5,1.0,8,0.8
heloc,reduced,lightgbm,354524,432996,1.0,0.0,0.9999999999999998,4.96031746031746e-05,0.9908380952380952,5,1.0,8,0.8
heloc,reduced,lightgbm,354524,438858,1.0,0.0,0.9999999999999998,4.96031746031746e-05,0.9908380952380952,5,1.0,8,0.8
heloc,reduced,lightgbm,354524,443405,0.9761904761904763,3.3143960262001043e-05,0.9285714285714285,0.0003968253968253968,0.9908380952380952,5,1.0,8,0.8
heloc,reduced,lightgbm,354524,445686,1.0,0.0,0.9999999999999998,4.96031746031746e-05,0.9908380952380952,5,1.0,8,0.8
heloc,reduced,lightgbm,354524,450372,0.9761904761904763,3.3143960262001043e-05,0.9285714285714285,0.0003968253968253968,0.9908380952380952,5,1.0,8,0.8
heloc,reduced,lightgbm,354524,450451,1.0,0.0,0.9999999999999998,4.96031746031746e-05,0.9908380952380952,5,1.0,8,0.8
heloc,reduced,lightgbm,354524,500337,1.0,0.0,0.9999999999999998,4.96031746031746e-05,0.9908380952380952,5,1.0,8,0.8
heloc,reduced,lightgbm,354524,513210,1.0,0.0,0.9999999999999998,4.96031746031746e-05,0.9908380952380952,5,1.0,8,0.8
heloc,reduced,lightgbm,354524,526458,1.0,0.0,0.9999999999999998,4.96031746031746e-05,0.9908380952380952,5,1.0,8,0.8
heloc,reduced,lightgbm,354524,545418,1.0,0.0,0.9999999999999998,4.96031746031746e-05,0.9908380952380952,5,1.0,8,0.8
heloc,reduced,lightgbm,354524,554576,1.0,0.0,0.9999999999999998,4.96031746031746e-05,0.9908380952380952,5,1.0,8,0.8
heloc,reduced,lightgbm,354524,631658,1.0,0.0,0.9999999999999998,4.96031746031746e-05,0.9908380952380952,5,1.0,8,0.8
heloc,reduced,lightgbm,354524,643850,1.0,0.0,0.9999999999999998,4.96031746031746e-05,0.9908380952380952,5,1.0,8,0.8
heloc,reduced,lightgbm,354524,654541,0.9761904761904763,3.3143960262001043e-05,0.9285714285714285,0.0003968253968253968,0.9908380952380952,5,1.0,8,0.8
heloc,reduced,lightgbm,354524,677918,1.0,0.0,0.9999999999999998,4.96031746031746e-05,0.9908380952380952,5,1.0,8,0.8
heloc,reduced,lightgbm,354524,697339,1.0,0.0,0.9999999999999998,4.96031746031746e-05,0.9908380952380952,5,1.0,8,0.8
heloc,reduced,lightgbm,354524,700518,1.0,0.0,0.9999999999999998,4.96031746031746e-05,0.9908380952380952,5,1.0,8,0.8
heloc,reduced,lightgbm,354524,717452,0.9761904761904763,3.3143960262001043e-05,0.9285714285714285,0.0003968253968253968,0.9908380952380952,5,1.0,8,0.8
heloc,reduced,lightgbm,354524,735725,1.0,0.0,0.9999999999999998,4.96031746031746e-05,0.9908380952380952,5,1.0,8,0.8
heloc,reduced,lightgbm,354524,758081,1.0,0.0,0.9999999999999998,4.96031746031746e-05,0.9908380952380952,5,1.0,8,0.8
heloc,reduced,lightgbm,354524,761112,1.0,0.0,0.9999999999999998,4.96031746031746e-05,0.9908380952380952,5,1.0,8,0.8
heloc,reduced,lightgbm,354524,773919,1.0,0.0,0.9999999999999998,4.96031746031746e-05,0.9908380952380952,5,1.0,8,0.8
heloc,reduced,lightgbm,354524,778383,1.0,0.0,0.9999999999999998,4.96031746031746e-05,0.9908380952380952,5,1.0,8,0.8
heloc,reduced,lightgbm,354524,781548,1.0,0.0,0.9999999999999998,4.96031746031746e-05,0.9908380952380952,5,1.0,8,0.8
heloc,reduced,lightgbm,354524,786037,0.9761904761904763,3.3143960262001043e-05,0.9285714285714285,0.0003968253968253968,0.9908380952380952,5,1.0,8,0.8
heloc,reduced,lightgbm,354524,822743,0.9761904761904763,3.3143960262001043e-05,0.9285714285714285,0.0003968253968253968,0.9908380952380952,5,1.0,8,0.8
heloc,reduced,lightgbm,354524,827621,0.9761904761904763,3.3143960262001043e-05,0.9285714285714285,0.0003968253968253968,0.9908380952380952,5,1.0,8,0.8
heloc,reduced,lightgbm,354524,839722,1.0,0.0,0.9999999999999998,4.96031746031746e-05,0.9908380952380952,5,1.0,8,0.8
heloc,reduced,lightgbm,354524,858280,1.0,0.0,0.9999999999999998,4.96031746031746e-05,0.9908380952380952,5,1.0,8,0.8
heloc,reduced,lightgbm,354524,858560,1.0,0.0,0.9999999999999998,4.96031746031746e-05,0.9908380952380952,5,1.0,8,0.8
heloc,reduced,lightgbm,354524,887876,1.0,0.0,0.9999999999999998,4.96031746031746e-05,0.9908380952380952,5,1.0,8,0.8
heloc,reduced,lightgbm,354524,893119,1.0,0.0,0.9999999999999998,4.96031746031746e-05,0.9908380952380952,5,1.0,8,0.8
heloc,reduced,lightgbm,354524,926740,0.9761904761904763,3.3143960262001043e-05,0.9285714285714285,0.0003968253968253968,0.9908380952380952,5,1.0,8,0.8
heloc,reduced,lightgbm,354524,970694,1.0,0.0,0.9999999999999998,4.96031746031746e-05,0.9908380952380952,5,1.0,8,0.8
heloc,reduced,lightgbm,354524,975585,1.0,0.0,0.9999999999999998,4.96031746031746e-05,0.9908380952380952,5,1.0,8,0.8
heloc,reduced,lightgbm,370788,402405,0.9761904761904763,3.3143960262001043e-05,0.9285714285714285,0.0003968253968253968,0.9908380952380952,5,1.0,8,0.8
heloc,reduced,lightgbm,370788,432996,0.9761904761904763,3.3143960262001043e-05,0.9285714285714285,0.0003968253968253968,0.9908380952380952,5,1.0,8,0.8
heloc,reduced,lightgbm,370788,438858,0.9761904761904763,3.3143960262001043e-05,0.9285714285714285,0.0003968253968253968,0.9908380952380952,5,1.0,8,0.8
heloc,reduced,lightgbm,370788,443405,1.0,0.0,0.9999999999999998,4.96031746031746e-05,0.9908380952380952,5,1.0,8,0.8
heloc,reduced,lightgbm,370788,445686,0.9761904761904763,3.3143960262001043e-05,0.9285714285714285,0.0003968253968253968,0.9908380952380952,5,1.0,8,0.8
heloc,reduced,lightgbm,370788,450372,1.0,0.0,0.9999999999999998,4.96031746031746e-05,0.9908380952380952,5,1.0,8,0.8
heloc,reduced,lightgbm,370788,450451,0.9761904761904763,3.3143960262001043e-05,0.9285714285714285,0.0003968253968253968,0.9908380952380952,5,1.0,8,0.8
heloc,reduced,lightgbm,370788,500337,0.9761904761904763,3.3143960262001043e-05,0.9285714285714285,0.0003968253968253968,0.9908380952380952,5,1.0,8,0.8
heloc,reduced,lightgbm,370788,513210,0.9761904761904763,3.3143960262001043e-05,0.9285714285714285,0.0003968253968253968,0.9908380952380952,5,1.0,8,0.8
heloc,reduced,lightgbm,370788,526458,0.9761904761904763,3.3143960262001043e-05,0.9285714285714285,0.0003968253968253968,0.9908380952380952,5,1.0,8,0.8
heloc,reduced,lightgbm,370788,545418,0.9761904761904763,3.3143960262001043e-05,0.9285714285714285,0.0003968253968253968,0.9908380952380952,5,1.0,8,0.8
heloc,reduced,lightgbm,370788,554576,0.9761904761904763,3.3143960262001043e-05,0.9285714285714285,0.0003968253968253968,0.9908380952380952,5,1.0,8,0.8
heloc,reduced,lightgbm,370788,631658,0.9761904761904763,3.3143960262001043e-05,0.9285714285714285,0.0003968253968253968,0.9908380952380952,5,1.0,8,0.8
heloc,reduced,lightgbm,370788,643850,0.9761904761904763,3.3143960262001043e-05,0.9285714285714285,0.0003968253968253968,0.9908380952380952,5,1.0,8,0.8
heloc,reduced,lightgbm,370788,654541,1.0,0.0,0.9999999999999998,4.96031746031746e-05,0.9908380952380952,5,1.0,8,0.8
heloc,reduced,lightgbm,370788,677918,0.9761904761904763,3.3143960262001043e-05,0.9285714285714285,0.0003968253968253968,0.9908380952380952,5,1.0,8,0.8
heloc,reduced,lightgbm,370788,697339,0.9761904761904763,3.3143960262001043e-05,0.9285714285714285,0.0003968253968253968,0.9908380952380952,5,1.0,8,0.8
heloc,reduced,lightgbm,370788,700518,0.9761904761904763,3.3143960262001043e-05,0.9285714285714285,0.0003968253968253968,0.9908380952380952,5,1.0,8,0.8
heloc,reduced,lightgbm,370788,717452,1.0,0.0,0.9999999999999998,4.96031746031746e-05,0.9908380952380952,5,1.0,8,0.8
heloc,reduced,lightgbm,370788,735725,0.9761904761904763,3.3143960262001043e-05,0.9285714285714285,0.0003968253968253968,0.9908380952380952,5,1.0,8,0.8
heloc,reduced,lightgbm,370788,758081,0.9761904761904763,3.3143960262001043e-05,0.9285714285714285,0.0003968253968253968,0.9908380952380952,5,1.0,8,0.8
heloc,reduced,lightgbm,370788,761112,0.9761904761904763,3.3143960262001043e-05,0.9285714285714285,0.0003968253968253968,0.9908380952380952,5,1.0,8,0.8
heloc,reduced,lightgbm,370788,773919,0.9761904761904763,3.3143960262001043e-05,0.9285714285714285,0.0003968253968253968,0.9908380952380952,5,1.0,8,0.8
heloc,reduced,lightgbm,370788,778383,0.9761904761904763,3.3143960262001043e-05,0.9285714285714285,0.0003968253968253968,0.9908380952380952,5,1.0,8,0.8
heloc,reduced,lightgbm,370788,781548,0.9761904761904763,3.3143960262001043e-05,0.9285714285714285,0.0003968253968253968,0.9908380952380952,5,1.0,8,0.8
heloc,reduced,lightgbm,370788,786037,1.0,0.0,0.9999999999999998,4.96031746031746e-05,0.9908380952380952,5,1.0,8,0.8
heloc,reduced,lightgbm,370788,822743,1.0,0.0,0.9999999999999998,4.96031746031746e-05,0.9908380952380952,5,1.0,8,0.8
heloc,reduced,lightgbm,370788,827621,1.0,0.0,0.9999999999999998,4.96031746031746e-05,0.9908380952380952,5,1.0,8,0.8
heloc,reduced,lightgbm,370788,839722,0.9761904761904763,3.3143960262001043e-05,0.9285714285714285,0.0003968253968253968,0.9908380952380952,5,1.0,8,0.8
heloc,reduced,lightgbm,370788,858280,0.9761904761904763,3.3143960262001043e-05,0.9285714285714285,0.0003968253968253968,0.9908380952380952,5,1.0,8,0.8
heloc,reduced,lightgbm,370788,858560,0.9761904761904763,3.3143960262001043e-05,0.9285714285714285,0.0003968253968253968,0.9908380952380952,5,1.0,8,0.8
heloc,reduced,lightgbm,370788,887876,0.9761904761904763,3.3143960262001043e-05,0.9285714285714285,0.0003968253968253968,0.9908380952380952,5,1.0,8,0.8
heloc,reduced,lightgbm,370788,893119,0.9761904761904763,3.3143960262001043e-05,0.9285714285714285,0.0003968253968253968,0.9908380952380952,5,1.0,8,0.8
heloc,reduced,lightgbm,370788,926740,1.0,0.0,0.9999999999999998,4.96031746031746e-05,0.9908380952380952,5,1.0,8,0.8
heloc,reduced,lightgbm,370788,970694,0.9761904761904763,3.3143960262001043e-05,0.9285714285714285,0.0003968253968253968,0.9908380952380952,5,1.0,8,0.8
heloc,reduced,lightgbm,370788,975585,0.9761904761904763,3.3143960262001043e-05,0.9285714285714285,0.0003968253968253968,0.9908380952380952,5,1.0,8,0.8
heloc,reduced,lightgbm,402405,432996,1.0,0.0,0.9999999999999998,4.96031746031746e-05,0.9908380952380952,5,1.0,8,0.8
heloc,reduced,lightgbm,402405,438858,1.0,0.0,0.9999999999999998,4.96031746031746e-05,0.9908380952380952,5,1.0,8,0.8
heloc,reduced,lightgbm,402405,443405,0.9761904761904763,3.3143960262001043e-05,0.9285714285714285,0.0003968253968253968,0.9908380952380952,5,1.0,8,0.8
heloc,reduced,lightgbm,402405,445686,1.0,0.0,0.9999999999999998,4.96031746031746e-05,0.9908380952380952,5,1.0,8,0.8
heloc,reduced,lightgbm,402405,450372,0.9761904761904763,3.3143960262001043e-05,0.9285714285714285,0.0003968253968253968,0.9908380952380952,5,1.0,8,0.8
heloc,reduced,lightgbm,402405,450451,1.0,0.0,0.9999999999999998,4.96031746031746e-05,0.9908380952380952,5,1.0,8,0.8
heloc,reduced,lightgbm,402405,500337,1.0,0.0,0.9999999999999998,4.96031746031746e-05,0.9908380952380952,5,1.0,8,0.8
heloc,reduced,lightgbm,402405,513210,1.0,0.0,0.9999999999999998,4.96031746031746e-05,0.9908380952380952,5,1.0,8,0.8
heloc,reduced,lightgbm,402405,526458,1.0,0.0,0.9999999999999998,4.96031746031746e-05,0.9908380952380952,5,1.0,8,0.8
heloc,reduced,lightgbm,402405,545418,1.0,0.0,0.9999999999999998,4.96031746031746e-05,0.9908380952380952,5,1.0,8,0.8
heloc,reduced,lightgbm,402405,554576,1.0,0.0,0.9999999999999998,4.96031746031746e-05,0.9908380952380952,5,1.0,8,0.8
heloc,reduced,lightgbm,402405,631658,1.0,0.0,0.9999999999999998,4.96031746031746e-05,0.9908380952380952,5,1.0,8,0.8
heloc,reduced,lightgbm,402405,643850,1.0,0.0,0.9999999999999998,4.96031746031746e-05,0.9908380952380952,5,1.0,8,0.8
heloc,reduced,lightgbm,402405,654541,0.9761904761904763,3.3143960262001043e-05,0.9285714285714285,0.0003968253968253968,0.9908380952380952,5,1.0,8,0.8
heloc,reduced,lightgbm,402405,677918,1.0,0.0,0.9999999999999998,4.96031746031746e-05,0.9908380952380952,5,1.0,8,0.8
heloc,reduced,lightgbm,402405,697339,1.0,0.0,0.9999999999999998,4.96031746031746e-05,0.9908380952380952,5,1.0,8,0.8
heloc,reduced,lightgbm,402405,700518,1.0,0.0,0.9999999999999998,4.96031746031746e-05,0.9908380952380952,5,1.0,8,0.8
heloc,reduced,lightgbm,402405,717452,0.9761904761904763,3.3143960262001043e-05,0.9285714285714285,0.0003968253968253968,0.9908380952380952,5,1.0,8,0.8
heloc,reduced,lightgbm,402405,735725,1.0,0.0,0.9999999999999998,4.96031746031746e-05,0.9908380952380952,5,1.0,8,0.8
heloc,reduced,lightgbm,402405,758081,1.0,0.0,0.9999999999999998,4.96031746031746e-05,0.9908380952380952,5,1.0,8,0.8
heloc,reduced,lightgbm,402405,761112,1.0,0.0,0.9999999999999998,4.96031746031746e-05,0.9908380952380952,5,1.0,8,0.8
heloc,reduced,lightgbm,402405,773919,1.0,0.0,0.9999999999999998,4.96031746031746e-05,0.9908380952380952,5,1.0,8,0.8
heloc,reduced,lightgbm,402405,778383,1.0,0.0,0.9999999999999998,4.96031746031746e-05,0.9908380952380952,5,1.0,8,0.8
heloc,reduced,lightgbm,402405,781548,1.0,0.0,0.9999999999999998,4.96031746031746e-05,0.9908380952380952,5,1.0,8,0.8
heloc,reduced,lightgbm,402405,786037,0.9761904761904763,3.3143960262001043e-05,0.9285714285714285,0.0003968253968253968,0.9908380952380952,5,1.0,8,0.8
heloc,reduced,lightgbm,402405,822743,0.9761904761904763,3.3143960262001043e-05,0.9285714285714285,0.0003968253968253968,0.9908380952380952,5,1.0,8,0.8
heloc,reduced,lightgbm,402405,827621,0.9761904761904763,3.3143960262001043e-05,0.9285714285714285,0.0003968253968253968,0.9908380952380952,5,1.0,8,0.8
heloc,reduced,lightgbm,402405,839722,1.0,0.0,0.9999999999999998,4.96031746031746e-05,0.9908380952380952,5,1.0,8,0.8
heloc,reduced,lightgbm,402405,858280,1.0,0.0,0.9999999999999998,4.96031746031746e-05,0.9908380952380952,5,1.0,8,0.8
heloc,reduced,lightgbm,402405,858560,1.0,0.0,0.9999999999999998,4.96031746031746e-05,0.9908380952380952,5,1.0,8,0.8
heloc,reduced,lightgbm,402405,887876,1.0,0.0,0.9999999999999998,4.96031746031746e-05,0.9908380952380952,5,1.0,8,0.8
heloc,reduced,lightgbm,402405,893119,1.0,0.0,0.9999999999999998,4.96031746031746e-05,0.9908380952380952,5,1.0,8,0.8
heloc,reduced,lightgbm,402405,926740,0.9761904761904763,3.3143960262001043e-05,0.9285714285714285,0.0003968253968253968,0.9908380952380952,5,1.0,8,0.8
heloc,reduced,lightgbm,402405,970694,1.0,0.0,0.9999999999999998,4.96031746031746e-05,0.9908380952380952,5,1.0,8,0.8
heloc,reduced,lightgbm,402405,975585,1.0,0.0,0.9999999999999998,4.96031746031746e-05,0.9908380952380952,5,1.0,8,0.8
heloc,reduced,lightgbm,432996,438858,1.0,0.0,0.9999999999999998,4.96031746031746e-05,0.9908380952380952,5,1.0,8,0.8
heloc,reduced,lightgbm,432996,443405,0.9761904761904763,3.3143960262001043e-05,0.9285714285714285,0.0003968253968253968,0.9908380952380952,5,1.0,8,0.8
heloc,reduced,lightgbm,432996,445686,1.0,0.0,0.9999999999999998,4.96031746031746e-05,0.9908380952380952,5,1.0,8,0.8
heloc,reduced,lightgbm,432996,450372,0.9761904761904763,3.3143960262001043e-05,0.9285714285714285,0.0003968253968253968,0.9908380952380952,5,1.0,8,0.8
heloc,reduced,lightgbm,432996,450451,1.0,0.0,0.9999999999999998,4.96031746031746e-05,0.9908380952380952,5,1.0,8,0.8
heloc,reduced,lightgbm,432996,500337,1.0,0.0,0.9999999999999998,4.96031746031746e-05,0.9908380952380952,5,1.0,8,0.8
heloc,reduced,lightgbm,432996,513210,1.0,0.0,0.9999999999999998,4.96031746031746e-05,0.9908380952380952,5,1.0,8,0.8
heloc,reduced,lightgbm,432996,526458,1.0,0.0,0.9999999999999998,4.96031746031746e-05,0.9908380952380952,5,1.0,8,0.8
heloc,reduced,lightgbm,432996,545418,1.0,0.0,0.9999999999999998,4.96031746031746e-05,0.9908380952380952,5,1.0,8,0.8
heloc,reduced,lightgbm,432996,554576,1.0,0.0,0.9999999999999998,4.96031746031746e-05,0.9908380952380952,5,1.0,8,0.8
heloc,reduced,lightgbm,432996,631658,1.0,0.0,0.9999999999999998,4.96031746031746e-05,0.9908380952380952,5,1.0,8,0.8
heloc,reduced,lightgbm,432996,643850,1.0,0.0,0.9999999999999998,4.96031746031746e-05,0.9908380952380952,5,1.0,8,0.8
heloc,reduced,lightgbm,432996,654541,0.9761904761904763,3.3143960262001043e-05,0.9285714285714285,0.0003968253968253968,0.9908380952380952,5,1.0,8,0.8
heloc,reduced,lightgbm,432996,677918,1.0,0.0,0.9999999999999998,4.96031746031746e-05,0.9908380952380952,5,1.0,8,0.8
heloc,reduced,lightgbm,432996,697339,1.0,0.0,0.9999999999999998,4.96031746031746e-05,0.9908380952380952,5,1.0,8,0.8
heloc,reduced,lightgbm,432996,700518,1.0,0.0,0.9999999999999998,4.96031746031746e-05,0.9908380952380952,5,1.0,8,0.8
heloc,reduced,lightgbm,432996,717452,0.9761904761904763,3.3143960262001043e-05,0.9285714285714285,0.0003968253968253968,0.9908380952380952,5,1.0,8,0.8
heloc,reduced,lightgbm,432996,735725,1.0,0.0,0.9999999999999998,4.96031746031746e-05,0.9908380952380952,5,1.0,8,0.8
heloc,reduced,lightgbm,432996,758081,1.0,0.0,0.9999999999999998,4.96031746031746e-05,0.9908380952380952,5,1.0,8,0.8
heloc,reduced,lightgbm,432996,761112,1.0,0.0,0.9999999999999998,4.96031746031746e-05,0.9908380952380952,5,1.0,8,0.8
heloc,reduced,lightgbm,432996,773919,1.0,0.0,0.9999999999999998,4.96031746031746e-05,0.9908380952380952,5,1.0,8,0.8
heloc,reduced,lightgbm,432996,778383,1.0,0.0,0.9999999999999998,4.96031746031746e-05,0.9908380952380952,5,1.0,8,0.8
heloc,reduced,lightgbm,432996,781548,1.0,0.0,0.9999999999999998,4.96031746031746e-05,0.9908380952380952,5,1.0,8,0.8
heloc,reduced,lightgbm,432996,786037,0.9761904761904763,3.3143960262001043e-05,0.9285714285714285,0.0003968253968253968,0.9908380952380952,5,1.0,8,0.8
heloc,reduced,lightgbm,432996,822743,0.9761904761904763,3.3143960262001043e-05,0.9285714285714285,0.0003968253968253968,0.9908380952380952,5,1.0,8,0.8
heloc,reduced,lightgbm,432996,827621,0.9761904761904763,3.3143960262001043e-05,0.9285714285714285,0.0003968253968253968,0.9908380952380952,5,1.0,8,0.8
heloc,reduced,lightgbm,432996,839722,1.0,0.0,0.9999999999999998,4.96031746031746e-05,0.9908380952380952,5,1.0,8,0.8
heloc,reduced,lightgbm,432996,858280,1.0,0.0,0.9999999999999998,4.96031746031746e-05,0.9908380952380952,5,1.0,8,0.8
heloc,reduced,lightgbm,432996,858560,1.0,0.0,0.9999999999999998,4.96031746031746e-05,0.9908380952380952,5,1.0,8,0.8
heloc,reduced,lightgbm,432996,887876,1.0,0.0,0.9999999999999998,4.96031746031746e-05,0.9908380952380952,5,1.0,8,0.8
heloc,reduced,lightgbm,432996,893119,1.0,0.0,0.9999999999999998,4.96031746031746e-05,0.9908380952380952,5,1.0,8,0.8
heloc,reduced,lightgbm,432996,926740,0.9761904761904763,3.3143960262001043e-05,0.9285714285714285,0.0003968253968253968,0.9908380952380952,5,1.0,8,0.8
heloc,reduced,lightgbm,432996,970694,1.0,0.0,0.9999999999999998,4.96031746031746e-05,0.9908380952380952,5,1.0,8,0.8
heloc,reduced,lightgbm,432996,975585,1.0,0.0,0.9999999999999998,4.96031746031746e-05,0.9908380952380952,5,1.0,8,0.8
heloc,reduced,lightgbm,438858,443405,0.9761904761904763,3.3143960262001043e-05,0.9285714285714285,0.0003968253968253968,0.9908380952380952,5,1.0,8,0.8
heloc,reduced,lightgbm,438858,445686,1.0,0.0,0.9999999999999998,4.96031746031746e-05,0.9908380952380952,5,1.0,8,0.8
heloc,reduced,lightgbm,438858,450372,0.9761904761904763,3.3143960262001043e-05,0.9285714285714285,0.0003968253968253968,0.9908380952380952,5,1.0,8,0.8
heloc,reduced,lightgbm,438858,450451,1.0,0.0,0.9999999999999998,4.96031746031746e-05,0.9908380952380952,5,1.0,8,0.8
heloc,reduced,lightgbm,438858,500337,1.0,0.0,0.9999999999999998,4.96031746031746e-05,0.9908380952380952,5,1.0,8,0.8
heloc,reduced,lightgbm,438858,513210,1.0,0.0,0.9999999999999998,4.96031746031746e-05,0.9908380952380952,5,1.0,8,0.8
heloc,reduced,lightgbm,438858,526458,1.0,0.0,0.9999999999999998,4.96031746031746e-05,0.9908380952380952,5,1.0,8,0.8
heloc,reduced,lightgbm,438858,545418,1.0,0.0,0.9999999999999998,4.96031746031746e-05,0.9908380952380952,5,1.0,8,0.8
heloc,reduced,lightgbm,438858,554576,1.0,0.0,0.9999999999999998,4.96031746031746e-05,0.9908380952380952,5,1.0,8,0.8
heloc,reduced,lightgbm,438858,631658,1.0,0.0,0.9999999999999998,4.96031746031746e-05,0.9908380952380952,5,1.0,8,0.8
heloc,reduced,lightgbm,438858,643850,1.0,0.0,0.9999999999999998,4.96031746031746e-05,0.9908380952380952,5,1.0,8,0.8
heloc,reduced,lightgbm,438858,654541,0.9761904761904763,3.3143960262001043e-05,0.9285714285714285,0.0003968253968253968,0.9908380952380952,5,1.0,8,0.8
heloc,reduced,lightgbm,438858,677918,1.0,0.0,0.9999999999999998,4.96031746031746e-05,0.9908380952380952,5,1.0,8,0.8
heloc,reduced,lightgbm,438858,697339,1.0,0.0,0.9999999999999998,4.96031746031746e-05,0.9908380952380952,5,1.0,8,0.8
heloc,reduced,lightgbm,438858,700518,1.0,0.0,0.9999999999999998,4.96031746031746e-05,0.9908380952380952,5,1.0,8,0.8
heloc,reduced,lightgbm,438858,717452,0.9761904761904763,3.3143960262001043e-05,0.9285714285714285,0.0003968253968253968,0.9908380952380952,5,1.0,8,0.8
heloc,reduced,lightgbm,438858,735725,1.0,0.0,0.9999999999999998,4.96031746031746e-05,0.9908380952380952,5,1.0,8,0.8
heloc,reduced,lightgbm,438858,758081,1.0,0.0,0.9999999999999998,4.96031746031746e-05,0.9908380952380952,5,1.0,8,0.8
heloc,reduced,lightgbm,438858,761112,1.0,0.0,0.9999999999999998,4.96031746031746e-05,0.9908380952380952,5,1.0,8,0.8
heloc,reduced,lightgbm,438858,773919,1.0,0.0,0.9999999999999998,4.96031746031746e-05,0.9908380952380952,5,1.0,8,0.8
heloc,reduced,lightgbm,438858,778383,1.0,0.0,0.9999999999999998,4.96031746031746e-05,0.9908380952380952,5,1.0,8,0.8
heloc,reduced,lightgbm,438858,781548,1.0,0.0,0.9999999999999998,4.96031746031746e-05,0.9908380952380952,5,1.0,8,0.8
heloc,reduced,lightgbm,438858,786037,0.9761904761904763,3.3143960262001043e-05,0.9285714285714285,0.0003968253968253968,0.9908380952380952,5,1.0,8,0.8
heloc,reduced,lightgbm,438858,822743,0.9761904761904763,3.3143960262001043e-05,0.9285714285714285,0.0003968253968253968,0.9908380952380952,5,1.0,8,0.8
heloc,reduced,lightgbm,438858,827621,0.9761904761904763,3.3143960262001043e-05,0.9285714285714285,0.0003968253968253968,0.9908380952380952,5,1.0,8,0.8
heloc,reduced,lightgbm,438858,839722,1.0,0.0,0.9999999999999998,4.96031746031746e-05,0.9908380952380952,5,1.0,8,0.8
heloc,reduced,lightgbm,438858,858280,1.0,0.0,0.9999999999999998,4.96031746031746e-05,0.9908380952380952,5,1.0,8,0.8
heloc,reduced,lightgbm,438858,858560,1.0,0.0,0.9999999999999998,4.96031746031746e-05,0.9908380952380952,5,1.0,8,0.8
heloc,reduced,lightgbm,438858,887876,1.0,0.0,0.9999999999999998,4.96031746031746e-05,0.9908380952380952,5,1.0,8,0.8
heloc,reduced,lightgbm,438858,893119,1.0,0.0,0.9999999999999998,4.96031746031746e-05,0.9908380952380952,5,1.0,8,0.8
heloc,reduced,lightgbm,438858,926740,0.9761904761904763,3.3143960262001043e-05,0.9285714285714285,0.0003968253968253968,0.9908380952380952,5,1.0,8,0.8
heloc,reduced,lightgbm,438858,970694,1.0,0.0,0.9999999999999998,4.96031746031746e-05,0.9908380952380952,5,1.0,8,0.8
heloc,reduced,lightgbm,438858,975585,1.0,0.0,0.9999999999999998,4.96031746031746e-05,0.9908380952380952,5,1.0,8,0.8
heloc,reduced,lightgbm,443405,445686,0.9761904761904763,3.3143960262001043e-05,0.9285714285714285,0.0003968253968253968,0.9908380952380952,5,1.0,8,0.8
heloc,reduced,lightgbm,443405,450372,1.0,0.0,0.9999999999999998,4.96031746031746e-05,0.9908380952380952,5,1.0,8,0.8
heloc,reduced,lightgbm,443405,450451,0.9761904761904763,3.3143960262001043e-05,0.9285714285714285,0.0003968253968253968,0.9908380952380952,5,1.0,8,0.8
heloc,reduced,lightgbm,443405,500337,0.9761904761904763,3.3143960262001043e-05,0.9285714285714285,0.0003968253968253968,0.9908380952380952,5,1.0,8,0.8
heloc,reduced,lightgbm,443405,513210,0.9761904761904763,3.3143960262001043e-05,0.9285714285714285,0.0003968253968253968,0.9908380952380952,5,1.0,8,0.8
heloc,reduced,lightgbm,443405,526458,0.9761904761904763,3.3143960262001043e-05,0.9285714285714285,0.0003968253968253968,0.9908380952380952,5,1.0,8,0.8
heloc,reduced,lightgbm,443405,545418,0.9761904761904763,3.3143960262001043e-05,0.9285714285714285,0.0003968253968253968,0.9908380952380952,5,1.0,8,0.8
heloc,reduced,lightgbm,443405,554576,0.9761904761904763,3.3143960262001043e-05,0.9285714285714285,0.0003968253968253968,0.9908380952380952,5,1.0,8,0.8
heloc,reduced,lightgbm,443405,631658,0.9761904761904763,3.3143960262001043e-05,0.9285714285714285,0.0003968253968253968,0.9908380952380952,5,1.0,8,0.8
heloc,reduced,lightgbm,443405,643850,0.9761904761904763,3.3143960262001043e-05,0.9285714285714285,0.0003968253968253968,0.9908380952380952,5,1.0,8,0.8
heloc,reduced,lightgbm,443405,654541,1.0,0.0,0.9999999999999998,4.96031746031746e-05,0.9908380952380952,5,1.0,8,0.8
heloc,reduced,lightgbm,443405,677918,0.9761904761904763,3.3143960262001043e-05,0.9285714285714285,0.0003968253968253968,0.9908380952380952,5,1.0,8,0.8
heloc,reduced,lightgbm,443405,697339,0.9761904761904763,3.3143960262001043e-05,0.9285714285714285,0.0003968253968253968,0.9908380952380952,5,1.0,8,0.8
heloc,reduced,lightgbm,443405,700518,0.9761904761904763,3.3143960262001043e-05,0.9285714285714285,0.0003968253968253968,0.9908380952380952,5,1.0,8,0.8
heloc,reduced,lightgbm,443405,717452,1.0,0.0,0.9999999999999998,4.96031746031746e-05,0.9908380952380952,5,1.0,8,0.8
heloc,reduced,lightgbm,443405,735725,0.9761904761904763,3.3143960262001043e-05,0.9285714285714285,0.0003968253968253968,0.9908380952380952,5,1.0,8,0.8
heloc,reduced,lightgbm,443405,758081,0.9761904761904763,3.3143960262001043e-05,0.9285714285714285,0.0003968253968253968,0.9908380952380952,5,1.0,8,0.8
heloc,reduced,lightgbm,443405,761112,0.9761904761904763,3.3143960262001043e-05,0.9285714285714285,0.0003968253968253968,0.9908380952380952,5,1.0,8,0.8
heloc,reduced,lightgbm,443405,773919,0.9761904761904763,3.3143960262001043e-05,0.9285714285714285,0.0003968253968253968,0.9908380952380952,5,1.0,8,0.8
heloc,reduced,lightgbm,443405,778383,0.9761904761904763,3.3143960262001043e-05,0.9285714285714285,0.0003968253968253968,0.9908380952380952,5,1.0,8,0.8
heloc,reduced,lightgbm,443405,781548,0.9761904761904763,3.3143960262001043e-05,0.9285714285714285,0.0003968253968253968,0.9908380952380952,5,1.0,8,0.8
heloc,reduced,lightgbm,443405,786037,1.0,0.0,0.9999999999999998,4.96031746031746e-05,0.9908380952380952,5,1.0,8,0.8
heloc,reduced,lightgbm,443405,822743,1.0,0.0,0.9999999999999998,4.96031746031746e-05,0.9908380952380952,5,1.0,8,0.8
heloc,reduced,lightgbm,443405,827621,1.0,0.0,0.9999999999999998,4.96031746031746e-05,0.9908380952380952,5,1.0,8,0.8
heloc,reduced,lightgbm,443405,839722,0.9761904761904763,3.3143960262001043e-05,0.9285714285714285,0.0003968253968253968,0.9908380952380952,5,1.0,8,0.8
heloc,reduced,lightgbm,443405,858280,0.9761904761904763,3.3143960262001043e-05,0.9285714285714285,0.0003968253968253968,0.9908380952380952,5,1.0,8,0.8
heloc,reduced,lightgbm,443405,858560,0.9761904761904763,3.3143960262001043e-05,0.9285714285714285,0.0003968253968253968,0.9908380952380952,5,1.0,8,0.8
heloc,reduced,lightgbm,443405,887876,0.9761904761904763,3.3143960262001043e-05,0.9285714285714285,0.0003968253968253968,0.9908380952380952,5,1.0,8,0.8
heloc,reduced,lightgbm,443405,893119,0.9761904761904763,3.3143960262001043e-05,0.9285714285714285,0.0003968253968253968,0.9908380952380952,5,1.0,8,0.8
heloc,reduced,lightgbm,443405,926740,1.0,0.0,0.9999999999999998,4.96031746031746e-05,0.9908380952380952,5,1.0,8,0.8
heloc,reduced,lightgbm,443405,970694,0.9761904761904763,3.3143960262001043e-05,0.9285714285714285,0.0003968253968253968,0.9908380952380952,5,1.0,8,0.8
heloc,reduced,lightgbm,443405,975585,0.9761904761904763,3.3143960262001043e-05,0.9285714285714285,0.0003968253968253968,0.9908380952380952,5,1.0,8,0.8
heloc,reduced,lightgbm,445686,450372,0.9761904761904763,3.3143960262001043e-05,0.9285714285714285,0.0003968253968253968,0.9908380952380952,5,1.0,8,0.8
heloc,reduced,lightgbm,445686,450451,1.0,0.0,0.9999999999999998,4.96031746031746e-05,0.9908380952380952,5,1.0,8,0.8
heloc,reduced,lightgbm,445686,500337,1.0,0.0,0.9999999999999998,4.96031746031746e-05,0.9908380952380952,5,1.0,8,0.8
heloc,reduced,lightgbm,445686,513210,1.0,0.0,0.9999999999999998,4.96031746031746e-05,0.9908380952380952,5,1.0,8,0.8
heloc,reduced,lightgbm,445686,526458,1.0,0.0,0.9999999999999998,4.96031746031746e-05,0.9908380952380952,5,1.0,8,0.8
heloc,reduced,lightgbm,445686,545418,1.0,0.0,0.9999999999999998,4.96031746031746e-05,0.9908380952380952,5,1.0,8,0.8
heloc,reduced,lightgbm,445686,554576,1.0,0.0,0.9999999999999998,4.96031746031746e-05,0.9908380952380952,5,1.0,8,0.8
heloc,reduced,lightgbm,445686,631658,1.0,0.0,0.9999999999999998,4.96031746031746e-05,0.9908380952380952,5,1.0,8,0.8
heloc,reduced,lightgbm,445686,643850,1.0,0.0,0.9999999999999998,4.96031746031746e-05,0.9908380952380952,5,1.0,8,0.8
heloc,reduced,lightgbm,445686,654541,0.9761904761904763,3.3143960262001043e-05,0.9285714285714285,0.0003968253968253968,0.9908380952380952,5,1.0,8,0.8
heloc,reduced,lightgbm,445686,677918,1.0,0.0,0.9999999999999998,4.96031746031746e-05,0.9908380952380952,5,1.0,8,0.8
heloc,reduced,lightgbm,445686,697339,1.0,0.0,0.9999999999999998,4.96031746031746e-05,0.9908380952380952,5,1.0,8,0.8
heloc,reduced,lightgbm,445686,700518,1.0,0.0,0.9999999999999998,4.96031746031746e-05,0.9908380952380952,5,1.0,8,0.8
heloc,reduced,lightgbm,445686,717452,0.9761904761904763,3.3143960262001043e-05,0.9285714285714285,0.0003968253968253968,0.9908380952380952,5,1.0,8,0.8
heloc,reduced,lightgbm,445686,735725,1.0,0.0,0.9999999999999998,4.96031746031746e-05,0.9908380952380952,5,1.0,8,0.8
heloc,reduced,lightgbm,445686,758081,1.0,0.0,0.9999999999999998,4.96031746031746e-05,0.9908380952380952,5,1.0,8,0.8
heloc,reduced,lightgbm,445686,761112,1.0,0.0,0.9999999999999998,4.96031746031746e-05,0.9908380952380952,5,1.0,8,0.8
heloc,reduced,lightgbm,445686,773919,1.0,0.0,0.9999999999999998,4.96031746031746e-05,0.9908380952380952,5,1.0,8,0.8
heloc,reduced,lightgbm,445686,778383,1.0,0.0,0.9999999999999998,4.96031746031746e-05,0.9908380952380952,5,1.0,8,0.8
heloc,reduced,lightgbm,445686,781548,1.0,0.0,0.9999999999999998,4.96031746031746e-05,0.9908380952380952,5,1.0,8,0.8
heloc,reduced,lightgbm,445686,786037,0.9761904761904763,3.3143960262001043e-05,0.9285714285714285,0.0003968253968253968,0.9908380952380952,5,1.0,8,0.8
heloc,reduced,lightgbm,445686,822743,0.9761904761904763,3.3143960262001043e-05,0.9285714285714285,0.0003968253968253968,0.9908380952380952,5,1.0,8,0.8
heloc,reduced,lightgbm,445686,827621,0.9761904761904763,3.3143960262001043e-05,0.9285714285714285,0.0003968253968253968,0.9908380952380952,5,1.0,8,0.8
heloc,reduced,lightgbm,445686,839722,1.0,0.0,0.9999999999999998,4.96031746031746e-05,0.9908380952380952,5,1.0,8,0.8
heloc,reduced,lightgbm,445686,858280,1.0,0.0,0.9999999999999998,4.96031746031746e-05,0.9908380952380952,5,1.0,8,0.8
heloc,reduced,lightgbm,445686,858560,1.0,0.0,0.9999999999999998,4.96031746031746e-05,0.9908380952380952,5,1.0,8,0.8
heloc,reduced,lightgbm,445686,887876,1.0,0.0,0.9999999999999998,4.96031746031746e-05,0.9908380952380952,5,1.0,8,0.8
heloc,reduced,lightgbm,445686,893119,1.0,0.0,0.9999999999999998,4.96031746031746e-05,0.9908380952380952,5,1.0,8,0.8
heloc,reduced,lightgbm,445686,926740,0.9761904761904763,3.3143960262001043e-05,0.9285714285714285,0.0003968253968253968,0.9908380952380952,5,1.0,8,0.8
heloc,reduced,lightgbm,445686,970694,1.0,0.0,0.9999999999999998,4.96031746031746e-05,0.9908380952380952,5,1.0,8,0.8
heloc,reduced,lightgbm,445686,975585,1.0,0.0,0.9999999999999998,4.96031746031746e-05,0.9908380952380952,5,1.0,8,0.8
heloc,reduced,lightgbm,450372,450451,0.9761904761904763,3.3143960262001043e-05,0.9285714285714285,0.0003968253968253968,0.9908380952380952,5,1.0,8,0.8
heloc,reduced,lightgbm,450372,500337,0.9761904761904763,3.3143960262001043e-05,0.9285714285714285,0.0003968253968253968,0.9908380952380952,5,1.0,8,0.8
heloc,reduced,lightgbm,450372,513210,0.9761904761904763,3.3143960262001043e-05,0.9285714285714285,0.0003968253968253968,0.9908380952380952,5,1.0,8,0.8
heloc,reduced,lightgbm,450372,526458,0.9761904761904763,3.3143960262001043e-05,0.9285714285714285,0.0003968253968253968,0.9908380952380952,5,1.0,8,0.8
heloc,reduced,lightgbm,450372,545418,0.9761904761904763,3.3143960262001043e-05,0.9285714285714285,0.0003968253968253968,0.9908380952380952,5,1.0,8,0.8
heloc,reduced,lightgbm,450372,554576,0.9761904761904763,3.3143960262001043e-05,0.9285714285714285,0.0003968253968253968,0.9908380952380952,5,1.0,8,0.8
heloc,reduced,lightgbm,450372,631658,0.9761904761904763,3.3143960262001043e-05,0.9285714285714285,0.0003968253968253968,0.9908380952380952,5,1.0,8,0.8
heloc,reduced,lightgbm,450372,643850,0.9761904761904763,3.3143960262001043e-05,0.9285714285714285,0.0003968253968253968,0.9908380952380952,5,1.0,8,0.8
heloc,reduced,lightgbm,450372,654541,1.0,0.0,0.9999999999999998,4.96031746031746e-05,0.9908380952380952,5,1.0,8,0.8
heloc,reduced,lightgbm,450372,677918,0.9761904761904763,3.3143960262001043e-05,0.9285714285714285,0.0003968253968253968,0.9908380952380952,5,1.0,8,0.8
heloc,reduced,lightgbm,450372,697339,0.9761904761904763,3.3143960262001043e-05,0.9285714285714285,0.0003968253968253968,0.9908380952380952,5,1.0,8,0.8
heloc,reduced,lightgbm,450372,700518,0.9761904761904763,3.3143960262001043e-05,0.9285714285714285,0.0003968253968253968,0.9908380952380952,5,1.0,8,0.8
heloc,reduced,lightgbm,450372,717452,1.0,0.0,0.9999999999999998,4.96031746031746e-05,0.9908380952380952,5,1.0,8,0.8
heloc,reduced,lightgbm,450372,735725,0.9761904761904763,3.3143960262001043e-05,0.9285714285714285,0.0003968253968253968,0.9908380952380952,5,1.0,8,0.8
heloc,reduced,lightgbm,450372,758081,0.9761904761904763,3.3143960262001043e-05,0.9285714285714285,0.0003968253968253968,0.9908380952380952,5,1.0,8,0.8
heloc,reduced,lightgbm,450372,761112,0.9761904761904763,3.3143960262001043e-05,0.9285714285714285,0.0003968253968253968,0.9908380952380952,5,1.0,8,0.8
heloc,reduced,lightgbm,450372,773919,0.9761904761904763,3.3143960262001043e-05,0.9285714285714285,0.0003968253968253968,0.9908380952380952,5,1.0,8,0.8
heloc,reduced,lightgbm,450372,778383,0.9761904761904763,3.3143960262001043e-05,0.9285714285714285,0.0003968253968253968,0.9908380952380952,5,1.0,8,0.8
heloc,reduced,lightgbm,450372,781548,0.9761904761904763,3.3143960262001043e-05,0.9285714285714285,0.0003968253968253968,0.9908380952380952,5,1.0,8,0.8
heloc,reduced,lightgbm,450372,786037,1.0,0.0,0.9999999999999998,4.96031746031746e-05,0.9908380952380952,5,1.0,8,0.8
heloc,reduced,lightgbm,450372,822743,1.0,0.0,0.9999999999999998,4.96031746031746e-05,0.9908380952380952,5,1.0,8,0.8
heloc,reduced,lightgbm,450372,827621,1.0,0.0,0.9999999999999998,4.96031746031746e-05,0.9908380952380952,5,1.0,8,0.8
heloc,reduced,lightgbm,450372,839722,0.9761904761904763,3.3143960262001043e-05,0.9285714285714285,0.0003968253968253968,0.9908380952380952,5,1.0,8,0.8
heloc,reduced,lightgbm,450372,858280,0.9761904761904763,3.3143960262001043e-05,0.9285714285714285,0.0003968253968253968,0.9908380952380952,5,1.0,8,0.8
heloc,reduced,lightgbm,450372,858560,0.9761904761904763,3.3143960262001043e-05,0.9285714285714285,0.0003968253968253968,0.9908380952380952,5,1.0,8,0.8
heloc,reduced,lightgbm,450372,887876,0.9761904761904763,3.3143960262001043e-05,0.9285714285714285,0.0003968253968253968,0.9908380952380952,5,1.0,8,0.8
heloc,reduced,lightgbm,450372,893119,0.9761904761904763,3.3143960262001043e-05,0.9285714285714285,0.0003968253968253968,0.9908380952380952,5,1.0,8,0.8
heloc,reduced,lightgbm,450372,926740,1.0,0.0,0.9999999999999998,4.96031746031746e-05,0.9908380952380952,5,1.0,8,0.8
heloc,reduced,lightgbm,450372,970694,0.9761904761904763,3.3143960262001043e-05,0.9285714285714285,0.0003968253968253968,0.9908380952380952,5,1.0,8,0.8
heloc,reduced,lightgbm,450372,975585,0.9761904761904763,3.3143960262001043e-05,0.9285714285714285,0.0003968253968253968,0.9908380952380952,5,1.0,8,0.8
heloc,reduced,lightgbm,450451,500337,1.0,0.0,0.9999999999999998,4.96031746031746e-05,0.9908380952380952,5,1.0,8,0.8
heloc,reduced,lightgbm,450451,513210,1.0,0.0,0.9999999999999998,4.96031746031746e-05,0.9908380952380952,5,1.0,8,0.8
heloc,reduced,lightgbm,450451,526458,1.0,0.0,0.9999999999999998,4.96031746031746e-05,0.9908380952380952,5,1.0,8,0.8
heloc,reduced,lightgbm,450451,545418,1.0,0.0,0.9999999999999998,4.96031746031746e-05,0.9908380952380952,5,1.0,8,0.8
heloc,reduced,lightgbm,450451,554576,1.0,0.0,0.9999999999999998,4.96031746031746e-05,0.9908380952380952,5,1.0,8,0.8
heloc,reduced,lightgbm,450451,631658,1.0,0.0,0.9999999999999998,4.96031746031746e-05,0.9908380952380952,5,1.0,8,0.8
heloc,reduced,lightgbm,450451,643850,1.0,0.0,0.9999999999999998,4.96031746031746e-05,0.9908380952380952,5,1.0,8,0.8
heloc,reduced,lightgbm,450451,654541,0.9761904761904763,3.3143960262001043e-05,0.9285714285714285,0.0003968253968253968,0.9908380952380952,5,1.0,8,0.8
heloc,reduced,lightgbm,450451,677918,1.0,0.0,0.9999999999999998,4.96031746031746e-05,0.9908380952380952,5,1.0,8,0.8
heloc,reduced,lightgbm,450451,697339,1.0,0.0,0.9999999999999998,4.96031746031746e-05,0.9908380952380952,5,1.0,8,0.8
heloc,reduced,lightgbm,450451,700518,1.0,0.0,0.9999999999999998,4.96031746031746e-05,0.9908380952380952,5,1.0,8,0.8
heloc,reduced,lightgbm,450451,717452,0.9761904761904763,3.3143960262001043e-05,0.9285714285714285,0.0003968253968253968,0.9908380952380952,5,1.0,8,0.8
heloc,reduced,lightgbm,450451,735725,1.0,0.0,0.9999999999999998,4.96031746031746e-05,0.9908380952380952,5,1.0,8,0.8
heloc,reduced,lightgbm,450451,758081,1.0,0.0,0.9999999999999998,4.96031746031746e-05,0.9908380952380952,5,1.0,8,0.8
heloc,reduced,lightgbm,450451,761112,1.0,0.0,0.9999999999999998,4.96031746031746e-05,0.9908380952380952,5,1.0,8,0.8
heloc,reduced,lightgbm,450451,773919,1.0,0.0,0.9999999999999998,4.96031746031746e-05,0.9908380952380952,5,1.0,8,0.8
heloc,reduced,lightgbm,450451,778383,1.0,0.0,0.9999999999999998,4.96031746031746e-05,0.9908380952380952,5,1.0,8,0.8
heloc,reduced,lightgbm,450451,781548,1.0,0.0,0.9999999999999998,4.96031746031746e-05,0.9908380952380952,5,1.0,8,0.8
heloc,reduced,lightgbm,450451,786037,0.9761904761904763,3.3143960262001043e-05,0.9285714285714285,0.0003968253968253968,0.9908380952380952,5,1.0,8,0.8
heloc,reduced,lightgbm,450451,822743,0.9761904761904763,3.3143960262001043e-05,0.9285714285714285,0.0003968253968253968,0.9908380952380952,5,1.0,8,0.8
heloc,reduced,lightgbm,450451,827621,0.9761904761904763,3.3143960262001043e-05,0.9285714285714285,0.0003968253968253968,0.9908380952380952,5,1.0,8,0.8
heloc,reduced,lightgbm,450451,839722,1.0,0.0,0.9999999999999998,4.96031746031746e-05,0.9908380952380952,5,1.0,8,0.8
heloc,reduced,lightgbm,450451,858280,1.0,0.0,0.9999999999999998,4.96031746031746e-05,0.9908380952380952,5,1.0,8,0.8
heloc,reduced,lightgbm,450451,858560,1.0,0.0,0.9999999999999998,4.96031746031746e-05,0.9908380952380952,5,1.0,8,0.8
heloc,reduced,lightgbm,450451,887876,1.0,0.0,0.9999999999999998,4.96031746031746e-05,0.9908380952380952,5,1.0,8,0.8
heloc,reduced,lightgbm,450451,893119,1.0,0.0,0.9999999999999998,4.96031746031746e-05,0.9908380952380952,5,1.0,8,0.8
heloc,reduced,lightgbm,450451,926740,0.9761904761904763,3.3143960262001043e-05,0.9285714285714285,0.0003968253968253968,0.9908380952380952,5,1.0,8,0.8
heloc,reduced,lightgbm,450451,970694,1.0,0.0,0.9999999999999998,4.96031746031746e-05,0.9908380952380952,5,1.0,8,0.8
heloc,reduced,lightgbm,450451,975585,1.0,0.0,0.9999999999999998,4.96031746031746e-05,0.9908380952380952,5,1.0,8,0.8
heloc,reduced,lightgbm,500337,513210,1.0,0.0,0.9999999999999998,4.96031746031746e-05,0.9908380952380952,5,1.0,8,0.8
heloc,reduced,lightgbm,500337,526458,1.0,0.0,0.9999999999999998,4.96031746031746e-05,0.9908380952380952,5,1.0,8,0.8
heloc,reduced,lightgbm,500337,545418,1.0,0.0,0.9999999999999998,4.96031746031746e-05,0.9908380952380952,5,1.0,8,0.8
heloc,reduced,lightgbm,500337,554576,1.0,0.0,0.9999999999999998,4.96031746031746e-05,0.9908380952380952,5,1.0,8,0.8
heloc,reduced,lightgbm,500337,631658,1.0,0.0,0.9999999999999998,4.96031746031746e-05,0.9908380952380952,5,1.0,8,0.8
heloc,reduced,lightgbm,500337,643850,1.0,0.0,0.9999999999999998,4.96031746031746e-05,0.9908380952380952,5,1.0,8,0.8
heloc,reduced,lightgbm,500337,654541,0.9761904761904763,3.3143960262001043e-05,0.9285714285714285,0.0003968253968253968,0.9908380952380952,5,1.0,8,0.8
heloc,reduced,lightgbm,500337,677918,1.0,0.0,0.9999999999999998,4.96031746031746e-05,0.9908380952380952,5,1.0,8,0.8
heloc,reduced,lightgbm,500337,697339,1.0,0.0,0.9999999999999998,4.96031746031746e-05,0.9908380952380952,5,1.0,8,0.8
heloc,reduced,lightgbm,500337,700518,1.0,0.0,0.9999999999999998,4.96031746031746e-05,0.9908380952380952,5,1.0,8,0.8
heloc,reduced,lightgbm,500337,717452,0.9761904761904763,3.3143960262001043e-05,0.9285714285714285,0.0003968253968253968,0.9908380952380952,5,1.0,8,0.8
heloc,reduced,lightgbm,500337,735725,1.0,0.0,0.9999999999999998,4.96031746031746e-05,0.9908380952380952,5,1.0,8,0.8
heloc,reduced,lightgbm,500337,758081,1.0,0.0,0.9999999999999998,4.96031746031746e-05,0.9908380952380952,5,1.0,8,0.8
heloc,reduced,lightgbm,500337,761112,1.0,0.0,0.9999999999999998,4.96031746031746e-05,0.9908380952380952,5,1.0,8,0.8
heloc,reduced,lightgbm,500337,773919,1.0,0.0,0.9999999999999998,4.96031746031746e-05,0.9908380952380952,5,1.0,8,0.8
heloc,reduced,lightgbm,500337,778383,1.0,0.0,0.9999999999999998,4.96031746031746e-05,0.9908380952380952,5,1.0,8,0.8
heloc,reduced,lightgbm,500337,781548,1.0,0.0,0.9999999999999998,4.96031746031746e-05,0.9908380952380952,5,1.0,8,0.8
heloc,reduced,lightgbm,500337,786037,0.9761904761904763,3.3143960262001043e-05,0.9285714285714285,0.0003968253968253968,0.9908380952380952,5,1.0,8,0.8
heloc,reduced,lightgbm,500337,822743,0.9761904761904763,3.3143960262001043e-05,0.9285714285714285,0.0003968253968253968,0.9908380952380952,5,1.0,8,0.8
heloc,reduced,lightgbm,500337,827621,0.9761904761904763,3.3143960262001043e-05,0.9285714285714285,0.0003968253968253968,0.9908380952380952,5,1.0,8,0.8
heloc,reduced,lightgbm,500337,839722,1.0,0.0,0.9999999999999998,4.96031746031746e-05,0.9908380952380952,5,1.0,8,0.8
heloc,reduced,lightgbm,500337,858280,1.0,0.0,0.9999999999999998,4.96031746031746e-05,0.9908380952380952,5,1.0,8,0.8
heloc,reduced,lightgbm,500337,858560,1.0,0.0,0.9999999999999998,4.96031746031746e-05,0.9908380952380952,5,1.0,8,0.8
heloc,reduced,lightgbm,500337,887876,1.0,0.0,0.9999999999999998,4.96031746031746e-05,0.9908380952380952,5,1.0,8,0.8
heloc,reduced,lightgbm,500337,893119,1.0,0.0,0.9999999999999998,4.96031746031746e-05,0.9908380952380952,5,1.0,8,0.8
heloc,reduced,lightgbm,500337,926740,0.9761904761904763,3.3143960262001043e-05,0.9285714285714285,0.0003968253968253968,0.9908380952380952,5,1.0,8,0.8
heloc,reduced,lightgbm,500337,970694,1.0,0.0,0.9999999999999998,4.96031746031746e-05,0.9908380952380952,5,1.0,8,0.8
heloc,reduced,lightgbm,500337,975585,1.0,0.0,0.9999999999999998,4.96031746031746e-05,0.9908380952380952,5,1.0,8,0.8
heloc,reduced,lightgbm,513210,526458,1.0,0.0,0.9999999999999998,4.96031746031746e-05,0.9908380952380952,5,1.0,8,0.8
heloc,reduced,lightgbm,513210,545418,1.0,0.0,0.9999999999999998,4.96031746031746e-05,0.9908380952380952,5,1.0,8,0.8
heloc,reduced,lightgbm,513210,554576,1.0,0.0,0.9999999999999998,4.96031746031746e-05,0.9908380952380952,5,1.0,8,0.8
heloc,reduced,lightgbm,513210,631658,1.0,0.0,0.9999999999999998,4.96031746031746e-05,0.9908380952380952,5,1.0,8,0.8
heloc,reduced,lightgbm,513210,643850,1.0,0.0,0.9999999999999998,4.96031746031746e-05,0.9908380952380952,5,1.0,8,0.8
heloc,reduced,lightgbm,513210,654541,0.9761904761904763,3.3143960262001043e-05,0.9285714285714285,0.0003968253968253968,0.9908380952380952,5,1.0,8,0.8
heloc,reduced,lightgbm,513210,677918,1.0,0.0,0.9999999999999998,4.96031746031746e-05,0.9908380952380952,5,1.0,8,0.8
heloc,reduced,lightgbm,513210,697339,1.0,0.0,0.9999999999999998,4.96031746031746e-05,0.9908380952380952,5,1.0,8,0.8
heloc,reduced,lightgbm,513210,700518,1.0,0.0,0.9999999999999998,4.96031746031746e-05,0.9908380952380952,5,1.0,8,0.8
heloc,reduced,lightgbm,513210,717452,0.9761904761904763,3.3143960262001043e-05,0.9285714285714285,0.0003968253968253968,0.9908380952380952,5,1.0,8,0.8
heloc,reduced,lightgbm,513210,735725,1.0,0.0,0.9999999999999998,4.96031746031746e-05,0.9908380952380952,5,1.0,8,0.8
heloc,reduced,lightgbm,513210,758081,1.0,0.0,0.9999999999999998,4.96031746031746e-05,0.9908380952380952,5,1.0,8,0.8
heloc,reduced,lightgbm,513210,761112,1.0,0.0,0.9999999999999998,4.96031746031746e-05,0.9908380952380952,5,1.0,8,0.8
heloc,reduced,lightgbm,513210,773919,1.0,0.0,0.9999999999999998,4.96031746031746e-05,0.9908380952380952,5,1.0,8,0.8
heloc,reduced,lightgbm,513210,778383,1.0,0.0,0.9999999999999998,4.96031746031746e-05,0.9908380952380952,5,1.0,8,0.8
heloc,reduced,lightgbm,513210,781548,1.0,0.0,0.9999999999999998,4.96031746031746e-05,0.9908380952380952,5,1.0,8,0.8
heloc,reduced,lightgbm,513210,786037,0.9761904761904763,3.3143960262001043e-05,0.9285714285714285,0.0003968253968253968,0.9908380952380952,5,1.0,8,0.8
heloc,reduced,lightgbm,513210,822743,0.9761904761904763,3.3143960262001043e-05,0.9285714285714285,0.0003968253968253968,0.9908380952380952,5,1.0,8,0.8
heloc,reduced,lightgbm,513210,827621,0.9761904761904763,3.3143960262001043e-05,0.9285714285714285,0.0003968253968253968,0.9908380952380952,5,1.0,8,0.8
heloc,reduced,lightgbm,513210,839722,1.0,0.0,0.9999999999999998,4.96031746031746e-05,0.9908380952380952,5,1.0,8,0.8
heloc,reduced,lightgbm,513210,858280,1.0,0.0,0.9999999999999998,4.96031746031746e-05,0.9908380952380952,5,1.0,8,0.8
heloc,reduced,lightgbm,513210,858560,1.0,0.0,0.9999999999999998,4.96031746031746e-05,0.9908380952380952,5,1.0,8,0.8
heloc,reduced,lightgbm,513210,887876,1.0,0.0,0.9999999999999998,4.96031746031746e-05,0.9908380952380952,5,1.0,8,0.8
heloc,reduced,lightgbm,513210,893119,1.0,0.0,0.9999999999999998,4.96031746031746e-05,0.9908380952380952,5,1.0,8,0.8
heloc,reduced,lightgbm,513210,926740,0.9761904761904763,3.3143960262001043e-05,0.9285714285714285,0.0003968253968253968,0.9908380952380952,5,1.0,8,0.8
heloc,reduced,lightgbm,513210,970694,1.0,0.0,0.9999999999999998,4.96031746031746e-05,0.9908380952380952,5,1.0,8,0.8
heloc,reduced,lightgbm,513210,975585,1.0,0.0,0.9999999999999998,4.96031746031746e-05,0.9908380952380952,5,1.0,8,0.8
heloc,reduced,lightgbm,526458,545418,1.0,0.0,0.9999999999999998,4.96031746031746e-05,0.9908380952380952,5,1.0,8,0.8
heloc,reduced,lightgbm,526458,554576,1.0,0.0,0.9999999999999998,4.96031746031746e-05,0.9908380952380952,5,1.0,8,0.8
heloc,reduced,lightgbm,526458,631658,1.0,0.0,0.9999999999999998,4.96031746031746e-05,0.9908380952380952,5,1.0,8,0.8
heloc,reduced,lightgbm,526458,643850,1.0,0.0,0.9999999999999998,4.96031746031746e-05,0.9908380952380952,5,1.0,8,0.8
heloc,reduced,lightgbm,526458,654541,0.9761904761904763,3.3143960262001043e-05,0.9285714285714285,0.0003968253968253968,0.9908380952380952,5,1.0,8,0.8
heloc,reduced,lightgbm,526458,677918,1.0,0.0,0.9999999999999998,4.96031746031746e-05,0.9908380952380952,5,1.0,8,0.8
heloc,reduced,lightgbm,526458,697339,1.0,0.0,0.9999999999999998,4.96031746031746e-05,0.9908380952380952,5,1.0,8,0.8
heloc,reduced,lightgbm,526458,700518,1.0,0.0,0.9999999999999998,4.96031746031746e-05,0.9908380952380952,5,1.0,8,0.8
heloc,reduced,lightgbm,526458,717452,0.9761904761904763,3.3143960262001043e-05,0.9285714285714285,0.0003968253968253968,0.9908380952380952,5,1.0,8,0.8
heloc,reduced,lightgbm,526458,735725,1.0,0.0,0.9999999999999998,4.96031746031746e-05,0.9908380952380952,5,1.0,8,0.8
heloc,reduced,lightgbm,526458,758081,1.0,0.0,0.9999999999999998,4.96031746031746e-05,0.9908380952380952,5,1.0,8,0.8
heloc,reduced,lightgbm,526458,761112,1.0,0.0,0.9999999999999998,4.96031746031746e-05,0.9908380952380952,5,1.0,8,0.8
heloc,reduced,lightgbm,526458,773919,1.0,0.0,0.9999999999999998,4.96031746031746e-05,0.9908380952380952,5,1.0,8,0.8
heloc,reduced,lightgbm,526458,778383,1.0,0.0,0.9999999999999998,4.96031746031746e-05,0.9908380952380952,5,1.0,8,0.8
heloc,reduced,lightgbm,526458,781548,1.0,0.0,0.9999999999999998,4.96031746031746e-05,0.9908380952380952,5,1.0,8,0.8
heloc,reduced,lightgbm,526458,786037,0.9761904761904763,3.3143960262001043e-05,0.9285714285714285,0.0003968253968253968,0.9908380952380952,5,1.0,8,0.8
heloc,reduced,lightgbm,526458,822743,0.9761904761904763,3.3143960262001043e-05,0.9285714285714285,0.0003968253968253968,0.9908380952380952,5,1.0,8,0.8
heloc,reduced,lightgbm,526458,827621,0.9761904761904763,3.3143960262001043e-05,0.9285714285714285,0.0003968253968253968,0.9908380952380952,5,1.0,8,0.8
heloc,reduced,lightgbm,526458,839722,1.0,0.0,0.9999999999999998,4.96031746031746e-05,0.9908380952380952,5,1.0,8,0.8
heloc,reduced,lightgbm,526458,858280,1.0,0.0,0.9999999999999998,4.96031746031746e-05,0.9908380952380952,5,1.0,8,0.8
heloc,reduced,lightgbm,526458,858560,1.0,0.0,0.9999999999999998,4.96031746031746e-05,0.9908380952380952,5,1.0,8,0.8
heloc,reduced,lightgbm,526458,887876,1.0,0.0,0.9999999999999998,4.96031746031746e-05,0.9908380952380952,5,1.0,8,0.8
heloc,reduced,lightgbm,526458,893119,1.0,0.0,0.9999999999999998,4.96031746031746e-05,0.9908380952380952,5,1.0,8,0.8
heloc,reduced,lightgbm,526458,926740,0.9761904761904763,3.3143960262001043e-05,0.9285714285714285,0.0003968253968253968,0.9908380952380952,5,1.0,8,0.8
heloc,reduced,lightgbm,526458,970694,1.0,0.0,0.9999999999999998,4.96031746031746e-05,0.9908380952380952,5,1.0,8,0.8
heloc,reduced,lightgbm,526458,975585,1.0,0.0,0.9999999999999998,4.96031746031746e-05,0.9908380952380952,5,1.0,8,0.8
heloc,reduced,lightgbm,545418,554576,1.0,0.0,0.9999999999999998,4.96031746031746e-05,0.9908380952380952,5,1.0,8,0.8
heloc,reduced,lightgbm,545418,631658,1.0,0.0,0.9999999999999998,4.96031746031746e-05,0.9908380952380952,5,1.0,8,0.8
heloc,reduced,lightgbm,545418,643850,1.0,0.0,0.9999999999999998,4.96031746031746e-05,0.9908380952380952,5,1.0,8,0.8
heloc,reduced,lightgbm,545418,654541,0.9761904761904763,3.3143960262001043e-05,0.9285714285714285,0.0003968253968253968,0.9908380952380952,5,1.0,8,0.8
heloc,reduced,lightgbm,545418,677918,1.0,0.0,0.9999999999999998,4.96031746031746e-05,0.9908380952380952,5,1.0,8,0.8
heloc,reduced,lightgbm,545418,697339,1.0,0.0,0.9999999999999998,4.96031746031746e-05,0.9908380952380952,5,1.0,8,0.8
heloc,reduced,lightgbm,545418,700518,1.0,0.0,0.9999999999999998,4.96031746031746e-05,0.9908380952380952,5,1.0,8,0.8
heloc,reduced,lightgbm,545418,717452,0.9761904761904763,3.3143960262001043e-05,0.9285714285714285,0.0003968253968253968,0.9908380952380952,5,1.0,8,0.8
heloc,reduced,lightgbm,545418,735725,1.0,0.0,0.9999999999999998,4.96031746031746e-05,0.9908380952380952,5,1.0,8,0.8
heloc,reduced,lightgbm,545418,758081,1.0,0.0,0.9999999999999998,4.96031746031746e-05,0.9908380952380952,5,1.0,8,0.8
heloc,reduced,lightgbm,545418,761112,1.0,0.0,0.9999999999999998,4.96031746031746e-05,0.9908380952380952,5,1.0,8,0.8
heloc,reduced,lightgbm,545418,773919,1.0,0.0,0.9999999999999998,4.96031746031746e-05,0.9908380952380952,5,1.0,8,0.8
heloc,reduced,lightgbm,545418,778383,1.0,0.0,0.9999999999999998,4.96031746031746e-05,0.9908380952380952,5,1.0,8,0.8
heloc,reduced,lightgbm,545418,781548,1.0,0.0,0.9999999999999998,4.96031746031746e-05,0.9908380952380952,5,1.0,8,0.8
heloc,reduced,lightgbm,545418,786037,0.9761904761904763,3.3143960262001043e-05,0.9285714285714285,0.0003968253968253968,0.9908380952380952,5,1.0,8,0.8
heloc,reduced,lightgbm,545418,822743,0.9761904761904763,3.3143960262001043e-05,0.9285714285714285,0.0003968253968253968,0.9908380952380952,5,1.0,8,0.8
heloc,reduced,lightgbm,545418,827621,0.9761904761904763,3.3143960262001043e-05,0.9285714285714285,0.0003968253968253968,0.9908380952380952,5,1.0,8,0.8
heloc,reduced,lightgbm,545418,839722,1.0,0.0,0.9999999999999998,4.96031746031746e-05,0.9908380952380952,5,1.0,8,0.8
heloc,reduced,lightgbm,545418,858280,1.0,0.0,0.9999999999999998,4.96031746031746e-05,0.9908380952380952,5,1.0,8,0.8
heloc,reduced,lightgbm,545418,858560,1.0,0.0,0.9999999999999998,4.96031746031746e-05,0.9908380952380952,5,1.0,8,0.8
heloc,reduced,lightgbm,545418,887876,1.0,0.0,0.9999999999999998,4.96031746031746e-05,0.9908380952380952,5,1.0,8,0.8
heloc,reduced,lightgbm,545418,893119,1.0,0.0,0.9999999999999998,4.96031746031746e-05,0.9908380952380952,5,1.0,8,0.8
heloc,reduced,lightgbm,545418,926740,0.9761904761904763,3.3143960262001043e-05,0.9285714285714285,0.0003968253968253968,0.9908380952380952,5,1.0,8,0.8
heloc,reduced,lightgbm,545418,970694,1.0,0.0,0.9999999999999998,4.96031746031746e-05,0.9908380952380952,5,1.0,8,0.8
heloc,reduced,lightgbm,545418,975585,1.0,0.0,0.9999999999999998,4.96031746031746e-05,0.9908380952380952,5,1.0,8,0.8
heloc,reduced,lightgbm,554576,631658,1.0,0.0,0.9999999999999998,4.96031746031746e-05,0.9908380952380952,5,1.0,8,0.8
heloc,reduced,lightgbm,554576,643850,1.0,0.0,0.9999999999999998,4.96031746031746e-05,0.9908380952380952,5,1.0,8,0.8
heloc,reduced,lightgbm,554576,654541,0.9761904761904763,3.3143960262001043e-05,0.9285714285714285,0.0003968253968253968,0.9908380952380952,5,1.0,8,0.8
heloc,reduced,lightgbm,554576,677918,1.0,0.0,0.9999999999999998,4.96031746031746e-05,0.9908380952380952,5,1.0,8,0.8
heloc,reduced,lightgbm,554576,697339,1.0,0.0,0.9999999999999998,4.96031746031746e-05,0.9908380952380952,5,1.0,8,0.8
heloc,reduced,lightgbm,554576,700518,1.0,0.0,0.9999999999999998,4.96031746031746e-05,0.9908380952380952,5,1.0,8,0.8
heloc,reduced,lightgbm,554576,717452,0.9761904761904763,3.3143960262001043e-05,0.9285714285714285,0.0003968253968253968,0.9908380952380952,5,1.0,8,0.8
heloc,reduced,lightgbm,554576,735725,1.0,0.0,0.9999999999999998,4.96031746031746e-05,0.9908380952380952,5,1.0,8,0.8
heloc,reduced,lightgbm,554576,758081,1.0,0.0,0.9999999999999998,4.96031746031746e-05,0.9908380952380952,5,1.0,8,0.8
heloc,reduced,lightgbm,554576,761112,1.0,0.0,0.9999999999999998,4.96031746031746e-05,0.9908380952380952,5,1.0,8,0.8
heloc,reduced,lightgbm,554576,773919,1.0,0.0,0.9999999999999998,4.96031746031746e-05,0.9908380952380952,5,1.0,8,0.8
heloc,reduced,lightgbm,554576,778383,1.0,0.0,0.9999999999999998,4.96031746031746e-05,0.9908380952380952,5,1.0,8,0.8
heloc,reduced,lightgbm,554576,781548,1.0,0.0,0.9999999999999998,4.96031746031746e-05,0.9908380952380952,5,1.0,8,0.8
heloc,reduced,lightgbm,554576,786037,0.9761904761904763,3.3143960262001043e-05,0.9285714285714285,0.0003968253968253968,0.9908380952380952,5,1.0,8,0.8
heloc,reduced,lightgbm,554576,822743,0.9761904761904763,3.3143960262001043e-05,0.9285714285714285,0.0003968253968253968,0.9908380952380952,5,1.0,8,0.8
heloc,reduced,lightgbm,554576,827621,0.9761904761904763,3.3143960262001043e-05,0.9285714285714285,0.0003968253968253968,0.9908380952380952,5,1.0,8,0.8
heloc,reduced,lightgbm,554576,839722,1.0,0.0,0.9999999999999998,4.96031746031746e-05,0.9908380952380952,5,1.0,8,0.8
heloc,reduced,lightgbm,554576,858280,1.0,0.0,0.9999999999999998,4.96031746031746e-05,0.9908380952380952,5,1.0,8,0.8
heloc,reduced,lightgbm,554576,858560,1.0,0.0,0.9999999999999998,4.96031746031746e-05,0.9908380952380952,5,1.0,8,0.8
heloc,reduced,lightgbm,554576,887876,1.0,0.0,0.9999999999999998,4.96031746031746e-05,0.9908380952380952,5,1.0,8,0.8
heloc,reduced,lightgbm,554576,893119,1.0,0.0,0.9999999999999998,4.96031746031746e-05,0.9908380952380952,5,1.0,8,0.8
heloc,reduced,lightgbm,554576,926740,0.9761904761904763,3.3143960262001043e-05,0.9285714285714285,0.0003968253968253968,0.9908380952380952,5,1.0,8,0.8
heloc,reduced,lightgbm,554576,970694,1.0,0.0,0.9999999999999998,4.96031746031746e-05,0.9908380952380952,5,1.0,8,0.8
heloc,reduced,lightgbm,554576,975585,1.0,0.0,0.9999999999999998,4.96031746031746e-05,0.9908380952380952,5,1.0,8,0.8
heloc,reduced,lightgbm,631658,643850,1.0,0.0,0.9999999999999998,4.96031746031746e-05,0.9908380952380952,5,1.0,8,0.8
heloc,reduced,lightgbm,631658,654541,0.9761904761904763,3.3143960262001043e-05,0.9285714285714285,0.0003968253968253968,0.9908380952380952,5,1.0,8,0.8
heloc,reduced,lightgbm,631658,677918,1.0,0.0,0.9999999999999998,4.96031746031746e-05,0.9908380952380952,5,1.0,8,0.8
heloc,reduced,lightgbm,631658,697339,1.0,0.0,0.9999999999999998,4.96031746031746e-05,0.9908380952380952,5,1.0,8,0.8
heloc,reduced,lightgbm,631658,700518,1.0,0.0,0.9999999999999998,4.96031746031746e-05,0.9908380952380952,5,1.0,8,0.8
heloc,reduced,lightgbm,631658,717452,0.9761904761904763,3.3143960262001043e-05,0.9285714285714285,0.0003968253968253968,0.9908380952380952,5,1.0,8,0.8
heloc,reduced,lightgbm,631658,735725,1.0,0.0,0.9999999999999998,4.96031746031746e-05,0.9908380952380952,5,1.0,8,0.8
heloc,reduced,lightgbm,631658,758081,1.0,0.0,0.9999999999999998,4.96031746031746e-05,0.9908380952380952,5,1.0,8,0.8
heloc,reduced,lightgbm,631658,761112,1.0,0.0,0.9999999999999998,4.96031746031746e-05,0.9908380952380952,5,1.0,8,0.8
heloc,reduced,lightgbm,631658,773919,1.0,0.0,0.9999999999999998,4.96031746031746e-05,0.9908380952380952,5,1.0,8,0.8
heloc,reduced,lightgbm,631658,778383,1.0,0.0,0.9999999999999998,4.96031746031746e-05,0.9908380952380952,5,1.0,8,0.8
heloc,reduced,lightgbm,631658,781548,1.0,0.0,0.9999999999999998,4.96031746031746e-05,0.9908380952380952,5,1.0,8,0.8
heloc,reduced,lightgbm,631658,786037,0.9761904761904763,3.3143960262001043e-05,0.9285714285714285,0.0003968253968253968,0.9908380952380952,5,1.0,8,0.8
heloc,reduced,lightgbm,631658,822743,0.9761904761904763,3.3143960262001043e-05,0.9285714285714285,0.0003968253968253968,0.9908380952380952,5,1.0,8,0.8
heloc,reduced,lightgbm,631658,827621,0.9761904761904763,3.3143960262001043e-05,0.9285714285714285,0.0003968253968253968,0.9908380952380952,5,1.0,8,0.8
heloc,reduced,lightgbm,631658,839722,1.0,0.0,0.9999999999999998,4.96031746031746e-05,0.9908380952380952,5,1.0,8,0.8
heloc,reduced,lightgbm,631658,858280,1.0,0.0,0.9999999999999998,4.96031746031746e-05,0.9908380952380952,5,1.0,8,0.8
heloc,reduced,lightgbm,631658,858560,1.0,0.0,0.9999999999999998,4.96031746031746e-05,0.9908380952380952,5,1.0,8,0.8
heloc,reduced,lightgbm,631658,887876,1.0,0.0,0.9999999999999998,4.96031746031746e-05,0.9908380952380952,5,1.0,8,0.8
heloc,reduced,lightgbm,631658,893119,1.0,0.0,0.9999999999999998,4.96031746031746e-05,0.9908380952380952,5,1.0,8,0.8
heloc,reduced,lightgbm,631658,926740,0.9761904761904763,3.3143960262001043e-05,0.9285714285714285,0.0003968253968253968,0.9908380952380952,5,1.0,8,0.8
heloc,reduced,lightgbm,631658,970694,1.0,0.0,0.9999999999999998,4.96031746031746e-05,0.9908380952380952,5,1.0,8,0.8
heloc,reduced,lightgbm,631658,975585,1.0,0.0,0.9999999999999998,4.96031746031746e-05,0.9908380952380952,5,1.0,8,0.8
heloc,reduced,lightgbm,643850,654541,0.9761904761904763,3.3143960262001043e-05,0.9285714285714285,0.0003968253968253968,0.9908380952380952,5,1.0,8,0.8
heloc,reduced,lightgbm,643850,677918,1.0,0.0,0.9999999999999998,4.96031746031746e-05,0.9908380952380952,5,1.0,8,0.8
heloc,reduced,lightgbm,643850,697339,1.0,0.0,0.9999999999999998,4.96031746031746e-05,0.9908380952380952,5,1.0,8,0.8
heloc,reduced,lightgbm,643850,700518,1.0,0.0,0.9999999999999998,4.96031746031746e-05,0.9908380952380952,5,1.0,8,0.8
heloc,reduced,lightgbm,643850,717452,0.9761904761904763,3.3143960262001043e-05,0.9285714285714285,0.0003968253968253968,0.9908380952380952,5,1.0,8,0.8
heloc,reduced,lightgbm,643850,735725,1.0,0.0,0.9999999999999998,4.96031746031746e-05,0.9908380952380952,5,1.0,8,0.8
heloc,reduced,lightgbm,643850,758081,1.0,0.0,0.9999999999999998,4.96031746031746e-05,0.9908380952380952,5,1.0,8,0.8
heloc,reduced,lightgbm,643850,761112,1.0,0.0,0.9999999999999998,4.96031746031746e-05,0.9908380952380952,5,1.0,8,0.8
heloc,reduced,lightgbm,643850,773919,1.0,0.0,0.9999999999999998,4.96031746031746e-05,0.9908380952380952,5,1.0,8,0.8
heloc,reduced,lightgbm,643850,778383,1.0,0.0,0.9999999999999998,4.96031746031746e-05,0.9908380952380952,5,1.0,8,0.8
heloc,reduced,lightgbm,643850,781548,1.0,0.0,0.9999999999999998,4.96031746031746e-05,0.9908380952380952,5,1.0,8,0.8
heloc,reduced,lightgbm,643850,786037,0.9761904761904763,3.3143960262001043e-05,0.9285714285714285,0.0003968253968253968,0.9908380952380952,5,1.0,8,0.8
heloc,reduced,lightgbm,643850,822743,0.9761904761904763,3.3143960262001043e-05,0.9285714285714285,0.0003968253968253968,0.9908380952380952,5,1.0,8,0.8
heloc,reduced,lightgbm,643850,827621,0.9761904761904763,3.3143960262001043e-05,0.9285714285714285,0.0003968253968253968,0.9908380952380952,5,1.0,8,0.8
heloc,reduced,lightgbm,643850,839722,1.0,0.0,0.9999999999999998,4.96031746031746e-05,0.9908380952380952,5,1.0,8,0.8
heloc,reduced,lightgbm,643850,858280,1.0,0.0,0.9999999999999998,4.96031746031746e-05,0.9908380952380952,5,1.0,8,0.8
heloc,reduced,lightgbm,643850,858560,1.0,0.0,0.9999999999999998,4.96031746031746e-05,0.9908380952380952,5,1.0,8,0.8
heloc,reduced,lightgbm,643850,887876,1.0,0.0,0.9999999999999998,4.96031746031746e-05,0.9908380952380952,5,1.0,8,0.8
heloc,reduced,lightgbm,643850,893119,1.0,0.0,0.9999999999999998,4.96031746031746e-05,0.9908380952380952,5,1.0,8,0.8
heloc,reduced,lightgbm,643850,926740,0.9761904761904763,3.3143960262001043e-05,0.9285714285714285,0.0003968253968253968,0.9908380952380952,5,1.0,8,0.8
heloc,reduced,lightgbm,643850,970694,1.0,0.0,0.9999999999999998,4.96031746031746e-05,0.9908380952380952,5,1.0,8,0.8
heloc,reduced,lightgbm,643850,975585,1.0,0.0,0.9999999999999998,4.96031746031746e-05,0.9908380952380952,5,1.0,8,0.8
heloc,reduced,lightgbm,654541,677918,0.9761904761904763,3.3143960262001043e-05,0.9285714285714285,0.0003968253968253968,0.9908380952380952,5,1.0,8,0.8
heloc,reduced,lightgbm,654541,697339,0.9761904761904763,3.3143960262001043e-05,0.9285714285714285,0.0003968253968253968,0.9908380952380952,5,1.0,8,0.8
heloc,reduced,lightgbm,654541,700518,0.9761904761904763,3.3143960262001043e-05,0.9285714285714285,0.0003968253968253968,0.9908380952380952,5,1.0,8,0.8
heloc,reduced,lightgbm,654541,717452,1.0,0.0,0.9999999999999998,4.96031746031746e-05,0.9908380952380952,5,1.0,8,0.8
heloc,reduced,lightgbm,654541,735725,0.9761904761904763,3.3143960262001043e-05,0.9285714285714285,0.0003968253968253968,0.9908380952380952,5,1.0,8,0.8
heloc,reduced,lightgbm,654541,758081,0.9761904761904763,3.3143960262001043e-05,0.9285714285714285,0.0003968253968253968,0.9908380952380952,5,1.0,8,0.8
heloc,reduced,lightgbm,654541,761112,0.9761904761904763,3.3143960262001043e-05,0.9285714285714285,0.0003968253968253968,0.9908380952380952,5,1.0,8,0.8
heloc,reduced,lightgbm,654541,773919,0.9761904761904763,3.3143960262001043e-05,0.9285714285714285,0.0003968253968253968,0.9908380952380952,5,1.0,8,0.8
heloc,reduced,lightgbm,654541,778383,0.9761904761904763,3.3143960262001043e-05,0.9285714285714285,0.0003968253968253968,0.9908380952380952,5,1.0,8,0.8
heloc,reduced,lightgbm,654541,781548,0.9761904761904763,3.3143960262001043e-05,0.9285714285714285,0.0003968253968253968,0.9908380952380952,5,1.0,8,0.8
heloc,reduced,lightgbm,654541,786037,1.0,0.0,0.9999999999999998,4.96031746031746e-05,0.9908380952380952,5,1.0,8,0.8
heloc,reduced,lightgbm,654541,822743,1.0,0.0,0.9999999999999998,4.96031746031746e-05,0.9908380952380952,5,1.0,8,0.8
heloc,reduced,lightgbm,654541,827621,1.0,0.0,0.9999999999999998,4.96031746031746e-05,0.9908380952380952,5,1.0,8,0.8
heloc,reduced,lightgbm,654541,839722,0.9761904761904763,3.3143960262001043e-05,0.9285714285714285,0.0003968253968253968,0.9908380952380952,5,1.0,8,0.8
heloc,reduced,lightgbm,654541,858280,0.9761904761904763,3.3143960262001043e-05,0.9285714285714285,0.0003968253968253968,0.9908380952380952,5,1.0,8,0.8
heloc,reduced,lightgbm,654541,858560,0.9761904761904763,3.3143960262001043e-05,0.9285714285714285,0.0003968253968253968,0.9908380952380952,5,1.0,8,0.8
heloc,reduced,lightgbm,654541,887876,0.9761904761904763,3.3143960262001043e-05,0.9285714285714285,0.0003968253968253968,0.9908380952380952,5,1.0,8,0.8
heloc,reduced,lightgbm,654541,893119,0.9761904761904763,3.3143960262001043e-05,0.9285714285714285,0.0003968253968253968,0.9908380952380952,5,1.0,8,0.8
heloc,reduced,lightgbm,654541,926740,1.0,0.0,0.9999999999999998,4.96031746031746e-05,0.9908380952380952,5,1.0,8,0.8
heloc,reduced,lightgbm,654541,970694,0.9761904761904763,3.3143960262001043e-05,0.9285714285714285,0.0003968253968253968,0.9908380952380952,5,1.0,8,0.8
heloc,reduced,lightgbm,654541,975585,0.9761904761904763,3.3143960262001043e-05,0.9285714285714285,0.0003968253968253968,0.9908380952380952,5,1.0,8,0.8
heloc,reduced,lightgbm,677918,697339,1.0,0.0,0.9999999999999998,4.96031746031746e-05,0.9908380952380952,5,1.0,8,0.8
heloc,reduced,lightgbm,677918,700518,1.0,0.0,0.9999999999999998,4.96031746031746e-05,0.9908380952380952,5,1.0,8,0.8
heloc,reduced,lightgbm,677918,717452,0.9761904761904763,3.3143960262001043e-05,0.9285714285714285,0.0003968253968253968,0.9908380952380952,5,1.0,8,0.8
heloc,reduced,lightgbm,677918,735725,1.0,0.0,0.9999999999999998,4.96031746031746e-05,0.9908380952380952,5,1.0,8,0.8
heloc,reduced,lightgbm,677918,758081,1.0,0.0,0.9999999999999998,4.96031746031746e-05,0.9908380952380952,5,1.0,8,0.8
heloc,reduced,lightgbm,677918,761112,1.0,0.0,0.9999999999999998,4.96031746031746e-05,0.9908380952380952,5,1.0,8,0.8
heloc,reduced,lightgbm,677918,773919,1.0,0.0,0.9999999999999998,4.96031746031746e-05,0.9908380952380952,5,1.0,8,0.8
heloc,reduced,lightgbm,677918,778383,1.0,0.0,0.9999999999999998,4.96031746031746e-05,0.9908380952380952,5,1.0,8,0.8
heloc,reduced,lightgbm,677918,781548,1.0,0.0,0.9999999999999998,4.96031746031746e-05,0.9908380952380952,5,1.0,8,0.8
heloc,reduced,lightgbm,677918,786037,0.9761904761904763,3.3143960262001043e-05,0.9285714285714285,0.0003968253968253968,0.9908380952380952,5,1.0,8,0.8
heloc,reduced,lightgbm,677918,822743,0.9761904761904763,3.3143960262001043e-05,0.9285714285714285,0.0003968253968253968,0.9908380952380952,5,1.0,8,0.8
heloc,reduced,lightgbm,677918,827621,0.9761904761904763,3.3143960262001043e-05,0.9285714285714285,0.0003968253968253968,0.9908380952380952,5,1.0,8,0.8
heloc,reduced,lightgbm,677918,839722,1.0,0.0,0.9999999999999998,4.96031746031746e-05,0.9908380952380952,5,1.0,8,0.8
heloc,reduced,lightgbm,677918,858280,1.0,0.0,0.9999999999999998,4.96031746031746e-05,0.9908380952380952,5,1.0,8,0.8
heloc,reduced,lightgbm,677918,858560,1.0,0.0,0.9999999999999998,4.96031746031746e-05,0.9908380952380952,5,1.0,8,0.8
heloc,reduced,lightgbm,677918,887876,1.0,0.0,0.9999999999999998,4.96031746031746e-05,0.9908380952380952,5,1.0,8,0.8
heloc,reduced,lightgbm,677918,893119,1.0,0.0,0.9999999999999998,4.96031746031746e-05,0.9908380952380952,5,1.0,8,0.8
heloc,reduced,lightgbm,677918,926740,0.9761904761904763,3.3143960262001043e-05,0.9285714285714285,0.0003968253968253968,0.9908380952380952,5,1.0,8,0.8
heloc,reduced,lightgbm,677918,970694,1.0,0.0,0.9999999999999998,4.96031746031746e-05,0.9908380952380952,5,1.0,8,0.8
heloc,reduced,lightgbm,677918,975585,1.0,0.0,0.9999999999999998,4.96031746031746e-05,0.9908380952380952,5,1.0,8,0.8
heloc,reduced,lightgbm,697339,700518,1.0,0.0,0.9999999999999998,4.96031746031746e-05,0.9908380952380952,5,1.0,8,0.8
heloc,reduced,lightgbm,697339,717452,0.9761904761904763,3.3143960262001043e-05,0.9285714285714285,0.0003968253968253968,0.9908380952380952,5,1.0,8,0.8
heloc,reduced,lightgbm,697339,735725,1.0,0.0,0.9999999999999998,4.96031746031746e-05,0.9908380952380952,5,1.0,8,0.8
heloc,reduced,lightgbm,697339,758081,1.0,0.0,0.9999999999999998,4.96031746031746e-05,0.9908380952380952,5,1.0,8,0.8
heloc,reduced,lightgbm,697339,761112,1.0,0.0,0.9999999999999998,4.96031746031746e-05,0.9908380952380952,5,1.0,8,0.8
heloc,reduced,lightgbm,697339,773919,1.0,0.0,0.9999999999999998,4.96031746031746e-05,0.9908380952380952,5,1.0,8,0.8
heloc,reduced,lightgbm,697339,778383,1.0,0.0,0.9999999999999998,4.96031746031746e-05,0.9908380952380952,5,1.0,8,0.8
heloc,reduced,lightgbm,697339,781548,1.0,0.0,0.9999999999999998,4.96031746031746e-05,0.9908380952380952,5,1.0,8,0.8
heloc,reduced,lightgbm,697339,786037,0.9761904761904763,3.3143960262001043e-05,0.9285714285714285,0.0003968253968253968,0.9908380952380952,5,1.0,8,0.8
heloc,reduced,lightgbm,697339,822743,0.9761904761904763,3.3143960262001043e-05,0.9285714285714285,0.0003968253968253968,0.9908380952380952,5,1.0,8,0.8
heloc,reduced,lightgbm,697339,827621,0.9761904761904763,3.3143960262001043e-05,0.9285714285714285,0.0003968253968253968,0.9908380952380952,5,1.0,8,0.8
heloc,reduced,lightgbm,697339,839722,1.0,0.0,0.9999999999999998,4.96031746031746e-05,0.9908380952380952,5,1.0,8,0.8
heloc,reduced,lightgbm,697339,858280,1.0,0.0,0.9999999999999998,4.96031746031746e-05,0.9908380952380952,5,1.0,8,0.8
heloc,reduced,lightgbm,697339,858560,1.0,0.0,0.9999999999999998,4.96031746031746e-05,0.9908380952380952,5,1.0,8,0.8
heloc,reduced,lightgbm,697339,887876,1.0,0.0,0.9999999999999998,4.96031746031746e-05,0.9908380952380952,5,1.0,8,0.8
heloc,reduced,lightgbm,697339,893119,1.0,0.0,0.9999999999999998,4.96031746031746e-05,0.9908380952380952,5,1.0,8,0.8
heloc,reduced,lightgbm,697339,926740,0.9761904761904763,3.3143960262001043e-05,0.9285714285714285,0.0003968253968253968,0.9908380952380952,5,1.0,8,0.8
heloc,reduced,lightgbm,697339,970694,1.0,0.0,0.9999999999999998,4.96031746031746e-05,0.9908380952380952,5,1.0,8,0.8
heloc,reduced,lightgbm,697339,975585,1.0,0.0,0.9999999999999998,4.96031746031746e-05,0.9908380952380952,5,1.0,8,0.8
heloc,reduced,lightgbm,700518,717452,0.9761904761904763,3.3143960262001043e-05,0.9285714285714285,0.0003968253968253968,0.9908380952380952,5,1.0,8,0.8
heloc,reduced,lightgbm,700518,735725,1.0,0.0,0.9999999999999998,4.96031746031746e-05,0.9908380952380952,5,1.0,8,0.8
heloc,reduced,lightgbm,700518,758081,1.0,0.0,0.9999999999999998,4.96031746031746e-05,0.9908380952380952,5,1.0,8,0.8
heloc,reduced,lightgbm,700518,761112,1.0,0.0,0.9999999999999998,4.96031746031746e-05,0.9908380952380952,5,1.0,8,0.8
heloc,reduced,lightgbm,700518,773919,1.0,0.0,0.9999999999999998,4.96031746031746e-05,0.9908380952380952,5,1.0,8,0.8
heloc,reduced,lightgbm,700518,778383,1.0,0.0,0.9999999999999998,4.96031746031746e-05,0.9908380952380952,5,1.0,8,0.8
heloc,reduced,lightgbm,700518,781548,1.0,0.0,0.9999999999999998,4.96031746031746e-05,0.9908380952380952,5,1.0,8,0.8
heloc,reduced,lightgbm,700518,786037,0.9761904761904763,3.3143960262001043e-05,0.9285714285714285,0.0003968253968253968,0.9908380952380952,5,1.0,8,0.8
heloc,reduced,lightgbm,700518,822743,0.9761904761904763,3.3143960262001043e-05,0.9285714285714285,0.0003968253968253968,0.9908380952380952,5,1.0,8,0.8
heloc,reduced,lightgbm,700518,827621,0.9761904761904763,3.3143960262001043e-05,0.9285714285714285,0.0003968253968253968,0.9908380952380952,5,1.0,8,0.8
heloc,reduced,lightgbm,700518,839722,1.0,0.0,0.9999999999999998,4.96031746031746e-05,0.9908380952380952,5,1.0,8,0.8
heloc,reduced,lightgbm,700518,858280,1.0,0.0,0.9999999999999998,4.96031746031746e-05,0.9908380952380952,5,1.0,8,0.8
heloc,reduced,lightgbm,700518,858560,1.0,0.0,0.9999999999999998,4.96031746031746e-05,0.9908380952380952,5,1.0,8,0.8
heloc,reduced,lightgbm,700518,887876,1.0,0.0,0.9999999999999998,4.96031746031746e-05,0.9908380952380952,5,1.0,8,0.8
heloc,reduced,lightgbm,700518,893119,1.0,0.0,0.9999999999999998,4.96031746031746e-05,0.9908380952380952,5,1.0,8,0.8
heloc,reduced,lightgbm,700518,926740,0.9761904761904763,3.3143960262001043e-05,0.9285714285714285,0.0003968253968253968,0.9908380952380952,5,1.0,8,0.8
heloc,reduced,lightgbm,700518,970694,1.0,0.0,0.9999999999999998,4.96031746031746e-05,0.9908380952380952,5,1.0,8,0.8
heloc,reduced,lightgbm,700518,975585,1.0,0.0,0.9999999999999998,4.96031746031746e-05,0.9908380952380952,5,1.0,8,0.8
heloc,reduced,lightgbm,717452,735725,0.9761904761904763,3.3143960262001043e-05,0.9285714285714285,0.0003968253968253968,0.9908380952380952,5,1.0,8,0.8
heloc,reduced,lightgbm,717452,758081,0.9761904761904763,3.3143960262001043e-05,0.9285714285714285,0.0003968253968253968,0.9908380952380952,5,1.0,8,0.8
heloc,reduced,lightgbm,717452,761112,0.9761904761904763,3.3143960262001043e-05,0.9285714285714285,0.0003968253968253968,0.9908380952380952,5,1.0,8,0.8
heloc,reduced,lightgbm,717452,773919,0.9761904761904763,3.3143960262001043e-05,0.9285714285714285,0.0003968253968253968,0.9908380952380952,5,1.0,8,0.8
heloc,reduced,lightgbm,717452,778383,0.9761904761904763,3.3143960262001043e-05,0.9285714285714285,0.0003968253968253968,0.9908380952380952,5,1.0,8,0.8
heloc,reduced,lightgbm,717452,781548,0.9761904761904763,3.3143960262001043e-05,0.9285714285714285,0.0003968253968253968,0.9908380952380952,5,1.0,8,0.8
heloc,reduced,lightgbm,717452,786037,1.0,0.0,0.9999999999999998,4.96031746031746e-05,0.9908380952380952,5,1.0,8,0.8
heloc,reduced,lightgbm,717452,822743,1.0,0.0,0.9999999999999998,4.96031746031746e-05,0.9908380952380952,5,1.0,8,0.8
heloc,reduced,lightgbm,717452,827621,1.0,0.0,0.9999999999999998,4.96031746031746e-05,0.9908380952380952,5,1.0,8,0.8
heloc,reduced,lightgbm,717452,839722,0.9761904761904763,3.3143960262001043e-05,0.9285714285714285,0.0003968253968253968,0.9908380952380952,5,1.0,8,0.8
heloc,reduced,lightgbm,717452,858280,0.9761904761904763,3.3143960262001043e-05,0.9285714285714285,0.0003968253968253968,0.9908380952380952,5,1.0,8,0.8
heloc,reduced,lightgbm,717452,858560,0.9761904761904763,3.3143960262001043e-05,0.9285714285714285,0.0003968253968253968,0.9908380952380952,5,1.0,8,0.8
heloc,reduced,lightgbm,717452,887876,0.9761904761904763,3.3143960262001043e-05,0.9285714285714285,0.0003968253968253968,0.9908380952380952,5,1.0,8,0.8
heloc,reduced,lightgbm,717452,893119,0.9761904761904763,3.3143960262001043e-05,0.9285714285714285,0.0003968253968253968,0.9908380952380952,5,1.0,8,0.8
heloc,reduced,lightgbm,717452,926740,1.0,0.0,0.9999999999999998,4.96031746031746e-05,0.9908380952380952,5,1.0,8,0.8
heloc,reduced,lightgbm,717452,970694,0.9761904761904763,3.3143960262001043e-05,0.9285714285714285,0.0003968253968253968,0.9908380952380952,5,1.0,8,0.8
heloc,reduced,lightgbm,717452,975585,0.9761904761904763,3.3143960262001043e-05,0.9285714285714285,0.0003968253968253968,0.9908380952380952,5,1.0,8,0.8
heloc,reduced,lightgbm,735725,758081,1.0,0.0,0.9999999999999998,4.96031746031746e-05,0.9908380952380952,5,1.0,8,0.8
heloc,reduced,lightgbm,735725,761112,1.0,0.0,0.9999999999999998,4.96031746031746e-05,0.9908380952380952,5,1.0,8,0.8
heloc,reduced,lightgbm,735725,773919,1.0,0.0,0.9999999999999998,4.96031746031746e-05,0.9908380952380952,5,1.0,8,0.8
heloc,reduced,lightgbm,735725,778383,1.0,0.0,0.9999999999999998,4.96031746031746e-05,0.9908380952380952,5,1.0,8,0.8
heloc,reduced,lightgbm,735725,781548,1.0,0.0,0.9999999999999998,4.96031746031746e-05,0.9908380952380952,5,1.0,8,0.8
heloc,reduced,lightgbm,735725,786037,0.9761904761904763,3.3143960262001043e-05,0.9285714285714285,0.0003968253968253968,0.9908380952380952,5,1.0,8,0.8
heloc,reduced,lightgbm,735725,822743,0.9761904761904763,3.3143960262001043e-05,0.9285714285714285,0.0003968253968253968,0.9908380952380952,5,1.0,8,0.8
heloc,reduced,lightgbm,735725,827621,0.9761904761904763,3.3143960262001043e-05,0.9285714285714285,0.0003968253968253968,0.9908380952380952,5,1.0,8,0.8
heloc,reduced,lightgbm,735725,839722,1.0,0.0,0.9999999999999998,4.96031746031746e-05,0.9908380952380952,5,1.0,8,0.8
heloc,reduced,lightgbm,735725,858280,1.0,0.0,0.9999999999999998,4.96031746031746e-05,0.9908380952380952,5,1.0,8,0.8
heloc,reduced,lightgbm,735725,858560,1.0,0.0,0.9999999999999998,4.96031746031746e-05,0.9908380952380952,5,1.0,8,0.8
heloc,reduced,lightgbm,735725,887876,1.0,0.0,0.9999999999999998,4.96031746031746e-05,0.9908380952380952,5,1.0,8,0.8
heloc,reduced,lightgbm,735725,893119,1.0,0.0,0.9999999999999998,4.96031746031746e-05,0.9908380952380952,5,1.0,8,0.8
heloc,reduced,lightgbm,735725,926740,0.9761904761904763,3.3143960262001043e-05,0.9285714285714285,0.0003968253968253968,0.9908380952380952,5,1.0,8,0.8
heloc,reduced,lightgbm,735725,970694,1.0,0.0,0.9999999999999998,4.96031746031746e-05,0.9908380952380952,5,1.0,8,0.8
heloc,reduced,lightgbm,735725,975585,1.0,0.0,0.9999999999999998,4.96031746031746e-05,0.9908380952380952,5,1.0,8,0.8
heloc,reduced,lightgbm,758081,761112,1.0,0.0,0.9999999999999998,4.96031746031746e-05,0.9908380952380952,5,1.0,8,0.8
heloc,reduced,lightgbm,758081,773919,1.0,0.0,0.9999999999999998,4.96031746031746e-05,0.9908380952380952,5,1.0,8,0.8
heloc,reduced,lightgbm,758081,778383,1.0,0.0,0.9999999999999998,4.96031746031746e-05,0.9908380952380952,5,1.0,8,0.8
heloc,reduced,lightgbm,758081,781548,1.0,0.0,0.9999999999999998,4.96031746031746e-05,0.9908380952380952,5,1.0,8,0.8
heloc,reduced,lightgbm,758081,786037,0.9761904761904763,3.3143960262001043e-05,0.9285714285714285,0.0003968253968253968,0.9908380952380952,5,1.0,8,0.8
heloc,reduced,lightgbm,758081,822743,0.9761904761904763,3.3143960262001043e-05,0.9285714285714285,0.0003968253968253968,0.9908380952380952,5,1.0,8,0.8
heloc,reduced,lightgbm,758081,827621,0.9761904761904763,3.3143960262001043e-05,0.9285714285714285,0.0003968253968253968,0.9908380952380952,5,1.0,8,0.8
heloc,reduced,lightgbm,758081,839722,1.0,0.0,0.9999999999999998,4.96031746031746e-05,0.9908380952380952,5,1.0,8,0.8
heloc,reduced,lightgbm,758081,858280,1.0,0.0,0.9999999999999998,4.96031746031746e-05,0.9908380952380952,5,1.0,8,0.8
heloc,reduced,lightgbm,758081,858560,1.0,0.0,0.9999999999999998,4.96031746031746e-05,0.9908380952380952,5,1.0,8,0.8
heloc,reduced,lightgbm,758081,887876,1.0,0.0,0.9999999999999998,4.96031746031746e-05,0.9908380952380952,5,1.0,8,0.8
heloc,reduced,lightgbm,758081,893119,1.0,0.0,0.9999999999999998,4.96031746031746e-05,0.9908380952380952,5,1.0,8,0.8
heloc,reduced,lightgbm,758081,926740,0.9761904761904763,3.3143960262001043e-05,0.9285714285714285,0.0003968253968253968,0.9908380952380952,5,1.0,8,0.8
heloc,reduced,lightgbm,758081,970694,1.0,0.0,0.9999999999999998,4.96031746031746e-05,0.9908380952380952,5,1.0,8,0.8
heloc,reduced,lightgbm,758081,975585,1.0,0.0,0.9999999999999998,4.96031746031746e-05,0.9908380952380952,5,1.0,8,0.8
heloc,reduced,lightgbm,761112,773919,1.0,0.0,0.9999999999999998,4.96031746031746e-05,0.9908380952380952,5,1.0,8,0.8
heloc,reduced,lightgbm,761112,778383,1.0,0.0,0.9999999999999998,4.96031746031746e-05,0.9908380952380952,5,1.0,8,0.8
heloc,reduced,lightgbm,761112,781548,1.0,0.0,0.9999999999999998,4.96031746031746e-05,0.9908380952380952,5,1.0,8,0.8
heloc,reduced,lightgbm,761112,786037,0.9761904761904763,3.3143960262001043e-05,0.9285714285714285,0.0003968253968253968,0.9908380952380952,5,1.0,8,0.8
heloc,reduced,lightgbm,761112,822743,0.9761904761904763,3.3143960262001043e-05,0.9285714285714285,0.0003968253968253968,0.9908380952380952,5,1.0,8,0.8
heloc,reduced,lightgbm,761112,827621,0.9761904761904763,3.3143960262001043e-05,0.9285714285714285,0.0003968253968253968,0.9908380952380952,5,1.0,8,0.8
heloc,reduced,lightgbm,761112,839722,1.0,0.0,0.9999999999999998,4.96031746031746e-05,0.9908380952380952,5,1.0,8,0.8
heloc,reduced,lightgbm,761112,858280,1.0,0.0,0.9999999999999998,4.96031746031746e-05,0.9908380952380952,5,1.0,8,0.8
heloc,reduced,lightgbm,761112,858560,1.0,0.0,0.9999999999999998,4.96031746031746e-05,0.9908380952380952,5,1.0,8,0.8
heloc,reduced,lightgbm,761112,887876,1.0,0.0,0.9999999999999998,4.96031746031746e-05,0.9908380952380952,5,1.0,8,0.8
heloc,reduced,lightgbm,761112,893119,1.0,0.0,0.9999999999999998,4.96031746031746e-05,0.9908380952380952,5,1.0,8,0.8
heloc,reduced,lightgbm,761112,926740,0.9761904761904763,3.3143960262001043e-05,0.9285714285714285,0.0003968253968253968,0.9908380952380952,5,1.0,8,0.8
heloc,reduced,lightgbm,761112,970694,1.0,0.0,0.9999999999999998,4.96031746031746e-05,0.9908380952380952,5,1.0,8,0.8
heloc,reduced,lightgbm,761112,975585,1.0,0.0,0.9999999999999998,4.96031746031746e-05,0.9908380952380952,5,1.0,8,0.8
heloc,reduced,lightgbm,773919,778383,1.0,0.0,0.9999999999999998,4.96031746031746e-05,0.9908380952380952,5,1.0,8,0.8
heloc,reduced,lightgbm,773919,781548,1.0,0.0,0.9999999999999998,4.96031746031746e-05,0.9908380952380952,5,1.0,8,0.8
heloc,reduced,lightgbm,773919,786037,0.9761904761904763,3.3143960262001043e-05,0.9285714285714285,0.0003968253968253968,0.9908380952380952,5,1.0,8,0.8
heloc,reduced,lightgbm,773919,822743,0.9761904761904763,3.3143960262001043e-05,0.9285714285714285,0.0003968253968253968,0.9908380952380952,5,1.0,8,0.8
heloc,reduced,lightgbm,773919,827621,0.9761904761904763,3.3143960262001043e-05,0.9285714285714285,0.0003968253968253968,0.9908380952380952,5,1.0,8,0.8
heloc,reduced,lightgbm,773919,839722,1.0,0.0,0.9999999999999998,4.96031746031746e-05,0.9908380952380952,5,1.0,8,0.8
heloc,reduced,lightgbm,773919,858280,1.0,0.0,0.9999999999999998,4.96031746031746e-05,0.9908380952380952,5,1.0,8,0.8
heloc,reduced,lightgbm,773919,858560,1.0,0.0,0.9999999999999998,4.96031746031746e-05,0.9908380952380952,5,1.0,8,0.8
heloc,reduced,lightgbm,773919,887876,1.0,0.0,0.9999999999999998,4.96031746031746e-05,0.9908380952380952,5,1.0,8,0.8
heloc,reduced,lightgbm,773919,893119,1.0,0.0,0.9999999999999998,4.96031746031746e-05,0.9908380952380952,5,1.0,8,0.8
heloc,reduced,lightgbm,773919,926740,0.9761904761904763,3.3143960262001043e-05,0.9285714285714285,0.0003968253968253968,0.9908380952380952,5,1.0,8,0.8
heloc,reduced,lightgbm,773919,970694,1.0,0.0,0.9999999999999998,4.96031746031746e-05,0.9908380952380952,5,1.0,8,0.8
heloc,reduced,lightgbm,773919,975585,1.0,0.0,0.9999999999999998,4.96031746031746e-05,0.9908380952380952,5,1.0,8,0.8
heloc,reduced,lightgbm,778383,781548,1.0,0.0,0.9999999999999998,4.96031746031746e-05,0.9908380952380952,5,1.0,8,0.8
heloc,reduced,lightgbm,778383,786037,0.9761904761904763,3.3143960262001043e-05,0.9285714285714285,0.0003968253968253968,0.9908380952380952,5,1.0,8,0.8
heloc,reduced,lightgbm,778383,822743,0.9761904761904763,3.3143960262001043e-05,0.9285714285714285,0.0003968253968253968,0.9908380952380952,5,1.0,8,0.8
heloc,reduced,lightgbm,778383,827621,0.9761904761904763,3.3143960262001043e-05,0.9285714285714285,0.0003968253968253968,0.9908380952380952,5,1.0,8,0.8
heloc,reduced,lightgbm,778383,839722,1.0,0.0,0.9999999999999998,4.96031746031746e-05,0.9908380952380952,5,1.0,8,0.8
heloc,reduced,lightgbm,778383,858280,1.0,0.0,0.9999999999999998,4.96031746031746e-05,0.9908380952380952,5,1.0,8,0.8
heloc,reduced,lightgbm,778383,858560,1.0,0.0,0.9999999999999998,4.96031746031746e-05,0.9908380952380952,5,1.0,8,0.8
heloc,reduced,lightgbm,778383,887876,1.0,0.0,0.9999999999999998,4.96031746031746e-05,0.9908380952380952,5,1.0,8,0.8
heloc,reduced,lightgbm,778383,893119,1.0,0.0,0.9999999999999998,4.96031746031746e-05,0.9908380952380952,5,1.0,8,0.8
heloc,reduced,lightgbm,778383,926740,0.9761904761904763,3.3143960262001043e-05,0.9285714285714285,0.0003968253968253968,0.9908380952380952,5,1.0,8,0.8
heloc,reduced,lightgbm,778383,970694,1.0,0.0,0.9999999999999998,4.96031746031746e-05,0.9908380952380952,5,1.0,8,0.8
heloc,reduced,lightgbm,778383,975585,1.0,0.0,0.9999999999999998,4.96031746031746e-05,0.9908380952380952,5,1.0,8,0.8
heloc,reduced,lightgbm,781548,786037,0.9761904761904763,3.3143960262001043e-05,0.9285714285714285,0.0003968253968253968,0.9908380952380952,5,1.0,8,0.8
heloc,reduced,lightgbm,781548,822743,0.9761904761904763,3.3143960262001043e-05,0.9285714285714285,0.0003968253968253968,0.9908380952380952,5,1.0,8,0.8
heloc,reduced,lightgbm,781548,827621,0.9761904761904763,3.3143960262001043e-05,0.9285714285714285,0.0003968253968253968,0.9908380952380952,5,1.0,8,0.8
heloc,reduced,lightgbm,781548,839722,1.0,0.0,0.9999999999999998,4.96031746031746e-05,0.9908380952380952,5,1.0,8,0.8
heloc,reduced,lightgbm,781548,858280,1.0,0.0,0.9999999999999998,4.96031746031746e-05,0.9908380952380952,5,1.0,8,0.8
heloc,reduced,lightgbm,781548,858560,1.0,0.0,0.9999999999999998,4.96031746031746e-05,0.9908380952380952,5,1.0,8,0.8
heloc,reduced,lightgbm,781548,887876,1.0,0.0,0.9999999999999998,4.96031746031746e-05,0.9908380952380952,5,1.0,8,0.8
heloc,reduced,lightgbm,781548,893119,1.0,0.0,0.9999999999999998,4.96031746031746e-05,0.9908380952380952,5,1.0,8,0.8
heloc,reduced,lightgbm,781548,926740,0.9761904761904763,3.3143960262001043e-05,0.9285714285714285,0.0003968253968253968,0.9908380952380952,5,1.0,8,0.8
heloc,reduced,lightgbm,781548,970694,1.0,0.0,0.9999999999999998,4.96031746031746e-05,0.9908380952380952,5,1.0,8,0.8
heloc,reduced,lightgbm,781548,975585,1.0,0.0,0.9999999999999998,4.96031746031746e-05,0.9908380952380952,5,1.0,8,0.8
heloc,reduced,lightgbm,786037,822743,1.0,0.0,0.9999999999999998,4.96031746031746e-05,0.9908380952380952,5,1.0,8,0.8
heloc,reduced,lightgbm,786037,827621,1.0,0.0,0.9999999999999998,4.96031746031746e-05,0.9908380952380952,5,1.0,8,0.8
heloc,reduced,lightgbm,786037,839722,0.9761904761904763,3.3143960262001043e-05,0.9285714285714285,0.0003968253968253968,0.9908380952380952,5,1.0,8,0.8
heloc,reduced,lightgbm,786037,858280,0.9761904761904763,3.3143960262001043e-05,0.9285714285714285,0.0003968253968253968,0.9908380952380952,5,1.0,8,0.8
heloc,reduced,lightgbm,786037,858560,0.9761904761904763,3.3143960262001043e-05,0.9285714285714285,0.0003968253968253968,0.9908380952380952,5,1.0,8,0.8
heloc,reduced,lightgbm,786037,887876,0.9761904761904763,3.3143960262001043e-05,0.9285714285714285,0.0003968253968253968,0.9908380952380952,5,1.0,8,0.8
heloc,reduced,lightgbm,786037,893119,0.9761904761904763,3.3143960262001043e-05,0.9285714285714285,0.0003968253968253968,0.9908380952380952,5,1.0,8,0.8
heloc,reduced,lightgbm,786037,926740,1.0,0.0,0.9999999999999998,4.96031746031746e-05,0.9908380952380952,5,1.0,8,0.8
heloc,reduced,lightgbm,786037,970694,0.9761904761904763,3.3143960262001043e-05,0.9285714285714285,0.0003968253968253968,0.9908380952380952,5,1.0,8,0.8
heloc,reduced,lightgbm,786037,975585,0.9761904761904763,3.3143960262001043e-05,0.9285714285714285,0.0003968253968253968,0.9908380952380952,5,1.0,8,0.8
heloc,reduced,lightgbm,822743,827621,1.0,0.0,0.9999999999999998,4.96031746031746e-05,0.9908380952380952,5,1.0,8,0.8
heloc,reduced,lightgbm,822743,839722,0.9761904761904763,3.3143960262001043e-05,0.9285714285714285,0.0003968253968253968,0.9908380952380952,5,1.0,8,0.8
heloc,reduced,lightgbm,822743,858280,0.9761904761904763,3.3143960262001043e-05,0.9285714285714285,0.0003968253968253968,0.9908380952380952,5,1.0,8,0.8
heloc,reduced,lightgbm,822743,858560,0.9761904761904763,3.3143960262001043e-05,0.9285714285714285,0.0003968253968253968,0.9908380952380952,5,1.0,8,0.8
heloc,reduced,lightgbm,822743,887876,0.9761904761904763,3.3143960262001043e-05,0.9285714285714285,0.0003968253968253968,0.9908380952380952,5,1.0,8,0.8
heloc,reduced,lightgbm,822743,893119,0.9761904761904763,3.3143960262001043e-05,0.9285714285714285,0.0003968253968253968,0.9908380952380952,5,1.0,8,0.8
heloc,reduced,lightgbm,822743,926740,1.0,0.0,0.9999999999999998,4.96031746031746e-05,0.9908380952380952,5,1.0,8,0.8
heloc,reduced,lightgbm,822743,970694,0.9761904761904763,3.3143960262001043e-05,0.9285714285714285,0.0003968253968253968,0.9908380952380952,5,1.0,8,0.8
heloc,reduced,lightgbm,822743,975585,0.9761904761904763,3.3143960262001043e-05,0.9285714285714285,0.0003968253968253968,0.9908380952380952,5,1.0,8,0.8
heloc,reduced,lightgbm,827621,839722,0.9761904761904763,3.3143960262001043e-05,0.9285714285714285,0.0003968253968253968,0.9908380952380952,5,1.0,8,0.8
heloc,reduced,lightgbm,827621,858280,0.9761904761904763,3.3143960262001043e-05,0.9285714285714285,0.0003968253968253968,0.9908380952380952,5,1.0,8,0.8
heloc,reduced,lightgbm,827621,858560,0.9761904761904763,3.3143960262001043e-05,0.9285714285714285,0.0003968253968253968,0.9908380952380952,5,1.0,8,0.8
heloc,reduced,lightgbm,827621,887876,0.9761904761904763,3.3143960262001043e-05,0.9285714285714285,0.0003968253968253968,0.9908380952380952,5,1.0,8,0.8
heloc,reduced,lightgbm,827621,893119,0.9761904761904763,3.3143960262001043e-05,0.9285714285714285,0.0003968253968253968,0.9908380952380952,5,1.0,8,0.8
heloc,reduced,lightgbm,827621,926740,1.0,0.0,0.9999999999999998,4.96031746031746e-05,0.9908380952380952,5,1.0,8,0.8
heloc,reduced,lightgbm,827621,970694,0.9761904761904763,3.3143960262001043e-05,0.9285714285714285,0.0003968253968253968,0.9908380952380952,5,1.0,8,0.8
heloc,reduced,lightgbm,827621,975585,0.9761904761904763,3.3143960262001043e-05,0.9285714285714285,0.0003968253968253968,0.9908380952380952,5,1.0,8,0.8
heloc,reduced,lightgbm,839722,858280,1.0,0.0,0.9999999999999998,4.96031746031746e-05,0.9908380952380952,5,1.0,8,0.8
heloc,reduced,lightgbm,839722,858560,1.0,0.0,0.9999999999999998,4.96031746031746e-05,0.9908380952380952,5,1.0,8,0.8
heloc,reduced,lightgbm,839722,887876,1.0,0.0,0.9999999999999998,4.96031746031746e-05,0.9908380952380952,5,1.0,8,0.8
heloc,reduced,lightgbm,839722,893119,1.0,0.0,0.9999999999999998,4.96031746031746e-05,0.9908380952380952,5,1.0,8,0.8
heloc,reduced,lightgbm,839722,926740,0.9761904761904763,3.3143960262001043e-05,0.9285714285714285,0.0003968253968253968,0.9908380952380952,5,1.0,8,0.8
heloc,reduced,lightgbm,839722,970694,1.0,0.0,0.9999999999999998,4.96031746031746e-05,0.9908380952380952,5,1.0,8,0.8
heloc,reduced,lightgbm,839722,975585,1.0,0.0,0.9999999999999998,4.96031746031746e-05,0.9908380952380952,5,1.0,8,0.8
heloc,reduced,lightgbm,858280,858560,1.0,0.0,0.9999999999999998,4.96031746031746e-05,0.9908380952380952,5,1.0,8,0.8
heloc,reduced,lightgbm,858280,887876,1.0,0.0,0.9999999999999998,4.96031746031746e-05,0.9908380952380952,5,1.0,8,0.8
heloc,reduced,lightgbm,858280,893119,1.0,0.0,0.9999999999999998,4.96031746031746e-05,0.9908380952380952,5,1.0,8,0.8
heloc,reduced,lightgbm,858280,926740,0.9761904761904763,3.3143960262001043e-05,0.9285714285714285,0.0003968253968253968,0.9908380952380952,5,1.0,8,0.8
heloc,reduced,lightgbm,858280,970694,1.0,0.0,0.9999999999999998,4.96031746031746e-05,0.9908380952380952,5,1.0,8,0.8
heloc,reduced,lightgbm,858280,975585,1.0,0.0,0.9999999999999998,4.96031746031746e-05,0.9908380952380952,5,1.0,8,0.8
heloc,reduced,lightgbm,858560,887876,1.0,0.0,0.9999999999999998,4.96031746031746e-05,0.9908380952380952,5,1.0,8,0.8
heloc,reduced,lightgbm,858560,893119,1.0,0.0,0.9999999999999998,4.96031746031746e-05,0.9908380952380952,5,1.0,8,0.8
heloc,reduced,lightgbm,858560,926740,0.9761904761904763,3.3143960262001043e-05,0.9285714285714285,0.0003968253968253968,0.9908380952380952,5,1.0,8,0.8
heloc,reduced,lightgbm,858560,970694,1.0,0.0,0.9999999999999998,4.96031746031746e-05,0.9908380952380952,5,1.0,8,0.8
heloc,reduced,lightgbm,858560,975585,1.0,0.0,0.9999999999999998,4.96031746031746e-05,0.9908380952380952,5,1.0,8,0.8
heloc,reduced,lightgbm,887876,893119,1.0,0.0,0.9999999999999998,4.96031746031746e-05,0.9908380952380952,5,1.0,8,0.8
heloc,reduced,lightgbm,887876,926740,0.9761904761904763,3.3143960262001043e-05,0.9285714285714285,0.0003968253968253968,0.9908380952380952,5,1.0,8,0.8
heloc,reduced,lightgbm,887876,970694,1.0,0.0,0.9999999999999998,4.96031746031746e-05,0.9908380952380952,5,1.0,8,0.8
heloc,reduced,lightgbm,887876,975585,1.0,0.0,0.9999999999999998,4.96031746031746e-05,0.9908380952380952,5,1.0,8,0.8
heloc,reduced,lightgbm,893119,926740,0.9761904761904763,3.3143960262001043e-05,0.9285714285714285,0.0003968253968253968,0.9908380952380952,5,1.0,8,0.8
heloc,reduced,lightgbm,893119,970694,1.0,0.0,0.9999999999999998,4.96031746031746e-05,0.9908380952380952,5,1.0,8,0.8
heloc,reduced,lightgbm,893119,975585,1.0,0.0,0.9999999999999998,4.96031746031746e-05,0.9908380952380952,5,1.0,8,0.8
heloc,reduced,lightgbm,926740,970694,0.9761904761904763,3.3143960262001043e-05,0.9285714285714285,0.0003968253968253968,0.9908380952380952,5,1.0,8,0.8
heloc,reduced,lightgbm,926740,975585,0.9761904761904763,3.3143960262001043e-05,0.9285714285714285,0.0003968253968253968,0.9908380952380952,5,1.0,8,0.8
heloc,reduced,lightgbm,970694,975585,1.0,0.0,0.9999999999999998,4.96031746031746e-05,0.9908380952380952,5,1.0,8,0.8
taiwan,full,lightgbm,63817,67920,0.973604687018193,7.213731097186092e-30,0.8917874396135267,2.3496624074706835e-18,0.9772513845205058,4,0.8,9,0.9
taiwan,full,lightgbm,63817,85942,0.9706444650015419,7.255551056924706e-29,0.8898550724637682,2.7778975910800926e-18,0.9772513845205058,4,0.8,8,0.8
taiwan,full,lightgbm,63817,89247,0.9833487511563368,3.157378621013611e-34,0.897584541062802,1.4188945852110538e-18,0.9772513845205058,5,1.0,8,0.8
taiwan,full,lightgbm,63817,92135,0.9786617329633055,7.053000404367201e-32,0.9072463768115943,6.078278831760412e-19,0.9772513845205058,4,0.8,10,1.0
taiwan,full,lightgbm,63817,94174,0.9665741597286462,1.2114007948652523e-27,0.8705314009661838,1.4533310642857802e-17,0.9772513845205058,4,0.8,9,0.9
taiwan,full,lightgbm,63817,128110,0.9768115942028986,4.312001206550789e-31,0.8917874396135267,2.3496624074706835e-18,0.9772513845205058,5,1.0,9,0.9
taiwan,full,lightgbm,63817,165228,0.9848288621646623,4.1342790585637446e-35,0.9091787439613527,5.124896003508296e-19,0.9772513845205058,4,0.8,8,0.8
taiwan,full,lightgbm,63817,182545,0.9821153253160654,1.5019544103624532e-33,0.897584541062802,1.4188945852110538e-18,0.9772513845205058,4,0.8,9,0.9
taiwan,full,lightgbm,63817,201462,0.9866790009250693,2.4095345994940678e-36,0.9169082125603866,2.580855576540007e-19,0.9772513845205058,4,0.8,8,0.8
taiwan,full,lightgbm,63817,227235,0.9828553808202282,5.9722848344427434e-34,0.9111111111111112,4.31952101818562e-19,0.9772513845205058,4,0.8,10,1.0
taiwan,full,lightgbm,63817,276757,0.9789084181313598,5.474704291181843e-32,0.8917874396135267,2.3496624074706835e-18,0.9772513845205058,5,1.0,8,0.8
taiwan,full,lightgbm,63817,354524,0.9851988899167436,2.4104601023009033e-35,0.9091787439613527,5.124896003508296e-19,0.9772513845205058,5,1.0,8,0.8
taiwan,full,lightgbm,63817,370788,0.9868023435090965,1.9660517968798558e-36,0.918840579710145,2.172193706278255e-19,0.9772513845205058,5,1.0,9,0.9
taiwan,full,lightgbm,63817,402405,0.9615171137835338,2.5523248363848682e-26,0.8589371980676329,3.85631996090833e-17,0.9772513845205058,5,1.0,8,0.8
taiwan,full,lightgbm,63817,432996,0.9749614554424916,2.2906491021909112e-30,0.8782608695652174,7.529231868037277e-18,0.9772513845205058,4,0.8,8,0.8
taiwan,full,lightgbm,63817,438858,0.9789084181313598,5.474704291181843e-32,0.8821256038647344,5.407805585824788e-18,0.9772513845205058,5,1.0,8,0.8
taiwan,full,lightgbm,63817,443405,0.9829787234042553,5.10149031560905e-34,0.9033816425120774,8.541026338023884e-19,0.9772513845205058,5,1.0,9,0.9
taiwan,full,lightgbm,63817,445686,0.9858156028368793,9.509836886397114e-36,0.9149758454106282,3.065313666003139e-19,0.9772513845205058,5,1.0,9,0.9
taiwan,full,lightgbm,63817,450372,0.9744680851063829,3.501192784913317e-30,0.8821256038647344,5.407805585824788e-18,0.9772513845205058,5,1.0,9,0.9
taiwan,full,lightgbm,63817,450451,0.9838421214924451,1.6372711768882013e-34,0.9091787439613527,5.124896003508296e-19,0.9772513845205058,4,0.8,8,0.8
taiwan,full,lightgbm,63817,500337,0.9695343817452975,1.6233076153629644e-28,0.8859903381642513,3.878611469459177e-18,0.9772513845205058,4,0.8,8,0.8
taiwan,full,lightgbm,63817,513210,0.9853222325007709,2.0076470086497376e-35,0.9149758454106282,3.065313666003139e-19,0.9772513845205058,4,0.8,8,0.8
taiwan,full,lightgbm,63817,526458,0.9851988899167436,2.4104601023009033e-35,0.9111111111111112,4.31952101818562e-19,0.9772513845205058,5,1.0,9,0.9
taiwan,full,lightgbm,63817,545418,0.9829787234042553,5.10149031560905e-34,0.9149758454106282,3.065313666003139e-19,0.9772513845205058,4,0.8,9,0.9
taiwan,full,lightgbm,63817,554576,0.9755781683626272,1.3316829816248566e-30,0.8859903381642513,3.878611469459177e-18,0.9772513845205058,5,1.0,8,0.8
taiwan,full,lightgbm,63817,631658,0.9711378353376502,5.022354836323047e-29,0.8724637681159422,1.2336493381504985e-17,0.9772513845205058,4,0.8,8,0.8
taiwan,full,lightgbm,63817,643850,0.975331483194573,1.6570602111251142e-30,0.8840579710144929,4.580633833051917e-18,0.9772513845205058,4,0.8,9,0.9
taiwan,full,lightgbm,63817,654541,0.9689176688251618,2.506981670130953e-28,0.8743961352657006,1.0468034513765422e-17,0.9772513845205058,4,0.8,8,0.8
taiwan,full,lightgbm,63817,677918,0.9625038544557509,1.4559088426716748e-26,0.8550724637681161,5.323691415681353e-17,0.9772513845205058,4,0.8,9,0.9
taiwan,full,lightgbm,63817,697339,0.9766882516188714,4.839740425443591e-31,0.9014492753623189,1.0119148195416758e-18,0.9772513845205058,4,0.8,8,0.8
taiwan,full,lightgbm,63817,700518,0.9868023435090965,1.9660517968798558e-36,0.9149758454106282,3.065313666003139e-19,0.9772513845205058,5,1.0,10,1.0
taiwan,full,lightgbm,63817,717452,0.9650940487203207,3.0953235554885955e-27,0.8570048309178745,4.531790376201061e-17,0.9772513845205058,5,1.0,8,0.8
taiwan,full,lightgbm,63817,735725,0.9790317607153869,4.8179885133517966e-32,0.8956521739130435,1.6792773346176676e-18,0.9772513845205058,5,1.0,9,0.9
taiwan,full,lightgbm,63817,758081,0.9870490286771507,1.3013644344610724e-36,0.9246376811594205,1.2923478771499127e-19,0.9772513845205058,5,1.0,10,1.0
taiwan,full,lightgbm,63817,761112,0.9876657415972865,4.476515400499222e-37,0.918840579710145,2.172193706278255e-19,0.9772513845205058,4,0.8,9,0.9
taiwan,full,lightgbm,63817,773919,0.9871723712611779,1.0556234423884422e-36,0.9227053140096619,1.5371152233408615e-19,0.9772513845205058,5,1.0,9,0.9
taiwan,full,lightgbm,63817,778383,0.9641073080481035,5.6581578138619826e-27,0.8724637681159422,1.2336493381504985e-17,0.9772513845205058,5,1.0,8,0.8
taiwan,full,lightgbm,63817,781548,0.9777983348751156,1.6732108813035229e-31,0.897584541062802,1.4188945852110538e-18,0.9772513845205058,4,0.8,9,0.9
taiwan,full,lightgbm,63817,786037,0.9844588344125809,6.998643175109577e-35,0.9014492753623189,1.0119148195416758e-18,0.9772513845205058,5,1.0,8,0.8
taiwan,full,lightgbm,63817,822743,0.9728646315140301,1.3154904662474738e-29,0.8724637681159422,1.2336493381504985e-17,0.9772513845205058,5,1.0,8,0.8
taiwan,full,lightgbm,63817,827621,0.9888991674375579,4.463591424022886e-38,0.9265700483091789,1.086171701164288e-19,0.9772513845205058,5,1.0,8,0.8
taiwan,full,lightgbm,63817,839722,0.9713845205057046,4.1685460263177053e-29,0.8724637681159422,1.2336493381504985e-17,0.9772513845205058,5,1.0,9,0.9
taiwan,full,lightgbm,63817,858280,0.9678075855689177,5.364348441909433e-28,0.8589371980676329,3.85631996090833e-17,0.9772513845205058,5,1.0,8,0.8
taiwan,full,lightgbm,63817,858560,0.9837187789084182,1.93302092916897e-34,0.9072463768115943,6.078278831760412e-19,0.9772513845205058,4,0.8,9,0.9
taiwan,full,lightgbm,63817,887876,0.9913660191181004,1.816833589617369e-40,0.9285024154589373,9.125644921128575e-20,0.9772513845205058,4,0.8,10,1.0
taiwan,full,lightgbm,63817,893119,0.972617946345976,1.6012697962562073e-29,0.8705314009661838,1.4533310642857802e-17,0.9772513845205058,5,1.0,9,0.9
taiwan,full,lightgbm,63817,926740,0.9806352143077397,8.508270610191042e-33,0.9053140096618358,7.206465044850914e-19,0.9772513845205058,5,1.0,9,0.9
taiwan,full,lightgbm,63817,970694,0.9689176688251618,2.506981670130953e-28,0.8782608695652174,7.529231868037277e-18,0.9772513845205058,4,0.8,9,0.9
taiwan,full,lightgbm,63817,975585,0.97718162195498,3.038193743386344e-31,0.8840579710144929,4.580633833051917e-18,0.9772513845205058,4,0.8,8,0.8
taiwan,full,lightgbm,67920,85942,0.9895158803576934,1.2772296985254257e-38,0.9246376811594205,1.2923478771499127e-19,0.9772513845205058,5,1.0,8,0.8
taiwan,full,lightgbm,67920,89247,0.9722479185938946,2.1432841814173534e-29,0.8859903381642513,3.878611469459177e-18,0.9772513845205058,4,0.8,9,0.9
taiwan,full,lightgbm,67920,92135,0.9868023435090965,1.9660517968798558e-36,0.9265700483091789,1.086171701164288e-19,0.9772513845205058,5,1.0,9,0.9
taiwan,full,lightgbm,67920,94174,0.9459759481961146,3.79057791886962e-23,0.8318840579710146,3.577213390220673e-16,0.9772513845205058,5,1.0,8,0.8
taiwan,full,lightgbm,67920,128110,0.9710144927536232,5.509424693604002e-29,0.8724637681159422,1.2336493381504985e-17,0.9772513845205058,4,0.8,8,0.8
taiwan,full,lightgbm,67920,165228,0.9684242984890533,3.527240394988625e-28,0.8859903381642513,3.878611469459177e-18,0.9772513845205058,5,1.0,8,0.8
taiwan,full,lightgbm,67920,182545,0.968177613320999,4.175393840805212e-28,0.8859903381642513,3.878611469459177e-18,0.9772513845205058,5,1.0,9,0.9
taiwan,full,lightgbm,67920,201462,0.9670675300647549,8.778019216491816e-28,0.8782608695652174,7.529231868037277e-18,0.9772513845205058,5,1.0,8,0.8
taiwan,full,lightgbm,67920,227235,0.9618871415356152,2.0714017410646665e-26,0.8647342995169083,2.371158419377764e-17,0.9772513845205058,5,1.0,9,0.9
taiwan,full,lightgbm,67920,276757,0.9777983348751156,1.6732108813035229e-31,0.8917874396135267,2.3496624074706835e-18,0.9772513845205058,4,0.8,8,0.8
taiwan,full,lightgbm,67920,354524,0.9702744372494605,9.521734513319648e-29,0.8782608695652174,7.529231868037277e-18,0.9772513845205058,4,0.8,9,0.9
taiwan,full,lightgbm,67920,370788,0.9695343817452975,1.6233076153629644e-28,0.8801932367149758,6.382087671072473e-18,0.9772513845205058,4,0.8,9,0.9
taiwan,full,lightgbm,67920,402405,0.9865556583410421,2.947488842881802e-36,0.9053140096618358,7.206465044850914e-19,0.9772513845205058,4,0.8,9,0.9
taiwan,full,lightgbm,67920,432996,0.9692876965772433,1.933580009032949e-28,0.8743961352657006,1.0468034513765422e-17,0.9772513845205058,5,1.0,9,0.9
taiwan,full,lightgbm,67920,438858,0.9708911501695959,6.041323147898783e-29,0.8859903381642513,3.878611469459177e-18,0.9772513845205058,4,0.8,8,0.8
taiwan,full,lightgbm,67920,443405,0.963490595127968,8.179211452135176e-27,0.8531400966183575,6.251759349944923e-17,0.9772513845205058,4,0.8,8,0.8
taiwan,full,lightgbm,67920,445686,0.962627197039778,1.355815478907623e-26,0.8608695652173914,3.2803683129676725e-17,0.9772513845205058,4,0.8,9,0.9
taiwan,full,lightgbm,67920,450372,0.9833487511563368,3.157378621013611e-34,0.9130434782608697,3.6394203191460355e-19,0.9772513845205058,4,0.8,9,0.9
taiwan,full,lightgbm,67920,450451,0.9879124267653407,2.8773707450132424e-37,0.9207729468599034,1.827592892965346e-19,0.9772513845205058,5,1.0,8,0.8
taiwan,full,lightgbm,67920,500337,0.9881591119333949,1.832615002192561e-37,0.9169082125603866,2.580855576540007e-19,0.9772513845205058,5,1.0,8,0.8
taiwan,full,lightgbm,67920,513210,0.9652173913043478,2.8670258530288362e-27,0.876328502415459,8.879424027773014e-18,0.9772513845205058,5,1.0,8,0.8
taiwan,full,lightgbm,67920,526458,0.964600678384212,4.193907667609084e-27,0.8608695652173914,3.2803683129676725e-17,0.9772513845205058,4,0.8,9,0.9
taiwan,full,lightgbm,67920,545418,0.9880357693493679,2.299012347715676e-37,0.918840579710145,2.172193706278255e-19,0.9772513845205058,5,1.0,9,0.9
taiwan,full,lightgbm,67920,554576,0.9859389454209065,7.857218417605154e-36,0.9091787439613527,5.124896003508296e-19,0.9772513845205058,4,0.8,8,0.8
taiwan,full,lightgbm,67920,631658,0.9796484736355225,2.513923499396676e-32,0.8917874396135267,2.3496624074706835e-18,0.9772513845205058,5,1.0,8,0.8
taiwan,full,lightgbm,67920,643850,0.9829787234042553,5.10149031560905e-34,0.9111111111111112,4.31952101818562e-19,0.9772513845205058,5,1.0,8,0.8
taiwan,full,lightgbm,67920,654541,0.9850755473327165,2.8896748591024557e-35,0.9169082125603866,2.580855576540007e-19,0.9772513845205058,5,1.0,8,0.8
taiwan,full,lightgbm,67920,677918,0.9649707061362934,3.340882224494639e-27,0.8743961352657006,1.0468034513765422e-17,0.9772513845205058,5,1.0,9,0.9
taiwan,full,lightgbm,67920,697339,0.9840888066604995,1.170064304100136e-34,0.9091787439613527,5.124896003508296e-19,0.9772513845205058,5,1.0,9,0.9
taiwan,full,lightgbm,67920,700518,0.9648473635522663,3.604937894009349e-27,0.8840579710144929,4.580633833051917e-18,0.9772513845205058,4,0.8,9,0.9
taiwan,full,lightgbm,67920,717452,0.9703977798334874,8.700293144051883e-29,0.8724637681159422,1.2336493381504985e-17,0.9772513845205058,4,0.8,9,0.9
taiwan,full,lightgbm,67920,735725,0.9858156028368793,9.509836886397114e-36,0.9111111111111112,4.31952101818562e-19,0.9772513845205058,4,0.8,8,0.8
taiwan,full,lightgbm,67920,758081,0.9721245760098673,2.3599622405817048e-29,0.8898550724637682,2.7778975910800926e-18,0.9772513845205058,4,0.8,9,0.9
taiwan,full,lightgbm,67920,761112,0.9780450200431697,1.311845385619307e-31,0.9111111111111112,4.31952101818562e-19,0.9772513845205058,5,1.0,9,0.9
taiwan,full,lightgbm,67920,773919,0.9683009559050262,3.838297187916653e-28,0.8724637681159422,1.2336493381504985e-17,0.9772513845205058,4,0.8,8,0.8
taiwan,full,lightgbm,67920,778383,0.9858156028368793,9.509836886397114e-36,0.918840579710145,2.172193706278255e-19,0.9772513845205058,4,0.8,8,0.8
taiwan,full,lightgbm,67920,781548,0.9876657415972865,4.476515400499222e-37,0.9207729468599034,1.827592892965346e-19,0.9772513845205058,4,0.8,10,1.0
taiwan,full,lightgbm,67920,786037,0.9671908726487819,8.092655165040164e-28,0.8589371980676329,3.85631996090833e-17,0.9772513845205058,4,0.8,9,0.9
taiwan,full,lightgbm,67920,822743,0.9514030218933086,3.9033295664220216e-24,0.8454106280193238,1.1847401611884406e-16,0.9772513845205058,4,0.8,8,0.8
taiwan,full,lightgbm,67920,827621,0.971754548257786,3.142424958723955e-29,0.8917874396135267,2.3496624074706835e-18,0.9772513845205058,4,0.8,8,0.8
taiwan,full,lightgbm,67920,839722,0.9870490286771507,1.3013644344610724e-36,0.918840579710145,2.172193706278255e-19,0.9772513845205058,4,0.8,9,0.9
taiwan,full,lightgbm,67920,858280,0.9750847980265186,2.0574065044125376e-30,0.8898550724637682,2.7778975910800926e-18,0.9772513845205058,4,0.8,9,0.9
taiwan,full,lightgbm,67920,858560,0.9720012334258402,2.5974264153412544e-29,0.8840579710144929,4.580633833051917e-18,0.9772513845205058,5,1.0,8,0.8
taiwan,full,lightgbm,67920,887876,0.9700277520814061,1.1391690670914687e-28,0.8859903381642513,3.878611469459177e-18,0.9772513845205058,5,1.0,9,0.9
taiwan,full,lightgbm,67920,893119,0.9797718162195498,2.201978162976539e-32,0.8937198067632851,1.9867392397024148e-18,0.9772513845205058,4,0.8,10,1.0
taiwan,full,lightgbm,67920,926740,0.97631822386679,6.818012371399106e-31,0.9053140096618358,7.206465044850914e-19,0.9772513845205058,4,0.8,9,0.9
taiwan,full,lightgbm,67920,970694,0.9892691951896393,2.1251761157860372e-38,0.9246376811594205,1.2923478771499127e-19,0.9772513845205058,5,1.0,9,0.9
taiwan,full,lightgbm,67920,975585,0.9796484736355225,2.513923499396676e-32,0.8956521739130435,1.6792773346176676e-18,0.9772513845205058,5,1.0,8,0.8
taiwan,full,lightgbm,85942,89247,0.9689176688251618,2.506981670130953e-28,0.876328502415459,8.879424027773014e-18,0.9772513845205058,4,0.8,9,0.9
taiwan,full,lightgbm,85942,92135,0.9902559358618563,2.5709387685671945e-39,0.9362318840579711,4.530895961332684e-20,0.9772513845205058,5,1.0,8,0.8
taiwan,full,lightgbm,85942,94174,0.9504162812210916,6.0129587011388016e-24,0.8454106280193238,1.1847401611884406e-16,0.9772513845205058,5,1.0,8,0.8
taiwan,full,lightgbm,85942,128110,0.9776749922910883,1.8877333645724283e-31,0.9053140096618358,7.206465044850914e-19,0.9772513845205058,4,0.8,9,0.9
taiwan,full,lightgbm,85942,165228,0.9784150477952511,9.059620145895728e-32,0.918840579710145,2.172193706278255e-19,0.9772513845205058,5,1.0,10,1.0
taiwan,full,lightgbm,85942,182545,0.9659574468085106,1.7998275726634093e-27,0.8724637681159422,1.2336493381504985e-17,0.9772513845205058,5,1.0,7,0.7
taiwan,full,lightgbm,85942,201462,0.9713845205057046,4.1685460263177053e-29,0.9033816425120774,8.541026338023884e-19,0.9772513845205058,5,1.0,10,1.0
taiwan,full,lightgbm,85942,227235,0.9665741597286462,1.2114007948652523e-27,0.8821256038647344,5.407805585824788e-18,0.9772513845205058,5,1.0,8,0.8
taiwan,full,lightgbm,85942,276757,0.9811285846438483,4.8465366635092054e-33,0.9014492753623189,1.0119148195416758e-18,0.9772513845205058,4,0.8,10,1.0
taiwan,full,lightgbm,85942,354524,0.9764415664508171,6.08567476470541e-31,0.8995169082125605,1.1984611966222292e-18,0.9772513845205058,4,0.8,9,0.9
taiwan,full,lightgbm,85942,370788,0.9670675300647549,8.778019216491816e-28,0.8628019323671499,2.7894491421604266e-17,0.9772513845205058,4,0.8,8,0.8
taiwan,full,lightgbm,85942,402405,0.9890225100215849,3.4951845970555625e-38,0.9227053140096619,1.5371152233408615e-19,0.9772513845205058,4,0.8,9,0.9
taiwan,full,lightgbm,85942,432996,0.978168362627197,1.1603738448729618e-31,0.8956521739130435,1.6792773346176676e-18,0.9772513845205058,5,1.0,9,0.9
taiwan,full,lightgbm,85942,438858,0.9774283071230341,2.3979976808850936e-31,0.8956521739130435,1.6792773346176676e-18,0.9772513845205058,4,0.8,10,1.0
taiwan,full,lightgbm,85942,443405,0.9731113166820844,1.0787507584512455e-29,0.897584541062802,1.4188945852110538e-18,0.9772513845205058,4,0.8,9,0.9
taiwan,full,lightgbm,85942,445686,0.963737280296022,7.063653033920794e-27,0.8628019323671499,2.7894491421604266e-17,0.9772513845205058,4,0.8,8,0.8
taiwan,full,lightgbm,85942,450372,0.9824853530681468,9.517689223493207e-34,0.8956521739130435,1.6792773346176676e-18,0.9772513845205058,4,0.8,9,0.9
taiwan,full,lightgbm,85942,450451,0.9890225100215849,3.4951845970555625e-38,0.9342995169082127,5.400512103795169e-20,0.9772513845205058,5,1.0,10,1.0
taiwan,full,lightgbm,85942,500337,0.9884057971014493,1.156108830919518e-37,0.9304347826086957,7.664338461572112e-20,0.9772513845205058,5,1.0,9,0.9
taiwan,full,lightgbm,85942,513210,0.9710144927536232,5.509424693604002e-29,0.9014492753623189,1.0119148195416758e-18,0.9772513845205058,5,1.0,10,1.0
taiwan,full,lightgbm,85942,526458,0.9748381128584644,2.5489724134263282e-30,0.8898550724637682,2.7778975910800926e-18,0.9772513845205058,4,0.8,9,0.9
taiwan,full,lightgbm,85942,545418,0.9914893617021276,1.3254959203740797e-40,0.9362318840579711,4.530895961332684e-20,0.9772513845205058,5,1.0,9,0.9
taiwan,full,lightgbm,85942,554576,0.9923527597903176,1.2708538527557462e-41,0.9381642512077295,3.7999618389146106e-20,0.9772513845205058,4,0.8,10,1.0
taiwan,full,lightgbm,85942,631658,0.9860622880049337,6.480810737624138e-36,0.9207729468599034,1.827592892965346e-19,0.9772513845205058,5,1.0,10,1.0
taiwan,full,lightgbm,85942,643850,0.9875423990132592,5.565051940317024e-37,0.9246376811594205,1.2923478771499127e-19,0.9772513845205058,5,1.0,9,0.9
taiwan,full,lightgbm,85942,654541,0.9876657415972865,4.476515400499222e-37,0.9304347826086957,7.664338461572112e-20,0.9772513845205058,5,1.0,10,1.0
taiwan,full,lightgbm,85942,677918,0.9779216774591427,1.4820599851557658e-31,0.8956521739130435,1.6792773346176676e-18,0.9772513845205058,5,1.0,9,0.9
taiwan,full,lightgbm,85942,697339,0.9868023435090965,1.9660517968798558e-36,0.918840579710145,2.172193706278255e-19,0.9772513845205058,5,1.0,9,0.9
taiwan,full,lightgbm,85942,700518,0.963737280296022,7.063653033920794e-27,0.8898550724637682,2.7778975910800926e-18,0.9772513845205058,4,0.8,8,0.8
taiwan,full,lightgbm,85942,717452,0.9801418439716312,1.4724706071534903e-32,0.9014492753623189,1.0119148195416758e-18,0.9772513845205058,4,0.8,8,0.8
taiwan,full,lightgbm,85942,735725,0.9897625655257477,7.583188043725401e-39,0.9285024154589373,9.125644921128575e-20,0.9772513845205058,4,0.8,9,0.9
taiwan,full,lightgbm,85942,758081,0.9729879740980574,1.1915273978914978e-29,0.8917874396135267,2.3496624074706835e-18,0.9772513845205058,4,0.8,8,0.8
taiwan,full,lightgbm,85942,761112,0.9764415664508171,6.08567476470541e-31,0.9053140096618358,7.206465044850914e-19,0.9772513845205058,5,1.0,9,0.9
taiwan,full,lightgbm,85942,773919,0.9691643539932161,2.1091670761293264e-28,0.8859903381642513,3.878611469459177e-18,0.9772513845205058,4,0.8,9,0.9
taiwan,full,lightgbm,85942,778383,0.9943262411347518,1.8229937510575761e-44,0.9516908212560387,1.0980766803925047e-20,0.9772513845205058,4,0.8,10,1.0
taiwan,full,lightgbm,85942,781548,0.9887758248535307,5.684850947122948e-38,0.9227053140096619,1.5371152233408615e-19,0.9772513845205058,4,0.8,8,0.8
taiwan,full,lightgbm,85942,786037,0.9697810669133519,1.3608583678690553e-28,0.8724637681159422,1.2336493381504985e-17,0.9772513845205058,4,0.8,8,0.8
taiwan,full,lightgbm,85942,822743,0.9678075855689177,5.364348441909433e-28,0.8898550724637682,2.7778975910800926e-18,0.9772513845205058,4,0.8,10,1.0
taiwan,full,lightgbm,85942,827621,0.9757015109466544,1.1928002798139351e-30,0.9130434782608697,3.6394203191460355e-19,0.9772513845205058,4,0.8,10,1.0
taiwan,full,lightgbm,85942,839722,0.9903792784458835,1.9449900771595193e-39,0.9246376811594205,1.2923478771499127e-19,0.9772513845205058,4,0.8,9,0.9
taiwan,full,lightgbm,85942,858280,0.9824853530681468,9.517689223493207e-34,0.8956521739130435,1.6792773346176676e-18,0.9772513845205058,4,0.8,9,0.9
taiwan,full,lightgbm,85942,858560,0.9738513721862472,5.882135560024063e-30,0.8821256038647344,5.407805585824788e-18,0.9772513845205058,5,1.0,8,0.8
taiwan,full,lightgbm,85942,887876,0.9692876965772433,1.933580009032949e-28,0.8879227053140097,3.283017251454558e-18,0.9772513845205058,5,1.0,8,0.8
taiwan,full,lightgbm,85942,893119,0.984582176996608,5.880631985826803e-35,0.9072463768115943,6.078278831760412e-19,0.9772513845205058,4,0.8,8,0.8
taiwan,full,lightgbm,85942,926740,0.9678075855689177,5.364348441909433e-28,0.8685990338164252,1.7115265214254554e-17,0.9772513845205058,4,0.8,8,0.8
taiwan,full,lightgbm,85942,970694,0.989885908109775,5.815393072740257e-39,0.9420289855072465,2.6699768516126677e-20,0.9772513845205058,5,1.0,9,0.9
taiwan,full,lightgbm,85942,975585,0.9888991674375579,4.463591424022886e-38,0.9246376811594205,1.2923478771499127e-19,0.9772513845205058,5,1.0,9,0.9
taiwan,full,lightgbm,89247,92135,0.9711378353376502,5.022354836323047e-29,0.8782608695652174,7.529231868037277e-18,0.9772513845205058,4,0.8,8,0.8
taiwan,full,lightgbm,89247,94174,0.9621338267036695,1.8001851161022044e-26,0.8454106280193238,1.1847401611884406e-16,0.9772513845205058,4,0.8,7,0.7
taiwan,full,lightgbm,89247,128110,0.9738513721862472,5.882135560024063e-30,0.8859903381642513,3.878611469459177e-18,0.9772513845205058,5,1.0,9,0.9
taiwan,full,lightgbm,89247,165228,0.9811285846438483,4.8465366635092054e-33,0.8995169082125605,1.1984611966222292e-18,0.9772513845205058,4,0.8,9,0.9
taiwan,full,lightgbm,89247,182545,0.9826086956521739,8.157381505571874e-34,0.9072463768115943,6.078278831760412e-19,0.9772513845205058,4,0.8,8,0.8
taiwan,full,lightgbm,89247,201462,0.9826086956521739,8.157381505571874e-34,0.9072463768115943,6.078278831760412e-19,0.9772513845205058,4,0.8,9,0.9
taiwan,full,lightgbm,89247,227235,0.9785383903792784,7.996496593962427e-32,0.8898550724637682,2.7778975910800926e-18,0.9772513845205058,4,0.8,8,0.8
taiwan,full,lightgbm,89247,276757,0.9758248535306815,1.0677962425356087e-30,0.8821256038647344,5.407805585824788e-18,0.9772513845205058,5,1.0,9,0.9
taiwan,full,lightgbm,89247,354524,0.9850755473327165,2.8896748591024557e-35,0.9265700483091789,1.086171701164288e-19,0.9772513845205058,5,1.0,9,0.9
taiwan,full,lightgbm,89247,370788,0.9829787234042553,5.10149031560905e-34,0.9014492753623189,1.0119148195416758e-18,0.9772513845205058,5,1.0,9,0.9
taiwan,full,lightgbm,89247,402405,0.9683009559050262,3.838297187916653e-28,0.8879227053140097,3.283017251454558e-18,0.9772513845205058,5,1.0,9,0.9
taiwan,full,lightgbm,89247,432996,0.9834720937403639,2.684302502652379e-34,0.9149758454106282,3.065313666003139e-19,0.9772513845205058,4,0.8,10,1.0
taiwan,full,lightgbm,89247,438858,0.9831020659882825,4.352631204752179e-34,0.9072463768115943,6.078278831760412e-19,0.9772513845205058,5,1.0,9,0.9
taiwan,full,lightgbm,89247,443405,0.9784150477952511,9.059620145895728e-32,0.8898550724637682,2.7778975910800926e-18,0.9772513845205058,5,1.0,8,0.8
taiwan,full,lightgbm,89247,445686,0.9780450200431697,1.311845385619307e-31,0.8937198067632851,1.9867392397024148e-18,0.9772513845205058,5,1.0,9,0.9
taiwan,full,lightgbm,89247,450372,0.9734813444341658,7.982858484215592e-30,0.8801932367149758,6.382087671072473e-18,0.9772513845205058,5,1.0,8,0.8
taiwan,full,lightgbm,89247,450451,0.9790317607153869,4.8179885133517966e-32,0.8917874396135267,2.3496624074706835e-18,0.9772513845205058,4,0.8,9,0.9
taiwan,full,lightgbm,89247,500337,0.963737280296022,7.063653033920794e-27,0.8685990338164252,1.7115265214254554e-17,0.9772513845205058,4,0.8,8,0.8
taiwan,full,lightgbm,89247,513210,0.9803885291396855,1.1212435265563769e-32,0.897584541062802,1.4188945852110538e-18,0.9772513845205058,4,0.8,9,0.9
taiwan,full,lightgbm,89247,526458,0.9765649090348443,5.428723906891457e-31,0.8821256038647344,5.407805585824788e-18,0.9772513845205058,5,1.0,8,0.8
taiwan,full,lightgbm,89247,545418,0.9761948812827629,7.633920179099768e-31,0.8859903381642513,3.878611469459177e-18,0.9772513845205058,4,0.8,9,0.9
taiwan,full,lightgbm,89247,554576,0.9759481961147086,9.55345140669336e-31,0.8917874396135267,2.3496624074706835e-18,0.9772513845205058,5,1.0,9,0.9
taiwan,full,lightgbm,89247,631658,0.9770582793709527,3.416476942269212e-31,0.897584541062802,1.4188945852110538e-18,0.9772513845205058,4,0.8,9,0.9
taiwan,full,lightgbm,89247,643850,0.9755781683626272,1.3316829816248566e-30,0.8782608695652174,7.529231868037277e-18,0.9772513845205058,4,0.8,8,0.8
taiwan,full,lightgbm,89247,654541,0.9591736046870182,9.14827130830691e-26,0.8570048309178745,4.531790376201061e-17,0.9772513845205058,4,0.8,9,0.9
taiwan,full,lightgbm,89247,677918,0.9627505396238051,1.2623008964255133e-26,0.8492753623188406,8.612316767936217e-17,0.9772513845205058,4,0.8,9,0.9
taiwan,full,lightgbm,89247,697339,0.9732346592661116,9.761962084149475e-30,0.8879227053140097,3.283017251454558e-18,0.9772513845205058,4,0.8,9,0.9
taiwan,full,lightgbm,89247,700518,0.9794017884674683,3.268747886572484e-32,0.8898550724637682,2.7778975910800926e-18,0.9772513845205058,5,1.0,8,0.8
taiwan,full,lightgbm,89247,717452,0.9744680851063829,3.501192784913317e-30,0.8782608695652174,7.529231868037277e-18,0.9772513845205058,5,1.0,9,0.9
taiwan,full,lightgbm,89247,735725,0.9800185013876039,1.685251448117878e-32,0.897584541062802,1.4188945852110538e-18,0.9772513845205058,5,1.0,8,0.8
taiwan,full,lightgbm,89247,758081,0.9833487511563368,3.157378621013611e-34,0.9111111111111112,4.31952101818562e-19,0.9772513845205058,5,1.0,8,0.8
taiwan,full,lightgbm,89247,761112,0.9810052420598211,5.586414530833385e-33,0.9014492753623189,1.0119148195416758e-18,0.9772513845205058,4,0.8,8,0.8
taiwan,full,lightgbm,89247,773919,0.9811285846438483,4.8465366635092054e-33,0.897584541062802,1.4188945852110538e-18,0.9772513845205058,5,1.0,9,0.9
taiwan,full,lightgbm,89247,778383,0.9652173913043478,2.8670258530288362e-27,0.8705314009661838,1.4533310642857802e-17,0.9772513845205058,5,1.0,9,0.9
taiwan,full,lightgbm,89247,781548,0.9740980573543015,4.786957821633142e-30,0.8879227053140097,3.283017251454558e-18,0.9772513845205058,4,0.8,9,0.9
taiwan,full,lightgbm,89247,786037,0.97718162195498,3.038193743386344e-31,0.8840579710144929,4.580633833051917e-18,0.9772513845205058,5,1.0,8,0.8
taiwan,full,lightgbm,89247,822743,0.972741288930003,1.4516901736334852e-29,0.8666666666666667,2.0148789910237746e-17,0.9772513845205058,5,1.0,9,0.9
taiwan,full,lightgbm,89247,827621,0.9863089731729879,4.386235986508511e-36,0.9169082125603866,2.580855576540007e-19,0.9772513845205058,5,1.0,9,0.9
taiwan,full,lightgbm,89247,839722,0.9671908726487819,8.092655165040164e-28,0.8589371980676329,3.85631996090833e-17,0.9772513845205058,5,1.0,8,0.8
taiwan,full,lightgbm,89247,858280,0.9759481961147086,9.55345140669336e-31,0.8917874396135267,2.3496624074706835e-18,0.9772513845205058,5,1.0,9,0.9
taiwan,full,lightgbm,89247,858560,0.9834720937403639,2.684302502652379e-34,0.9053140096618358,7.206465044850914e-19,0.9772513845205058,4,0.8,8,0.8
taiwan,full,lightgbm,89247,887876,0.9864323157570151,3.598876360405332e-36,0.918840579710145,2.172193706278255e-19,0.9772513845205058,4,0.8,8,0.8
taiwan,full,lightgbm,89247,893119,0.9696577243293247,1.4865716120641078e-28,0.8801932367149758,6.382087671072473e-18,0.9772513845205058,5,1.0,9,0.9
taiwan,full,lightgbm,89247,926740,0.9844588344125809,6.998643175109577e-35,0.9033816425120774,8.541026338023884e-19,0.9772513845205058,5,1.0,9,0.9
taiwan,full,lightgbm,89247,970694,0.9674375578168363,6.8718525179091765e-28,0.8801932367149758,6.382087671072473e-18,0.9772513845205058,4,0.8,8,0.8
taiwan,full,lightgbm,89247,975585,0.9711378353376502,5.022354836323047e-29,0.8782608695652174,7.529231868037277e-18,0.9772513845205058,4,0.8,8,0.8
taiwan,full,lightgbm,92135,94174,0.9564600678384211,3.665192331545707e-25,0.8550724637681161,5.323691415681353e-17,0.9772513845205058,5,1.0,9,0.9
taiwan,full,lightgbm,92135,128110,0.9785383903792784,7.996496593962427e-32,0.9033816425120774,8.541026338023884e-19,0.9772513845205058,4,0.8,9,0.9
taiwan,full,lightgbm,92135,165228,0.9790317607153869,4.8179885133517966e-32,0.9091787439613527,5.124896003508296e-19,0.9772513845205058,5,1.0,8,0.8
taiwan,full,lightgbm,92135,182545,0.9724946037619487,1.7654734373419883e-29,0.8859903381642513,3.878611469459177e-18,0.9772513845205058,5,1.0,9,0.9
taiwan,full,lightgbm,92135,201462,0.9720012334258402,2.5974264153412544e-29,0.8859903381642513,3.878611469459177e-18,0.9772513845205058,5,1.0,8,0.8
taiwan,full,lightgbm,92135,227235,0.9754548257786,1.4859021835367196e-30,0.8995169082125605,1.1984611966222292e-18,0.9772513845205058,5,1.0,10,1.0
taiwan,full,lightgbm,92135,276757,0.9840888066604995,1.170064304100136e-34,0.9072463768115943,6.078278831760412e-19,0.9772513845205058,4,0.8,8,0.8
taiwan,full,lightgbm,92135,354524,0.9743447425223558,3.887920618544817e-30,0.8859903381642513,3.878611469459177e-18,0.9772513845205058,4,0.8,8,0.8
taiwan,full,lightgbm,92135,370788,0.972617946345976,1.6012697962562073e-29,0.8840579710144929,4.580633833051917e-18,0.9772513845205058,4,0.8,9,0.9
taiwan,full,lightgbm,92135,402405,0.9776749922910883,1.8877333645724283e-31,0.8898550724637682,2.7778975910800926e-18,0.9772513845205058,4,0.8,8,0.8
taiwan,full,lightgbm,92135,432996,0.97631822386679,6.818012371399106e-31,0.8859903381642513,3.878611469459177e-18,0.9772513845205058,5,1.0,8,0.8
taiwan,full,lightgbm,92135,438858,0.9779216774591427,1.4820599851557658e-31,0.897584541062802,1.4188945852110538e-18,0.9772513845205058,4,0.8,8,0.8
taiwan,full,lightgbm,92135,443405,0.981745297563984,2.3479612156709307e-33,0.9072463768115943,6.078278831760412e-19,0.9772513845205058,4,0.8,9,0.9
taiwan,full,lightgbm,92135,445686,0.9678075855689177,5.364348441909433e-28,0.8685990338164252,1.7115265214254554e-17,0.9772513845205058,4,0.8,9,0.9
taiwan,full,lightgbm,92135,450372,0.9795251310514955,2.867742317372746e-32,0.8937198067632851,1.9867392397024148e-18,0.9772513845205058,4,0.8,9,0.9
taiwan,full,lightgbm,92135,450451,0.9881591119333949,1.832615002192561e-37,0.9285024154589373,9.125644921128575e-20,0.9772513845205058,5,1.0,8,0.8
taiwan,full,lightgbm,92135,500337,0.984582176996608,5.880631985826803e-35,0.9130434782608697,3.6394203191460355e-19,0.9772513845205058,5,1.0,8,0.8
taiwan,full,lightgbm,92135,513210,0.9716312056737588,3.4542328034450927e-29,0.8879227053140097,3.283017251454558e-18,0.9772513845205058,5,1.0,8,0.8
taiwan,full,lightgbm,92135,526458,0.9801418439716312,1.4724706071534903e-32,0.8995169082125605,1.1984611966222292e-18,0.9772513845205058,4,0.8,9,0.9
taiwan,full,lightgbm,92135,545418,0.9922294172062904,1.8048063701432182e-41,0.9381642512077295,3.7999618389146106e-20,0.9772513845205058,5,1.0,9,0.9
taiwan,full,lightgbm,92135,554576,0.9882824545174221,1.457351649164024e-37,0.9246376811594205,1.2923478771499127e-19,0.9772513845205058,4,0.8,8,0.8
taiwan,full,lightgbm,92135,631658,0.97718162195498,3.038193743386344e-31,0.8917874396135267,2.3496624074706835e-18,0.9772513845205058,5,1.0,8,0.8
taiwan,full,lightgbm,92135,643850,0.9887758248535307,5.684850947122948e-38,0.9342995169082127,5.400512103795169e-20,0.9772513845205058,5,1.0,9,0.9
taiwan,full,lightgbm,92135,654541,0.9794017884674683,3.268747886572484e-32,0.897584541062802,1.4188945852110538e-18,0.9772513845205058,5,1.0,8,0.8
taiwan,full,lightgbm,92135,677918,0.9738513721862472,5.882135560024063e-30,0.8898550724637682,2.7778975910800926e-18,0.9772513845205058,5,1.0,9,0.9
taiwan,full,lightgbm,92135,697339,0.9807585568917669,7.401724608788985e-33,0.9014492753623189,1.0119148195416758e-18,0.9772513845205058,5,1.0,8,0.8
taiwan,full,lightgbm,92135,700518,0.9706444650015419,7.255551056924706e-29,0.8956521739130435,1.6792773346176676e-18,0.9772513845205058,4,0.8,10,1.0
taiwan,full,lightgbm,92135,717452,0.9769349367869257,3.8394172778793574e-31,0.8801932367149758,6.382087671072473e-18,0.9772513845205058,4,0.8,8,0.8
taiwan,full,lightgbm,92135,735725,0.9890225100215849,3.4951845970555625e-38,0.9342995169082127,5.400512103795169e-20,0.9772513845205058,4,0.8,9,0.9
taiwan,full,lightgbm,92135,758081,0.9777983348751156,1.6732108813035229e-31,0.9014492753623189,1.0119148195416758e-18,0.9772513845205058,4,0.8,10,1.0
taiwan,full,lightgbm,92135,761112,0.9810052420598211,5.586414530833385e-33,0.9072463768115943,6.078278831760412e-19,0.9772513845205058,5,1.0,9,0.9
taiwan,full,lightgbm,92135,773919,0.9779216774591427,1.4820599851557658e-31,0.8956521739130435,1.6792773346176676e-18,0.9772513845205058,4,0.8,9,0.9
taiwan,full,lightgbm,92135,778383,0.9837187789084182,1.93302092916897e-34,0.918840579710145,2.172193706278255e-19,0.9772513845205058,4,0.8,8,0.8
taiwan,full,lightgbm,92135,781548,0.9832254085723096,3.70934796270083e-34,0.9130434782608697,3.6394203191460355e-19,0.9772513845205058,4,0.8,9,0.9
taiwan,full,lightgbm,92135,786037,0.9754548257786,1.4859021835367196e-30,0.8859903381642513,3.878611469459177e-18,0.9772513845205058,4,0.8,8,0.8
taiwan,full,lightgbm,92135,822743,0.9684242984890533,3.527240394988625e-28,0.8801932367149758,6.382087671072473e-18,0.9772513845205058,4,0.8,8,0.8
taiwan,full,lightgbm,92135,827621,0.9789084181313598,5.474704291181843e-32,0.9072463768115943,6.078278831760412e-19,0.9772513845205058,4,0.8,8,0.8
taiwan,full,lightgbm,92135,839722,0.9860622880049337,6.480810737624138e-36,0.9149758454106282,3.065313666003139e-19,0.9772513845205058,4,0.8,9,0.9
taiwan,full,lightgbm,92135,858280,0.9818686401480111,2.0251494700403686e-33,0.9014492753623189,1.0119148195416758e-18,0.9772513845205058,4,0.8,8,0.8
taiwan,full,lightgbm,92135,858560,0.9780450200431697,1.311845385619307e-31,0.8917874396135267,2.3496624074706835e-18,0.9772513845205058,5,1.0,9,0.9
taiwan,full,lightgbm,92135,887876,0.9761948812827629,7.633920179099768e-31,0.897584541062802,1.4188945852110538e-18,0.9772513845205058,5,1.0,10,1.0
taiwan,full,lightgbm,92135,893119,0.9847055195806351,4.93426664494967e-35,0.9091787439613527,5.124896003508296e-19,0.9772513845205058,4,0.8,9,0.9
taiwan,full,lightgbm,92135,926740,0.9777983348751156,1.6732108813035229e-31,0.8937198067632851,1.9867392397024148e-18,0.9772513845205058,4,0.8,9,0.9
taiwan,full,lightgbm,92135,970694,0.9816219549799567,2.7194965745715474e-33,0.9053140096618358,7.206465044850914e-19,0.9772513845205058,5,1.0,9,0.9
taiwan,full,lightgbm,92135,975585,0.9865556583410421,2.947488842881802e-36,0.918840579710145,2.172193706278255e-19,0.9772513845205058,5,1.0,8,0.8
taiwan,full,lightgbm,94174,128110,0.9766882516188714,4.839740425443591e-31,0.8898550724637682,2.7778975910800926e-18,0.9772513845205058,4,0.8,8,0.8
taiwan,full,lightgbm,94174,165228,0.973604687018193,7.213731097186092e-30,0.8840579710144929,4.580633833051917e-18,0.9772513845205058,5,1.0,8,0.8
taiwan,full,lightgbm,94174,182545,0.9747147702744372,2.834928330161335e-30,0.8840579710144929,4.580633833051917e-18,0.9772513845205058,5,1.0,9,0.9
taiwan,full,lightgbm,94174,201462,0.9665741597286462,1.2114007948652523e-27,0.8647342995169083,2.371158419377764e-17,0.9772513845205058,5,1.0,8,0.8
taiwan,full,lightgbm,94174,227235,0.9795251310514955,2.867742317372746e-32,0.8898550724637682,2.7778975910800926e-18,0.9772513845205058,5,1.0,9,0.9
taiwan,full,lightgbm,94174,276757,0.9655874190564292,2.27448865145974e-27,0.8628019323671499,2.7894491421604266e-17,0.9772513845205058,4,0.8,8,0.8
taiwan,full,lightgbm,94174,354524,0.9737280296022202,6.515575827041649e-30,0.8801932367149758,6.382087671072473e-18,0.9772513845205058,4,0.8,8,0.8
taiwan,full,lightgbm,94174,370788,0.9670675300647549,8.778019216491816e-28,0.8589371980676329,3.85631996090833e-17,0.9772513845205058,4,0.8,8,0.8
taiwan,full,lightgbm,94174,402405,0.950786308973173,5.118824384080296e-24,0.8454106280193238,1.1847401611884406e-16,0.9772513845205058,4,0.8,8,0.8
taiwan,full,lightgbm,94174,432996,0.9580635214307739,1.63201258833621e-25,0.8415458937198069,1.6274650443819702e-16,0.9772513845205058,5,1.0,7,0.7
taiwan,full,lightgbm,94174,438858,0.9708911501695959,6.041323147898783e-29,0.876328502415459,8.879424027773014e-18,0.9772513845205058,4,0.8,8,0.8
taiwan,full,lightgbm,94174,443405,0.9769349367869257,3.8394172778793574e-31,0.8898550724637682,2.7778975910800926e-18,0.9772513845205058,4,0.8,9,0.9
taiwan,full,lightgbm,94174,445686,0.9644773358001849,4.52173342336645e-27,0.8666666666666667,2.0148789910237746e-17,0.9772513845205058,4,0.8,8,0.8
taiwan,full,lightgbm,94174,450372,0.9515263644773357,3.695768138277658e-24,0.833816425120773,3.058055765675609e-16,0.9772513845205058,4,0.8,9,0.9
taiwan,full,lightgbm,94174,450451,0.9621338267036695,1.8001851161022044e-26,0.8647342995169083,2.371158419377764e-17,0.9772513845205058,5,1.0,8,0.8
taiwan,full,lightgbm,94174,500337,0.9592969472710453,8.569946663832716e-26,0.8724637681159422,1.2336493381504985e-17,0.9772513845205058,5,1.0,8,0.8
taiwan,full,lightgbm,94174,513210,0.9660807893925377,1.6637838117641165e-27,0.8705314009661838,1.4533310642857802e-17,0.9772513845205058,5,1.0,8,0.8
taiwan,full,lightgbm,94174,526458,0.972741288930003,1.4516901736334852e-29,0.8821256038647344,5.407805585824788e-18,0.9772513845205058,4,0.8,9,0.9
taiwan,full,lightgbm,94174,545418,0.9516497070613628,3.498745227660663e-24,0.8318840579710146,3.577213390220673e-16,0.9772513845205058,5,1.0,8,0.8
taiwan,full,lightgbm,94174,554576,0.9627505396238051,1.2623008964255133e-26,0.8570048309178745,4.531790376201061e-17,0.9772513845205058,4,0.8,8,0.8
taiwan,full,lightgbm,94174,631658,0.9562133826703668,4.139796491121503e-25,0.8434782608695653,1.3888143819873652e-16,0.9772513845205058,5,1.0,8,0.8
taiwan,full,lightgbm,94174,643850,0.9683009559050262,3.838297187916653e-28,0.8782608695652174,7.529231868037277e-18,0.9772513845205058,5,1.0,9,0.9
taiwan,full,lightgbm,94174,654541,0.9542399013259327,1.0700213969030367e-24,0.8492753623188406,8.612316767936217e-17,0.9772513845205058,5,1.0,8,0.8
taiwan,full,lightgbm,94174,677918,0.9620104841196423,1.9312616947853882e-26,0.8570048309178745,4.531790376201061e-17,0.9772513845205058,5,1.0,8,0.8
taiwan,full,lightgbm,94174,697339,0.9419056429232193,1.7968500064433492e-22,0.8299516908212562,4.1830274892915368e-16,0.9772513845205058,5,1.0,8,0.8
taiwan,full,lightgbm,94174,700518,0.9722479185938946,2.1432841814173534e-29,0.8743961352657006,1.0468034513765422e-17,0.9772513845205058,4,0.8,9,0.9
taiwan,full,lightgbm,94174,717452,0.9558433549182855,4.962888687466302e-25,0.8280193236714977,4.889709099620152e-16,0.9772513845205058,4,0.8,7,0.7
taiwan,full,lightgbm,94174,735725,0.9632439099599137,9.46143868622406e-27,0.8628019323671499,2.7894491421604266e-17,0.9772513845205058,4,0.8,9,0.9
taiwan,full,lightgbm,94174,758081,0.9631205673758866,1.0172278783708924e-26,0.8608695652173914,3.2803683129676725e-17,0.9772513845205058,4,0.8,9,0.9
taiwan,full,lightgbm,94174,761112,0.9643539932161578,4.873891100347016e-27,0.8589371980676329,3.85631996090833e-17,0.9772513845205058,5,1.0,9,0.9
taiwan,full,lightgbm,94174,773919,0.9692876965772433,1.933580009032949e-28,0.8705314009661838,1.4533310642857802e-17,0.9772513845205058,4,0.8,8,0.8
taiwan,full,lightgbm,94174,778383,0.9467160037002774,2.819856302098175e-23,0.8318840579710146,3.577213390220673e-16,0.9772513845205058,4,0.8,8,0.8
taiwan,full,lightgbm,94174,781548,0.9478260869565217,1.7948774361166694e-23,0.833816425120773,3.058055765675609e-16,0.9772513845205058,4,0.8,8,0.8
taiwan,full,lightgbm,94174,786037,0.9795251310514955,2.867742317372746e-32,0.8995169082125605,1.1984611966222292e-18,0.9772513845205058,4,0.8,9,0.9
taiwan,full,lightgbm,94174,822743,0.9739747147702744,5.307678820335506e-30,0.8859903381642513,3.878611469459177e-18,0.9772513845205058,4,0.8,8,0.8
taiwan,full,lightgbm,94174,827621,0.9701510946654331,1.0416785353848522e-28,0.8743961352657006,1.0468034513765422e-17,0.9772513845205058,4,0.8,8,0.8
taiwan,full,lightgbm,94174,839722,0.959913660191181,6.163767569971037e-26,0.8512077294685991,7.339018061067145e-17,0.9772513845205058,4,0.8,9,0.9
taiwan,full,lightgbm,94174,858280,0.9549799568300956,7.5319288884830405e-25,0.8454106280193238,1.1847401611884406e-16,0.9772513845205058,4,0.8,8,0.8
taiwan,full,lightgbm,94174,858560,0.9579401788467468,1.738741748337867e-25,0.8512077294685991,7.339018061067145e-17,0.9772513845205058,5,1.0,8,0.8
taiwan,full,lightgbm,94174,887876,0.9674375578168363,6.8718525179091765e-28,0.8685990338164252,1.7115265214254554e-17,0.9772513845205058,5,1.0,9,0.9
taiwan,full,lightgbm,94174,893119,0.9501695960530372,6.689658453186223e-24,0.8299516908212562,4.1830274892915368e-16,0.9772513845205058,4,0.8,8,0.8
taiwan,full,lightgbm,94174,926740,0.9720012334258402,2.5974264153412544e-29,0.876328502415459,8.879424027773014e-18,0.9772513845205058,4,0.8,8,0.8
taiwan,full,lightgbm,94174,970694,0.9567067530064753,3.242707021910086e-25,0.8570048309178745,4.531790376201061e-17,0.9772513845205058,5,1.0,9,0.9
taiwan,full,lightgbm,94174,975585,0.9650940487203207,3.0953235554885955e-27,0.8743961352657006,1.0468034513765422e-17,0.9772513845205058,5,1.0,9,0.9
taiwan,full,lightgbm,128110,165228,0.9819919827320381,1.744942226914469e-33,0.9053140096618358,7.206465044850914e-19,0.9772513845205058,4,0.8,9,0.9
taiwan,full,lightgbm,128110,182545,0.9687943262411347,2.7317749270558043e-28,0.8705314009661838,1.4533310642857802e-17,0.9772513845205058,4,0.8,8,0.8
taiwan,full,lightgbm,128110,201462,0.9750847980265186,2.0574065044125376e-30,0.8937198067632851,1.9867392397024148e-18,0.9772513845205058,4,0.8,9,0.9
taiwan,full,lightgbm,128110,227235,0.9821153253160654,1.5019544103624532e-33,0.9111111111111112,4.31952101818562e-19,0.9772513845205058,4,0.8,9,0.9
taiwan,full,lightgbm,128110,276757,0.9777983348751156,1.6732108813035229e-31,0.8956521739130435,1.6792773346176676e-18,0.9772513845205058,5,1.0,9,0.9
taiwan,full,lightgbm,128110,354524,0.9775516497070613,2.128329898118853e-31,0.897584541062802,1.4188945852110538e-18,0.9772513845205058,5,1.0,8,0.8
taiwan,full,lightgbm,128110,370788,0.9813752698119026,3.6374599501542966e-33,0.9033816425120774,8.541026338023884e-19,0.9772513845205058,5,1.0,9,0.9
taiwan,full,lightgbm,128110,402405,0.9750847980265186,2.0574065044125376e-30,0.8898550724637682,2.7778975910800926e-18,0.9772513845205058,5,1.0,8,0.8
taiwan,full,lightgbm,128110,432996,0.966327474560592,1.4205248659461616e-27,0.8705314009661838,1.4533310642857802e-17,0.9772513845205058,4,0.8,9,0.9
taiwan,full,lightgbm,128110,438858,0.9866790009250693,2.4095345994940678e-36,0.9169082125603866,2.580855576540007e-19,0.9772513845205058,5,1.0,9,0.9
taiwan,full,lightgbm,128110,443405,0.9828553808202282,5.9722848344427434e-34,0.918840579710145,2.172193706278255e-19,0.9772513845205058,5,1.0,9,0.9
taiwan,full,lightgbm,128110,445686,0.9776749922910883,1.8877333645724283e-31,0.8879227053140097,3.283017251454558e-18,0.9772513845205058,5,1.0,9,0.9
taiwan,full,lightgbm,128110,450372,0.9775516497070613,2.128329898118853e-31,0.8898550724637682,2.7778975910800926e-18,0.9772513845205058,5,1.0,8,0.8
taiwan,full,lightgbm,128110,450451,0.9798951588035769,1.9271640354412438e-32,0.9014492753623189,1.0119148195416758e-18,0.9772513845205058,4,0.8,9,0.9
taiwan,full,lightgbm,128110,500337,0.972741288930003,1.4516901736334852e-29,0.8859903381642513,3.878611469459177e-18,0.9772513845205058,4,0.8,8,0.8
taiwan,full,lightgbm,128110,513210,0.9713845205057046,4.1685460263177053e-29,0.8801932367149758,6.382087671072473e-18,0.9772513845205058,4,0.8,9,0.9
taiwan,full,lightgbm,128110,526458,0.9761948812827629,7.633920179099768e-31,0.8879227053140097,3.283017251454558e-18,0.9772513845205058,5,1.0,8,0.8
taiwan,full,lightgbm,128110,545418,0.9754548257786,1.4859021835367196e-30,0.8917874396135267,2.3496624074706835e-18,0.9772513845205058,4,0.8,9,0.9
taiwan,full,lightgbm,128110,554576,0.9838421214924451,1.6372711768882013e-34,0.9246376811594205,1.2923478771499127e-19,0.9772513845205058,5,1.0,9,0.9
taiwan,full,lightgbm,128110,631658,0.9801418439716312,1.4724706071534903e-32,0.8995169082125605,1.1984611966222292e-18,0.9772513845205058,4,0.8,9,0.9
taiwan,full,lightgbm,128110,643850,0.9911193339500461,3.368160989384181e-40,0.9342995169082127,5.400512103795169e-20,0.9772513845205058,4,0.8,9,0.9
taiwan,full,lightgbm,128110,654541,0.9723712611779216,1.9456543950073348e-29,0.8821256038647344,5.407805585824788e-18,0.9772513845205058,4,0.8,9,0.9
taiwan,full,lightgbm,128110,677918,0.9805118717237126,9.771517317723596e-33,0.8937198067632851,1.9867392397024148e-18,0.9772513845205058,4,0.8,9,0.9
taiwan,full,lightgbm,128110,697339,0.9750847980265186,2.0574065044125376e-30,0.8859903381642513,3.878611469459177e-18,0.9772513845205058,4,0.8,8,0.8
taiwan,full,lightgbm,128110,700518,0.966327474560592,1.4205248659461616e-27,0.876328502415459,8.879424027773014e-18,0.9772513845205058,5,1.0,9,0.9
taiwan,full,lightgbm,128110,717452,0.972741288930003,1.4516901736334852e-29,0.8724637681159422,1.2336493381504985e-17,0.9772513845205058,5,1.0,8,0.8
taiwan,full,lightgbm,128110,735725,0.984582176996608,5.880631985826803e-35,0.918840579710145,2.172193706278255e-19,0.9772513845205058,5,1.0,9,0.9
taiwan,full,lightgbm,128110,758081,0.9800185013876039,1.685251448117878e-32,0.897584541062802,1.4188945852110538e-18,0.9772513845205058,5,1.0,9,0.9
taiwan,full,lightgbm,128110,761112,0.9782917052112241,1.0256712965162024e-31,0.8956521739130435,1.6792773346176676e-18,0.9772513845205058,4,0.8,8,0.8
taiwan,full,lightgbm,128110,773919,0.972617946345976,1.6012697962562073e-29,0.8801932367149758,6.382087671072473e-18,0.9772513845205058,5,1.0,10,1.0
taiwan,full,lightgbm,128110,778383,0.97718162195498,3.038193743386344e-31,0.8956521739130435,1.6792773346176676e-18,0.9772513845205058,5,1.0,9,0.9
taiwan,full,lightgbm,128110,781548,0.9686709836571077,2.975701544560714e-28,0.8782608695652174,7.529231868037277e-18,0.9772513845205058,4,0.8,8,0.8
taiwan,full,lightgbm,128110,786037,0.9805118717237126,9.771517317723596e-33,0.9053140096618358,7.206465044850914e-19,0.9772513845205058,5,1.0,7,0.7
taiwan,full,lightgbm,128110,822743,0.9700277520814061,1.1391690670914687e-28,0.8801932367149758,6.382087671072473e-18,0.9772513845205058,5,1.0,9,0.9
taiwan,full,lightgbm,128110,827621,0.9759481961147086,9.55345140669336e-31,0.8956521739130435,1.6792773346176676e-18,0.9772513845205058,5,1.0,9,0.9
taiwan,full,lightgbm,128110,839722,0.9764415664508171,6.08567476470541e-31,0.8840579710144929,4.580633833051917e-18,0.9772513845205058,5,1.0,8,0.8
taiwan,full,lightgbm,128110,858280,0.9800185013876039,1.685251448117878e-32,0.9053140096618358,7.206465044850914e-19,0.9772513845205058,5,1.0,8,0.8
taiwan,full,lightgbm,128110,858560,0.9715078630897316,3.7954008095428785e-29,0.876328502415459,8.879424027773014e-18,0.9772513845205058,4,0.8,9,0.9
taiwan,full,lightgbm,128110,887876,0.9749614554424916,2.2906491021909112e-30,0.8859903381642513,3.878611469459177e-18,0.9772513845205058,4,0.8,9,0.9
taiwan,full,lightgbm,128110,893119,0.9701510946654331,1.0416785353848522e-28,0.8743961352657006,1.0468034513765422e-17,0.9772513845205058,5,1.0,8,0.8
taiwan,full,lightgbm,128110,926740,0.9807585568917669,7.401724608788985e-33,0.897584541062802,1.4188945852110538e-18,0.9772513845205058,5,1.0,9,0.9
taiwan,full,lightgbm,128110,970694,0.9692876965772433,1.933580009032949e-28,0.8782608695652174,7.529231868037277e-18,0.9772513845205058,4,0.8,8,0.8
taiwan,full,lightgbm,128110,975585,0.9822386679000925,1.2914511176538903e-33,0.9033816425120774,8.541026338023884e-19,0.9772513845205058,4,0.8,8,0.8
taiwan,full,lightgbm,165228,182545,0.9729879740980574,1.1915273978914978e-29,0.8801932367149758,6.382087671072473e-18,0.9772513845205058,5,1.0,7,0.7
taiwan,full,lightgbm,165228,201462,0.9824853530681468,9.517689223493207e-34,0.9111111111111112,4.31952101818562e-19,0.9772513845205058,5,1.0,10,1.0
taiwan,full,lightgbm,165228,227235,0.9834720937403639,2.684302502652379e-34,0.9053140096618358,7.206465044850914e-19,0.9772513845205058,5,1.0,8,0.8
taiwan,full,lightgbm,165228,276757,0.9812519272278754,4.2006998614187896e-33,0.9014492753623189,1.0119148195416758e-18,0.9772513845205058,4,0.8,10,1.0
taiwan,full,lightgbm,165228,354524,0.9871723712611779,1.0556234423884422e-36,0.9227053140096619,1.5371152233408615e-19,0.9772513845205058,4,0.8,9,0.9
taiwan,full,lightgbm,165228,370788,0.9854455750847979,1.6695522154112638e-35,0.9091787439613527,5.124896003508296e-19,0.9772513845205058,4,0.8,8,0.8
taiwan,full,lightgbm,165228,402405,0.9708911501695959,6.041323147898783e-29,0.8840579710144929,4.580633833051917e-18,0.9772513845205058,4,0.8,9,0.9
taiwan,full,lightgbm,165228,432996,0.9747147702744372,2.834928330161335e-30,0.8840579710144929,4.580633833051917e-18,0.9772513845205058,5,1.0,9,0.9
taiwan,full,lightgbm,165228,438858,0.9876657415972865,4.476515400499222e-37,0.9227053140096619,1.5371152233408615e-19,0.9772513845205058,4,0.8,10,1.0
taiwan,full,lightgbm,165228,443405,0.9880357693493679,2.299012347715676e-37,0.9169082125603866,2.580855576540007e-19,0.9772513845205058,4,0.8,9,0.9
taiwan,full,lightgbm,165228,445686,0.9803885291396855,1.1212435265563769e-32,0.8937198067632851,1.9867392397024148e-18,0.9772513845205058,4,0.8,8,0.8
taiwan,full,lightgbm,165228,450372,0.9747147702744372,2.834928330161335e-30,0.8840579710144929,4.580633833051917e-18,0.9772513845205058,4,0.8,9,0.9
taiwan,full,lightgbm,165228,450451,0.9826086956521739,8.157381505571874e-34,0.9149758454106282,3.065313666003139e-19,0.9772513845205058,5,1.0,10,1.0
taiwan,full,lightgbm,165228,500337,0.9699044094973788,1.2453195711024927e-28,0.8879227053140097,3.283017251454558e-18,0.9772513845205058,5,1.0,9,0.9
taiwan,full,lightgbm,165228,513210,0.9863089731729879,4.386235986508511e-36,0.9246376811594205,1.2923478771499127e-19,0.9772513845205058,5,1.0,10,1.0
taiwan,full,lightgbm,165228,526458,0.9880357693493679,2.299012347715676e-37,0.9207729468599034,1.827592892965346e-19,0.9772513845205058,4,0.8,9,0.9
taiwan,full,lightgbm,165228,545418,0.9777983348751156,1.6732108813035229e-31,0.897584541062802,1.4188945852110538e-18,0.9772513845205058,5,1.0,9,0.9
taiwan,full,lightgbm,165228,554576,0.9832254085723096,3.70934796270083e-34,0.9149758454106282,3.065313666003139e-19,0.9772513845205058,4,0.8,10,1.0
taiwan,full,lightgbm,165228,631658,0.978168362627197,1.1603738448729618e-31,0.9014492753623189,1.0119148195416758e-18,0.9772513845205058,5,1.0,10,1.0
taiwan,full,lightgbm,165228,643850,0.9819919827320381,1.744942226914469e-33,0.9091787439613527,5.124896003508296e-19,0.9772513845205058,5,1.0,9,0.9
taiwan,full,lightgbm,165228,654541,0.971754548257786,3.142424958723955e-29,0.8956521739130435,1.6792773346176676e-18,0.9772513845205058,5,1.0,10,1.0
taiwan,full,lightgbm,165228,677918,0.9715078630897316,3.7954008095428785e-29,0.8840579710144929,4.580633833051917e-18,0.9772513845205058,5,1.0,9,0.9
taiwan,full,lightgbm,165228,697339,0.9722479185938946,2.1432841814173534e-29,0.8879227053140097,3.283017251454558e-18,0.9772513845205058,5,1.0,9,0.9
taiwan,full,lightgbm,165228,700518,0.9789084181313598,5.474704291181843e-32,0.897584541062802,1.4188945852110538e-18,0.9772513845205058,4,0.8,8,0.8
taiwan,full,lightgbm,165228,717452,0.973604687018193,7.213731097186092e-30,0.8743961352657006,1.0468034513765422e-17,0.9772513845205058,4,0.8,8,0.8
taiwan,full,lightgbm,165228,735725,0.9843354918285538,8.317672808485606e-35,0.9169082125603866,2.580855576540007e-19,0.9772513845205058,4,0.8,9,0.9
taiwan,full,lightgbm,165228,758081,0.9829787234042553,5.10149031560905e-34,0.9111111111111112,4.31952101818562e-19,0.9772513845205058,4,0.8,8,0.8
taiwan,full,lightgbm,165228,761112,0.9840888066604995,1.170064304100136e-34,0.9169082125603866,2.580855576540007e-19,0.9772513845205058,5,1.0,9,0.9
taiwan,full,lightgbm,165228,773919,0.9853222325007709,2.0076470086497376e-35,0.9130434782608697,3.6394203191460355e-19,0.9772513845205058,4,0.8,9,0.9
taiwan,full,lightgbm,165228,778383,0.972741288930003,1.4516901736334852e-29,0.8937198067632851,1.9867392397024148e-18,0.9772513845205058,4,0.8,10,1.0
taiwan,full,lightgbm,165228,781548,0.9745914276904101,3.151313765076592e-30,0.8917874396135267,2.3496624074706835e-18,0.9772513845205058,4,0.8,8,0.8
taiwan,full,lightgbm,165228,786037,0.9842121492445266,9.87182357712202e-35,0.9033816425120774,8.541026338023884e-19,0.9772513845205058,4,0.8,8,0.8
taiwan,full,lightgbm,165228,822743,0.9850755473327165,2.8896748591024557e-35,0.9053140096618358,7.206465044850914e-19,0.9772513845205058,4,0.8,10,1.0
taiwan,full,lightgbm,165228,827621,0.9886524822695035,7.221041590221641e-38,0.9207729468599034,1.827592892965346e-19,0.9772513845205058,4,0.8,10,1.0
taiwan,full,lightgbm,165228,839722,0.9708911501695959,6.041323147898783e-29,0.8782608695652174,7.529231868037277e-18,0.9772513845205058,4,0.8,9,0.9
taiwan,full,lightgbm,165228,858280,0.9782917052112241,1.0256712965162024e-31,0.8917874396135267,2.3496624074706835e-18,0.9772513845205058,4,0.8,9,0.9
taiwan,full,lightgbm,165228,858560,0.9731113166820844,1.0787507584512455e-29,0.8782608695652174,7.529231868037277e-18,0.9772513845205058,5,1.0,8,0.8
taiwan,full,lightgbm,165228,887876,0.984582176996608,5.880631985826803e-35,0.9072463768115943,6.078278831760412e-19,0.9772513845205058,5,1.0,8,0.8
taiwan,full,lightgbm,165228,893119,0.9695343817452975,1.6233076153629644e-28,0.8685990338164252,1.7115265214254554e-17,0.9772513845205058,4,0.8,8,0.8
taiwan,full,lightgbm,165228,926740,0.9794017884674683,3.268747886572484e-32,0.8879227053140097,3.283017251454558e-18,0.9772513845205058,4,0.8,8,0.8
taiwan,full,lightgbm,165228,970694,0.9706444650015419,7.255551056924706e-29,0.8917874396135267,2.3496624074706835e-18,0.9772513845205058,5,1.0,9,0.9
taiwan,full,lightgbm,165228,975585,0.9833487511563368,3.157378621013611e-34,0.9169082125603866,2.580855576540007e-19,0.9772513845205058,5,1.0,9,0.9
taiwan,full,lightgbm,182545,201462,0.9858156028368793,9.509836886397114e-36,0.918840579710145,2.172193706278255e-19,0.9772513845205058,5,1.0,7,0.7
taiwan,full,lightgbm,182545,227235,0.9837187789084182,1.93302092916897e-34,0.9091787439613527,5.124896003508296e-19,0.9772513845205058,5,1.0,9,0.9
taiwan,full,lightgbm,182545,276757,0.9739747147702744,5.307678820335506e-30,0.8821256038647344,5.407805585824788e-18,0.9772513845205058,4,0.8,7,0.7
taiwan,full,lightgbm,182545,354524,0.9853222325007709,2.0076470086497376e-35,0.9149758454106282,3.065313666003139e-19,0.9772513845205058,4,0.8,8,0.8
taiwan,full,lightgbm,182545,370788,0.9790317607153869,4.8179885133517966e-32,0.897584541062802,1.4188945852110538e-18,0.9772513845205058,4,0.8,9,0.9
taiwan,full,lightgbm,182545,402405,0.9592969472710453,8.569946663832716e-26,0.8531400966183575,6.251759349944923e-17,0.9772513845205058,4,0.8,8,0.8
taiwan,full,lightgbm,182545,432996,0.9865556583410421,2.947488842881802e-36,0.918840579710145,2.172193706278255e-19,0.9772513845205058,5,1.0,8,0.8
taiwan,full,lightgbm,182545,438858,0.9731113166820844,1.0787507584512455e-29,0.8840579710144929,4.580633833051917e-18,0.9772513845205058,4,0.8,7,0.7
taiwan,full,lightgbm,182545,443405,0.9789084181313598,5.474704291181843e-32,0.8898550724637682,2.7778975910800926e-18,0.9772513845205058,4,0.8,8,0.8
taiwan,full,lightgbm,182545,445686,0.9755781683626272,1.3316829816248566e-30,0.8898550724637682,2.7778975910800926e-18,0.9772513845205058,4,0.8,9,0.9
taiwan,full,lightgbm,182545,450372,0.9668208448967005,1.031825695835294e-27,0.876328502415459,8.879424027773014e-18,0.9772513845205058,4,0.8,8,0.8
taiwan,full,lightgbm,182545,450451,0.9732346592661116,9.761962084149475e-30,0.8801932367149758,6.382087671072473e-18,0.9772513845205058,5,1.0,7,0.7
taiwan,full,lightgbm,182545,500337,0.9674375578168363,6.8718525179091765e-28,0.8840579710144929,4.580633833051917e-18,0.9772513845205058,5,1.0,7,0.7
taiwan,full,lightgbm,182545,513210,0.9707678075855688,6.621956174254297e-29,0.8705314009661838,1.4533310642857802e-17,0.9772513845205058,5,1.0,7,0.7
taiwan,full,lightgbm,182545,526458,0.9790317607153869,4.8179885133517966e-32,0.8821256038647344,5.407805585824788e-18,0.9772513845205058,4,0.8,8,0.8
taiwan,full,lightgbm,182545,545418,0.9789084181313598,5.474704291181843e-32,0.9014492753623189,1.0119148195416758e-18,0.9772513845205058,5,1.0,8,0.8
taiwan,full,lightgbm,182545,554576,0.9734813444341658,7.982858484215592e-30,0.8840579710144929,4.580633833051917e-18,0.9772513845205058,4,0.8,7,0.7
taiwan,full,lightgbm,182545,631658,0.9642306506321306,5.2520912047833396e-27,0.8628019323671499,2.7894491421604266e-17,0.9772513845205058,5,1.0,7,0.7
taiwan,full,lightgbm,182545,643850,0.9687943262411347,2.7317749270558043e-28,0.8666666666666667,2.0148789910237746e-17,0.9772513845205058,5,1.0,8,0.8
taiwan,full,lightgbm,182545,654541,0.9590502621029909,9.76366148923472e-26,0.8570048309178745,4.531790376201061e-17,0.9772513845205058,5,1.0,7,0.7
taiwan,full,lightgbm,182545,677918,0.9680542707369719,4.54059455458801e-28,0.8724637681159422,1.2336493381504985e-17,0.9772513845205058,5,1.0,8,0.8
taiwan,full,lightgbm,182545,697339,0.9660807893925377,1.6637838117641165e-27,0.8724637681159422,1.2336493381504985e-17,0.9772513845205058,5,1.0,8,0.8
taiwan,full,lightgbm,182545,700518,0.9827320382362011,6.983761531797641e-34,0.9014492753623189,1.0119148195416758e-18,0.9772513845205058,4,0.8,9,0.9
taiwan,full,lightgbm,182545,717452,0.9706444650015419,7.255551056924706e-29,0.8743961352657006,1.0468034513765422e-17,0.9772513845205058,4,0.8,8,0.8
taiwan,full,lightgbm,182545,735725,0.9739747147702744,5.307678820335506e-30,0.8743961352657006,1.0468034513765422e-17,0.9772513845205058,4,0.8,8,0.8
taiwan,full,lightgbm,182545,758081,0.9833487511563368,3.157378621013611e-34,0.9111111111111112,4.31952101818562e-19,0.9772513845205058,4,0.8,9,0.9
taiwan,full,lightgbm,182545,761112,0.9805118717237126,9.771517317723596e-33,0.9091787439613527,5.124896003508296e-19,0.9772513845205058,5,1.0,8,0.8
taiwan,full,lightgbm,182545,773919,0.9791551032994141,4.2368219420583823e-32,0.8859903381642513,3.878611469459177e-18,0.9772513845205058,4,0.8,8,0.8
taiwan,full,lightgbm,182545,778383,0.9565834104224484,3.447790054807898e-25,0.8434782608695653,1.3888143819873652e-16,0.9772513845205058,4,0.8,7,0.7
taiwan,full,lightgbm,182545,781548,0.9729879740980574,1.1915273978914978e-29,0.8917874396135267,2.3496624074706835e-18,0.9772513845205058,4,0.8,9,0.9
taiwan,full,lightgbm,182545,786037,0.9824853530681468,9.517689223493207e-34,0.9033816425120774,8.541026338023884e-19,0.9772513845205058,4,0.8,9,0.9
taiwan,full,lightgbm,182545,822743,0.9764415664508171,6.08567476470541e-31,0.8821256038647344,5.407805585824788e-18,0.9772513845205058,4,0.8,7,0.7
taiwan,full,lightgbm,182545,827621,0.9812519272278754,4.2006998614187896e-33,0.897584541062802,1.4188945852110538e-18,0.9772513845205058,4,0.8,7,0.7
taiwan,full,lightgbm,182545,839722,0.9754548257786,1.4859021835367196e-30,0.897584541062802,1.4188945852110538e-18,0.9772513845205058,4,0.8,8,0.8
taiwan,full,lightgbm,182545,858280,0.9685476410730804,3.240303567468407e-28,0.876328502415459,8.879424027773014e-18,0.9772513845205058,4,0.8,8,0.8
taiwan,full,lightgbm,182545,858560,0.984582176996608,5.880631985826803e-35,0.9169082125603866,2.580855576540007e-19,0.9772513845205058,5,1.0,8,0.8
taiwan,full,lightgbm,182545,887876,0.9860622880049337,6.480810737624138e-36,0.9227053140096619,1.5371152233408615e-19,0.9772513845205058,5,1.0,9,0.9
taiwan,full,lightgbm,182545,893119,0.9761948812827629,7.633920179099768e-31,0.9072463768115943,6.078278831760412e-19,0.9772513845205058,4,0.8,9,0.9
taiwan,full,lightgbm,182545,926740,0.9816219549799567,2.7194965745715474e-33,0.8917874396135267,2.3496624074706835e-18,0.9772513845205058,4,0.8,9,0.9
taiwan,full,lightgbm,182545,970694,0.9689176688251618,2.506981670130953e-28,0.8840579710144929,4.580633833051917e-18,0.9772513845205058,5,1.0,8,0.8
taiwan,full,lightgbm,182545,975585,0.9721245760098673,2.3599622405817048e-29,0.8821256038647344,5.407805585824788e-18,0.9772513845205058,5,1.0,8,0.8
taiwan,full,lightgbm,201462,227235,0.9838421214924451,1.6372711768882013e-34,0.9091787439613527,5.124896003508296e-19,0.9772513845205058,5,1.0,8,0.8
taiwan,full,lightgbm,201462,276757,0.9792784458834412,3.722889098242183e-32,0.9053140096618358,7.206465044850914e-19,0.9772513845205058,4,0.8,10,1.0
taiwan,full,lightgbm,201462,354524,0.9901325932778291,3.3863746312212575e-39,0.9304347826086957,7.664338461572112e-20,0.9772513845205058,4,0.8,9,0.9
taiwan,full,lightgbm,201462,370788,0.9847055195806351,4.93426664494967e-35,0.9130434782608697,3.6394203191460355e-19,0.9772513845205058,4,0.8,8,0.8
taiwan,full,lightgbm,201462,402405,0.9625038544557509,1.4559088426716748e-26,0.8685990338164252,1.7115265214254554e-17,0.9772513845205058,4,0.8,9,0.9
taiwan,full,lightgbm,201462,432996,0.9842121492445266,9.87182357712202e-35,0.9111111111111112,4.31952101818562e-19,0.9772513845205058,5,1.0,9,0.9
taiwan,full,lightgbm,201462,438858,0.9827320382362011,6.983761531797641e-34,0.9072463768115943,6.078278831760412e-19,0.9772513845205058,4,0.8,10,1.0
taiwan,full,lightgbm,201462,443405,0.984582176996608,5.880631985826803e-35,0.9169082125603866,2.580855576540007e-19,0.9772513845205058,4,0.8,9,0.9
taiwan,full,lightgbm,201462,445686,0.9822386679000925,1.2914511176538903e-33,0.9053140096618358,7.206465044850914e-19,0.9772513845205058,4,0.8,8,0.8
taiwan,full,lightgbm,201462,450372,0.9731113166820844,1.0787507584512455e-29,0.8840579710144929,4.580633833051917e-18,0.9772513845205058,4,0.8,9,0.9
taiwan,full,lightgbm,201462,450451,0.9811285846438483,4.8465366635092054e-33,0.9149758454106282,3.065313666003139e-19,0.9772513845205058,5,1.0,10,1.0
taiwan,full,lightgbm,201462,500337,0.9638606228800493,6.561797723379488e-27,0.8801932367149758,6.382087671072473e-18,0.9772513845205058,5,1.0,9,0.9
taiwan,full,lightgbm,201462,513210,0.9859389454209065,7.857218417605154e-36,0.9169082125603866,2.580855576540007e-19,0.9772513845205058,5,1.0,10,1.0
taiwan,full,lightgbm,201462,526458,0.9853222325007709,2.0076470086497376e-35,0.9091787439613527,5.124896003508296e-19,0.9772513845205058,4,0.8,9,0.9
taiwan,full,lightgbm,201462,545418,0.9803885291396855,1.1212435265563769e-32,0.9014492753623189,1.0119148195416758e-18,0.9772513845205058,5,1.0,9,0.9
taiwan,full,lightgbm,201462,554576,0.980881899475794,6.433271865678734e-33,0.918840579710145,2.172193706278255e-19,0.9772513845205058,4,0.8,10,1.0
taiwan,full,lightgbm,201462,631658,0.9747147702744372,2.834928330161335e-30,0.9014492753623189,1.0119148195416758e-18,0.9772513845205058,5,1.0,10,1.0
taiwan,full,lightgbm,201462,643850,0.9747147702744372,2.834928330161335e-30,0.8937198067632851,1.9867392397024148e-18,0.9772513845205058,5,1.0,9,0.9
taiwan,full,lightgbm,201462,654541,0.9695343817452975,1.6233076153629644e-28,0.8917874396135267,2.3496624074706835e-18,0.9772513845205058,5,1.0,10,1.0
taiwan,full,lightgbm,201462,677918,0.9710144927536232,5.509424693604002e-29,0.8724637681159422,1.2336493381504985e-17,0.9772513845205058,5,1.0,9,0.9
taiwan,full,lightgbm,201462,697339,0.9738513721862472,5.882135560024063e-30,0.8956521739130435,1.6792773346176676e-18,0.9772513845205058,5,1.0,9,0.9
taiwan,full,lightgbm,201462,700518,0.9864323157570151,3.598876360405332e-36,0.9169082125603866,2.580855576540007e-19,0.9772513845205058,4,0.8,8,0.8
taiwan,full,lightgbm,201462,717452,0.9722479185938946,2.1432841814173534e-29,0.8782608695652174,7.529231868037277e-18,0.9772513845205058,4,0.8,8,0.8
taiwan,full,lightgbm,201462,735725,0.9805118717237126,9.771517317723596e-33,0.9091787439613527,5.124896003508296e-19,0.9772513845205058,4,0.8,9,0.9
taiwan,full,lightgbm,201462,758081,0.9912426765340733,2.479144165508552e-40,0.9342995169082127,5.400512103795169e-20,0.9772513845205058,4,0.8,8,0.8
taiwan,full,lightgbm,201462,761112,0.9859389454209065,7.857218417605154e-36,0.9207729468599034,1.827592892965346e-19,0.9772513845205058,5,1.0,9,0.9
taiwan,full,lightgbm,201462,773919,0.9818686401480111,2.0251494700403686e-33,0.897584541062802,1.4188945852110538e-18,0.9772513845205058,4,0.8,9,0.9
taiwan,full,lightgbm,201462,778383,0.9631205673758866,1.0172278783708924e-26,0.8705314009661838,1.4533310642857802e-17,0.9772513845205058,4,0.8,10,1.0
taiwan,full,lightgbm,201462,781548,0.9770582793709527,3.416476942269212e-31,0.8995169082125605,1.1984611966222292e-18,0.9772513845205058,4,0.8,8,0.8
taiwan,full,lightgbm,201462,786037,0.9860622880049337,6.480810737624138e-36,0.9149758454106282,3.065313666003139e-19,0.9772513845205058,4,0.8,8,0.8
taiwan,full,lightgbm,201462,822743,0.9823620104841198,1.1092728528026388e-33,0.9053140096618358,7.206465044850914e-19,0.9772513845205058,4,0.8,10,1.0
taiwan,full,lightgbm,201462,827621,0.9880357693493679,2.299012347715676e-37,0.9246376811594205,1.2923478771499127e-19,0.9772513845205058,4,0.8,10,1.0
taiwan,full,lightgbm,201462,839722,0.9754548257786,1.4859021835367196e-30,0.8898550724637682,2.7778975910800926e-18,0.9772513845205058,4,0.8,9,0.9
taiwan,full,lightgbm,201462,858280,0.9711378353376502,5.022354836323047e-29,0.8724637681159422,1.2336493381504985e-17,0.9772513845205058,4,0.8,9,0.9
taiwan,full,lightgbm,201462,858560,0.9839654640764722,1.3849939428478138e-34,0.9091787439613527,5.124896003508296e-19,0.9772513845205058,5,1.0,8,0.8
taiwan,full,lightgbm,201462,887876,0.9906259636139377,1.101072410022777e-39,0.9381642512077295,3.7999618389146106e-20,0.9772513845205058,5,1.0,8,0.8
taiwan,full,lightgbm,201462,893119,0.975331483194573,1.6570602111251142e-30,0.8956521739130435,1.6792773346176676e-18,0.9772513845205058,4,0.8,8,0.8
taiwan,full,lightgbm,201462,926740,0.9784150477952511,9.059620145895728e-32,0.8917874396135267,2.3496624074706835e-18,0.9772513845205058,4,0.8,8,0.8
taiwan,full,lightgbm,201462,970694,0.9657107616404563,2.1043764916662628e-27,0.8879227053140097,3.283017251454558e-18,0.9772513845205058,5,1.0,9,0.9
taiwan,full,lightgbm,201462,975585,0.973604687018193,7.213731097186092e-30,0.8859903381642513,3.878611469459177e-18,0.9772513845205058,5,1.0,9,0.9
taiwan,full,lightgbm,227235,276757,0.9806352143077397,8.508270610191042e-33,0.8956521739130435,1.6792773346176676e-18,0.9772513845205058,4,0.8,8,0.8
taiwan,full,lightgbm,227235,354524,0.9814986123959297,3.146702681146108e-33,0.897584541062802,1.4188945852110538e-18,0.9772513845205058,4,0.8,8,0.8
taiwan,full,lightgbm,227235,370788,0.9829787234042553,5.10149031560905e-34,0.9033816425120774,8.541026338023884e-19,0.9772513845205058,4,0.8,9,0.9
taiwan,full,lightgbm,227235,402405,0.9585568917668825,1.264286371791734e-25,0.8512077294685991,7.339018061067145e-17,0.9772513845205058,4,0.8,8,0.8
taiwan,full,lightgbm,227235,432996,0.9750847980265186,2.0574065044125376e-30,0.8859903381642513,3.878611469459177e-18,0.9772513845205058,5,1.0,8,0.8
taiwan,full,lightgbm,227235,438858,0.9786617329633055,7.053000404367201e-32,0.8898550724637682,2.7778975910800926e-18,0.9772513845205058,4,0.8,8,0.8
taiwan,full,lightgbm,227235,443405,0.9877890841813135,3.592985108858902e-37,0.9149758454106282,3.065313666003139e-19,0.9772513845205058,4,0.8,9,0.9
taiwan,full,lightgbm,227235,445686,0.9791551032994141,4.2368219420583823e-32,0.8917874396135267,2.3496624074706835e-18,0.9772513845205058,4,0.8,9,0.9
taiwan,full,lightgbm,227235,450372,0.9666975023126735,1.1181823793117444e-27,0.8550724637681161,5.323691415681353e-17,0.9772513845205058,4,0.8,9,0.9
taiwan,full,lightgbm,227235,450451,0.9715078630897316,3.7954008095428785e-29,0.8743961352657006,1.0468034513765422e-17,0.9772513845205058,5,1.0,8,0.8
taiwan,full,lightgbm,227235,500337,0.9643539932161578,4.873891100347016e-27,0.8782608695652174,7.529231868037277e-18,0.9772513845205058,5,1.0,8,0.8
taiwan,full,lightgbm,227235,513210,0.9757015109466544,1.1928002798139351e-30,0.8801932367149758,6.382087671072473e-18,0.9772513845205058,5,1.0,8,0.8
taiwan,full,lightgbm,227235,526458,0.9871723712611779,1.0556234423884422e-36,0.9111111111111112,4.31952101818562e-19,0.9772513845205058,4,0.8,9,0.9
taiwan,full,lightgbm,227235,545418,0.977304964539007,2.700058875765148e-31,0.9033816425120774,8.541026338023884e-19,0.9772513845205058,5,1.0,9,0.9
taiwan,full,lightgbm,227235,554576,0.9764415664508171,6.08567476470541e-31,0.8898550724637682,2.7778975910800926e-18,0.9772513845205058,4,0.8,8,0.8
taiwan,full,lightgbm,227235,631658,0.9711378353376502,5.022354836323047e-29,0.8801932367149758,6.382087671072473e-18,0.9772513845205058,5,1.0,8,0.8
taiwan,full,lightgbm,227235,643850,0.9787850755473327,6.216254495420717e-32,0.8956521739130435,1.6792773346176676e-18,0.9772513845205058,5,1.0,9,0.9
taiwan,full,lightgbm,227235,654541,0.9573234659266111,2.3799592238018567e-25,0.8550724637681161,5.323691415681353e-17,0.9772513845205058,5,1.0,8,0.8
taiwan,full,lightgbm,227235,677918,0.9794017884674683,3.268747886572484e-32,0.9053140096618358,7.206465044850914e-19,0.9772513845205058,5,1.0,9,0.9
taiwan,full,lightgbm,227235,697339,0.9602836879432624,5.0452841671672357e-26,0.8473429951690822,1.0102954032139838e-16,0.9772513845205058,5,1.0,8,0.8
taiwan,full,lightgbm,227235,700518,0.9818686401480111,2.0251494700403686e-33,0.8956521739130435,1.6792773346176676e-18,0.9772513845205058,4,0.8,10,1.0
taiwan,full,lightgbm,227235,717452,0.9749614554424916,2.2906491021909112e-30,0.8840579710144929,4.580633833051917e-18,0.9772513845205058,4,0.8,8,0.8
taiwan,full,lightgbm,227235,735725,0.9749614554424916,2.2906491021909112e-30,0.8801932367149758,6.382087671072473e-18,0.9772513845205058,4,0.8,9,0.9
taiwan,full,lightgbm,227235,758081,0.9831020659882825,4.352631204752179e-34,0.9091787439613527,5.124896003508296e-19,0.9772513845205058,4,0.8,10,1.0
taiwan,full,lightgbm,227235,761112,0.9806352143077397,8.508270610191042e-33,0.8956521739130435,1.6792773346176676e-18,0.9772513845205058,5,1.0,9,0.9
taiwan,full,lightgbm,227235,773919,0.9827320382362011,6.983761531797641e-34,0.8995169082125605,1.1984611966222292e-18,0.9772513845205058,4,0.8,9,0.9
taiwan,full,lightgbm,227235,778383,0.9590502621029909,9.76366148923472e-26,0.8608695652173914,3.2803683129676725e-17,0.9772513845205058,4,0.8,8,0.8
taiwan,full,lightgbm,227235,781548,0.9610237434474251,3.36093184241753e-26,0.8550724637681161,5.323691415681353e-17,0.9772513845205058,4,0.8,9,0.9
taiwan,full,lightgbm,227235,786037,0.9823620104841198,1.1092728528026388e-33,0.8937198067632851,1.9867392397024148e-18,0.9772513845205058,4,0.8,8,0.8
taiwan,full,lightgbm,227235,822743,0.9813752698119026,3.6374599501542966e-33,0.8917874396135267,2.3496624074706835e-18,0.9772513845205058,4,0.8,8,0.8
taiwan,full,lightgbm,227235,827621,0.9834720937403639,2.684302502652379e-34,0.9033816425120774,8.541026338023884e-19,0.9772513845205058,4,0.8,8,0.8
taiwan,full,lightgbm,227235,839722,0.9713845205057046,4.1685460263177053e-29,0.8840579710144929,4.580633833051917e-18,0.9772513845205058,4,0.8,9,0.9
taiwan,full,lightgbm,227235,858280,0.9728646315140301,1.3154904662474738e-29,0.8782608695652174,7.529231868037277e-18,0.9772513845205058,4,0.8,8,0.8
taiwan,full,lightgbm,227235,858560,0.9745914276904101,3.151313765076592e-30,0.8801932367149758,6.382087671072473e-18,0.9772513845205058,5,1.0,9,0.9
taiwan,full,lightgbm,227235,887876,0.9826086956521739,8.157381505571874e-34,0.897584541062802,1.4188945852110538e-18,0.9772513845205058,5,1.0,10,1.0
taiwan,full,lightgbm,227235,893119,0.9731113166820844,1.0787507584512455e-29,0.8859903381642513,3.878611469459177e-18,0.9772513845205058,4,0.8,9,0.9
taiwan,full,lightgbm,227235,926740,0.981745297563984,2.3479612156709307e-33,0.897584541062802,1.4188945852110538e-18,0.9772513845205058,4,0.8,9,0.9
taiwan,full,lightgbm,227235,970694,0.9618871415356152,2.0714017410646665e-26,0.8628019323671499,2.7894491421604266e-17,0.9772513845205058,5,1.0,9,0.9
taiwan,full,lightgbm,227235,975585,0.9722479185938946,2.1432841814173534e-29,0.8840579710144929,4.580633833051917e-18,0.9772513845205058,5,1.0,8,0.8
taiwan,full,lightgbm,276757,354524,0.9789084181313598,5.474704291181843e-32,0.897584541062802,1.4188945852110538e-18,0.9772513845205058,5,1.0,9,0.9
taiwan,full,lightgbm,276757,370788,0.9791551032994141,4.2368219420583823e-32,0.8917874396135267,2.3496624074706835e-18,0.9772513845205058,5,1.0,8,0.8
taiwan,full,lightgbm,276757,402405,0.9796484736355225,2.513923499396676e-32,0.9014492753623189,1.0119148195416758e-18,0.9772513845205058,5,1.0,9,0.9
taiwan,full,lightgbm,276757,432996,0.9789084181313598,5.474704291181843e-32,0.8898550724637682,2.7778975910800926e-18,0.9772513845205058,4,0.8,9,0.9
taiwan,full,lightgbm,276757,438858,0.9822386679000925,1.2914511176538903e-33,0.9014492753623189,1.0119148195416758e-18,0.9772513845205058,5,1.0,10,1.0
taiwan,full,lightgbm,276757,443405,0.9865556583410421,2.947488842881802e-36,0.9265700483091789,1.086171701164288e-19,0.9772513845205058,5,1.0,9,0.9
taiwan,full,lightgbm,276757,445686,0.9705211224175145,7.946681266575495e-29,0.8647342995169083,2.371158419377764e-17,0.9772513845205058,5,1.0,8,0.8
taiwan,full,lightgbm,276757,450372,0.9843354918285538,8.317672808485606e-35,0.9091787439613527,5.124896003508296e-19,0.9772513845205058,5,1.0,9,0.9
taiwan,full,lightgbm,276757,450451,0.985568917668825,1.3862016550311538e-35,0.9169082125603866,2.580855576540007e-19,0.9772513845205058,4,0.8,10,1.0
taiwan,full,lightgbm,276757,500337,0.9824853530681468,9.517689223493207e-34,0.9091787439613527,5.124896003508296e-19,0.9772513845205058,4,0.8,9,0.9
taiwan,full,lightgbm,276757,513210,0.9807585568917669,7.401724608788985e-33,0.8995169082125605,1.1984611966222292e-18,0.9772513845205058,4,0.8,10,1.0
taiwan,full,lightgbm,276757,526458,0.9866790009250693,2.4095345994940678e-36,0.9111111111111112,4.31952101818562e-19,0.9772513845205058,5,1.0,9,0.9
taiwan,full,lightgbm,276757,545418,0.9871723712611779,1.0556234423884422e-36,0.918840579710145,2.172193706278255e-19,0.9772513845205058,4,0.8,9,0.9
taiwan,full,lightgbm,276757,554576,0.9839654640764722,1.3849939428478138e-34,0.9169082125603866,2.580855576540007e-19,0.9772513845205058,5,1.0,10,1.0
taiwan,full,lightgbm,276757,631658,0.989885908109775,5.815393072740257e-39,0.9304347826086957,7.664338461572112e-20,0.9772513845205058,4,0.8,10,1.0
taiwan,full,lightgbm,276757,643850,0.9835954363243908,2.279313683596073e-34,0.9033816425120774,8.541026338023884e-19,0.9772513845205058,4,0.8,9,0.9
taiwan,full,lightgbm,276757,654541,0.978168362627197,1.1603738448729618e-31,0.9014492753623189,1.0119148195416758e-18,0.9772513845205058,4,0.8,10,1.0
taiwan,full,lightgbm,276757,677918,0.9805118717237126,9.771517317723596e-33,0.9014492753623189,1.0119148195416758e-18,0.9772513845205058,4,0.8,9,0.9
taiwan,full,lightgbm,276757,697339,0.9740980573543015,4.786957821633142e-30,0.8782608695652174,7.529231868037277e-18,0.9772513845205058,4,0.8,9,0.9
taiwan,full,lightgbm,276757,700518,0.9748381128584644,2.5489724134263282e-30,0.8879227053140097,3.283017251454558e-18,0.9772513845205058,5,1.0,8,0.8
taiwan,full,lightgbm,276757,717452,0.9806352143077397,8.508270610191042e-33,0.9033816425120774,8.541026338023884e-19,0.9772513845205058,5,1.0,8,0.8
taiwan,full,lightgbm,276757,735725,0.9810052420598211,5.586414530833385e-33,0.9033816425120774,8.541026338023884e-19,0.9772513845205058,5,1.0,9,0.9
taiwan,full,lightgbm,276757,758081,0.9733580018501388,8.829786099811353e-30,0.8859903381642513,3.878611469459177e-18,0.9772513845205058,5,1.0,8,0.8
taiwan,full,lightgbm,276757,761112,0.9792784458834412,3.722889098242183e-32,0.8917874396135267,2.3496624074706835e-18,0.9772513845205058,4,0.8,9,0.9
taiwan,full,lightgbm,276757,773919,0.9759481961147086,9.55345140669336e-31,0.876328502415459,8.879424027773014e-18,0.9772513845205058,5,1.0,9,0.9
taiwan,full,lightgbm,276757,778383,0.9776749922910883,1.8877333645724283e-31,0.8956521739130435,1.6792773346176676e-18,0.9772513845205058,5,1.0,10,1.0
taiwan,full,lightgbm,276757,781548,0.9784150477952511,9.059620145895728e-32,0.897584541062802,1.4188945852110538e-18,0.9772513845205058,4,0.8,8,0.8
taiwan,full,lightgbm,276757,786037,0.9869256860931237,1.601113618281742e-36,0.9207729468599034,1.827592892965346e-19,0.9772513845205058,5,1.0,8,0.8
taiwan,full,lightgbm,276757,822743,0.9766882516188714,4.839740425443591e-31,0.8917874396135267,2.3496624074706835e-18,0.9772513845205058,5,1.0,10,1.0
taiwan,full,lightgbm,276757,827621,0.9823620104841198,1.1092728528026388e-33,0.9111111111111112,4.31952101818562e-19,0.9772513845205058,5,1.0,10,1.0
taiwan,full,lightgbm,276757,839722,0.9818686401480111,2.0251494700403686e-33,0.9033816425120774,8.541026338023884e-19,0.9772513845205058,5,1.0,9,0.9
taiwan,full,lightgbm,276757,858280,0.978168362627197,1.1603738448729618e-31,0.8937198067632851,1.9867392397024148e-18,0.9772513845205058,5,1.0,9,0.9
taiwan,full,lightgbm,276757,858560,0.9700277520814061,1.1391690670914687e-28,0.8685990338164252,1.7115265214254554e-17,0.9772513845205058,4,0.8,8,0.8
taiwan,full,lightgbm,276757,887876,0.9779216774591427,1.4820599851557658e-31,0.8937198067632851,1.9867392397024148e-18,0.9772513845205058,4,0.8,8,0.8
taiwan,full,lightgbm,276757,893119,0.9856922602528523,1.1490919860902237e-35,0.9130434782608697,3.6394203191460355e-19,0.9772513845205058,5,1.0,8,0.8
taiwan,full,lightgbm,276757,926740,0.9798951588035769,1.9271640354412438e-32,0.8937198067632851,1.9867392397024148e-18,0.9772513845205058,5,1.0,8,0.8
taiwan,full,lightgbm,276757,970694,0.9801418439716312,1.4724706071534903e-32,0.897584541062802,1.4188945852110538e-18,0.9772513845205058,4,0.8,9,0.9
taiwan,full,lightgbm,276757,975585,0.9834720937403639,2.684302502652379e-34,0.9033816425120774,8.541026338023884e-19,0.9772513845205058,4,0.8,9,0.9
taiwan,full,lightgbm,354524,370788,0.9840888066604995,1.170064304100136e-34,0.9091787439613527,5.124896003508296e-19,0.9772513845205058,5,1.0,9,0.9
taiwan,full,lightgbm,354524,402405,0.967314215232809,7.458482523901976e-28,0.8840579710144929,4.580633833051917e-18,0.9772513845205058,5,1.0,10,1.0
taiwan,full,lightgbm,354524,432996,0.9882824545174221,1.457351649164024e-37,0.918840579710145,2.172193706278255e-19,0.9772513845205058,4,0.8,9,0.9
taiwan,full,lightgbm,354524,438858,0.9843354918285538,8.317672808485606e-35,0.9149758454106282,3.065313666003139e-19,0.9772513845205058,5,1.0,9,0.9
taiwan,full,lightgbm,354524,443405,0.9872957138452051,8.545464644430268e-37,0.9207729468599034,1.827592892965346e-19,0.9772513845205058,5,1.0,9,0.9
taiwan,full,lightgbm,354524,445686,0.9822386679000925,1.2914511176538903e-33,0.9053140096618358,7.206465044850914e-19,0.9772513845205058,5,1.0,9,0.9
taiwan,full,lightgbm,354524,450372,0.9711378353376502,5.022354836323047e-29,0.8801932367149758,6.382087671072473e-18,0.9772513845205058,5,1.0,9,0.9
taiwan,full,lightgbm,354524,450451,0.9837187789084182,1.93302092916897e-34,0.9072463768115943,6.078278831760412e-19,0.9772513845205058,4,0.8,9,0.9
taiwan,full,lightgbm,354524,500337,0.9745914276904101,3.151313765076592e-30,0.9033816425120774,8.541026338023884e-19,0.9772513845205058,4,0.8,9,0.9
taiwan,full,lightgbm,354524,513210,0.9854455750847979,1.6695522154112638e-35,0.9091787439613527,5.124896003508296e-19,0.9772513845205058,4,0.8,9,0.9
taiwan,full,lightgbm,354524,526458,0.9861856305889607,5.336315953298426e-36,0.9169082125603866,2.580855576540007e-19,0.9772513845205058,5,1.0,9,0.9
taiwan,full,lightgbm,354524,545418,0.9785383903792784,7.996496593962427e-32,0.8937198067632851,1.9867392397024148e-18,0.9772513845205058,4,0.8,8,0.8
taiwan,full,lightgbm,354524,554576,0.9839654640764722,1.3849939428478138e-34,0.918840579710145,2.172193706278255e-19,0.9772513845205058,5,1.0,9,0.9
taiwan,full,lightgbm,354524,631658,0.9758248535306815,1.0677962425356087e-30,0.897584541062802,1.4188945852110538e-18,0.9772513845205058,4,0.8,9,0.9
taiwan,full,lightgbm,354524,643850,0.977304964539007,2.700058875765148e-31,0.8937198067632851,1.9867392397024148e-18,0.9772513845205058,4,0.8,9,0.9
taiwan,full,lightgbm,354524,654541,0.972741288930003,1.4516901736334852e-29,0.8879227053140097,3.283017251454558e-18,0.9772513845205058,4,0.8,9,0.9
taiwan,full,lightgbm,354524,677918,0.9680542707369719,4.54059455458801e-28,0.8647342995169083,2.371158419377764e-17,0.9772513845205058,4,0.8,8,0.8
taiwan,full,lightgbm,354524,697339,0.9779216774591427,1.4820599851557658e-31,0.9072463768115943,6.078278831760412e-19,0.9772513845205058,4,0.8,10,1.0
taiwan,full,lightgbm,354524,700518,0.9859389454209065,7.857218417605154e-36,0.9169082125603866,2.580855576540007e-19,0.9772513845205058,5,1.0,8,0.8
taiwan,full,lightgbm,354524,717452,0.9739747147702744,5.307678820335506e-30,0.8821256038647344,5.407805585824788e-18,0.9772513845205058,5,1.0,9,0.9
taiwan,full,lightgbm,354524,735725,0.9834720937403639,2.684302502652379e-34,0.9130434782608697,3.6394203191460355e-19,0.9772513845205058,5,1.0,9,0.9
taiwan,full,lightgbm,354524,758081,0.9847055195806351,4.93426664494967e-35,0.9111111111111112,4.31952101818562e-19,0.9772513845205058,5,1.0,8,0.8
taiwan,full,lightgbm,354524,761112,0.9835954363243908,2.279313683596073e-34,0.9091787439613527,5.124896003508296e-19,0.9772513845205058,4,0.8,9,0.9
taiwan,full,lightgbm,354524,773919,0.9856922602528523,1.1490919860902237e-35,0.9091787439613527,5.124896003508296e-19,0.9772513845205058,5,1.0,8,0.8
taiwan,full,lightgbm,354524,778383,0.9708911501695959,6.041323147898783e-29,0.8821256038647344,5.407805585824788e-18,0.9772513845205058,5,1.0,9,0.9
taiwan,full,lightgbm,354524,781548,0.9828553808202282,5.9722848344427434e-34,0.9149758454106282,3.065313666003139e-19,0.9772513845205058,4,0.8,9,0.9
taiwan,full,lightgbm,354524,786037,0.9863089731729879,4.386235986508511e-36,0.9149758454106282,3.065313666003139e-19,0.9772513845205058,5,1.0,9,0.9
taiwan,full,lightgbm,354524,822743,0.9848288621646623,4.1342790585637446e-35,0.9130434782608697,3.6394203191460355e-19,0.9772513845205058,5,1.0,9,0.9
taiwan,full,lightgbm,354524,827621,0.9903792784458835,1.9449900771595193e-39,0.9362318840579711,4.530895961332684e-20,0.9772513845205058,5,1.0,9,0.9
taiwan,full,lightgbm,354524,839722,0.9794017884674683,3.268747886572484e-32,0.897584541062802,1.4188945852110538e-18,0.9772513845205058,5,1.0,9,0.9
taiwan,full,lightgbm,354524,858280,0.978168362627197,1.1603738448729618e-31,0.8956521739130435,1.6792773346176676e-18,0.9772513845205058,5,1.0,10,1.0
taiwan,full,lightgbm,354524,858560,0.9876657415972865,4.476515400499222e-37,0.9169082125603866,2.580855576540007e-19,0.9772513845205058,4,0.8,8,0.8
taiwan,full,lightgbm,354524,887876,0.9882824545174221,1.457351649164024e-37,0.918840579710145,2.172193706278255e-19,0.9772513845205058,4,0.8,8,0.8
taiwan,full,lightgbm,354524,893119,0.9769349367869257,3.8394172778793574e-31,0.8995169082125605,1.1984611966222292e-18,0.9772513845205058,5,1.0,9,0.9
taiwan,full,lightgbm,354524,926740,0.9780450200431697,1.311845385619307e-31,0.8917874396135267,2.3496624074706835e-18,0.9772513845205058,5,1.0,9,0.9
taiwan,full,lightgbm,354524,970694,0.9760715386987358,8.542419733187095e-31,0.8995169082125605,1.1984611966222292e-18,0.9772513845205058,4,0.8,9,0.9
taiwan,full,lightgbm,354524,975585,0.9800185013876039,1.685251448117878e-32,0.9014492753623189,1.0119148195416758e-18,0.9772513845205058,4,0.8,8,0.8
taiwan,full,lightgbm,370788,402405,0.967314215232809,7.458482523901976e-28,0.8705314009661838,1.4533310642857802e-17,0.9772513845205058,5,1.0,9,0.9
taiwan,full,lightgbm,370788,432996,0.9745914276904101,3.151313765076592e-30,0.8821256038647344,5.407805585824788e-18,0.9772513845205058,4,0.8,9,0.9
taiwan,full,lightgbm,370788,438858,0.9837187789084182,1.93302092916897e-34,0.9014492753623189,1.0119148195416758e-18,0.9772513845205058,5,1.0,8,0.8
taiwan,full,lightgbm,370788,443405,0.9800185013876039,1.685251448117878e-32,0.8917874396135267,2.3496624074706835e-18,0.9772513845205058,5,1.0,9,0.9
taiwan,full,lightgbm,370788,445686,0.9840888066604995,1.170064304100136e-34,0.9033816425120774,8.541026338023884e-19,0.9772513845205058,5,1.0,10,1.0
taiwan,full,lightgbm,370788,450372,0.9782917052112241,1.0256712965162024e-31,0.8937198067632851,1.9867392397024148e-18,0.9772513845205058,5,1.0,8,0.8
taiwan,full,lightgbm,370788,450451,0.9765649090348443,5.428723906891457e-31,0.8859903381642513,3.878611469459177e-18,0.9772513845205058,4,0.8,8,0.8
taiwan,full,lightgbm,370788,500337,0.9647240209682393,3.888810192861454e-27,0.8550724637681161,5.323691415681353e-17,0.9772513845205058,4,0.8,8,0.8
taiwan,full,lightgbm,370788,513210,0.9821153253160654,1.5019544103624532e-33,0.8956521739130435,1.6792773346176676e-18,0.9772513845205058,4,0.8,8,0.8
taiwan,full,lightgbm,370788,526458,0.9816219549799567,2.7194965745715474e-33,0.8917874396135267,2.3496624074706835e-18,0.9772513845205058,5,1.0,8,0.8
taiwan,full,lightgbm,370788,545418,0.9745914276904101,3.151313765076592e-30,0.8801932367149758,6.382087671072473e-18,0.9772513845205058,4,0.8,8,0.8
taiwan,full,lightgbm,370788,554576,0.9780450200431697,1.311845385619307e-31,0.8937198067632851,1.9867392397024148e-18,0.9772513845205058,5,1.0,8,0.8
taiwan,full,lightgbm,370788,631658,0.9757015109466544,1.1928002798139351e-30,0.8801932367149758,6.382087671072473e-18,0.9772513845205058,4,0.8,8,0.8
taiwan,full,lightgbm,370788,643850,0.9785383903792784,7.996496593962427e-32,0.8956521739130435,1.6792773346176676e-18,0.9772513845205058,4,0.8,9,0.9
taiwan,full,lightgbm,370788,654541,0.9639839654640764,6.0940356753159314e-27,0.8550724637681161,5.323691415681353e-17,0.9772513845205058,4,0.8,8,0.8
taiwan,full,lightgbm,370788,677918,0.9743447425223558,3.887920618544817e-30,0.8859903381642513,3.878611469459177e-18,0.9772513845205058,4,0.8,8,0.8
taiwan,full,lightgbm,370788,697339,0.972617946345976,1.6012697962562073e-29,0.8859903381642513,3.878611469459177e-18,0.9772513845205058,4,0.8,9,0.9
taiwan,full,lightgbm,370788,700518,0.9768115942028986,4.312001206550789e-31,0.8840579710144929,4.580633833051917e-18,0.9772513845205058,5,1.0,9,0.9
taiwan,full,lightgbm,370788,717452,0.9710144927536232,5.509424693604002e-29,0.8685990338164252,1.7115265214254554e-17,0.9772513845205058,5,1.0,9,0.9
taiwan,full,lightgbm,370788,735725,0.97631822386679,6.818012371399106e-31,0.8917874396135267,2.3496624074706835e-18,0.9772513845205058,5,1.0,9,0.9
taiwan,full,lightgbm,370788,758081,0.984582176996608,5.880631985826803e-35,0.9053140096618358,7.206465044850914e-19,0.9772513845205058,5,1.0,9,0.9
taiwan,full,lightgbm,370788,761112,0.9789084181313598,5.474704291181843e-32,0.8917874396135267,2.3496624074706835e-18,0.9772513845205058,4,0.8,8,0.8
taiwan,full,lightgbm,370788,773919,0.9805118717237126,9.771517317723596e-33,0.8840579710144929,4.580633833051917e-18,0.9772513845205058,5,1.0,9,0.9
taiwan,full,lightgbm,370788,778383,0.9631205673758866,1.0172278783708924e-26,0.8570048309178745,4.531790376201061e-17,0.9772513845205058,5,1.0,8,0.8
taiwan,full,lightgbm,370788,781548,0.971877890841813,2.8575642175085427e-29,0.8859903381642513,3.878611469459177e-18,0.9772513845205058,4,0.8,9,0.9
taiwan,full,lightgbm,370788,786037,0.9861856305889607,5.336315953298426e-36,0.9130434782608697,3.6394203191460355e-19,0.9772513845205058,5,1.0,8,0.8
taiwan,full,lightgbm,370788,822743,0.9729879740980574,1.1915273978914978e-29,0.876328502415459,8.879424027773014e-18,0.9772513845205058,5,1.0,8,0.8
taiwan,full,lightgbm,370788,827621,0.9835954363243908,2.279313683596073e-34,0.9072463768115943,6.078278831760412e-19,0.9772513845205058,5,1.0,8,0.8
taiwan,full,lightgbm,370788,839722,0.9664508171446191,1.3119972801350984e-27,0.8608695652173914,3.2803683129676725e-17,0.9772513845205058,5,1.0,8,0.8
taiwan,full,lightgbm,370788,858280,0.9769349367869257,3.8394172778793574e-31,0.897584541062802,1.4188945852110538e-18,0.9772513845205058,5,1.0,9,0.9
taiwan,full,lightgbm,370788,858560,0.97631822386679,6.818012371399106e-31,0.8917874396135267,2.3496624074706835e-18,0.9772513845205058,4,0.8,9,0.9
taiwan,full,lightgbm,370788,887876,0.9890225100215849,3.4951845970555625e-38,0.9246376811594205,1.2923478771499127e-19,0.9772513845205058,4,0.8,9,0.9
taiwan,full,lightgbm,370788,893119,0.9764415664508171,6.08567476470541e-31,0.8898550724637682,2.7778975910800926e-18,0.9772513845205058,5,1.0,9,0.9
taiwan,full,lightgbm,370788,926740,0.9834720937403639,2.684302502652379e-34,0.9053140096618358,7.206465044850914e-19,0.9772513845205058,5,1.0,10,1.0
taiwan,full,lightgbm,370788,970694,0.9632439099599137,9.46143868622406e-27,0.8550724637681161,5.323691415681353e-17,0.9772513845205058,4,0.8,8,0.8
taiwan,full,lightgbm,370788,975585,0.9740980573543015,4.786957821633142e-30,0.8724637681159422,1.2336493381504985e-17,0.9772513845205058,4,0.8,7,0.7
taiwan,full,lightgbm,402405,432996,0.9678075855689177,5.364348441909433e-28,0.8647342995169083,2.371158419377764e-17,0.9772513845205058,4,0.8,9,0.9
taiwan,full,lightgbm,402405,438858,0.9775516497070613,2.128329898118853e-31,0.8995169082125605,1.1984611966222292e-18,0.9772513845205058,5,1.0,9,0.9
taiwan,full,lightgbm,402405,443405,0.9643539932161578,4.873891100347016e-27,0.8705314009661838,1.4533310642857802e-17,0.9772513845205058,5,1.0,9,0.9
taiwan,full,lightgbm,402405,445686,0.9607770582793709,3.851632501260492e-26,0.8705314009661838,1.4533310642857802e-17,0.9772513845205058,5,1.0,9,0.9
taiwan,full,lightgbm,402405,450372,0.9842121492445266,9.87182357712202e-35,0.9033816425120774,8.541026338023884e-19,0.9772513845205058,5,1.0,9,0.9
taiwan,full,lightgbm,402405,450451,0.9824853530681468,9.517689223493207e-34,0.9033816425120774,8.541026338023884e-19,0.9772513845205058,4,0.8,9,0.9
taiwan,full,lightgbm,402405,500337,0.9842121492445266,9.87182357712202e-35,0.9033816425120774,8.541026338023884e-19,0.9772513845205058,4,0.8,9,0.9
taiwan,full,lightgbm,402405,513210,0.9650940487203207,3.0953235554885955e-27,0.8743961352657006,1.0468034513765422e-17,0.9772513845205058,4,0.8,9,0.9
taiwan,full,lightgbm,402405,526458,0.9657107616404563,2.1043764916662628e-27,0.8782608695652174,7.529231868037277e-18,0.9772513845205058,5,1.0,9,0.9
taiwan,full,lightgbm,402405,545418,0.9811285846438483,4.8465366635092054e-33,0.8898550724637682,2.7778975910800926e-18,0.9772513845205058,4,0.8,8,0.8
taiwan,full,lightgbm,402405,554576,0.9877890841813135,3.592985108858902e-37,0.9265700483091789,1.086171701164288e-19,0.9772513845205058,5,1.0,9,0.9
taiwan,full,lightgbm,402405,631658,0.9901325932778291,3.3863746312212575e-39,0.9207729468599034,1.827592892965346e-19,0.9772513845205058,4,0.8,9,0.9
taiwan,full,lightgbm,402405,643850,0.9859389454209065,7.857218417605154e-36,0.9207729468599034,1.827592892965346e-19,0.9772513845205058,4,0.8,9,0.9
taiwan,full,lightgbm,402405,654541,0.9842121492445266,9.87182357712202e-35,0.9072463768115943,6.078278831760412e-19,0.9772513845205058,4,0.8,9,0.9
taiwan,full,lightgbm,402405,677918,0.975331483194573,1.6570602111251142e-30,0.8801932367149758,6.382087671072473e-18,0.9772513845205058,4,0.8,8,0.8
taiwan,full,lightgbm,402405,697339,0.9794017884674683,3.268747886572484e-32,0.8956521739130435,1.6792773346176676e-18,0.9772513845205058,4,0.8,10,1.0
taiwan,full,lightgbm,402405,700518,0.954486586493987,9.52457371365447e-25,0.8666666666666667,2.0148789910237746e-17,0.9772513845205058,5,1.0,8,0.8
taiwan,full,lightgbm,402405,717452,0.9747147702744372,2.834928330161335e-30,0.8821256038647344,5.407805585824788e-18,0.9772513845205058,5,1.0,9,0.9
taiwan,full,lightgbm,402405,735725,0.9869256860931237,1.601113618281742e-36,0.9285024154589373,9.125644921128575e-20,0.9772513845205058,5,1.0,9,0.9
taiwan,full,lightgbm,402405,758081,0.9657107616404563,2.1043764916662628e-27,0.8685990338164252,1.7115265214254554e-17,0.9772513845205058,5,1.0,8,0.8
taiwan,full,lightgbm,402405,761112,0.9680542707369719,4.54059455458801e-28,0.8782608695652174,7.529231868037277e-18,0.9772513845205058,4,0.8,9,0.9
taiwan,full,lightgbm,402405,773919,0.9622571692876966,1.6776130650135485e-26,0.8705314009661838,1.4533310642857802e-17,0.9772513845205058,5,1.0,8,0.8
taiwan,full,lightgbm,402405,778383,0.9863089731729879,4.386235986508511e-36,0.9169082125603866,2.580855576540007e-19,0.9772513845205058,5,1.0,9,0.9
taiwan,full,lightgbm,402405,781548,0.9803885291396855,1.1212435265563769e-32,0.8995169082125605,1.1984611966222292e-18,0.9772513845205058,4,0.8,9,0.9
taiwan,full,lightgbm,402405,786037,0.9691643539932161,2.1091670761293264e-28,0.8840579710144929,4.580633833051917e-18,0.9772513845205058,5,1.0,9,0.9
taiwan,full,lightgbm,402405,822743,0.9554733271662041,5.9404429351506055e-25,0.8628019323671499,2.7894491421604266e-17,0.9772513845205058,5,1.0,9,0.9
taiwan,full,lightgbm,402405,827621,0.9638606228800493,6.561797723379488e-27,0.8743961352657006,1.0468034513765422e-17,0.9772513845205058,5,1.0,9,0.9
taiwan,full,lightgbm,402405,839722,0.9798951588035769,1.9271640354412438e-32,0.8898550724637682,2.7778975910800926e-18,0.9772513845205058,5,1.0,9,0.9
taiwan,full,lightgbm,402405,858280,0.9826086956521739,8.157381505571874e-34,0.9072463768115943,6.078278831760412e-19,0.9772513845205058,5,1.0,10,1.0
taiwan,full,lightgbm,402405,858560,0.9615171137835338,2.5523248363848682e-26,0.8589371980676329,3.85631996090833e-17,0.9772513845205058,4,0.8,8,0.8
taiwan,full,lightgbm,402405,887876,0.9615171137835338,2.5523248363848682e-26,0.8724637681159422,1.2336493381504985e-17,0.9772513845205058,4,0.8,8,0.8
taiwan,full,lightgbm,402405,893119,0.9765649090348443,5.428723906891457e-31,0.8879227053140097,3.283017251454558e-18,0.9772513845205058,5,1.0,9,0.9
taiwan,full,lightgbm,402405,926740,0.9700277520814061,1.1391690670914687e-28,0.8801932367149758,6.382087671072473e-18,0.9772513845205058,5,1.0,9,0.9
taiwan,full,lightgbm,402405,970694,0.9833487511563368,3.157378621013611e-34,0.9111111111111112,4.31952101818562e-19,0.9772513845205058,4,0.8,9,0.9
taiwan,full,lightgbm,402405,975585,0.981745297563984,2.3479612156709307e-33,0.897584541062802,1.4188945852110538e-18,0.9772513845205058,4,0.8,8,0.8
taiwan,full,lightgbm,432996,438858,0.9734813444341658,7.982858484215592e-30,0.8917874396135267,2.3496624074706835e-18,0.9772513845205058,4,0.8,9,0.9
taiwan,full,lightgbm,432996,443405,0.978168362627197,1.1603738448729618e-31,0.8937198067632851,1.9867392397024148e-18,0.9772513845205058,4,0.8,8,0.8
taiwan,full,lightgbm,432996,445686,0.9676842429848905,5.827846875429921e-28,0.8743961352657006,1.0468034513765422e-17,0.9772513845205058,4,0.8,9,0.9
taiwan,full,lightgbm,432996,450372,0.9665741597286462,1.2114007948652523e-27,0.8685990338164252,1.7115265214254554e-17,0.9772513845205058,4,0.8,8,0.8
taiwan,full,lightgbm,432996,450451,0.9790317607153869,4.8179885133517966e-32,0.8956521739130435,1.6792773346176676e-18,0.9772513845205058,5,1.0,9,0.9
taiwan,full,lightgbm,432996,500337,0.9724946037619487,1.7654734373419883e-29,0.8879227053140097,3.283017251454558e-18,0.9772513845205058,5,1.0,8,0.8
taiwan,full,lightgbm,432996,513210,0.9769349367869257,3.8394172778793574e-31,0.8898550724637682,2.7778975910800926e-18,0.9772513845205058,5,1.0,9,0.9
taiwan,full,lightgbm,432996,526458,0.9798951588035769,1.9271640354412438e-32,0.8859903381642513,3.878611469459177e-18,0.9772513845205058,4,0.8,8,0.8
taiwan,full,lightgbm,432996,545418,0.9842121492445266,9.87182357712202e-35,0.9091787439613527,5.124896003508296e-19,0.9772513845205058,5,1.0,9,0.9
taiwan,full,lightgbm,432996,554576,0.9826086956521739,8.157381505571874e-34,0.8995169082125605,1.1984611966222292e-18,0.9772513845205058,4,0.8,9,0.9
taiwan,full,lightgbm,432996,631658,0.9744680851063829,3.501192784913317e-30,0.897584541062802,1.4188945852110538e-18,0.9772513845205058,5,1.0,9,0.9
taiwan,full,lightgbm,432996,643850,0.9700277520814061,1.1391690670914687e-28,0.8743961352657006,1.0468034513765422e-17,0.9772513845205058,5,1.0,8,0.8
taiwan,full,lightgbm,432996,654541,0.9684242984890533,3.527240394988625e-28,0.8724637681159422,1.2336493381504985e-17,0.9772513845205058,5,1.0,9,0.9
taiwan,full,lightgbm,432996,677918,0.9707678075855688,6.621956174254297e-29,0.876328502415459,8.879424027773014e-18,0.9772513845205058,5,1.0,9,0.9
taiwan,full,lightgbm,432996,697339,0.9737280296022202,6.515575827041649e-30,0.8801932367149758,6.382087671072473e-18,0.9772513845205058,5,1.0,9,0.9
taiwan,full,lightgbm,432996,700518,0.9791551032994141,4.2368219420583823e-32,0.8937198067632851,1.9867392397024148e-18,0.9772513845205058,4,0.8,8,0.8
taiwan,full,lightgbm,432996,717452,0.97631822386679,6.818012371399106e-31,0.8859903381642513,3.878611469459177e-18,0.9772513845205058,4,0.8,9,0.9
taiwan,full,lightgbm,432996,735725,0.9785383903792784,7.996496593962427e-32,0.8859903381642513,3.878611469459177e-18,0.9772513845205058,4,0.8,8,0.8
taiwan,full,lightgbm,432996,758081,0.9792784458834412,3.722889098242183e-32,0.8956521739130435,1.6792773346176676e-18,0.9772513845205058,4,0.8,8,0.8
taiwan,full,lightgbm,432996,761112,0.9720012334258402,2.5974264153412544e-29,0.8821256038647344,5.407805585824788e-18,0.9772513845205058,5,1.0,8,0.8
taiwan,full,lightgbm,432996,773919,0.9770582793709527,3.416476942269212e-31,0.8743961352657006,1.0468034513765422e-17,0.9772513845205058,4,0.8,9,0.9
taiwan,full,lightgbm,432996,778383,0.9690410114091891,2.2998892076242396e-28,0.8743961352657006,1.0468034513765422e-17,0.9772513845205058,4,0.8,9,0.9
taiwan,full,lightgbm,432996,781548,0.9829787234042553,5.10149031560905e-34,0.9111111111111112,4.31952101818562e-19,0.9772513845205058,4,0.8,9,0.9
taiwan,full,lightgbm,432996,786037,0.9782917052112241,1.0256712965162024e-31,0.8879227053140097,3.283017251454558e-18,0.9772513845205058,4,0.8,8,0.8
taiwan,full,lightgbm,432996,822743,0.9786617329633055,7.053000404367201e-32,0.8937198067632851,1.9867392397024148e-18,0.9772513845205058,4,0.8,9,0.9
taiwan,full,lightgbm,432996,827621,0.9828553808202282,5.9722848344427434e-34,0.9014492753623189,1.0119148195416758e-18,0.9772513845205058,4,0.8,9,0.9
taiwan,full,lightgbm,432996,839722,0.975331483194573,1.6570602111251142e-30,0.8821256038647344,5.407805585824788e-18,0.9772513845205058,4,0.8,8,0.8
taiwan,full,lightgbm,432996,858280,0.9769349367869257,3.8394172778793574e-31,0.8840579710144929,4.580633833051917e-18,0.9772513845205058,4,0.8,9,0.9
taiwan,full,lightgbm,432996,858560,0.9876657415972865,4.476515400499222e-37,0.9285024154589373,9.125644921128575e-20,0.9772513845205058,5,1.0,8,0.8
taiwan,full,lightgbm,432996,887876,0.9824853530681468,9.517689223493207e-34,0.9033816425120774,8.541026338023884e-19,0.9772513845205058,5,1.0,8,0.8
taiwan,full,lightgbm,432996,893119,0.9840888066604995,1.170064304100136e-34,0.9149758454106282,3.065313666003139e-19,0.9772513845205058,4,0.8,9,0.9
taiwan,full,lightgbm,432996,926740,0.9710144927536232,5.509424693604002e-29,0.8685990338164252,1.7115265214254554e-17,0.9772513845205058,4,0.8,9,0.9
taiwan,full,lightgbm,432996,970694,0.9729879740980574,1.1915273978914978e-29,0.8840579710144929,4.580633833051917e-18,0.9772513845205058,5,1.0,8,0.8
taiwan,full,lightgbm,432996,975585,0.9786617329633055,7.053000404367201e-32,0.8859903381642513,3.878611469459177e-18,0.9772513845205058,5,1.0,8,0.8
taiwan,full,lightgbm,438858,443405,0.9869256860931237,1.601113618281742e-36,0.9169082125603866,2.580855576540007e-19,0.9772513845205058,5,1.0,9,0.9
taiwan,full,lightgbm,438858,445686,0.9837187789084182,1.93302092916897e-34,0.9091787439613527,5.124896003508296e-19,0.9772513845205058,5,1.0,8,0.8
taiwan,full,lightgbm,438858,450372,0.9866790009250693,2.4095345994940678e-36,0.9227053140096619,1.5371152233408615e-19,0.9772513845205058,5,1.0,9,0.9
taiwan,full,lightgbm,438858,450451,0.980881899475794,6.433271865678734e-33,0.9072463768115943,6.078278831760412e-19,0.9772513845205058,4,0.8,10,1.0
taiwan,full,lightgbm,438858,500337,0.971877890841813,2.8575642175085427e-29,0.8801932367149758,6.382087671072473e-18,0.9772513845205058,4,0.8,9,0.9
taiwan,full,lightgbm,438858,513210,0.980881899475794,6.433271865678734e-33,0.9091787439613527,5.124896003508296e-19,0.9772513845205058,4,0.8,10,1.0
taiwan,full,lightgbm,438858,526458,0.9806352143077397,8.508270610191042e-33,0.8937198067632851,1.9867392397024148e-18,0.9772513845205058,5,1.0,9,0.9
taiwan,full,lightgbm,438858,545418,0.9744680851063829,3.501192784913317e-30,0.8743961352657006,1.0468034513765422e-17,0.9772513845205058,4,0.8,9,0.9
taiwan,full,lightgbm,438858,554576,0.9795251310514955,2.867742317372746e-32,0.8995169082125605,1.1984611966222292e-18,0.9772513845205058,5,1.0,10,1.0
taiwan,full,lightgbm,438858,631658,0.9854455750847979,1.6695522154112638e-35,0.9130434782608697,3.6394203191460355e-19,0.9772513845205058,4,0.8,10,1.0
taiwan,full,lightgbm,438858,643850,0.9903792784458835,1.9449900771595193e-39,0.9323671497584541,6.43475184753334e-20,0.9772513845205058,4,0.8,9,0.9
taiwan,full,lightgbm,438858,654541,0.9686709836571077,2.975701544560714e-28,0.8724637681159422,1.2336493381504985e-17,0.9772513845205058,4,0.8,10,1.0
taiwan,full,lightgbm,438858,677918,0.9782917052112241,1.0256712965162024e-31,0.8956521739130435,1.6792773346176676e-18,0.9772513845205058,4,0.8,9,0.9
taiwan,full,lightgbm,438858,697339,0.9776749922910883,1.8877333645724283e-31,0.8917874396135267,2.3496624074706835e-18,0.9772513845205058,4,0.8,9,0.9
taiwan,full,lightgbm,438858,700518,0.9678075855689177,5.364348441909433e-28,0.8666666666666667,2.0148789910237746e-17,0.9772513845205058,5,1.0,8,0.8
taiwan,full,lightgbm,438858,717452,0.9843354918285538,8.317672808485606e-35,0.9091787439613527,5.124896003508296e-19,0.9772513845205058,5,1.0,8,0.8
taiwan,full,lightgbm,438858,735725,0.9854455750847979,1.6695522154112638e-35,0.9169082125603866,2.580855576540007e-19,0.9772513845205058,5,1.0,9,0.9
taiwan,full,lightgbm,438858,758081,0.9871723712611779,1.0556234423884422e-36,0.9265700483091789,1.086171701164288e-19,0.9772513845205058,5,1.0,8,0.8
taiwan,full,lightgbm,438858,761112,0.9824853530681468,9.517689223493207e-34,0.9091787439613527,5.124896003508296e-19,0.9772513845205058,4,0.8,9,0.9
taiwan,full,lightgbm,438858,773919,0.9728646315140301,1.3154904662474738e-29,0.8782608695652174,7.529231868037277e-18,0.9772513845205058,5,1.0,9,0.9
taiwan,full,lightgbm,438858,778383,0.9776749922910883,1.8877333645724283e-31,0.9053140096618358,7.206465044850914e-19,0.9772513845205058,5,1.0,10,1.0
taiwan,full,lightgbm,438858,781548,0.975331483194573,1.6570602111251142e-30,0.8995169082125605,1.1984611966222292e-18,0.9772513845205058,4,0.8,8,0.8
taiwan,full,lightgbm,438858,786037,0.9832254085723096,3.70934796270083e-34,0.8995169082125605,1.1984611966222292e-18,0.9772513845205058,5,1.0,8,0.8
taiwan,full,lightgbm,438858,822743,0.9777983348751156,1.6732108813035229e-31,0.8898550724637682,2.7778975910800926e-18,0.9772513845205058,5,1.0,10,1.0
taiwan,full,lightgbm,438858,827621,0.981745297563984,2.3479612156709307e-33,0.9053140096618358,7.206465044850914e-19,0.9772513845205058,5,1.0,10,1.0
taiwan,full,lightgbm,438858,839722,0.9766882516188714,4.839740425443591e-31,0.8937198067632851,1.9867392397024148e-18,0.9772513845205058,5,1.0,9,0.9
taiwan,full,lightgbm,438858,858280,0.9805118717237126,9.771517317723596e-33,0.8995169082125605,1.1984611966222292e-18,0.9772513845205058,5,1.0,9,0.9
taiwan,full,lightgbm,438858,858560,0.9805118717237126,9.771517317723596e-33,0.9091787439613527,5.124896003508296e-19,0.9772513845205058,4,0.8,8,0.8
taiwan,full,lightgbm,438858,887876,0.9839654640764722,1.3849939428478138e-34,0.9072463768115943,6.078278831760412e-19,0.9772513845205058,4,0.8,8,0.8
taiwan,full,lightgbm,438858,893119,0.9734813444341658,7.982858484215592e-30,0.8801932367149758,6.382087671072473e-18,0.9772513845205058,5,1.0,8,0.8
taiwan,full,lightgbm,438858,926740,0.9838421214924451,1.6372711768882013e-34,0.9033816425120774,8.541026338023884e-19,0.9772513845205058,5,1.0,8,0.8
taiwan,full,lightgbm,438858,970694,0.9669441874807276,9.518487906113141e-28,0.8724637681159422,1.2336493381504985e-17,0.9772513845205058,4,0.8,9,0.9
taiwan,full,lightgbm,438858,975585,0.9759481961147086,9.55345140669336e-31,0.8859903381642513,3.878611469459177e-18,0.9772513845205058,4,0.8,9,0.9
taiwan,full,lightgbm,443405,445686,0.9777983348751156,1.6732108813035229e-31,0.8840579710144929,4.580633833051917e-18,0.9772513845205058,5,1.0,9,0.9
taiwan,full,lightgbm,443405,450372,0.9732346592661116,9.761962084149475e-30,0.8782608695652174,7.529231868037277e-18,0.9772513845205058,5,1.0,9,0.9
taiwan,full,lightgbm,443405,450451,0.9800185013876039,1.685251448117878e-32,0.9014492753623189,1.0119148195416758e-18,0.9772513845205058,4,0.8,9,0.9
taiwan,full,lightgbm,443405,500337,0.9708911501695959,6.041323147898783e-29,0.8859903381642513,3.878611469459177e-18,0.9772513845205058,4,0.8,9,0.9
taiwan,full,lightgbm,443405,513210,0.9819919827320381,1.744942226914469e-33,0.9149758454106282,3.065313666003139e-19,0.9772513845205058,4,0.8,9,0.9
taiwan,full,lightgbm,443405,526458,0.9901325932778291,3.3863746312212575e-39,0.918840579710145,2.172193706278255e-19,0.9772513845205058,5,1.0,9,0.9
taiwan,full,lightgbm,443405,545418,0.9795251310514955,2.867742317372746e-32,0.9033816425120774,8.541026338023884e-19,0.9772513845205058,4,0.8,8,0.8
taiwan,full,lightgbm,443405,554576,0.9811285846438483,4.8465366635092054e-33,0.9091787439613527,5.124896003508296e-19,0.9772513845205058,5,1.0,9,0.9
taiwan,full,lightgbm,443405,631658,0.9787850755473327,6.216254495420717e-32,0.9072463768115943,6.078278831760412e-19,0.9772513845205058,4,0.8,9,0.9
taiwan,full,lightgbm,443405,643850,0.9832254085723096,3.70934796270083e-34,0.9111111111111112,4.31952101818562e-19,0.9772513845205058,4,0.8,10,1.0
taiwan,full,lightgbm,443405,654541,0.9658341042244835,1.946432952652877e-27,0.8782608695652174,7.529231868037277e-18,0.9772513845205058,4,0.8,9,0.9
taiwan,full,lightgbm,443405,677918,0.9759481961147086,9.55345140669336e-31,0.8821256038647344,5.407805585824788e-18,0.9772513845205058,4,0.8,8,0.8
taiwan,full,lightgbm,443405,697339,0.9695343817452975,1.6233076153629644e-28,0.8782608695652174,7.529231868037277e-18,0.9772513845205058,4,0.8,9,0.9
taiwan,full,lightgbm,443405,700518,0.9816219549799567,2.7194965745715474e-33,0.9072463768115943,6.078278831760412e-19,0.9772513845205058,5,1.0,9,0.9
taiwan,full,lightgbm,443405,717452,0.9780450200431697,1.311845385619307e-31,0.8879227053140097,3.283017251454558e-18,0.9772513845205058,5,1.0,8,0.8
taiwan,full,lightgbm,443405,735725,0.9847055195806351,4.93426664494967e-35,0.9149758454106282,3.065313666003139e-19,0.9772513845205058,5,1.0,10,1.0
taiwan,full,lightgbm,443405,758081,0.9834720937403639,2.684302502652379e-34,0.9014492753623189,1.0119148195416758e-18,0.9772513845205058,5,1.0,9,0.9
taiwan,full,lightgbm,443405,761112,0.9829787234042553,5.10149031560905e-34,0.9033816425120774,8.541026338023884e-19,0.9772513845205058,4,0.8,9,0.9
taiwan,full,lightgbm,443405,773919,0.9824853530681468,9.517689223493207e-34,0.9033816425120774,8.541026338023884e-19,0.9772513845205058,5,1.0,9,0.9
taiwan,full,lightgbm,443405,778383,0.9668208448967005,1.031825695835294e-27,0.876328502415459,8.879424027773014e-18,0.9772513845205058,5,1.0,9,0.9
taiwan,full,lightgbm,443405,781548,0.9694110391612705,1.7719814722973537e-28,0.8743961352657006,1.0468034513765422e-17,0.9772513845205058,4,0.8,8,0.8
taiwan,full,lightgbm,443405,786037,0.9893925377736663,1.6499772206500946e-38,0.9246376811594205,1.2923478771499127e-19,0.9772513845205058,5,1.0,8,0.8
taiwan,full,lightgbm,443405,822743,0.9866790009250693,2.4095345994940678e-36,0.918840579710145,2.172193706278255e-19,0.9772513845205058,5,1.0,9,0.9
taiwan,full,lightgbm,443405,827621,0.9872957138452051,8.545464644430268e-37,0.918840579710145,2.172193706278255e-19,0.9772513845205058,5,1.0,9,0.9
taiwan,full,lightgbm,443405,839722,0.973604687018193,7.213731097186092e-30,0.8801932367149758,6.382087671072473e-18,0.9772513845205058,5,1.0,9,0.9
taiwan,full,lightgbm,443405,858280,0.9801418439716312,1.4724706071534903e-32,0.897584541062802,1.4188945852110538e-18,0.9772513845205058,5,1.0,9,0.9
taiwan,full,lightgbm,443405,858560,0.9758248535306815,1.0677962425356087e-30,0.8840579710144929,4.580633833051917e-18,0.9772513845205058,4,0.8,9,0.9
taiwan,full,lightgbm,443405,887876,0.9838421214924451,1.6372711768882013e-34,0.9053140096618358,7.206465044850914e-19,0.9772513845205058,4,0.8,9,0.9
taiwan,full,lightgbm,443405,893119,0.9732346592661116,9.761962084149475e-30,0.8782608695652174,7.529231868037277e-18,0.9772513845205058,5,1.0,8,0.8
taiwan,full,lightgbm,443405,926740,0.9821153253160654,1.5019544103624532e-33,0.8937198067632851,1.9867392397024148e-18,0.9772513845205058,5,1.0,9,0.9
taiwan,full,lightgbm,443405,970694,0.9653407338883748,2.6548316562529957e-27,0.8743961352657006,1.0468034513765422e-17,0.9772513845205058,4,0.8,9,0.9
taiwan,full,lightgbm,443405,975585,0.9775516497070613,2.128329898118853e-31,0.8879227053140097,3.283017251454558e-18,0.9772513845205058,4,0.8,8,0.8
taiwan,full,lightgbm,445686,450372,0.9734813444341658,7.982858484215592e-30,0.8859903381642513,3.878611469459177e-18,0.9772513845205058,5,1.0,8,0.8
taiwan,full,lightgbm,445686,450451,0.9694110391612705,1.7719814722973537e-28,0.8666666666666667,2.0148789910237746e-17,0.9772513845205058,4,0.8,8,0.8
taiwan,full,lightgbm,445686,500337,0.9573234659266111,2.3799592238018567e-25,0.8550724637681161,5.323691415681353e-17,0.9772513845205058,4,0.8,8,0.8
taiwan,full,lightgbm,445686,513210,0.9775516497070613,2.128329898118853e-31,0.8879227053140097,3.283017251454558e-18,0.9772513845205058,4,0.8,8,0.8
taiwan,full,lightgbm,445686,526458,0.9780450200431697,1.311845385619307e-31,0.8879227053140097,3.283017251454558e-18,0.9772513845205058,5,1.0,8,0.8
taiwan,full,lightgbm,445686,545418,0.9687943262411347,2.7317749270558043e-28,0.8570048309178745,4.531790376201061e-17,0.9772513845205058,4,0.8,8,0.8
taiwan,full,lightgbm,445686,554576,0.9692876965772433,1.933580009032949e-28,0.8628019323671499,2.7894491421604266e-17,0.9772513845205058,5,1.0,8,0.8
taiwan,full,lightgbm,445686,631658,0.9669441874807276,9.518487906113141e-28,0.8608695652173914,3.2803683129676725e-17,0.9772513845205058,4,0.8,8,0.8
taiwan,full,lightgbm,445686,643850,0.9757015109466544,1.1928002798139351e-30,0.8801932367149758,6.382087671072473e-18,0.9772513845205058,4,0.8,9,0.9
taiwan,full,lightgbm,445686,654541,0.9559666975023128,4.67259163019518e-25,0.8434782608695653,1.3888143819873652e-16,0.9772513845205058,4,0.8,8,0.8
taiwan,full,lightgbm,445686,677918,0.9664508171446191,1.3119972801350984e-27,0.8628019323671499,2.7894491421604266e-17,0.9772513845205058,4,0.8,8,0.8
taiwan,full,lightgbm,445686,697339,0.9786617329633055,7.053000404367201e-32,0.9053140096618358,7.206465044850914e-19,0.9772513845205058,4,0.8,9,0.9
taiwan,full,lightgbm,445686,700518,0.9742213999383287,4.315169687998176e-30,0.8801932367149758,6.382087671072473e-18,0.9772513845205058,5,1.0,9,0.9
taiwan,full,lightgbm,445686,717452,0.9658341042244835,1.946432952652877e-27,0.8570048309178745,4.531790376201061e-17,0.9772513845205058,5,1.0,9,0.9
taiwan,full,lightgbm,445686,735725,0.9740980573543015,4.786957821633142e-30,0.8801932367149758,6.382087671072473e-18,0.9772513845205058,5,1.0,9,0.9
taiwan,full,lightgbm,445686,758081,0.9843354918285538,8.317672808485606e-35,0.9091787439613527,5.124896003508296e-19,0.9772513845205058,5,1.0,9,0.9
taiwan,full,lightgbm,445686,761112,0.9849522047486894,3.458958683887732e-35,0.9111111111111112,4.31952101818562e-19,0.9772513845205058,4,0.8,8,0.8
taiwan,full,lightgbm,445686,773919,0.9750847980265186,2.0574065044125376e-30,0.8840579710144929,4.580633833051917e-18,0.9772513845205058,5,1.0,9,0.9
taiwan,full,lightgbm,445686,778383,0.963613937711995,7.601955242725609e-27,0.8685990338164252,1.7115265214254554e-17,0.9772513845205058,5,1.0,8,0.8
taiwan,full,lightgbm,445686,781548,0.9702744372494605,9.521734513319648e-29,0.8821256038647344,5.407805585824788e-18,0.9772513845205058,4,0.8,9,0.9
taiwan,full,lightgbm,445686,786037,0.9786617329633055,7.053000404367201e-32,0.8859903381642513,3.878611469459177e-18,0.9772513845205058,5,1.0,8,0.8
taiwan,full,lightgbm,445686,822743,0.9777983348751156,1.6732108813035229e-31,0.8917874396135267,2.3496624074706835e-18,0.9772513845205058,5,1.0,8,0.8
taiwan,full,lightgbm,445686,827621,0.9812519272278754,4.2006998614187896e-33,0.8956521739130435,1.6792773346176676e-18,0.9772513845205058,5,1.0,8,0.8
taiwan,full,lightgbm,445686,839722,0.9694110391612705,1.7719814722973537e-28,0.8724637681159422,1.2336493381504985e-17,0.9772513845205058,5,1.0,8,0.8
taiwan,full,lightgbm,445686,858280,0.9722479185938946,2.1432841814173534e-29,0.8782608695652174,7.529231868037277e-18,0.9772513845205058,5,1.0,9,0.9
taiwan,full,lightgbm,445686,858560,0.9824853530681468,9.517689223493207e-34,0.9111111111111112,4.31952101818562e-19,0.9772513845205058,4,0.8,9,0.9
taiwan,full,lightgbm,445686,887876,0.9847055195806351,4.93426664494967e-35,0.9169082125603866,2.580855576540007e-19,0.9772513845205058,4,0.8,9,0.9
taiwan,full,lightgbm,445686,893119,0.9703977798334874,8.700293144051883e-29,0.8782608695652174,7.529231868037277e-18,0.9772513845205058,5,1.0,9,0.9
taiwan,full,lightgbm,445686,926740,0.9761948812827629,7.633920179099768e-31,0.8821256038647344,5.407805585824788e-18,0.9772513845205058,5,1.0,10,1.0
taiwan,full,lightgbm,445686,970694,0.9552266419981498,6.6912553550468325e-25,0.8473429951690822,1.0102954032139838e-16,0.9772513845205058,4,0.8,8,0.8
taiwan,full,lightgbm,445686,975585,0.9700277520814061,1.1391690670914687e-28,0.8647342995169083,2.371158419377764e-17,0.9772513845205058,4,0.8,7,0.7
taiwan,full,lightgbm,450372,450451,0.9826086956521739,8.157381505571874e-34,0.9033816425120774,8.541026338023884e-19,0.9772513845205058,4,0.8,9,0.9
taiwan,full,lightgbm,450372,500337,0.9786617329633055,7.053000404367201e-32,0.8956521739130435,1.6792773346176676e-18,0.9772513845205058,4,0.8,9,0.9
taiwan,full,lightgbm,450372,513210,0.9750847980265186,2.0574065044125376e-30,0.8898550724637682,2.7778975910800926e-18,0.9772513845205058,4,0.8,9,0.9
taiwan,full,lightgbm,450372,526458,0.9733580018501388,8.829786099811353e-30,0.8705314009661838,1.4533310642857802e-17,0.9772513845205058,5,1.0,10,1.0
taiwan,full,lightgbm,450372,545418,0.9826086956521739,8.157381505571874e-34,0.9053140096618358,7.206465044850914e-19,0.9772513845205058,4,0.8,9,0.9
taiwan,full,lightgbm,450372,554576,0.9789084181313598,5.474704291181843e-32,0.8956521739130435,1.6792773346176676e-18,0.9772513845205058,5,1.0,9,0.9
taiwan,full,lightgbm,450372,631658,0.9880357693493679,2.299012347715676e-37,0.9246376811594205,1.2923478771499127e-19,0.9772513845205058,4,0.8,9,0.9
taiwan,full,lightgbm,450372,643850,0.9870490286771507,1.3013644344610724e-36,0.9130434782608697,3.6394203191460355e-19,0.9772513845205058,4,0.8,9,0.9
taiwan,full,lightgbm,450372,654541,0.972741288930003,1.4516901736334852e-29,0.8724637681159422,1.2336493381504985e-17,0.9772513845205058,4,0.8,9,0.9
taiwan,full,lightgbm,450372,677918,0.9791551032994141,4.2368219420583823e-32,0.8995169082125605,1.1984611966222292e-18,0.9772513845205058,4,0.8,9,0.9
taiwan,full,lightgbm,450372,697339,0.9829787234042553,5.10149031560905e-34,0.9111111111111112,4.31952101818562e-19,0.9772513845205058,4,0.8,9,0.9
taiwan,full,lightgbm,450372,700518,0.9597903176071537,6.586450050701435e-26,0.8550724637681161,5.323691415681353e-17,0.9772513845205058,5,1.0,9,0.9
taiwan,full,lightgbm,450372,717452,0.9802651865556583,1.285464009048379e-32,0.8937198067632851,1.9867392397024148e-18,0.9772513845205058,5,1.0,8,0.8
taiwan,full,lightgbm,450372,735725,0.9803885291396855,1.1212435265563769e-32,0.897584541062802,1.4188945852110538e-18,0.9772513845205058,5,1.0,9,0.9
taiwan,full,lightgbm,450372,758081,0.9787850755473327,6.216254495420717e-32,0.9033816425120774,8.541026338023884e-19,0.9772513845205058,5,1.0,9,0.9
taiwan,full,lightgbm,450372,761112,0.9787850755473327,6.216254495420717e-32,0.9053140096618358,7.206465044850914e-19,0.9772513845205058,4,0.8,10,1.0
taiwan,full,lightgbm,450372,773919,0.9596669750231267,7.036660811807648e-26,0.8396135265700484,1.9064504051455226e-16,0.9772513845205058,5,1.0,8,0.8
taiwan,full,lightgbm,450372,778383,0.981745297563984,2.3479612156709307e-33,0.9014492753623189,1.0119148195416758e-18,0.9772513845205058,5,1.0,9,0.9
taiwan,full,lightgbm,450372,781548,0.9816219549799567,2.7194965745715474e-33,0.918840579710145,2.172193706278255e-19,0.9772513845205058,4,0.8,9,0.9
taiwan,full,lightgbm,450372,786037,0.9784150477952511,9.059620145895728e-32,0.8879227053140097,3.283017251454558e-18,0.9772513845205058,5,1.0,9,0.9
taiwan,full,lightgbm,450372,822743,0.9623805118717237,1.5630193772760048e-26,0.8628019323671499,2.7894491421604266e-17,0.9772513845205058,5,1.0,9,0.9
taiwan,full,lightgbm,450372,827621,0.9703977798334874,8.700293144051883e-29,0.8782608695652174,7.529231868037277e-18,0.9772513845205058,5,1.0,9,0.9
taiwan,full,lightgbm,450372,839722,0.9829787234042553,5.10149031560905e-34,0.9130434782608697,3.6394203191460355e-19,0.9772513845205058,5,1.0,10,1.0
taiwan,full,lightgbm,450372,858280,0.9784150477952511,9.059620145895728e-32,0.8995169082125605,1.1984611966222292e-18,0.9772513845205058,5,1.0,9,0.9
taiwan,full,lightgbm,450372,858560,0.972741288930003,1.4516901736334852e-29,0.8898550724637682,2.7778975910800926e-18,0.9772513845205058,4,0.8,8,0.8
taiwan,full,lightgbm,450372,887876,0.9776749922910883,1.8877333645724283e-31,0.9033816425120774,8.541026338023884e-19,0.9772513845205058,4,0.8,9,0.9
taiwan,full,lightgbm,450372,893119,0.9847055195806351,4.93426664494967e-35,0.918840579710145,2.172193706278255e-19,0.9772513845205058,5,1.0,9,0.9
taiwan,full,lightgbm,450372,926740,0.975331483194573,1.6570602111251142e-30,0.8879227053140097,3.283017251454558e-18,0.9772513845205058,5,1.0,8,0.8
taiwan,full,lightgbm,450372,970694,0.9786617329633055,7.053000404367201e-32,0.8995169082125605,1.1984611966222292e-18,0.9772513845205058,4,0.8,10,1.0
taiwan,full,lightgbm,450372,975585,0.9758248535306815,1.0677962425356087e-30,0.8821256038647344,5.407805585824788e-18,0.9772513845205058,4,0.8,9,0.9
taiwan,full,lightgbm,450451,500337,0.9837187789084182,1.93302092916897e-34,0.9111111111111112,4.31952101818562e-19,0.9772513845205058,5,1.0,9,0.9
taiwan,full,lightgbm,450451,513210,0.9811285846438483,4.8465366635092054e-33,0.9130434782608697,3.6394203191460355e-19,0.9772513845205058,5,1.0,10,1.0
taiwan,full,lightgbm,450451,526458,0.9831020659882825,4.352631204752179e-34,0.9091787439613527,5.124896003508296e-19,0.9772513845205058,4,0.8,9,0.9
taiwan,full,lightgbm,450451,545418,0.9902559358618563,2.5709387685671945e-39,0.9285024154589373,9.125644921128575e-20,0.9772513845205058,5,1.0,9,0.9
taiwan,full,lightgbm,450451,554576,0.9893925377736663,1.6499772206500946e-38,0.9342995169082127,5.400512103795169e-20,0.9772513845205058,4,0.8,10,1.0
taiwan,full,lightgbm,450451,631658,0.9829787234042553,5.10149031560905e-34,0.9091787439613527,5.124896003508296e-19,0.9772513845205058,5,1.0,10,1.0
taiwan,full,lightgbm,450451,643850,0.9871723712611779,1.0556234423884422e-36,0.9323671497584541,6.43475184753334e-20,0.9772513845205058,5,1.0,9,0.9
taiwan,full,lightgbm,450451,654541,0.990995991366019,4.556597015645312e-40,0.9381642512077295,3.7999618389146106e-20,0.9772513845205058,5,1.0,10,1.0
taiwan,full,lightgbm,450451,677918,0.9710144927536232,5.509424693604002e-29,0.876328502415459,8.879424027773014e-18,0.9772513845205058,5,1.0,9,0.9
taiwan,full,lightgbm,450451,697339,0.9858156028368793,9.509836886397114e-36,0.9227053140096619,1.5371152233408615e-19,0.9772513845205058,5,1.0,9,0.9
taiwan,full,lightgbm,450451,700518,0.978168362627197,1.1603738448729618e-31,0.9091787439613527,5.124896003508296e-19,0.9772513845205058,4,0.8,8,0.8
taiwan,full,lightgbm,450451,717452,0.9685476410730804,3.240303567468407e-28,0.8666666666666667,2.0148789910237746e-17,0.9772513845205058,4,0.8,8,0.8
taiwan,full,lightgbm,450451,735725,0.989885908109775,5.815393072740257e-39,0.940096618357488,3.185813680041373e-20,0.9772513845205058,4,0.8,9,0.9
taiwan,full,lightgbm,450451,758081,0.9780450200431697,1.311845385619307e-31,0.8879227053140097,3.283017251454558e-18,0.9772513845205058,4,0.8,8,0.8
taiwan,full,lightgbm,450451,761112,0.9838421214924451,1.6372711768882013e-34,0.9130434782608697,3.6394203191460355e-19,0.9772513845205058,5,1.0,9,0.9
taiwan,full,lightgbm,450451,773919,0.9777983348751156,1.6732108813035229e-31,0.8898550724637682,2.7778975910800926e-18,0.9772513845205058,4,0.8,9,0.9
taiwan,full,lightgbm,450451,778383,0.9827320382362011,6.983761531797641e-34,0.9130434782608697,3.6394203191460355e-19,0.9772513845205058,4,0.8,10,1.0
taiwan,full,lightgbm,450451,781548,0.9890225100215849,3.4951845970555625e-38,0.9227053140096619,1.5371152233408615e-19,0.9772513845205058,4,0.8,8,0.8
taiwan,full,lightgbm,450451,786037,0.9829787234042553,5.10149031560905e-34,0.9072463768115943,6.078278831760412e-19,0.9772513845205058,4,0.8,8,0.8
taiwan,full,lightgbm,450451,822743,0.9686709836571077,2.975701544560714e-28,0.8821256038647344,5.407805585824788e-18,0.9772513845205058,4,0.8,10,1.0
taiwan,full,lightgbm,450451,827621,0.9831020659882825,4.352631204752179e-34,0.9130434782608697,3.6394203191460355e-19,0.9772513845205058,4,0.8,10,1.0
taiwan,full,lightgbm,450451,839722,0.9860622880049337,6.480810737624138e-36,0.9169082125603866,2.580855576540007e-19,0.9772513845205058,4,0.8,9,0.9
taiwan,full,lightgbm,450451,858280,0.9770582793709527,3.416476942269212e-31,0.8879227053140097,3.283017251454558e-18,0.9772513845205058,4,0.8,9,0.9
taiwan,full,lightgbm,450451,858560,0.9779216774591427,1.4820599851557658e-31,0.897584541062802,1.4188945852110538e-18,0.9772513845205058,5,1.0,8,0.8
taiwan,full,lightgbm,450451,887876,0.9800185013876039,1.685251448117878e-32,0.9111111111111112,4.31952101818562e-19,0.9772513845205058,5,1.0,8,0.8
taiwan,full,lightgbm,450451,893119,0.9807585568917669,7.401724608788985e-33,0.8995169082125605,1.1984611966222292e-18,0.9772513845205058,4,0.8,8,0.8
taiwan,full,lightgbm,450451,926740,0.9743447425223558,3.887920618544817e-30,0.876328502415459,8.879424027773014e-18,0.9772513845205058,4,0.8,8,0.8
taiwan,full,lightgbm,450451,970694,0.9885291396854763,9.148537564554294e-38,0.9265700483091789,1.086171701164288e-19,0.9772513845205058,5,1.0,9,0.9
taiwan,full,lightgbm,450451,975585,0.989885908109775,5.815393072740257e-39,0.9246376811594205,1.2923478771499127e-19,0.9772513845205058,5,1.0,9,0.9
taiwan,full,lightgbm,500337,513210,0.9660807893925377,1.6637838117641165e-27,0.8782608695652174,7.529231868037277e-18,0.9772513845205058,5,1.0,9,0.9
taiwan,full,lightgbm,500337,526458,0.9679309281529448,4.936118047198209e-28,0.8705314009661838,1.4533310642857802e-17,0.9772513845205058,4,0.8,9,0.9
taiwan,full,lightgbm,500337,545418,0.9856922602528523,1.1490919860902237e-35,0.9130434782608697,3.6394203191460355e-19,0.9772513845205058,5,1.0,8,0.8
taiwan,full,lightgbm,500337,554576,0.9850755473327165,2.8896748591024557e-35,0.9149758454106282,3.065313666003139e-19,0.9772513845205058,4,0.8,9,0.9
taiwan,full,lightgbm,500337,631658,0.9833487511563368,3.157378621013611e-34,0.9091787439613527,5.124896003508296e-19,0.9772513845205058,5,1.0,9,0.9
taiwan,full,lightgbm,500337,643850,0.9786617329633055,7.053000404367201e-32,0.8859903381642513,3.878611469459177e-18,0.9772513845205058,5,1.0,9,0.9
taiwan,full,lightgbm,500337,654541,0.9848288621646623,4.1342790585637446e-35,0.9111111111111112,4.31952101818562e-19,0.9772513845205058,5,1.0,9,0.9
taiwan,full,lightgbm,500337,677918,0.9669441874807276,9.518487906113141e-28,0.8647342995169083,2.371158419377764e-17,0.9772513845205058,5,1.0,8,0.8
taiwan,full,lightgbm,500337,697339,0.97631822386679,6.818012371399106e-31,0.8956521739130435,1.6792773346176676e-18,0.9772513845205058,5,1.0,9,0.9
taiwan,full,lightgbm,500337,700518,0.9617637989515879,2.2211988930181845e-26,0.8782608695652174,7.529231868037277e-18,0.9772513845205058,4,0.8,8,0.8
taiwan,full,lightgbm,500337,717452,0.9733580018501388,8.829786099811353e-30,0.8821256038647344,5.407805585824788e-18,0.9772513845205058,4,0.8,8,0.8
taiwan,full,lightgbm,500337,735725,0.9812519272278754,4.2006998614187896e-33,0.897584541062802,1.4188945852110538e-18,0.9772513845205058,4,0.8,9,0.9
taiwan,full,lightgbm,500337,758081,0.966327474560592,1.4205248659461616e-27,0.8724637681159422,1.2336493381504985e-17,0.9772513845205058,4,0.8,8,0.8
taiwan,full,lightgbm,500337,761112,0.9684242984890533,3.527240394988625e-28,0.8821256038647344,5.407805585824788e-18,0.9772513845205058,5,1.0,9,0.9
taiwan,full,lightgbm,500337,773919,0.966327474560592,1.4205248659461616e-27,0.8705314009661838,1.4533310642857802e-17,0.9772513845205058,4,0.8,8,0.8
taiwan,full,lightgbm,500337,778383,0.9824853530681468,9.517689223493207e-34,0.9091787439613527,5.124896003508296e-19,0.9772513845205058,4,0.8,9,0.9
taiwan,full,lightgbm,500337,781548,0.985568917668825,1.3862016550311538e-35,0.9111111111111112,4.31952101818562e-19,0.9772513845205058,4,0.8,8,0.8
taiwan,full,lightgbm,500337,786037,0.9722479185938946,2.1432841814173534e-29,0.8879227053140097,3.283017251454558e-18,0.9772513845205058,4,0.8,8,0.8
taiwan,full,lightgbm,500337,822743,0.9575701510946654,2.100286471239813e-25,0.8705314009661838,1.4533310642857802e-17,0.9772513845205058,4,0.8,9,0.9
taiwan,full,lightgbm,500337,827621,0.9683009559050262,3.838297187916653e-28,0.8898550724637682,2.7778975910800926e-18,0.9772513845205058,4,0.8,9,0.9
taiwan,full,lightgbm,500337,839722,0.9858156028368793,9.509836886397114e-36,0.9091787439613527,5.124896003508296e-19,0.9772513845205058,4,0.8,9,0.9
taiwan,full,lightgbm,500337,858280,0.9755781683626272,1.3316829816248566e-30,0.876328502415459,8.879424027773014e-18,0.9772513845205058,4,0.8,9,0.9
taiwan,full,lightgbm,500337,858560,0.9684242984890533,3.527240394988625e-28,0.8782608695652174,7.529231868037277e-18,0.9772513845205058,5,1.0,8,0.8
taiwan,full,lightgbm,500337,887876,0.9668208448967005,1.031825695835294e-27,0.8840579710144929,4.580633833051917e-18,0.9772513845205058,5,1.0,8,0.8
taiwan,full,lightgbm,500337,893119,0.9821153253160654,1.5019544103624532e-33,0.9072463768115943,6.078278831760412e-19,0.9772513845205058,4,0.8,8,0.8
taiwan,full,lightgbm,500337,926740,0.9695343817452975,1.6233076153629644e-28,0.876328502415459,8.879424027773014e-18,0.9772513845205058,4,0.8,8,0.8
taiwan,full,lightgbm,500337,970694,0.9913660191181004,1.816833589617369e-40,0.9381642512077295,3.7999618389146106e-20,0.9772513845205058,5,1.0,9,0.9
taiwan,full,lightgbm,500337,975585,0.9824853530681468,9.517689223493207e-34,0.897584541062802,1.4188945852110538e-18,0.9772513845205058,5,1.0,8,0.8
taiwan,full,lightgbm,513210,526458,0.9876657415972865,4.476515400499222e-37,0.9111111111111112,4.31952101818562e-19,0.9772513845205058,4,0.8,9,0.9
taiwan,full,lightgbm,513210,545418,0.9740980573543015,4.786957821633142e-30,0.8879227053140097,3.283017251454558e-18,0.9772513845205058,5,1.0,9,0.9
taiwan,full,lightgbm,513210,554576,0.9802651865556583,1.285464009048379e-32,0.9053140096618358,7.206465044850914e-19,0.9772513845205058,4,0.8,10,1.0
taiwan,full,lightgbm,513210,631658,0.9759481961147086,9.55345140669336e-31,0.8879227053140097,3.283017251454558e-18,0.9772513845205058,5,1.0,10,1.0
taiwan,full,lightgbm,513210,643850,0.9740980573543015,4.786957821633142e-30,0.8879227053140097,3.283017251454558e-18,0.9772513845205058,5,1.0,9,0.9
taiwan,full,lightgbm,513210,654541,0.9706444650015419,7.255551056924706e-29,0.8937198067632851,1.9867392397024148e-18,0.9772513845205058,5,1.0,10,1.0
taiwan,full,lightgbm,513210,677918,0.968177613320999,4.175393840805212e-28,0.8705314009661838,1.4533310642857802e-17,0.9772513845205058,5,1.0,9,0.9
taiwan,full,lightgbm,513210,697339,0.9699044094973788,1.2453195711024927e-28,0.8937198067632851,1.9867392397024148e-18,0.9772513845205058,5,1.0,9,0.9
taiwan,full,lightgbm,513210,700518,0.9844588344125809,6.998643175109577e-35,0.9111111111111112,4.31952101818562e-19,0.9772513845205058,4,0.8,8,0.8
taiwan,full,lightgbm,513210,717452,0.9691643539932161,2.1091670761293264e-28,0.8608695652173914,3.2803683129676725e-17,0.9772513845205058,4,0.8,8,0.8
taiwan,full,lightgbm,513210,735725,0.9770582793709527,3.416476942269212e-31,0.8995169082125605,1.1984611966222292e-18,0.9772513845205058,4,0.8,9,0.9
taiwan,full,lightgbm,513210,758081,0.9806352143077397,8.508270610191042e-33,0.8937198067632851,1.9867392397024148e-18,0.9772513845205058,4,0.8,8,0.8
taiwan,full,lightgbm,513210,761112,0.9768115942028986,4.312001206550789e-31,0.9033816425120774,8.541026338023884e-19,0.9772513845205058,5,1.0,9,0.9
taiwan,full,lightgbm,513210,773919,0.9798951588035769,1.9271640354412438e-32,0.8995169082125605,1.1984611966222292e-18,0.9772513845205058,4,0.8,9,0.9
taiwan,full,lightgbm,513210,778383,0.9659574468085106,1.7998275726634093e-27,0.876328502415459,8.879424027773014e-18,0.9772513845205058,4,0.8,10,1.0
taiwan,full,lightgbm,513210,781548,0.975331483194573,1.6570602111251142e-30,0.8937198067632851,1.9867392397024148e-18,0.9772513845205058,4,0.8,8,0.8
taiwan,full,lightgbm,513210,786037,0.9856922602528523,1.1490919860902237e-35,0.9053140096618358,7.206465044850914e-19,0.9772513845205058,4,0.8,8,0.8
taiwan,full,lightgbm,513210,822743,0.9812519272278754,4.2006998614187896e-33,0.8956521739130435,1.6792773346176676e-18,0.9772513845205058,4,0.8,10,1.0
taiwan,full,lightgbm,513210,827621,0.9880357693493679,2.299012347715676e-37,0.9227053140096619,1.5371152233408615e-19,0.9772513845205058,4,0.8,10,1.0
taiwan,full,lightgbm,513210,839722,0.9696577243293247,1.4865716120641078e-28,0.8724637681159422,1.2336493381504985e-17,0.9772513845205058,4,0.8,9,0.9
taiwan,full,lightgbm,513210,858280,0.9696577243293247,1.4865716120641078e-28,0.8743961352657006,1.0468034513765422e-17,0.9772513845205058,4,0.8,9,0.9
taiwan,full,lightgbm,513210,858560,0.9777983348751156,1.6732108813035229e-31,0.8956521739130435,1.6792773346176676e-18,0.9772513845205058,5,1.0,8,0.8
taiwan,full,lightgbm,513210,887876,0.9879124267653407,2.8773707450132424e-37,0.9246376811594205,1.2923478771499127e-19,0.9772513845205058,5,1.0,8,0.8
taiwan,full,lightgbm,513210,893119,0.9737280296022202,6.515575827041649e-30,0.8782608695652174,7.529231868037277e-18,0.9772513845205058,4,0.8,8,0.8
taiwan,full,lightgbm,513210,926740,0.9733580018501388,8.829786099811353e-30,0.8705314009661838,1.4533310642857802e-17,0.9772513845205058,4,0.8,8,0.8
taiwan,full,lightgbm,513210,970694,0.9694110391612705,1.7719814722973537e-28,0.8898550724637682,2.7778975910800926e-18,0.9772513845205058,5,1.0,9,0.9
taiwan,full,lightgbm,513210,975585,0.9757015109466544,1.1928002798139351e-30,0.8956521739130435,1.6792773346176676e-18,0.9772513845205058,5,1.0,9,0.9
taiwan,full,lightgbm,526458,545418,0.9822386679000925,1.2914511176538903e-33,0.9033816425120774,8.541026338023884e-19,0.9772513845205058,4,0.8,9,0.9
taiwan,full,lightgbm,526458,554576,0.9828553808202282,5.9722848344427434e-34,0.9091787439613527,5.124896003508296e-19,0.9772513845205058,5,1.0,9,0.9
taiwan,full,lightgbm,526458,631658,0.9732346592661116,9.761962084149475e-30,0.876328502415459,8.879424027773014e-18,0.9772513845205058,4,0.8,9,0.9
taiwan,full,lightgbm,526458,643850,0.9797718162195498,2.201978162976539e-32,0.9033816425120774,8.541026338023884e-19,0.9772513845205058,4,0.8,9,0.9
taiwan,full,lightgbm,526458,654541,0.9720012334258402,2.5974264153412544e-29,0.8898550724637682,2.7778975910800926e-18,0.9772513845205058,4,0.8,9,0.9
taiwan,full,lightgbm,526458,677918,0.977304964539007,2.700058875765148e-31,0.8821256038647344,5.407805585824788e-18,0.9772513845205058,4,0.8,9,0.9
taiwan,full,lightgbm,526458,697339,0.9720012334258402,2.5974264153412544e-29,0.8821256038647344,5.407805585824788e-18,0.9772513845205058,4,0.8,9,0.9
taiwan,full,lightgbm,526458,700518,0.9851988899167436,2.4104601023009033e-35,0.9111111111111112,4.31952101818562e-19,0.9772513845205058,5,1.0,9,0.9
taiwan,full,lightgbm,526458,717452,0.9745914276904101,3.151313765076592e-30,0.8724637681159422,1.2336493381504985e-17,0.9772513845205058,5,1.0,8,0.8
taiwan,full,lightgbm,526458,735725,0.9798951588035769,1.9271640354412438e-32,0.8995169082125605,1.1984611966222292e-18,0.9772513845205058,5,1.0,9,0.9
taiwan,full,lightgbm,526458,758081,0.9806352143077397,8.508270610191042e-33,0.8937198067632851,1.9867392397024148e-18,0.9772513845205058,5,1.0,9,0.9
taiwan,full,lightgbm,526458,761112,0.9805118717237126,9.771517317723596e-33,0.8917874396135267,2.3496624074706835e-18,0.9772513845205058,4,0.8,10,1.0
taiwan,full,lightgbm,526458,773919,0.9843354918285538,8.317672808485606e-35,0.9149758454106282,3.065313666003139e-19,0.9772513845205058,5,1.0,8,0.8
taiwan,full,lightgbm,526458,778383,0.9670675300647549,8.778019216491816e-28,0.8685990338164252,1.7115265214254554e-17,0.9772513845205058,5,1.0,9,0.9
taiwan,full,lightgbm,526458,781548,0.9755781683626272,1.3316829816248566e-30,0.8859903381642513,3.878611469459177e-18,0.9772513845205058,4,0.8,9,0.9
taiwan,full,lightgbm,526458,786037,0.989885908109775,5.815393072740257e-39,0.9285024154589373,9.125644921128575e-20,0.9772513845205058,5,1.0,9,0.9
taiwan,full,lightgbm,526458,822743,0.9858156028368793,9.509836886397114e-36,0.9111111111111112,4.31952101818562e-19,0.9772513845205058,5,1.0,9,0.9
taiwan,full,lightgbm,526458,827621,0.9872957138452051,8.545464644430268e-37,0.9149758454106282,3.065313666003139e-19,0.9772513845205058,5,1.0,9,0.9
taiwan,full,lightgbm,526458,839722,0.9754548257786,1.4859021835367196e-30,0.8801932367149758,6.382087671072473e-18,0.9772513845205058,5,1.0,10,1.0
taiwan,full,lightgbm,526458,858280,0.9774283071230341,2.3979976808850936e-31,0.8859903381642513,3.878611469459177e-18,0.9772513845205058,5,1.0,9,0.9
taiwan,full,lightgbm,526458,858560,0.9769349367869257,3.8394172778793574e-31,0.8801932367149758,6.382087671072473e-18,0.9772513845205058,4,0.8,8,0.8
taiwan,full,lightgbm,526458,887876,0.9864323157570151,3.598876360405332e-36,0.9053140096618358,7.206465044850914e-19,0.9772513845205058,4,0.8,9,0.9
taiwan,full,lightgbm,526458,893119,0.9807585568917669,7.401724608788985e-33,0.897584541062802,1.4188945852110538e-18,0.9772513845205058,5,1.0,9,0.9
taiwan,full,lightgbm,526458,926740,0.9750847980265186,2.0574065044125376e-30,0.8821256038647344,5.407805585824788e-18,0.9772513845205058,5,1.0,8,0.8
taiwan,full,lightgbm,526458,970694,0.9712611779216774,4.5765057243332663e-29,0.8821256038647344,5.407805585824788e-18,0.9772513845205058,4,0.8,10,1.0
taiwan,full,lightgbm,526458,975585,0.9819919827320381,1.744942226914469e-33,0.9033816425120774,8.541026338023884e-19,0.9772513845205058,4,0.8,9,0.9
taiwan,full,lightgbm,545418,554576,0.9896392229417207,9.856835908225145e-39,0.9285024154589373,9.125644921128575e-20,0.9772513845205058,4,0.8,9,0.9
taiwan,full,lightgbm,545418,631658,0.9838421214924451,1.6372711768882013e-34,0.918840579710145,2.172193706278255e-19,0.9772513845205058,5,1.0,9,0.9
taiwan,full,lightgbm,545418,643850,0.9832254085723096,3.70934796270083e-34,0.8995169082125605,1.1984611966222292e-18,0.9772513845205058,5,1.0,8,0.8
taiwan,full,lightgbm,545418,654541,0.9816219549799567,2.7194965745715474e-33,0.9053140096618358,7.206465044850914e-19,0.9772513845205058,5,1.0,9,0.9
taiwan,full,lightgbm,545418,677918,0.97631822386679,6.818012371399106e-31,0.8937198067632851,1.9867392397024148e-18,0.9772513845205058,5,1.0,10,1.0
taiwan,full,lightgbm,545418,697339,0.9843354918285538,8.317672808485606e-35,0.9091787439613527,5.124896003508296e-19,0.9772513845205058,5,1.0,8,0.8
taiwan,full,lightgbm,545418,700518,0.975331483194573,1.6570602111251142e-30,0.9033816425120774,8.541026338023884e-19,0.9772513845205058,4,0.8,9,0.9
taiwan,full,lightgbm,545418,717452,0.978168362627197,1.1603738448729618e-31,0.8995169082125605,1.1984611966222292e-18,0.9772513845205058,4,0.8,8,0.8
taiwan,full,lightgbm,545418,735725,0.9876657415972865,4.476515400499222e-37,0.918840579710145,2.172193706278255e-19,0.9772513845205058,4,0.8,8,0.8
taiwan,full,lightgbm,545418,758081,0.9811285846438483,4.8465366635092054e-33,0.9053140096618358,7.206465044850914e-19,0.9772513845205058,4,0.8,9,0.9
taiwan,full,lightgbm,545418,761112,0.9831020659882825,4.352631204752179e-34,0.9149758454106282,3.065313666003139e-19,0.9772513845205058,5,1.0,9,0.9
taiwan,full,lightgbm,545418,773919,0.97718162195498,3.038193743386344e-31,0.8879227053140097,3.283017251454558e-18,0.9772513845205058,4,0.8,9,0.9
taiwan,full,lightgbm,545418,778383,0.9814986123959297,3.146702681146108e-33,0.8956521739130435,1.6792773346176676e-18,0.9772513845205058,4,0.8,9,0.9
taiwan,full,lightgbm,545418,781548,0.9887758248535307,5.684850947122948e-38,0.9207729468599034,1.827592892965346e-19,0.9772513845205058,4,0.8,9,0.9
taiwan,full,lightgbm,545418,786037,0.9780450200431697,1.311845385619307e-31,0.8937198067632851,1.9867392397024148e-18,0.9772513845205058,4,0.8,8,0.8
taiwan,full,lightgbm,545418,822743,0.968177613320999,4.175393840805212e-28,0.8647342995169083,2.371158419377764e-17,0.9772513845205058,4,0.8,9,0.9
taiwan,full,lightgbm,545418,827621,0.9800185013876039,1.685251448117878e-32,0.9072463768115943,6.078278831760412e-19,0.9772513845205058,4,0.8,9,0.9
taiwan,full,lightgbm,545418,839722,0.9865556583410421,2.947488842881802e-36,0.9149758454106282,3.065313666003139e-19,0.9772513845205058,4,0.8,9,0.9
taiwan,full,lightgbm,545418,858280,0.9818686401480111,2.0251494700403686e-33,0.9014492753623189,1.0119148195416758e-18,0.9772513845205058,4,0.8,8,0.8
taiwan,full,lightgbm,545418,858560,0.9791551032994141,4.2368219420583823e-32,0.8879227053140097,3.283017251454558e-18,0.9772513845205058,5,1.0,8,0.8
taiwan,full,lightgbm,545418,887876,0.9790317607153869,4.8179885133517966e-32,0.897584541062802,1.4188945852110538e-18,0.9772513845205058,5,1.0,9,0.9
taiwan,full,lightgbm,545418,893119,0.9888991674375579,4.463591424022886e-38,0.9207729468599034,1.827592892965346e-19,0.9772513845205058,4,0.8,9,0.9
taiwan,full,lightgbm,545418,926740,0.9745914276904101,3.151313765076592e-30,0.8782608695652174,7.529231868037277e-18,0.9772513845205058,4,0.8,8,0.8
taiwan,full,lightgbm,545418,970694,0.9853222325007709,2.0076470086497376e-35,0.9091787439613527,5.124896003508296e-19,0.9772513845205058,5,1.0,9,0.9
taiwan,full,lightgbm,545418,975585,0.9874190564292321,6.903378135692222e-37,0.918840579710145,2.172193706278255e-19,0.9772513845205058,5,1.0,9,0.9
taiwan,full,lightgbm,554576,631658,0.9847055195806351,4.93426664494967e-35,0.9130434782608697,3.6394203191460355e-19,0.9772513845205058,4,0.8,10,1.0
taiwan,full,lightgbm,554576,643850,0.9870490286771507,1.3013644344610724e-36,0.9207729468599034,1.827592892965346e-19,0.9772513845205058,4,0.8,9,0.9
taiwan,full,lightgbm,554576,654541,0.9895158803576934,1.2772296985254257e-38,0.9265700483091789,1.086171701164288e-19,0.9772513845205058,4,0.8,10,1.0
taiwan,full,lightgbm,554576,677918,0.9794017884674683,3.268747886572484e-32,0.8917874396135267,2.3496624074706835e-18,0.9772513845205058,4,0.8,9,0.9
taiwan,full,lightgbm,554576,697339,0.9828553808202282,5.9722848344427434e-34,0.9072463768115943,6.078278831760412e-19,0.9772513845205058,4,0.8,9,0.9
taiwan,full,lightgbm,554576,700518,0.9776749922910883,1.8877333645724283e-31,0.9207729468599034,1.827592892965346e-19,0.9772513845205058,5,1.0,8,0.8
taiwan,full,lightgbm,554576,717452,0.978168362627197,1.1603738448729618e-31,0.8898550724637682,2.7778975910800926e-18,0.9772513845205058,5,1.0,8,0.8
taiwan,full,lightgbm,554576,735725,0.9948196114708603,2.476022885046875e-45,0.9555555555555557,7.677227488673857e-21,0.9772513845205058,5,1.0,9,0.9
taiwan,full,lightgbm,554576,758081,0.9813752698119026,3.6374599501542966e-33,0.8956521739130435,1.6792773346176676e-18,0.9772513845205058,5,1.0,8,0.8
taiwan,full,lightgbm,554576,761112,0.9790317607153869,4.8179885133517966e-32,0.9014492753623189,1.0119148195416758e-18,0.9772513845205058,4,0.8,9,0.9
taiwan,full,lightgbm,554576,773919,0.9814986123959297,3.146702681146108e-33,0.9091787439613527,5.124896003508296e-19,0.9772513845205058,5,1.0,9,0.9
taiwan,full,lightgbm,554576,778383,0.9837187789084182,1.93302092916897e-34,0.9091787439613527,5.124896003508296e-19,0.9772513845205058,5,1.0,10,1.0
taiwan,full,lightgbm,554576,781548,0.9870490286771507,1.3013644344610724e-36,0.918840579710145,2.172193706278255e-19,0.9772513845205058,4,0.8,8,0.8
taiwan,full,lightgbm,554576,786037,0.9810052420598211,5.586414530833385e-33,0.9072463768115943,6.078278831760412e-19,0.9772513845205058,5,1.0,8,0.8
taiwan,full,lightgbm,554576,822743,0.9742213999383287,4.315169687998176e-30,0.8898550724637682,2.7778975910800926e-18,0.9772513845205058,5,1.0,10,1.0
taiwan,full,lightgbm,554576,827621,0.980881899475794,6.433271865678734e-33,0.9130434782608697,3.6394203191460355e-19,0.9772513845205058,5,1.0,10,1.0
taiwan,full,lightgbm,554576,839722,0.9863089731729879,4.386235986508511e-36,0.9130434782608697,3.6394203191460355e-19,0.9772513845205058,5,1.0,9,0.9
taiwan,full,lightgbm,554576,858280,0.9872957138452051,8.545464644430268e-37,0.9227053140096619,1.5371152233408615e-19,0.9772513845205058,5,1.0,9,0.9
taiwan,full,lightgbm,554576,858560,0.9765649090348443,5.428723906891457e-31,0.8859903381642513,3.878611469459177e-18,0.9772513845205058,4,0.8,8,0.8
taiwan,full,lightgbm,554576,887876,0.9789084181313598,5.474704291181843e-32,0.9072463768115943,6.078278831760412e-19,0.9772513845205058,4,0.8,8,0.8
taiwan,full,lightgbm,554576,893119,0.984582176996608,5.880631985826803e-35,0.9149758454106282,3.065313666003139e-19,0.9772513845205058,5,1.0,8,0.8
taiwan,full,lightgbm,554576,926740,0.9787850755473327,6.216254495420717e-32,0.8917874396135267,2.3496624074706835e-18,0.9772513845205058,5,1.0,8,0.8
taiwan,full,lightgbm,554576,970694,0.9863089731729879,4.386235986508511e-36,0.918840579710145,2.172193706278255e-19,0.9772513845205058,4,0.8,9,0.9
taiwan,full,lightgbm,554576,975585,0.989885908109775,5.815393072740257e-39,0.9246376811594205,1.2923478771499127e-19,0.9772513845205058,4,0.8,9,0.9
taiwan,full,lightgbm,631658,643850,0.9860622880049337,6.480810737624138e-36,0.9149758454106282,3.065313666003139e-19,0.9772513845205058,5,1.0,9,0.9
taiwan,full,lightgbm,631658,654541,0.9780450200431697,1.311845385619307e-31,0.8937198067632851,1.9867392397024148e-18,0.9772513845205058,5,1.0,10,1.0
taiwan,full,lightgbm,631658,677918,0.9801418439716312,1.4724706071534903e-32,0.8937198067632851,1.9867392397024148e-18,0.9772513845205058,5,1.0,9,0.9
taiwan,full,lightgbm,631658,697339,0.9780450200431697,1.311845385619307e-31,0.8898550724637682,2.7778975910800926e-18,0.9772513845205058,5,1.0,9,0.9
taiwan,full,lightgbm,631658,700518,0.9616404563675609,2.3812835148888485e-26,0.8647342995169083,2.371158419377764e-17,0.9772513845205058,4,0.8,8,0.8
taiwan,full,lightgbm,631658,717452,0.9848288621646623,4.1342790585637446e-35,0.9149758454106282,3.065313666003139e-19,0.9772513845205058,4,0.8,8,0.8
taiwan,full,lightgbm,631658,735725,0.9835954363243908,2.279313683596073e-34,0.9033816425120774,8.541026338023884e-19,0.9772513845205058,4,0.8,9,0.9
taiwan,full,lightgbm,631658,758081,0.9724946037619487,1.7654734373419883e-29,0.8821256038647344,5.407805585824788e-18,0.9772513845205058,4,0.8,8,0.8
taiwan,full,lightgbm,631658,761112,0.9729879740980574,1.1915273978914978e-29,0.8801932367149758,6.382087671072473e-18,0.9772513845205058,5,1.0,9,0.9
taiwan,full,lightgbm,631658,773919,0.967314215232809,7.458482523901976e-28,0.8570048309178745,4.531790376201061e-17,0.9772513845205058,4,0.8,9,0.9
taiwan,full,lightgbm,631658,778383,0.9842121492445266,9.87182357712202e-35,0.9149758454106282,3.065313666003139e-19,0.9772513845205058,4,0.8,10,1.0
taiwan,full,lightgbm,631658,781548,0.9769349367869257,3.8394172778793574e-31,0.897584541062802,1.4188945852110538e-18,0.9772513845205058,4,0.8,8,0.8
taiwan,full,lightgbm,631658,786037,0.9761948812827629,7.633920179099768e-31,0.8859903381642513,3.878611469459177e-18,0.9772513845205058,4,0.8,8,0.8
taiwan,full,lightgbm,631658,822743,0.9666975023126735,1.1181823793117444e-27,0.8685990338164252,1.7115265214254554e-17,0.9772513845205058,4,0.8,10,1.0
taiwan,full,lightgbm,631658,827621,0.9733580018501388,8.829786099811353e-30,0.8879227053140097,3.283017251454558e-18,0.9772513845205058,4,0.8,10,1.0
taiwan,full,lightgbm,631658,839722,0.9784150477952511,9.059620145895728e-32,0.8879227053140097,3.283017251454558e-18,0.9772513845205058,4,0.8,9,0.9
taiwan,full,lightgbm,631658,858280,0.9818686401480111,2.0251494700403686e-33,0.8937198067632851,1.9867392397024148e-18,0.9772513845205058,4,0.8,9,0.9
taiwan,full,lightgbm,631658,858560,0.9664508171446191,1.3119972801350984e-27,0.8685990338164252,1.7115265214254554e-17,0.9772513845205058,5,1.0,8,0.8
taiwan,full,lightgbm,631658,887876,0.9706444650015419,7.255551056924706e-29,0.8743961352657006,1.0468034513765422e-17,0.9772513845205058,5,1.0,8,0.8
taiwan,full,lightgbm,631658,893119,0.9794017884674683,3.268747886572484e-32,0.897584541062802,1.4188945852110538e-18,0.9772513845205058,4,0.8,8,0.8
taiwan,full,lightgbm,631658,926740,0.9737280296022202,6.515575827041649e-30,0.8743961352657006,1.0468034513765422e-17,0.9772513845205058,4,0.8,8,0.8
taiwan,full,lightgbm,631658,970694,0.9796484736355225,2.513923499396676e-32,0.9014492753623189,1.0119148195416758e-18,0.9772513845205058,5,1.0,9,0.9
taiwan,full,lightgbm,631658,975585,0.9786617329633055,7.053000404367201e-32,0.8956521739130435,1.6792773346176676e-18,0.9772513845205058,5,1.0,9,0.9
taiwan,full,lightgbm,643850,654541,0.9779216774591427,1.4820599851557658e-31,0.897584541062802,1.4188945852110538e-18,0.9772513845205058,5,1.0,9,0.9
taiwan,full,lightgbm,643850,677918,0.9839654640764722,1.3849939428478138e-34,0.9053140096618358,7.206465044850914e-19,0.9772513845205058,5,1.0,8,0.8
taiwan,full,lightgbm,643850,697339,0.9819919827320381,1.744942226914469e-33,0.9053140096618358,7.206465044850914e-19,0.9772513845205058,5,1.0,9,0.9
taiwan,full,lightgbm,643850,700518,0.9658341042244835,1.946432952652877e-27,0.876328502415459,8.879424027773014e-18,0.9772513845205058,4,0.8,9,0.9
taiwan,full,lightgbm,643850,717452,0.9829787234042553,5.10149031560905e-34,0.8995169082125605,1.1984611966222292e-18,0.9772513845205058,4,0.8,8,0.8
taiwan,full,lightgbm,643850,735725,0.9901325932778291,3.3863746312212575e-39,0.9381642512077295,3.7999618389146106e-20,0.9772513845205058,4,0.8,10,1.0
taiwan,full,lightgbm,643850,758081,0.9795251310514955,2.867742317372746e-32,0.8937198067632851,1.9867392397024148e-18,0.9772513845205058,4,0.8,9,0.9
taiwan,full,lightgbm,643850,761112,0.9823620104841198,1.1092728528026388e-33,0.9072463768115943,6.078278831760412e-19,0.9772513845205058,5,1.0,9,0.9
taiwan,full,lightgbm,643850,773919,0.9731113166820844,1.0787507584512455e-29,0.8801932367149758,6.382087671072473e-18,0.9772513845205058,4,0.8,9,0.9
taiwan,full,lightgbm,643850,778383,0.9879124267653407,2.8773707450132424e-37,0.9227053140096619,1.5371152233408615e-19,0.9772513845205058,4,0.8,9,0.9
taiwan,full,lightgbm,643850,781548,0.977304964539007,2.700058875765148e-31,0.8898550724637682,2.7778975910800926e-18,0.9772513845205058,4,0.8,8,0.8
taiwan,full,lightgbm,643850,786037,0.9798951588035769,1.9271640354412438e-32,0.897584541062802,1.4188945852110538e-18,0.9772513845205058,4,0.8,8,0.8
taiwan,full,lightgbm,643850,822743,0.9697810669133519,1.3608583678690553e-28,0.8801932367149758,6.382087671072473e-18,0.9772513845205058,4,0.8,9,0.9
taiwan,full,lightgbm,643850,827621,0.9776749922910883,1.8877333645724283e-31,0.8956521739130435,1.6792773346176676e-18,0.9772513845205058,4,0.8,9,0.9
taiwan,full,lightgbm,643850,839722,0.9850755473327165,2.8896748591024557e-35,0.9111111111111112,4.31952101818562e-19,0.9772513845205058,4,0.8,9,0.9
taiwan,full,lightgbm,643850,858280,0.9853222325007709,2.0076470086497376e-35,0.9130434782608697,3.6394203191460355e-19,0.9772513845205058,4,0.8,9,0.9
taiwan,full,lightgbm,643850,858560,0.9757015109466544,1.1928002798139351e-30,0.8879227053140097,3.283017251454558e-18,0.9772513845205058,5,1.0,9,0.9
taiwan,full,lightgbm,643850,887876,0.9748381128584644,2.5489724134263282e-30,0.8821256038647344,5.407805585824788e-18,0.9772513845205058,5,1.0,9,0.9
taiwan,full,lightgbm,643850,893119,0.9779216774591427,1.4820599851557658e-31,0.8859903381642513,3.878611469459177e-18,0.9772513845205058,4,0.8,8,0.8
taiwan,full,lightgbm,643850,926740,0.9819919827320381,1.744942226914469e-33,0.9014492753623189,1.0119148195416758e-18,0.9772513845205058,4,0.8,9,0.9
taiwan,full,lightgbm,643850,970694,0.9775516497070613,2.128329898118853e-31,0.8937198067632851,1.9867392397024148e-18,0.9772513845205058,5,1.0,9,0.9
taiwan,full,lightgbm,643850,975585,0.9823620104841198,1.1092728528026388e-33,0.9033816425120774,8.541026338023884e-19,0.9772513845205058,5,1.0,8,0.8
taiwan,full,lightgbm,654541,677918,0.9649707061362934,3.340882224494639e-27,0.8724637681159422,1.2336493381504985e-17,0.9772513845205058,5,1.0,9,0.9
taiwan,full,lightgbm,654541,697339,0.9790317607153869,4.8179885133517966e-32,0.8917874396135267,2.3496624074706835e-18,0.9772513845205058,5,1.0,9,0.9
taiwan,full,lightgbm,654541,700518,0.9662041319765649,1.5375757311871775e-27,0.8898550724637682,2.7778975910800926e-18,0.9772513845205058,4,0.8,8,0.8
taiwan,full,lightgbm,654541,717452,0.9612704286154795,2.9301624845185014e-26,0.8512077294685991,7.339018061067145e-17,0.9772513845205058,4,0.8,8,0.8
taiwan,full,lightgbm,654541,735725,0.9829787234042553,5.10149031560905e-34,0.9014492753623189,1.0119148195416758e-18,0.9772513845205058,4,0.8,9,0.9
taiwan,full,lightgbm,654541,758081,0.9655874190564292,2.27448865145974e-27,0.8647342995169083,2.371158419377764e-17,0.9772513845205058,4,0.8,8,0.8
taiwan,full,lightgbm,654541,761112,0.9671908726487819,8.092655165040164e-28,0.8782608695652174,7.529231868037277e-18,0.9772513845205058,5,1.0,9,0.9
taiwan,full,lightgbm,654541,773919,0.9680542707369719,4.54059455458801e-28,0.8743961352657006,1.0468034513765422e-17,0.9772513845205058,4,0.8,9,0.9
taiwan,full,lightgbm,654541,778383,0.9798951588035769,1.9271640354412438e-32,0.9014492753623189,1.0119148195416758e-18,0.9772513845205058,4,0.8,10,1.0
taiwan,full,lightgbm,654541,781548,0.9865556583410421,2.947488842881802e-36,0.9072463768115943,6.078278831760412e-19,0.9772513845205058,4,0.8,8,0.8
taiwan,full,lightgbm,654541,786037,0.9722479185938946,2.1432841814173534e-29,0.8801932367149758,6.382087671072473e-18,0.9772513845205058,4,0.8,8,0.8
taiwan,full,lightgbm,654541,822743,0.9560900400863398,4.398515430060781e-25,0.8628019323671499,2.7894491421604266e-17,0.9772513845205058,4,0.8,10,1.0
taiwan,full,lightgbm,654541,827621,0.967314215232809,7.458482523901976e-28,0.8859903381642513,3.878611469459177e-18,0.9772513845205058,4,0.8,10,1.0
taiwan,full,lightgbm,654541,839722,0.9812519272278754,4.2006998614187896e-33,0.9014492753623189,1.0119148195416758e-18,0.9772513845205058,4,0.8,9,0.9
taiwan,full,lightgbm,654541,858280,0.9671908726487819,8.092655165040164e-28,0.8608695652173914,3.2803683129676725e-17,0.9772513845205058,4,0.8,9,0.9
taiwan,full,lightgbm,654541,858560,0.9631205673758866,1.0172278783708924e-26,0.8589371980676329,3.85631996090833e-17,0.9772513845205058,5,1.0,8,0.8
taiwan,full,lightgbm,654541,887876,0.9665741597286462,1.2114007948652523e-27,0.876328502415459,8.879424027773014e-18,0.9772513845205058,5,1.0,8,0.8
taiwan,full,lightgbm,654541,893119,0.9757015109466544,1.1928002798139351e-30,0.8840579710144929,4.580633833051917e-18,0.9772513845205058,4,0.8,8,0.8
taiwan,full,lightgbm,654541,926740,0.9625038544557509,1.4559088426716748e-26,0.8531400966183575,6.251759349944923e-17,0.9772513845205058,4,0.8,8,0.8
taiwan,full,lightgbm,654541,970694,0.9871723712611779,1.0556234423884422e-36,0.9265700483091789,1.086171701164288e-19,0.9772513845205058,5,1.0,9,0.9
taiwan,full,lightgbm,654541,975585,0.9861856305889607,5.336315953298426e-36,0.9130434782608697,3.6394203191460355e-19,0.9772513845205058,5,1.0,9,0.9
taiwan,full,lightgbm,677918,697339,0.9692876965772433,1.933580009032949e-28,0.876328502415459,8.879424027773014e-18,0.9772513845205058,5,1.0,8,0.8
taiwan,full,lightgbm,677918,700518,0.9578168362627196,1.8521001223063995e-25,0.8550724637681161,5.323691415681353e-17,0.9772513845205058,4,0.8,9,0.9
taiwan,full,lightgbm,677918,717452,0.9790317607153869,4.8179885133517966e-32,0.8859903381642513,3.878611469459177e-18,0.9772513845205058,4,0.8,8,0.8
taiwan,full,lightgbm,677918,735725,0.9745914276904101,3.151313765076592e-30,0.8782608695652174,7.529231868037277e-18,0.9772513845205058,4,0.8,8,0.8
taiwan,full,lightgbm,677918,758081,0.9710144927536232,5.509424693604002e-29,0.876328502415459,8.879424027773014e-18,0.9772513845205058,4,0.8,9,0.9
taiwan,full,lightgbm,677918,761112,0.9654640764724021,2.4576573407015432e-27,0.8705314009661838,1.4533310642857802e-17,0.9772513845205058,5,1.0,9,0.9
taiwan,full,lightgbm,677918,773919,0.95436324390996,1.0096106348088948e-24,0.8280193236714977,4.889709099620152e-16,0.9772513845205058,4,0.8,9,0.9
taiwan,full,lightgbm,677918,778383,0.9711378353376502,5.022354836323047e-29,0.8743961352657006,1.0468034513765422e-17,0.9772513845205058,4,0.8,9,0.9
taiwan,full,lightgbm,677918,781548,0.9631205673758866,1.0172278783708924e-26,0.8570048309178745,4.531790376201061e-17,0.9772513845205058,4,0.8,9,0.9
taiwan,full,lightgbm,677918,786037,0.9749614554424916,2.2906491021909112e-30,0.876328502415459,8.879424027773014e-18,0.9772513845205058,4,0.8,8,0.8
taiwan,full,lightgbm,677918,822743,0.9720012334258402,2.5974264153412544e-29,0.8859903381642513,3.878611469459177e-18,0.9772513845205058,4,0.8,9,0.9
taiwan,full,lightgbm,677918,827621,0.9676842429848905,5.827846875429921e-28,0.8705314009661838,1.4533310642857802e-17,0.9772513845205058,4,0.8,9,0.9
taiwan,full,lightgbm,677918,839722,0.9768115942028986,4.312001206550789e-31,0.897584541062802,1.4188945852110538e-18,0.9772513845205058,4,0.8,9,0.9
taiwan,full,lightgbm,677918,858280,0.9765649090348443,5.428723906891457e-31,0.8879227053140097,3.283017251454558e-18,0.9772513845205058,4,0.8,8,0.8
taiwan,full,lightgbm,677918,858560,0.9629972247918593,1.0933832701670183e-26,0.8550724637681161,5.323691415681353e-17,0.9772513845205058,5,1.0,8,0.8
taiwan,full,lightgbm,677918,887876,0.967314215232809,7.458482523901976e-28,0.8685990338164252,1.7115265214254554e-17,0.9772513845205058,5,1.0,9,0.9
taiwan,full,lightgbm,677918,893119,0.9816219549799567,2.7194965745715474e-33,0.9033816425120774,8.541026338023884e-19,0.9772513845205058,4,0.8,9,0.9
taiwan,full,lightgbm,677918,926740,0.9669441874807276,9.518487906113141e-28,0.8608695652173914,3.2803683129676725e-17,0.9772513845205058,4,0.8,8,0.8
taiwan,full,lightgbm,677918,970694,0.9659574468085106,1.7998275726634093e-27,0.8647342995169083,2.371158419377764e-17,0.9772513845205058,5,1.0,9,0.9
taiwan,full,lightgbm,677918,975585,0.972741288930003,1.4516901736334852e-29,0.8782608695652174,7.529231868037277e-18,0.9772513845205058,5,1.0,9,0.9
taiwan,full,lightgbm,697339,700518,0.9621338267036695,1.8001851161022044e-26,0.8666666666666667,2.0148789910237746e-17,0.9772513845205058,4,0.8,8,0.8
taiwan,full,lightgbm,697339,717452,0.9705211224175145,7.946681266575495e-29,0.8666666666666667,2.0148789910237746e-17,0.9772513845205058,4,0.8,9,0.9
taiwan,full,lightgbm,697339,735725,0.9840888066604995,1.170064304100136e-34,0.9130434782608697,3.6394203191460355e-19,0.9772513845205058,4,0.8,9,0.9
taiwan,full,lightgbm,697339,758081,0.9747147702744372,2.834928330161335e-30,0.8801932367149758,6.382087671072473e-18,0.9772513845205058,4,0.8,8,0.8
taiwan,full,lightgbm,697339,761112,0.9810052420598211,5.586414530833385e-33,0.9130434782608697,3.6394203191460355e-19,0.9772513845205058,5,1.0,9,0.9
taiwan,full,lightgbm,697339,773919,0.9664508171446191,1.3119972801350984e-27,0.8666666666666667,2.0148789910237746e-17,0.9772513845205058,4,0.8,8,0.8
taiwan,full,lightgbm,697339,778383,0.9844588344125809,6.998643175109577e-35,0.9053140096618358,7.206465044850914e-19,0.9772513845205058,4,0.8,9,0.9
taiwan,full,lightgbm,697339,781548,0.9885291396854763,9.148537564554294e-38,0.918840579710145,2.172193706278255e-19,0.9772513845205058,4,0.8,9,0.9
taiwan,full,lightgbm,697339,786037,0.9700277520814061,1.1391690670914687e-28,0.8685990338164252,1.7115265214254554e-17,0.9772513845205058,4,0.8,9,0.9
taiwan,full,lightgbm,697339,822743,0.963737280296022,7.063653033920794e-27,0.8705314009661838,1.4533310642857802e-17,0.9772513845205058,4,0.8,9,0.9
taiwan,full,lightgbm,697339,827621,0.9722479185938946,2.1432841814173534e-29,0.8898550724637682,2.7778975910800926e-18,0.9772513845205058,4,0.8,9,0.9
taiwan,full,lightgbm,697339,839722,0.9831020659882825,4.352631204752179e-34,0.897584541062802,1.4188945852110538e-18,0.9772513845205058,4,0.8,9,0.9
taiwan,full,lightgbm,697339,858280,0.9816219549799567,2.7194965745715474e-33,0.9033816425120774,8.541026338023884e-19,0.9772513845205058,4,0.8,10,1.0
taiwan,full,lightgbm,697339,858560,0.9814986123959297,3.146702681146108e-33,0.9091787439613527,5.124896003508296e-19,0.9772513845205058,5,1.0,8,0.8
taiwan,full,lightgbm,697339,887876,0.9759481961147086,9.55345140669336e-31,0.9072463768115943,6.078278831760412e-19,0.9772513845205058,5,1.0,8,0.8
taiwan,full,lightgbm,697339,893119,0.9823620104841198,1.1092728528026388e-33,0.8995169082125605,1.1984611966222292e-18,0.9772513845205058,4,0.8,9,0.9
taiwan,full,lightgbm,697339,926740,0.9668208448967005,1.031825695835294e-27,0.8647342995169083,2.371158419377764e-17,0.9772513845205058,4,0.8,9,0.9
taiwan,full,lightgbm,697339,970694,0.9791551032994141,4.2368219420583823e-32,0.9072463768115943,6.078278831760412e-19,0.9772513845205058,5,1.0,9,0.9
taiwan,full,lightgbm,697339,975585,0.9812519272278754,4.2006998614187896e-33,0.897584541062802,1.4188945852110538e-18,0.9772513845205058,5,1.0,8,0.8
taiwan,full,lightgbm,700518,717452,0.9600370027752081,5.767008821716908e-26,0.8454106280193238,1.1847401611884406e-16,0.9772513845205058,5,1.0,8,0.8
taiwan,full,lightgbm,700518,735725,0.9779216774591427,1.4820599851557658e-31,0.9111111111111112,4.31952101818562e-19,0.9772513845205058,5,1.0,9,0.9
taiwan,full,lightgbm,700518,758081,0.9794017884674683,3.268747886572484e-32,0.8898550724637682,2.7778975910800926e-18,0.9772513845205058,5,1.0,10,1.0
taiwan,full,lightgbm,700518,761112,0.9832254085723096,3.70934796270083e-34,0.9111111111111112,4.31952101818562e-19,0.9772513845205058,4,0.8,9,0.9
taiwan,full,lightgbm,700518,773919,0.9872957138452051,8.545464644430268e-37,0.918840579710145,2.172193706278255e-19,0.9772513845205058,5,1.0,9,0.9
taiwan,full,lightgbm,700518,778383,0.9526364477335799,2.2454661995807562e-24,0.8570048309178745,4.531790376201061e-17,0.9772513845205058,5,1.0,8,0.8
taiwan,full,lightgbm,700518,781548,0.9712611779216774,4.5765057243332663e-29,0.8898550724637682,2.7778975910800926e-18,0.9772513845205058,4,0.8,9,0.9
taiwan,full,lightgbm,700518,786037,0.9819919827320381,1.744942226914469e-33,0.9053140096618358,7.206465044850914e-19,0.9772513845205058,5,1.0,8,0.8
taiwan,full,lightgbm,700518,822743,0.9797718162195498,2.201978162976539e-32,0.8995169082125605,1.1984611966222292e-18,0.9772513845205058,5,1.0,8,0.8
taiwan,full,lightgbm,700518,827621,0.9893925377736663,1.6499772206500946e-38,0.9304347826086957,7.664338461572112e-20,0.9772513845205058,5,1.0,8,0.8
taiwan,full,lightgbm,700518,839722,0.9669441874807276,9.518487906113141e-28,0.8724637681159422,1.2336493381504985e-17,0.9772513845205058,5,1.0,9,0.9
taiwan,full,lightgbm,700518,858280,0.9613937711995065,2.73503320888455e-26,0.8628019323671499,2.7894491421604266e-17,0.9772513845205058,5,1.0,8,0.8
taiwan,full,lightgbm,700518,858560,0.9784150477952511,9.059620145895728e-32,0.8879227053140097,3.283017251454558e-18,0.9772513845205058,4,0.8,9,0.9
taiwan,full,lightgbm,700518,887876,0.9887758248535307,5.684850947122948e-38,0.9169082125603866,2.580855576540007e-19,0.9772513845205058,4,0.8,10,1.0
taiwan,full,lightgbm,700518,893119,0.9678075855689177,5.364348441909433e-28,0.8821256038647344,5.407805585824788e-18,0.9772513845205058,5,1.0,9,0.9
taiwan,full,lightgbm,700518,926740,0.9776749922910883,1.8877333645724283e-31,0.8859903381642513,3.878611469459177e-18,0.9772513845205058,5,1.0,9,0.9
taiwan,full,lightgbm,700518,970694,0.9659574468085106,1.7998275726634093e-27,0.8898550724637682,2.7778975910800926e-18,0.9772513845205058,4,0.8,9,0.9
taiwan,full,lightgbm,700518,975585,0.9720012334258402,2.5974264153412544e-29,0.8879227053140097,3.283017251454558e-18,0.9772513845205058,4,0.8,8,0.8
taiwan,full,lightgbm,717452,735725,0.9775516497070613,2.128329898118853e-31,0.8840579710144929,4.580633833051917e-18,0.9772513845205058,5,1.0,8,0.8
taiwan,full,lightgbm,717452,758081,0.9758248535306815,1.0677962425356087e-30,0.8859903381642513,3.878611469459177e-18,0.9772513845205058,5,1.0,8,0.8
taiwan,full,lightgbm,717452,761112,0.9706444650015419,7.255551056924706e-29,0.8724637681159422,1.2336493381504985e-17,0.9772513845205058,4,0.8,8,0.8
taiwan,full,lightgbm,717452,773919,0.9665741597286462,1.2114007948652523e-27,0.8531400966183575,6.251759349944923e-17,0.9772513845205058,5,1.0,8,0.8
taiwan,full,lightgbm,717452,778383,0.9796484736355225,2.513923499396676e-32,0.8956521739130435,1.6792773346176676e-18,0.9772513845205058,5,1.0,8,0.8
taiwan,full,lightgbm,717452,781548,0.971754548257786,3.142424958723955e-29,0.8821256038647344,5.407805585824788e-18,0.9772513845205058,4,0.8,9,0.9
taiwan,full,lightgbm,717452,786037,0.9705211224175145,7.946681266575495e-29,0.8705314009661838,1.4533310642857802e-17,0.9772513845205058,5,1.0,8,0.8
taiwan,full,lightgbm,717452,822743,0.9695343817452975,1.6233076153629644e-28,0.8647342995169083,2.371158419377764e-17,0.9772513845205058,5,1.0,8,0.8
taiwan,full,lightgbm,717452,827621,0.9711378353376502,5.022354836323047e-29,0.8685990338164252,1.7115265214254554e-17,0.9772513845205058,5,1.0,8,0.8
taiwan,full,lightgbm,717452,839722,0.9754548257786,1.4859021835367196e-30,0.8801932367149758,6.382087671072473e-18,0.9772513845205058,5,1.0,8,0.8
taiwan,full,lightgbm,717452,858280,0.9774283071230341,2.3979976808850936e-31,0.8821256038647344,5.407805585824788e-18,0.9772513845205058,5,1.0,9,0.9
taiwan,full,lightgbm,717452,858560,0.9747147702744372,2.834928330161335e-30,0.8879227053140097,3.283017251454558e-18,0.9772513845205058,4,0.8,9,0.9
taiwan,full,lightgbm,717452,887876,0.9743447425223558,3.887920618544817e-30,0.8821256038647344,5.407805585824788e-18,0.9772513845205058,4,0.8,8,0.8
taiwan,full,lightgbm,717452,893119,0.9787850755473327,6.216254495420717e-32,0.897584541062802,1.4188945852110538e-18,0.9772513845205058,5,1.0,9,0.9
taiwan,full,lightgbm,717452,926740,0.9757015109466544,1.1928002798139351e-30,0.8859903381642513,3.878611469459177e-18,0.9772513845205058,5,1.0,9,0.9
taiwan,full,lightgbm,717452,970694,0.9686709836571077,2.975701544560714e-28,0.8628019323671499,2.7894491421604266e-17,0.9772513845205058,4,0.8,8,0.8
taiwan,full,lightgbm,717452,975585,0.9658341042244835,1.946432952652877e-27,0.8454106280193238,1.1847401611884406e-16,0.9772513845205058,4,0.8,7,0.7
taiwan,full,lightgbm,735725,758081,0.9854455750847979,1.6695522154112638e-35,0.9130434782608697,3.6394203191460355e-19,0.9772513845205058,5,1.0,9,0.9
taiwan,full,lightgbm,735725,761112,0.9864323157570151,3.598876360405332e-36,0.918840579710145,2.172193706278255e-19,0.9772513845205058,4,0.8,9,0.9
taiwan,full,lightgbm,735725,773919,0.9814986123959297,3.146702681146108e-33,0.9033816425120774,8.541026338023884e-19,0.9772513845205058,5,1.0,9,0.9
taiwan,full,lightgbm,735725,778383,0.9834720937403639,2.684302502652379e-34,0.9149758454106282,3.065313666003139e-19,0.9772513845205058,5,1.0,9,0.9
taiwan,full,lightgbm,735725,781548,0.9839654640764722,1.3849939428478138e-34,0.9130434782608697,3.6394203191460355e-19,0.9772513845205058,4,0.8,8,0.8
taiwan,full,lightgbm,735725,786037,0.980881899475794,6.433271865678734e-33,0.9091787439613527,5.124896003508296e-19,0.9772513845205058,5,1.0,8,0.8
taiwan,full,lightgbm,735725,822743,0.973604687018193,7.213731097186092e-30,0.8840579710144929,4.580633833051917e-18,0.9772513845205058,5,1.0,9,0.9
taiwan,full,lightgbm,735725,827621,0.9831020659882825,4.352631204752179e-34,0.9149758454106282,3.065313666003139e-19,0.9772513845205058,5,1.0,9,0.9
taiwan,full,lightgbm,735725,839722,0.9839654640764722,1.3849939428478138e-34,0.9033816425120774,8.541026338023884e-19,0.9772513845205058,5,1.0,9,0.9
taiwan,full,lightgbm,735725,858280,0.9872957138452051,8.545464644430268e-37,0.9246376811594205,1.2923478771499127e-19,0.9772513845205058,5,1.0,9,0.9
taiwan,full,lightgbm,735725,858560,0.9790317607153869,4.8179885133517966e-32,0.8956521739130435,1.6792773346176676e-18,0.9772513845205058,4,0.8,9,0.9
taiwan,full,lightgbm,735725,887876,0.9802651865556583,1.285464009048379e-32,0.9053140096618358,7.206465044850914e-19,0.9772513845205058,4,0.8,9,0.9
taiwan,full,lightgbm,735725,893119,0.9758248535306815,1.0677962425356087e-30,0.8859903381642513,3.878611469459177e-18,0.9772513845205058,5,1.0,8,0.8
taiwan,full,lightgbm,735725,926740,0.9833487511563368,3.157378621013611e-34,0.9053140096618358,7.206465044850914e-19,0.9772513845205058,5,1.0,9,0.9
taiwan,full,lightgbm,735725,970694,0.9797718162195498,2.201978162976539e-32,0.9014492753623189,1.0119148195416758e-18,0.9772513845205058,4,0.8,9,0.9
taiwan,full,lightgbm,735725,975585,0.9858156028368793,9.509836886397114e-36,0.9111111111111112,4.31952101818562e-19,0.9772513845205058,4,0.8,8,0.8
taiwan,full,lightgbm,758081,761112,0.9847055195806351,4.93426664494967e-35,0.9169082125603866,2.580855576540007e-19,0.9772513845205058,4,0.8,9,0.9
taiwan,full,lightgbm,758081,773919,0.9789084181313598,5.474704291181843e-32,0.9014492753623189,1.0119148195416758e-18,0.9772513845205058,5,1.0,9,0.9
taiwan,full,lightgbm,758081,778383,0.9653407338883748,2.6548316562529957e-27,0.8782608695652174,7.529231868037277e-18,0.9772513845205058,5,1.0,8,0.8
taiwan,full,lightgbm,758081,781548,0.9777983348751156,1.6732108813035229e-31,0.8995169082125605,1.1984611966222292e-18,0.9772513845205058,4,0.8,9,0.9
taiwan,full,lightgbm,758081,786037,0.9834720937403639,2.684302502652379e-34,0.8995169082125605,1.1984611966222292e-18,0.9772513845205058,5,1.0,8,0.8
taiwan,full,lightgbm,758081,822743,0.9733580018501388,8.829786099811353e-30,0.8705314009661838,1.4533310642857802e-17,0.9772513845205058,5,1.0,8,0.8
taiwan,full,lightgbm,758081,827621,0.9832254085723096,3.70934796270083e-34,0.9130434782608697,3.6394203191460355e-19,0.9772513845205058,5,1.0,8,0.8
taiwan,full,lightgbm,758081,839722,0.9737280296022202,6.515575827041649e-30,0.8898550724637682,2.7778975910800926e-18,0.9772513845205058,5,1.0,9,0.9
taiwan,full,lightgbm,758081,858280,0.9758248535306815,1.0677962425356087e-30,0.8801932367149758,6.382087671072473e-18,0.9772513845205058,5,1.0,8,0.8
taiwan,full,lightgbm,758081,858560,0.9871723712611779,1.0556234423884422e-36,0.9169082125603866,2.580855576540007e-19,0.9772513845205058,4,0.8,9,0.9
taiwan,full,lightgbm,758081,887876,0.9919827320382362,3.5805723502060733e-41,0.9265700483091789,1.086171701164288e-19,0.9772513845205058,4,0.8,10,1.0
taiwan,full,lightgbm,758081,893119,0.9740980573543015,4.786957821633142e-30,0.8840579710144929,4.580633833051917e-18,0.9772513845205058,5,1.0,9,0.9
taiwan,full,lightgbm,758081,926740,0.9828553808202282,5.9722848344427434e-34,0.9111111111111112,4.31952101818562e-19,0.9772513845205058,5,1.0,9,0.9
taiwan,full,lightgbm,758081,970694,0.9613937711995065,2.73503320888455e-26,0.8685990338164252,1.7115265214254554e-17,0.9772513845205058,4,0.8,9,0.9
taiwan,full,lightgbm,758081,975585,0.972617946345976,1.6012697962562073e-29,0.8782608695652174,7.529231868037277e-18,0.9772513845205058,4,0.8,8,0.8
taiwan,full,lightgbm,761112,773919,0.9814986123959297,3.146702681146108e-33,0.8956521739130435,1.6792773346176676e-18,0.9772513845205058,4,0.8,8,0.8
taiwan,full,lightgbm,761112,778383,0.9731113166820844,1.0787507584512455e-29,0.8956521739130435,1.6792773346176676e-18,0.9772513845205058,4,0.8,9,0.9
taiwan,full,lightgbm,761112,781548,0.97631822386679,6.818012371399106e-31,0.8937198067632851,1.9867392397024148e-18,0.9772513845205058,4,0.8,9,0.9
taiwan,full,lightgbm,761112,786037,0.9798951588035769,1.9271640354412438e-32,0.8898550724637682,2.7778975910800926e-18,0.9772513845205058,4,0.8,9,0.9
taiwan,full,lightgbm,761112,822743,0.9766882516188714,4.839740425443591e-31,0.8801932367149758,6.382087671072473e-18,0.9772513845205058,4,0.8,9,0.9
taiwan,full,lightgbm,761112,827621,0.9880357693493679,2.299012347715676e-37,0.9227053140096619,1.5371152233408615e-19,0.9772513845205058,4,0.8,9,0.9
taiwan,full,lightgbm,761112,839722,0.9803885291396855,1.1212435265563769e-32,0.9033816425120774,8.541026338023884e-19,0.9772513845205058,4,0.8,10,1.0
taiwan,full,lightgbm,761112,858280,0.9738513721862472,5.882135560024063e-30,0.8898550724637682,2.7778975910800926e-18,0.9772513845205058,4,0.8,9,0.9
taiwan,full,lightgbm,761112,858560,0.9818686401480111,2.0251494700403686e-33,0.9033816425120774,8.541026338023884e-19,0.9772513845205058,5,1.0,8,0.8
taiwan,full,lightgbm,761112,887876,0.9865556583410421,2.947488842881802e-36,0.9285024154589373,9.125644921128575e-20,0.9772513845205058,5,1.0,9,0.9
taiwan,full,lightgbm,761112,893119,0.9703977798334874,8.700293144051883e-29,0.8743961352657006,1.0468034513765422e-17,0.9772513845205058,4,0.8,9,0.9
taiwan,full,lightgbm,761112,926740,0.9859389454209065,7.857218417605154e-36,0.9053140096618358,7.206465044850914e-19,0.9772513845205058,4,0.8,8,0.8
taiwan,full,lightgbm,761112,970694,0.972617946345976,1.6012697962562073e-29,0.8937198067632851,1.9867392397024148e-18,0.9772513845205058,5,1.0,10,1.0
taiwan,full,lightgbm,761112,975585,0.978168362627197,1.1603738448729618e-31,0.8917874396135267,2.3496624074706835e-18,0.9772513845205058,5,1.0,9,0.9
taiwan,full,lightgbm,773919,778383,0.962627197039778,1.355815478907623e-26,0.8647342995169083,2.371158419377764e-17,0.9772513845205058,5,1.0,9,0.9
taiwan,full,lightgbm,773919,781548,0.9733580018501388,8.829786099811353e-30,0.8821256038647344,5.407805585824788e-18,0.9772513845205058,4,0.8,8,0.8
taiwan,full,lightgbm,773919,786037,0.9801418439716312,1.4724706071534903e-32,0.8859903381642513,3.878611469459177e-18,0.9772513845205058,5,1.0,7,0.7
taiwan,full,lightgbm,773919,822743,0.9765649090348443,5.428723906891457e-31,0.8724637681159422,1.2336493381504985e-17,0.9772513845205058,5,1.0,9,0.9
taiwan,full,lightgbm,773919,827621,0.984582176996608,5.880631985826803e-35,0.9111111111111112,4.31952101818562e-19,0.9772513845205058,5,1.0,9,0.9
taiwan,full,lightgbm,773919,839722,0.9680542707369719,4.54059455458801e-28,0.8608695652173914,3.2803683129676725e-17,0.9772513845205058,5,1.0,8,0.8
taiwan,full,lightgbm,773919,858280,0.9711378353376502,5.022354836323047e-29,0.8743961352657006,1.0468034513765422e-17,0.9772513845205058,5,1.0,8,0.8
taiwan,full,lightgbm,773919,858560,0.9791551032994141,4.2368219420583823e-32,0.8917874396135267,2.3496624074706835e-18,0.9772513845205058,4,0.8,9,0.9
taiwan,full,lightgbm,773919,887876,0.9835954363243908,2.279313683596073e-34,0.9053140096618358,7.206465044850914e-19,0.9772513845205058,4,0.8,9,0.9
taiwan,full,lightgbm,773919,893119,0.967314215232809,7.458482523901976e-28,0.8550724637681161,5.323691415681353e-17,0.9772513845205058,5,1.0,8,0.8
taiwan,full,lightgbm,773919,926740,0.9816219549799567,2.7194965745715474e-33,0.9053140096618358,7.206465044850914e-19,0.9772513845205058,5,1.0,9,0.9
taiwan,full,lightgbm,773919,970694,0.9684242984890533,3.527240394988625e-28,0.8821256038647344,5.407805585824788e-18,0.9772513845205058,4,0.8,8,0.8
taiwan,full,lightgbm,773919,975585,0.9764415664508171,6.08567476470541e-31,0.8995169082125605,1.1984611966222292e-18,0.9772513845205058,4,0.8,8,0.8
taiwan,full,lightgbm,778383,781548,0.9816219549799567,2.7194965745715474e-33,0.9014492753623189,1.0119148195416758e-18,0.9772513845205058,4,0.8,8,0.8
taiwan,full,lightgbm,778383,786037,0.9643539932161578,4.873891100347016e-27,0.8628019323671499,2.7894491421604266e-17,0.9772513845205058,5,1.0,8,0.8
taiwan,full,lightgbm,778383,822743,0.9621338267036695,1.8001851161022044e-26,0.876328502415459,8.879424027773014e-18,0.9772513845205058,5,1.0,10,1.0
taiwan,full,lightgbm,778383,827621,0.9703977798334874,8.700293144051883e-29,0.8956521739130435,1.6792773346176676e-18,0.9772513845205058,5,1.0,10,1.0
taiwan,full,lightgbm,778383,839722,0.9876657415972865,4.476515400499222e-37,0.918840579710145,2.172193706278255e-19,0.9772513845205058,5,1.0,9,0.9
taiwan,full,lightgbm,778383,858280,0.9803885291396855,1.1212435265563769e-32,0.897584541062802,1.4188945852110538e-18,0.9772513845205058,5,1.0,9,0.9
taiwan,full,lightgbm,778383,858560,0.9706444650015419,7.255551056924706e-29,0.876328502415459,8.879424027773014e-18,0.9772513845205058,4,0.8,8,0.8
taiwan,full,lightgbm,778383,887876,0.9615171137835338,2.5523248363848682e-26,0.8628019323671499,2.7894491421604266e-17,0.9772513845205058,4,0.8,8,0.8
taiwan,full,lightgbm,778383,893119,0.977304964539007,2.700058875765148e-31,0.8898550724637682,2.7778975910800926e-18,0.9772513845205058,5,1.0,8,0.8
taiwan,full,lightgbm,778383,926740,0.9647240209682393,3.888810192861454e-27,0.8628019323671499,2.7894491421604266e-17,0.9772513845205058,5,1.0,8,0.8
taiwan,full,lightgbm,778383,970694,0.9837187789084182,1.93302092916897e-34,0.9130434782608697,3.6394203191460355e-19,0.9772513845205058,4,0.8,9,0.9
taiwan,full,lightgbm,778383,975585,0.9827320382362011,6.983761531797641e-34,0.9033816425120774,8.541026338023884e-19,0.9772513845205058,4,0.8,9,0.9
taiwan,full,lightgbm,781548,786037,0.9764415664508171,6.08567476470541e-31,0.8917874396135267,2.3496624074706835e-18,0.9772513845205058,4,0.8,9,0.9
taiwan,full,lightgbm,781548,822743,0.9654640764724021,2.4576573407015432e-27,0.8743961352657006,1.0468034513765422e-17,0.9772513845205058,4,0.8,8,0.8
taiwan,full,lightgbm,781548,827621,0.9761948812827629,7.633920179099768e-31,0.897584541062802,1.4188945852110538e-18,0.9772513845205058,4,0.8,8,0.8
taiwan,full,lightgbm,781548,839722,0.9860622880049337,6.480810737624138e-36,0.9130434782608697,3.6394203191460355e-19,0.9772513845205058,4,0.8,9,0.9
taiwan,full,lightgbm,781548,858280,0.9761948812827629,7.633920179099768e-31,0.8879227053140097,3.283017251454558e-18,0.9772513845205058,4,0.8,9,0.9
taiwan,full,lightgbm,781548,858560,0.9839654640764722,1.3849939428478138e-34,0.9169082125603866,2.580855576540007e-19,0.9772513845205058,4,0.8,8,0.8
taiwan,full,lightgbm,781548,887876,0.9791551032994141,4.2368219420583823e-32,0.9111111111111112,4.31952101818562e-19,0.9772513845205058,4,0.8,9,0.9
taiwan,full,lightgbm,781548,893119,0.9877890841813135,3.592985108858902e-37,0.918840579710145,2.172193706278255e-19,0.9772513845205058,4,0.8,10,1.0
taiwan,full,lightgbm,781548,926740,0.9697810669133519,1.3608583678690553e-28,0.8840579710144929,4.580633833051917e-18,0.9772513845205058,4,0.8,9,0.9
taiwan,full,lightgbm,781548,970694,0.9871723712611779,1.0556234423884422e-36,0.918840579710145,2.172193706278255e-19,0.9772513845205058,4,0.8,9,0.9
taiwan,full,lightgbm,781548,975585,0.9850755473327165,2.8896748591024557e-35,0.9091787439613527,5.124896003508296e-19,0.9772513845205058,4,0.8,8,0.8
taiwan,full,lightgbm,786037,822743,0.9805118717237126,9.771517317723596e-33,0.897584541062802,1.4188945852110538e-18,0.9772513845205058,5,1.0,8,0.8
taiwan,full,lightgbm,786037,827621,0.9839654640764722,1.3849939428478138e-34,0.9053140096618358,7.206465044850914e-19,0.9772513845205058,5,1.0,8,0.8
taiwan,full,lightgbm,786037,839722,0.9748381128584644,2.5489724134263282e-30,0.8743961352657006,1.0468034513765422e-17,0.9772513845205058,5,1.0,9,0.9
taiwan,full,lightgbm,786037,858280,0.9760715386987358,8.542419733187095e-31,0.8840579710144929,4.580633833051917e-18,0.9772513845205058,5,1.0,9,0.9
taiwan,full,lightgbm,786037,858560,0.9752081406105458,1.8469173518281695e-30,0.8821256038647344,5.407805585824788e-18,0.9772513845205058,4,0.8,7,0.7
taiwan,full,lightgbm,786037,887876,0.9865556583410421,2.947488842881802e-36,0.9111111111111112,4.31952101818562e-19,0.9772513845205058,4,0.8,8,0.8
taiwan,full,lightgbm,786037,893119,0.9779216774591427,1.4820599851557658e-31,0.8917874396135267,2.3496624074706835e-18,0.9772513845205058,5,1.0,9,0.9
taiwan,full,lightgbm,786037,926740,0.9806352143077397,8.508270610191042e-33,0.8917874396135267,2.3496624074706835e-18,0.9772513845205058,5,1.0,8,0.8
taiwan,full,lightgbm,786037,970694,0.9700277520814061,1.1391690670914687e-28,0.876328502415459,8.879424027773014e-18,0.9772513845205058,4,0.8,9,0.9
taiwan,full,lightgbm,786037,975585,0.9818686401480111,2.0251494700403686e-33,0.897584541062802,1.4188945852110538e-18,0.9772513845205058,4,0.8,9,0.9
taiwan,full,lightgbm,822743,827621,0.9875423990132592,5.565051940317024e-37,0.9227053140096619,1.5371152233408615e-19,0.9772513845205058,5,1.0,10,1.0
taiwan,full,lightgbm,822743,839722,0.972741288930003,1.4516901736334852e-29,0.8995169082125605,1.1984611966222292e-18,0.9772513845205058,5,1.0,9,0.9
taiwan,full,lightgbm,822743,858280,0.9744680851063829,3.501192784913317e-30,0.8898550724637682,2.7778975910800926e-18,0.9772513845205058,5,1.0,9,0.9
taiwan,full,lightgbm,822743,858560,0.9737280296022202,6.515575827041649e-30,0.876328502415459,8.879424027773014e-18,0.9772513845205058,4,0.8,8,0.8
taiwan,full,lightgbm,822743,887876,0.9768115942028986,4.312001206550789e-31,0.8898550724637682,2.7778975910800926e-18,0.9772513845205058,4,0.8,8,0.8
taiwan,full,lightgbm,822743,893119,0.9710144927536232,5.509424693604002e-29,0.8937198067632851,1.9867392397024148e-18,0.9772513845205058,5,1.0,8,0.8
taiwan,full,lightgbm,822743,926740,0.9697810669133519,1.3608583678690553e-28,0.8628019323671499,2.7894491421604266e-17,0.9772513845205058,5,1.0,8,0.8
taiwan,full,lightgbm,822743,970694,0.9609004008633981,3.598320391838974e-26,0.8666666666666667,2.0148789910237746e-17,0.9772513845205058,4,0.8,9,0.9
taiwan,full,lightgbm,822743,975585,0.975331483194573,1.6570602111251142e-30,0.8917874396135267,2.3496624074706835e-18,0.9772513845205058,4,0.8,9,0.9
taiwan,full,lightgbm,827621,839722,0.9764415664508171,6.08567476470541e-31,0.8917874396135267,2.3496624074706835e-18,0.9772513845205058,5,1.0,9,0.9
taiwan,full,lightgbm,827621,858280,0.9757015109466544,1.1928002798139351e-30,0.8898550724637682,2.7778975910800926e-18,0.9772513845205058,5,1.0,9,0.9
taiwan,full,lightgbm,827621,858560,0.9814986123959297,3.146702681146108e-33,0.8879227053140097,3.283017251454558e-18,0.9772513845205058,4,0.8,8,0.8
taiwan,full,lightgbm,827621,887876,0.9869256860931237,1.601113618281742e-36,0.9130434782608697,3.6394203191460355e-19,0.9772513845205058,4,0.8,8,0.8
taiwan,full,lightgbm,827621,893119,0.9720012334258402,2.5974264153412544e-29,0.8859903381642513,3.878611469459177e-18,0.9772513845205058,5,1.0,8,0.8
taiwan,full,lightgbm,827621,926740,0.9829787234042553,5.10149031560905e-34,0.9014492753623189,1.0119148195416758e-18,0.9772513845205058,5,1.0,8,0.8
taiwan,full,lightgbm,827621,970694,0.9713845205057046,4.1685460263177053e-29,0.8937198067632851,1.9867392397024148e-18,0.9772513845205058,4,0.8,9,0.9
taiwan,full,lightgbm,827621,975585,0.9803885291396855,1.1212435265563769e-32,0.9072463768115943,6.078278831760412e-19,0.9772513845205058,4,0.8,9,0.9
taiwan,full,lightgbm,839722,858280,0.9785383903792784,7.996496593962427e-32,0.8898550724637682,2.7778975910800926e-18,0.9772513845205058,5,1.0,9,0.9
taiwan,full,lightgbm,839722,858560,0.9786617329633055,7.053000404367201e-32,0.8956521739130435,1.6792773346176676e-18,0.9772513845205058,4,0.8,8,0.8
taiwan,full,lightgbm,839722,887876,0.9695343817452975,1.6233076153629644e-28,0.8782608695652174,7.529231868037277e-18,0.9772513845205058,4,0.8,9,0.9
taiwan,full,lightgbm,839722,893119,0.9870490286771507,1.3013644344610724e-36,0.9246376811594205,1.2923478771499127e-19,0.9772513845205058,5,1.0,9,0.9
taiwan,full,lightgbm,839722,926740,0.9712611779216774,4.5765057243332663e-29,0.8666666666666667,2.0148789910237746e-17,0.9772513845205058,5,1.0,8,0.8
taiwan,full,lightgbm,839722,970694,0.9906259636139377,1.101072410022777e-39,0.9285024154589373,9.125644921128575e-20,0.9772513845205058,4,0.8,10,1.0
taiwan,full,lightgbm,839722,975585,0.9847055195806351,4.93426664494967e-35,0.9072463768115943,6.078278831760412e-19,0.9772513845205058,4,0.8,9,0.9
taiwan,full,lightgbm,858280,858560,0.972617946345976,1.6012697962562073e-29,0.8705314009661838,1.4533310642857802e-17,0.9772513845205058,4,0.8,8,0.8
taiwan,full,lightgbm,858280,887876,0.9703977798334874,8.700293144051883e-29,0.876328502415459,8.879424027773014e-18,0.9772513845205058,4,0.8,8,0.8
taiwan,full,lightgbm,858280,893119,0.9802651865556583,1.285464009048379e-32,0.8956521739130435,1.6792773346176676e-18,0.9772513845205058,5,1.0,9,0.9
taiwan,full,lightgbm,858280,926740,0.9743447425223558,3.887920618544817e-30,0.8879227053140097,3.283017251454558e-18,0.9772513845205058,5,1.0,9,0.9
taiwan,full,lightgbm,858280,970694,0.9724946037619487,1.7654734373419883e-29,0.876328502415459,8.879424027773014e-18,0.9772513845205058,4,0.8,9,0.9
taiwan,full,lightgbm,858280,975585,0.9821153253160654,1.5019544103624532e-33,0.897584541062802,1.4188945852110538e-18,0.9772513845205058,4,0.8,8,0.8
taiwan,full,lightgbm,858560,887876,0.9892691951896393,2.1251761157860372e-38,0.9362318840579711,4.530895961332684e-20,0.9772513845205058,5,1.0,9,0.9
taiwan,full,lightgbm,858560,893119,0.9803885291396855,1.1212435265563769e-32,0.9014492753623189,1.0119148195416758e-18,0.9772513845205058,4,0.8,8,0.8
taiwan,full,lightgbm,858560,926740,0.9761948812827629,7.633920179099768e-31,0.8859903381642513,3.878611469459177e-18,0.9772513845205058,4,0.8,9,0.9
taiwan,full,lightgbm,858560,970694,0.9687943262411347,2.7317749270558043e-28,0.8743961352657006,1.0468034513765422e-17,0.9772513845205058,5,1.0,8,0.8
taiwan,full,lightgbm,858560,975585,0.972617946345976,1.6012697962562073e-29,0.8724637681159422,1.2336493381504985e-17,0.9772513845205058,5,1.0,7,0.7
taiwan,full,lightgbm,887876,893119,0.9776749922910883,1.8877333645724283e-31,0.9072463768115943,6.078278831760412e-19,0.9772513845205058,4,0.8,9,0.9
taiwan,full,lightgbm,887876,926740,0.9840888066604995,1.170064304100136e-34,0.9072463768115943,6.078278831760412e-19,0.9772513845205058,4,0.8,9,0.9
taiwan,full,lightgbm,887876,970694,0.9662041319765649,1.5375757311871775e-27,0.8840579710144929,4.580633833051917e-18,0.9772513845205058,5,1.0,9,0.9
taiwan,full,lightgbm,887876,975585,0.973604687018193,7.213731097186092e-30,0.8859903381642513,3.878611469459177e-18,0.9772513845205058,5,1.0,8,0.8
taiwan,full,lightgbm,893119,926740,0.9675609004008634,6.3293638702011895e-28,0.8608695652173914,3.2803683129676725e-17,0.9772513845205058,5,1.0,9,0.9
taiwan,full,lightgbm,893119,970694,0.9824853530681468,9.517689223493207e-34,0.9033816425120774,8.541026338023884e-19,0.9772513845205058,4,0.8,9,0.9
taiwan,full,lightgbm,893119,975585,0.9821153253160654,1.5019544103624532e-33,0.897584541062802,1.4188945852110538e-18,0.9772513845205058,4,0.8,8,0.8
taiwan,full,lightgbm,926740,970694,0.9669441874807276,9.518487906113141e-28,0.8647342995169083,2.371158419377764e-17,0.9772513845205058,4,0.8,8,0.8
taiwan,full,lightgbm,926740,975585,0.9696577243293247,1.4865716120641078e-28,0.8628019323671499,2.7894491421604266e-17,0.9772513845205058,4,0.8,7,0.7
taiwan,full,lightgbm,970694,975585,0.9847055195806351,4.93426664494967e-35,0.9130434782608697,3.6394203191460355e-19,0.9772513845205058,5,1.0,9,0.9
