dataset,split,system,score_key,policy_type,threshold,t_low,t_high,capacity_pct,source,fn_cost,fp_cost,review_cost,expected_cost_binary,review_adjusted_cost,comparable_cost_for_rank,manual_review_count,manual_review_rate,high_risk_fp,high_risk_tp,low_risk_fn,manual_review_defaults,total_defaults,cost_rank,threshold_probability,net_benefit,net_benefit_treat_all,net_benefit_treat_none,better_than_treat_all,better_than_treat_none,useful_threshold_range,max_net_benefit,comment,test_set_used_for_selection,mean_cost_rank,cost_stability_rank
taiwan,validation,V2 Taiwan CatBoost manual-review,catboost_isotonic,manual_review_band,,0.14,0.28,,V2 locked policy,2,1,0.1,3244,1284.1,1284.1,1781,0.29683333333333334,670,752,218,357,1327,2.0,,,,,,,,,Manual-review cost changes with review_cost; binary cost is diagnostic only.,False,2.325,1.0
taiwan,validation,V2 Taiwan CatBoost manual-review,catboost_isotonic,manual_review_band,,0.14,0.28,,V2 locked policy,2,1,0.25,3244,1551.25,1551.25,1781,0.29683333333333334,670,752,218,357,1327,3.0,,,,,,,,,Manual-review cost changes with review_cost; binary cost is diagnostic only.,False,2.325,1.0
taiwan,validation,V2 Taiwan CatBoost manual-review,catboost_isotonic,manual_review_band,,0.14,0.28,,V2 locked policy,2,1,0.5,3244,1996.5,1996.5,1781,0.29683333333333334,670,752,218,357,1327,6.0,,,,,,,,,Manual-review cost changes with review_cost; binary cost is diagnostic only.,False,2.325,1.0
taiwan,validation,V2 Taiwan CatBoost manual-review,catboost_isotonic,manual_review_band,,0.14,0.28,,V2 locked policy,2,1,1.0,3244,2887.0,2887.0,1781,0.29683333333333334,670,752,218,357,1327,6.0,,,,,,,,,Manual-review cost changes with review_cost; binary cost is diagnostic only.,False,2.325,1.0
taiwan,validation,V2 Taiwan CatBoost manual-review,catboost_isotonic,manual_review_band,,0.14,0.28,,V2 locked policy,2,1,2.0,3244,4668.0,4668.0,1781,0.29683333333333334,670,752,218,357,1327,6.0,,,,,,,,,Manual-review cost changes with review_cost; binary cost is diagnostic only.,False,2.325,1.0
taiwan,validation,V2 Taiwan CatBoost manual-review,catboost_isotonic,manual_review_band,,0.14,0.28,,V2 locked policy,3,1,0.1,3819,1502.1,1502.1,1781,0.29683333333333334,670,752,218,357,1327,1.0,,,,,,,,,Manual-review cost changes with review_cost; binary cost is diagnostic only.,False,2.325,1.0
taiwan,validation,V2 Taiwan CatBoost manual-review,catboost_isotonic,manual_review_band,,0.14,0.28,,V2 locked policy,3,1,0.25,3819,1769.25,1769.25,1781,0.29683333333333334,670,752,218,357,1327,1.0,,,,,,,,,Manual-review cost changes with review_cost; binary cost is diagnostic only.,False,2.325,1.0
taiwan,validation,V2 Taiwan CatBoost manual-review,catboost_isotonic,manual_review_band,,0.14,0.28,,V2 locked policy,3,1,0.5,3819,2214.5,2214.5,1781,0.29683333333333334,670,752,218,357,1327,1.0,,,,,,,,,Manual-review cost changes with review_cost; binary cost is diagnostic only.,False,2.325,1.0
taiwan,validation,V2 Taiwan CatBoost manual-review,catboost_isotonic,manual_review_band,,0.14,0.28,,V2 locked policy,3,1,1.0,3819,3105.0,3105.0,1781,0.29683333333333334,670,752,218,357,1327,5.0,,,,,,,,,Manual-review cost changes with review_cost; binary cost is diagnostic only.,False,2.325,1.0
taiwan,validation,V2 Taiwan CatBoost manual-review,catboost_isotonic,manual_review_band,,0.14,0.28,,V2 locked policy,3,1,2.0,3819,4886.0,4886.0,1781,0.29683333333333334,670,752,218,357,1327,6.0,,,,,,,,,Manual-review cost changes with review_cost; binary cost is diagnostic only.,False,2.325,1.0
taiwan,validation,V2 Taiwan CatBoost manual-review,catboost_isotonic,manual_review_band,,0.14,0.28,,V2 locked policy,5,1,0.1,4969,1938.1,1938.1,1781,0.29683333333333334,670,752,218,357,1327,1.0,,,,,,,,,Manual-review cost changes with review_cost; binary cost is diagnostic only.,False,2.325,1.0
taiwan,validation,V2 Taiwan CatBoost manual-review,catboost_isotonic,manual_review_band,,0.14,0.28,,V2 locked policy,5,1,0.25,4969,2205.25,2205.25,1781,0.29683333333333334,670,752,218,357,1327,1.0,,,,,,,,,Manual-review cost changes with review_cost; binary cost is diagnostic only.,False,2.325,1.0
taiwan,validation,V2 Taiwan CatBoost manual-review,catboost_isotonic,manual_review_band,,0.14,0.28,,V2 locked policy,5,1,0.5,4969,2650.5,2650.5,1781,0.29683333333333334,670,752,218,357,1327,1.0,,,,,,,,,Manual-review cost changes with review_cost; binary cost is diagnostic only.,False,2.325,1.0
taiwan,validation,V2 Taiwan CatBoost manual-review,catboost_isotonic,manual_review_band,,0.14,0.28,,V2 locked policy,5,1,1.0,4969,3541.0,3541.0,1781,0.29683333333333334,670,752,218,357,1327,1.0,,,,,,,,,Manual-review cost changes with review_cost; binary cost is diagnostic only.,False,2.325,1.0
taiwan,validation,V2 Taiwan CatBoost manual-review,catboost_isotonic,manual_review_band,,0.14,0.28,,V2 locked policy,5,1,2.0,4969,5322.0,5322.0,1781,0.29683333333333334,670,752,218,357,1327,4.0,,,,,,,,,Manual-review cost changes with review_cost; binary cost is diagnostic only.,False,2.325,1.0
taiwan,validation,V2 Taiwan CatBoost manual-review,catboost_isotonic,manual_review_band,,0.14,0.28,,V2 locked policy,5,2,0.1,7063,2608.1,2608.1,1781,0.29683333333333334,670,752,218,357,1327,1.0,,,,,,,,,Manual-review cost changes with review_cost; binary cost is diagnostic only.,False,2.325,1.0
taiwan,validation,V2 Taiwan CatBoost manual-review,catboost_isotonic,manual_review_band,,0.14,0.28,,V2 locked policy,5,2,0.25,7063,2875.25,2875.25,1781,0.29683333333333334,670,752,218,357,1327,1.0,,,,,,,,,Manual-review cost changes with review_cost; binary cost is diagnostic only.,False,2.325,1.0
taiwan,validation,V2 Taiwan CatBoost manual-review,catboost_isotonic,manual_review_band,,0.14,0.28,,V2 locked policy,5,2,0.5,7063,3320.5,3320.5,1781,0.29683333333333334,670,752,218,357,1327,1.0,,,,,,,,,Manual-review cost changes with review_cost; binary cost is diagnostic only.,False,2.325,1.0
taiwan,validation,V2 Taiwan CatBoost manual-review,catboost_isotonic,manual_review_band,,0.14,0.28,,V2 locked policy,5,2,1.0,7063,4211.0,4211.0,1781,0.29683333333333334,670,752,218,357,1327,1.0,,,,,,,,,Manual-review cost changes with review_cost; binary cost is diagnostic only.,False,2.325,1.0
taiwan,validation,V2 Taiwan CatBoost manual-review,catboost_isotonic,manual_review_band,,0.14,0.28,,V2 locked policy,5,2,2.0,7063,5992.0,5992.0,1781,0.29683333333333334,670,752,218,357,1327,6.0,,,,,,,,,Manual-review cost changes with review_cost; binary cost is diagnostic only.,False,2.325,1.0
taiwan,validation,V2 Taiwan CatBoost manual-review,catboost_isotonic,manual_review_band,,0.14,0.28,,V2 locked policy,5,3,0.1,9157,3278.1,3278.1,1781,0.29683333333333334,670,752,218,357,1327,3.0,,,,,,,,,Manual-review cost changes with review_cost; binary cost is diagnostic only.,False,2.325,1.0
taiwan,validation,V2 Taiwan CatBoost manual-review,catboost_isotonic,manual_review_band,,0.14,0.28,,V2 locked policy,5,3,0.25,9157,3545.25,3545.25,1781,0.29683333333333334,670,752,218,357,1327,3.0,,,,,,,,,Manual-review cost changes with review_cost; binary cost is diagnostic only.,False,2.325,1.0
taiwan,validation,V2 Taiwan CatBoost manual-review,catboost_isotonic,manual_review_band,,0.14,0.28,,V2 locked policy,5,3,0.5,9157,3990.5,3990.5,1781,0.29683333333333334,670,752,218,357,1327,3.0,,,,,,,,,Manual-review cost changes with review_cost; binary cost is diagnostic only.,False,2.325,1.0
taiwan,validation,V2 Taiwan CatBoost manual-review,catboost_isotonic,manual_review_band,,0.14,0.28,,V2 locked policy,5,3,1.0,9157,4881.0,4881.0,1781,0.29683333333333334,670,752,218,357,1327,3.0,,,,,,,,,Manual-review cost changes with review_cost; binary cost is diagnostic only.,False,2.325,1.0
taiwan,validation,V2 Taiwan CatBoost manual-review,catboost_isotonic,manual_review_band,,0.14,0.28,,V2 locked policy,5,3,2.0,9157,6662.0,6662.0,1781,0.29683333333333334,670,752,218,357,1327,6.0,,,,,,,,,Manual-review cost changes with review_cost; binary cost is diagnostic only.,False,2.325,1.0
taiwan,validation,V2 Taiwan CatBoost manual-review,catboost_isotonic,manual_review_band,,0.14,0.28,,V2 locked policy,10,1,0.1,7844,3028.1,3028.1,1781,0.29683333333333334,670,752,218,357,1327,2.0,,,,,,,,,Manual-review cost changes with review_cost; binary cost is diagnostic only.,False,2.325,1.0
taiwan,validation,V2 Taiwan CatBoost manual-review,catboost_isotonic,manual_review_band,,0.14,0.28,,V2 locked policy,10,1,0.25,7844,3295.25,3295.25,1781,0.29683333333333334,670,752,218,357,1327,2.0,,,,,,,,,Manual-review cost changes with review_cost; binary cost is diagnostic only.,False,2.325,1.0
taiwan,validation,V2 Taiwan CatBoost manual-review,catboost_isotonic,manual_review_band,,0.14,0.28,,V2 locked policy,10,1,0.5,7844,3740.5,3740.5,1781,0.29683333333333334,670,752,218,357,1327,2.0,,,,,,,,,Manual-review cost changes with review_cost; binary cost is diagnostic only.,False,2.325,1.0
taiwan,validation,V2 Taiwan CatBoost manual-review,catboost_isotonic,manual_review_band,,0.14,0.28,,V2 locked policy,10,1,1.0,7844,4631.0,4631.0,1781,0.29683333333333334,670,752,218,357,1327,2.0,,,,,,,,,Manual-review cost changes with review_cost; binary cost is diagnostic only.,False,2.325,1.0
taiwan,validation,V2 Taiwan CatBoost manual-review,catboost_isotonic,manual_review_band,,0.14,0.28,,V2 locked policy,10,1,2.0,7844,6412.0,6412.0,1781,0.29683333333333334,670,752,218,357,1327,2.0,,,,,,,,,Manual-review cost changes with review_cost; binary cost is diagnostic only.,False,2.325,1.0
taiwan,validation,V2 Taiwan CatBoost manual-review,catboost_isotonic,manual_review_band,,0.14,0.28,,V2 locked policy,10,2,0.1,9938,3698.1,3698.1,1781,0.29683333333333334,670,752,218,357,1327,1.0,,,,,,,,,Manual-review cost changes with review_cost; binary cost is diagnostic only.,False,2.325,1.0
taiwan,validation,V2 Taiwan CatBoost manual-review,catboost_isotonic,manual_review_band,,0.14,0.28,,V2 locked policy,10,2,0.25,9938,3965.25,3965.25,1781,0.29683333333333334,670,752,218,357,1327,1.0,,,,,,,,,Manual-review cost changes with review_cost; binary cost is diagnostic only.,False,2.325,1.0
taiwan,validation,V2 Taiwan CatBoost manual-review,catboost_isotonic,manual_review_band,,0.14,0.28,,V2 locked policy,10,2,0.5,9938,4410.5,4410.5,1781,0.29683333333333334,670,752,218,357,1327,1.0,,,,,,,,,Manual-review cost changes with review_cost; binary cost is diagnostic only.,False,2.325,1.0
taiwan,validation,V2 Taiwan CatBoost manual-review,catboost_isotonic,manual_review_band,,0.14,0.28,,V2 locked policy,10,2,1.0,9938,5301.0,5301.0,1781,0.29683333333333334,670,752,218,357,1327,1.0,,,,,,,,,Manual-review cost changes with review_cost; binary cost is diagnostic only.,False,2.325,1.0
taiwan,validation,V2 Taiwan CatBoost manual-review,catboost_isotonic,manual_review_band,,0.14,0.28,,V2 locked policy,10,2,2.0,9938,7082.0,7082.0,1781,0.29683333333333334,670,752,218,357,1327,1.0,,,,,,,,,Manual-review cost changes with review_cost; binary cost is diagnostic only.,False,2.325,1.0
taiwan,validation,V2 Taiwan CatBoost manual-review,catboost_isotonic,manual_review_band,,0.14,0.28,,V2 locked policy,10,3,0.1,12032,4368.1,4368.1,1781,0.29683333333333334,670,752,218,357,1327,1.0,,,,,,,,,Manual-review cost changes with review_cost; binary cost is diagnostic only.,False,2.325,1.0
taiwan,validation,V2 Taiwan CatBoost manual-review,catboost_isotonic,manual_review_band,,0.14,0.28,,V2 locked policy,10,3,0.25,12032,4635.25,4635.25,1781,0.29683333333333334,670,752,218,357,1327,1.0,,,,,,,,,Manual-review cost changes with review_cost; binary cost is diagnostic only.,False,2.325,1.0
taiwan,validation,V2 Taiwan CatBoost manual-review,catboost_isotonic,manual_review_band,,0.14,0.28,,V2 locked policy,10,3,0.5,12032,5080.5,5080.5,1781,0.29683333333333334,670,752,218,357,1327,1.0,,,,,,,,,Manual-review cost changes with review_cost; binary cost is diagnostic only.,False,2.325,1.0
taiwan,validation,V2 Taiwan CatBoost manual-review,catboost_isotonic,manual_review_band,,0.14,0.28,,V2 locked policy,10,3,1.0,12032,5971.0,5971.0,1781,0.29683333333333334,670,752,218,357,1327,1.0,,,,,,,,,Manual-review cost changes with review_cost; binary cost is diagnostic only.,False,2.325,1.0
taiwan,validation,V2 Taiwan CatBoost manual-review,catboost_isotonic,manual_review_band,,0.14,0.28,,V2 locked policy,10,3,2.0,12032,7752.0,7752.0,1781,0.29683333333333334,670,752,218,357,1327,1.0,,,,,,,,,Manual-review cost changes with review_cost; binary cost is diagnostic only.,False,2.325,1.0
taiwan,locked_test,V2 Taiwan CatBoost manual-review,catboost_isotonic,manual_review_band,,0.14,0.28,,V2 locked policy,2,1,0.1,3243,1313.1,1313.1,1771,0.2951666666666667,680,763,228,336,1327,2.0,,,,,,,,,Manual-review cost changes with review_cost; binary cost is diagnostic only.,False,2.55,1.0
taiwan,locked_test,V2 Taiwan CatBoost manual-review,catboost_isotonic,manual_review_band,,0.14,0.28,,V2 locked policy,2,1,0.25,3243,1578.75,1578.75,1771,0.2951666666666667,680,763,228,336,1327,2.0,,,,,,,,,Manual-review cost changes with review_cost; binary cost is diagnostic only.,False,2.55,1.0
taiwan,locked_test,V2 Taiwan CatBoost manual-review,catboost_isotonic,manual_review_band,,0.14,0.28,,V2 locked policy,2,1,0.5,3243,2021.5,2021.5,1771,0.2951666666666667,680,763,228,336,1327,6.0,,,,,,,,,Manual-review cost changes with review_cost; binary cost is diagnostic only.,False,2.55,1.0
taiwan,locked_test,V2 Taiwan CatBoost manual-review,catboost_isotonic,manual_review_band,,0.14,0.28,,V2 locked policy,2,1,1.0,3243,2907.0,2907.0,1771,0.2951666666666667,680,763,228,336,1327,6.0,,,,,,,,,Manual-review cost changes with review_cost; binary cost is diagnostic only.,False,2.55,1.0
taiwan,locked_test,V2 Taiwan CatBoost manual-review,catboost_isotonic,manual_review_band,,0.14,0.28,,V2 locked policy,2,1,2.0,3243,4678.0,4678.0,1771,0.2951666666666667,680,763,228,336,1327,6.0,,,,,,,,,Manual-review cost changes with review_cost; binary cost is diagnostic only.,False,2.55,1.0
taiwan,locked_test,V2 Taiwan CatBoost manual-review,catboost_isotonic,manual_review_band,,0.14,0.28,,V2 locked policy,3,1,0.1,3807,1541.1,1541.1,1771,0.2951666666666667,680,763,228,336,1327,1.0,,,,,,,,,Manual-review cost changes with review_cost; binary cost is diagnostic only.,False,2.55,1.0
taiwan,locked_test,V2 Taiwan CatBoost manual-review,catboost_isotonic,manual_review_band,,0.14,0.28,,V2 locked policy,3,1,0.25,3807,1806.75,1806.75,1771,0.2951666666666667,680,763,228,336,1327,1.0,,,,,,,,,Manual-review cost changes with review_cost; binary cost is diagnostic only.,False,2.55,1.0
taiwan,locked_test,V2 Taiwan CatBoost manual-review,catboost_isotonic,manual_review_band,,0.14,0.28,,V2 locked policy,3,1,0.5,3807,2249.5,2249.5,1771,0.2951666666666667,680,763,228,336,1327,1.0,,,,,,,,,Manual-review cost changes with review_cost; binary cost is diagnostic only.,False,2.55,1.0
taiwan,locked_test,V2 Taiwan CatBoost manual-review,catboost_isotonic,manual_review_band,,0.14,0.28,,V2 locked policy,3,1,1.0,3807,3135.0,3135.0,1771,0.2951666666666667,680,763,228,336,1327,4.0,,,,,,,,,Manual-review cost changes with review_cost; binary cost is diagnostic only.,False,2.55,1.0
taiwan,locked_test,V2 Taiwan CatBoost manual-review,catboost_isotonic,manual_review_band,,0.14,0.28,,V2 locked policy,3,1,2.0,3807,4906.0,4906.0,1771,0.2951666666666667,680,763,228,336,1327,6.0,,,,,,,,,Manual-review cost changes with review_cost; binary cost is diagnostic only.,False,2.55,1.0
taiwan,locked_test,V2 Taiwan CatBoost manual-review,catboost_isotonic,manual_review_band,,0.14,0.28,,V2 locked policy,5,1,0.1,4935,1997.1,1997.1,1771,0.2951666666666667,680,763,228,336,1327,2.0,,,,,,,,,Manual-review cost changes with review_cost; binary cost is diagnostic only.,False,2.55,1.0
taiwan,locked_test,V2 Taiwan CatBoost manual-review,catboost_isotonic,manual_review_band,,0.14,0.28,,V2 locked policy,5,1,0.25,4935,2262.75,2262.75,1771,0.2951666666666667,680,763,228,336,1327,2.0,,,,,,,,,Manual-review cost changes with review_cost; binary cost is diagnostic only.,False,2.55,1.0
taiwan,locked_test,V2 Taiwan CatBoost manual-review,catboost_isotonic,manual_review_band,,0.14,0.28,,V2 locked policy,5,1,0.5,4935,2705.5,2705.5,1771,0.2951666666666667,680,763,228,336,1327,2.0,,,,,,,,,Manual-review cost changes with review_cost; binary cost is diagnostic only.,False,2.55,1.0
taiwan,locked_test,V2 Taiwan CatBoost manual-review,catboost_isotonic,manual_review_band,,0.14,0.28,,V2 locked policy,5,1,1.0,4935,3591.0,3591.0,1771,0.2951666666666667,680,763,228,336,1327,2.0,,,,,,,,,Manual-review cost changes with review_cost; binary cost is diagnostic only.,False,2.55,1.0
taiwan,locked_test,V2 Taiwan CatBoost manual-review,catboost_isotonic,manual_review_band,,0.14,0.28,,V2 locked policy,5,1,2.0,4935,5362.0,5362.0,1771,0.2951666666666667,680,763,228,336,1327,5.0,,,,,,,,,Manual-review cost changes with review_cost; binary cost is diagnostic only.,False,2.55,1.0
taiwan,locked_test,V2 Taiwan CatBoost manual-review,catboost_isotonic,manual_review_band,,0.14,0.28,,V2 locked policy,5,2,0.1,7050,2677.1,2677.1,1771,0.2951666666666667,680,763,228,336,1327,1.0,,,,,,,,,Manual-review cost changes with review_cost; binary cost is diagnostic only.,False,2.55,1.0
taiwan,locked_test,V2 Taiwan CatBoost manual-review,catboost_isotonic,manual_review_band,,0.14,0.28,,V2 locked policy,5,2,0.25,7050,2942.75,2942.75,1771,0.2951666666666667,680,763,228,336,1327,1.0,,,,,,,,,Manual-review cost changes with review_cost; binary cost is diagnostic only.,False,2.55,1.0
taiwan,locked_test,V2 Taiwan CatBoost manual-review,catboost_isotonic,manual_review_band,,0.14,0.28,,V2 locked policy,5,2,0.5,7050,3385.5,3385.5,1771,0.2951666666666667,680,763,228,336,1327,1.0,,,,,,,,,Manual-review cost changes with review_cost; binary cost is diagnostic only.,False,2.55,1.0
taiwan,locked_test,V2 Taiwan CatBoost manual-review,catboost_isotonic,manual_review_band,,0.14,0.28,,V2 locked policy,5,2,1.0,7050,4271.0,4271.0,1771,0.2951666666666667,680,763,228,336,1327,2.0,,,,,,,,,Manual-review cost changes with review_cost; binary cost is diagnostic only.,False,2.55,1.0
taiwan,locked_test,V2 Taiwan CatBoost manual-review,catboost_isotonic,manual_review_band,,0.14,0.28,,V2 locked policy,5,2,2.0,7050,6042.0,6042.0,1771,0.2951666666666667,680,763,228,336,1327,6.0,,,,,,,,,Manual-review cost changes with review_cost; binary cost is diagnostic only.,False,2.55,1.0
taiwan,locked_test,V2 Taiwan CatBoost manual-review,catboost_isotonic,manual_review_band,,0.14,0.28,,V2 locked policy,5,3,0.1,9165,3357.1,3357.1,1771,0.2951666666666667,680,763,228,336,1327,3.0,,,,,,,,,Manual-review cost changes with review_cost; binary cost is diagnostic only.,False,2.55,1.0
taiwan,locked_test,V2 Taiwan CatBoost manual-review,catboost_isotonic,manual_review_band,,0.14,0.28,,V2 locked policy,5,3,0.25,9165,3622.75,3622.75,1771,0.2951666666666667,680,763,228,336,1327,3.0,,,,,,,,,Manual-review cost changes with review_cost; binary cost is diagnostic only.,False,2.55,1.0
taiwan,locked_test,V2 Taiwan CatBoost manual-review,catboost_isotonic,manual_review_band,,0.14,0.28,,V2 locked policy,5,3,0.5,9165,4065.5,4065.5,1771,0.2951666666666667,680,763,228,336,1327,3.0,,,,,,,,,Manual-review cost changes with review_cost; binary cost is diagnostic only.,False,2.55,1.0
taiwan,locked_test,V2 Taiwan CatBoost manual-review,catboost_isotonic,manual_review_band,,0.14,0.28,,V2 locked policy,5,3,1.0,9165,4951.0,4951.0,1771,0.2951666666666667,680,763,228,336,1327,3.0,,,,,,,,,Manual-review cost changes with review_cost; binary cost is diagnostic only.,False,2.55,1.0
taiwan,locked_test,V2 Taiwan CatBoost manual-review,catboost_isotonic,manual_review_band,,0.14,0.28,,V2 locked policy,5,3,2.0,9165,6722.0,6722.0,1771,0.2951666666666667,680,763,228,336,1327,6.0,,,,,,,,,Manual-review cost changes with review_cost; binary cost is diagnostic only.,False,2.55,1.0
taiwan,locked_test,V2 Taiwan CatBoost manual-review,catboost_isotonic,manual_review_band,,0.14,0.28,,V2 locked policy,10,1,0.1,7755,3137.1,3137.1,1771,0.2951666666666667,680,763,228,336,1327,2.0,,,,,,,,,Manual-review cost changes with review_cost; binary cost is diagnostic only.,False,2.55,1.0
taiwan,locked_test,V2 Taiwan CatBoost manual-review,catboost_isotonic,manual_review_band,,0.14,0.28,,V2 locked policy,10,1,0.25,7755,3402.75,3402.75,1771,0.2951666666666667,680,763,228,336,1327,2.0,,,,,,,,,Manual-review cost changes with review_cost; binary cost is diagnostic only.,False,2.55,1.0
taiwan,locked_test,V2 Taiwan CatBoost manual-review,catboost_isotonic,manual_review_band,,0.14,0.28,,V2 locked policy,10,1,0.5,7755,3845.5,3845.5,1771,0.2951666666666667,680,763,228,336,1327,2.0,,,,,,,,,Manual-review cost changes with review_cost; binary cost is diagnostic only.,False,2.55,1.0
taiwan,locked_test,V2 Taiwan CatBoost manual-review,catboost_isotonic,manual_review_band,,0.14,0.28,,V2 locked policy,10,1,1.0,7755,4731.0,4731.0,1771,0.2951666666666667,680,763,228,336,1327,2.0,,,,,,,,,Manual-review cost changes with review_cost; binary cost is diagnostic only.,False,2.55,1.0
taiwan,locked_test,V2 Taiwan CatBoost manual-review,catboost_isotonic,manual_review_band,,0.14,0.28,,V2 locked policy,10,1,2.0,7755,6502.0,6502.0,1771,0.2951666666666667,680,763,228,336,1327,2.0,,,,,,,,,Manual-review cost changes with review_cost; binary cost is diagnostic only.,False,2.55,1.0
taiwan,locked_test,V2 Taiwan CatBoost manual-review,catboost_isotonic,manual_review_band,,0.14,0.28,,V2 locked policy,10,2,0.1,9870,3817.1,3817.1,1771,0.2951666666666667,680,763,228,336,1327,2.0,,,,,,,,,Manual-review cost changes with review_cost; binary cost is diagnostic only.,False,2.55,1.0
taiwan,locked_test,V2 Taiwan CatBoost manual-review,catboost_isotonic,manual_review_band,,0.14,0.28,,V2 locked policy,10,2,0.25,9870,4082.75,4082.75,1771,0.2951666666666667,680,763,228,336,1327,2.0,,,,,,,,,Manual-review cost changes with review_cost; binary cost is diagnostic only.,False,2.55,1.0
taiwan,locked_test,V2 Taiwan CatBoost manual-review,catboost_isotonic,manual_review_band,,0.14,0.28,,V2 locked policy,10,2,0.5,9870,4525.5,4525.5,1771,0.2951666666666667,680,763,228,336,1327,2.0,,,,,,,,,Manual-review cost changes with review_cost; binary cost is diagnostic only.,False,2.55,1.0
taiwan,locked_test,V2 Taiwan CatBoost manual-review,catboost_isotonic,manual_review_band,,0.14,0.28,,V2 locked policy,10,2,1.0,9870,5411.0,5411.0,1771,0.2951666666666667,680,763,228,336,1327,2.0,,,,,,,,,Manual-review cost changes with review_cost; binary cost is diagnostic only.,False,2.55,1.0
taiwan,locked_test,V2 Taiwan CatBoost manual-review,catboost_isotonic,manual_review_band,,0.14,0.28,,V2 locked policy,10,2,2.0,9870,7182.0,7182.0,1771,0.2951666666666667,680,763,228,336,1327,2.0,,,,,,,,,Manual-review cost changes with review_cost; binary cost is diagnostic only.,False,2.55,1.0
taiwan,locked_test,V2 Taiwan CatBoost manual-review,catboost_isotonic,manual_review_band,,0.14,0.28,,V2 locked policy,10,3,0.1,11985,4497.1,4497.1,1771,0.2951666666666667,680,763,228,336,1327,1.0,,,,,,,,,Manual-review cost changes with review_cost; binary cost is diagnostic only.,False,2.55,1.0
taiwan,locked_test,V2 Taiwan CatBoost manual-review,catboost_isotonic,manual_review_band,,0.14,0.28,,V2 locked policy,10,3,0.25,11985,4762.75,4762.75,1771,0.2951666666666667,680,763,228,336,1327,1.0,,,,,,,,,Manual-review cost changes with review_cost; binary cost is diagnostic only.,False,2.55,1.0
taiwan,locked_test,V2 Taiwan CatBoost manual-review,catboost_isotonic,manual_review_band,,0.14,0.28,,V2 locked policy,10,3,0.5,11985,5205.5,5205.5,1771,0.2951666666666667,680,763,228,336,1327,1.0,,,,,,,,,Manual-review cost changes with review_cost; binary cost is diagnostic only.,False,2.55,1.0
taiwan,locked_test,V2 Taiwan CatBoost manual-review,catboost_isotonic,manual_review_band,,0.14,0.28,,V2 locked policy,10,3,1.0,11985,6091.0,6091.0,1771,0.2951666666666667,680,763,228,336,1327,1.0,,,,,,,,,Manual-review cost changes with review_cost; binary cost is diagnostic only.,False,2.55,1.0
taiwan,locked_test,V2 Taiwan CatBoost manual-review,catboost_isotonic,manual_review_band,,0.14,0.28,,V2 locked policy,10,3,2.0,11985,7862.0,7862.0,1771,0.2951666666666667,680,763,228,336,1327,1.0,,,,,,,,,Manual-review cost changes with review_cost; binary cost is diagnostic only.,False,2.55,1.0
taiwan,validation,Taiwan recall candidate MR band,catboost_isotonic,manual_review_band,,0.125,0.215,,weakness closing prompt 2,2,1,0.1,3416,1485.8,1485.8,1798,0.2996666666666667,948,836,179,312,1327,4.0,,,,,,,,,Manual-review cost changes with review_cost; binary cost is diagnostic only.,False,3.325,3.0
taiwan,validation,Taiwan recall candidate MR band,catboost_isotonic,manual_review_band,,0.125,0.215,,weakness closing prompt 2,2,1,0.25,3416,1755.5,1755.5,1798,0.2996666666666667,948,836,179,312,1327,4.0,,,,,,,,,Manual-review cost changes with review_cost; binary cost is diagnostic only.,False,3.325,3.0
taiwan,validation,Taiwan recall candidate MR band,catboost_isotonic,manual_review_band,,0.125,0.215,,weakness closing prompt 2,2,1,0.5,3416,2205.0,2205.0,1798,0.2996666666666667,948,836,179,312,1327,7.0,,,,,,,,,Manual-review cost changes with review_cost; binary cost is diagnostic only.,False,3.325,3.0
taiwan,validation,Taiwan recall candidate MR band,catboost_isotonic,manual_review_band,,0.125,0.215,,weakness closing prompt 2,2,1,1.0,3416,3104.0,3104.0,1798,0.2996666666666667,948,836,179,312,1327,7.0,,,,,,,,,Manual-review cost changes with review_cost; binary cost is diagnostic only.,False,3.325,3.0
taiwan,validation,Taiwan recall candidate MR band,catboost_isotonic,manual_review_band,,0.125,0.215,,weakness closing prompt 2,2,1,2.0,3416,4902.0,4902.0,1798,0.2996666666666667,948,836,179,312,1327,7.0,,,,,,,,,Manual-review cost changes with review_cost; binary cost is diagnostic only.,False,3.325,3.0
taiwan,validation,Taiwan recall candidate MR band,catboost_isotonic,manual_review_band,,0.125,0.215,,weakness closing prompt 2,3,1,0.1,3907,1664.8,1664.8,1798,0.2996666666666667,948,836,179,312,1327,2.0,,,,,,,,,Manual-review cost changes with review_cost; binary cost is diagnostic only.,False,3.325,3.0
taiwan,validation,Taiwan recall candidate MR band,catboost_isotonic,manual_review_band,,0.125,0.215,,weakness closing prompt 2,3,1,0.25,3907,1934.5,1934.5,1798,0.2996666666666667,948,836,179,312,1327,2.0,,,,,,,,,Manual-review cost changes with review_cost; binary cost is diagnostic only.,False,3.325,3.0
taiwan,validation,Taiwan recall candidate MR band,catboost_isotonic,manual_review_band,,0.125,0.215,,weakness closing prompt 2,3,1,0.5,3907,2384.0,2384.0,1798,0.2996666666666667,948,836,179,312,1327,2.0,,,,,,,,,Manual-review cost changes with review_cost; binary cost is diagnostic only.,False,3.325,3.0
taiwan,validation,Taiwan recall candidate MR band,catboost_isotonic,manual_review_band,,0.125,0.215,,weakness closing prompt 2,3,1,1.0,3907,3283.0,3283.0,1798,0.2996666666666667,948,836,179,312,1327,7.0,,,,,,,,,Manual-review cost changes with review_cost; binary cost is diagnostic only.,False,3.325,3.0
taiwan,validation,Taiwan recall candidate MR band,catboost_isotonic,manual_review_band,,0.125,0.215,,weakness closing prompt 2,3,1,2.0,3907,5081.0,5081.0,1798,0.2996666666666667,948,836,179,312,1327,7.0,,,,,,,,,Manual-review cost changes with review_cost; binary cost is diagnostic only.,False,3.325,3.0
taiwan,validation,Taiwan recall candidate MR band,catboost_isotonic,manual_review_band,,0.125,0.215,,weakness closing prompt 2,5,1,0.1,4889,2022.8,2022.8,1798,0.2996666666666667,948,836,179,312,1327,2.0,,,,,,,,,Manual-review cost changes with review_cost; binary cost is diagnostic only.,False,3.325,3.0
taiwan,validation,Taiwan recall candidate MR band,catboost_isotonic,manual_review_band,,0.125,0.215,,weakness closing prompt 2,5,1,0.25,4889,2292.5,2292.5,1798,0.2996666666666667,948,836,179,312,1327,2.0,,,,,,,,,Manual-review cost changes with review_cost; binary cost is diagnostic only.,False,3.325,3.0
taiwan,validation,Taiwan recall candidate MR band,catboost_isotonic,manual_review_band,,0.125,0.215,,weakness closing prompt 2,5,1,0.5,4889,2742.0,2742.0,1798,0.2996666666666667,948,836,179,312,1327,2.0,,,,,,,,,Manual-review cost changes with review_cost; binary cost is diagnostic only.,False,3.325,3.0
taiwan,validation,Taiwan recall candidate MR band,catboost_isotonic,manual_review_band,,0.125,0.215,,weakness closing prompt 2,5,1,1.0,4889,3641.0,3641.0,1798,0.2996666666666667,948,836,179,312,1327,2.0,,,,,,,,,Manual-review cost changes with review_cost; binary cost is diagnostic only.,False,3.325,3.0
taiwan,validation,Taiwan recall candidate MR band,catboost_isotonic,manual_review_band,,0.125,0.215,,weakness closing prompt 2,5,1,2.0,4889,5439.0,5439.0,1798,0.2996666666666667,948,836,179,312,1327,5.0,,,,,,,,,Manual-review cost changes with review_cost; binary cost is diagnostic only.,False,3.325,3.0
taiwan,validation,Taiwan recall candidate MR band,catboost_isotonic,manual_review_band,,0.125,0.215,,weakness closing prompt 2,5,2,0.1,7323,2970.8,2970.8,1798,0.2996666666666667,948,836,179,312,1327,3.0,,,,,,,,,Manual-review cost changes with review_cost; binary cost is diagnostic only.,False,3.325,3.0
taiwan,validation,Taiwan recall candidate MR band,catboost_isotonic,manual_review_band,,0.125,0.215,,weakness closing prompt 2,5,2,0.25,7323,3240.5,3240.5,1798,0.2996666666666667,948,836,179,312,1327,3.0,,,,,,,,,Manual-review cost changes with review_cost; binary cost is diagnostic only.,False,3.325,3.0
taiwan,validation,Taiwan recall candidate MR band,catboost_isotonic,manual_review_band,,0.125,0.215,,weakness closing prompt 2,5,2,0.5,7323,3690.0,3690.0,1798,0.2996666666666667,948,836,179,312,1327,3.0,,,,,,,,,Manual-review cost changes with review_cost; binary cost is diagnostic only.,False,3.325,3.0
taiwan,validation,Taiwan recall candidate MR band,catboost_isotonic,manual_review_band,,0.125,0.215,,weakness closing prompt 2,5,2,1.0,7323,4589.0,4589.0,1798,0.2996666666666667,948,836,179,312,1327,4.0,,,,,,,,,Manual-review cost changes with review_cost; binary cost is diagnostic only.,False,3.325,3.0
taiwan,validation,Taiwan recall candidate MR band,catboost_isotonic,manual_review_band,,0.125,0.215,,weakness closing prompt 2,5,2,2.0,7323,6387.0,6387.0,1798,0.2996666666666667,948,836,179,312,1327,7.0,,,,,,,,,Manual-review cost changes with review_cost; binary cost is diagnostic only.,False,3.325,3.0
taiwan,validation,Taiwan recall candidate MR band,catboost_isotonic,manual_review_band,,0.125,0.215,,weakness closing prompt 2,5,3,0.1,9757,3918.8,3918.8,1798,0.2996666666666667,948,836,179,312,1327,4.0,,,,,,,,,Manual-review cost changes with review_cost; binary cost is diagnostic only.,False,3.325,3.0
taiwan,validation,Taiwan recall candidate MR band,catboost_isotonic,manual_review_band,,0.125,0.215,,weakness closing prompt 2,5,3,0.25,9757,4188.5,4188.5,1798,0.2996666666666667,948,836,179,312,1327,4.0,,,,,,,,,Manual-review cost changes with review_cost; binary cost is diagnostic only.,False,3.325,3.0
taiwan,validation,Taiwan recall candidate MR band,catboost_isotonic,manual_review_band,,0.125,0.215,,weakness closing prompt 2,5,3,0.5,9757,4638.0,4638.0,1798,0.2996666666666667,948,836,179,312,1327,4.0,,,,,,,,,Manual-review cost changes with review_cost; binary cost is diagnostic only.,False,3.325,3.0
taiwan,validation,Taiwan recall candidate MR band,catboost_isotonic,manual_review_band,,0.125,0.215,,weakness closing prompt 2,5,3,1.0,9757,5537.0,5537.0,1798,0.2996666666666667,948,836,179,312,1327,7.0,,,,,,,,,Manual-review cost changes with review_cost; binary cost is diagnostic only.,False,3.325,3.0
taiwan,validation,Taiwan recall candidate MR band,catboost_isotonic,manual_review_band,,0.125,0.215,,weakness closing prompt 2,5,3,2.0,9757,7335.0,7335.0,1798,0.2996666666666667,948,836,179,312,1327,7.0,,,,,,,,,Manual-review cost changes with review_cost; binary cost is diagnostic only.,False,3.325,3.0
taiwan,validation,Taiwan recall candidate MR band,catboost_isotonic,manual_review_band,,0.125,0.215,,weakness closing prompt 2,10,1,0.1,7344,2917.8,2917.8,1798,0.2996666666666667,948,836,179,312,1327,1.0,,,,,,,,,Manual-review cost changes with review_cost; binary cost is diagnostic only.,False,3.325,3.0
taiwan,validation,Taiwan recall candidate MR band,catboost_isotonic,manual_review_band,,0.125,0.215,,weakness closing prompt 2,10,1,0.25,7344,3187.5,3187.5,1798,0.2996666666666667,948,836,179,312,1327,1.0,,,,,,,,,Manual-review cost changes with review_cost; binary cost is diagnostic only.,False,3.325,3.0
taiwan,validation,Taiwan recall candidate MR band,catboost_isotonic,manual_review_band,,0.125,0.215,,weakness closing prompt 2,10,1,0.5,7344,3637.0,3637.0,1798,0.2996666666666667,948,836,179,312,1327,1.0,,,,,,,,,Manual-review cost changes with review_cost; binary cost is diagnostic only.,False,3.325,3.0
taiwan,validation,Taiwan recall candidate MR band,catboost_isotonic,manual_review_band,,0.125,0.215,,weakness closing prompt 2,10,1,1.0,7344,4536.0,4536.0,1798,0.2996666666666667,948,836,179,312,1327,1.0,,,,,,,,,Manual-review cost changes with review_cost; binary cost is diagnostic only.,False,3.325,3.0
taiwan,validation,Taiwan recall candidate MR band,catboost_isotonic,manual_review_band,,0.125,0.215,,weakness closing prompt 2,10,1,2.0,7344,6334.0,6334.0,1798,0.2996666666666667,948,836,179,312,1327,1.0,,,,,,,,,Manual-review cost changes with review_cost; binary cost is diagnostic only.,False,3.325,3.0
taiwan,validation,Taiwan recall candidate MR band,catboost_isotonic,manual_review_band,,0.125,0.215,,weakness closing prompt 2,10,2,0.1,9778,3865.8,3865.8,1798,0.2996666666666667,948,836,179,312,1327,2.0,,,,,,,,,Manual-review cost changes with review_cost; binary cost is diagnostic only.,False,3.325,3.0
taiwan,validation,Taiwan recall candidate MR band,catboost_isotonic,manual_review_band,,0.125,0.215,,weakness closing prompt 2,10,2,0.25,9778,4135.5,4135.5,1798,0.2996666666666667,948,836,179,312,1327,2.0,,,,,,,,,Manual-review cost changes with review_cost; binary cost is diagnostic only.,False,3.325,3.0
taiwan,validation,Taiwan recall candidate MR band,catboost_isotonic,manual_review_band,,0.125,0.215,,weakness closing prompt 2,10,2,0.5,9778,4585.0,4585.0,1798,0.2996666666666667,948,836,179,312,1327,2.0,,,,,,,,,Manual-review cost changes with review_cost; binary cost is diagnostic only.,False,3.325,3.0
taiwan,validation,Taiwan recall candidate MR band,catboost_isotonic,manual_review_band,,0.125,0.215,,weakness closing prompt 2,10,2,1.0,9778,5484.0,5484.0,1798,0.2996666666666667,948,836,179,312,1327,2.0,,,,,,,,,Manual-review cost changes with review_cost; binary cost is diagnostic only.,False,3.325,3.0
taiwan,validation,Taiwan recall candidate MR band,catboost_isotonic,manual_review_band,,0.125,0.215,,weakness closing prompt 2,10,2,2.0,9778,7282.0,7282.0,1798,0.2996666666666667,948,836,179,312,1327,2.0,,,,,,,,,Manual-review cost changes with review_cost; binary cost is diagnostic only.,False,3.325,3.0
taiwan,validation,Taiwan recall candidate MR band,catboost_isotonic,manual_review_band,,0.125,0.215,,weakness closing prompt 2,10,3,0.1,12212,4813.8,4813.8,1798,0.2996666666666667,948,836,179,312,1327,2.0,,,,,,,,,Manual-review cost changes with review_cost; binary cost is diagnostic only.,False,3.325,3.0
taiwan,validation,Taiwan recall candidate MR band,catboost_isotonic,manual_review_band,,0.125,0.215,,weakness closing prompt 2,10,3,0.25,12212,5083.5,5083.5,1798,0.2996666666666667,948,836,179,312,1327,2.0,,,,,,,,,Manual-review cost changes with review_cost; binary cost is diagnostic only.,False,3.325,3.0
taiwan,validation,Taiwan recall candidate MR band,catboost_isotonic,manual_review_band,,0.125,0.215,,weakness closing prompt 2,10,3,0.5,12212,5533.0,5533.0,1798,0.2996666666666667,948,836,179,312,1327,2.0,,,,,,,,,Manual-review cost changes with review_cost; binary cost is diagnostic only.,False,3.325,3.0
taiwan,validation,Taiwan recall candidate MR band,catboost_isotonic,manual_review_band,,0.125,0.215,,weakness closing prompt 2,10,3,1.0,12212,6432.0,6432.0,1798,0.2996666666666667,948,836,179,312,1327,2.0,,,,,,,,,Manual-review cost changes with review_cost; binary cost is diagnostic only.,False,3.325,3.0
taiwan,validation,Taiwan recall candidate MR band,catboost_isotonic,manual_review_band,,0.125,0.215,,weakness closing prompt 2,10,3,2.0,12212,8230.0,8230.0,1798,0.2996666666666667,948,836,179,312,1327,2.0,,,,,,,,,Manual-review cost changes with review_cost; binary cost is diagnostic only.,False,3.325,3.0
taiwan,locked_test,Taiwan recall candidate MR band,catboost_isotonic,manual_review_band,,0.125,0.215,,weakness closing prompt 2,2,1,0.1,3403,1489.2,1489.2,1772,0.29533333333333334,976,840,168,319,1327,4.0,,,,,,,,,Manual-review cost changes with review_cost; binary cost is diagnostic only.,False,3.075,3.0
taiwan,locked_test,Taiwan recall candidate MR band,catboost_isotonic,manual_review_band,,0.125,0.215,,weakness closing prompt 2,2,1,0.25,3403,1755.0,1755.0,1772,0.29533333333333334,976,840,168,319,1327,4.0,,,,,,,,,Manual-review cost changes with review_cost; binary cost is diagnostic only.,False,3.075,3.0
taiwan,locked_test,Taiwan recall candidate MR band,catboost_isotonic,manual_review_band,,0.125,0.215,,weakness closing prompt 2,2,1,0.5,3403,2198.0,2198.0,1772,0.29533333333333334,976,840,168,319,1327,7.0,,,,,,,,,Manual-review cost changes with review_cost; binary cost is diagnostic only.,False,3.075,3.0
taiwan,locked_test,Taiwan recall candidate MR band,catboost_isotonic,manual_review_band,,0.125,0.215,,weakness closing prompt 2,2,1,1.0,3403,3084.0,3084.0,1772,0.29533333333333334,976,840,168,319,1327,7.0,,,,,,,,,Manual-review cost changes with review_cost; binary cost is diagnostic only.,False,3.075,3.0
taiwan,locked_test,Taiwan recall candidate MR band,catboost_isotonic,manual_review_band,,0.125,0.215,,weakness closing prompt 2,2,1,2.0,3403,4856.0,4856.0,1772,0.29533333333333334,976,840,168,319,1327,7.0,,,,,,,,,Manual-review cost changes with review_cost; binary cost is diagnostic only.,False,3.075,3.0
taiwan,locked_test,Taiwan recall candidate MR band,catboost_isotonic,manual_review_band,,0.125,0.215,,weakness closing prompt 2,3,1,0.1,3890,1657.2,1657.2,1772,0.29533333333333334,976,840,168,319,1327,2.0,,,,,,,,,Manual-review cost changes with review_cost; binary cost is diagnostic only.,False,3.075,3.0
taiwan,locked_test,Taiwan recall candidate MR band,catboost_isotonic,manual_review_band,,0.125,0.215,,weakness closing prompt 2,3,1,0.25,3890,1923.0,1923.0,1772,0.29533333333333334,976,840,168,319,1327,2.0,,,,,,,,,Manual-review cost changes with review_cost; binary cost is diagnostic only.,False,3.075,3.0
taiwan,locked_test,Taiwan recall candidate MR band,catboost_isotonic,manual_review_band,,0.125,0.215,,weakness closing prompt 2,3,1,0.5,3890,2366.0,2366.0,1772,0.29533333333333334,976,840,168,319,1327,2.0,,,,,,,,,Manual-review cost changes with review_cost; binary cost is diagnostic only.,False,3.075,3.0
taiwan,locked_test,Taiwan recall candidate MR band,catboost_isotonic,manual_review_band,,0.125,0.215,,weakness closing prompt 2,3,1,1.0,3890,3252.0,3252.0,1772,0.29533333333333334,976,840,168,319,1327,7.0,,,,,,,,,Manual-review cost changes with review_cost; binary cost is diagnostic only.,False,3.075,3.0
taiwan,locked_test,Taiwan recall candidate MR band,catboost_isotonic,manual_review_band,,0.125,0.215,,weakness closing prompt 2,3,1,2.0,3890,5024.0,5024.0,1772,0.29533333333333334,976,840,168,319,1327,7.0,,,,,,,,,Manual-review cost changes with review_cost; binary cost is diagnostic only.,False,3.075,3.0
taiwan,locked_test,Taiwan recall candidate MR band,catboost_isotonic,manual_review_band,,0.125,0.215,,weakness closing prompt 2,5,1,0.1,4864,1993.2,1993.2,1772,0.29533333333333334,976,840,168,319,1327,1.0,,,,,,,,,Manual-review cost changes with review_cost; binary cost is diagnostic only.,False,3.075,3.0
taiwan,locked_test,Taiwan recall candidate MR band,catboost_isotonic,manual_review_band,,0.125,0.215,,weakness closing prompt 2,5,1,0.25,4864,2259.0,2259.0,1772,0.29533333333333334,976,840,168,319,1327,1.0,,,,,,,,,Manual-review cost changes with review_cost; binary cost is diagnostic only.,False,3.075,3.0
taiwan,locked_test,Taiwan recall candidate MR band,catboost_isotonic,manual_review_band,,0.125,0.215,,weakness closing prompt 2,5,1,0.5,4864,2702.0,2702.0,1772,0.29533333333333334,976,840,168,319,1327,1.0,,,,,,,,,Manual-review cost changes with review_cost; binary cost is diagnostic only.,False,3.075,3.0
taiwan,locked_test,Taiwan recall candidate MR band,catboost_isotonic,manual_review_band,,0.125,0.215,,weakness closing prompt 2,5,1,1.0,4864,3588.0,3588.0,1772,0.29533333333333334,976,840,168,319,1327,1.0,,,,,,,,,Manual-review cost changes with review_cost; binary cost is diagnostic only.,False,3.075,3.0
taiwan,locked_test,Taiwan recall candidate MR band,catboost_isotonic,manual_review_band,,0.125,0.215,,weakness closing prompt 2,5,1,2.0,4864,5360.0,5360.0,1772,0.29533333333333334,976,840,168,319,1327,4.0,,,,,,,,,Manual-review cost changes with review_cost; binary cost is diagnostic only.,False,3.075,3.0
taiwan,locked_test,Taiwan recall candidate MR band,catboost_isotonic,manual_review_band,,0.125,0.215,,weakness closing prompt 2,5,2,0.1,7293,2969.2,2969.2,1772,0.29533333333333334,976,840,168,319,1327,3.0,,,,,,,,,Manual-review cost changes with review_cost; binary cost is diagnostic only.,False,3.075,3.0
taiwan,locked_test,Taiwan recall candidate MR band,catboost_isotonic,manual_review_band,,0.125,0.215,,weakness closing prompt 2,5,2,0.25,7293,3235.0,3235.0,1772,0.29533333333333334,976,840,168,319,1327,3.0,,,,,,,,,Manual-review cost changes with review_cost; binary cost is diagnostic only.,False,3.075,3.0
taiwan,locked_test,Taiwan recall candidate MR band,catboost_isotonic,manual_review_band,,0.125,0.215,,weakness closing prompt 2,5,2,0.5,7293,3678.0,3678.0,1772,0.29533333333333334,976,840,168,319,1327,3.0,,,,,,,,,Manual-review cost changes with review_cost; binary cost is diagnostic only.,False,3.075,3.0
taiwan,locked_test,Taiwan recall candidate MR band,catboost_isotonic,manual_review_band,,0.125,0.215,,weakness closing prompt 2,5,2,1.0,7293,4564.0,4564.0,1772,0.29533333333333334,976,840,168,319,1327,4.0,,,,,,,,,Manual-review cost changes with review_cost; binary cost is diagnostic only.,False,3.075,3.0
taiwan,locked_test,Taiwan recall candidate MR band,catboost_isotonic,manual_review_band,,0.125,0.215,,weakness closing prompt 2,5,2,2.0,7293,6336.0,6336.0,1772,0.29533333333333334,976,840,168,319,1327,7.0,,,,,,,,,Manual-review cost changes with review_cost; binary cost is diagnostic only.,False,3.075,3.0
taiwan,locked_test,Taiwan recall candidate MR band,catboost_isotonic,manual_review_band,,0.125,0.215,,weakness closing prompt 2,5,3,0.1,9722,3945.2,3945.2,1772,0.29533333333333334,976,840,168,319,1327,4.0,,,,,,,,,Manual-review cost changes with review_cost; binary cost is diagnostic only.,False,3.075,3.0
taiwan,locked_test,Taiwan recall candidate MR band,catboost_isotonic,manual_review_band,,0.125,0.215,,weakness closing prompt 2,5,3,0.25,9722,4211.0,4211.0,1772,0.29533333333333334,976,840,168,319,1327,4.0,,,,,,,,,Manual-review cost changes with review_cost; binary cost is diagnostic only.,False,3.075,3.0
taiwan,locked_test,Taiwan recall candidate MR band,catboost_isotonic,manual_review_band,,0.125,0.215,,weakness closing prompt 2,5,3,0.5,9722,4654.0,4654.0,1772,0.29533333333333334,976,840,168,319,1327,4.0,,,,,,,,,Manual-review cost changes with review_cost; binary cost is diagnostic only.,False,3.075,3.0
taiwan,locked_test,Taiwan recall candidate MR band,catboost_isotonic,manual_review_band,,0.125,0.215,,weakness closing prompt 2,5,3,1.0,9722,5540.0,5540.0,1772,0.29533333333333334,976,840,168,319,1327,7.0,,,,,,,,,Manual-review cost changes with review_cost; binary cost is diagnostic only.,False,3.075,3.0
taiwan,locked_test,Taiwan recall candidate MR band,catboost_isotonic,manual_review_band,,0.125,0.215,,weakness closing prompt 2,5,3,2.0,9722,7312.0,7312.0,1772,0.29533333333333334,976,840,168,319,1327,7.0,,,,,,,,,Manual-review cost changes with review_cost; binary cost is diagnostic only.,False,3.075,3.0
taiwan,locked_test,Taiwan recall candidate MR band,catboost_isotonic,manual_review_band,,0.125,0.215,,weakness closing prompt 2,10,1,0.1,7299,2833.2,2833.2,1772,0.29533333333333334,976,840,168,319,1327,1.0,,,,,,,,,Manual-review cost changes with review_cost; binary cost is diagnostic only.,False,3.075,3.0
taiwan,locked_test,Taiwan recall candidate MR band,catboost_isotonic,manual_review_band,,0.125,0.215,,weakness closing prompt 2,10,1,0.25,7299,3099.0,3099.0,1772,0.29533333333333334,976,840,168,319,1327,1.0,,,,,,,,,Manual-review cost changes with review_cost; binary cost is diagnostic only.,False,3.075,3.0
taiwan,locked_test,Taiwan recall candidate MR band,catboost_isotonic,manual_review_band,,0.125,0.215,,weakness closing prompt 2,10,1,0.5,7299,3542.0,3542.0,1772,0.29533333333333334,976,840,168,319,1327,1.0,,,,,,,,,Manual-review cost changes with review_cost; binary cost is diagnostic only.,False,3.075,3.0
taiwan,locked_test,Taiwan recall candidate MR band,catboost_isotonic,manual_review_band,,0.125,0.215,,weakness closing prompt 2,10,1,1.0,7299,4428.0,4428.0,1772,0.29533333333333334,976,840,168,319,1327,1.0,,,,,,,,,Manual-review cost changes with review_cost; binary cost is diagnostic only.,False,3.075,3.0
taiwan,locked_test,Taiwan recall candidate MR band,catboost_isotonic,manual_review_band,,0.125,0.215,,weakness closing prompt 2,10,1,2.0,7299,6200.0,6200.0,1772,0.29533333333333334,976,840,168,319,1327,1.0,,,,,,,,,Manual-review cost changes with review_cost; binary cost is diagnostic only.,False,3.075,3.0
taiwan,locked_test,Taiwan recall candidate MR band,catboost_isotonic,manual_review_band,,0.125,0.215,,weakness closing prompt 2,10,2,0.1,9728,3809.2,3809.2,1772,0.29533333333333334,976,840,168,319,1327,1.0,,,,,,,,,Manual-review cost changes with review_cost; binary cost is diagnostic only.,False,3.075,3.0
taiwan,locked_test,Taiwan recall candidate MR band,catboost_isotonic,manual_review_band,,0.125,0.215,,weakness closing prompt 2,10,2,0.25,9728,4075.0,4075.0,1772,0.29533333333333334,976,840,168,319,1327,1.0,,,,,,,,,Manual-review cost changes with review_cost; binary cost is diagnostic only.,False,3.075,3.0
taiwan,locked_test,Taiwan recall candidate MR band,catboost_isotonic,manual_review_band,,0.125,0.215,,weakness closing prompt 2,10,2,0.5,9728,4518.0,4518.0,1772,0.29533333333333334,976,840,168,319,1327,1.0,,,,,,,,,Manual-review cost changes with review_cost; binary cost is diagnostic only.,False,3.075,3.0
taiwan,locked_test,Taiwan recall candidate MR band,catboost_isotonic,manual_review_band,,0.125,0.215,,weakness closing prompt 2,10,2,1.0,9728,5404.0,5404.0,1772,0.29533333333333334,976,840,168,319,1327,1.0,,,,,,,,,Manual-review cost changes with review_cost; binary cost is diagnostic only.,False,3.075,3.0
taiwan,locked_test,Taiwan recall candidate MR band,catboost_isotonic,manual_review_band,,0.125,0.215,,weakness closing prompt 2,10,2,2.0,9728,7176.0,7176.0,1772,0.29533333333333334,976,840,168,319,1327,1.0,,,,,,,,,Manual-review cost changes with review_cost; binary cost is diagnostic only.,False,3.075,3.0
taiwan,locked_test,Taiwan recall candidate MR band,catboost_isotonic,manual_review_band,,0.125,0.215,,weakness closing prompt 2,10,3,0.1,12157,4785.2,4785.2,1772,0.29533333333333334,976,840,168,319,1327,2.0,,,,,,,,,Manual-review cost changes with review_cost; binary cost is diagnostic only.,False,3.075,3.0
taiwan,locked_test,Taiwan recall candidate MR band,catboost_isotonic,manual_review_band,,0.125,0.215,,weakness closing prompt 2,10,3,0.25,12157,5051.0,5051.0,1772,0.29533333333333334,976,840,168,319,1327,2.0,,,,,,,,,Manual-review cost changes with review_cost; binary cost is diagnostic only.,False,3.075,3.0
taiwan,locked_test,Taiwan recall candidate MR band,catboost_isotonic,manual_review_band,,0.125,0.215,,weakness closing prompt 2,10,3,0.5,12157,5494.0,5494.0,1772,0.29533333333333334,976,840,168,319,1327,2.0,,,,,,,,,Manual-review cost changes with review_cost; binary cost is diagnostic only.,False,3.075,3.0
taiwan,locked_test,Taiwan recall candidate MR band,catboost_isotonic,manual_review_band,,0.125,0.215,,weakness closing prompt 2,10,3,1.0,12157,6380.0,6380.0,1772,0.29533333333333334,976,840,168,319,1327,2.0,,,,,,,,,Manual-review cost changes with review_cost; binary cost is diagnostic only.,False,3.075,3.0
taiwan,locked_test,Taiwan recall candidate MR band,catboost_isotonic,manual_review_band,,0.125,0.215,,weakness closing prompt 2,10,3,2.0,12157,8152.0,8152.0,1772,0.29533333333333334,976,840,168,319,1327,2.0,,,,,,,,,Manual-review cost changes with review_cost; binary cost is diagnostic only.,False,3.075,3.0
taiwan,validation,Taiwan capacity SCRE top20,SCRE-Optimized ranking,top_k_review,,,,0.2,weakness closing prompt 3,2,1,0.1,3152,1370.0,1370.0,1200,0.2,0,0,625,702,1327,3.0,,,,,,,,,Manual-review cost changes with review_cost; binary cost is diagnostic only.,False,3.7,4.0
taiwan,validation,Taiwan capacity SCRE top20,SCRE-Optimized ranking,top_k_review,,,,0.2,weakness closing prompt 3,2,1,0.25,3152,1550.0,1550.0,1200,0.2,0,0,625,702,1327,2.0,,,,,,,,,Manual-review cost changes with review_cost; binary cost is diagnostic only.,False,3.7,4.0
taiwan,validation,Taiwan capacity SCRE top20,SCRE-Optimized ranking,top_k_review,,,,0.2,weakness closing prompt 3,2,1,0.5,3152,1850.0,1850.0,1200,0.2,0,0,625,702,1327,2.0,,,,,,,,,Manual-review cost changes with review_cost; binary cost is diagnostic only.,False,3.7,4.0
taiwan,validation,Taiwan capacity SCRE top20,SCRE-Optimized ranking,top_k_review,,,,0.2,weakness closing prompt 3,2,1,1.0,3152,2450.0,2450.0,1200,0.2,0,0,625,702,1327,4.0,,,,,,,,,Manual-review cost changes with review_cost; binary cost is diagnostic only.,False,3.7,4.0
taiwan,validation,Taiwan capacity SCRE top20,SCRE-Optimized ranking,top_k_review,,,,0.2,weakness closing prompt 3,2,1,2.0,3152,3650.0,3650.0,1200,0.2,0,0,625,702,1327,4.0,,,,,,,,,Manual-review cost changes with review_cost; binary cost is diagnostic only.,False,3.7,4.0
taiwan,validation,Taiwan capacity SCRE top20,SCRE-Optimized ranking,top_k_review,,,,0.2,weakness closing prompt 3,3,1,0.1,4479,1995.0,1995.0,1200,0.2,0,0,625,702,1327,4.0,,,,,,,,,Manual-review cost changes with review_cost; binary cost is diagnostic only.,False,3.7,4.0
taiwan,validation,Taiwan capacity SCRE top20,SCRE-Optimized ranking,top_k_review,,,,0.2,weakness closing prompt 3,3,1,0.25,4479,2175.0,2175.0,1200,0.2,0,0,625,702,1327,4.0,,,,,,,,,Manual-review cost changes with review_cost; binary cost is diagnostic only.,False,3.7,4.0
taiwan,validation,Taiwan capacity SCRE top20,SCRE-Optimized ranking,top_k_review,,,,0.2,weakness closing prompt 3,3,1,0.5,4479,2475.0,2475.0,1200,0.2,0,0,625,702,1327,4.0,,,,,,,,,Manual-review cost changes with review_cost; binary cost is diagnostic only.,False,3.7,4.0
taiwan,validation,Taiwan capacity SCRE top20,SCRE-Optimized ranking,top_k_review,,,,0.2,weakness closing prompt 3,3,1,1.0,4479,3075.0,3075.0,1200,0.2,0,0,625,702,1327,4.0,,,,,,,,,Manual-review cost changes with review_cost; binary cost is diagnostic only.,False,3.7,4.0
taiwan,validation,Taiwan capacity SCRE top20,SCRE-Optimized ranking,top_k_review,,,,0.2,weakness closing prompt 3,3,1,2.0,4479,4275.0,4275.0,1200,0.2,0,0,625,702,1327,4.0,,,,,,,,,Manual-review cost changes with review_cost; binary cost is diagnostic only.,False,3.7,4.0
taiwan,validation,Taiwan capacity SCRE top20,SCRE-Optimized ranking,top_k_review,,,,0.2,weakness closing prompt 3,5,1,0.1,7133,3245.0,3245.0,1200,0.2,0,0,625,702,1327,4.0,,,,,,,,,Manual-review cost changes with review_cost; binary cost is diagnostic only.,False,3.7,4.0
taiwan,validation,Taiwan capacity SCRE top20,SCRE-Optimized ranking,top_k_review,,,,0.2,weakness closing prompt 3,5,1,0.25,7133,3425.0,3425.0,1200,0.2,0,0,625,702,1327,4.0,,,,,,,,,Manual-review cost changes with review_cost; binary cost is diagnostic only.,False,3.7,4.0
taiwan,validation,Taiwan capacity SCRE top20,SCRE-Optimized ranking,top_k_review,,,,0.2,weakness closing prompt 3,5,1,0.5,7133,3725.0,3725.0,1200,0.2,0,0,625,702,1327,4.0,,,,,,,,,Manual-review cost changes with review_cost; binary cost is diagnostic only.,False,3.7,4.0
taiwan,validation,Taiwan capacity SCRE top20,SCRE-Optimized ranking,top_k_review,,,,0.2,weakness closing prompt 3,5,1,1.0,7133,4325.0,4325.0,1200,0.2,0,0,625,702,1327,4.0,,,,,,,,,Manual-review cost changes with review_cost; binary cost is diagnostic only.,False,3.7,4.0
taiwan,validation,Taiwan capacity SCRE top20,SCRE-Optimized ranking,top_k_review,,,,0.2,weakness closing prompt 3,5,1,2.0,7133,5525.0,5525.0,1200,0.2,0,0,625,702,1327,6.0,,,,,,,,,Manual-review cost changes with review_cost; binary cost is diagnostic only.,False,3.7,4.0
taiwan,validation,Taiwan capacity SCRE top20,SCRE-Optimized ranking,top_k_review,,,,0.2,weakness closing prompt 3,5,2,0.1,7631,3245.0,3245.0,1200,0.2,0,0,625,702,1327,4.0,,,,,,,,,Manual-review cost changes with review_cost; binary cost is diagnostic only.,False,3.7,4.0
taiwan,validation,Taiwan capacity SCRE top20,SCRE-Optimized ranking,top_k_review,,,,0.2,weakness closing prompt 3,5,2,0.25,7631,3425.0,3425.0,1200,0.2,0,0,625,702,1327,4.0,,,,,,,,,Manual-review cost changes with review_cost; binary cost is diagnostic only.,False,3.7,4.0
taiwan,validation,Taiwan capacity SCRE top20,SCRE-Optimized ranking,top_k_review,,,,0.2,weakness closing prompt 3,5,2,0.5,7631,3725.0,3725.0,1200,0.2,0,0,625,702,1327,4.0,,,,,,,,,Manual-review cost changes with review_cost; binary cost is diagnostic only.,False,3.7,4.0
taiwan,validation,Taiwan capacity SCRE top20,SCRE-Optimized ranking,top_k_review,,,,0.2,weakness closing prompt 3,5,2,1.0,7631,4325.0,4325.0,1200,0.2,0,0,625,702,1327,3.0,,,,,,,,,Manual-review cost changes with review_cost; binary cost is diagnostic only.,False,3.7,4.0
taiwan,validation,Taiwan capacity SCRE top20,SCRE-Optimized ranking,top_k_review,,,,0.2,weakness closing prompt 3,5,2,2.0,7631,5525.0,5525.0,1200,0.2,0,0,625,702,1327,4.0,,,,,,,,,Manual-review cost changes with review_cost; binary cost is diagnostic only.,False,3.7,4.0
taiwan,validation,Taiwan capacity SCRE top20,SCRE-Optimized ranking,top_k_review,,,,0.2,weakness closing prompt 3,5,3,0.1,8129,3245.0,3245.0,1200,0.2,0,0,625,702,1327,2.0,,,,,,,,,Manual-review cost changes with review_cost; binary cost is diagnostic only.,False,3.7,4.0
taiwan,validation,Taiwan capacity SCRE top20,SCRE-Optimized ranking,top_k_review,,,,0.2,weakness closing prompt 3,5,3,0.25,8129,3425.0,3425.0,1200,0.2,0,0,625,702,1327,2.0,,,,,,,,,Manual-review cost changes with review_cost; binary cost is diagnostic only.,False,3.7,4.0
taiwan,validation,Taiwan capacity SCRE top20,SCRE-Optimized ranking,top_k_review,,,,0.2,weakness closing prompt 3,5,3,0.5,8129,3725.0,3725.0,1200,0.2,0,0,625,702,1327,2.0,,,,,,,,,Manual-review cost changes with review_cost; binary cost is diagnostic only.,False,3.7,4.0
taiwan,validation,Taiwan capacity SCRE top20,SCRE-Optimized ranking,top_k_review,,,,0.2,weakness closing prompt 3,5,3,1.0,8129,4325.0,4325.0,1200,0.2,0,0,625,702,1327,2.0,,,,,,,,,Manual-review cost changes with review_cost; binary cost is diagnostic only.,False,3.7,4.0
taiwan,validation,Taiwan capacity SCRE top20,SCRE-Optimized ranking,top_k_review,,,,0.2,weakness closing prompt 3,5,3,2.0,8129,5525.0,5525.0,1200,0.2,0,0,625,702,1327,4.0,,,,,,,,,Manual-review cost changes with review_cost; binary cost is diagnostic only.,False,3.7,4.0
taiwan,validation,Taiwan capacity SCRE top20,SCRE-Optimized ranking,top_k_review,,,,0.2,weakness closing prompt 3,10,1,0.1,13768,6370.0,6370.0,1200,0.2,0,0,625,702,1327,4.0,,,,,,,,,Manual-review cost changes with review_cost; binary cost is diagnostic only.,False,3.7,4.0
taiwan,validation,Taiwan capacity SCRE top20,SCRE-Optimized ranking,top_k_review,,,,0.2,weakness closing prompt 3,10,1,0.25,13768,6550.0,6550.0,1200,0.2,0,0,625,702,1327,4.0,,,,,,,,,Manual-review cost changes with review_cost; binary cost is diagnostic only.,False,3.7,4.0
taiwan,validation,Taiwan capacity SCRE top20,SCRE-Optimized ranking,top_k_review,,,,0.2,weakness closing prompt 3,10,1,0.5,13768,6850.0,6850.0,1200,0.2,0,0,625,702,1327,4.0,,,,,,,,,Manual-review cost changes with review_cost; binary cost is diagnostic only.,False,3.7,4.0
taiwan,validation,Taiwan capacity SCRE top20,SCRE-Optimized ranking,top_k_review,,,,0.2,weakness closing prompt 3,10,1,1.0,13768,7450.0,7450.0,1200,0.2,0,0,625,702,1327,4.0,,,,,,,,,Manual-review cost changes with review_cost; binary cost is diagnostic only.,False,3.7,4.0
taiwan,validation,Taiwan capacity SCRE top20,SCRE-Optimized ranking,top_k_review,,,,0.2,weakness closing prompt 3,10,1,2.0,13768,8650.0,8650.0,1200,0.2,0,0,625,702,1327,4.0,,,,,,,,,Manual-review cost changes with review_cost; binary cost is diagnostic only.,False,3.7,4.0
taiwan,validation,Taiwan capacity SCRE top20,SCRE-Optimized ranking,top_k_review,,,,0.2,weakness closing prompt 3,10,2,0.1,14266,6370.0,6370.0,1200,0.2,0,0,625,702,1327,4.0,,,,,,,,,Manual-review cost changes with review_cost; binary cost is diagnostic only.,False,3.7,4.0
taiwan,validation,Taiwan capacity SCRE top20,SCRE-Optimized ranking,top_k_review,,,,0.2,weakness closing prompt 3,10,2,0.25,14266,6550.0,6550.0,1200,0.2,0,0,625,702,1327,4.0,,,,,,,,,Manual-review cost changes with review_cost; binary cost is diagnostic only.,False,3.7,4.0
taiwan,validation,Taiwan capacity SCRE top20,SCRE-Optimized ranking,top_k_review,,,,0.2,weakness closing prompt 3,10,2,0.5,14266,6850.0,6850.0,1200,0.2,0,0,625,702,1327,4.0,,,,,,,,,Manual-review cost changes with review_cost; binary cost is diagnostic only.,False,3.7,4.0
taiwan,validation,Taiwan capacity SCRE top20,SCRE-Optimized ranking,top_k_review,,,,0.2,weakness closing prompt 3,10,2,1.0,14266,7450.0,7450.0,1200,0.2,0,0,625,702,1327,4.0,,,,,,,,,Manual-review cost changes with review_cost; binary cost is diagnostic only.,False,3.7,4.0
taiwan,validation,Taiwan capacity SCRE top20,SCRE-Optimized ranking,top_k_review,,,,0.2,weakness closing prompt 3,10,2,2.0,14266,8650.0,8650.0,1200,0.2,0,0,625,702,1327,4.0,,,,,,,,,Manual-review cost changes with review_cost; binary cost is diagnostic only.,False,3.7,4.0
taiwan,validation,Taiwan capacity SCRE top20,SCRE-Optimized ranking,top_k_review,,,,0.2,weakness closing prompt 3,10,3,0.1,14764,6370.0,6370.0,1200,0.2,0,0,625,702,1327,4.0,,,,,,,,,Manual-review cost changes with review_cost; binary cost is diagnostic only.,False,3.7,4.0
taiwan,validation,Taiwan capacity SCRE top20,SCRE-Optimized ranking,top_k_review,,,,0.2,weakness closing prompt 3,10,3,0.25,14764,6550.0,6550.0,1200,0.2,0,0,625,702,1327,4.0,,,,,,,,,Manual-review cost changes with review_cost; binary cost is diagnostic only.,False,3.7,4.0
taiwan,validation,Taiwan capacity SCRE top20,SCRE-Optimized ranking,top_k_review,,,,0.2,weakness closing prompt 3,10,3,0.5,14764,6850.0,6850.0,1200,0.2,0,0,625,702,1327,4.0,,,,,,,,,Manual-review cost changes with review_cost; binary cost is diagnostic only.,False,3.7,4.0
taiwan,validation,Taiwan capacity SCRE top20,SCRE-Optimized ranking,top_k_review,,,,0.2,weakness closing prompt 3,10,3,1.0,14764,7450.0,7450.0,1200,0.2,0,0,625,702,1327,4.0,,,,,,,,,Manual-review cost changes with review_cost; binary cost is diagnostic only.,False,3.7,4.0
taiwan,validation,Taiwan capacity SCRE top20,SCRE-Optimized ranking,top_k_review,,,,0.2,weakness closing prompt 3,10,3,2.0,14764,8650.0,8650.0,1200,0.2,0,0,625,702,1327,4.0,,,,,,,,,Manual-review cost changes with review_cost; binary cost is diagnostic only.,False,3.7,4.0
taiwan,locked_test,Taiwan capacity SCRE top20,SCRE-Optimized ranking,top_k_review,,,,0.2,weakness closing prompt 3,2,1,0.1,3174,1414.0,1414.0,1200,0.2,0,0,647,680,1327,3.0,,,,,,,,,Manual-review cost changes with review_cost; binary cost is diagnostic only.,False,3.825,4.0
taiwan,locked_test,Taiwan capacity SCRE top20,SCRE-Optimized ranking,top_k_review,,,,0.2,weakness closing prompt 3,2,1,0.25,3174,1594.0,1594.0,1200,0.2,0,0,647,680,1327,3.0,,,,,,,,,Manual-review cost changes with review_cost; binary cost is diagnostic only.,False,3.825,4.0
taiwan,locked_test,Taiwan capacity SCRE top20,SCRE-Optimized ranking,top_k_review,,,,0.2,weakness closing prompt 3,2,1,0.5,3174,1894.0,1894.0,1200,0.2,0,0,647,680,1327,2.0,,,,,,,,,Manual-review cost changes with review_cost; binary cost is diagnostic only.,False,3.825,4.0
taiwan,locked_test,Taiwan capacity SCRE top20,SCRE-Optimized ranking,top_k_review,,,,0.2,weakness closing prompt 3,2,1,1.0,3174,2494.0,2494.0,1200,0.2,0,0,647,680,1327,4.0,,,,,,,,,Manual-review cost changes with review_cost; binary cost is diagnostic only.,False,3.825,4.0
taiwan,locked_test,Taiwan capacity SCRE top20,SCRE-Optimized ranking,top_k_review,,,,0.2,weakness closing prompt 3,2,1,2.0,3174,3694.0,3694.0,1200,0.2,0,0,647,680,1327,4.0,,,,,,,,,Manual-review cost changes with review_cost; binary cost is diagnostic only.,False,3.825,4.0
taiwan,locked_test,Taiwan capacity SCRE top20,SCRE-Optimized ranking,top_k_review,,,,0.2,weakness closing prompt 3,3,1,0.1,4501,2061.0,2061.0,1200,0.2,0,0,647,680,1327,4.0,,,,,,,,,Manual-review cost changes with review_cost; binary cost is diagnostic only.,False,3.825,4.0
taiwan,locked_test,Taiwan capacity SCRE top20,SCRE-Optimized ranking,top_k_review,,,,0.2,weakness closing prompt 3,3,1,0.25,4501,2241.0,2241.0,1200,0.2,0,0,647,680,1327,4.0,,,,,,,,,Manual-review cost changes with review_cost; binary cost is diagnostic only.,False,3.825,4.0
taiwan,locked_test,Taiwan capacity SCRE top20,SCRE-Optimized ranking,top_k_review,,,,0.2,weakness closing prompt 3,3,1,0.5,4501,2541.0,2541.0,1200,0.2,0,0,647,680,1327,4.0,,,,,,,,,Manual-review cost changes with review_cost; binary cost is diagnostic only.,False,3.825,4.0
taiwan,locked_test,Taiwan capacity SCRE top20,SCRE-Optimized ranking,top_k_review,,,,0.2,weakness closing prompt 3,3,1,1.0,4501,3141.0,3141.0,1200,0.2,0,0,647,680,1327,5.0,,,,,,,,,Manual-review cost changes with review_cost; binary cost is diagnostic only.,False,3.825,4.0
taiwan,locked_test,Taiwan capacity SCRE top20,SCRE-Optimized ranking,top_k_review,,,,0.2,weakness closing prompt 3,3,1,2.0,4501,4341.0,4341.0,1200,0.2,0,0,647,680,1327,4.0,,,,,,,,,Manual-review cost changes with review_cost; binary cost is diagnostic only.,False,3.825,4.0
taiwan,locked_test,Taiwan capacity SCRE top20,SCRE-Optimized ranking,top_k_review,,,,0.2,weakness closing prompt 3,5,1,0.1,7155,3355.0,3355.0,1200,0.2,0,0,647,680,1327,4.0,,,,,,,,,Manual-review cost changes with review_cost; binary cost is diagnostic only.,False,3.825,4.0
taiwan,locked_test,Taiwan capacity SCRE top20,SCRE-Optimized ranking,top_k_review,,,,0.2,weakness closing prompt 3,5,1,0.25,7155,3535.0,3535.0,1200,0.2,0,0,647,680,1327,4.0,,,,,,,,,Manual-review cost changes with review_cost; binary cost is diagnostic only.,False,3.825,4.0
taiwan,locked_test,Taiwan capacity SCRE top20,SCRE-Optimized ranking,top_k_review,,,,0.2,weakness closing prompt 3,5,1,0.5,7155,3835.0,3835.0,1200,0.2,0,0,647,680,1327,4.0,,,,,,,,,Manual-review cost changes with review_cost; binary cost is diagnostic only.,False,3.825,4.0
taiwan,locked_test,Taiwan capacity SCRE top20,SCRE-Optimized ranking,top_k_review,,,,0.2,weakness closing prompt 3,5,1,1.0,7155,4435.0,4435.0,1200,0.2,0,0,647,680,1327,4.0,,,,,,,,,Manual-review cost changes with review_cost; binary cost is diagnostic only.,False,3.825,4.0
taiwan,locked_test,Taiwan capacity SCRE top20,SCRE-Optimized ranking,top_k_review,,,,0.2,weakness closing prompt 3,5,1,2.0,7155,5635.0,5635.0,1200,0.2,0,0,647,680,1327,6.0,,,,,,,,,Manual-review cost changes with review_cost; binary cost is diagnostic only.,False,3.825,4.0
taiwan,locked_test,Taiwan capacity SCRE top20,SCRE-Optimized ranking,top_k_review,,,,0.2,weakness closing prompt 3,5,2,0.1,7675,3355.0,3355.0,1200,0.2,0,0,647,680,1327,4.0,,,,,,,,,Manual-review cost changes with review_cost; binary cost is diagnostic only.,False,3.825,4.0
taiwan,locked_test,Taiwan capacity SCRE top20,SCRE-Optimized ranking,top_k_review,,,,0.2,weakness closing prompt 3,5,2,0.25,7675,3535.0,3535.0,1200,0.2,0,0,647,680,1327,4.0,,,,,,,,,Manual-review cost changes with review_cost; binary cost is diagnostic only.,False,3.825,4.0
taiwan,locked_test,Taiwan capacity SCRE top20,SCRE-Optimized ranking,top_k_review,,,,0.2,weakness closing prompt 3,5,2,0.5,7675,3835.0,3835.0,1200,0.2,0,0,647,680,1327,4.0,,,,,,,,,Manual-review cost changes with review_cost; binary cost is diagnostic only.,False,3.825,4.0
taiwan,locked_test,Taiwan capacity SCRE top20,SCRE-Optimized ranking,top_k_review,,,,0.2,weakness closing prompt 3,5,2,1.0,7675,4435.0,4435.0,1200,0.2,0,0,647,680,1327,3.0,,,,,,,,,Manual-review cost changes with review_cost; binary cost is diagnostic only.,False,3.825,4.0
taiwan,locked_test,Taiwan capacity SCRE top20,SCRE-Optimized ranking,top_k_review,,,,0.2,weakness closing prompt 3,5,2,2.0,7675,5635.0,5635.0,1200,0.2,0,0,647,680,1327,4.0,,,,,,,,,Manual-review cost changes with review_cost; binary cost is diagnostic only.,False,3.825,4.0
taiwan,locked_test,Taiwan capacity SCRE top20,SCRE-Optimized ranking,top_k_review,,,,0.2,weakness closing prompt 3,5,3,0.1,8195,3355.0,3355.0,1200,0.2,0,0,647,680,1327,2.0,,,,,,,,,Manual-review cost changes with review_cost; binary cost is diagnostic only.,False,3.825,4.0
taiwan,locked_test,Taiwan capacity SCRE top20,SCRE-Optimized ranking,top_k_review,,,,0.2,weakness closing prompt 3,5,3,0.25,8195,3535.0,3535.0,1200,0.2,0,0,647,680,1327,2.0,,,,,,,,,Manual-review cost changes with review_cost; binary cost is diagnostic only.,False,3.825,4.0
taiwan,locked_test,Taiwan capacity SCRE top20,SCRE-Optimized ranking,top_k_review,,,,0.2,weakness closing prompt 3,5,3,0.5,8195,3835.0,3835.0,1200,0.2,0,0,647,680,1327,2.0,,,,,,,,,Manual-review cost changes with review_cost; binary cost is diagnostic only.,False,3.825,4.0
taiwan,locked_test,Taiwan capacity SCRE top20,SCRE-Optimized ranking,top_k_review,,,,0.2,weakness closing prompt 3,5,3,1.0,8195,4435.0,4435.0,1200,0.2,0,0,647,680,1327,2.0,,,,,,,,,Manual-review cost changes with review_cost; binary cost is diagnostic only.,False,3.825,4.0
taiwan,locked_test,Taiwan capacity SCRE top20,SCRE-Optimized ranking,top_k_review,,,,0.2,weakness closing prompt 3,5,3,2.0,8195,5635.0,5635.0,1200,0.2,0,0,647,680,1327,4.0,,,,,,,,,Manual-review cost changes with review_cost; binary cost is diagnostic only.,False,3.825,4.0
taiwan,locked_test,Taiwan capacity SCRE top20,SCRE-Optimized ranking,top_k_review,,,,0.2,weakness closing prompt 3,10,1,0.1,13790,6590.0,6590.0,1200,0.2,0,0,647,680,1327,4.0,,,,,,,,,Manual-review cost changes with review_cost; binary cost is diagnostic only.,False,3.825,4.0
taiwan,locked_test,Taiwan capacity SCRE top20,SCRE-Optimized ranking,top_k_review,,,,0.2,weakness closing prompt 3,10,1,0.25,13790,6770.0,6770.0,1200,0.2,0,0,647,680,1327,4.0,,,,,,,,,Manual-review cost changes with review_cost; binary cost is diagnostic only.,False,3.825,4.0
taiwan,locked_test,Taiwan capacity SCRE top20,SCRE-Optimized ranking,top_k_review,,,,0.2,weakness closing prompt 3,10,1,0.5,13790,7070.0,7070.0,1200,0.2,0,0,647,680,1327,4.0,,,,,,,,,Manual-review cost changes with review_cost; binary cost is diagnostic only.,False,3.825,4.0
taiwan,locked_test,Taiwan capacity SCRE top20,SCRE-Optimized ranking,top_k_review,,,,0.2,weakness closing prompt 3,10,1,1.0,13790,7670.0,7670.0,1200,0.2,0,0,647,680,1327,4.0,,,,,,,,,Manual-review cost changes with review_cost; binary cost is diagnostic only.,False,3.825,4.0
taiwan,locked_test,Taiwan capacity SCRE top20,SCRE-Optimized ranking,top_k_review,,,,0.2,weakness closing prompt 3,10,1,2.0,13790,8870.0,8870.0,1200,0.2,0,0,647,680,1327,7.0,,,,,,,,,Manual-review cost changes with review_cost; binary cost is diagnostic only.,False,3.825,4.0
taiwan,locked_test,Taiwan capacity SCRE top20,SCRE-Optimized ranking,top_k_review,,,,0.2,weakness closing prompt 3,10,2,0.1,14310,6590.0,6590.0,1200,0.2,0,0,647,680,1327,4.0,,,,,,,,,Manual-review cost changes with review_cost; binary cost is diagnostic only.,False,3.825,4.0
taiwan,locked_test,Taiwan capacity SCRE top20,SCRE-Optimized ranking,top_k_review,,,,0.2,weakness closing prompt 3,10,2,0.25,14310,6770.0,6770.0,1200,0.2,0,0,647,680,1327,4.0,,,,,,,,,Manual-review cost changes with review_cost; binary cost is diagnostic only.,False,3.825,4.0
taiwan,locked_test,Taiwan capacity SCRE top20,SCRE-Optimized ranking,top_k_review,,,,0.2,weakness closing prompt 3,10,2,0.5,14310,7070.0,7070.0,1200,0.2,0,0,647,680,1327,4.0,,,,,,,,,Manual-review cost changes with review_cost; binary cost is diagnostic only.,False,3.825,4.0
taiwan,locked_test,Taiwan capacity SCRE top20,SCRE-Optimized ranking,top_k_review,,,,0.2,weakness closing prompt 3,10,2,1.0,14310,7670.0,7670.0,1200,0.2,0,0,647,680,1327,4.0,,,,,,,,,Manual-review cost changes with review_cost; binary cost is diagnostic only.,False,3.825,4.0
taiwan,locked_test,Taiwan capacity SCRE top20,SCRE-Optimized ranking,top_k_review,,,,0.2,weakness closing prompt 3,10,2,2.0,14310,8870.0,8870.0,1200,0.2,0,0,647,680,1327,4.0,,,,,,,,,Manual-review cost changes with review_cost; binary cost is diagnostic only.,False,3.825,4.0
taiwan,locked_test,Taiwan capacity SCRE top20,SCRE-Optimized ranking,top_k_review,,,,0.2,weakness closing prompt 3,10,3,0.1,14830,6590.0,6590.0,1200,0.2,0,0,647,680,1327,4.0,,,,,,,,,Manual-review cost changes with review_cost; binary cost is diagnostic only.,False,3.825,4.0
taiwan,locked_test,Taiwan capacity SCRE top20,SCRE-Optimized ranking,top_k_review,,,,0.2,weakness closing prompt 3,10,3,0.25,14830,6770.0,6770.0,1200,0.2,0,0,647,680,1327,4.0,,,,,,,,,Manual-review cost changes with review_cost; binary cost is diagnostic only.,False,3.825,4.0
taiwan,locked_test,Taiwan capacity SCRE top20,SCRE-Optimized ranking,top_k_review,,,,0.2,weakness closing prompt 3,10,3,0.5,14830,7070.0,7070.0,1200,0.2,0,0,647,680,1327,4.0,,,,,,,,,Manual-review cost changes with review_cost; binary cost is diagnostic only.,False,3.825,4.0
taiwan,locked_test,Taiwan capacity SCRE top20,SCRE-Optimized ranking,top_k_review,,,,0.2,weakness closing prompt 3,10,3,1.0,14830,7670.0,7670.0,1200,0.2,0,0,647,680,1327,4.0,,,,,,,,,Manual-review cost changes with review_cost; binary cost is diagnostic only.,False,3.825,4.0
taiwan,locked_test,Taiwan capacity SCRE top20,SCRE-Optimized ranking,top_k_review,,,,0.2,weakness closing prompt 3,10,3,2.0,14830,8870.0,8870.0,1200,0.2,0,0,647,680,1327,4.0,,,,,,,,,Manual-review cost changes with review_cost; binary cost is diagnostic only.,False,3.825,4.0
taiwan,validation,Taiwan capacity SCRE top25,SCRE-Optimized ranking,top_k_review,,,,0.25,weakness closing prompt 3,2,1,0.1,3372,1240.0,1240.0,1500,0.25,0,0,545,782,1327,1.0,,,,,,,,,Manual-review cost changes with review_cost; binary cost is diagnostic only.,False,2.975,2.0
taiwan,validation,Taiwan capacity SCRE top25,SCRE-Optimized ranking,top_k_review,,,,0.25,weakness closing prompt 3,2,1,0.25,3372,1465.0,1465.0,1500,0.25,0,0,545,782,1327,1.0,,,,,,,,,Manual-review cost changes with review_cost; binary cost is diagnostic only.,False,2.975,2.0
taiwan,validation,Taiwan capacity SCRE top25,SCRE-Optimized ranking,top_k_review,,,,0.25,weakness closing prompt 3,2,1,0.5,3372,1840.0,1840.0,1500,0.25,0,0,545,782,1327,1.0,,,,,,,,,Manual-review cost changes with review_cost; binary cost is diagnostic only.,False,2.975,2.0
taiwan,validation,Taiwan capacity SCRE top25,SCRE-Optimized ranking,top_k_review,,,,0.25,weakness closing prompt 3,2,1,1.0,3372,2590.0,2590.0,1500,0.25,0,0,545,782,1327,5.0,,,,,,,,,Manual-review cost changes with review_cost; binary cost is diagnostic only.,False,2.975,2.0
taiwan,validation,Taiwan capacity SCRE top25,SCRE-Optimized ranking,top_k_review,,,,0.25,weakness closing prompt 3,2,1,2.0,3372,4090.0,4090.0,1500,0.25,0,0,545,782,1327,5.0,,,,,,,,,Manual-review cost changes with review_cost; binary cost is diagnostic only.,False,2.975,2.0
taiwan,validation,Taiwan capacity SCRE top25,SCRE-Optimized ranking,top_k_review,,,,0.25,weakness closing prompt 3,3,1,0.1,4699,1785.0,1785.0,1500,0.25,0,0,545,782,1327,3.0,,,,,,,,,Manual-review cost changes with review_cost; binary cost is diagnostic only.,False,2.975,2.0
taiwan,validation,Taiwan capacity SCRE top25,SCRE-Optimized ranking,top_k_review,,,,0.25,weakness closing prompt 3,3,1,0.25,4699,2010.0,2010.0,1500,0.25,0,0,545,782,1327,3.0,,,,,,,,,Manual-review cost changes with review_cost; binary cost is diagnostic only.,False,2.975,2.0
taiwan,validation,Taiwan capacity SCRE top25,SCRE-Optimized ranking,top_k_review,,,,0.25,weakness closing prompt 3,3,1,0.5,4699,2385.0,2385.0,1500,0.25,0,0,545,782,1327,3.0,,,,,,,,,Manual-review cost changes with review_cost; binary cost is diagnostic only.,False,2.975,2.0
taiwan,validation,Taiwan capacity SCRE top25,SCRE-Optimized ranking,top_k_review,,,,0.25,weakness closing prompt 3,3,1,1.0,4699,3135.0,3135.0,1500,0.25,0,0,545,782,1327,6.0,,,,,,,,,Manual-review cost changes with review_cost; binary cost is diagnostic only.,False,2.975,2.0
taiwan,validation,Taiwan capacity SCRE top25,SCRE-Optimized ranking,top_k_review,,,,0.25,weakness closing prompt 3,3,1,2.0,4699,4635.0,4635.0,1500,0.25,0,0,545,782,1327,5.0,,,,,,,,,Manual-review cost changes with review_cost; binary cost is diagnostic only.,False,2.975,2.0
taiwan,validation,Taiwan capacity SCRE top25,SCRE-Optimized ranking,top_k_review,,,,0.25,weakness closing prompt 3,5,1,0.1,7353,2875.0,2875.0,1500,0.25,0,0,545,782,1327,3.0,,,,,,,,,Manual-review cost changes with review_cost; binary cost is diagnostic only.,False,2.975,2.0
taiwan,validation,Taiwan capacity SCRE top25,SCRE-Optimized ranking,top_k_review,,,,0.25,weakness closing prompt 3,5,1,0.25,7353,3100.0,3100.0,1500,0.25,0,0,545,782,1327,3.0,,,,,,,,,Manual-review cost changes with review_cost; binary cost is diagnostic only.,False,2.975,2.0
taiwan,validation,Taiwan capacity SCRE top25,SCRE-Optimized ranking,top_k_review,,,,0.25,weakness closing prompt 3,5,1,0.5,7353,3475.0,3475.0,1500,0.25,0,0,545,782,1327,3.0,,,,,,,,,Manual-review cost changes with review_cost; binary cost is diagnostic only.,False,2.975,2.0
taiwan,validation,Taiwan capacity SCRE top25,SCRE-Optimized ranking,top_k_review,,,,0.25,weakness closing prompt 3,5,1,1.0,7353,4225.0,4225.0,1500,0.25,0,0,545,782,1327,3.0,,,,,,,,,Manual-review cost changes with review_cost; binary cost is diagnostic only.,False,2.975,2.0
taiwan,validation,Taiwan capacity SCRE top25,SCRE-Optimized ranking,top_k_review,,,,0.25,weakness closing prompt 3,5,1,2.0,7353,5725.0,5725.0,1500,0.25,0,0,545,782,1327,7.0,,,,,,,,,Manual-review cost changes with review_cost; binary cost is diagnostic only.,False,2.975,2.0
taiwan,validation,Taiwan capacity SCRE top25,SCRE-Optimized ranking,top_k_review,,,,0.25,weakness closing prompt 3,5,2,0.1,8071,2875.0,2875.0,1500,0.25,0,0,545,782,1327,2.0,,,,,,,,,Manual-review cost changes with review_cost; binary cost is diagnostic only.,False,2.975,2.0
taiwan,validation,Taiwan capacity SCRE top25,SCRE-Optimized ranking,top_k_review,,,,0.25,weakness closing prompt 3,5,2,0.25,8071,3100.0,3100.0,1500,0.25,0,0,545,782,1327,2.0,,,,,,,,,Manual-review cost changes with review_cost; binary cost is diagnostic only.,False,2.975,2.0
taiwan,validation,Taiwan capacity SCRE top25,SCRE-Optimized ranking,top_k_review,,,,0.25,weakness closing prompt 3,5,2,0.5,8071,3475.0,3475.0,1500,0.25,0,0,545,782,1327,2.0,,,,,,,,,Manual-review cost changes with review_cost; binary cost is diagnostic only.,False,2.975,2.0
taiwan,validation,Taiwan capacity SCRE top25,SCRE-Optimized ranking,top_k_review,,,,0.25,weakness closing prompt 3,5,2,1.0,8071,4225.0,4225.0,1500,0.25,0,0,545,782,1327,2.0,,,,,,,,,Manual-review cost changes with review_cost; binary cost is diagnostic only.,False,2.975,2.0
taiwan,validation,Taiwan capacity SCRE top25,SCRE-Optimized ranking,top_k_review,,,,0.25,weakness closing prompt 3,5,2,2.0,8071,5725.0,5725.0,1500,0.25,0,0,545,782,1327,5.0,,,,,,,,,Manual-review cost changes with review_cost; binary cost is diagnostic only.,False,2.975,2.0
taiwan,validation,Taiwan capacity SCRE top25,SCRE-Optimized ranking,top_k_review,,,,0.25,weakness closing prompt 3,5,3,0.1,8789,2875.0,2875.0,1500,0.25,0,0,545,782,1327,1.0,,,,,,,,,Manual-review cost changes with review_cost; binary cost is diagnostic only.,False,2.975,2.0
taiwan,validation,Taiwan capacity SCRE top25,SCRE-Optimized ranking,top_k_review,,,,0.25,weakness closing prompt 3,5,3,0.25,8789,3100.0,3100.0,1500,0.25,0,0,545,782,1327,1.0,,,,,,,,,Manual-review cost changes with review_cost; binary cost is diagnostic only.,False,2.975,2.0
taiwan,validation,Taiwan capacity SCRE top25,SCRE-Optimized ranking,top_k_review,,,,0.25,weakness closing prompt 3,5,3,0.5,8789,3475.0,3475.0,1500,0.25,0,0,545,782,1327,1.0,,,,,,,,,Manual-review cost changes with review_cost; binary cost is diagnostic only.,False,2.975,2.0
taiwan,validation,Taiwan capacity SCRE top25,SCRE-Optimized ranking,top_k_review,,,,0.25,weakness closing prompt 3,5,3,1.0,8789,4225.0,4225.0,1500,0.25,0,0,545,782,1327,1.0,,,,,,,,,Manual-review cost changes with review_cost; binary cost is diagnostic only.,False,2.975,2.0
taiwan,validation,Taiwan capacity SCRE top25,SCRE-Optimized ranking,top_k_review,,,,0.25,weakness closing prompt 3,5,3,2.0,8789,5725.0,5725.0,1500,0.25,0,0,545,782,1327,5.0,,,,,,,,,Manual-review cost changes with review_cost; binary cost is diagnostic only.,False,2.975,2.0
taiwan,validation,Taiwan capacity SCRE top25,SCRE-Optimized ranking,top_k_review,,,,0.25,weakness closing prompt 3,10,1,0.1,13988,5600.0,5600.0,1500,0.25,0,0,545,782,1327,3.0,,,,,,,,,Manual-review cost changes with review_cost; binary cost is diagnostic only.,False,2.975,2.0
taiwan,validation,Taiwan capacity SCRE top25,SCRE-Optimized ranking,top_k_review,,,,0.25,weakness closing prompt 3,10,1,0.25,13988,5825.0,5825.0,1500,0.25,0,0,545,782,1327,3.0,,,,,,,,,Manual-review cost changes with review_cost; binary cost is diagnostic only.,False,2.975,2.0
taiwan,validation,Taiwan capacity SCRE top25,SCRE-Optimized ranking,top_k_review,,,,0.25,weakness closing prompt 3,10,1,0.5,13988,6200.0,6200.0,1500,0.25,0,0,545,782,1327,3.0,,,,,,,,,Manual-review cost changes with review_cost; binary cost is diagnostic only.,False,2.975,2.0
taiwan,validation,Taiwan capacity SCRE top25,SCRE-Optimized ranking,top_k_review,,,,0.25,weakness closing prompt 3,10,1,1.0,13988,6950.0,6950.0,1500,0.25,0,0,545,782,1327,3.0,,,,,,,,,Manual-review cost changes with review_cost; binary cost is diagnostic only.,False,2.975,2.0
taiwan,validation,Taiwan capacity SCRE top25,SCRE-Optimized ranking,top_k_review,,,,0.25,weakness closing prompt 3,10,1,2.0,13988,8450.0,8450.0,1500,0.25,0,0,545,782,1327,3.0,,,,,,,,,Manual-review cost changes with review_cost; binary cost is diagnostic only.,False,2.975,2.0
taiwan,validation,Taiwan capacity SCRE top25,SCRE-Optimized ranking,top_k_review,,,,0.25,weakness closing prompt 3,10,2,0.1,14706,5600.0,5600.0,1500,0.25,0,0,545,782,1327,3.0,,,,,,,,,Manual-review cost changes with review_cost; binary cost is diagnostic only.,False,2.975,2.0
taiwan,validation,Taiwan capacity SCRE top25,SCRE-Optimized ranking,top_k_review,,,,0.25,weakness closing prompt 3,10,2,0.25,14706,5825.0,5825.0,1500,0.25,0,0,545,782,1327,3.0,,,,,,,,,Manual-review cost changes with review_cost; binary cost is diagnostic only.,False,2.975,2.0
taiwan,validation,Taiwan capacity SCRE top25,SCRE-Optimized ranking,top_k_review,,,,0.25,weakness closing prompt 3,10,2,0.5,14706,6200.0,6200.0,1500,0.25,0,0,545,782,1327,3.0,,,,,,,,,Manual-review cost changes with review_cost; binary cost is diagnostic only.,False,2.975,2.0
taiwan,validation,Taiwan capacity SCRE top25,SCRE-Optimized ranking,top_k_review,,,,0.25,weakness closing prompt 3,10,2,1.0,14706,6950.0,6950.0,1500,0.25,0,0,545,782,1327,3.0,,,,,,,,,Manual-review cost changes with review_cost; binary cost is diagnostic only.,False,2.975,2.0
taiwan,validation,Taiwan capacity SCRE top25,SCRE-Optimized ranking,top_k_review,,,,0.25,weakness closing prompt 3,10,2,2.0,14706,8450.0,8450.0,1500,0.25,0,0,545,782,1327,3.0,,,,,,,,,Manual-review cost changes with review_cost; binary cost is diagnostic only.,False,2.975,2.0
taiwan,validation,Taiwan capacity SCRE top25,SCRE-Optimized ranking,top_k_review,,,,0.25,weakness closing prompt 3,10,3,0.1,15424,5600.0,5600.0,1500,0.25,0,0,545,782,1327,3.0,,,,,,,,,Manual-review cost changes with review_cost; binary cost is diagnostic only.,False,2.975,2.0
taiwan,validation,Taiwan capacity SCRE top25,SCRE-Optimized ranking,top_k_review,,,,0.25,weakness closing prompt 3,10,3,0.25,15424,5825.0,5825.0,1500,0.25,0,0,545,782,1327,3.0,,,,,,,,,Manual-review cost changes with review_cost; binary cost is diagnostic only.,False,2.975,2.0
taiwan,validation,Taiwan capacity SCRE top25,SCRE-Optimized ranking,top_k_review,,,,0.25,weakness closing prompt 3,10,3,0.5,15424,6200.0,6200.0,1500,0.25,0,0,545,782,1327,3.0,,,,,,,,,Manual-review cost changes with review_cost; binary cost is diagnostic only.,False,2.975,2.0
taiwan,validation,Taiwan capacity SCRE top25,SCRE-Optimized ranking,top_k_review,,,,0.25,weakness closing prompt 3,10,3,1.0,15424,6950.0,6950.0,1500,0.25,0,0,545,782,1327,3.0,,,,,,,,,Manual-review cost changes with review_cost; binary cost is diagnostic only.,False,2.975,2.0
taiwan,validation,Taiwan capacity SCRE top25,SCRE-Optimized ranking,top_k_review,,,,0.25,weakness closing prompt 3,10,3,2.0,15424,8450.0,8450.0,1500,0.25,0,0,545,782,1327,3.0,,,,,,,,,Manual-review cost changes with review_cost; binary cost is diagnostic only.,False,2.975,2.0
taiwan,locked_test,Taiwan capacity SCRE top25,SCRE-Optimized ranking,top_k_review,,,,0.25,weakness closing prompt 3,2,1,0.1,3376,1248.0,1248.0,1500,0.25,0,0,549,778,1327,1.0,,,,,,,,,Manual-review cost changes with review_cost; binary cost is diagnostic only.,False,2.95,2.0
taiwan,locked_test,Taiwan capacity SCRE top25,SCRE-Optimized ranking,top_k_review,,,,0.25,weakness closing prompt 3,2,1,0.25,3376,1473.0,1473.0,1500,0.25,0,0,549,778,1327,1.0,,,,,,,,,Manual-review cost changes with review_cost; binary cost is diagnostic only.,False,2.95,2.0
taiwan,locked_test,Taiwan capacity SCRE top25,SCRE-Optimized ranking,top_k_review,,,,0.25,weakness closing prompt 3,2,1,0.5,3376,1848.0,1848.0,1500,0.25,0,0,549,778,1327,1.0,,,,,,,,,Manual-review cost changes with review_cost; binary cost is diagnostic only.,False,2.95,2.0
taiwan,locked_test,Taiwan capacity SCRE top25,SCRE-Optimized ranking,top_k_review,,,,0.25,weakness closing prompt 3,2,1,1.0,3376,2598.0,2598.0,1500,0.25,0,0,549,778,1327,5.0,,,,,,,,,Manual-review cost changes with review_cost; binary cost is diagnostic only.,False,2.95,2.0
taiwan,locked_test,Taiwan capacity SCRE top25,SCRE-Optimized ranking,top_k_review,,,,0.25,weakness closing prompt 3,2,1,2.0,3376,4098.0,4098.0,1500,0.25,0,0,549,778,1327,5.0,,,,,,,,,Manual-review cost changes with review_cost; binary cost is diagnostic only.,False,2.95,2.0
taiwan,locked_test,Taiwan capacity SCRE top25,SCRE-Optimized ranking,top_k_review,,,,0.25,weakness closing prompt 3,3,1,0.1,4703,1797.0,1797.0,1500,0.25,0,0,549,778,1327,3.0,,,,,,,,,Manual-review cost changes with review_cost; binary cost is diagnostic only.,False,2.95,2.0
taiwan,locked_test,Taiwan capacity SCRE top25,SCRE-Optimized ranking,top_k_review,,,,0.25,weakness closing prompt 3,3,1,0.25,4703,2022.0,2022.0,1500,0.25,0,0,549,778,1327,3.0,,,,,,,,,Manual-review cost changes with review_cost; binary cost is diagnostic only.,False,2.95,2.0
taiwan,locked_test,Taiwan capacity SCRE top25,SCRE-Optimized ranking,top_k_review,,,,0.25,weakness closing prompt 3,3,1,0.5,4703,2397.0,2397.0,1500,0.25,0,0,549,778,1327,3.0,,,,,,,,,Manual-review cost changes with review_cost; binary cost is diagnostic only.,False,2.95,2.0
taiwan,locked_test,Taiwan capacity SCRE top25,SCRE-Optimized ranking,top_k_review,,,,0.25,weakness closing prompt 3,3,1,1.0,4703,3147.0,3147.0,1500,0.25,0,0,549,778,1327,6.0,,,,,,,,,Manual-review cost changes with review_cost; binary cost is diagnostic only.,False,2.95,2.0
taiwan,locked_test,Taiwan capacity SCRE top25,SCRE-Optimized ranking,top_k_review,,,,0.25,weakness closing prompt 3,3,1,2.0,4703,4647.0,4647.0,1500,0.25,0,0,549,778,1327,5.0,,,,,,,,,Manual-review cost changes with review_cost; binary cost is diagnostic only.,False,2.95,2.0
taiwan,locked_test,Taiwan capacity SCRE top25,SCRE-Optimized ranking,top_k_review,,,,0.25,weakness closing prompt 3,5,1,0.1,7357,2895.0,2895.0,1500,0.25,0,0,549,778,1327,3.0,,,,,,,,,Manual-review cost changes with review_cost; binary cost is diagnostic only.,False,2.95,2.0
taiwan,locked_test,Taiwan capacity SCRE top25,SCRE-Optimized ranking,top_k_review,,,,0.25,weakness closing prompt 3,5,1,0.25,7357,3120.0,3120.0,1500,0.25,0,0,549,778,1327,3.0,,,,,,,,,Manual-review cost changes with review_cost; binary cost is diagnostic only.,False,2.95,2.0
taiwan,locked_test,Taiwan capacity SCRE top25,SCRE-Optimized ranking,top_k_review,,,,0.25,weakness closing prompt 3,5,1,0.5,7357,3495.0,3495.0,1500,0.25,0,0,549,778,1327,3.0,,,,,,,,,Manual-review cost changes with review_cost; binary cost is diagnostic only.,False,2.95,2.0
taiwan,locked_test,Taiwan capacity SCRE top25,SCRE-Optimized ranking,top_k_review,,,,0.25,weakness closing prompt 3,5,1,1.0,7357,4245.0,4245.0,1500,0.25,0,0,549,778,1327,3.0,,,,,,,,,Manual-review cost changes with review_cost; binary cost is diagnostic only.,False,2.95,2.0
taiwan,locked_test,Taiwan capacity SCRE top25,SCRE-Optimized ranking,top_k_review,,,,0.25,weakness closing prompt 3,5,1,2.0,7357,5745.0,5745.0,1500,0.25,0,0,549,778,1327,7.0,,,,,,,,,Manual-review cost changes with review_cost; binary cost is diagnostic only.,False,2.95,2.0
taiwan,locked_test,Taiwan capacity SCRE top25,SCRE-Optimized ranking,top_k_review,,,,0.25,weakness closing prompt 3,5,2,0.1,8079,2895.0,2895.0,1500,0.25,0,0,549,778,1327,2.0,,,,,,,,,Manual-review cost changes with review_cost; binary cost is diagnostic only.,False,2.95,2.0
taiwan,locked_test,Taiwan capacity SCRE top25,SCRE-Optimized ranking,top_k_review,,,,0.25,weakness closing prompt 3,5,2,0.25,8079,3120.0,3120.0,1500,0.25,0,0,549,778,1327,2.0,,,,,,,,,Manual-review cost changes with review_cost; binary cost is diagnostic only.,False,2.95,2.0
taiwan,locked_test,Taiwan capacity SCRE top25,SCRE-Optimized ranking,top_k_review,,,,0.25,weakness closing prompt 3,5,2,0.5,8079,3495.0,3495.0,1500,0.25,0,0,549,778,1327,2.0,,,,,,,,,Manual-review cost changes with review_cost; binary cost is diagnostic only.,False,2.95,2.0
taiwan,locked_test,Taiwan capacity SCRE top25,SCRE-Optimized ranking,top_k_review,,,,0.25,weakness closing prompt 3,5,2,1.0,8079,4245.0,4245.0,1500,0.25,0,0,549,778,1327,1.0,,,,,,,,,Manual-review cost changes with review_cost; binary cost is diagnostic only.,False,2.95,2.0
taiwan,locked_test,Taiwan capacity SCRE top25,SCRE-Optimized ranking,top_k_review,,,,0.25,weakness closing prompt 3,5,2,2.0,8079,5745.0,5745.0,1500,0.25,0,0,549,778,1327,5.0,,,,,,,,,Manual-review cost changes with review_cost; binary cost is diagnostic only.,False,2.95,2.0
taiwan,locked_test,Taiwan capacity SCRE top25,SCRE-Optimized ranking,top_k_review,,,,0.25,weakness closing prompt 3,5,3,0.1,8801,2895.0,2895.0,1500,0.25,0,0,549,778,1327,1.0,,,,,,,,,Manual-review cost changes with review_cost; binary cost is diagnostic only.,False,2.95,2.0
taiwan,locked_test,Taiwan capacity SCRE top25,SCRE-Optimized ranking,top_k_review,,,,0.25,weakness closing prompt 3,5,3,0.25,8801,3120.0,3120.0,1500,0.25,0,0,549,778,1327,1.0,,,,,,,,,Manual-review cost changes with review_cost; binary cost is diagnostic only.,False,2.95,2.0
taiwan,locked_test,Taiwan capacity SCRE top25,SCRE-Optimized ranking,top_k_review,,,,0.25,weakness closing prompt 3,5,3,0.5,8801,3495.0,3495.0,1500,0.25,0,0,549,778,1327,1.0,,,,,,,,,Manual-review cost changes with review_cost; binary cost is diagnostic only.,False,2.95,2.0
taiwan,locked_test,Taiwan capacity SCRE top25,SCRE-Optimized ranking,top_k_review,,,,0.25,weakness closing prompt 3,5,3,1.0,8801,4245.0,4245.0,1500,0.25,0,0,549,778,1327,1.0,,,,,,,,,Manual-review cost changes with review_cost; binary cost is diagnostic only.,False,2.95,2.0
taiwan,locked_test,Taiwan capacity SCRE top25,SCRE-Optimized ranking,top_k_review,,,,0.25,weakness closing prompt 3,5,3,2.0,8801,5745.0,5745.0,1500,0.25,0,0,549,778,1327,5.0,,,,,,,,,Manual-review cost changes with review_cost; binary cost is diagnostic only.,False,2.95,2.0
taiwan,locked_test,Taiwan capacity SCRE top25,SCRE-Optimized ranking,top_k_review,,,,0.25,weakness closing prompt 3,10,1,0.1,13992,5640.0,5640.0,1500,0.25,0,0,549,778,1327,3.0,,,,,,,,,Manual-review cost changes with review_cost; binary cost is diagnostic only.,False,2.95,2.0
taiwan,locked_test,Taiwan capacity SCRE top25,SCRE-Optimized ranking,top_k_review,,,,0.25,weakness closing prompt 3,10,1,0.25,13992,5865.0,5865.0,1500,0.25,0,0,549,778,1327,3.0,,,,,,,,,Manual-review cost changes with review_cost; binary cost is diagnostic only.,False,2.95,2.0
taiwan,locked_test,Taiwan capacity SCRE top25,SCRE-Optimized ranking,top_k_review,,,,0.25,weakness closing prompt 3,10,1,0.5,13992,6240.0,6240.0,1500,0.25,0,0,549,778,1327,3.0,,,,,,,,,Manual-review cost changes with review_cost; binary cost is diagnostic only.,False,2.95,2.0
taiwan,locked_test,Taiwan capacity SCRE top25,SCRE-Optimized ranking,top_k_review,,,,0.25,weakness closing prompt 3,10,1,1.0,13992,6990.0,6990.0,1500,0.25,0,0,549,778,1327,3.0,,,,,,,,,Manual-review cost changes with review_cost; binary cost is diagnostic only.,False,2.95,2.0
taiwan,locked_test,Taiwan capacity SCRE top25,SCRE-Optimized ranking,top_k_review,,,,0.25,weakness closing prompt 3,10,1,2.0,13992,8490.0,8490.0,1500,0.25,0,0,549,778,1327,3.0,,,,,,,,,Manual-review cost changes with review_cost; binary cost is diagnostic only.,False,2.95,2.0
taiwan,locked_test,Taiwan capacity SCRE top25,SCRE-Optimized ranking,top_k_review,,,,0.25,weakness closing prompt 3,10,2,0.1,14714,5640.0,5640.0,1500,0.25,0,0,549,778,1327,3.0,,,,,,,,,Manual-review cost changes with review_cost; binary cost is diagnostic only.,False,2.95,2.0
taiwan,locked_test,Taiwan capacity SCRE top25,SCRE-Optimized ranking,top_k_review,,,,0.25,weakness closing prompt 3,10,2,0.25,14714,5865.0,5865.0,1500,0.25,0,0,549,778,1327,3.0,,,,,,,,,Manual-review cost changes with review_cost; binary cost is diagnostic only.,False,2.95,2.0
taiwan,locked_test,Taiwan capacity SCRE top25,SCRE-Optimized ranking,top_k_review,,,,0.25,weakness closing prompt 3,10,2,0.5,14714,6240.0,6240.0,1500,0.25,0,0,549,778,1327,3.0,,,,,,,,,Manual-review cost changes with review_cost; binary cost is diagnostic only.,False,2.95,2.0
taiwan,locked_test,Taiwan capacity SCRE top25,SCRE-Optimized ranking,top_k_review,,,,0.25,weakness closing prompt 3,10,2,1.0,14714,6990.0,6990.0,1500,0.25,0,0,549,778,1327,3.0,,,,,,,,,Manual-review cost changes with review_cost; binary cost is diagnostic only.,False,2.95,2.0
taiwan,locked_test,Taiwan capacity SCRE top25,SCRE-Optimized ranking,top_k_review,,,,0.25,weakness closing prompt 3,10,2,2.0,14714,8490.0,8490.0,1500,0.25,0,0,549,778,1327,3.0,,,,,,,,,Manual-review cost changes with review_cost; binary cost is diagnostic only.,False,2.95,2.0
taiwan,locked_test,Taiwan capacity SCRE top25,SCRE-Optimized ranking,top_k_review,,,,0.25,weakness closing prompt 3,10,3,0.1,15436,5640.0,5640.0,1500,0.25,0,0,549,778,1327,3.0,,,,,,,,,Manual-review cost changes with review_cost; binary cost is diagnostic only.,False,2.95,2.0
taiwan,locked_test,Taiwan capacity SCRE top25,SCRE-Optimized ranking,top_k_review,,,,0.25,weakness closing prompt 3,10,3,0.25,15436,5865.0,5865.0,1500,0.25,0,0,549,778,1327,3.0,,,,,,,,,Manual-review cost changes with review_cost; binary cost is diagnostic only.,False,2.95,2.0
taiwan,locked_test,Taiwan capacity SCRE top25,SCRE-Optimized ranking,top_k_review,,,,0.25,weakness closing prompt 3,10,3,0.5,15436,6240.0,6240.0,1500,0.25,0,0,549,778,1327,3.0,,,,,,,,,Manual-review cost changes with review_cost; binary cost is diagnostic only.,False,2.95,2.0
taiwan,locked_test,Taiwan capacity SCRE top25,SCRE-Optimized ranking,top_k_review,,,,0.25,weakness closing prompt 3,10,3,1.0,15436,6990.0,6990.0,1500,0.25,0,0,549,778,1327,3.0,,,,,,,,,Manual-review cost changes with review_cost; binary cost is diagnostic only.,False,2.95,2.0
taiwan,locked_test,Taiwan capacity SCRE top25,SCRE-Optimized ranking,top_k_review,,,,0.25,weakness closing prompt 3,10,3,2.0,15436,8490.0,8490.0,1500,0.25,0,0,549,778,1327,3.0,,,,,,,,,Manual-review cost changes with review_cost; binary cost is diagnostic only.,False,2.95,2.0
taiwan,validation,SCRE-Optimized ranking threshold 0.50,SCRE-Optimized ranking,threshold_only,0.5,,,,ranking benchmark,2,1,0.1,1917,1917.0,1917.0,0,0.0,213,475,852,0,1327,5.0,,,,,,,,,Threshold-only policy; review cost does not affect cost.,False,4.225,5.0
taiwan,validation,SCRE-Optimized ranking threshold 0.50,SCRE-Optimized ranking,threshold_only,0.5,,,,ranking benchmark,2,1,0.25,1917,1917.0,1917.0,0,0.0,213,475,852,0,1327,5.0,,,,,,,,,Threshold-only policy; review cost does not affect cost.,False,4.225,5.0
taiwan,validation,SCRE-Optimized ranking threshold 0.50,SCRE-Optimized ranking,threshold_only,0.5,,,,ranking benchmark,2,1,0.5,1917,1917.0,1917.0,0,0.0,213,475,852,0,1327,3.0,,,,,,,,,Threshold-only policy; review cost does not affect cost.,False,4.225,5.0
taiwan,validation,SCRE-Optimized ranking threshold 0.50,SCRE-Optimized ranking,threshold_only,0.5,,,,ranking benchmark,2,1,1.0,1917,1917.0,1917.0,0,0.0,213,475,852,0,1327,1.0,,,,,,,,,Threshold-only policy; review cost does not affect cost.,False,4.225,5.0
taiwan,validation,SCRE-Optimized ranking threshold 0.50,SCRE-Optimized ranking,threshold_only,0.5,,,,ranking benchmark,2,1,2.0,1917,1917.0,1917.0,0,0.0,213,475,852,0,1327,1.0,,,,,,,,,Threshold-only policy; review cost does not affect cost.,False,4.225,5.0
taiwan,validation,SCRE-Optimized ranking threshold 0.50,SCRE-Optimized ranking,threshold_only,0.5,,,,ranking benchmark,3,1,0.1,2769,2769.0,2769.0,0,0.0,213,475,852,0,1327,5.0,,,,,,,,,Threshold-only policy; review cost does not affect cost.,False,4.225,5.0
taiwan,validation,SCRE-Optimized ranking threshold 0.50,SCRE-Optimized ranking,threshold_only,0.5,,,,ranking benchmark,3,1,0.25,2769,2769.0,2769.0,0,0.0,213,475,852,0,1327,5.0,,,,,,,,,Threshold-only policy; review cost does not affect cost.,False,4.225,5.0
taiwan,validation,SCRE-Optimized ranking threshold 0.50,SCRE-Optimized ranking,threshold_only,0.5,,,,ranking benchmark,3,1,0.5,2769,2769.0,2769.0,0,0.0,213,475,852,0,1327,5.0,,,,,,,,,Threshold-only policy; review cost does not affect cost.,False,4.225,5.0
taiwan,validation,SCRE-Optimized ranking threshold 0.50,SCRE-Optimized ranking,threshold_only,0.5,,,,ranking benchmark,3,1,1.0,2769,2769.0,2769.0,0,0.0,213,475,852,0,1327,1.0,,,,,,,,,Threshold-only policy; review cost does not affect cost.,False,4.225,5.0
taiwan,validation,SCRE-Optimized ranking threshold 0.50,SCRE-Optimized ranking,threshold_only,0.5,,,,ranking benchmark,3,1,2.0,2769,2769.0,2769.0,0,0.0,213,475,852,0,1327,1.0,,,,,,,,,Threshold-only policy; review cost does not affect cost.,False,4.225,5.0
taiwan,validation,SCRE-Optimized ranking threshold 0.50,SCRE-Optimized ranking,threshold_only,0.5,,,,ranking benchmark,5,1,0.1,4473,4473.0,4473.0,0,0.0,213,475,852,0,1327,5.0,,,,,,,,,Threshold-only policy; review cost does not affect cost.,False,4.225,5.0
taiwan,validation,SCRE-Optimized ranking threshold 0.50,SCRE-Optimized ranking,threshold_only,0.5,,,,ranking benchmark,5,1,0.25,4473,4473.0,4473.0,0,0.0,213,475,852,0,1327,5.0,,,,,,,,,Threshold-only policy; review cost does not affect cost.,False,4.225,5.0
taiwan,validation,SCRE-Optimized ranking threshold 0.50,SCRE-Optimized ranking,threshold_only,0.5,,,,ranking benchmark,5,1,0.5,4473,4473.0,4473.0,0,0.0,213,475,852,0,1327,5.0,,,,,,,,,Threshold-only policy; review cost does not affect cost.,False,4.225,5.0
taiwan,validation,SCRE-Optimized ranking threshold 0.50,SCRE-Optimized ranking,threshold_only,0.5,,,,ranking benchmark,5,1,1.0,4473,4473.0,4473.0,0,0.0,213,475,852,0,1327,5.0,,,,,,,,,Threshold-only policy; review cost does not affect cost.,False,4.225,5.0
taiwan,validation,SCRE-Optimized ranking threshold 0.50,SCRE-Optimized ranking,threshold_only,0.5,,,,ranking benchmark,5,1,2.0,4473,4473.0,4473.0,0,0.0,213,475,852,0,1327,1.0,,,,,,,,,Threshold-only policy; review cost does not affect cost.,False,4.225,5.0
taiwan,validation,SCRE-Optimized ranking threshold 0.50,SCRE-Optimized ranking,threshold_only,0.5,,,,ranking benchmark,5,2,0.1,4686,4686.0,4686.0,0,0.0,213,475,852,0,1327,5.0,,,,,,,,,Threshold-only policy; review cost does not affect cost.,False,4.225,5.0
taiwan,validation,SCRE-Optimized ranking threshold 0.50,SCRE-Optimized ranking,threshold_only,0.5,,,,ranking benchmark,5,2,0.25,4686,4686.0,4686.0,0,0.0,213,475,852,0,1327,5.0,,,,,,,,,Threshold-only policy; review cost does not affect cost.,False,4.225,5.0
taiwan,validation,SCRE-Optimized ranking threshold 0.50,SCRE-Optimized ranking,threshold_only,0.5,,,,ranking benchmark,5,2,0.5,4686,4686.0,4686.0,0,0.0,213,475,852,0,1327,5.0,,,,,,,,,Threshold-only policy; review cost does not affect cost.,False,4.225,5.0
taiwan,validation,SCRE-Optimized ranking threshold 0.50,SCRE-Optimized ranking,threshold_only,0.5,,,,ranking benchmark,5,2,1.0,4686,4686.0,4686.0,0,0.0,213,475,852,0,1327,5.0,,,,,,,,,Threshold-only policy; review cost does not affect cost.,False,4.225,5.0
taiwan,validation,SCRE-Optimized ranking threshold 0.50,SCRE-Optimized ranking,threshold_only,0.5,,,,ranking benchmark,5,2,2.0,4686,4686.0,4686.0,0,0.0,213,475,852,0,1327,1.0,,,,,,,,,Threshold-only policy; review cost does not affect cost.,False,4.225,5.0
taiwan,validation,SCRE-Optimized ranking threshold 0.50,SCRE-Optimized ranking,threshold_only,0.5,,,,ranking benchmark,5,3,0.1,4899,4899.0,4899.0,0,0.0,213,475,852,0,1327,5.0,,,,,,,,,Threshold-only policy; review cost does not affect cost.,False,4.225,5.0
taiwan,validation,SCRE-Optimized ranking threshold 0.50,SCRE-Optimized ranking,threshold_only,0.5,,,,ranking benchmark,5,3,0.25,4899,4899.0,4899.0,0,0.0,213,475,852,0,1327,5.0,,,,,,,,,Threshold-only policy; review cost does not affect cost.,False,4.225,5.0
taiwan,validation,SCRE-Optimized ranking threshold 0.50,SCRE-Optimized ranking,threshold_only,0.5,,,,ranking benchmark,5,3,0.5,4899,4899.0,4899.0,0,0.0,213,475,852,0,1327,5.0,,,,,,,,,Threshold-only policy; review cost does not affect cost.,False,4.225,5.0
taiwan,validation,SCRE-Optimized ranking threshold 0.50,SCRE-Optimized ranking,threshold_only,0.5,,,,ranking benchmark,5,3,1.0,4899,4899.0,4899.0,0,0.0,213,475,852,0,1327,4.0,,,,,,,,,Threshold-only policy; review cost does not affect cost.,False,4.225,5.0
taiwan,validation,SCRE-Optimized ranking threshold 0.50,SCRE-Optimized ranking,threshold_only,0.5,,,,ranking benchmark,5,3,2.0,4899,4899.0,4899.0,0,0.0,213,475,852,0,1327,1.0,,,,,,,,,Threshold-only policy; review cost does not affect cost.,False,4.225,5.0
taiwan,validation,SCRE-Optimized ranking threshold 0.50,SCRE-Optimized ranking,threshold_only,0.5,,,,ranking benchmark,10,1,0.1,8733,8733.0,8733.0,0,0.0,213,475,852,0,1327,5.0,,,,,,,,,Threshold-only policy; review cost does not affect cost.,False,4.225,5.0
taiwan,validation,SCRE-Optimized ranking threshold 0.50,SCRE-Optimized ranking,threshold_only,0.5,,,,ranking benchmark,10,1,0.25,8733,8733.0,8733.0,0,0.0,213,475,852,0,1327,5.0,,,,,,,,,Threshold-only policy; review cost does not affect cost.,False,4.225,5.0
taiwan,validation,SCRE-Optimized ranking threshold 0.50,SCRE-Optimized ranking,threshold_only,0.5,,,,ranking benchmark,10,1,0.5,8733,8733.0,8733.0,0,0.0,213,475,852,0,1327,5.0,,,,,,,,,Threshold-only policy; review cost does not affect cost.,False,4.225,5.0
taiwan,validation,SCRE-Optimized ranking threshold 0.50,SCRE-Optimized ranking,threshold_only,0.5,,,,ranking benchmark,10,1,1.0,8733,8733.0,8733.0,0,0.0,213,475,852,0,1327,5.0,,,,,,,,,Threshold-only policy; review cost does not affect cost.,False,4.225,5.0
taiwan,validation,SCRE-Optimized ranking threshold 0.50,SCRE-Optimized ranking,threshold_only,0.5,,,,ranking benchmark,10,1,2.0,8733,8733.0,8733.0,0,0.0,213,475,852,0,1327,5.0,,,,,,,,,Threshold-only policy; review cost does not affect cost.,False,4.225,5.0
taiwan,validation,SCRE-Optimized ranking threshold 0.50,SCRE-Optimized ranking,threshold_only,0.5,,,,ranking benchmark,10,2,0.1,8946,8946.0,8946.0,0,0.0,213,475,852,0,1327,5.0,,,,,,,,,Threshold-only policy; review cost does not affect cost.,False,4.225,5.0
taiwan,validation,SCRE-Optimized ranking threshold 0.50,SCRE-Optimized ranking,threshold_only,0.5,,,,ranking benchmark,10,2,0.25,8946,8946.0,8946.0,0,0.0,213,475,852,0,1327,5.0,,,,,,,,,Threshold-only policy; review cost does not affect cost.,False,4.225,5.0
taiwan,validation,SCRE-Optimized ranking threshold 0.50,SCRE-Optimized ranking,threshold_only,0.5,,,,ranking benchmark,10,2,0.5,8946,8946.0,8946.0,0,0.0,213,475,852,0,1327,5.0,,,,,,,,,Threshold-only policy; review cost does not affect cost.,False,4.225,5.0
taiwan,validation,SCRE-Optimized ranking threshold 0.50,SCRE-Optimized ranking,threshold_only,0.5,,,,ranking benchmark,10,2,1.0,8946,8946.0,8946.0,0,0.0,213,475,852,0,1327,5.0,,,,,,,,,Threshold-only policy; review cost does not affect cost.,False,4.225,5.0
taiwan,validation,SCRE-Optimized ranking threshold 0.50,SCRE-Optimized ranking,threshold_only,0.5,,,,ranking benchmark,10,2,2.0,8946,8946.0,8946.0,0,0.0,213,475,852,0,1327,5.0,,,,,,,,,Threshold-only policy; review cost does not affect cost.,False,4.225,5.0
taiwan,validation,SCRE-Optimized ranking threshold 0.50,SCRE-Optimized ranking,threshold_only,0.5,,,,ranking benchmark,10,3,0.1,9159,9159.0,9159.0,0,0.0,213,475,852,0,1327,5.0,,,,,,,,,Threshold-only policy; review cost does not affect cost.,False,4.225,5.0
taiwan,validation,SCRE-Optimized ranking threshold 0.50,SCRE-Optimized ranking,threshold_only,0.5,,,,ranking benchmark,10,3,0.25,9159,9159.0,9159.0,0,0.0,213,475,852,0,1327,5.0,,,,,,,,,Threshold-only policy; review cost does not affect cost.,False,4.225,5.0
taiwan,validation,SCRE-Optimized ranking threshold 0.50,SCRE-Optimized ranking,threshold_only,0.5,,,,ranking benchmark,10,3,0.5,9159,9159.0,9159.0,0,0.0,213,475,852,0,1327,5.0,,,,,,,,,Threshold-only policy; review cost does not affect cost.,False,4.225,5.0
taiwan,validation,SCRE-Optimized ranking threshold 0.50,SCRE-Optimized ranking,threshold_only,0.5,,,,ranking benchmark,10,3,1.0,9159,9159.0,9159.0,0,0.0,213,475,852,0,1327,5.0,,,,,,,,,Threshold-only policy; review cost does not affect cost.,False,4.225,5.0
taiwan,validation,SCRE-Optimized ranking threshold 0.50,SCRE-Optimized ranking,threshold_only,0.5,,,,ranking benchmark,10,3,2.0,9159,9159.0,9159.0,0,0.0,213,475,852,0,1327,5.0,,,,,,,,,Threshold-only policy; review cost does not affect cost.,False,4.225,5.0
taiwan,locked_test,SCRE-Optimized ranking threshold 0.50,SCRE-Optimized ranking,threshold_only,0.5,,,,ranking benchmark,2,1,0.1,1946,1946.0,1946.0,0,0.0,228,468,859,0,1327,5.0,,,,,,,,,Threshold-only policy; review cost does not affect cost.,False,4.825,5.0
taiwan,locked_test,SCRE-Optimized ranking threshold 0.50,SCRE-Optimized ranking,threshold_only,0.5,,,,ranking benchmark,2,1,0.25,1946,1946.0,1946.0,0,0.0,228,468,859,0,1327,5.0,,,,,,,,,Threshold-only policy; review cost does not affect cost.,False,4.825,5.0
taiwan,locked_test,SCRE-Optimized ranking threshold 0.50,SCRE-Optimized ranking,threshold_only,0.5,,,,ranking benchmark,2,1,0.5,1946,1946.0,1946.0,0,0.0,228,468,859,0,1327,3.0,,,,,,,,,Threshold-only policy; review cost does not affect cost.,False,4.825,5.0
taiwan,locked_test,SCRE-Optimized ranking threshold 0.50,SCRE-Optimized ranking,threshold_only,0.5,,,,ranking benchmark,2,1,1.0,1946,1946.0,1946.0,0,0.0,228,468,859,0,1327,1.0,,,,,,,,,Threshold-only policy; review cost does not affect cost.,False,4.825,5.0
taiwan,locked_test,SCRE-Optimized ranking threshold 0.50,SCRE-Optimized ranking,threshold_only,0.5,,,,ranking benchmark,2,1,2.0,1946,1946.0,1946.0,0,0.0,228,468,859,0,1327,1.0,,,,,,,,,Threshold-only policy; review cost does not affect cost.,False,4.825,5.0
taiwan,locked_test,SCRE-Optimized ranking threshold 0.50,SCRE-Optimized ranking,threshold_only,0.5,,,,ranking benchmark,3,1,0.1,2805,2805.0,2805.0,0,0.0,228,468,859,0,1327,5.0,,,,,,,,,Threshold-only policy; review cost does not affect cost.,False,4.825,5.0
taiwan,locked_test,SCRE-Optimized ranking threshold 0.50,SCRE-Optimized ranking,threshold_only,0.5,,,,ranking benchmark,3,1,0.25,2805,2805.0,2805.0,0,0.0,228,468,859,0,1327,5.0,,,,,,,,,Threshold-only policy; review cost does not affect cost.,False,4.825,5.0
taiwan,locked_test,SCRE-Optimized ranking threshold 0.50,SCRE-Optimized ranking,threshold_only,0.5,,,,ranking benchmark,3,1,0.5,2805,2805.0,2805.0,0,0.0,228,468,859,0,1327,5.0,,,,,,,,,Threshold-only policy; review cost does not affect cost.,False,4.825,5.0
taiwan,locked_test,SCRE-Optimized ranking threshold 0.50,SCRE-Optimized ranking,threshold_only,0.5,,,,ranking benchmark,3,1,1.0,2805,2805.0,2805.0,0,0.0,228,468,859,0,1327,1.0,,,,,,,,,Threshold-only policy; review cost does not affect cost.,False,4.825,5.0
taiwan,locked_test,SCRE-Optimized ranking threshold 0.50,SCRE-Optimized ranking,threshold_only,0.5,,,,ranking benchmark,3,1,2.0,2805,2805.0,2805.0,0,0.0,228,468,859,0,1327,1.0,,,,,,,,,Threshold-only policy; review cost does not affect cost.,False,4.825,5.0
taiwan,locked_test,SCRE-Optimized ranking threshold 0.50,SCRE-Optimized ranking,threshold_only,0.5,,,,ranking benchmark,5,1,0.1,4523,4523.0,4523.0,0,0.0,228,468,859,0,1327,6.0,,,,,,,,,Threshold-only policy; review cost does not affect cost.,False,4.825,5.0
taiwan,locked_test,SCRE-Optimized ranking threshold 0.50,SCRE-Optimized ranking,threshold_only,0.5,,,,ranking benchmark,5,1,0.25,4523,4523.0,4523.0,0,0.0,228,468,859,0,1327,6.0,,,,,,,,,Threshold-only policy; review cost does not affect cost.,False,4.825,5.0
taiwan,locked_test,SCRE-Optimized ranking threshold 0.50,SCRE-Optimized ranking,threshold_only,0.5,,,,ranking benchmark,5,1,0.5,4523,4523.0,4523.0,0,0.0,228,468,859,0,1327,6.0,,,,,,,,,Threshold-only policy; review cost does not affect cost.,False,4.825,5.0
taiwan,locked_test,SCRE-Optimized ranking threshold 0.50,SCRE-Optimized ranking,threshold_only,0.5,,,,ranking benchmark,5,1,1.0,4523,4523.0,4523.0,0,0.0,228,468,859,0,1327,6.0,,,,,,,,,Threshold-only policy; review cost does not affect cost.,False,4.825,5.0
taiwan,locked_test,SCRE-Optimized ranking threshold 0.50,SCRE-Optimized ranking,threshold_only,0.5,,,,ranking benchmark,5,1,2.0,4523,4523.0,4523.0,0,0.0,228,468,859,0,1327,2.0,,,,,,,,,Threshold-only policy; review cost does not affect cost.,False,4.825,5.0
taiwan,locked_test,SCRE-Optimized ranking threshold 0.50,SCRE-Optimized ranking,threshold_only,0.5,,,,ranking benchmark,5,2,0.1,4751,4751.0,4751.0,0,0.0,228,468,859,0,1327,5.0,,,,,,,,,Threshold-only policy; review cost does not affect cost.,False,4.825,5.0
taiwan,locked_test,SCRE-Optimized ranking threshold 0.50,SCRE-Optimized ranking,threshold_only,0.5,,,,ranking benchmark,5,2,0.25,4751,4751.0,4751.0,0,0.0,228,468,859,0,1327,5.0,,,,,,,,,Threshold-only policy; review cost does not affect cost.,False,4.825,5.0
taiwan,locked_test,SCRE-Optimized ranking threshold 0.50,SCRE-Optimized ranking,threshold_only,0.5,,,,ranking benchmark,5,2,0.5,4751,4751.0,4751.0,0,0.0,228,468,859,0,1327,5.0,,,,,,,,,Threshold-only policy; review cost does not affect cost.,False,4.825,5.0
taiwan,locked_test,SCRE-Optimized ranking threshold 0.50,SCRE-Optimized ranking,threshold_only,0.5,,,,ranking benchmark,5,2,1.0,4751,4751.0,4751.0,0,0.0,228,468,859,0,1327,5.0,,,,,,,,,Threshold-only policy; review cost does not affect cost.,False,4.825,5.0
taiwan,locked_test,SCRE-Optimized ranking threshold 0.50,SCRE-Optimized ranking,threshold_only,0.5,,,,ranking benchmark,5,2,2.0,4751,4751.0,4751.0,0,0.0,228,468,859,0,1327,1.0,,,,,,,,,Threshold-only policy; review cost does not affect cost.,False,4.825,5.0
taiwan,locked_test,SCRE-Optimized ranking threshold 0.50,SCRE-Optimized ranking,threshold_only,0.5,,,,ranking benchmark,5,3,0.1,4979,4979.0,4979.0,0,0.0,228,468,859,0,1327,6.0,,,,,,,,,Threshold-only policy; review cost does not affect cost.,False,4.825,5.0
taiwan,locked_test,SCRE-Optimized ranking threshold 0.50,SCRE-Optimized ranking,threshold_only,0.5,,,,ranking benchmark,5,3,0.25,4979,4979.0,4979.0,0,0.0,228,468,859,0,1327,6.0,,,,,,,,,Threshold-only policy; review cost does not affect cost.,False,4.825,5.0
taiwan,locked_test,SCRE-Optimized ranking threshold 0.50,SCRE-Optimized ranking,threshold_only,0.5,,,,ranking benchmark,5,3,0.5,4979,4979.0,4979.0,0,0.0,228,468,859,0,1327,6.0,,,,,,,,,Threshold-only policy; review cost does not affect cost.,False,4.825,5.0
taiwan,locked_test,SCRE-Optimized ranking threshold 0.50,SCRE-Optimized ranking,threshold_only,0.5,,,,ranking benchmark,5,3,1.0,4979,4979.0,4979.0,0,0.0,228,468,859,0,1327,5.0,,,,,,,,,Threshold-only policy; review cost does not affect cost.,False,4.825,5.0
taiwan,locked_test,SCRE-Optimized ranking threshold 0.50,SCRE-Optimized ranking,threshold_only,0.5,,,,ranking benchmark,5,3,2.0,4979,4979.0,4979.0,0,0.0,228,468,859,0,1327,2.0,,,,,,,,,Threshold-only policy; review cost does not affect cost.,False,4.825,5.0
taiwan,locked_test,SCRE-Optimized ranking threshold 0.50,SCRE-Optimized ranking,threshold_only,0.5,,,,ranking benchmark,10,1,0.1,8818,8818.0,8818.0,0,0.0,228,468,859,0,1327,6.0,,,,,,,,,Threshold-only policy; review cost does not affect cost.,False,4.825,5.0
taiwan,locked_test,SCRE-Optimized ranking threshold 0.50,SCRE-Optimized ranking,threshold_only,0.5,,,,ranking benchmark,10,1,0.25,8818,8818.0,8818.0,0,0.0,228,468,859,0,1327,6.0,,,,,,,,,Threshold-only policy; review cost does not affect cost.,False,4.825,5.0
taiwan,locked_test,SCRE-Optimized ranking threshold 0.50,SCRE-Optimized ranking,threshold_only,0.5,,,,ranking benchmark,10,1,0.5,8818,8818.0,8818.0,0,0.0,228,468,859,0,1327,6.0,,,,,,,,,Threshold-only policy; review cost does not affect cost.,False,4.825,5.0
taiwan,locked_test,SCRE-Optimized ranking threshold 0.50,SCRE-Optimized ranking,threshold_only,0.5,,,,ranking benchmark,10,1,1.0,8818,8818.0,8818.0,0,0.0,228,468,859,0,1327,6.0,,,,,,,,,Threshold-only policy; review cost does not affect cost.,False,4.825,5.0
taiwan,locked_test,SCRE-Optimized ranking threshold 0.50,SCRE-Optimized ranking,threshold_only,0.5,,,,ranking benchmark,10,1,2.0,8818,8818.0,8818.0,0,0.0,228,468,859,0,1327,5.0,,,,,,,,,Threshold-only policy; review cost does not affect cost.,False,4.825,5.0
taiwan,locked_test,SCRE-Optimized ranking threshold 0.50,SCRE-Optimized ranking,threshold_only,0.5,,,,ranking benchmark,10,2,0.1,9046,9046.0,9046.0,0,0.0,228,468,859,0,1327,6.0,,,,,,,,,Threshold-only policy; review cost does not affect cost.,False,4.825,5.0
taiwan,locked_test,SCRE-Optimized ranking threshold 0.50,SCRE-Optimized ranking,threshold_only,0.5,,,,ranking benchmark,10,2,0.25,9046,9046.0,9046.0,0,0.0,228,468,859,0,1327,6.0,,,,,,,,,Threshold-only policy; review cost does not affect cost.,False,4.825,5.0
taiwan,locked_test,SCRE-Optimized ranking threshold 0.50,SCRE-Optimized ranking,threshold_only,0.5,,,,ranking benchmark,10,2,0.5,9046,9046.0,9046.0,0,0.0,228,468,859,0,1327,6.0,,,,,,,,,Threshold-only policy; review cost does not affect cost.,False,4.825,5.0
taiwan,locked_test,SCRE-Optimized ranking threshold 0.50,SCRE-Optimized ranking,threshold_only,0.5,,,,ranking benchmark,10,2,1.0,9046,9046.0,9046.0,0,0.0,228,468,859,0,1327,6.0,,,,,,,,,Threshold-only policy; review cost does not affect cost.,False,4.825,5.0
taiwan,locked_test,SCRE-Optimized ranking threshold 0.50,SCRE-Optimized ranking,threshold_only,0.5,,,,ranking benchmark,10,2,2.0,9046,9046.0,9046.0,0,0.0,228,468,859,0,1327,6.0,,,,,,,,,Threshold-only policy; review cost does not affect cost.,False,4.825,5.0
taiwan,locked_test,SCRE-Optimized ranking threshold 0.50,SCRE-Optimized ranking,threshold_only,0.5,,,,ranking benchmark,10,3,0.1,9274,9274.0,9274.0,0,0.0,228,468,859,0,1327,6.0,,,,,,,,,Threshold-only policy; review cost does not affect cost.,False,4.825,5.0
taiwan,locked_test,SCRE-Optimized ranking threshold 0.50,SCRE-Optimized ranking,threshold_only,0.5,,,,ranking benchmark,10,3,0.25,9274,9274.0,9274.0,0,0.0,228,468,859,0,1327,6.0,,,,,,,,,Threshold-only policy; review cost does not affect cost.,False,4.825,5.0
taiwan,locked_test,SCRE-Optimized ranking threshold 0.50,SCRE-Optimized ranking,threshold_only,0.5,,,,ranking benchmark,10,3,0.5,9274,9274.0,9274.0,0,0.0,228,468,859,0,1327,6.0,,,,,,,,,Threshold-only policy; review cost does not affect cost.,False,4.825,5.0
taiwan,locked_test,SCRE-Optimized ranking threshold 0.50,SCRE-Optimized ranking,threshold_only,0.5,,,,ranking benchmark,10,3,1.0,9274,9274.0,9274.0,0,0.0,228,468,859,0,1327,6.0,,,,,,,,,Threshold-only policy; review cost does not affect cost.,False,4.825,5.0
taiwan,locked_test,SCRE-Optimized ranking threshold 0.50,SCRE-Optimized ranking,threshold_only,0.5,,,,ranking benchmark,10,3,2.0,9274,9274.0,9274.0,0,0.0,228,468,859,0,1327,6.0,,,,,,,,,Threshold-only policy; review cost does not affect cost.,False,4.825,5.0
taiwan,validation,Scorecard benchmark threshold 0.50,scorecard_sigmoid,threshold_only,0.5,,,,benchmark,2,1,0.1,1981,1981.0,1981.0,0,0.0,219,446,881,0,1327,7.0,,,,,,,,,Threshold-only policy; review cost does not affect cost.,False,6.225,7.0
taiwan,validation,Scorecard benchmark threshold 0.50,scorecard_sigmoid,threshold_only,0.5,,,,benchmark,2,1,0.25,1981,1981.0,1981.0,0,0.0,219,446,881,0,1327,7.0,,,,,,,,,Threshold-only policy; review cost does not affect cost.,False,6.225,7.0
taiwan,validation,Scorecard benchmark threshold 0.50,scorecard_sigmoid,threshold_only,0.5,,,,benchmark,2,1,0.5,1981,1981.0,1981.0,0,0.0,219,446,881,0,1327,5.0,,,,,,,,,Threshold-only policy; review cost does not affect cost.,False,6.225,7.0
taiwan,validation,Scorecard benchmark threshold 0.50,scorecard_sigmoid,threshold_only,0.5,,,,benchmark,2,1,1.0,1981,1981.0,1981.0,0,0.0,219,446,881,0,1327,3.0,,,,,,,,,Threshold-only policy; review cost does not affect cost.,False,6.225,7.0
taiwan,validation,Scorecard benchmark threshold 0.50,scorecard_sigmoid,threshold_only,0.5,,,,benchmark,2,1,2.0,1981,1981.0,1981.0,0,0.0,219,446,881,0,1327,3.0,,,,,,,,,Threshold-only policy; review cost does not affect cost.,False,6.225,7.0
taiwan,validation,Scorecard benchmark threshold 0.50,scorecard_sigmoid,threshold_only,0.5,,,,benchmark,3,1,0.1,2862,2862.0,2862.0,0,0.0,219,446,881,0,1327,7.0,,,,,,,,,Threshold-only policy; review cost does not affect cost.,False,6.225,7.0
taiwan,validation,Scorecard benchmark threshold 0.50,scorecard_sigmoid,threshold_only,0.5,,,,benchmark,3,1,0.25,2862,2862.0,2862.0,0,0.0,219,446,881,0,1327,7.0,,,,,,,,,Threshold-only policy; review cost does not affect cost.,False,6.225,7.0
taiwan,validation,Scorecard benchmark threshold 0.50,scorecard_sigmoid,threshold_only,0.5,,,,benchmark,3,1,0.5,2862,2862.0,2862.0,0,0.0,219,446,881,0,1327,7.0,,,,,,,,,Threshold-only policy; review cost does not affect cost.,False,6.225,7.0
taiwan,validation,Scorecard benchmark threshold 0.50,scorecard_sigmoid,threshold_only,0.5,,,,benchmark,3,1,1.0,2862,2862.0,2862.0,0,0.0,219,446,881,0,1327,3.0,,,,,,,,,Threshold-only policy; review cost does not affect cost.,False,6.225,7.0
taiwan,validation,Scorecard benchmark threshold 0.50,scorecard_sigmoid,threshold_only,0.5,,,,benchmark,3,1,2.0,2862,2862.0,2862.0,0,0.0,219,446,881,0,1327,3.0,,,,,,,,,Threshold-only policy; review cost does not affect cost.,False,6.225,7.0
taiwan,validation,Scorecard benchmark threshold 0.50,scorecard_sigmoid,threshold_only,0.5,,,,benchmark,5,1,0.1,4624,4624.0,4624.0,0,0.0,219,446,881,0,1327,7.0,,,,,,,,,Threshold-only policy; review cost does not affect cost.,False,6.225,7.0
taiwan,validation,Scorecard benchmark threshold 0.50,scorecard_sigmoid,threshold_only,0.5,,,,benchmark,5,1,0.25,4624,4624.0,4624.0,0,0.0,219,446,881,0,1327,7.0,,,,,,,,,Threshold-only policy; review cost does not affect cost.,False,6.225,7.0
taiwan,validation,Scorecard benchmark threshold 0.50,scorecard_sigmoid,threshold_only,0.5,,,,benchmark,5,1,0.5,4624,4624.0,4624.0,0,0.0,219,446,881,0,1327,7.0,,,,,,,,,Threshold-only policy; review cost does not affect cost.,False,6.225,7.0
taiwan,validation,Scorecard benchmark threshold 0.50,scorecard_sigmoid,threshold_only,0.5,,,,benchmark,5,1,1.0,4624,4624.0,4624.0,0,0.0,219,446,881,0,1327,7.0,,,,,,,,,Threshold-only policy; review cost does not affect cost.,False,6.225,7.0
taiwan,validation,Scorecard benchmark threshold 0.50,scorecard_sigmoid,threshold_only,0.5,,,,benchmark,5,1,2.0,4624,4624.0,4624.0,0,0.0,219,446,881,0,1327,3.0,,,,,,,,,Threshold-only policy; review cost does not affect cost.,False,6.225,7.0
taiwan,validation,Scorecard benchmark threshold 0.50,scorecard_sigmoid,threshold_only,0.5,,,,benchmark,5,2,0.1,4843,4843.0,4843.0,0,0.0,219,446,881,0,1327,7.0,,,,,,,,,Threshold-only policy; review cost does not affect cost.,False,6.225,7.0
taiwan,validation,Scorecard benchmark threshold 0.50,scorecard_sigmoid,threshold_only,0.5,,,,benchmark,5,2,0.25,4843,4843.0,4843.0,0,0.0,219,446,881,0,1327,7.0,,,,,,,,,Threshold-only policy; review cost does not affect cost.,False,6.225,7.0
taiwan,validation,Scorecard benchmark threshold 0.50,scorecard_sigmoid,threshold_only,0.5,,,,benchmark,5,2,0.5,4843,4843.0,4843.0,0,0.0,219,446,881,0,1327,7.0,,,,,,,,,Threshold-only policy; review cost does not affect cost.,False,6.225,7.0
taiwan,validation,Scorecard benchmark threshold 0.50,scorecard_sigmoid,threshold_only,0.5,,,,benchmark,5,2,1.0,4843,4843.0,4843.0,0,0.0,219,446,881,0,1327,7.0,,,,,,,,,Threshold-only policy; review cost does not affect cost.,False,6.225,7.0
taiwan,validation,Scorecard benchmark threshold 0.50,scorecard_sigmoid,threshold_only,0.5,,,,benchmark,5,2,2.0,4843,4843.0,4843.0,0,0.0,219,446,881,0,1327,3.0,,,,,,,,,Threshold-only policy; review cost does not affect cost.,False,6.225,7.0
taiwan,validation,Scorecard benchmark threshold 0.50,scorecard_sigmoid,threshold_only,0.5,,,,benchmark,5,3,0.1,5062,5062.0,5062.0,0,0.0,219,446,881,0,1327,7.0,,,,,,,,,Threshold-only policy; review cost does not affect cost.,False,6.225,7.0
taiwan,validation,Scorecard benchmark threshold 0.50,scorecard_sigmoid,threshold_only,0.5,,,,benchmark,5,3,0.25,5062,5062.0,5062.0,0,0.0,219,446,881,0,1327,7.0,,,,,,,,,Threshold-only policy; review cost does not affect cost.,False,6.225,7.0
taiwan,validation,Scorecard benchmark threshold 0.50,scorecard_sigmoid,threshold_only,0.5,,,,benchmark,5,3,0.5,5062,5062.0,5062.0,0,0.0,219,446,881,0,1327,7.0,,,,,,,,,Threshold-only policy; review cost does not affect cost.,False,6.225,7.0
taiwan,validation,Scorecard benchmark threshold 0.50,scorecard_sigmoid,threshold_only,0.5,,,,benchmark,5,3,1.0,5062,5062.0,5062.0,0,0.0,219,446,881,0,1327,6.0,,,,,,,,,Threshold-only policy; review cost does not affect cost.,False,6.225,7.0
taiwan,validation,Scorecard benchmark threshold 0.50,scorecard_sigmoid,threshold_only,0.5,,,,benchmark,5,3,2.0,5062,5062.0,5062.0,0,0.0,219,446,881,0,1327,3.0,,,,,,,,,Threshold-only policy; review cost does not affect cost.,False,6.225,7.0
taiwan,validation,Scorecard benchmark threshold 0.50,scorecard_sigmoid,threshold_only,0.5,,,,benchmark,10,1,0.1,9029,9029.0,9029.0,0,0.0,219,446,881,0,1327,7.0,,,,,,,,,Threshold-only policy; review cost does not affect cost.,False,6.225,7.0
taiwan,validation,Scorecard benchmark threshold 0.50,scorecard_sigmoid,threshold_only,0.5,,,,benchmark,10,1,0.25,9029,9029.0,9029.0,0,0.0,219,446,881,0,1327,7.0,,,,,,,,,Threshold-only policy; review cost does not affect cost.,False,6.225,7.0
taiwan,validation,Scorecard benchmark threshold 0.50,scorecard_sigmoid,threshold_only,0.5,,,,benchmark,10,1,0.5,9029,9029.0,9029.0,0,0.0,219,446,881,0,1327,7.0,,,,,,,,,Threshold-only policy; review cost does not affect cost.,False,6.225,7.0
taiwan,validation,Scorecard benchmark threshold 0.50,scorecard_sigmoid,threshold_only,0.5,,,,benchmark,10,1,1.0,9029,9029.0,9029.0,0,0.0,219,446,881,0,1327,7.0,,,,,,,,,Threshold-only policy; review cost does not affect cost.,False,6.225,7.0
taiwan,validation,Scorecard benchmark threshold 0.50,scorecard_sigmoid,threshold_only,0.5,,,,benchmark,10,1,2.0,9029,9029.0,9029.0,0,0.0,219,446,881,0,1327,7.0,,,,,,,,,Threshold-only policy; review cost does not affect cost.,False,6.225,7.0
taiwan,validation,Scorecard benchmark threshold 0.50,scorecard_sigmoid,threshold_only,0.5,,,,benchmark,10,2,0.1,9248,9248.0,9248.0,0,0.0,219,446,881,0,1327,7.0,,,,,,,,,Threshold-only policy; review cost does not affect cost.,False,6.225,7.0
taiwan,validation,Scorecard benchmark threshold 0.50,scorecard_sigmoid,threshold_only,0.5,,,,benchmark,10,2,0.25,9248,9248.0,9248.0,0,0.0,219,446,881,0,1327,7.0,,,,,,,,,Threshold-only policy; review cost does not affect cost.,False,6.225,7.0
taiwan,validation,Scorecard benchmark threshold 0.50,scorecard_sigmoid,threshold_only,0.5,,,,benchmark,10,2,0.5,9248,9248.0,9248.0,0,0.0,219,446,881,0,1327,7.0,,,,,,,,,Threshold-only policy; review cost does not affect cost.,False,6.225,7.0
taiwan,validation,Scorecard benchmark threshold 0.50,scorecard_sigmoid,threshold_only,0.5,,,,benchmark,10,2,1.0,9248,9248.0,9248.0,0,0.0,219,446,881,0,1327,7.0,,,,,,,,,Threshold-only policy; review cost does not affect cost.,False,6.225,7.0
taiwan,validation,Scorecard benchmark threshold 0.50,scorecard_sigmoid,threshold_only,0.5,,,,benchmark,10,2,2.0,9248,9248.0,9248.0,0,0.0,219,446,881,0,1327,7.0,,,,,,,,,Threshold-only policy; review cost does not affect cost.,False,6.225,7.0
taiwan,validation,Scorecard benchmark threshold 0.50,scorecard_sigmoid,threshold_only,0.5,,,,benchmark,10,3,0.1,9467,9467.0,9467.0,0,0.0,219,446,881,0,1327,7.0,,,,,,,,,Threshold-only policy; review cost does not affect cost.,False,6.225,7.0
taiwan,validation,Scorecard benchmark threshold 0.50,scorecard_sigmoid,threshold_only,0.5,,,,benchmark,10,3,0.25,9467,9467.0,9467.0,0,0.0,219,446,881,0,1327,7.0,,,,,,,,,Threshold-only policy; review cost does not affect cost.,False,6.225,7.0
taiwan,validation,Scorecard benchmark threshold 0.50,scorecard_sigmoid,threshold_only,0.5,,,,benchmark,10,3,0.5,9467,9467.0,9467.0,0,0.0,219,446,881,0,1327,7.0,,,,,,,,,Threshold-only policy; review cost does not affect cost.,False,6.225,7.0
taiwan,validation,Scorecard benchmark threshold 0.50,scorecard_sigmoid,threshold_only,0.5,,,,benchmark,10,3,1.0,9467,9467.0,9467.0,0,0.0,219,446,881,0,1327,7.0,,,,,,,,,Threshold-only policy; review cost does not affect cost.,False,6.225,7.0
taiwan,validation,Scorecard benchmark threshold 0.50,scorecard_sigmoid,threshold_only,0.5,,,,benchmark,10,3,2.0,9467,9467.0,9467.0,0,0.0,219,446,881,0,1327,7.0,,,,,,,,,Threshold-only policy; review cost does not affect cost.,False,6.225,7.0
taiwan,locked_test,Scorecard benchmark threshold 0.50,scorecard_sigmoid,threshold_only,0.5,,,,benchmark,2,1,0.1,1948,1948.0,1948.0,0,0.0,234,470,857,0,1327,7.0,,,,,,,,,Threshold-only policy; review cost does not affect cost.,False,4.95,6.0
taiwan,locked_test,Scorecard benchmark threshold 0.50,scorecard_sigmoid,threshold_only,0.5,,,,benchmark,2,1,0.25,1948,1948.0,1948.0,0,0.0,234,470,857,0,1327,7.0,,,,,,,,,Threshold-only policy; review cost does not affect cost.,False,4.95,6.0
taiwan,locked_test,Scorecard benchmark threshold 0.50,scorecard_sigmoid,threshold_only,0.5,,,,benchmark,2,1,0.5,1948,1948.0,1948.0,0,0.0,234,470,857,0,1327,5.0,,,,,,,,,Threshold-only policy; review cost does not affect cost.,False,4.95,6.0
taiwan,locked_test,Scorecard benchmark threshold 0.50,scorecard_sigmoid,threshold_only,0.5,,,,benchmark,2,1,1.0,1948,1948.0,1948.0,0,0.0,234,470,857,0,1327,3.0,,,,,,,,,Threshold-only policy; review cost does not affect cost.,False,4.95,6.0
taiwan,locked_test,Scorecard benchmark threshold 0.50,scorecard_sigmoid,threshold_only,0.5,,,,benchmark,2,1,2.0,1948,1948.0,1948.0,0,0.0,234,470,857,0,1327,3.0,,,,,,,,,Threshold-only policy; review cost does not affect cost.,False,4.95,6.0
taiwan,locked_test,Scorecard benchmark threshold 0.50,scorecard_sigmoid,threshold_only,0.5,,,,benchmark,3,1,0.1,2805,2805.0,2805.0,0,0.0,234,470,857,0,1327,5.0,,,,,,,,,Threshold-only policy; review cost does not affect cost.,False,4.95,6.0
taiwan,locked_test,Scorecard benchmark threshold 0.50,scorecard_sigmoid,threshold_only,0.5,,,,benchmark,3,1,0.25,2805,2805.0,2805.0,0,0.0,234,470,857,0,1327,5.0,,,,,,,,,Threshold-only policy; review cost does not affect cost.,False,4.95,6.0
taiwan,locked_test,Scorecard benchmark threshold 0.50,scorecard_sigmoid,threshold_only,0.5,,,,benchmark,3,1,0.5,2805,2805.0,2805.0,0,0.0,234,470,857,0,1327,5.0,,,,,,,,,Threshold-only policy; review cost does not affect cost.,False,4.95,6.0
taiwan,locked_test,Scorecard benchmark threshold 0.50,scorecard_sigmoid,threshold_only,0.5,,,,benchmark,3,1,1.0,2805,2805.0,2805.0,0,0.0,234,470,857,0,1327,1.0,,,,,,,,,Threshold-only policy; review cost does not affect cost.,False,4.95,6.0
taiwan,locked_test,Scorecard benchmark threshold 0.50,scorecard_sigmoid,threshold_only,0.5,,,,benchmark,3,1,2.0,2805,2805.0,2805.0,0,0.0,234,470,857,0,1327,1.0,,,,,,,,,Threshold-only policy; review cost does not affect cost.,False,4.95,6.0
taiwan,locked_test,Scorecard benchmark threshold 0.50,scorecard_sigmoid,threshold_only,0.5,,,,benchmark,5,1,0.1,4519,4519.0,4519.0,0,0.0,234,470,857,0,1327,5.0,,,,,,,,,Threshold-only policy; review cost does not affect cost.,False,4.95,6.0
taiwan,locked_test,Scorecard benchmark threshold 0.50,scorecard_sigmoid,threshold_only,0.5,,,,benchmark,5,1,0.25,4519,4519.0,4519.0,0,0.0,234,470,857,0,1327,5.0,,,,,,,,,Threshold-only policy; review cost does not affect cost.,False,4.95,6.0
taiwan,locked_test,Scorecard benchmark threshold 0.50,scorecard_sigmoid,threshold_only,0.5,,,,benchmark,5,1,0.5,4519,4519.0,4519.0,0,0.0,234,470,857,0,1327,5.0,,,,,,,,,Threshold-only policy; review cost does not affect cost.,False,4.95,6.0
taiwan,locked_test,Scorecard benchmark threshold 0.50,scorecard_sigmoid,threshold_only,0.5,,,,benchmark,5,1,1.0,4519,4519.0,4519.0,0,0.0,234,470,857,0,1327,5.0,,,,,,,,,Threshold-only policy; review cost does not affect cost.,False,4.95,6.0
taiwan,locked_test,Scorecard benchmark threshold 0.50,scorecard_sigmoid,threshold_only,0.5,,,,benchmark,5,1,2.0,4519,4519.0,4519.0,0,0.0,234,470,857,0,1327,1.0,,,,,,,,,Threshold-only policy; review cost does not affect cost.,False,4.95,6.0
taiwan,locked_test,Scorecard benchmark threshold 0.50,scorecard_sigmoid,threshold_only,0.5,,,,benchmark,5,2,0.1,4753,4753.0,4753.0,0,0.0,234,470,857,0,1327,7.0,,,,,,,,,Threshold-only policy; review cost does not affect cost.,False,4.95,6.0
taiwan,locked_test,Scorecard benchmark threshold 0.50,scorecard_sigmoid,threshold_only,0.5,,,,benchmark,5,2,0.25,4753,4753.0,4753.0,0,0.0,234,470,857,0,1327,7.0,,,,,,,,,Threshold-only policy; review cost does not affect cost.,False,4.95,6.0
taiwan,locked_test,Scorecard benchmark threshold 0.50,scorecard_sigmoid,threshold_only,0.5,,,,benchmark,5,2,0.5,4753,4753.0,4753.0,0,0.0,234,470,857,0,1327,7.0,,,,,,,,,Threshold-only policy; review cost does not affect cost.,False,4.95,6.0
taiwan,locked_test,Scorecard benchmark threshold 0.50,scorecard_sigmoid,threshold_only,0.5,,,,benchmark,5,2,1.0,4753,4753.0,4753.0,0,0.0,234,470,857,0,1327,7.0,,,,,,,,,Threshold-only policy; review cost does not affect cost.,False,4.95,6.0
taiwan,locked_test,Scorecard benchmark threshold 0.50,scorecard_sigmoid,threshold_only,0.5,,,,benchmark,5,2,2.0,4753,4753.0,4753.0,0,0.0,234,470,857,0,1327,3.0,,,,,,,,,Threshold-only policy; review cost does not affect cost.,False,4.95,6.0
taiwan,locked_test,Scorecard benchmark threshold 0.50,scorecard_sigmoid,threshold_only,0.5,,,,benchmark,5,3,0.1,4987,4987.0,4987.0,0,0.0,234,470,857,0,1327,7.0,,,,,,,,,Threshold-only policy; review cost does not affect cost.,False,4.95,6.0
taiwan,locked_test,Scorecard benchmark threshold 0.50,scorecard_sigmoid,threshold_only,0.5,,,,benchmark,5,3,0.25,4987,4987.0,4987.0,0,0.0,234,470,857,0,1327,7.0,,,,,,,,,Threshold-only policy; review cost does not affect cost.,False,4.95,6.0
taiwan,locked_test,Scorecard benchmark threshold 0.50,scorecard_sigmoid,threshold_only,0.5,,,,benchmark,5,3,0.5,4987,4987.0,4987.0,0,0.0,234,470,857,0,1327,7.0,,,,,,,,,Threshold-only policy; review cost does not affect cost.,False,4.95,6.0
taiwan,locked_test,Scorecard benchmark threshold 0.50,scorecard_sigmoid,threshold_only,0.5,,,,benchmark,5,3,1.0,4987,4987.0,4987.0,0,0.0,234,470,857,0,1327,6.0,,,,,,,,,Threshold-only policy; review cost does not affect cost.,False,4.95,6.0
taiwan,locked_test,Scorecard benchmark threshold 0.50,scorecard_sigmoid,threshold_only,0.5,,,,benchmark,5,3,2.0,4987,4987.0,4987.0,0,0.0,234,470,857,0,1327,3.0,,,,,,,,,Threshold-only policy; review cost does not affect cost.,False,4.95,6.0
taiwan,locked_test,Scorecard benchmark threshold 0.50,scorecard_sigmoid,threshold_only,0.5,,,,benchmark,10,1,0.1,8804,8804.0,8804.0,0,0.0,234,470,857,0,1327,5.0,,,,,,,,,Threshold-only policy; review cost does not affect cost.,False,4.95,6.0
taiwan,locked_test,Scorecard benchmark threshold 0.50,scorecard_sigmoid,threshold_only,0.5,,,,benchmark,10,1,0.25,8804,8804.0,8804.0,0,0.0,234,470,857,0,1327,5.0,,,,,,,,,Threshold-only policy; review cost does not affect cost.,False,4.95,6.0
taiwan,locked_test,Scorecard benchmark threshold 0.50,scorecard_sigmoid,threshold_only,0.5,,,,benchmark,10,1,0.5,8804,8804.0,8804.0,0,0.0,234,470,857,0,1327,5.0,,,,,,,,,Threshold-only policy; review cost does not affect cost.,False,4.95,6.0
taiwan,locked_test,Scorecard benchmark threshold 0.50,scorecard_sigmoid,threshold_only,0.5,,,,benchmark,10,1,1.0,8804,8804.0,8804.0,0,0.0,234,470,857,0,1327,5.0,,,,,,,,,Threshold-only policy; review cost does not affect cost.,False,4.95,6.0
taiwan,locked_test,Scorecard benchmark threshold 0.50,scorecard_sigmoid,threshold_only,0.5,,,,benchmark,10,1,2.0,8804,8804.0,8804.0,0,0.0,234,470,857,0,1327,4.0,,,,,,,,,Threshold-only policy; review cost does not affect cost.,False,4.95,6.0
taiwan,locked_test,Scorecard benchmark threshold 0.50,scorecard_sigmoid,threshold_only,0.5,,,,benchmark,10,2,0.1,9038,9038.0,9038.0,0,0.0,234,470,857,0,1327,5.0,,,,,,,,,Threshold-only policy; review cost does not affect cost.,False,4.95,6.0
taiwan,locked_test,Scorecard benchmark threshold 0.50,scorecard_sigmoid,threshold_only,0.5,,,,benchmark,10,2,0.25,9038,9038.0,9038.0,0,0.0,234,470,857,0,1327,5.0,,,,,,,,,Threshold-only policy; review cost does not affect cost.,False,4.95,6.0
taiwan,locked_test,Scorecard benchmark threshold 0.50,scorecard_sigmoid,threshold_only,0.5,,,,benchmark,10,2,0.5,9038,9038.0,9038.0,0,0.0,234,470,857,0,1327,5.0,,,,,,,,,Threshold-only policy; review cost does not affect cost.,False,4.95,6.0
taiwan,locked_test,Scorecard benchmark threshold 0.50,scorecard_sigmoid,threshold_only,0.5,,,,benchmark,10,2,1.0,9038,9038.0,9038.0,0,0.0,234,470,857,0,1327,5.0,,,,,,,,,Threshold-only policy; review cost does not affect cost.,False,4.95,6.0
taiwan,locked_test,Scorecard benchmark threshold 0.50,scorecard_sigmoid,threshold_only,0.5,,,,benchmark,10,2,2.0,9038,9038.0,9038.0,0,0.0,234,470,857,0,1327,5.0,,,,,,,,,Threshold-only policy; review cost does not affect cost.,False,4.95,6.0
taiwan,locked_test,Scorecard benchmark threshold 0.50,scorecard_sigmoid,threshold_only,0.5,,,,benchmark,10,3,0.1,9272,9272.0,9272.0,0,0.0,234,470,857,0,1327,5.0,,,,,,,,,Threshold-only policy; review cost does not affect cost.,False,4.95,6.0
taiwan,locked_test,Scorecard benchmark threshold 0.50,scorecard_sigmoid,threshold_only,0.5,,,,benchmark,10,3,0.25,9272,9272.0,9272.0,0,0.0,234,470,857,0,1327,5.0,,,,,,,,,Threshold-only policy; review cost does not affect cost.,False,4.95,6.0
taiwan,locked_test,Scorecard benchmark threshold 0.50,scorecard_sigmoid,threshold_only,0.5,,,,benchmark,10,3,0.5,9272,9272.0,9272.0,0,0.0,234,470,857,0,1327,5.0,,,,,,,,,Threshold-only policy; review cost does not affect cost.,False,4.95,6.0
taiwan,locked_test,Scorecard benchmark threshold 0.50,scorecard_sigmoid,threshold_only,0.5,,,,benchmark,10,3,1.0,9272,9272.0,9272.0,0,0.0,234,470,857,0,1327,5.0,,,,,,,,,Threshold-only policy; review cost does not affect cost.,False,4.95,6.0
taiwan,locked_test,Scorecard benchmark threshold 0.50,scorecard_sigmoid,threshold_only,0.5,,,,benchmark,10,3,2.0,9272,9272.0,9272.0,0,0.0,234,470,857,0,1327,5.0,,,,,,,,,Threshold-only policy; review cost does not affect cost.,False,4.95,6.0
taiwan,validation,CatBoost benchmark threshold 0.50,catboost_isotonic,threshold_only,0.5,,,,benchmark,2,1,0.1,1934,1934.0,1934.0,0,0.0,214,467,860,0,1327,6.0,,,,,,,,,Threshold-only policy; review cost does not affect cost.,False,5.225,6.0
taiwan,validation,CatBoost benchmark threshold 0.50,catboost_isotonic,threshold_only,0.5,,,,benchmark,2,1,0.25,1934,1934.0,1934.0,0,0.0,214,467,860,0,1327,6.0,,,,,,,,,Threshold-only policy; review cost does not affect cost.,False,5.225,6.0
taiwan,validation,CatBoost benchmark threshold 0.50,catboost_isotonic,threshold_only,0.5,,,,benchmark,2,1,0.5,1934,1934.0,1934.0,0,0.0,214,467,860,0,1327,4.0,,,,,,,,,Threshold-only policy; review cost does not affect cost.,False,5.225,6.0
taiwan,validation,CatBoost benchmark threshold 0.50,catboost_isotonic,threshold_only,0.5,,,,benchmark,2,1,1.0,1934,1934.0,1934.0,0,0.0,214,467,860,0,1327,2.0,,,,,,,,,Threshold-only policy; review cost does not affect cost.,False,5.225,6.0
taiwan,validation,CatBoost benchmark threshold 0.50,catboost_isotonic,threshold_only,0.5,,,,benchmark,2,1,2.0,1934,1934.0,1934.0,0,0.0,214,467,860,0,1327,2.0,,,,,,,,,Threshold-only policy; review cost does not affect cost.,False,5.225,6.0
taiwan,validation,CatBoost benchmark threshold 0.50,catboost_isotonic,threshold_only,0.5,,,,benchmark,3,1,0.1,2794,2794.0,2794.0,0,0.0,214,467,860,0,1327,6.0,,,,,,,,,Threshold-only policy; review cost does not affect cost.,False,5.225,6.0
taiwan,validation,CatBoost benchmark threshold 0.50,catboost_isotonic,threshold_only,0.5,,,,benchmark,3,1,0.25,2794,2794.0,2794.0,0,0.0,214,467,860,0,1327,6.0,,,,,,,,,Threshold-only policy; review cost does not affect cost.,False,5.225,6.0
taiwan,validation,CatBoost benchmark threshold 0.50,catboost_isotonic,threshold_only,0.5,,,,benchmark,3,1,0.5,2794,2794.0,2794.0,0,0.0,214,467,860,0,1327,6.0,,,,,,,,,Threshold-only policy; review cost does not affect cost.,False,5.225,6.0
taiwan,validation,CatBoost benchmark threshold 0.50,catboost_isotonic,threshold_only,0.5,,,,benchmark,3,1,1.0,2794,2794.0,2794.0,0,0.0,214,467,860,0,1327,2.0,,,,,,,,,Threshold-only policy; review cost does not affect cost.,False,5.225,6.0
taiwan,validation,CatBoost benchmark threshold 0.50,catboost_isotonic,threshold_only,0.5,,,,benchmark,3,1,2.0,2794,2794.0,2794.0,0,0.0,214,467,860,0,1327,2.0,,,,,,,,,Threshold-only policy; review cost does not affect cost.,False,5.225,6.0
taiwan,validation,CatBoost benchmark threshold 0.50,catboost_isotonic,threshold_only,0.5,,,,benchmark,5,1,0.1,4514,4514.0,4514.0,0,0.0,214,467,860,0,1327,6.0,,,,,,,,,Threshold-only policy; review cost does not affect cost.,False,5.225,6.0
taiwan,validation,CatBoost benchmark threshold 0.50,catboost_isotonic,threshold_only,0.5,,,,benchmark,5,1,0.25,4514,4514.0,4514.0,0,0.0,214,467,860,0,1327,6.0,,,,,,,,,Threshold-only policy; review cost does not affect cost.,False,5.225,6.0
taiwan,validation,CatBoost benchmark threshold 0.50,catboost_isotonic,threshold_only,0.5,,,,benchmark,5,1,0.5,4514,4514.0,4514.0,0,0.0,214,467,860,0,1327,6.0,,,,,,,,,Threshold-only policy; review cost does not affect cost.,False,5.225,6.0
taiwan,validation,CatBoost benchmark threshold 0.50,catboost_isotonic,threshold_only,0.5,,,,benchmark,5,1,1.0,4514,4514.0,4514.0,0,0.0,214,467,860,0,1327,6.0,,,,,,,,,Threshold-only policy; review cost does not affect cost.,False,5.225,6.0
taiwan,validation,CatBoost benchmark threshold 0.50,catboost_isotonic,threshold_only,0.5,,,,benchmark,5,1,2.0,4514,4514.0,4514.0,0,0.0,214,467,860,0,1327,2.0,,,,,,,,,Threshold-only policy; review cost does not affect cost.,False,5.225,6.0
taiwan,validation,CatBoost benchmark threshold 0.50,catboost_isotonic,threshold_only,0.5,,,,benchmark,5,2,0.1,4728,4728.0,4728.0,0,0.0,214,467,860,0,1327,6.0,,,,,,,,,Threshold-only policy; review cost does not affect cost.,False,5.225,6.0
taiwan,validation,CatBoost benchmark threshold 0.50,catboost_isotonic,threshold_only,0.5,,,,benchmark,5,2,0.25,4728,4728.0,4728.0,0,0.0,214,467,860,0,1327,6.0,,,,,,,,,Threshold-only policy; review cost does not affect cost.,False,5.225,6.0
taiwan,validation,CatBoost benchmark threshold 0.50,catboost_isotonic,threshold_only,0.5,,,,benchmark,5,2,0.5,4728,4728.0,4728.0,0,0.0,214,467,860,0,1327,6.0,,,,,,,,,Threshold-only policy; review cost does not affect cost.,False,5.225,6.0
taiwan,validation,CatBoost benchmark threshold 0.50,catboost_isotonic,threshold_only,0.5,,,,benchmark,5,2,1.0,4728,4728.0,4728.0,0,0.0,214,467,860,0,1327,6.0,,,,,,,,,Threshold-only policy; review cost does not affect cost.,False,5.225,6.0
taiwan,validation,CatBoost benchmark threshold 0.50,catboost_isotonic,threshold_only,0.5,,,,benchmark,5,2,2.0,4728,4728.0,4728.0,0,0.0,214,467,860,0,1327,2.0,,,,,,,,,Threshold-only policy; review cost does not affect cost.,False,5.225,6.0
taiwan,validation,CatBoost benchmark threshold 0.50,catboost_isotonic,threshold_only,0.5,,,,benchmark,5,3,0.1,4942,4942.0,4942.0,0,0.0,214,467,860,0,1327,6.0,,,,,,,,,Threshold-only policy; review cost does not affect cost.,False,5.225,6.0
taiwan,validation,CatBoost benchmark threshold 0.50,catboost_isotonic,threshold_only,0.5,,,,benchmark,5,3,0.25,4942,4942.0,4942.0,0,0.0,214,467,860,0,1327,6.0,,,,,,,,,Threshold-only policy; review cost does not affect cost.,False,5.225,6.0
taiwan,validation,CatBoost benchmark threshold 0.50,catboost_isotonic,threshold_only,0.5,,,,benchmark,5,3,0.5,4942,4942.0,4942.0,0,0.0,214,467,860,0,1327,6.0,,,,,,,,,Threshold-only policy; review cost does not affect cost.,False,5.225,6.0
taiwan,validation,CatBoost benchmark threshold 0.50,catboost_isotonic,threshold_only,0.5,,,,benchmark,5,3,1.0,4942,4942.0,4942.0,0,0.0,214,467,860,0,1327,5.0,,,,,,,,,Threshold-only policy; review cost does not affect cost.,False,5.225,6.0
taiwan,validation,CatBoost benchmark threshold 0.50,catboost_isotonic,threshold_only,0.5,,,,benchmark,5,3,2.0,4942,4942.0,4942.0,0,0.0,214,467,860,0,1327,2.0,,,,,,,,,Threshold-only policy; review cost does not affect cost.,False,5.225,6.0
taiwan,validation,CatBoost benchmark threshold 0.50,catboost_isotonic,threshold_only,0.5,,,,benchmark,10,1,0.1,8814,8814.0,8814.0,0,0.0,214,467,860,0,1327,6.0,,,,,,,,,Threshold-only policy; review cost does not affect cost.,False,5.225,6.0
taiwan,validation,CatBoost benchmark threshold 0.50,catboost_isotonic,threshold_only,0.5,,,,benchmark,10,1,0.25,8814,8814.0,8814.0,0,0.0,214,467,860,0,1327,6.0,,,,,,,,,Threshold-only policy; review cost does not affect cost.,False,5.225,6.0
taiwan,validation,CatBoost benchmark threshold 0.50,catboost_isotonic,threshold_only,0.5,,,,benchmark,10,1,0.5,8814,8814.0,8814.0,0,0.0,214,467,860,0,1327,6.0,,,,,,,,,Threshold-only policy; review cost does not affect cost.,False,5.225,6.0
taiwan,validation,CatBoost benchmark threshold 0.50,catboost_isotonic,threshold_only,0.5,,,,benchmark,10,1,1.0,8814,8814.0,8814.0,0,0.0,214,467,860,0,1327,6.0,,,,,,,,,Threshold-only policy; review cost does not affect cost.,False,5.225,6.0
taiwan,validation,CatBoost benchmark threshold 0.50,catboost_isotonic,threshold_only,0.5,,,,benchmark,10,1,2.0,8814,8814.0,8814.0,0,0.0,214,467,860,0,1327,6.0,,,,,,,,,Threshold-only policy; review cost does not affect cost.,False,5.225,6.0
taiwan,validation,CatBoost benchmark threshold 0.50,catboost_isotonic,threshold_only,0.5,,,,benchmark,10,2,0.1,9028,9028.0,9028.0,0,0.0,214,467,860,0,1327,6.0,,,,,,,,,Threshold-only policy; review cost does not affect cost.,False,5.225,6.0
taiwan,validation,CatBoost benchmark threshold 0.50,catboost_isotonic,threshold_only,0.5,,,,benchmark,10,2,0.25,9028,9028.0,9028.0,0,0.0,214,467,860,0,1327,6.0,,,,,,,,,Threshold-only policy; review cost does not affect cost.,False,5.225,6.0
taiwan,validation,CatBoost benchmark threshold 0.50,catboost_isotonic,threshold_only,0.5,,,,benchmark,10,2,0.5,9028,9028.0,9028.0,0,0.0,214,467,860,0,1327,6.0,,,,,,,,,Threshold-only policy; review cost does not affect cost.,False,5.225,6.0
taiwan,validation,CatBoost benchmark threshold 0.50,catboost_isotonic,threshold_only,0.5,,,,benchmark,10,2,1.0,9028,9028.0,9028.0,0,0.0,214,467,860,0,1327,6.0,,,,,,,,,Threshold-only policy; review cost does not affect cost.,False,5.225,6.0
taiwan,validation,CatBoost benchmark threshold 0.50,catboost_isotonic,threshold_only,0.5,,,,benchmark,10,2,2.0,9028,9028.0,9028.0,0,0.0,214,467,860,0,1327,6.0,,,,,,,,,Threshold-only policy; review cost does not affect cost.,False,5.225,6.0
taiwan,validation,CatBoost benchmark threshold 0.50,catboost_isotonic,threshold_only,0.5,,,,benchmark,10,3,0.1,9242,9242.0,9242.0,0,0.0,214,467,860,0,1327,6.0,,,,,,,,,Threshold-only policy; review cost does not affect cost.,False,5.225,6.0
taiwan,validation,CatBoost benchmark threshold 0.50,catboost_isotonic,threshold_only,0.5,,,,benchmark,10,3,0.25,9242,9242.0,9242.0,0,0.0,214,467,860,0,1327,6.0,,,,,,,,,Threshold-only policy; review cost does not affect cost.,False,5.225,6.0
taiwan,validation,CatBoost benchmark threshold 0.50,catboost_isotonic,threshold_only,0.5,,,,benchmark,10,3,0.5,9242,9242.0,9242.0,0,0.0,214,467,860,0,1327,6.0,,,,,,,,,Threshold-only policy; review cost does not affect cost.,False,5.225,6.0
taiwan,validation,CatBoost benchmark threshold 0.50,catboost_isotonic,threshold_only,0.5,,,,benchmark,10,3,1.0,9242,9242.0,9242.0,0,0.0,214,467,860,0,1327,6.0,,,,,,,,,Threshold-only policy; review cost does not affect cost.,False,5.225,6.0
taiwan,validation,CatBoost benchmark threshold 0.50,catboost_isotonic,threshold_only,0.5,,,,benchmark,10,3,2.0,9242,9242.0,9242.0,0,0.0,214,467,860,0,1327,6.0,,,,,,,,,Threshold-only policy; review cost does not affect cost.,False,5.225,6.0
taiwan,locked_test,CatBoost benchmark threshold 0.50,catboost_isotonic,threshold_only,0.5,,,,benchmark,2,1,0.1,1946,1946.0,1946.0,0,0.0,226,467,860,0,1327,5.0,,,,,,,,,Threshold-only policy; review cost does not affect cost.,False,5.575,7.0
taiwan,locked_test,CatBoost benchmark threshold 0.50,catboost_isotonic,threshold_only,0.5,,,,benchmark,2,1,0.25,1946,1946.0,1946.0,0,0.0,226,467,860,0,1327,5.0,,,,,,,,,Threshold-only policy; review cost does not affect cost.,False,5.575,7.0
taiwan,locked_test,CatBoost benchmark threshold 0.50,catboost_isotonic,threshold_only,0.5,,,,benchmark,2,1,0.5,1946,1946.0,1946.0,0,0.0,226,467,860,0,1327,3.0,,,,,,,,,Threshold-only policy; review cost does not affect cost.,False,5.575,7.0
taiwan,locked_test,CatBoost benchmark threshold 0.50,catboost_isotonic,threshold_only,0.5,,,,benchmark,2,1,1.0,1946,1946.0,1946.0,0,0.0,226,467,860,0,1327,1.0,,,,,,,,,Threshold-only policy; review cost does not affect cost.,False,5.575,7.0
taiwan,locked_test,CatBoost benchmark threshold 0.50,catboost_isotonic,threshold_only,0.5,,,,benchmark,2,1,2.0,1946,1946.0,1946.0,0,0.0,226,467,860,0,1327,1.0,,,,,,,,,Threshold-only policy; review cost does not affect cost.,False,5.575,7.0
taiwan,locked_test,CatBoost benchmark threshold 0.50,catboost_isotonic,threshold_only,0.5,,,,benchmark,3,1,0.1,2806,2806.0,2806.0,0,0.0,226,467,860,0,1327,7.0,,,,,,,,,Threshold-only policy; review cost does not affect cost.,False,5.575,7.0
taiwan,locked_test,CatBoost benchmark threshold 0.50,catboost_isotonic,threshold_only,0.5,,,,benchmark,3,1,0.25,2806,2806.0,2806.0,0,0.0,226,467,860,0,1327,7.0,,,,,,,,,Threshold-only policy; review cost does not affect cost.,False,5.575,7.0
taiwan,locked_test,CatBoost benchmark threshold 0.50,catboost_isotonic,threshold_only,0.5,,,,benchmark,3,1,0.5,2806,2806.0,2806.0,0,0.0,226,467,860,0,1327,7.0,,,,,,,,,Threshold-only policy; review cost does not affect cost.,False,5.575,7.0
taiwan,locked_test,CatBoost benchmark threshold 0.50,catboost_isotonic,threshold_only,0.5,,,,benchmark,3,1,1.0,2806,2806.0,2806.0,0,0.0,226,467,860,0,1327,3.0,,,,,,,,,Threshold-only policy; review cost does not affect cost.,False,5.575,7.0
taiwan,locked_test,CatBoost benchmark threshold 0.50,catboost_isotonic,threshold_only,0.5,,,,benchmark,3,1,2.0,2806,2806.0,2806.0,0,0.0,226,467,860,0,1327,3.0,,,,,,,,,Threshold-only policy; review cost does not affect cost.,False,5.575,7.0
taiwan,locked_test,CatBoost benchmark threshold 0.50,catboost_isotonic,threshold_only,0.5,,,,benchmark,5,1,0.1,4526,4526.0,4526.0,0,0.0,226,467,860,0,1327,7.0,,,,,,,,,Threshold-only policy; review cost does not affect cost.,False,5.575,7.0
taiwan,locked_test,CatBoost benchmark threshold 0.50,catboost_isotonic,threshold_only,0.5,,,,benchmark,5,1,0.25,4526,4526.0,4526.0,0,0.0,226,467,860,0,1327,7.0,,,,,,,,,Threshold-only policy; review cost does not affect cost.,False,5.575,7.0
taiwan,locked_test,CatBoost benchmark threshold 0.50,catboost_isotonic,threshold_only,0.5,,,,benchmark,5,1,0.5,4526,4526.0,4526.0,0,0.0,226,467,860,0,1327,7.0,,,,,,,,,Threshold-only policy; review cost does not affect cost.,False,5.575,7.0
taiwan,locked_test,CatBoost benchmark threshold 0.50,catboost_isotonic,threshold_only,0.5,,,,benchmark,5,1,1.0,4526,4526.0,4526.0,0,0.0,226,467,860,0,1327,7.0,,,,,,,,,Threshold-only policy; review cost does not affect cost.,False,5.575,7.0
taiwan,locked_test,CatBoost benchmark threshold 0.50,catboost_isotonic,threshold_only,0.5,,,,benchmark,5,1,2.0,4526,4526.0,4526.0,0,0.0,226,467,860,0,1327,3.0,,,,,,,,,Threshold-only policy; review cost does not affect cost.,False,5.575,7.0
taiwan,locked_test,CatBoost benchmark threshold 0.50,catboost_isotonic,threshold_only,0.5,,,,benchmark,5,2,0.1,4752,4752.0,4752.0,0,0.0,226,467,860,0,1327,6.0,,,,,,,,,Threshold-only policy; review cost does not affect cost.,False,5.575,7.0
taiwan,locked_test,CatBoost benchmark threshold 0.50,catboost_isotonic,threshold_only,0.5,,,,benchmark,5,2,0.25,4752,4752.0,4752.0,0,0.0,226,467,860,0,1327,6.0,,,,,,,,,Threshold-only policy; review cost does not affect cost.,False,5.575,7.0
taiwan,locked_test,CatBoost benchmark threshold 0.50,catboost_isotonic,threshold_only,0.5,,,,benchmark,5,2,0.5,4752,4752.0,4752.0,0,0.0,226,467,860,0,1327,6.0,,,,,,,,,Threshold-only policy; review cost does not affect cost.,False,5.575,7.0
taiwan,locked_test,CatBoost benchmark threshold 0.50,catboost_isotonic,threshold_only,0.5,,,,benchmark,5,2,1.0,4752,4752.0,4752.0,0,0.0,226,467,860,0,1327,6.0,,,,,,,,,Threshold-only policy; review cost does not affect cost.,False,5.575,7.0
taiwan,locked_test,CatBoost benchmark threshold 0.50,catboost_isotonic,threshold_only,0.5,,,,benchmark,5,2,2.0,4752,4752.0,4752.0,0,0.0,226,467,860,0,1327,2.0,,,,,,,,,Threshold-only policy; review cost does not affect cost.,False,5.575,7.0
taiwan,locked_test,CatBoost benchmark threshold 0.50,catboost_isotonic,threshold_only,0.5,,,,benchmark,5,3,0.1,4978,4978.0,4978.0,0,0.0,226,467,860,0,1327,5.0,,,,,,,,,Threshold-only policy; review cost does not affect cost.,False,5.575,7.0
taiwan,locked_test,CatBoost benchmark threshold 0.50,catboost_isotonic,threshold_only,0.5,,,,benchmark,5,3,0.25,4978,4978.0,4978.0,0,0.0,226,467,860,0,1327,5.0,,,,,,,,,Threshold-only policy; review cost does not affect cost.,False,5.575,7.0
taiwan,locked_test,CatBoost benchmark threshold 0.50,catboost_isotonic,threshold_only,0.5,,,,benchmark,5,3,0.5,4978,4978.0,4978.0,0,0.0,226,467,860,0,1327,5.0,,,,,,,,,Threshold-only policy; review cost does not affect cost.,False,5.575,7.0
taiwan,locked_test,CatBoost benchmark threshold 0.50,catboost_isotonic,threshold_only,0.5,,,,benchmark,5,3,1.0,4978,4978.0,4978.0,0,0.0,226,467,860,0,1327,4.0,,,,,,,,,Threshold-only policy; review cost does not affect cost.,False,5.575,7.0
taiwan,locked_test,CatBoost benchmark threshold 0.50,catboost_isotonic,threshold_only,0.5,,,,benchmark,5,3,2.0,4978,4978.0,4978.0,0,0.0,226,467,860,0,1327,1.0,,,,,,,,,Threshold-only policy; review cost does not affect cost.,False,5.575,7.0
taiwan,locked_test,CatBoost benchmark threshold 0.50,catboost_isotonic,threshold_only,0.5,,,,benchmark,10,1,0.1,8826,8826.0,8826.0,0,0.0,226,467,860,0,1327,7.0,,,,,,,,,Threshold-only policy; review cost does not affect cost.,False,5.575,7.0
taiwan,locked_test,CatBoost benchmark threshold 0.50,catboost_isotonic,threshold_only,0.5,,,,benchmark,10,1,0.25,8826,8826.0,8826.0,0,0.0,226,467,860,0,1327,7.0,,,,,,,,,Threshold-only policy; review cost does not affect cost.,False,5.575,7.0
taiwan,locked_test,CatBoost benchmark threshold 0.50,catboost_isotonic,threshold_only,0.5,,,,benchmark,10,1,0.5,8826,8826.0,8826.0,0,0.0,226,467,860,0,1327,7.0,,,,,,,,,Threshold-only policy; review cost does not affect cost.,False,5.575,7.0
taiwan,locked_test,CatBoost benchmark threshold 0.50,catboost_isotonic,threshold_only,0.5,,,,benchmark,10,1,1.0,8826,8826.0,8826.0,0,0.0,226,467,860,0,1327,7.0,,,,,,,,,Threshold-only policy; review cost does not affect cost.,False,5.575,7.0
taiwan,locked_test,CatBoost benchmark threshold 0.50,catboost_isotonic,threshold_only,0.5,,,,benchmark,10,1,2.0,8826,8826.0,8826.0,0,0.0,226,467,860,0,1327,6.0,,,,,,,,,Threshold-only policy; review cost does not affect cost.,False,5.575,7.0
taiwan,locked_test,CatBoost benchmark threshold 0.50,catboost_isotonic,threshold_only,0.5,,,,benchmark,10,2,0.1,9052,9052.0,9052.0,0,0.0,226,467,860,0,1327,7.0,,,,,,,,,Threshold-only policy; review cost does not affect cost.,False,5.575,7.0
taiwan,locked_test,CatBoost benchmark threshold 0.50,catboost_isotonic,threshold_only,0.5,,,,benchmark,10,2,0.25,9052,9052.0,9052.0,0,0.0,226,467,860,0,1327,7.0,,,,,,,,,Threshold-only policy; review cost does not affect cost.,False,5.575,7.0
taiwan,locked_test,CatBoost benchmark threshold 0.50,catboost_isotonic,threshold_only,0.5,,,,benchmark,10,2,0.5,9052,9052.0,9052.0,0,0.0,226,467,860,0,1327,7.0,,,,,,,,,Threshold-only policy; review cost does not affect cost.,False,5.575,7.0
taiwan,locked_test,CatBoost benchmark threshold 0.50,catboost_isotonic,threshold_only,0.5,,,,benchmark,10,2,1.0,9052,9052.0,9052.0,0,0.0,226,467,860,0,1327,7.0,,,,,,,,,Threshold-only policy; review cost does not affect cost.,False,5.575,7.0
taiwan,locked_test,CatBoost benchmark threshold 0.50,catboost_isotonic,threshold_only,0.5,,,,benchmark,10,2,2.0,9052,9052.0,9052.0,0,0.0,226,467,860,0,1327,7.0,,,,,,,,,Threshold-only policy; review cost does not affect cost.,False,5.575,7.0
taiwan,locked_test,CatBoost benchmark threshold 0.50,catboost_isotonic,threshold_only,0.5,,,,benchmark,10,3,0.1,9278,9278.0,9278.0,0,0.0,226,467,860,0,1327,7.0,,,,,,,,,Threshold-only policy; review cost does not affect cost.,False,5.575,7.0
taiwan,locked_test,CatBoost benchmark threshold 0.50,catboost_isotonic,threshold_only,0.5,,,,benchmark,10,3,0.25,9278,9278.0,9278.0,0,0.0,226,467,860,0,1327,7.0,,,,,,,,,Threshold-only policy; review cost does not affect cost.,False,5.575,7.0
taiwan,locked_test,CatBoost benchmark threshold 0.50,catboost_isotonic,threshold_only,0.5,,,,benchmark,10,3,0.5,9278,9278.0,9278.0,0,0.0,226,467,860,0,1327,7.0,,,,,,,,,Threshold-only policy; review cost does not affect cost.,False,5.575,7.0
taiwan,locked_test,CatBoost benchmark threshold 0.50,catboost_isotonic,threshold_only,0.5,,,,benchmark,10,3,1.0,9278,9278.0,9278.0,0,0.0,226,467,860,0,1327,7.0,,,,,,,,,Threshold-only policy; review cost does not affect cost.,False,5.575,7.0
taiwan,locked_test,CatBoost benchmark threshold 0.50,catboost_isotonic,threshold_only,0.5,,,,benchmark,10,3,2.0,9278,9278.0,9278.0,0,0.0,226,467,860,0,1327,7.0,,,,,,,,,Threshold-only policy; review cost does not affect cost.,False,5.575,7.0
heloc,validation,V2 HELOC Scorecard manual-review,scorecard_sigmoid,manual_review_band,,0.16,0.39,,V2 locked policy,2,1,0.1,1125,455.0,455.0,580,0.2938196555217832,369,865,14,148,1027,1.0,,,,,,,,,Manual-review cost changes with review_cost; binary cost is diagnostic only.,False,1.65,1.0
heloc,validation,V2 HELOC Scorecard manual-review,scorecard_sigmoid,manual_review_band,,0.16,0.39,,V2 locked policy,2,1,0.25,1125,542.0,542.0,580,0.2938196555217832,369,865,14,148,1027,1.0,,,,,,,,,Manual-review cost changes with review_cost; binary cost is diagnostic only.,False,1.65,1.0
heloc,validation,V2 HELOC Scorecard manual-review,scorecard_sigmoid,manual_review_band,,0.16,0.39,,V2 locked policy,2,1,0.5,1125,687.0,687.0,580,0.2938196555217832,369,865,14,148,1027,2.0,,,,,,,,,Manual-review cost changes with review_cost; binary cost is diagnostic only.,False,1.65,1.0
heloc,validation,V2 HELOC Scorecard manual-review,scorecard_sigmoid,manual_review_band,,0.16,0.39,,V2 locked policy,2,1,1.0,1125,977.0,977.0,580,0.2938196555217832,369,865,14,148,1027,5.0,,,,,,,,,Manual-review cost changes with review_cost; binary cost is diagnostic only.,False,1.65,1.0
heloc,validation,V2 HELOC Scorecard manual-review,scorecard_sigmoid,manual_review_band,,0.16,0.39,,V2 locked policy,2,1,2.0,1125,1557.0,1557.0,580,0.2938196555217832,369,865,14,148,1027,5.0,,,,,,,,,Manual-review cost changes with review_cost; binary cost is diagnostic only.,False,1.65,1.0
heloc,validation,V2 HELOC Scorecard manual-review,scorecard_sigmoid,manual_review_band,,0.16,0.39,,V2 locked policy,3,1,0.1,1287,469.0,469.0,580,0.2938196555217832,369,865,14,148,1027,1.0,,,,,,,,,Manual-review cost changes with review_cost; binary cost is diagnostic only.,False,1.65,1.0
heloc,validation,V2 HELOC Scorecard manual-review,scorecard_sigmoid,manual_review_band,,0.16,0.39,,V2 locked policy,3,1,0.25,1287,556.0,556.0,580,0.2938196555217832,369,865,14,148,1027,1.0,,,,,,,,,Manual-review cost changes with review_cost; binary cost is diagnostic only.,False,1.65,1.0
heloc,validation,V2 HELOC Scorecard manual-review,scorecard_sigmoid,manual_review_band,,0.16,0.39,,V2 locked policy,3,1,0.5,1287,701.0,701.0,580,0.2938196555217832,369,865,14,148,1027,1.0,,,,,,,,,Manual-review cost changes with review_cost; binary cost is diagnostic only.,False,1.65,1.0
heloc,validation,V2 HELOC Scorecard manual-review,scorecard_sigmoid,manual_review_band,,0.16,0.39,,V2 locked policy,3,1,1.0,1287,991.0,991.0,580,0.2938196555217832,369,865,14,148,1027,2.0,,,,,,,,,Manual-review cost changes with review_cost; binary cost is diagnostic only.,False,1.65,1.0
heloc,validation,V2 HELOC Scorecard manual-review,scorecard_sigmoid,manual_review_band,,0.16,0.39,,V2 locked policy,3,1,2.0,1287,1571.0,1571.0,580,0.2938196555217832,369,865,14,148,1027,5.0,,,,,,,,,Manual-review cost changes with review_cost; binary cost is diagnostic only.,False,1.65,1.0
heloc,validation,V2 HELOC Scorecard manual-review,scorecard_sigmoid,manual_review_band,,0.16,0.39,,V2 locked policy,5,1,0.1,1611,497.0,497.0,580,0.2938196555217832,369,865,14,148,1027,1.0,,,,,,,,,Manual-review cost changes with review_cost; binary cost is diagnostic only.,False,1.65,1.0
heloc,validation,V2 HELOC Scorecard manual-review,scorecard_sigmoid,manual_review_band,,0.16,0.39,,V2 locked policy,5,1,0.25,1611,584.0,584.0,580,0.2938196555217832,369,865,14,148,1027,1.0,,,,,,,,,Manual-review cost changes with review_cost; binary cost is diagnostic only.,False,1.65,1.0
heloc,validation,V2 HELOC Scorecard manual-review,scorecard_sigmoid,manual_review_band,,0.16,0.39,,V2 locked policy,5,1,0.5,1611,729.0,729.0,580,0.2938196555217832,369,865,14,148,1027,1.0,,,,,,,,,Manual-review cost changes with review_cost; binary cost is diagnostic only.,False,1.65,1.0
heloc,validation,V2 HELOC Scorecard manual-review,scorecard_sigmoid,manual_review_band,,0.16,0.39,,V2 locked policy,5,1,1.0,1611,1019.0,1019.0,580,0.2938196555217832,369,865,14,148,1027,1.0,,,,,,,,,Manual-review cost changes with review_cost; binary cost is diagnostic only.,False,1.65,1.0
heloc,validation,V2 HELOC Scorecard manual-review,scorecard_sigmoid,manual_review_band,,0.16,0.39,,V2 locked policy,5,1,2.0,1611,1599.0,1599.0,580,0.2938196555217832,369,865,14,148,1027,5.0,,,,,,,,,Manual-review cost changes with review_cost; binary cost is diagnostic only.,False,1.65,1.0
heloc,validation,V2 HELOC Scorecard manual-review,scorecard_sigmoid,manual_review_band,,0.16,0.39,,V2 locked policy,5,2,0.1,2412,866.0,866.0,580,0.2938196555217832,369,865,14,148,1027,1.0,,,,,,,,,Manual-review cost changes with review_cost; binary cost is diagnostic only.,False,1.65,1.0
heloc,validation,V2 HELOC Scorecard manual-review,scorecard_sigmoid,manual_review_band,,0.16,0.39,,V2 locked policy,5,2,0.25,2412,953.0,953.0,580,0.2938196555217832,369,865,14,148,1027,1.0,,,,,,,,,Manual-review cost changes with review_cost; binary cost is diagnostic only.,False,1.65,1.0
heloc,validation,V2 HELOC Scorecard manual-review,scorecard_sigmoid,manual_review_band,,0.16,0.39,,V2 locked policy,5,2,0.5,2412,1098.0,1098.0,580,0.2938196555217832,369,865,14,148,1027,1.0,,,,,,,,,Manual-review cost changes with review_cost; binary cost is diagnostic only.,False,1.65,1.0
heloc,validation,V2 HELOC Scorecard manual-review,scorecard_sigmoid,manual_review_band,,0.16,0.39,,V2 locked policy,5,2,1.0,2412,1388.0,1388.0,580,0.2938196555217832,369,865,14,148,1027,1.0,,,,,,,,,Manual-review cost changes with review_cost; binary cost is diagnostic only.,False,1.65,1.0
heloc,validation,V2 HELOC Scorecard manual-review,scorecard_sigmoid,manual_review_band,,0.16,0.39,,V2 locked policy,5,2,2.0,2412,1968.0,1968.0,580,0.2938196555217832,369,865,14,148,1027,5.0,,,,,,,,,Manual-review cost changes with review_cost; binary cost is diagnostic only.,False,1.65,1.0
heloc,validation,V2 HELOC Scorecard manual-review,scorecard_sigmoid,manual_review_band,,0.16,0.39,,V2 locked policy,5,3,0.1,3213,1235.0,1235.0,580,0.2938196555217832,369,865,14,148,1027,1.0,,,,,,,,,Manual-review cost changes with review_cost; binary cost is diagnostic only.,False,1.65,1.0
heloc,validation,V2 HELOC Scorecard manual-review,scorecard_sigmoid,manual_review_band,,0.16,0.39,,V2 locked policy,5,3,0.25,3213,1322.0,1322.0,580,0.2938196555217832,369,865,14,148,1027,1.0,,,,,,,,,Manual-review cost changes with review_cost; binary cost is diagnostic only.,False,1.65,1.0
heloc,validation,V2 HELOC Scorecard manual-review,scorecard_sigmoid,manual_review_band,,0.16,0.39,,V2 locked policy,5,3,0.5,3213,1467.0,1467.0,580,0.2938196555217832,369,865,14,148,1027,1.0,,,,,,,,,Manual-review cost changes with review_cost; binary cost is diagnostic only.,False,1.65,1.0
heloc,validation,V2 HELOC Scorecard manual-review,scorecard_sigmoid,manual_review_band,,0.16,0.39,,V2 locked policy,5,3,1.0,3213,1757.0,1757.0,580,0.2938196555217832,369,865,14,148,1027,1.0,,,,,,,,,Manual-review cost changes with review_cost; binary cost is diagnostic only.,False,1.65,1.0
heloc,validation,V2 HELOC Scorecard manual-review,scorecard_sigmoid,manual_review_band,,0.16,0.39,,V2 locked policy,5,3,2.0,3213,2337.0,2337.0,580,0.2938196555217832,369,865,14,148,1027,5.0,,,,,,,,,Manual-review cost changes with review_cost; binary cost is diagnostic only.,False,1.65,1.0
heloc,validation,V2 HELOC Scorecard manual-review,scorecard_sigmoid,manual_review_band,,0.16,0.39,,V2 locked policy,10,1,0.1,2421,567.0,567.0,580,0.2938196555217832,369,865,14,148,1027,1.0,,,,,,,,,Manual-review cost changes with review_cost; binary cost is diagnostic only.,False,1.65,1.0
heloc,validation,V2 HELOC Scorecard manual-review,scorecard_sigmoid,manual_review_band,,0.16,0.39,,V2 locked policy,10,1,0.25,2421,654.0,654.0,580,0.2938196555217832,369,865,14,148,1027,1.0,,,,,,,,,Manual-review cost changes with review_cost; binary cost is diagnostic only.,False,1.65,1.0
heloc,validation,V2 HELOC Scorecard manual-review,scorecard_sigmoid,manual_review_band,,0.16,0.39,,V2 locked policy,10,1,0.5,2421,799.0,799.0,580,0.2938196555217832,369,865,14,148,1027,1.0,,,,,,,,,Manual-review cost changes with review_cost; binary cost is diagnostic only.,False,1.65,1.0
heloc,validation,V2 HELOC Scorecard manual-review,scorecard_sigmoid,manual_review_band,,0.16,0.39,,V2 locked policy,10,1,1.0,2421,1089.0,1089.0,580,0.2938196555217832,369,865,14,148,1027,1.0,,,,,,,,,Manual-review cost changes with review_cost; binary cost is diagnostic only.,False,1.65,1.0
heloc,validation,V2 HELOC Scorecard manual-review,scorecard_sigmoid,manual_review_band,,0.16,0.39,,V2 locked policy,10,1,2.0,2421,1669.0,1669.0,580,0.2938196555217832,369,865,14,148,1027,1.0,,,,,,,,,Manual-review cost changes with review_cost; binary cost is diagnostic only.,False,1.65,1.0
heloc,validation,V2 HELOC Scorecard manual-review,scorecard_sigmoid,manual_review_band,,0.16,0.39,,V2 locked policy,10,2,0.1,3222,936.0,936.0,580,0.2938196555217832,369,865,14,148,1027,1.0,,,,,,,,,Manual-review cost changes with review_cost; binary cost is diagnostic only.,False,1.65,1.0
heloc,validation,V2 HELOC Scorecard manual-review,scorecard_sigmoid,manual_review_band,,0.16,0.39,,V2 locked policy,10,2,0.25,3222,1023.0,1023.0,580,0.2938196555217832,369,865,14,148,1027,1.0,,,,,,,,,Manual-review cost changes with review_cost; binary cost is diagnostic only.,False,1.65,1.0
heloc,validation,V2 HELOC Scorecard manual-review,scorecard_sigmoid,manual_review_band,,0.16,0.39,,V2 locked policy,10,2,0.5,3222,1168.0,1168.0,580,0.2938196555217832,369,865,14,148,1027,1.0,,,,,,,,,Manual-review cost changes with review_cost; binary cost is diagnostic only.,False,1.65,1.0
heloc,validation,V2 HELOC Scorecard manual-review,scorecard_sigmoid,manual_review_band,,0.16,0.39,,V2 locked policy,10,2,1.0,3222,1458.0,1458.0,580,0.2938196555217832,369,865,14,148,1027,1.0,,,,,,,,,Manual-review cost changes with review_cost; binary cost is diagnostic only.,False,1.65,1.0
heloc,validation,V2 HELOC Scorecard manual-review,scorecard_sigmoid,manual_review_band,,0.16,0.39,,V2 locked policy,10,2,2.0,3222,2038.0,2038.0,580,0.2938196555217832,369,865,14,148,1027,1.0,,,,,,,,,Manual-review cost changes with review_cost; binary cost is diagnostic only.,False,1.65,1.0
heloc,validation,V2 HELOC Scorecard manual-review,scorecard_sigmoid,manual_review_band,,0.16,0.39,,V2 locked policy,10,3,0.1,4023,1305.0,1305.0,580,0.2938196555217832,369,865,14,148,1027,1.0,,,,,,,,,Manual-review cost changes with review_cost; binary cost is diagnostic only.,False,1.65,1.0
heloc,validation,V2 HELOC Scorecard manual-review,scorecard_sigmoid,manual_review_band,,0.16,0.39,,V2 locked policy,10,3,0.25,4023,1392.0,1392.0,580,0.2938196555217832,369,865,14,148,1027,1.0,,,,,,,,,Manual-review cost changes with review_cost; binary cost is diagnostic only.,False,1.65,1.0
heloc,validation,V2 HELOC Scorecard manual-review,scorecard_sigmoid,manual_review_band,,0.16,0.39,,V2 locked policy,10,3,0.5,4023,1537.0,1537.0,580,0.2938196555217832,369,865,14,148,1027,1.0,,,,,,,,,Manual-review cost changes with review_cost; binary cost is diagnostic only.,False,1.65,1.0
heloc,validation,V2 HELOC Scorecard manual-review,scorecard_sigmoid,manual_review_band,,0.16,0.39,,V2 locked policy,10,3,1.0,4023,1827.0,1827.0,580,0.2938196555217832,369,865,14,148,1027,1.0,,,,,,,,,Manual-review cost changes with review_cost; binary cost is diagnostic only.,False,1.65,1.0
heloc,validation,V2 HELOC Scorecard manual-review,scorecard_sigmoid,manual_review_band,,0.16,0.39,,V2 locked policy,10,3,2.0,4023,2407.0,2407.0,580,0.2938196555217832,369,865,14,148,1027,1.0,,,,,,,,,Manual-review cost changes with review_cost; binary cost is diagnostic only.,False,1.65,1.0
heloc,locked_test,V2 HELOC Scorecard manual-review,scorecard_sigmoid,manual_review_band,,0.16,0.39,,V2 locked policy,2,1,0.1,1113,494.3,494.3,533,0.26987341772151896,403,870,19,139,1028,1.0,,,,,,,,,Manual-review cost changes with review_cost; binary cost is diagnostic only.,False,1.675,1.0
heloc,locked_test,V2 HELOC Scorecard manual-review,scorecard_sigmoid,manual_review_band,,0.16,0.39,,V2 locked policy,2,1,0.25,1113,574.25,574.25,533,0.26987341772151896,403,870,19,139,1028,1.0,,,,,,,,,Manual-review cost changes with review_cost; binary cost is diagnostic only.,False,1.675,1.0
heloc,locked_test,V2 HELOC Scorecard manual-review,scorecard_sigmoid,manual_review_band,,0.16,0.39,,V2 locked policy,2,1,0.5,1113,707.5,707.5,533,0.26987341772151896,403,870,19,139,1028,2.0,,,,,,,,,Manual-review cost changes with review_cost; binary cost is diagnostic only.,False,1.675,1.0
heloc,locked_test,V2 HELOC Scorecard manual-review,scorecard_sigmoid,manual_review_band,,0.16,0.39,,V2 locked policy,2,1,1.0,1113,974.0,974.0,533,0.26987341772151896,403,870,19,139,1028,5.0,,,,,,,,,Manual-review cost changes with review_cost; binary cost is diagnostic only.,False,1.675,1.0
heloc,locked_test,V2 HELOC Scorecard manual-review,scorecard_sigmoid,manual_review_band,,0.16,0.39,,V2 locked policy,2,1,2.0,1113,1507.0,1507.0,533,0.26987341772151896,403,870,19,139,1028,5.0,,,,,,,,,Manual-review cost changes with review_cost; binary cost is diagnostic only.,False,1.675,1.0
heloc,locked_test,V2 HELOC Scorecard manual-review,scorecard_sigmoid,manual_review_band,,0.16,0.39,,V2 locked policy,3,1,0.1,1271,513.3,513.3,533,0.26987341772151896,403,870,19,139,1028,1.0,,,,,,,,,Manual-review cost changes with review_cost; binary cost is diagnostic only.,False,1.675,1.0
heloc,locked_test,V2 HELOC Scorecard manual-review,scorecard_sigmoid,manual_review_band,,0.16,0.39,,V2 locked policy,3,1,0.25,1271,593.25,593.25,533,0.26987341772151896,403,870,19,139,1028,1.0,,,,,,,,,Manual-review cost changes with review_cost; binary cost is diagnostic only.,False,1.675,1.0
heloc,locked_test,V2 HELOC Scorecard manual-review,scorecard_sigmoid,manual_review_band,,0.16,0.39,,V2 locked policy,3,1,0.5,1271,726.5,726.5,533,0.26987341772151896,403,870,19,139,1028,1.0,,,,,,,,,Manual-review cost changes with review_cost; binary cost is diagnostic only.,False,1.675,1.0
heloc,locked_test,V2 HELOC Scorecard manual-review,scorecard_sigmoid,manual_review_band,,0.16,0.39,,V2 locked policy,3,1,1.0,1271,993.0,993.0,533,0.26987341772151896,403,870,19,139,1028,3.0,,,,,,,,,Manual-review cost changes with review_cost; binary cost is diagnostic only.,False,1.675,1.0
heloc,locked_test,V2 HELOC Scorecard manual-review,scorecard_sigmoid,manual_review_band,,0.16,0.39,,V2 locked policy,3,1,2.0,1271,1526.0,1526.0,533,0.26987341772151896,403,870,19,139,1028,5.0,,,,,,,,,Manual-review cost changes with review_cost; binary cost is diagnostic only.,False,1.675,1.0
heloc,locked_test,V2 HELOC Scorecard manual-review,scorecard_sigmoid,manual_review_band,,0.16,0.39,,V2 locked policy,5,1,0.1,1587,551.3,551.3,533,0.26987341772151896,403,870,19,139,1028,1.0,,,,,,,,,Manual-review cost changes with review_cost; binary cost is diagnostic only.,False,1.675,1.0
heloc,locked_test,V2 HELOC Scorecard manual-review,scorecard_sigmoid,manual_review_band,,0.16,0.39,,V2 locked policy,5,1,0.25,1587,631.25,631.25,533,0.26987341772151896,403,870,19,139,1028,1.0,,,,,,,,,Manual-review cost changes with review_cost; binary cost is diagnostic only.,False,1.675,1.0
heloc,locked_test,V2 HELOC Scorecard manual-review,scorecard_sigmoid,manual_review_band,,0.16,0.39,,V2 locked policy,5,1,0.5,1587,764.5,764.5,533,0.26987341772151896,403,870,19,139,1028,1.0,,,,,,,,,Manual-review cost changes with review_cost; binary cost is diagnostic only.,False,1.675,1.0
heloc,locked_test,V2 HELOC Scorecard manual-review,scorecard_sigmoid,manual_review_band,,0.16,0.39,,V2 locked policy,5,1,1.0,1587,1031.0,1031.0,533,0.26987341772151896,403,870,19,139,1028,1.0,,,,,,,,,Manual-review cost changes with review_cost; binary cost is diagnostic only.,False,1.675,1.0
heloc,locked_test,V2 HELOC Scorecard manual-review,scorecard_sigmoid,manual_review_band,,0.16,0.39,,V2 locked policy,5,1,2.0,1587,1564.0,1564.0,533,0.26987341772151896,403,870,19,139,1028,5.0,,,,,,,,,Manual-review cost changes with review_cost; binary cost is diagnostic only.,False,1.675,1.0
heloc,locked_test,V2 HELOC Scorecard manual-review,scorecard_sigmoid,manual_review_band,,0.16,0.39,,V2 locked policy,5,2,0.1,2384,954.3,954.3,533,0.26987341772151896,403,870,19,139,1028,1.0,,,,,,,,,Manual-review cost changes with review_cost; binary cost is diagnostic only.,False,1.675,1.0
heloc,locked_test,V2 HELOC Scorecard manual-review,scorecard_sigmoid,manual_review_band,,0.16,0.39,,V2 locked policy,5,2,0.25,2384,1034.25,1034.25,533,0.26987341772151896,403,870,19,139,1028,1.0,,,,,,,,,Manual-review cost changes with review_cost; binary cost is diagnostic only.,False,1.675,1.0
heloc,locked_test,V2 HELOC Scorecard manual-review,scorecard_sigmoid,manual_review_band,,0.16,0.39,,V2 locked policy,5,2,0.5,2384,1167.5,1167.5,533,0.26987341772151896,403,870,19,139,1028,1.0,,,,,,,,,Manual-review cost changes with review_cost; binary cost is diagnostic only.,False,1.675,1.0
heloc,locked_test,V2 HELOC Scorecard manual-review,scorecard_sigmoid,manual_review_band,,0.16,0.39,,V2 locked policy,5,2,1.0,2384,1434.0,1434.0,533,0.26987341772151896,403,870,19,139,1028,1.0,,,,,,,,,Manual-review cost changes with review_cost; binary cost is diagnostic only.,False,1.675,1.0
heloc,locked_test,V2 HELOC Scorecard manual-review,scorecard_sigmoid,manual_review_band,,0.16,0.39,,V2 locked policy,5,2,2.0,2384,1967.0,1967.0,533,0.26987341772151896,403,870,19,139,1028,5.0,,,,,,,,,Manual-review cost changes with review_cost; binary cost is diagnostic only.,False,1.675,1.0
heloc,locked_test,V2 HELOC Scorecard manual-review,scorecard_sigmoid,manual_review_band,,0.16,0.39,,V2 locked policy,5,3,0.1,3181,1357.3,1357.3,533,0.26987341772151896,403,870,19,139,1028,1.0,,,,,,,,,Manual-review cost changes with review_cost; binary cost is diagnostic only.,False,1.675,1.0
heloc,locked_test,V2 HELOC Scorecard manual-review,scorecard_sigmoid,manual_review_band,,0.16,0.39,,V2 locked policy,5,3,0.25,3181,1437.25,1437.25,533,0.26987341772151896,403,870,19,139,1028,1.0,,,,,,,,,Manual-review cost changes with review_cost; binary cost is diagnostic only.,False,1.675,1.0
heloc,locked_test,V2 HELOC Scorecard manual-review,scorecard_sigmoid,manual_review_band,,0.16,0.39,,V2 locked policy,5,3,0.5,3181,1570.5,1570.5,533,0.26987341772151896,403,870,19,139,1028,1.0,,,,,,,,,Manual-review cost changes with review_cost; binary cost is diagnostic only.,False,1.675,1.0
heloc,locked_test,V2 HELOC Scorecard manual-review,scorecard_sigmoid,manual_review_band,,0.16,0.39,,V2 locked policy,5,3,1.0,3181,1837.0,1837.0,533,0.26987341772151896,403,870,19,139,1028,1.0,,,,,,,,,Manual-review cost changes with review_cost; binary cost is diagnostic only.,False,1.675,1.0
heloc,locked_test,V2 HELOC Scorecard manual-review,scorecard_sigmoid,manual_review_band,,0.16,0.39,,V2 locked policy,5,3,2.0,3181,2370.0,2370.0,533,0.26987341772151896,403,870,19,139,1028,5.0,,,,,,,,,Manual-review cost changes with review_cost; binary cost is diagnostic only.,False,1.675,1.0
heloc,locked_test,V2 HELOC Scorecard manual-review,scorecard_sigmoid,manual_review_band,,0.16,0.39,,V2 locked policy,10,1,0.1,2377,646.3,646.3,533,0.26987341772151896,403,870,19,139,1028,1.0,,,,,,,,,Manual-review cost changes with review_cost; binary cost is diagnostic only.,False,1.675,1.0
heloc,locked_test,V2 HELOC Scorecard manual-review,scorecard_sigmoid,manual_review_band,,0.16,0.39,,V2 locked policy,10,1,0.25,2377,726.25,726.25,533,0.26987341772151896,403,870,19,139,1028,1.0,,,,,,,,,Manual-review cost changes with review_cost; binary cost is diagnostic only.,False,1.675,1.0
heloc,locked_test,V2 HELOC Scorecard manual-review,scorecard_sigmoid,manual_review_band,,0.16,0.39,,V2 locked policy,10,1,0.5,2377,859.5,859.5,533,0.26987341772151896,403,870,19,139,1028,1.0,,,,,,,,,Manual-review cost changes with review_cost; binary cost is diagnostic only.,False,1.675,1.0
heloc,locked_test,V2 HELOC Scorecard manual-review,scorecard_sigmoid,manual_review_band,,0.16,0.39,,V2 locked policy,10,1,1.0,2377,1126.0,1126.0,533,0.26987341772151896,403,870,19,139,1028,1.0,,,,,,,,,Manual-review cost changes with review_cost; binary cost is diagnostic only.,False,1.675,1.0
heloc,locked_test,V2 HELOC Scorecard manual-review,scorecard_sigmoid,manual_review_band,,0.16,0.39,,V2 locked policy,10,1,2.0,2377,1659.0,1659.0,533,0.26987341772151896,403,870,19,139,1028,1.0,,,,,,,,,Manual-review cost changes with review_cost; binary cost is diagnostic only.,False,1.675,1.0
heloc,locked_test,V2 HELOC Scorecard manual-review,scorecard_sigmoid,manual_review_band,,0.16,0.39,,V2 locked policy,10,2,0.1,3174,1049.3,1049.3,533,0.26987341772151896,403,870,19,139,1028,1.0,,,,,,,,,Manual-review cost changes with review_cost; binary cost is diagnostic only.,False,1.675,1.0
heloc,locked_test,V2 HELOC Scorecard manual-review,scorecard_sigmoid,manual_review_band,,0.16,0.39,,V2 locked policy,10,2,0.25,3174,1129.25,1129.25,533,0.26987341772151896,403,870,19,139,1028,1.0,,,,,,,,,Manual-review cost changes with review_cost; binary cost is diagnostic only.,False,1.675,1.0
heloc,locked_test,V2 HELOC Scorecard manual-review,scorecard_sigmoid,manual_review_band,,0.16,0.39,,V2 locked policy,10,2,0.5,3174,1262.5,1262.5,533,0.26987341772151896,403,870,19,139,1028,1.0,,,,,,,,,Manual-review cost changes with review_cost; binary cost is diagnostic only.,False,1.675,1.0
heloc,locked_test,V2 HELOC Scorecard manual-review,scorecard_sigmoid,manual_review_band,,0.16,0.39,,V2 locked policy,10,2,1.0,3174,1529.0,1529.0,533,0.26987341772151896,403,870,19,139,1028,1.0,,,,,,,,,Manual-review cost changes with review_cost; binary cost is diagnostic only.,False,1.675,1.0
heloc,locked_test,V2 HELOC Scorecard manual-review,scorecard_sigmoid,manual_review_band,,0.16,0.39,,V2 locked policy,10,2,2.0,3174,2062.0,2062.0,533,0.26987341772151896,403,870,19,139,1028,1.0,,,,,,,,,Manual-review cost changes with review_cost; binary cost is diagnostic only.,False,1.675,1.0
heloc,locked_test,V2 HELOC Scorecard manual-review,scorecard_sigmoid,manual_review_band,,0.16,0.39,,V2 locked policy,10,3,0.1,3971,1452.3,1452.3,533,0.26987341772151896,403,870,19,139,1028,1.0,,,,,,,,,Manual-review cost changes with review_cost; binary cost is diagnostic only.,False,1.675,1.0
heloc,locked_test,V2 HELOC Scorecard manual-review,scorecard_sigmoid,manual_review_band,,0.16,0.39,,V2 locked policy,10,3,0.25,3971,1532.25,1532.25,533,0.26987341772151896,403,870,19,139,1028,1.0,,,,,,,,,Manual-review cost changes with review_cost; binary cost is diagnostic only.,False,1.675,1.0
heloc,locked_test,V2 HELOC Scorecard manual-review,scorecard_sigmoid,manual_review_band,,0.16,0.39,,V2 locked policy,10,3,0.5,3971,1665.5,1665.5,533,0.26987341772151896,403,870,19,139,1028,1.0,,,,,,,,,Manual-review cost changes with review_cost; binary cost is diagnostic only.,False,1.675,1.0
heloc,locked_test,V2 HELOC Scorecard manual-review,scorecard_sigmoid,manual_review_band,,0.16,0.39,,V2 locked policy,10,3,1.0,3971,1932.0,1932.0,533,0.26987341772151896,403,870,19,139,1028,1.0,,,,,,,,,Manual-review cost changes with review_cost; binary cost is diagnostic only.,False,1.675,1.0
heloc,locked_test,V2 HELOC Scorecard manual-review,scorecard_sigmoid,manual_review_band,,0.16,0.39,,V2 locked policy,10,3,2.0,3971,2465.0,2465.0,533,0.26987341772151896,403,870,19,139,1028,1.0,,,,,,,,,Manual-review cost changes with review_cost; binary cost is diagnostic only.,False,1.675,1.0
heloc,validation,HELOC specificity candidate threshold,scorecard_uncalibrated,threshold_only,0.46,,,,weakness closing prompt 4,2,1,0.1,764,764.0,764.0,0,0.0,284,787,240,0,1027,4.0,,,,,,,,,Threshold-only policy; review cost does not affect cost.,False,3.475,4.0
heloc,validation,HELOC specificity candidate threshold,scorecard_uncalibrated,threshold_only,0.46,,,,weakness closing prompt 4,2,1,0.25,764,764.0,764.0,0,0.0,284,787,240,0,1027,4.0,,,,,,,,,Threshold-only policy; review cost does not affect cost.,False,3.475,4.0
heloc,validation,HELOC specificity candidate threshold,scorecard_uncalibrated,threshold_only,0.46,,,,weakness closing prompt 4,2,1,0.5,764,764.0,764.0,0,0.0,284,787,240,0,1027,4.0,,,,,,,,,Threshold-only policy; review cost does not affect cost.,False,3.475,4.0
heloc,validation,HELOC specificity candidate threshold,scorecard_uncalibrated,threshold_only,0.46,,,,weakness closing prompt 4,2,1,1.0,764,764.0,764.0,0,0.0,284,787,240,0,1027,3.0,,,,,,,,,Threshold-only policy; review cost does not affect cost.,False,3.475,4.0
heloc,validation,HELOC specificity candidate threshold,scorecard_uncalibrated,threshold_only,0.46,,,,weakness closing prompt 4,2,1,2.0,764,764.0,764.0,0,0.0,284,787,240,0,1027,3.0,,,,,,,,,Threshold-only policy; review cost does not affect cost.,False,3.475,4.0
heloc,validation,HELOC specificity candidate threshold,scorecard_uncalibrated,threshold_only,0.46,,,,weakness closing prompt 4,3,1,0.1,1004,1004.0,1004.0,0,0.0,284,787,240,0,1027,4.0,,,,,,,,,Threshold-only policy; review cost does not affect cost.,False,3.475,4.0
heloc,validation,HELOC specificity candidate threshold,scorecard_uncalibrated,threshold_only,0.46,,,,weakness closing prompt 4,3,1,0.25,1004,1004.0,1004.0,0,0.0,284,787,240,0,1027,4.0,,,,,,,,,Threshold-only policy; review cost does not affect cost.,False,3.475,4.0
heloc,validation,HELOC specificity candidate threshold,scorecard_uncalibrated,threshold_only,0.46,,,,weakness closing prompt 4,3,1,0.5,1004,1004.0,1004.0,0,0.0,284,787,240,0,1027,4.0,,,,,,,,,Threshold-only policy; review cost does not affect cost.,False,3.475,4.0
heloc,validation,HELOC specificity candidate threshold,scorecard_uncalibrated,threshold_only,0.46,,,,weakness closing prompt 4,3,1,1.0,1004,1004.0,1004.0,0,0.0,284,787,240,0,1027,4.0,,,,,,,,,Threshold-only policy; review cost does not affect cost.,False,3.475,4.0
heloc,validation,HELOC specificity candidate threshold,scorecard_uncalibrated,threshold_only,0.46,,,,weakness closing prompt 4,3,1,2.0,1004,1004.0,1004.0,0,0.0,284,787,240,0,1027,3.0,,,,,,,,,Threshold-only policy; review cost does not affect cost.,False,3.475,4.0
heloc,validation,HELOC specificity candidate threshold,scorecard_uncalibrated,threshold_only,0.46,,,,weakness closing prompt 4,5,1,0.1,1484,1484.0,1484.0,0,0.0,284,787,240,0,1027,3.0,,,,,,,,,Threshold-only policy; review cost does not affect cost.,False,3.475,4.0
heloc,validation,HELOC specificity candidate threshold,scorecard_uncalibrated,threshold_only,0.46,,,,weakness closing prompt 4,5,1,0.25,1484,1484.0,1484.0,0,0.0,284,787,240,0,1027,3.0,,,,,,,,,Threshold-only policy; review cost does not affect cost.,False,3.475,4.0
heloc,validation,HELOC specificity candidate threshold,scorecard_uncalibrated,threshold_only,0.46,,,,weakness closing prompt 4,5,1,0.5,1484,1484.0,1484.0,0,0.0,284,787,240,0,1027,3.0,,,,,,,,,Threshold-only policy; review cost does not affect cost.,False,3.475,4.0
heloc,validation,HELOC specificity candidate threshold,scorecard_uncalibrated,threshold_only,0.46,,,,weakness closing prompt 4,5,1,1.0,1484,1484.0,1484.0,0,0.0,284,787,240,0,1027,3.0,,,,,,,,,Threshold-only policy; review cost does not affect cost.,False,3.475,4.0
heloc,validation,HELOC specificity candidate threshold,scorecard_uncalibrated,threshold_only,0.46,,,,weakness closing prompt 4,5,1,2.0,1484,1484.0,1484.0,0,0.0,284,787,240,0,1027,2.0,,,,,,,,,Threshold-only policy; review cost does not affect cost.,False,3.475,4.0
heloc,validation,HELOC specificity candidate threshold,scorecard_uncalibrated,threshold_only,0.46,,,,weakness closing prompt 4,5,2,0.1,1768,1768.0,1768.0,0,0.0,284,787,240,0,1027,4.0,,,,,,,,,Threshold-only policy; review cost does not affect cost.,False,3.475,4.0
heloc,validation,HELOC specificity candidate threshold,scorecard_uncalibrated,threshold_only,0.46,,,,weakness closing prompt 4,5,2,0.25,1768,1768.0,1768.0,0,0.0,284,787,240,0,1027,4.0,,,,,,,,,Threshold-only policy; review cost does not affect cost.,False,3.475,4.0
heloc,validation,HELOC specificity candidate threshold,scorecard_uncalibrated,threshold_only,0.46,,,,weakness closing prompt 4,5,2,0.5,1768,1768.0,1768.0,0,0.0,284,787,240,0,1027,4.0,,,,,,,,,Threshold-only policy; review cost does not affect cost.,False,3.475,4.0
heloc,validation,HELOC specificity candidate threshold,scorecard_uncalibrated,threshold_only,0.46,,,,weakness closing prompt 4,5,2,1.0,1768,1768.0,1768.0,0,0.0,284,787,240,0,1027,4.0,,,,,,,,,Threshold-only policy; review cost does not affect cost.,False,3.475,4.0
heloc,validation,HELOC specificity candidate threshold,scorecard_uncalibrated,threshold_only,0.46,,,,weakness closing prompt 4,5,2,2.0,1768,1768.0,1768.0,0,0.0,284,787,240,0,1027,3.0,,,,,,,,,Threshold-only policy; review cost does not affect cost.,False,3.475,4.0
heloc,validation,HELOC specificity candidate threshold,scorecard_uncalibrated,threshold_only,0.46,,,,weakness closing prompt 4,5,3,0.1,2052,2052.0,2052.0,0,0.0,284,787,240,0,1027,4.0,,,,,,,,,Threshold-only policy; review cost does not affect cost.,False,3.475,4.0
heloc,validation,HELOC specificity candidate threshold,scorecard_uncalibrated,threshold_only,0.46,,,,weakness closing prompt 4,5,3,0.25,2052,2052.0,2052.0,0,0.0,284,787,240,0,1027,4.0,,,,,,,,,Threshold-only policy; review cost does not affect cost.,False,3.475,4.0
heloc,validation,HELOC specificity candidate threshold,scorecard_uncalibrated,threshold_only,0.46,,,,weakness closing prompt 4,5,3,0.5,2052,2052.0,2052.0,0,0.0,284,787,240,0,1027,4.0,,,,,,,,,Threshold-only policy; review cost does not affect cost.,False,3.475,4.0
heloc,validation,HELOC specificity candidate threshold,scorecard_uncalibrated,threshold_only,0.46,,,,weakness closing prompt 4,5,3,1.0,2052,2052.0,2052.0,0,0.0,284,787,240,0,1027,4.0,,,,,,,,,Threshold-only policy; review cost does not affect cost.,False,3.475,4.0
heloc,validation,HELOC specificity candidate threshold,scorecard_uncalibrated,threshold_only,0.46,,,,weakness closing prompt 4,5,3,2.0,2052,2052.0,2052.0,0,0.0,284,787,240,0,1027,3.0,,,,,,,,,Threshold-only policy; review cost does not affect cost.,False,3.475,4.0
heloc,validation,HELOC specificity candidate threshold,scorecard_uncalibrated,threshold_only,0.46,,,,weakness closing prompt 4,10,1,0.1,2684,2684.0,2684.0,0,0.0,284,787,240,0,1027,3.0,,,,,,,,,Threshold-only policy; review cost does not affect cost.,False,3.475,4.0
heloc,validation,HELOC specificity candidate threshold,scorecard_uncalibrated,threshold_only,0.46,,,,weakness closing prompt 4,10,1,0.25,2684,2684.0,2684.0,0,0.0,284,787,240,0,1027,3.0,,,,,,,,,Threshold-only policy; review cost does not affect cost.,False,3.475,4.0
heloc,validation,HELOC specificity candidate threshold,scorecard_uncalibrated,threshold_only,0.46,,,,weakness closing prompt 4,10,1,0.5,2684,2684.0,2684.0,0,0.0,284,787,240,0,1027,3.0,,,,,,,,,Threshold-only policy; review cost does not affect cost.,False,3.475,4.0
heloc,validation,HELOC specificity candidate threshold,scorecard_uncalibrated,threshold_only,0.46,,,,weakness closing prompt 4,10,1,1.0,2684,2684.0,2684.0,0,0.0,284,787,240,0,1027,3.0,,,,,,,,,Threshold-only policy; review cost does not affect cost.,False,3.475,4.0
heloc,validation,HELOC specificity candidate threshold,scorecard_uncalibrated,threshold_only,0.46,,,,weakness closing prompt 4,10,1,2.0,2684,2684.0,2684.0,0,0.0,284,787,240,0,1027,3.0,,,,,,,,,Threshold-only policy; review cost does not affect cost.,False,3.475,4.0
heloc,validation,HELOC specificity candidate threshold,scorecard_uncalibrated,threshold_only,0.46,,,,weakness closing prompt 4,10,2,0.1,2968,2968.0,2968.0,0,0.0,284,787,240,0,1027,3.0,,,,,,,,,Threshold-only policy; review cost does not affect cost.,False,3.475,4.0
heloc,validation,HELOC specificity candidate threshold,scorecard_uncalibrated,threshold_only,0.46,,,,weakness closing prompt 4,10,2,0.25,2968,2968.0,2968.0,0,0.0,284,787,240,0,1027,3.0,,,,,,,,,Threshold-only policy; review cost does not affect cost.,False,3.475,4.0
heloc,validation,HELOC specificity candidate threshold,scorecard_uncalibrated,threshold_only,0.46,,,,weakness closing prompt 4,10,2,0.5,2968,2968.0,2968.0,0,0.0,284,787,240,0,1027,3.0,,,,,,,,,Threshold-only policy; review cost does not affect cost.,False,3.475,4.0
heloc,validation,HELOC specificity candidate threshold,scorecard_uncalibrated,threshold_only,0.46,,,,weakness closing prompt 4,10,2,1.0,2968,2968.0,2968.0,0,0.0,284,787,240,0,1027,3.0,,,,,,,,,Threshold-only policy; review cost does not affect cost.,False,3.475,4.0
heloc,validation,HELOC specificity candidate threshold,scorecard_uncalibrated,threshold_only,0.46,,,,weakness closing prompt 4,10,2,2.0,2968,2968.0,2968.0,0,0.0,284,787,240,0,1027,3.0,,,,,,,,,Threshold-only policy; review cost does not affect cost.,False,3.475,4.0
heloc,validation,HELOC specificity candidate threshold,scorecard_uncalibrated,threshold_only,0.46,,,,weakness closing prompt 4,10,3,0.1,3252,3252.0,3252.0,0,0.0,284,787,240,0,1027,4.0,,,,,,,,,Threshold-only policy; review cost does not affect cost.,False,3.475,4.0
heloc,validation,HELOC specificity candidate threshold,scorecard_uncalibrated,threshold_only,0.46,,,,weakness closing prompt 4,10,3,0.25,3252,3252.0,3252.0,0,0.0,284,787,240,0,1027,4.0,,,,,,,,,Threshold-only policy; review cost does not affect cost.,False,3.475,4.0
heloc,validation,HELOC specificity candidate threshold,scorecard_uncalibrated,threshold_only,0.46,,,,weakness closing prompt 4,10,3,0.5,3252,3252.0,3252.0,0,0.0,284,787,240,0,1027,4.0,,,,,,,,,Threshold-only policy; review cost does not affect cost.,False,3.475,4.0
heloc,validation,HELOC specificity candidate threshold,scorecard_uncalibrated,threshold_only,0.46,,,,weakness closing prompt 4,10,3,1.0,3252,3252.0,3252.0,0,0.0,284,787,240,0,1027,4.0,,,,,,,,,Threshold-only policy; review cost does not affect cost.,False,3.475,4.0
heloc,validation,HELOC specificity candidate threshold,scorecard_uncalibrated,threshold_only,0.46,,,,weakness closing prompt 4,10,3,2.0,3252,3252.0,3252.0,0,0.0,284,787,240,0,1027,4.0,,,,,,,,,Threshold-only policy; review cost does not affect cost.,False,3.475,4.0
heloc,locked_test,HELOC specificity candidate threshold,scorecard_uncalibrated,threshold_only,0.46,,,,weakness closing prompt 4,2,1,0.1,755,755.0,755.0,0,0.0,307,804,224,0,1028,3.0,,,,,,,,,Threshold-only policy; review cost does not affect cost.,False,2.825,3.0
heloc,locked_test,HELOC specificity candidate threshold,scorecard_uncalibrated,threshold_only,0.46,,,,weakness closing prompt 4,2,1,0.25,755,755.0,755.0,0,0.0,307,804,224,0,1028,3.0,,,,,,,,,Threshold-only policy; review cost does not affect cost.,False,2.825,3.0
heloc,locked_test,HELOC specificity candidate threshold,scorecard_uncalibrated,threshold_only,0.46,,,,weakness closing prompt 4,2,1,0.5,755,755.0,755.0,0,0.0,307,804,224,0,1028,3.0,,,,,,,,,Threshold-only policy; review cost does not affect cost.,False,2.825,3.0
heloc,locked_test,HELOC specificity candidate threshold,scorecard_uncalibrated,threshold_only,0.46,,,,weakness closing prompt 4,2,1,1.0,755,755.0,755.0,0,0.0,307,804,224,0,1028,2.0,,,,,,,,,Threshold-only policy; review cost does not affect cost.,False,2.825,3.0
heloc,locked_test,HELOC specificity candidate threshold,scorecard_uncalibrated,threshold_only,0.46,,,,weakness closing prompt 4,2,1,2.0,755,755.0,755.0,0,0.0,307,804,224,0,1028,2.0,,,,,,,,,Threshold-only policy; review cost does not affect cost.,False,2.825,3.0
heloc,locked_test,HELOC specificity candidate threshold,scorecard_uncalibrated,threshold_only,0.46,,,,weakness closing prompt 4,3,1,0.1,979,979.0,979.0,0,0.0,307,804,224,0,1028,3.0,,,,,,,,,Threshold-only policy; review cost does not affect cost.,False,2.825,3.0
heloc,locked_test,HELOC specificity candidate threshold,scorecard_uncalibrated,threshold_only,0.46,,,,weakness closing prompt 4,3,1,0.25,979,979.0,979.0,0,0.0,307,804,224,0,1028,3.0,,,,,,,,,Threshold-only policy; review cost does not affect cost.,False,2.825,3.0
heloc,locked_test,HELOC specificity candidate threshold,scorecard_uncalibrated,threshold_only,0.46,,,,weakness closing prompt 4,3,1,0.5,979,979.0,979.0,0,0.0,307,804,224,0,1028,3.0,,,,,,,,,Threshold-only policy; review cost does not affect cost.,False,2.825,3.0
heloc,locked_test,HELOC specificity candidate threshold,scorecard_uncalibrated,threshold_only,0.46,,,,weakness closing prompt 4,3,1,1.0,979,979.0,979.0,0,0.0,307,804,224,0,1028,2.0,,,,,,,,,Threshold-only policy; review cost does not affect cost.,False,2.825,3.0
heloc,locked_test,HELOC specificity candidate threshold,scorecard_uncalibrated,threshold_only,0.46,,,,weakness closing prompt 4,3,1,2.0,979,979.0,979.0,0,0.0,307,804,224,0,1028,2.0,,,,,,,,,Threshold-only policy; review cost does not affect cost.,False,2.825,3.0
heloc,locked_test,HELOC specificity candidate threshold,scorecard_uncalibrated,threshold_only,0.46,,,,weakness closing prompt 4,5,1,0.1,1427,1427.0,1427.0,0,0.0,307,804,224,0,1028,3.0,,,,,,,,,Threshold-only policy; review cost does not affect cost.,False,2.825,3.0
heloc,locked_test,HELOC specificity candidate threshold,scorecard_uncalibrated,threshold_only,0.46,,,,weakness closing prompt 4,5,1,0.25,1427,1427.0,1427.0,0,0.0,307,804,224,0,1028,3.0,,,,,,,,,Threshold-only policy; review cost does not affect cost.,False,2.825,3.0
heloc,locked_test,HELOC specificity candidate threshold,scorecard_uncalibrated,threshold_only,0.46,,,,weakness closing prompt 4,5,1,0.5,1427,1427.0,1427.0,0,0.0,307,804,224,0,1028,3.0,,,,,,,,,Threshold-only policy; review cost does not affect cost.,False,2.825,3.0
heloc,locked_test,HELOC specificity candidate threshold,scorecard_uncalibrated,threshold_only,0.46,,,,weakness closing prompt 4,5,1,1.0,1427,1427.0,1427.0,0,0.0,307,804,224,0,1028,3.0,,,,,,,,,Threshold-only policy; review cost does not affect cost.,False,2.825,3.0
heloc,locked_test,HELOC specificity candidate threshold,scorecard_uncalibrated,threshold_only,0.46,,,,weakness closing prompt 4,5,1,2.0,1427,1427.0,1427.0,0,0.0,307,804,224,0,1028,2.0,,,,,,,,,Threshold-only policy; review cost does not affect cost.,False,2.825,3.0
heloc,locked_test,HELOC specificity candidate threshold,scorecard_uncalibrated,threshold_only,0.46,,,,weakness closing prompt 4,5,2,0.1,1734,1734.0,1734.0,0,0.0,307,804,224,0,1028,3.0,,,,,,,,,Threshold-only policy; review cost does not affect cost.,False,2.825,3.0
heloc,locked_test,HELOC specificity candidate threshold,scorecard_uncalibrated,threshold_only,0.46,,,,weakness closing prompt 4,5,2,0.25,1734,1734.0,1734.0,0,0.0,307,804,224,0,1028,3.0,,,,,,,,,Threshold-only policy; review cost does not affect cost.,False,2.825,3.0
heloc,locked_test,HELOC specificity candidate threshold,scorecard_uncalibrated,threshold_only,0.46,,,,weakness closing prompt 4,5,2,0.5,1734,1734.0,1734.0,0,0.0,307,804,224,0,1028,3.0,,,,,,,,,Threshold-only policy; review cost does not affect cost.,False,2.825,3.0
heloc,locked_test,HELOC specificity candidate threshold,scorecard_uncalibrated,threshold_only,0.46,,,,weakness closing prompt 4,5,2,1.0,1734,1734.0,1734.0,0,0.0,307,804,224,0,1028,3.0,,,,,,,,,Threshold-only policy; review cost does not affect cost.,False,2.825,3.0
heloc,locked_test,HELOC specificity candidate threshold,scorecard_uncalibrated,threshold_only,0.46,,,,weakness closing prompt 4,5,2,2.0,1734,1734.0,1734.0,0,0.0,307,804,224,0,1028,2.0,,,,,,,,,Threshold-only policy; review cost does not affect cost.,False,2.825,3.0
heloc,locked_test,HELOC specificity candidate threshold,scorecard_uncalibrated,threshold_only,0.46,,,,weakness closing prompt 4,5,3,0.1,2041,2041.0,2041.0,0,0.0,307,804,224,0,1028,3.0,,,,,,,,,Threshold-only policy; review cost does not affect cost.,False,2.825,3.0
heloc,locked_test,HELOC specificity candidate threshold,scorecard_uncalibrated,threshold_only,0.46,,,,weakness closing prompt 4,5,3,0.25,2041,2041.0,2041.0,0,0.0,307,804,224,0,1028,3.0,,,,,,,,,Threshold-only policy; review cost does not affect cost.,False,2.825,3.0
heloc,locked_test,HELOC specificity candidate threshold,scorecard_uncalibrated,threshold_only,0.46,,,,weakness closing prompt 4,5,3,0.5,2041,2041.0,2041.0,0,0.0,307,804,224,0,1028,3.0,,,,,,,,,Threshold-only policy; review cost does not affect cost.,False,2.825,3.0
heloc,locked_test,HELOC specificity candidate threshold,scorecard_uncalibrated,threshold_only,0.46,,,,weakness closing prompt 4,5,3,1.0,2041,2041.0,2041.0,0,0.0,307,804,224,0,1028,3.0,,,,,,,,,Threshold-only policy; review cost does not affect cost.,False,2.825,3.0
heloc,locked_test,HELOC specificity candidate threshold,scorecard_uncalibrated,threshold_only,0.46,,,,weakness closing prompt 4,5,3,2.0,2041,2041.0,2041.0,0,0.0,307,804,224,0,1028,2.0,,,,,,,,,Threshold-only policy; review cost does not affect cost.,False,2.825,3.0
heloc,locked_test,HELOC specificity candidate threshold,scorecard_uncalibrated,threshold_only,0.46,,,,weakness closing prompt 4,10,1,0.1,2547,2547.0,2547.0,0,0.0,307,804,224,0,1028,3.0,,,,,,,,,Threshold-only policy; review cost does not affect cost.,False,2.825,3.0
heloc,locked_test,HELOC specificity candidate threshold,scorecard_uncalibrated,threshold_only,0.46,,,,weakness closing prompt 4,10,1,0.25,2547,2547.0,2547.0,0,0.0,307,804,224,0,1028,3.0,,,,,,,,,Threshold-only policy; review cost does not affect cost.,False,2.825,3.0
heloc,locked_test,HELOC specificity candidate threshold,scorecard_uncalibrated,threshold_only,0.46,,,,weakness closing prompt 4,10,1,0.5,2547,2547.0,2547.0,0,0.0,307,804,224,0,1028,3.0,,,,,,,,,Threshold-only policy; review cost does not affect cost.,False,2.825,3.0
heloc,locked_test,HELOC specificity candidate threshold,scorecard_uncalibrated,threshold_only,0.46,,,,weakness closing prompt 4,10,1,1.0,2547,2547.0,2547.0,0,0.0,307,804,224,0,1028,3.0,,,,,,,,,Threshold-only policy; review cost does not affect cost.,False,2.825,3.0
heloc,locked_test,HELOC specificity candidate threshold,scorecard_uncalibrated,threshold_only,0.46,,,,weakness closing prompt 4,10,1,2.0,2547,2547.0,2547.0,0,0.0,307,804,224,0,1028,3.0,,,,,,,,,Threshold-only policy; review cost does not affect cost.,False,2.825,3.0
heloc,locked_test,HELOC specificity candidate threshold,scorecard_uncalibrated,threshold_only,0.46,,,,weakness closing prompt 4,10,2,0.1,2854,2854.0,2854.0,0,0.0,307,804,224,0,1028,3.0,,,,,,,,,Threshold-only policy; review cost does not affect cost.,False,2.825,3.0
heloc,locked_test,HELOC specificity candidate threshold,scorecard_uncalibrated,threshold_only,0.46,,,,weakness closing prompt 4,10,2,0.25,2854,2854.0,2854.0,0,0.0,307,804,224,0,1028,3.0,,,,,,,,,Threshold-only policy; review cost does not affect cost.,False,2.825,3.0
heloc,locked_test,HELOC specificity candidate threshold,scorecard_uncalibrated,threshold_only,0.46,,,,weakness closing prompt 4,10,2,0.5,2854,2854.0,2854.0,0,0.0,307,804,224,0,1028,3.0,,,,,,,,,Threshold-only policy; review cost does not affect cost.,False,2.825,3.0
heloc,locked_test,HELOC specificity candidate threshold,scorecard_uncalibrated,threshold_only,0.46,,,,weakness closing prompt 4,10,2,1.0,2854,2854.0,2854.0,0,0.0,307,804,224,0,1028,3.0,,,,,,,,,Threshold-only policy; review cost does not affect cost.,False,2.825,3.0
heloc,locked_test,HELOC specificity candidate threshold,scorecard_uncalibrated,threshold_only,0.46,,,,weakness closing prompt 4,10,2,2.0,2854,2854.0,2854.0,0,0.0,307,804,224,0,1028,3.0,,,,,,,,,Threshold-only policy; review cost does not affect cost.,False,2.825,3.0
heloc,locked_test,HELOC specificity candidate threshold,scorecard_uncalibrated,threshold_only,0.46,,,,weakness closing prompt 4,10,3,0.1,3161,3161.0,3161.0,0,0.0,307,804,224,0,1028,3.0,,,,,,,,,Threshold-only policy; review cost does not affect cost.,False,2.825,3.0
heloc,locked_test,HELOC specificity candidate threshold,scorecard_uncalibrated,threshold_only,0.46,,,,weakness closing prompt 4,10,3,0.25,3161,3161.0,3161.0,0,0.0,307,804,224,0,1028,3.0,,,,,,,,,Threshold-only policy; review cost does not affect cost.,False,2.825,3.0
heloc,locked_test,HELOC specificity candidate threshold,scorecard_uncalibrated,threshold_only,0.46,,,,weakness closing prompt 4,10,3,0.5,3161,3161.0,3161.0,0,0.0,307,804,224,0,1028,3.0,,,,,,,,,Threshold-only policy; review cost does not affect cost.,False,2.825,3.0
heloc,locked_test,HELOC specificity candidate threshold,scorecard_uncalibrated,threshold_only,0.46,,,,weakness closing prompt 4,10,3,1.0,3161,3161.0,3161.0,0,0.0,307,804,224,0,1028,3.0,,,,,,,,,Threshold-only policy; review cost does not affect cost.,False,2.825,3.0
heloc,locked_test,HELOC specificity candidate threshold,scorecard_uncalibrated,threshold_only,0.46,,,,weakness closing prompt 4,10,3,2.0,3161,3161.0,3161.0,0,0.0,307,804,224,0,1028,3.0,,,,,,,,,Threshold-only policy; review cost does not affect cost.,False,2.825,3.0
heloc,validation,HELOC capacity SCRE top20,SCRE-Optimized ranking,top_k_review,,,,0.2,weakness closing prompt 3,2,1,0.1,2100,1395.5,1395.5,395,0.2001013171225937,0,0,678,349,1027,7.0,,,,,,,,,Manual-review cost changes with review_cost; binary cost is diagnostic only.,False,6.975,7.0
heloc,validation,HELOC capacity SCRE top20,SCRE-Optimized ranking,top_k_review,,,,0.2,weakness closing prompt 3,2,1,0.25,2100,1454.75,1454.75,395,0.2001013171225937,0,0,678,349,1027,7.0,,,,,,,,,Manual-review cost changes with review_cost; binary cost is diagnostic only.,False,6.975,7.0
heloc,validation,HELOC capacity SCRE top20,SCRE-Optimized ranking,top_k_review,,,,0.2,weakness closing prompt 3,2,1,0.5,2100,1553.5,1553.5,395,0.2001013171225937,0,0,678,349,1027,7.0,,,,,,,,,Manual-review cost changes with review_cost; binary cost is diagnostic only.,False,6.975,7.0
heloc,validation,HELOC capacity SCRE top20,SCRE-Optimized ranking,top_k_review,,,,0.2,weakness closing prompt 3,2,1,1.0,2100,1751.0,1751.0,395,0.2001013171225937,0,0,678,349,1027,7.0,,,,,,,,,Manual-review cost changes with review_cost; binary cost is diagnostic only.,False,6.975,7.0
heloc,validation,HELOC capacity SCRE top20,SCRE-Optimized ranking,top_k_review,,,,0.2,weakness closing prompt 3,2,1,2.0,2100,2146.0,2146.0,395,0.2001013171225937,0,0,678,349,1027,6.0,,,,,,,,,Manual-review cost changes with review_cost; binary cost is diagnostic only.,False,6.975,7.0
heloc,validation,HELOC capacity SCRE top20,SCRE-Optimized ranking,top_k_review,,,,0.2,weakness closing prompt 3,3,1,0.1,3127,2073.5,2073.5,395,0.2001013171225937,0,0,678,349,1027,7.0,,,,,,,,,Manual-review cost changes with review_cost; binary cost is diagnostic only.,False,6.975,7.0
heloc,validation,HELOC capacity SCRE top20,SCRE-Optimized ranking,top_k_review,,,,0.2,weakness closing prompt 3,3,1,0.25,3127,2132.75,2132.75,395,0.2001013171225937,0,0,678,349,1027,7.0,,,,,,,,,Manual-review cost changes with review_cost; binary cost is diagnostic only.,False,6.975,7.0
heloc,validation,HELOC capacity SCRE top20,SCRE-Optimized ranking,top_k_review,,,,0.2,weakness closing prompt 3,3,1,0.5,3127,2231.5,2231.5,395,0.2001013171225937,0,0,678,349,1027,7.0,,,,,,,,,Manual-review cost changes with review_cost; binary cost is diagnostic only.,False,6.975,7.0
heloc,validation,HELOC capacity SCRE top20,SCRE-Optimized ranking,top_k_review,,,,0.2,weakness closing prompt 3,3,1,1.0,3127,2429.0,2429.0,395,0.2001013171225937,0,0,678,349,1027,7.0,,,,,,,,,Manual-review cost changes with review_cost; binary cost is diagnostic only.,False,6.975,7.0
heloc,validation,HELOC capacity SCRE top20,SCRE-Optimized ranking,top_k_review,,,,0.2,weakness closing prompt 3,3,1,2.0,3127,2824.0,2824.0,395,0.2001013171225937,0,0,678,349,1027,7.0,,,,,,,,,Manual-review cost changes with review_cost; binary cost is diagnostic only.,False,6.975,7.0
heloc,validation,HELOC capacity SCRE top20,SCRE-Optimized ranking,top_k_review,,,,0.2,weakness closing prompt 3,5,1,0.1,5181,3429.5,3429.5,395,0.2001013171225937,0,0,678,349,1027,7.0,,,,,,,,,Manual-review cost changes with review_cost; binary cost is diagnostic only.,False,6.975,7.0
heloc,validation,HELOC capacity SCRE top20,SCRE-Optimized ranking,top_k_review,,,,0.2,weakness closing prompt 3,5,1,0.25,5181,3488.75,3488.75,395,0.2001013171225937,0,0,678,349,1027,7.0,,,,,,,,,Manual-review cost changes with review_cost; binary cost is diagnostic only.,False,6.975,7.0
heloc,validation,HELOC capacity SCRE top20,SCRE-Optimized ranking,top_k_review,,,,0.2,weakness closing prompt 3,5,1,0.5,5181,3587.5,3587.5,395,0.2001013171225937,0,0,678,349,1027,7.0,,,,,,,,,Manual-review cost changes with review_cost; binary cost is diagnostic only.,False,6.975,7.0
heloc,validation,HELOC capacity SCRE top20,SCRE-Optimized ranking,top_k_review,,,,0.2,weakness closing prompt 3,5,1,1.0,5181,3785.0,3785.0,395,0.2001013171225937,0,0,678,349,1027,7.0,,,,,,,,,Manual-review cost changes with review_cost; binary cost is diagnostic only.,False,6.975,7.0
heloc,validation,HELOC capacity SCRE top20,SCRE-Optimized ranking,top_k_review,,,,0.2,weakness closing prompt 3,5,1,2.0,5181,4180.0,4180.0,395,0.2001013171225937,0,0,678,349,1027,7.0,,,,,,,,,Manual-review cost changes with review_cost; binary cost is diagnostic only.,False,6.975,7.0
heloc,validation,HELOC capacity SCRE top20,SCRE-Optimized ranking,top_k_review,,,,0.2,weakness closing prompt 3,5,2,0.1,5227,3429.5,3429.5,395,0.2001013171225937,0,0,678,349,1027,7.0,,,,,,,,,Manual-review cost changes with review_cost; binary cost is diagnostic only.,False,6.975,7.0
heloc,validation,HELOC capacity SCRE top20,SCRE-Optimized ranking,top_k_review,,,,0.2,weakness closing prompt 3,5,2,0.25,5227,3488.75,3488.75,395,0.2001013171225937,0,0,678,349,1027,7.0,,,,,,,,,Manual-review cost changes with review_cost; binary cost is diagnostic only.,False,6.975,7.0
heloc,validation,HELOC capacity SCRE top20,SCRE-Optimized ranking,top_k_review,,,,0.2,weakness closing prompt 3,5,2,0.5,5227,3587.5,3587.5,395,0.2001013171225937,0,0,678,349,1027,7.0,,,,,,,,,Manual-review cost changes with review_cost; binary cost is diagnostic only.,False,6.975,7.0
heloc,validation,HELOC capacity SCRE top20,SCRE-Optimized ranking,top_k_review,,,,0.2,weakness closing prompt 3,5,2,1.0,5227,3785.0,3785.0,395,0.2001013171225937,0,0,678,349,1027,7.0,,,,,,,,,Manual-review cost changes with review_cost; binary cost is diagnostic only.,False,6.975,7.0
heloc,validation,HELOC capacity SCRE top20,SCRE-Optimized ranking,top_k_review,,,,0.2,weakness closing prompt 3,5,2,2.0,5227,4180.0,4180.0,395,0.2001013171225937,0,0,678,349,1027,7.0,,,,,,,,,Manual-review cost changes with review_cost; binary cost is diagnostic only.,False,6.975,7.0
heloc,validation,HELOC capacity SCRE top20,SCRE-Optimized ranking,top_k_review,,,,0.2,weakness closing prompt 3,5,3,0.1,5273,3429.5,3429.5,395,0.2001013171225937,0,0,678,349,1027,7.0,,,,,,,,,Manual-review cost changes with review_cost; binary cost is diagnostic only.,False,6.975,7.0
heloc,validation,HELOC capacity SCRE top20,SCRE-Optimized ranking,top_k_review,,,,0.2,weakness closing prompt 3,5,3,0.25,5273,3488.75,3488.75,395,0.2001013171225937,0,0,678,349,1027,7.0,,,,,,,,,Manual-review cost changes with review_cost; binary cost is diagnostic only.,False,6.975,7.0
heloc,validation,HELOC capacity SCRE top20,SCRE-Optimized ranking,top_k_review,,,,0.2,weakness closing prompt 3,5,3,0.5,5273,3587.5,3587.5,395,0.2001013171225937,0,0,678,349,1027,7.0,,,,,,,,,Manual-review cost changes with review_cost; binary cost is diagnostic only.,False,6.975,7.0
heloc,validation,HELOC capacity SCRE top20,SCRE-Optimized ranking,top_k_review,,,,0.2,weakness closing prompt 3,5,3,1.0,5273,3785.0,3785.0,395,0.2001013171225937,0,0,678,349,1027,7.0,,,,,,,,,Manual-review cost changes with review_cost; binary cost is diagnostic only.,False,6.975,7.0
heloc,validation,HELOC capacity SCRE top20,SCRE-Optimized ranking,top_k_review,,,,0.2,weakness closing prompt 3,5,3,2.0,5273,4180.0,4180.0,395,0.2001013171225937,0,0,678,349,1027,7.0,,,,,,,,,Manual-review cost changes with review_cost; binary cost is diagnostic only.,False,6.975,7.0
heloc,validation,HELOC capacity SCRE top20,SCRE-Optimized ranking,top_k_review,,,,0.2,weakness closing prompt 3,10,1,0.1,10316,6819.5,6819.5,395,0.2001013171225937,0,0,678,349,1027,7.0,,,,,,,,,Manual-review cost changes with review_cost; binary cost is diagnostic only.,False,6.975,7.0
heloc,validation,HELOC capacity SCRE top20,SCRE-Optimized ranking,top_k_review,,,,0.2,weakness closing prompt 3,10,1,0.25,10316,6878.75,6878.75,395,0.2001013171225937,0,0,678,349,1027,7.0,,,,,,,,,Manual-review cost changes with review_cost; binary cost is diagnostic only.,False,6.975,7.0
heloc,validation,HELOC capacity SCRE top20,SCRE-Optimized ranking,top_k_review,,,,0.2,weakness closing prompt 3,10,1,0.5,10316,6977.5,6977.5,395,0.2001013171225937,0,0,678,349,1027,7.0,,,,,,,,,Manual-review cost changes with review_cost; binary cost is diagnostic only.,False,6.975,7.0
heloc,validation,HELOC capacity SCRE top20,SCRE-Optimized ranking,top_k_review,,,,0.2,weakness closing prompt 3,10,1,1.0,10316,7175.0,7175.0,395,0.2001013171225937,0,0,678,349,1027,7.0,,,,,,,,,Manual-review cost changes with review_cost; binary cost is diagnostic only.,False,6.975,7.0
heloc,validation,HELOC capacity SCRE top20,SCRE-Optimized ranking,top_k_review,,,,0.2,weakness closing prompt 3,10,1,2.0,10316,7570.0,7570.0,395,0.2001013171225937,0,0,678,349,1027,7.0,,,,,,,,,Manual-review cost changes with review_cost; binary cost is diagnostic only.,False,6.975,7.0
heloc,validation,HELOC capacity SCRE top20,SCRE-Optimized ranking,top_k_review,,,,0.2,weakness closing prompt 3,10,2,0.1,10362,6819.5,6819.5,395,0.2001013171225937,0,0,678,349,1027,7.0,,,,,,,,,Manual-review cost changes with review_cost; binary cost is diagnostic only.,False,6.975,7.0
heloc,validation,HELOC capacity SCRE top20,SCRE-Optimized ranking,top_k_review,,,,0.2,weakness closing prompt 3,10,2,0.25,10362,6878.75,6878.75,395,0.2001013171225937,0,0,678,349,1027,7.0,,,,,,,,,Manual-review cost changes with review_cost; binary cost is diagnostic only.,False,6.975,7.0
heloc,validation,HELOC capacity SCRE top20,SCRE-Optimized ranking,top_k_review,,,,0.2,weakness closing prompt 3,10,2,0.5,10362,6977.5,6977.5,395,0.2001013171225937,0,0,678,349,1027,7.0,,,,,,,,,Manual-review cost changes with review_cost; binary cost is diagnostic only.,False,6.975,7.0
heloc,validation,HELOC capacity SCRE top20,SCRE-Optimized ranking,top_k_review,,,,0.2,weakness closing prompt 3,10,2,1.0,10362,7175.0,7175.0,395,0.2001013171225937,0,0,678,349,1027,7.0,,,,,,,,,Manual-review cost changes with review_cost; binary cost is diagnostic only.,False,6.975,7.0
heloc,validation,HELOC capacity SCRE top20,SCRE-Optimized ranking,top_k_review,,,,0.2,weakness closing prompt 3,10,2,2.0,10362,7570.0,7570.0,395,0.2001013171225937,0,0,678,349,1027,7.0,,,,,,,,,Manual-review cost changes with review_cost; binary cost is diagnostic only.,False,6.975,7.0
heloc,validation,HELOC capacity SCRE top20,SCRE-Optimized ranking,top_k_review,,,,0.2,weakness closing prompt 3,10,3,0.1,10408,6819.5,6819.5,395,0.2001013171225937,0,0,678,349,1027,7.0,,,,,,,,,Manual-review cost changes with review_cost; binary cost is diagnostic only.,False,6.975,7.0
heloc,validation,HELOC capacity SCRE top20,SCRE-Optimized ranking,top_k_review,,,,0.2,weakness closing prompt 3,10,3,0.25,10408,6878.75,6878.75,395,0.2001013171225937,0,0,678,349,1027,7.0,,,,,,,,,Manual-review cost changes with review_cost; binary cost is diagnostic only.,False,6.975,7.0
heloc,validation,HELOC capacity SCRE top20,SCRE-Optimized ranking,top_k_review,,,,0.2,weakness closing prompt 3,10,3,0.5,10408,6977.5,6977.5,395,0.2001013171225937,0,0,678,349,1027,7.0,,,,,,,,,Manual-review cost changes with review_cost; binary cost is diagnostic only.,False,6.975,7.0
heloc,validation,HELOC capacity SCRE top20,SCRE-Optimized ranking,top_k_review,,,,0.2,weakness closing prompt 3,10,3,1.0,10408,7175.0,7175.0,395,0.2001013171225937,0,0,678,349,1027,7.0,,,,,,,,,Manual-review cost changes with review_cost; binary cost is diagnostic only.,False,6.975,7.0
heloc,validation,HELOC capacity SCRE top20,SCRE-Optimized ranking,top_k_review,,,,0.2,weakness closing prompt 3,10,3,2.0,10408,7570.0,7570.0,395,0.2001013171225937,0,0,678,349,1027,7.0,,,,,,,,,Manual-review cost changes with review_cost; binary cost is diagnostic only.,False,6.975,7.0
heloc,locked_test,HELOC capacity SCRE top20,SCRE-Optimized ranking,top_k_review,,,,0.2,weakness closing prompt 3,2,1,0.1,2103,1399.5,1399.5,395,0.2,0,0,680,348,1028,7.0,,,,,,,,,Manual-review cost changes with review_cost; binary cost is diagnostic only.,False,6.975,7.0
heloc,locked_test,HELOC capacity SCRE top20,SCRE-Optimized ranking,top_k_review,,,,0.2,weakness closing prompt 3,2,1,0.25,2103,1458.75,1458.75,395,0.2,0,0,680,348,1028,7.0,,,,,,,,,Manual-review cost changes with review_cost; binary cost is diagnostic only.,False,6.975,7.0
heloc,locked_test,HELOC capacity SCRE top20,SCRE-Optimized ranking,top_k_review,,,,0.2,weakness closing prompt 3,2,1,0.5,2103,1557.5,1557.5,395,0.2,0,0,680,348,1028,7.0,,,,,,,,,Manual-review cost changes with review_cost; binary cost is diagnostic only.,False,6.975,7.0
heloc,locked_test,HELOC capacity SCRE top20,SCRE-Optimized ranking,top_k_review,,,,0.2,weakness closing prompt 3,2,1,1.0,2103,1755.0,1755.0,395,0.2,0,0,680,348,1028,7.0,,,,,,,,,Manual-review cost changes with review_cost; binary cost is diagnostic only.,False,6.975,7.0
heloc,locked_test,HELOC capacity SCRE top20,SCRE-Optimized ranking,top_k_review,,,,0.2,weakness closing prompt 3,2,1,2.0,2103,2150.0,2150.0,395,0.2,0,0,680,348,1028,6.0,,,,,,,,,Manual-review cost changes with review_cost; binary cost is diagnostic only.,False,6.975,7.0
heloc,locked_test,HELOC capacity SCRE top20,SCRE-Optimized ranking,top_k_review,,,,0.2,weakness closing prompt 3,3,1,0.1,3131,2079.5,2079.5,395,0.2,0,0,680,348,1028,7.0,,,,,,,,,Manual-review cost changes with review_cost; binary cost is diagnostic only.,False,6.975,7.0
heloc,locked_test,HELOC capacity SCRE top20,SCRE-Optimized ranking,top_k_review,,,,0.2,weakness closing prompt 3,3,1,0.25,3131,2138.75,2138.75,395,0.2,0,0,680,348,1028,7.0,,,,,,,,,Manual-review cost changes with review_cost; binary cost is diagnostic only.,False,6.975,7.0
heloc,locked_test,HELOC capacity SCRE top20,SCRE-Optimized ranking,top_k_review,,,,0.2,weakness closing prompt 3,3,1,0.5,3131,2237.5,2237.5,395,0.2,0,0,680,348,1028,7.0,,,,,,,,,Manual-review cost changes with review_cost; binary cost is diagnostic only.,False,6.975,7.0
heloc,locked_test,HELOC capacity SCRE top20,SCRE-Optimized ranking,top_k_review,,,,0.2,weakness closing prompt 3,3,1,1.0,3131,2435.0,2435.0,395,0.2,0,0,680,348,1028,7.0,,,,,,,,,Manual-review cost changes with review_cost; binary cost is diagnostic only.,False,6.975,7.0
heloc,locked_test,HELOC capacity SCRE top20,SCRE-Optimized ranking,top_k_review,,,,0.2,weakness closing prompt 3,3,1,2.0,3131,2830.0,2830.0,395,0.2,0,0,680,348,1028,7.0,,,,,,,,,Manual-review cost changes with review_cost; binary cost is diagnostic only.,False,6.975,7.0
heloc,locked_test,HELOC capacity SCRE top20,SCRE-Optimized ranking,top_k_review,,,,0.2,weakness closing prompt 3,5,1,0.1,5187,3439.5,3439.5,395,0.2,0,0,680,348,1028,7.0,,,,,,,,,Manual-review cost changes with review_cost; binary cost is diagnostic only.,False,6.975,7.0
heloc,locked_test,HELOC capacity SCRE top20,SCRE-Optimized ranking,top_k_review,,,,0.2,weakness closing prompt 3,5,1,0.25,5187,3498.75,3498.75,395,0.2,0,0,680,348,1028,7.0,,,,,,,,,Manual-review cost changes with review_cost; binary cost is diagnostic only.,False,6.975,7.0
heloc,locked_test,HELOC capacity SCRE top20,SCRE-Optimized ranking,top_k_review,,,,0.2,weakness closing prompt 3,5,1,0.5,5187,3597.5,3597.5,395,0.2,0,0,680,348,1028,7.0,,,,,,,,,Manual-review cost changes with review_cost; binary cost is diagnostic only.,False,6.975,7.0
heloc,locked_test,HELOC capacity SCRE top20,SCRE-Optimized ranking,top_k_review,,,,0.2,weakness closing prompt 3,5,1,1.0,5187,3795.0,3795.0,395,0.2,0,0,680,348,1028,7.0,,,,,,,,,Manual-review cost changes with review_cost; binary cost is diagnostic only.,False,6.975,7.0
heloc,locked_test,HELOC capacity SCRE top20,SCRE-Optimized ranking,top_k_review,,,,0.2,weakness closing prompt 3,5,1,2.0,5187,4190.0,4190.0,395,0.2,0,0,680,348,1028,7.0,,,,,,,,,Manual-review cost changes with review_cost; binary cost is diagnostic only.,False,6.975,7.0
heloc,locked_test,HELOC capacity SCRE top20,SCRE-Optimized ranking,top_k_review,,,,0.2,weakness closing prompt 3,5,2,0.1,5234,3439.5,3439.5,395,0.2,0,0,680,348,1028,7.0,,,,,,,,,Manual-review cost changes with review_cost; binary cost is diagnostic only.,False,6.975,7.0
heloc,locked_test,HELOC capacity SCRE top20,SCRE-Optimized ranking,top_k_review,,,,0.2,weakness closing prompt 3,5,2,0.25,5234,3498.75,3498.75,395,0.2,0,0,680,348,1028,7.0,,,,,,,,,Manual-review cost changes with review_cost; binary cost is diagnostic only.,False,6.975,7.0
heloc,locked_test,HELOC capacity SCRE top20,SCRE-Optimized ranking,top_k_review,,,,0.2,weakness closing prompt 3,5,2,0.5,5234,3597.5,3597.5,395,0.2,0,0,680,348,1028,7.0,,,,,,,,,Manual-review cost changes with review_cost; binary cost is diagnostic only.,False,6.975,7.0
heloc,locked_test,HELOC capacity SCRE top20,SCRE-Optimized ranking,top_k_review,,,,0.2,weakness closing prompt 3,5,2,1.0,5234,3795.0,3795.0,395,0.2,0,0,680,348,1028,7.0,,,,,,,,,Manual-review cost changes with review_cost; binary cost is diagnostic only.,False,6.975,7.0
heloc,locked_test,HELOC capacity SCRE top20,SCRE-Optimized ranking,top_k_review,,,,0.2,weakness closing prompt 3,5,2,2.0,5234,4190.0,4190.0,395,0.2,0,0,680,348,1028,7.0,,,,,,,,,Manual-review cost changes with review_cost; binary cost is diagnostic only.,False,6.975,7.0
heloc,locked_test,HELOC capacity SCRE top20,SCRE-Optimized ranking,top_k_review,,,,0.2,weakness closing prompt 3,5,3,0.1,5281,3439.5,3439.5,395,0.2,0,0,680,348,1028,7.0,,,,,,,,,Manual-review cost changes with review_cost; binary cost is diagnostic only.,False,6.975,7.0
heloc,locked_test,HELOC capacity SCRE top20,SCRE-Optimized ranking,top_k_review,,,,0.2,weakness closing prompt 3,5,3,0.25,5281,3498.75,3498.75,395,0.2,0,0,680,348,1028,7.0,,,,,,,,,Manual-review cost changes with review_cost; binary cost is diagnostic only.,False,6.975,7.0
heloc,locked_test,HELOC capacity SCRE top20,SCRE-Optimized ranking,top_k_review,,,,0.2,weakness closing prompt 3,5,3,0.5,5281,3597.5,3597.5,395,0.2,0,0,680,348,1028,7.0,,,,,,,,,Manual-review cost changes with review_cost; binary cost is diagnostic only.,False,6.975,7.0
heloc,locked_test,HELOC capacity SCRE top20,SCRE-Optimized ranking,top_k_review,,,,0.2,weakness closing prompt 3,5,3,1.0,5281,3795.0,3795.0,395,0.2,0,0,680,348,1028,7.0,,,,,,,,,Manual-review cost changes with review_cost; binary cost is diagnostic only.,False,6.975,7.0
heloc,locked_test,HELOC capacity SCRE top20,SCRE-Optimized ranking,top_k_review,,,,0.2,weakness closing prompt 3,5,3,2.0,5281,4190.0,4190.0,395,0.2,0,0,680,348,1028,7.0,,,,,,,,,Manual-review cost changes with review_cost; binary cost is diagnostic only.,False,6.975,7.0
heloc,locked_test,HELOC capacity SCRE top20,SCRE-Optimized ranking,top_k_review,,,,0.2,weakness closing prompt 3,10,1,0.1,10327,6839.5,6839.5,395,0.2,0,0,680,348,1028,7.0,,,,,,,,,Manual-review cost changes with review_cost; binary cost is diagnostic only.,False,6.975,7.0
heloc,locked_test,HELOC capacity SCRE top20,SCRE-Optimized ranking,top_k_review,,,,0.2,weakness closing prompt 3,10,1,0.25,10327,6898.75,6898.75,395,0.2,0,0,680,348,1028,7.0,,,,,,,,,Manual-review cost changes with review_cost; binary cost is diagnostic only.,False,6.975,7.0
heloc,locked_test,HELOC capacity SCRE top20,SCRE-Optimized ranking,top_k_review,,,,0.2,weakness closing prompt 3,10,1,0.5,10327,6997.5,6997.5,395,0.2,0,0,680,348,1028,7.0,,,,,,,,,Manual-review cost changes with review_cost; binary cost is diagnostic only.,False,6.975,7.0
heloc,locked_test,HELOC capacity SCRE top20,SCRE-Optimized ranking,top_k_review,,,,0.2,weakness closing prompt 3,10,1,1.0,10327,7195.0,7195.0,395,0.2,0,0,680,348,1028,7.0,,,,,,,,,Manual-review cost changes with review_cost; binary cost is diagnostic only.,False,6.975,7.0
heloc,locked_test,HELOC capacity SCRE top20,SCRE-Optimized ranking,top_k_review,,,,0.2,weakness closing prompt 3,10,1,2.0,10327,7590.0,7590.0,395,0.2,0,0,680,348,1028,7.0,,,,,,,,,Manual-review cost changes with review_cost; binary cost is diagnostic only.,False,6.975,7.0
heloc,locked_test,HELOC capacity SCRE top20,SCRE-Optimized ranking,top_k_review,,,,0.2,weakness closing prompt 3,10,2,0.1,10374,6839.5,6839.5,395,0.2,0,0,680,348,1028,7.0,,,,,,,,,Manual-review cost changes with review_cost; binary cost is diagnostic only.,False,6.975,7.0
heloc,locked_test,HELOC capacity SCRE top20,SCRE-Optimized ranking,top_k_review,,,,0.2,weakness closing prompt 3,10,2,0.25,10374,6898.75,6898.75,395,0.2,0,0,680,348,1028,7.0,,,,,,,,,Manual-review cost changes with review_cost; binary cost is diagnostic only.,False,6.975,7.0
heloc,locked_test,HELOC capacity SCRE top20,SCRE-Optimized ranking,top_k_review,,,,0.2,weakness closing prompt 3,10,2,0.5,10374,6997.5,6997.5,395,0.2,0,0,680,348,1028,7.0,,,,,,,,,Manual-review cost changes with review_cost; binary cost is diagnostic only.,False,6.975,7.0
heloc,locked_test,HELOC capacity SCRE top20,SCRE-Optimized ranking,top_k_review,,,,0.2,weakness closing prompt 3,10,2,1.0,10374,7195.0,7195.0,395,0.2,0,0,680,348,1028,7.0,,,,,,,,,Manual-review cost changes with review_cost; binary cost is diagnostic only.,False,6.975,7.0
heloc,locked_test,HELOC capacity SCRE top20,SCRE-Optimized ranking,top_k_review,,,,0.2,weakness closing prompt 3,10,2,2.0,10374,7590.0,7590.0,395,0.2,0,0,680,348,1028,7.0,,,,,,,,,Manual-review cost changes with review_cost; binary cost is diagnostic only.,False,6.975,7.0
heloc,locked_test,HELOC capacity SCRE top20,SCRE-Optimized ranking,top_k_review,,,,0.2,weakness closing prompt 3,10,3,0.1,10421,6839.5,6839.5,395,0.2,0,0,680,348,1028,7.0,,,,,,,,,Manual-review cost changes with review_cost; binary cost is diagnostic only.,False,6.975,7.0
heloc,locked_test,HELOC capacity SCRE top20,SCRE-Optimized ranking,top_k_review,,,,0.2,weakness closing prompt 3,10,3,0.25,10421,6898.75,6898.75,395,0.2,0,0,680,348,1028,7.0,,,,,,,,,Manual-review cost changes with review_cost; binary cost is diagnostic only.,False,6.975,7.0
heloc,locked_test,HELOC capacity SCRE top20,SCRE-Optimized ranking,top_k_review,,,,0.2,weakness closing prompt 3,10,3,0.5,10421,6997.5,6997.5,395,0.2,0,0,680,348,1028,7.0,,,,,,,,,Manual-review cost changes with review_cost; binary cost is diagnostic only.,False,6.975,7.0
heloc,locked_test,HELOC capacity SCRE top20,SCRE-Optimized ranking,top_k_review,,,,0.2,weakness closing prompt 3,10,3,1.0,10421,7195.0,7195.0,395,0.2,0,0,680,348,1028,7.0,,,,,,,,,Manual-review cost changes with review_cost; binary cost is diagnostic only.,False,6.975,7.0
heloc,locked_test,HELOC capacity SCRE top20,SCRE-Optimized ranking,top_k_review,,,,0.2,weakness closing prompt 3,10,3,2.0,10421,7590.0,7590.0,395,0.2,0,0,680,348,1028,7.0,,,,,,,,,Manual-review cost changes with review_cost; binary cost is diagnostic only.,False,6.975,7.0
heloc,validation,HELOC capacity SCRE top25,SCRE-Optimized ranking,top_k_review,,,,0.25,weakness closing prompt 3,2,1,0.1,2118,1243.4,1243.4,494,0.2502532928064843,0,0,597,430,1027,6.0,,,,,,,,,Manual-review cost changes with review_cost; binary cost is diagnostic only.,False,6.025,6.0
heloc,validation,HELOC capacity SCRE top25,SCRE-Optimized ranking,top_k_review,,,,0.25,weakness closing prompt 3,2,1,0.25,2118,1317.5,1317.5,494,0.2502532928064843,0,0,597,430,1027,6.0,,,,,,,,,Manual-review cost changes with review_cost; binary cost is diagnostic only.,False,6.025,6.0
heloc,validation,HELOC capacity SCRE top25,SCRE-Optimized ranking,top_k_review,,,,0.25,weakness closing prompt 3,2,1,0.5,2118,1441.0,1441.0,494,0.2502532928064843,0,0,597,430,1027,6.0,,,,,,,,,Manual-review cost changes with review_cost; binary cost is diagnostic only.,False,6.025,6.0
heloc,validation,HELOC capacity SCRE top25,SCRE-Optimized ranking,top_k_review,,,,0.25,weakness closing prompt 3,2,1,1.0,2118,1688.0,1688.0,494,0.2502532928064843,0,0,597,430,1027,6.0,,,,,,,,,Manual-review cost changes with review_cost; binary cost is diagnostic only.,False,6.025,6.0
heloc,validation,HELOC capacity SCRE top25,SCRE-Optimized ranking,top_k_review,,,,0.25,weakness closing prompt 3,2,1,2.0,2118,2182.0,2182.0,494,0.2502532928064843,0,0,597,430,1027,7.0,,,,,,,,,Manual-review cost changes with review_cost; binary cost is diagnostic only.,False,6.025,6.0
heloc,validation,HELOC capacity SCRE top25,SCRE-Optimized ranking,top_k_review,,,,0.25,weakness closing prompt 3,3,1,0.1,3145,1840.4,1840.4,494,0.2502532928064843,0,0,597,430,1027,6.0,,,,,,,,,Manual-review cost changes with review_cost; binary cost is diagnostic only.,False,6.025,6.0
heloc,validation,HELOC capacity SCRE top25,SCRE-Optimized ranking,top_k_review,,,,0.25,weakness closing prompt 3,3,1,0.25,3145,1914.5,1914.5,494,0.2502532928064843,0,0,597,430,1027,6.0,,,,,,,,,Manual-review cost changes with review_cost; binary cost is diagnostic only.,False,6.025,6.0
heloc,validation,HELOC capacity SCRE top25,SCRE-Optimized ranking,top_k_review,,,,0.25,weakness closing prompt 3,3,1,0.5,3145,2038.0,2038.0,494,0.2502532928064843,0,0,597,430,1027,6.0,,,,,,,,,Manual-review cost changes with review_cost; binary cost is diagnostic only.,False,6.025,6.0
heloc,validation,HELOC capacity SCRE top25,SCRE-Optimized ranking,top_k_review,,,,0.25,weakness closing prompt 3,3,1,1.0,3145,2285.0,2285.0,494,0.2502532928064843,0,0,597,430,1027,6.0,,,,,,,,,Manual-review cost changes with review_cost; binary cost is diagnostic only.,False,6.025,6.0
heloc,validation,HELOC capacity SCRE top25,SCRE-Optimized ranking,top_k_review,,,,0.25,weakness closing prompt 3,3,1,2.0,3145,2779.0,2779.0,494,0.2502532928064843,0,0,597,430,1027,6.0,,,,,,,,,Manual-review cost changes with review_cost; binary cost is diagnostic only.,False,6.025,6.0
heloc,validation,HELOC capacity SCRE top25,SCRE-Optimized ranking,top_k_review,,,,0.25,weakness closing prompt 3,5,1,0.1,5199,3034.4,3034.4,494,0.2502532928064843,0,0,597,430,1027,6.0,,,,,,,,,Manual-review cost changes with review_cost; binary cost is diagnostic only.,False,6.025,6.0
heloc,validation,HELOC capacity SCRE top25,SCRE-Optimized ranking,top_k_review,,,,0.25,weakness closing prompt 3,5,1,0.25,5199,3108.5,3108.5,494,0.2502532928064843,0,0,597,430,1027,6.0,,,,,,,,,Manual-review cost changes with review_cost; binary cost is diagnostic only.,False,6.025,6.0
heloc,validation,HELOC capacity SCRE top25,SCRE-Optimized ranking,top_k_review,,,,0.25,weakness closing prompt 3,5,1,0.5,5199,3232.0,3232.0,494,0.2502532928064843,0,0,597,430,1027,6.0,,,,,,,,,Manual-review cost changes with review_cost; binary cost is diagnostic only.,False,6.025,6.0
heloc,validation,HELOC capacity SCRE top25,SCRE-Optimized ranking,top_k_review,,,,0.25,weakness closing prompt 3,5,1,1.0,5199,3479.0,3479.0,494,0.2502532928064843,0,0,597,430,1027,6.0,,,,,,,,,Manual-review cost changes with review_cost; binary cost is diagnostic only.,False,6.025,6.0
heloc,validation,HELOC capacity SCRE top25,SCRE-Optimized ranking,top_k_review,,,,0.25,weakness closing prompt 3,5,1,2.0,5199,3973.0,3973.0,494,0.2502532928064843,0,0,597,430,1027,6.0,,,,,,,,,Manual-review cost changes with review_cost; binary cost is diagnostic only.,False,6.025,6.0
heloc,validation,HELOC capacity SCRE top25,SCRE-Optimized ranking,top_k_review,,,,0.25,weakness closing prompt 3,5,2,0.1,5263,3034.4,3034.4,494,0.2502532928064843,0,0,597,430,1027,6.0,,,,,,,,,Manual-review cost changes with review_cost; binary cost is diagnostic only.,False,6.025,6.0
heloc,validation,HELOC capacity SCRE top25,SCRE-Optimized ranking,top_k_review,,,,0.25,weakness closing prompt 3,5,2,0.25,5263,3108.5,3108.5,494,0.2502532928064843,0,0,597,430,1027,6.0,,,,,,,,,Manual-review cost changes with review_cost; binary cost is diagnostic only.,False,6.025,6.0
heloc,validation,HELOC capacity SCRE top25,SCRE-Optimized ranking,top_k_review,,,,0.25,weakness closing prompt 3,5,2,0.5,5263,3232.0,3232.0,494,0.2502532928064843,0,0,597,430,1027,6.0,,,,,,,,,Manual-review cost changes with review_cost; binary cost is diagnostic only.,False,6.025,6.0
heloc,validation,HELOC capacity SCRE top25,SCRE-Optimized ranking,top_k_review,,,,0.25,weakness closing prompt 3,5,2,1.0,5263,3479.0,3479.0,494,0.2502532928064843,0,0,597,430,1027,6.0,,,,,,,,,Manual-review cost changes with review_cost; binary cost is diagnostic only.,False,6.025,6.0
heloc,validation,HELOC capacity SCRE top25,SCRE-Optimized ranking,top_k_review,,,,0.25,weakness closing prompt 3,5,2,2.0,5263,3973.0,3973.0,494,0.2502532928064843,0,0,597,430,1027,6.0,,,,,,,,,Manual-review cost changes with review_cost; binary cost is diagnostic only.,False,6.025,6.0
heloc,validation,HELOC capacity SCRE top25,SCRE-Optimized ranking,top_k_review,,,,0.25,weakness closing prompt 3,5,3,0.1,5327,3034.4,3034.4,494,0.2502532928064843,0,0,597,430,1027,6.0,,,,,,,,,Manual-review cost changes with review_cost; binary cost is diagnostic only.,False,6.025,6.0
heloc,validation,HELOC capacity SCRE top25,SCRE-Optimized ranking,top_k_review,,,,0.25,weakness closing prompt 3,5,3,0.25,5327,3108.5,3108.5,494,0.2502532928064843,0,0,597,430,1027,6.0,,,,,,,,,Manual-review cost changes with review_cost; binary cost is diagnostic only.,False,6.025,6.0
heloc,validation,HELOC capacity SCRE top25,SCRE-Optimized ranking,top_k_review,,,,0.25,weakness closing prompt 3,5,3,0.5,5327,3232.0,3232.0,494,0.2502532928064843,0,0,597,430,1027,6.0,,,,,,,,,Manual-review cost changes with review_cost; binary cost is diagnostic only.,False,6.025,6.0
heloc,validation,HELOC capacity SCRE top25,SCRE-Optimized ranking,top_k_review,,,,0.25,weakness closing prompt 3,5,3,1.0,5327,3479.0,3479.0,494,0.2502532928064843,0,0,597,430,1027,6.0,,,,,,,,,Manual-review cost changes with review_cost; binary cost is diagnostic only.,False,6.025,6.0
heloc,validation,HELOC capacity SCRE top25,SCRE-Optimized ranking,top_k_review,,,,0.25,weakness closing prompt 3,5,3,2.0,5327,3973.0,3973.0,494,0.2502532928064843,0,0,597,430,1027,6.0,,,,,,,,,Manual-review cost changes with review_cost; binary cost is diagnostic only.,False,6.025,6.0
heloc,validation,HELOC capacity SCRE top25,SCRE-Optimized ranking,top_k_review,,,,0.25,weakness closing prompt 3,10,1,0.1,10334,6019.4,6019.4,494,0.2502532928064843,0,0,597,430,1027,6.0,,,,,,,,,Manual-review cost changes with review_cost; binary cost is diagnostic only.,False,6.025,6.0
heloc,validation,HELOC capacity SCRE top25,SCRE-Optimized ranking,top_k_review,,,,0.25,weakness closing prompt 3,10,1,0.25,10334,6093.5,6093.5,494,0.2502532928064843,0,0,597,430,1027,6.0,,,,,,,,,Manual-review cost changes with review_cost; binary cost is diagnostic only.,False,6.025,6.0
heloc,validation,HELOC capacity SCRE top25,SCRE-Optimized ranking,top_k_review,,,,0.25,weakness closing prompt 3,10,1,0.5,10334,6217.0,6217.0,494,0.2502532928064843,0,0,597,430,1027,6.0,,,,,,,,,Manual-review cost changes with review_cost; binary cost is diagnostic only.,False,6.025,6.0
heloc,validation,HELOC capacity SCRE top25,SCRE-Optimized ranking,top_k_review,,,,0.25,weakness closing prompt 3,10,1,1.0,10334,6464.0,6464.0,494,0.2502532928064843,0,0,597,430,1027,6.0,,,,,,,,,Manual-review cost changes with review_cost; binary cost is diagnostic only.,False,6.025,6.0
heloc,validation,HELOC capacity SCRE top25,SCRE-Optimized ranking,top_k_review,,,,0.25,weakness closing prompt 3,10,1,2.0,10334,6958.0,6958.0,494,0.2502532928064843,0,0,597,430,1027,6.0,,,,,,,,,Manual-review cost changes with review_cost; binary cost is diagnostic only.,False,6.025,6.0
heloc,validation,HELOC capacity SCRE top25,SCRE-Optimized ranking,top_k_review,,,,0.25,weakness closing prompt 3,10,2,0.1,10398,6019.4,6019.4,494,0.2502532928064843,0,0,597,430,1027,6.0,,,,,,,,,Manual-review cost changes with review_cost; binary cost is diagnostic only.,False,6.025,6.0
heloc,validation,HELOC capacity SCRE top25,SCRE-Optimized ranking,top_k_review,,,,0.25,weakness closing prompt 3,10,2,0.25,10398,6093.5,6093.5,494,0.2502532928064843,0,0,597,430,1027,6.0,,,,,,,,,Manual-review cost changes with review_cost; binary cost is diagnostic only.,False,6.025,6.0
heloc,validation,HELOC capacity SCRE top25,SCRE-Optimized ranking,top_k_review,,,,0.25,weakness closing prompt 3,10,2,0.5,10398,6217.0,6217.0,494,0.2502532928064843,0,0,597,430,1027,6.0,,,,,,,,,Manual-review cost changes with review_cost; binary cost is diagnostic only.,False,6.025,6.0
heloc,validation,HELOC capacity SCRE top25,SCRE-Optimized ranking,top_k_review,,,,0.25,weakness closing prompt 3,10,2,1.0,10398,6464.0,6464.0,494,0.2502532928064843,0,0,597,430,1027,6.0,,,,,,,,,Manual-review cost changes with review_cost; binary cost is diagnostic only.,False,6.025,6.0
heloc,validation,HELOC capacity SCRE top25,SCRE-Optimized ranking,top_k_review,,,,0.25,weakness closing prompt 3,10,2,2.0,10398,6958.0,6958.0,494,0.2502532928064843,0,0,597,430,1027,6.0,,,,,,,,,Manual-review cost changes with review_cost; binary cost is diagnostic only.,False,6.025,6.0
heloc,validation,HELOC capacity SCRE top25,SCRE-Optimized ranking,top_k_review,,,,0.25,weakness closing prompt 3,10,3,0.1,10462,6019.4,6019.4,494,0.2502532928064843,0,0,597,430,1027,6.0,,,,,,,,,Manual-review cost changes with review_cost; binary cost is diagnostic only.,False,6.025,6.0
heloc,validation,HELOC capacity SCRE top25,SCRE-Optimized ranking,top_k_review,,,,0.25,weakness closing prompt 3,10,3,0.25,10462,6093.5,6093.5,494,0.2502532928064843,0,0,597,430,1027,6.0,,,,,,,,,Manual-review cost changes with review_cost; binary cost is diagnostic only.,False,6.025,6.0
heloc,validation,HELOC capacity SCRE top25,SCRE-Optimized ranking,top_k_review,,,,0.25,weakness closing prompt 3,10,3,0.5,10462,6217.0,6217.0,494,0.2502532928064843,0,0,597,430,1027,6.0,,,,,,,,,Manual-review cost changes with review_cost; binary cost is diagnostic only.,False,6.025,6.0
heloc,validation,HELOC capacity SCRE top25,SCRE-Optimized ranking,top_k_review,,,,0.25,weakness closing prompt 3,10,3,1.0,10462,6464.0,6464.0,494,0.2502532928064843,0,0,597,430,1027,6.0,,,,,,,,,Manual-review cost changes with review_cost; binary cost is diagnostic only.,False,6.025,6.0
heloc,validation,HELOC capacity SCRE top25,SCRE-Optimized ranking,top_k_review,,,,0.25,weakness closing prompt 3,10,3,2.0,10462,6958.0,6958.0,494,0.2502532928064843,0,0,597,430,1027,6.0,,,,,,,,,Manual-review cost changes with review_cost; binary cost is diagnostic only.,False,6.025,6.0
heloc,locked_test,HELOC capacity SCRE top25,SCRE-Optimized ranking,top_k_review,,,,0.25,weakness closing prompt 3,2,1,0.1,2127,1259.4,1259.4,494,0.250126582278481,0,0,605,423,1028,6.0,,,,,,,,,Manual-review cost changes with review_cost; binary cost is diagnostic only.,False,6.025,6.0
heloc,locked_test,HELOC capacity SCRE top25,SCRE-Optimized ranking,top_k_review,,,,0.25,weakness closing prompt 3,2,1,0.25,2127,1333.5,1333.5,494,0.250126582278481,0,0,605,423,1028,6.0,,,,,,,,,Manual-review cost changes with review_cost; binary cost is diagnostic only.,False,6.025,6.0
heloc,locked_test,HELOC capacity SCRE top25,SCRE-Optimized ranking,top_k_review,,,,0.25,weakness closing prompt 3,2,1,0.5,2127,1457.0,1457.0,494,0.250126582278481,0,0,605,423,1028,6.0,,,,,,,,,Manual-review cost changes with review_cost; binary cost is diagnostic only.,False,6.025,6.0
heloc,locked_test,HELOC capacity SCRE top25,SCRE-Optimized ranking,top_k_review,,,,0.25,weakness closing prompt 3,2,1,1.0,2127,1704.0,1704.0,494,0.250126582278481,0,0,605,423,1028,6.0,,,,,,,,,Manual-review cost changes with review_cost; binary cost is diagnostic only.,False,6.025,6.0
heloc,locked_test,HELOC capacity SCRE top25,SCRE-Optimized ranking,top_k_review,,,,0.25,weakness closing prompt 3,2,1,2.0,2127,2198.0,2198.0,494,0.250126582278481,0,0,605,423,1028,7.0,,,,,,,,,Manual-review cost changes with review_cost; binary cost is diagnostic only.,False,6.025,6.0
heloc,locked_test,HELOC capacity SCRE top25,SCRE-Optimized ranking,top_k_review,,,,0.25,weakness closing prompt 3,3,1,0.1,3155,1864.4,1864.4,494,0.250126582278481,0,0,605,423,1028,6.0,,,,,,,,,Manual-review cost changes with review_cost; binary cost is diagnostic only.,False,6.025,6.0
heloc,locked_test,HELOC capacity SCRE top25,SCRE-Optimized ranking,top_k_review,,,,0.25,weakness closing prompt 3,3,1,0.25,3155,1938.5,1938.5,494,0.250126582278481,0,0,605,423,1028,6.0,,,,,,,,,Manual-review cost changes with review_cost; binary cost is diagnostic only.,False,6.025,6.0
heloc,locked_test,HELOC capacity SCRE top25,SCRE-Optimized ranking,top_k_review,,,,0.25,weakness closing prompt 3,3,1,0.5,3155,2062.0,2062.0,494,0.250126582278481,0,0,605,423,1028,6.0,,,,,,,,,Manual-review cost changes with review_cost; binary cost is diagnostic only.,False,6.025,6.0
heloc,locked_test,HELOC capacity SCRE top25,SCRE-Optimized ranking,top_k_review,,,,0.25,weakness closing prompt 3,3,1,1.0,3155,2309.0,2309.0,494,0.250126582278481,0,0,605,423,1028,6.0,,,,,,,,,Manual-review cost changes with review_cost; binary cost is diagnostic only.,False,6.025,6.0
heloc,locked_test,HELOC capacity SCRE top25,SCRE-Optimized ranking,top_k_review,,,,0.25,weakness closing prompt 3,3,1,2.0,3155,2803.0,2803.0,494,0.250126582278481,0,0,605,423,1028,6.0,,,,,,,,,Manual-review cost changes with review_cost; binary cost is diagnostic only.,False,6.025,6.0
heloc,locked_test,HELOC capacity SCRE top25,SCRE-Optimized ranking,top_k_review,,,,0.25,weakness closing prompt 3,5,1,0.1,5211,3074.4,3074.4,494,0.250126582278481,0,0,605,423,1028,6.0,,,,,,,,,Manual-review cost changes with review_cost; binary cost is diagnostic only.,False,6.025,6.0
heloc,locked_test,HELOC capacity SCRE top25,SCRE-Optimized ranking,top_k_review,,,,0.25,weakness closing prompt 3,5,1,0.25,5211,3148.5,3148.5,494,0.250126582278481,0,0,605,423,1028,6.0,,,,,,,,,Manual-review cost changes with review_cost; binary cost is diagnostic only.,False,6.025,6.0
heloc,locked_test,HELOC capacity SCRE top25,SCRE-Optimized ranking,top_k_review,,,,0.25,weakness closing prompt 3,5,1,0.5,5211,3272.0,3272.0,494,0.250126582278481,0,0,605,423,1028,6.0,,,,,,,,,Manual-review cost changes with review_cost; binary cost is diagnostic only.,False,6.025,6.0
heloc,locked_test,HELOC capacity SCRE top25,SCRE-Optimized ranking,top_k_review,,,,0.25,weakness closing prompt 3,5,1,1.0,5211,3519.0,3519.0,494,0.250126582278481,0,0,605,423,1028,6.0,,,,,,,,,Manual-review cost changes with review_cost; binary cost is diagnostic only.,False,6.025,6.0
heloc,locked_test,HELOC capacity SCRE top25,SCRE-Optimized ranking,top_k_review,,,,0.25,weakness closing prompt 3,5,1,2.0,5211,4013.0,4013.0,494,0.250126582278481,0,0,605,423,1028,6.0,,,,,,,,,Manual-review cost changes with review_cost; binary cost is diagnostic only.,False,6.025,6.0
heloc,locked_test,HELOC capacity SCRE top25,SCRE-Optimized ranking,top_k_review,,,,0.25,weakness closing prompt 3,5,2,0.1,5282,3074.4,3074.4,494,0.250126582278481,0,0,605,423,1028,6.0,,,,,,,,,Manual-review cost changes with review_cost; binary cost is diagnostic only.,False,6.025,6.0
heloc,locked_test,HELOC capacity SCRE top25,SCRE-Optimized ranking,top_k_review,,,,0.25,weakness closing prompt 3,5,2,0.25,5282,3148.5,3148.5,494,0.250126582278481,0,0,605,423,1028,6.0,,,,,,,,,Manual-review cost changes with review_cost; binary cost is diagnostic only.,False,6.025,6.0
heloc,locked_test,HELOC capacity SCRE top25,SCRE-Optimized ranking,top_k_review,,,,0.25,weakness closing prompt 3,5,2,0.5,5282,3272.0,3272.0,494,0.250126582278481,0,0,605,423,1028,6.0,,,,,,,,,Manual-review cost changes with review_cost; binary cost is diagnostic only.,False,6.025,6.0
heloc,locked_test,HELOC capacity SCRE top25,SCRE-Optimized ranking,top_k_review,,,,0.25,weakness closing prompt 3,5,2,1.0,5282,3519.0,3519.0,494,0.250126582278481,0,0,605,423,1028,6.0,,,,,,,,,Manual-review cost changes with review_cost; binary cost is diagnostic only.,False,6.025,6.0
heloc,locked_test,HELOC capacity SCRE top25,SCRE-Optimized ranking,top_k_review,,,,0.25,weakness closing prompt 3,5,2,2.0,5282,4013.0,4013.0,494,0.250126582278481,0,0,605,423,1028,6.0,,,,,,,,,Manual-review cost changes with review_cost; binary cost is diagnostic only.,False,6.025,6.0
heloc,locked_test,HELOC capacity SCRE top25,SCRE-Optimized ranking,top_k_review,,,,0.25,weakness closing prompt 3,5,3,0.1,5353,3074.4,3074.4,494,0.250126582278481,0,0,605,423,1028,6.0,,,,,,,,,Manual-review cost changes with review_cost; binary cost is diagnostic only.,False,6.025,6.0
heloc,locked_test,HELOC capacity SCRE top25,SCRE-Optimized ranking,top_k_review,,,,0.25,weakness closing prompt 3,5,3,0.25,5353,3148.5,3148.5,494,0.250126582278481,0,0,605,423,1028,6.0,,,,,,,,,Manual-review cost changes with review_cost; binary cost is diagnostic only.,False,6.025,6.0
heloc,locked_test,HELOC capacity SCRE top25,SCRE-Optimized ranking,top_k_review,,,,0.25,weakness closing prompt 3,5,3,0.5,5353,3272.0,3272.0,494,0.250126582278481,0,0,605,423,1028,6.0,,,,,,,,,Manual-review cost changes with review_cost; binary cost is diagnostic only.,False,6.025,6.0
heloc,locked_test,HELOC capacity SCRE top25,SCRE-Optimized ranking,top_k_review,,,,0.25,weakness closing prompt 3,5,3,1.0,5353,3519.0,3519.0,494,0.250126582278481,0,0,605,423,1028,6.0,,,,,,,,,Manual-review cost changes with review_cost; binary cost is diagnostic only.,False,6.025,6.0
heloc,locked_test,HELOC capacity SCRE top25,SCRE-Optimized ranking,top_k_review,,,,0.25,weakness closing prompt 3,5,3,2.0,5353,4013.0,4013.0,494,0.250126582278481,0,0,605,423,1028,6.0,,,,,,,,,Manual-review cost changes with review_cost; binary cost is diagnostic only.,False,6.025,6.0
heloc,locked_test,HELOC capacity SCRE top25,SCRE-Optimized ranking,top_k_review,,,,0.25,weakness closing prompt 3,10,1,0.1,10351,6099.4,6099.4,494,0.250126582278481,0,0,605,423,1028,6.0,,,,,,,,,Manual-review cost changes with review_cost; binary cost is diagnostic only.,False,6.025,6.0
heloc,locked_test,HELOC capacity SCRE top25,SCRE-Optimized ranking,top_k_review,,,,0.25,weakness closing prompt 3,10,1,0.25,10351,6173.5,6173.5,494,0.250126582278481,0,0,605,423,1028,6.0,,,,,,,,,Manual-review cost changes with review_cost; binary cost is diagnostic only.,False,6.025,6.0
heloc,locked_test,HELOC capacity SCRE top25,SCRE-Optimized ranking,top_k_review,,,,0.25,weakness closing prompt 3,10,1,0.5,10351,6297.0,6297.0,494,0.250126582278481,0,0,605,423,1028,6.0,,,,,,,,,Manual-review cost changes with review_cost; binary cost is diagnostic only.,False,6.025,6.0
heloc,locked_test,HELOC capacity SCRE top25,SCRE-Optimized ranking,top_k_review,,,,0.25,weakness closing prompt 3,10,1,1.0,10351,6544.0,6544.0,494,0.250126582278481,0,0,605,423,1028,6.0,,,,,,,,,Manual-review cost changes with review_cost; binary cost is diagnostic only.,False,6.025,6.0
heloc,locked_test,HELOC capacity SCRE top25,SCRE-Optimized ranking,top_k_review,,,,0.25,weakness closing prompt 3,10,1,2.0,10351,7038.0,7038.0,494,0.250126582278481,0,0,605,423,1028,6.0,,,,,,,,,Manual-review cost changes with review_cost; binary cost is diagnostic only.,False,6.025,6.0
heloc,locked_test,HELOC capacity SCRE top25,SCRE-Optimized ranking,top_k_review,,,,0.25,weakness closing prompt 3,10,2,0.1,10422,6099.4,6099.4,494,0.250126582278481,0,0,605,423,1028,6.0,,,,,,,,,Manual-review cost changes with review_cost; binary cost is diagnostic only.,False,6.025,6.0
heloc,locked_test,HELOC capacity SCRE top25,SCRE-Optimized ranking,top_k_review,,,,0.25,weakness closing prompt 3,10,2,0.25,10422,6173.5,6173.5,494,0.250126582278481,0,0,605,423,1028,6.0,,,,,,,,,Manual-review cost changes with review_cost; binary cost is diagnostic only.,False,6.025,6.0
heloc,locked_test,HELOC capacity SCRE top25,SCRE-Optimized ranking,top_k_review,,,,0.25,weakness closing prompt 3,10,2,0.5,10422,6297.0,6297.0,494,0.250126582278481,0,0,605,423,1028,6.0,,,,,,,,,Manual-review cost changes with review_cost; binary cost is diagnostic only.,False,6.025,6.0
heloc,locked_test,HELOC capacity SCRE top25,SCRE-Optimized ranking,top_k_review,,,,0.25,weakness closing prompt 3,10,2,1.0,10422,6544.0,6544.0,494,0.250126582278481,0,0,605,423,1028,6.0,,,,,,,,,Manual-review cost changes with review_cost; binary cost is diagnostic only.,False,6.025,6.0
heloc,locked_test,HELOC capacity SCRE top25,SCRE-Optimized ranking,top_k_review,,,,0.25,weakness closing prompt 3,10,2,2.0,10422,7038.0,7038.0,494,0.250126582278481,0,0,605,423,1028,6.0,,,,,,,,,Manual-review cost changes with review_cost; binary cost is diagnostic only.,False,6.025,6.0
heloc,locked_test,HELOC capacity SCRE top25,SCRE-Optimized ranking,top_k_review,,,,0.25,weakness closing prompt 3,10,3,0.1,10493,6099.4,6099.4,494,0.250126582278481,0,0,605,423,1028,6.0,,,,,,,,,Manual-review cost changes with review_cost; binary cost is diagnostic only.,False,6.025,6.0
heloc,locked_test,HELOC capacity SCRE top25,SCRE-Optimized ranking,top_k_review,,,,0.25,weakness closing prompt 3,10,3,0.25,10493,6173.5,6173.5,494,0.250126582278481,0,0,605,423,1028,6.0,,,,,,,,,Manual-review cost changes with review_cost; binary cost is diagnostic only.,False,6.025,6.0
heloc,locked_test,HELOC capacity SCRE top25,SCRE-Optimized ranking,top_k_review,,,,0.25,weakness closing prompt 3,10,3,0.5,10493,6297.0,6297.0,494,0.250126582278481,0,0,605,423,1028,6.0,,,,,,,,,Manual-review cost changes with review_cost; binary cost is diagnostic only.,False,6.025,6.0
heloc,locked_test,HELOC capacity SCRE top25,SCRE-Optimized ranking,top_k_review,,,,0.25,weakness closing prompt 3,10,3,1.0,10493,6544.0,6544.0,494,0.250126582278481,0,0,605,423,1028,6.0,,,,,,,,,Manual-review cost changes with review_cost; binary cost is diagnostic only.,False,6.025,6.0
heloc,locked_test,HELOC capacity SCRE top25,SCRE-Optimized ranking,top_k_review,,,,0.25,weakness closing prompt 3,10,3,2.0,10493,7038.0,7038.0,494,0.250126582278481,0,0,605,423,1028,6.0,,,,,,,,,Manual-review cost changes with review_cost; binary cost is diagnostic only.,False,6.025,6.0
heloc,validation,SCRE-Optimized ranking threshold 0.50,SCRE-Optimized ranking,threshold_only,0.5,,,,ranking benchmark,2,1,0.1,681,681.0,681.0,0,0.0,361,867,160,0,1027,2.0,,,,,,,,,Threshold-only policy; review cost does not affect cost.,False,1.8,2.0
heloc,validation,SCRE-Optimized ranking threshold 0.50,SCRE-Optimized ranking,threshold_only,0.5,,,,ranking benchmark,2,1,0.25,681,681.0,681.0,0,0.0,361,867,160,0,1027,2.0,,,,,,,,,Threshold-only policy; review cost does not affect cost.,False,1.8,2.0
heloc,validation,SCRE-Optimized ranking threshold 0.50,SCRE-Optimized ranking,threshold_only,0.5,,,,ranking benchmark,2,1,0.5,681,681.0,681.0,0,0.0,361,867,160,0,1027,1.0,,,,,,,,,Threshold-only policy; review cost does not affect cost.,False,1.8,2.0
heloc,validation,SCRE-Optimized ranking threshold 0.50,SCRE-Optimized ranking,threshold_only,0.5,,,,ranking benchmark,2,1,1.0,681,681.0,681.0,0,0.0,361,867,160,0,1027,1.0,,,,,,,,,Threshold-only policy; review cost does not affect cost.,False,1.8,2.0
heloc,validation,SCRE-Optimized ranking threshold 0.50,SCRE-Optimized ranking,threshold_only,0.5,,,,ranking benchmark,2,1,2.0,681,681.0,681.0,0,0.0,361,867,160,0,1027,1.0,,,,,,,,,Threshold-only policy; review cost does not affect cost.,False,1.8,2.0
heloc,validation,SCRE-Optimized ranking threshold 0.50,SCRE-Optimized ranking,threshold_only,0.5,,,,ranking benchmark,3,1,0.1,841,841.0,841.0,0,0.0,361,867,160,0,1027,2.0,,,,,,,,,Threshold-only policy; review cost does not affect cost.,False,1.8,2.0
heloc,validation,SCRE-Optimized ranking threshold 0.50,SCRE-Optimized ranking,threshold_only,0.5,,,,ranking benchmark,3,1,0.25,841,841.0,841.0,0,0.0,361,867,160,0,1027,2.0,,,,,,,,,Threshold-only policy; review cost does not affect cost.,False,1.8,2.0
heloc,validation,SCRE-Optimized ranking threshold 0.50,SCRE-Optimized ranking,threshold_only,0.5,,,,ranking benchmark,3,1,0.5,841,841.0,841.0,0,0.0,361,867,160,0,1027,2.0,,,,,,,,,Threshold-only policy; review cost does not affect cost.,False,1.8,2.0
heloc,validation,SCRE-Optimized ranking threshold 0.50,SCRE-Optimized ranking,threshold_only,0.5,,,,ranking benchmark,3,1,1.0,841,841.0,841.0,0,0.0,361,867,160,0,1027,1.0,,,,,,,,,Threshold-only policy; review cost does not affect cost.,False,1.8,2.0
heloc,validation,SCRE-Optimized ranking threshold 0.50,SCRE-Optimized ranking,threshold_only,0.5,,,,ranking benchmark,3,1,2.0,841,841.0,841.0,0,0.0,361,867,160,0,1027,1.0,,,,,,,,,Threshold-only policy; review cost does not affect cost.,False,1.8,2.0
heloc,validation,SCRE-Optimized ranking threshold 0.50,SCRE-Optimized ranking,threshold_only,0.5,,,,ranking benchmark,5,1,0.1,1161,1161.0,1161.0,0,0.0,361,867,160,0,1027,2.0,,,,,,,,,Threshold-only policy; review cost does not affect cost.,False,1.8,2.0
heloc,validation,SCRE-Optimized ranking threshold 0.50,SCRE-Optimized ranking,threshold_only,0.5,,,,ranking benchmark,5,1,0.25,1161,1161.0,1161.0,0,0.0,361,867,160,0,1027,2.0,,,,,,,,,Threshold-only policy; review cost does not affect cost.,False,1.8,2.0
heloc,validation,SCRE-Optimized ranking threshold 0.50,SCRE-Optimized ranking,threshold_only,0.5,,,,ranking benchmark,5,1,0.5,1161,1161.0,1161.0,0,0.0,361,867,160,0,1027,2.0,,,,,,,,,Threshold-only policy; review cost does not affect cost.,False,1.8,2.0
heloc,validation,SCRE-Optimized ranking threshold 0.50,SCRE-Optimized ranking,threshold_only,0.5,,,,ranking benchmark,5,1,1.0,1161,1161.0,1161.0,0,0.0,361,867,160,0,1027,2.0,,,,,,,,,Threshold-only policy; review cost does not affect cost.,False,1.8,2.0
heloc,validation,SCRE-Optimized ranking threshold 0.50,SCRE-Optimized ranking,threshold_only,0.5,,,,ranking benchmark,5,1,2.0,1161,1161.0,1161.0,0,0.0,361,867,160,0,1027,1.0,,,,,,,,,Threshold-only policy; review cost does not affect cost.,False,1.8,2.0
heloc,validation,SCRE-Optimized ranking threshold 0.50,SCRE-Optimized ranking,threshold_only,0.5,,,,ranking benchmark,5,2,0.1,1522,1522.0,1522.0,0,0.0,361,867,160,0,1027,2.0,,,,,,,,,Threshold-only policy; review cost does not affect cost.,False,1.8,2.0
heloc,validation,SCRE-Optimized ranking threshold 0.50,SCRE-Optimized ranking,threshold_only,0.5,,,,ranking benchmark,5,2,0.25,1522,1522.0,1522.0,0,0.0,361,867,160,0,1027,2.0,,,,,,,,,Threshold-only policy; review cost does not affect cost.,False,1.8,2.0
heloc,validation,SCRE-Optimized ranking threshold 0.50,SCRE-Optimized ranking,threshold_only,0.5,,,,ranking benchmark,5,2,0.5,1522,1522.0,1522.0,0,0.0,361,867,160,0,1027,2.0,,,,,,,,,Threshold-only policy; review cost does not affect cost.,False,1.8,2.0
heloc,validation,SCRE-Optimized ranking threshold 0.50,SCRE-Optimized ranking,threshold_only,0.5,,,,ranking benchmark,5,2,1.0,1522,1522.0,1522.0,0,0.0,361,867,160,0,1027,2.0,,,,,,,,,Threshold-only policy; review cost does not affect cost.,False,1.8,2.0
heloc,validation,SCRE-Optimized ranking threshold 0.50,SCRE-Optimized ranking,threshold_only,0.5,,,,ranking benchmark,5,2,2.0,1522,1522.0,1522.0,0,0.0,361,867,160,0,1027,1.0,,,,,,,,,Threshold-only policy; review cost does not affect cost.,False,1.8,2.0
heloc,validation,SCRE-Optimized ranking threshold 0.50,SCRE-Optimized ranking,threshold_only,0.5,,,,ranking benchmark,5,3,0.1,1883,1883.0,1883.0,0,0.0,361,867,160,0,1027,2.0,,,,,,,,,Threshold-only policy; review cost does not affect cost.,False,1.8,2.0
heloc,validation,SCRE-Optimized ranking threshold 0.50,SCRE-Optimized ranking,threshold_only,0.5,,,,ranking benchmark,5,3,0.25,1883,1883.0,1883.0,0,0.0,361,867,160,0,1027,2.0,,,,,,,,,Threshold-only policy; review cost does not affect cost.,False,1.8,2.0
heloc,validation,SCRE-Optimized ranking threshold 0.50,SCRE-Optimized ranking,threshold_only,0.5,,,,ranking benchmark,5,3,0.5,1883,1883.0,1883.0,0,0.0,361,867,160,0,1027,2.0,,,,,,,,,Threshold-only policy; review cost does not affect cost.,False,1.8,2.0
heloc,validation,SCRE-Optimized ranking threshold 0.50,SCRE-Optimized ranking,threshold_only,0.5,,,,ranking benchmark,5,3,1.0,1883,1883.0,1883.0,0,0.0,361,867,160,0,1027,2.0,,,,,,,,,Threshold-only policy; review cost does not affect cost.,False,1.8,2.0
heloc,validation,SCRE-Optimized ranking threshold 0.50,SCRE-Optimized ranking,threshold_only,0.5,,,,ranking benchmark,5,3,2.0,1883,1883.0,1883.0,0,0.0,361,867,160,0,1027,1.0,,,,,,,,,Threshold-only policy; review cost does not affect cost.,False,1.8,2.0
heloc,validation,SCRE-Optimized ranking threshold 0.50,SCRE-Optimized ranking,threshold_only,0.5,,,,ranking benchmark,10,1,0.1,1961,1961.0,1961.0,0,0.0,361,867,160,0,1027,2.0,,,,,,,,,Threshold-only policy; review cost does not affect cost.,False,1.8,2.0
heloc,validation,SCRE-Optimized ranking threshold 0.50,SCRE-Optimized ranking,threshold_only,0.5,,,,ranking benchmark,10,1,0.25,1961,1961.0,1961.0,0,0.0,361,867,160,0,1027,2.0,,,,,,,,,Threshold-only policy; review cost does not affect cost.,False,1.8,2.0
heloc,validation,SCRE-Optimized ranking threshold 0.50,SCRE-Optimized ranking,threshold_only,0.5,,,,ranking benchmark,10,1,0.5,1961,1961.0,1961.0,0,0.0,361,867,160,0,1027,2.0,,,,,,,,,Threshold-only policy; review cost does not affect cost.,False,1.8,2.0
heloc,validation,SCRE-Optimized ranking threshold 0.50,SCRE-Optimized ranking,threshold_only,0.5,,,,ranking benchmark,10,1,1.0,1961,1961.0,1961.0,0,0.0,361,867,160,0,1027,2.0,,,,,,,,,Threshold-only policy; review cost does not affect cost.,False,1.8,2.0
heloc,validation,SCRE-Optimized ranking threshold 0.50,SCRE-Optimized ranking,threshold_only,0.5,,,,ranking benchmark,10,1,2.0,1961,1961.0,1961.0,0,0.0,361,867,160,0,1027,2.0,,,,,,,,,Threshold-only policy; review cost does not affect cost.,False,1.8,2.0
heloc,validation,SCRE-Optimized ranking threshold 0.50,SCRE-Optimized ranking,threshold_only,0.5,,,,ranking benchmark,10,2,0.1,2322,2322.0,2322.0,0,0.0,361,867,160,0,1027,2.0,,,,,,,,,Threshold-only policy; review cost does not affect cost.,False,1.8,2.0
heloc,validation,SCRE-Optimized ranking threshold 0.50,SCRE-Optimized ranking,threshold_only,0.5,,,,ranking benchmark,10,2,0.25,2322,2322.0,2322.0,0,0.0,361,867,160,0,1027,2.0,,,,,,,,,Threshold-only policy; review cost does not affect cost.,False,1.8,2.0
heloc,validation,SCRE-Optimized ranking threshold 0.50,SCRE-Optimized ranking,threshold_only,0.5,,,,ranking benchmark,10,2,0.5,2322,2322.0,2322.0,0,0.0,361,867,160,0,1027,2.0,,,,,,,,,Threshold-only policy; review cost does not affect cost.,False,1.8,2.0
heloc,validation,SCRE-Optimized ranking threshold 0.50,SCRE-Optimized ranking,threshold_only,0.5,,,,ranking benchmark,10,2,1.0,2322,2322.0,2322.0,0,0.0,361,867,160,0,1027,2.0,,,,,,,,,Threshold-only policy; review cost does not affect cost.,False,1.8,2.0
heloc,validation,SCRE-Optimized ranking threshold 0.50,SCRE-Optimized ranking,threshold_only,0.5,,,,ranking benchmark,10,2,2.0,2322,2322.0,2322.0,0,0.0,361,867,160,0,1027,2.0,,,,,,,,,Threshold-only policy; review cost does not affect cost.,False,1.8,2.0
heloc,validation,SCRE-Optimized ranking threshold 0.50,SCRE-Optimized ranking,threshold_only,0.5,,,,ranking benchmark,10,3,0.1,2683,2683.0,2683.0,0,0.0,361,867,160,0,1027,2.0,,,,,,,,,Threshold-only policy; review cost does not affect cost.,False,1.8,2.0
heloc,validation,SCRE-Optimized ranking threshold 0.50,SCRE-Optimized ranking,threshold_only,0.5,,,,ranking benchmark,10,3,0.25,2683,2683.0,2683.0,0,0.0,361,867,160,0,1027,2.0,,,,,,,,,Threshold-only policy; review cost does not affect cost.,False,1.8,2.0
heloc,validation,SCRE-Optimized ranking threshold 0.50,SCRE-Optimized ranking,threshold_only,0.5,,,,ranking benchmark,10,3,0.5,2683,2683.0,2683.0,0,0.0,361,867,160,0,1027,2.0,,,,,,,,,Threshold-only policy; review cost does not affect cost.,False,1.8,2.0
heloc,validation,SCRE-Optimized ranking threshold 0.50,SCRE-Optimized ranking,threshold_only,0.5,,,,ranking benchmark,10,3,1.0,2683,2683.0,2683.0,0,0.0,361,867,160,0,1027,2.0,,,,,,,,,Threshold-only policy; review cost does not affect cost.,False,1.8,2.0
heloc,validation,SCRE-Optimized ranking threshold 0.50,SCRE-Optimized ranking,threshold_only,0.5,,,,ranking benchmark,10,3,2.0,2683,2683.0,2683.0,0,0.0,361,867,160,0,1027,2.0,,,,,,,,,Threshold-only policy; review cost does not affect cost.,False,1.8,2.0
heloc,locked_test,SCRE-Optimized ranking threshold 0.50,SCRE-Optimized ranking,threshold_only,0.5,,,,ranking benchmark,2,1,0.1,685,685.0,685.0,0,0.0,387,879,149,0,1028,2.0,,,,,,,,,Threshold-only policy; review cost does not affect cost.,False,1.8,2.0
heloc,locked_test,SCRE-Optimized ranking threshold 0.50,SCRE-Optimized ranking,threshold_only,0.5,,,,ranking benchmark,2,1,0.25,685,685.0,685.0,0,0.0,387,879,149,0,1028,2.0,,,,,,,,,Threshold-only policy; review cost does not affect cost.,False,1.8,2.0
heloc,locked_test,SCRE-Optimized ranking threshold 0.50,SCRE-Optimized ranking,threshold_only,0.5,,,,ranking benchmark,2,1,0.5,685,685.0,685.0,0,0.0,387,879,149,0,1028,1.0,,,,,,,,,Threshold-only policy; review cost does not affect cost.,False,1.8,2.0
heloc,locked_test,SCRE-Optimized ranking threshold 0.50,SCRE-Optimized ranking,threshold_only,0.5,,,,ranking benchmark,2,1,1.0,685,685.0,685.0,0,0.0,387,879,149,0,1028,1.0,,,,,,,,,Threshold-only policy; review cost does not affect cost.,False,1.8,2.0
heloc,locked_test,SCRE-Optimized ranking threshold 0.50,SCRE-Optimized ranking,threshold_only,0.5,,,,ranking benchmark,2,1,2.0,685,685.0,685.0,0,0.0,387,879,149,0,1028,1.0,,,,,,,,,Threshold-only policy; review cost does not affect cost.,False,1.8,2.0
heloc,locked_test,SCRE-Optimized ranking threshold 0.50,SCRE-Optimized ranking,threshold_only,0.5,,,,ranking benchmark,3,1,0.1,834,834.0,834.0,0,0.0,387,879,149,0,1028,2.0,,,,,,,,,Threshold-only policy; review cost does not affect cost.,False,1.8,2.0
heloc,locked_test,SCRE-Optimized ranking threshold 0.50,SCRE-Optimized ranking,threshold_only,0.5,,,,ranking benchmark,3,1,0.25,834,834.0,834.0,0,0.0,387,879,149,0,1028,2.0,,,,,,,,,Threshold-only policy; review cost does not affect cost.,False,1.8,2.0
heloc,locked_test,SCRE-Optimized ranking threshold 0.50,SCRE-Optimized ranking,threshold_only,0.5,,,,ranking benchmark,3,1,0.5,834,834.0,834.0,0,0.0,387,879,149,0,1028,2.0,,,,,,,,,Threshold-only policy; review cost does not affect cost.,False,1.8,2.0
heloc,locked_test,SCRE-Optimized ranking threshold 0.50,SCRE-Optimized ranking,threshold_only,0.5,,,,ranking benchmark,3,1,1.0,834,834.0,834.0,0,0.0,387,879,149,0,1028,1.0,,,,,,,,,Threshold-only policy; review cost does not affect cost.,False,1.8,2.0
heloc,locked_test,SCRE-Optimized ranking threshold 0.50,SCRE-Optimized ranking,threshold_only,0.5,,,,ranking benchmark,3,1,2.0,834,834.0,834.0,0,0.0,387,879,149,0,1028,1.0,,,,,,,,,Threshold-only policy; review cost does not affect cost.,False,1.8,2.0
heloc,locked_test,SCRE-Optimized ranking threshold 0.50,SCRE-Optimized ranking,threshold_only,0.5,,,,ranking benchmark,5,1,0.1,1132,1132.0,1132.0,0,0.0,387,879,149,0,1028,2.0,,,,,,,,,Threshold-only policy; review cost does not affect cost.,False,1.8,2.0
heloc,locked_test,SCRE-Optimized ranking threshold 0.50,SCRE-Optimized ranking,threshold_only,0.5,,,,ranking benchmark,5,1,0.25,1132,1132.0,1132.0,0,0.0,387,879,149,0,1028,2.0,,,,,,,,,Threshold-only policy; review cost does not affect cost.,False,1.8,2.0
heloc,locked_test,SCRE-Optimized ranking threshold 0.50,SCRE-Optimized ranking,threshold_only,0.5,,,,ranking benchmark,5,1,0.5,1132,1132.0,1132.0,0,0.0,387,879,149,0,1028,2.0,,,,,,,,,Threshold-only policy; review cost does not affect cost.,False,1.8,2.0
heloc,locked_test,SCRE-Optimized ranking threshold 0.50,SCRE-Optimized ranking,threshold_only,0.5,,,,ranking benchmark,5,1,1.0,1132,1132.0,1132.0,0,0.0,387,879,149,0,1028,2.0,,,,,,,,,Threshold-only policy; review cost does not affect cost.,False,1.8,2.0
heloc,locked_test,SCRE-Optimized ranking threshold 0.50,SCRE-Optimized ranking,threshold_only,0.5,,,,ranking benchmark,5,1,2.0,1132,1132.0,1132.0,0,0.0,387,879,149,0,1028,1.0,,,,,,,,,Threshold-only policy; review cost does not affect cost.,False,1.8,2.0
heloc,locked_test,SCRE-Optimized ranking threshold 0.50,SCRE-Optimized ranking,threshold_only,0.5,,,,ranking benchmark,5,2,0.1,1519,1519.0,1519.0,0,0.0,387,879,149,0,1028,2.0,,,,,,,,,Threshold-only policy; review cost does not affect cost.,False,1.8,2.0
heloc,locked_test,SCRE-Optimized ranking threshold 0.50,SCRE-Optimized ranking,threshold_only,0.5,,,,ranking benchmark,5,2,0.25,1519,1519.0,1519.0,0,0.0,387,879,149,0,1028,2.0,,,,,,,,,Threshold-only policy; review cost does not affect cost.,False,1.8,2.0
heloc,locked_test,SCRE-Optimized ranking threshold 0.50,SCRE-Optimized ranking,threshold_only,0.5,,,,ranking benchmark,5,2,0.5,1519,1519.0,1519.0,0,0.0,387,879,149,0,1028,2.0,,,,,,,,,Threshold-only policy; review cost does not affect cost.,False,1.8,2.0
heloc,locked_test,SCRE-Optimized ranking threshold 0.50,SCRE-Optimized ranking,threshold_only,0.5,,,,ranking benchmark,5,2,1.0,1519,1519.0,1519.0,0,0.0,387,879,149,0,1028,2.0,,,,,,,,,Threshold-only policy; review cost does not affect cost.,False,1.8,2.0
heloc,locked_test,SCRE-Optimized ranking threshold 0.50,SCRE-Optimized ranking,threshold_only,0.5,,,,ranking benchmark,5,2,2.0,1519,1519.0,1519.0,0,0.0,387,879,149,0,1028,1.0,,,,,,,,,Threshold-only policy; review cost does not affect cost.,False,1.8,2.0
heloc,locked_test,SCRE-Optimized ranking threshold 0.50,SCRE-Optimized ranking,threshold_only,0.5,,,,ranking benchmark,5,3,0.1,1906,1906.0,1906.0,0,0.0,387,879,149,0,1028,2.0,,,,,,,,,Threshold-only policy; review cost does not affect cost.,False,1.8,2.0
heloc,locked_test,SCRE-Optimized ranking threshold 0.50,SCRE-Optimized ranking,threshold_only,0.5,,,,ranking benchmark,5,3,0.25,1906,1906.0,1906.0,0,0.0,387,879,149,0,1028,2.0,,,,,,,,,Threshold-only policy; review cost does not affect cost.,False,1.8,2.0
heloc,locked_test,SCRE-Optimized ranking threshold 0.50,SCRE-Optimized ranking,threshold_only,0.5,,,,ranking benchmark,5,3,0.5,1906,1906.0,1906.0,0,0.0,387,879,149,0,1028,2.0,,,,,,,,,Threshold-only policy; review cost does not affect cost.,False,1.8,2.0
heloc,locked_test,SCRE-Optimized ranking threshold 0.50,SCRE-Optimized ranking,threshold_only,0.5,,,,ranking benchmark,5,3,1.0,1906,1906.0,1906.0,0,0.0,387,879,149,0,1028,2.0,,,,,,,,,Threshold-only policy; review cost does not affect cost.,False,1.8,2.0
heloc,locked_test,SCRE-Optimized ranking threshold 0.50,SCRE-Optimized ranking,threshold_only,0.5,,,,ranking benchmark,5,3,2.0,1906,1906.0,1906.0,0,0.0,387,879,149,0,1028,1.0,,,,,,,,,Threshold-only policy; review cost does not affect cost.,False,1.8,2.0
heloc,locked_test,SCRE-Optimized ranking threshold 0.50,SCRE-Optimized ranking,threshold_only,0.5,,,,ranking benchmark,10,1,0.1,1877,1877.0,1877.0,0,0.0,387,879,149,0,1028,2.0,,,,,,,,,Threshold-only policy; review cost does not affect cost.,False,1.8,2.0
heloc,locked_test,SCRE-Optimized ranking threshold 0.50,SCRE-Optimized ranking,threshold_only,0.5,,,,ranking benchmark,10,1,0.25,1877,1877.0,1877.0,0,0.0,387,879,149,0,1028,2.0,,,,,,,,,Threshold-only policy; review cost does not affect cost.,False,1.8,2.0
heloc,locked_test,SCRE-Optimized ranking threshold 0.50,SCRE-Optimized ranking,threshold_only,0.5,,,,ranking benchmark,10,1,0.5,1877,1877.0,1877.0,0,0.0,387,879,149,0,1028,2.0,,,,,,,,,Threshold-only policy; review cost does not affect cost.,False,1.8,2.0
heloc,locked_test,SCRE-Optimized ranking threshold 0.50,SCRE-Optimized ranking,threshold_only,0.5,,,,ranking benchmark,10,1,1.0,1877,1877.0,1877.0,0,0.0,387,879,149,0,1028,2.0,,,,,,,,,Threshold-only policy; review cost does not affect cost.,False,1.8,2.0
heloc,locked_test,SCRE-Optimized ranking threshold 0.50,SCRE-Optimized ranking,threshold_only,0.5,,,,ranking benchmark,10,1,2.0,1877,1877.0,1877.0,0,0.0,387,879,149,0,1028,2.0,,,,,,,,,Threshold-only policy; review cost does not affect cost.,False,1.8,2.0
heloc,locked_test,SCRE-Optimized ranking threshold 0.50,SCRE-Optimized ranking,threshold_only,0.5,,,,ranking benchmark,10,2,0.1,2264,2264.0,2264.0,0,0.0,387,879,149,0,1028,2.0,,,,,,,,,Threshold-only policy; review cost does not affect cost.,False,1.8,2.0
heloc,locked_test,SCRE-Optimized ranking threshold 0.50,SCRE-Optimized ranking,threshold_only,0.5,,,,ranking benchmark,10,2,0.25,2264,2264.0,2264.0,0,0.0,387,879,149,0,1028,2.0,,,,,,,,,Threshold-only policy; review cost does not affect cost.,False,1.8,2.0
heloc,locked_test,SCRE-Optimized ranking threshold 0.50,SCRE-Optimized ranking,threshold_only,0.5,,,,ranking benchmark,10,2,0.5,2264,2264.0,2264.0,0,0.0,387,879,149,0,1028,2.0,,,,,,,,,Threshold-only policy; review cost does not affect cost.,False,1.8,2.0
heloc,locked_test,SCRE-Optimized ranking threshold 0.50,SCRE-Optimized ranking,threshold_only,0.5,,,,ranking benchmark,10,2,1.0,2264,2264.0,2264.0,0,0.0,387,879,149,0,1028,2.0,,,,,,,,,Threshold-only policy; review cost does not affect cost.,False,1.8,2.0
heloc,locked_test,SCRE-Optimized ranking threshold 0.50,SCRE-Optimized ranking,threshold_only,0.5,,,,ranking benchmark,10,2,2.0,2264,2264.0,2264.0,0,0.0,387,879,149,0,1028,2.0,,,,,,,,,Threshold-only policy; review cost does not affect cost.,False,1.8,2.0
heloc,locked_test,SCRE-Optimized ranking threshold 0.50,SCRE-Optimized ranking,threshold_only,0.5,,,,ranking benchmark,10,3,0.1,2651,2651.0,2651.0,0,0.0,387,879,149,0,1028,2.0,,,,,,,,,Threshold-only policy; review cost does not affect cost.,False,1.8,2.0
heloc,locked_test,SCRE-Optimized ranking threshold 0.50,SCRE-Optimized ranking,threshold_only,0.5,,,,ranking benchmark,10,3,0.25,2651,2651.0,2651.0,0,0.0,387,879,149,0,1028,2.0,,,,,,,,,Threshold-only policy; review cost does not affect cost.,False,1.8,2.0
heloc,locked_test,SCRE-Optimized ranking threshold 0.50,SCRE-Optimized ranking,threshold_only,0.5,,,,ranking benchmark,10,3,0.5,2651,2651.0,2651.0,0,0.0,387,879,149,0,1028,2.0,,,,,,,,,Threshold-only policy; review cost does not affect cost.,False,1.8,2.0
heloc,locked_test,SCRE-Optimized ranking threshold 0.50,SCRE-Optimized ranking,threshold_only,0.5,,,,ranking benchmark,10,3,1.0,2651,2651.0,2651.0,0,0.0,387,879,149,0,1028,2.0,,,,,,,,,Threshold-only policy; review cost does not affect cost.,False,1.8,2.0
heloc,locked_test,SCRE-Optimized ranking threshold 0.50,SCRE-Optimized ranking,threshold_only,0.5,,,,ranking benchmark,10,3,2.0,2651,2651.0,2651.0,0,0.0,387,879,149,0,1028,2.0,,,,,,,,,Threshold-only policy; review cost does not affect cost.,False,1.8,2.0
heloc,validation,Scorecard benchmark threshold 0.50,scorecard_sigmoid,threshold_only,0.5,,,,benchmark,2,1,0.1,776,776.0,776.0,0,0.0,272,775,252,0,1027,5.0,,,,,,,,,Threshold-only policy; review cost does not affect cost.,False,4.85,5.0
heloc,validation,Scorecard benchmark threshold 0.50,scorecard_sigmoid,threshold_only,0.5,,,,benchmark,2,1,0.25,776,776.0,776.0,0,0.0,272,775,252,0,1027,5.0,,,,,,,,,Threshold-only policy; review cost does not affect cost.,False,4.85,5.0
heloc,validation,Scorecard benchmark threshold 0.50,scorecard_sigmoid,threshold_only,0.5,,,,benchmark,2,1,0.5,776,776.0,776.0,0,0.0,272,775,252,0,1027,5.0,,,,,,,,,Threshold-only policy; review cost does not affect cost.,False,4.85,5.0
heloc,validation,Scorecard benchmark threshold 0.50,scorecard_sigmoid,threshold_only,0.5,,,,benchmark,2,1,1.0,776,776.0,776.0,0,0.0,272,775,252,0,1027,4.0,,,,,,,,,Threshold-only policy; review cost does not affect cost.,False,4.85,5.0
heloc,validation,Scorecard benchmark threshold 0.50,scorecard_sigmoid,threshold_only,0.5,,,,benchmark,2,1,2.0,776,776.0,776.0,0,0.0,272,775,252,0,1027,4.0,,,,,,,,,Threshold-only policy; review cost does not affect cost.,False,4.85,5.0
heloc,validation,Scorecard benchmark threshold 0.50,scorecard_sigmoid,threshold_only,0.5,,,,benchmark,3,1,0.1,1028,1028.0,1028.0,0,0.0,272,775,252,0,1027,5.0,,,,,,,,,Threshold-only policy; review cost does not affect cost.,False,4.85,5.0
heloc,validation,Scorecard benchmark threshold 0.50,scorecard_sigmoid,threshold_only,0.5,,,,benchmark,3,1,0.25,1028,1028.0,1028.0,0,0.0,272,775,252,0,1027,5.0,,,,,,,,,Threshold-only policy; review cost does not affect cost.,False,4.85,5.0
heloc,validation,Scorecard benchmark threshold 0.50,scorecard_sigmoid,threshold_only,0.5,,,,benchmark,3,1,0.5,1028,1028.0,1028.0,0,0.0,272,775,252,0,1027,5.0,,,,,,,,,Threshold-only policy; review cost does not affect cost.,False,4.85,5.0
heloc,validation,Scorecard benchmark threshold 0.50,scorecard_sigmoid,threshold_only,0.5,,,,benchmark,3,1,1.0,1028,1028.0,1028.0,0,0.0,272,775,252,0,1027,5.0,,,,,,,,,Threshold-only policy; review cost does not affect cost.,False,4.85,5.0
heloc,validation,Scorecard benchmark threshold 0.50,scorecard_sigmoid,threshold_only,0.5,,,,benchmark,3,1,2.0,1028,1028.0,1028.0,0,0.0,272,775,252,0,1027,4.0,,,,,,,,,Threshold-only policy; review cost does not affect cost.,False,4.85,5.0
heloc,validation,Scorecard benchmark threshold 0.50,scorecard_sigmoid,threshold_only,0.5,,,,benchmark,5,1,0.1,1532,1532.0,1532.0,0,0.0,272,775,252,0,1027,5.0,,,,,,,,,Threshold-only policy; review cost does not affect cost.,False,4.85,5.0
heloc,validation,Scorecard benchmark threshold 0.50,scorecard_sigmoid,threshold_only,0.5,,,,benchmark,5,1,0.25,1532,1532.0,1532.0,0,0.0,272,775,252,0,1027,5.0,,,,,,,,,Threshold-only policy; review cost does not affect cost.,False,4.85,5.0
heloc,validation,Scorecard benchmark threshold 0.50,scorecard_sigmoid,threshold_only,0.5,,,,benchmark,5,1,0.5,1532,1532.0,1532.0,0,0.0,272,775,252,0,1027,5.0,,,,,,,,,Threshold-only policy; review cost does not affect cost.,False,4.85,5.0
heloc,validation,Scorecard benchmark threshold 0.50,scorecard_sigmoid,threshold_only,0.5,,,,benchmark,5,1,1.0,1532,1532.0,1532.0,0,0.0,272,775,252,0,1027,5.0,,,,,,,,,Threshold-only policy; review cost does not affect cost.,False,4.85,5.0
heloc,validation,Scorecard benchmark threshold 0.50,scorecard_sigmoid,threshold_only,0.5,,,,benchmark,5,1,2.0,1532,1532.0,1532.0,0,0.0,272,775,252,0,1027,4.0,,,,,,,,,Threshold-only policy; review cost does not affect cost.,False,4.85,5.0
heloc,validation,Scorecard benchmark threshold 0.50,scorecard_sigmoid,threshold_only,0.5,,,,benchmark,5,2,0.1,1804,1804.0,1804.0,0,0.0,272,775,252,0,1027,5.0,,,,,,,,,Threshold-only policy; review cost does not affect cost.,False,4.85,5.0
heloc,validation,Scorecard benchmark threshold 0.50,scorecard_sigmoid,threshold_only,0.5,,,,benchmark,5,2,0.25,1804,1804.0,1804.0,0,0.0,272,775,252,0,1027,5.0,,,,,,,,,Threshold-only policy; review cost does not affect cost.,False,4.85,5.0
heloc,validation,Scorecard benchmark threshold 0.50,scorecard_sigmoid,threshold_only,0.5,,,,benchmark,5,2,0.5,1804,1804.0,1804.0,0,0.0,272,775,252,0,1027,5.0,,,,,,,,,Threshold-only policy; review cost does not affect cost.,False,4.85,5.0
heloc,validation,Scorecard benchmark threshold 0.50,scorecard_sigmoid,threshold_only,0.5,,,,benchmark,5,2,1.0,1804,1804.0,1804.0,0,0.0,272,775,252,0,1027,5.0,,,,,,,,,Threshold-only policy; review cost does not affect cost.,False,4.85,5.0
heloc,validation,Scorecard benchmark threshold 0.50,scorecard_sigmoid,threshold_only,0.5,,,,benchmark,5,2,2.0,1804,1804.0,1804.0,0,0.0,272,775,252,0,1027,4.0,,,,,,,,,Threshold-only policy; review cost does not affect cost.,False,4.85,5.0
heloc,validation,Scorecard benchmark threshold 0.50,scorecard_sigmoid,threshold_only,0.5,,,,benchmark,5,3,0.1,2076,2076.0,2076.0,0,0.0,272,775,252,0,1027,5.0,,,,,,,,,Threshold-only policy; review cost does not affect cost.,False,4.85,5.0
heloc,validation,Scorecard benchmark threshold 0.50,scorecard_sigmoid,threshold_only,0.5,,,,benchmark,5,3,0.25,2076,2076.0,2076.0,0,0.0,272,775,252,0,1027,5.0,,,,,,,,,Threshold-only policy; review cost does not affect cost.,False,4.85,5.0
heloc,validation,Scorecard benchmark threshold 0.50,scorecard_sigmoid,threshold_only,0.5,,,,benchmark,5,3,0.5,2076,2076.0,2076.0,0,0.0,272,775,252,0,1027,5.0,,,,,,,,,Threshold-only policy; review cost does not affect cost.,False,4.85,5.0
heloc,validation,Scorecard benchmark threshold 0.50,scorecard_sigmoid,threshold_only,0.5,,,,benchmark,5,3,1.0,2076,2076.0,2076.0,0,0.0,272,775,252,0,1027,5.0,,,,,,,,,Threshold-only policy; review cost does not affect cost.,False,4.85,5.0
heloc,validation,Scorecard benchmark threshold 0.50,scorecard_sigmoid,threshold_only,0.5,,,,benchmark,5,3,2.0,2076,2076.0,2076.0,0,0.0,272,775,252,0,1027,4.0,,,,,,,,,Threshold-only policy; review cost does not affect cost.,False,4.85,5.0
heloc,validation,Scorecard benchmark threshold 0.50,scorecard_sigmoid,threshold_only,0.5,,,,benchmark,10,1,0.1,2792,2792.0,2792.0,0,0.0,272,775,252,0,1027,5.0,,,,,,,,,Threshold-only policy; review cost does not affect cost.,False,4.85,5.0
heloc,validation,Scorecard benchmark threshold 0.50,scorecard_sigmoid,threshold_only,0.5,,,,benchmark,10,1,0.25,2792,2792.0,2792.0,0,0.0,272,775,252,0,1027,5.0,,,,,,,,,Threshold-only policy; review cost does not affect cost.,False,4.85,5.0
heloc,validation,Scorecard benchmark threshold 0.50,scorecard_sigmoid,threshold_only,0.5,,,,benchmark,10,1,0.5,2792,2792.0,2792.0,0,0.0,272,775,252,0,1027,5.0,,,,,,,,,Threshold-only policy; review cost does not affect cost.,False,4.85,5.0
heloc,validation,Scorecard benchmark threshold 0.50,scorecard_sigmoid,threshold_only,0.5,,,,benchmark,10,1,1.0,2792,2792.0,2792.0,0,0.0,272,775,252,0,1027,5.0,,,,,,,,,Threshold-only policy; review cost does not affect cost.,False,4.85,5.0
heloc,validation,Scorecard benchmark threshold 0.50,scorecard_sigmoid,threshold_only,0.5,,,,benchmark,10,1,2.0,2792,2792.0,2792.0,0,0.0,272,775,252,0,1027,5.0,,,,,,,,,Threshold-only policy; review cost does not affect cost.,False,4.85,5.0
heloc,validation,Scorecard benchmark threshold 0.50,scorecard_sigmoid,threshold_only,0.5,,,,benchmark,10,2,0.1,3064,3064.0,3064.0,0,0.0,272,775,252,0,1027,5.0,,,,,,,,,Threshold-only policy; review cost does not affect cost.,False,4.85,5.0
heloc,validation,Scorecard benchmark threshold 0.50,scorecard_sigmoid,threshold_only,0.5,,,,benchmark,10,2,0.25,3064,3064.0,3064.0,0,0.0,272,775,252,0,1027,5.0,,,,,,,,,Threshold-only policy; review cost does not affect cost.,False,4.85,5.0
heloc,validation,Scorecard benchmark threshold 0.50,scorecard_sigmoid,threshold_only,0.5,,,,benchmark,10,2,0.5,3064,3064.0,3064.0,0,0.0,272,775,252,0,1027,5.0,,,,,,,,,Threshold-only policy; review cost does not affect cost.,False,4.85,5.0
heloc,validation,Scorecard benchmark threshold 0.50,scorecard_sigmoid,threshold_only,0.5,,,,benchmark,10,2,1.0,3064,3064.0,3064.0,0,0.0,272,775,252,0,1027,5.0,,,,,,,,,Threshold-only policy; review cost does not affect cost.,False,4.85,5.0
heloc,validation,Scorecard benchmark threshold 0.50,scorecard_sigmoid,threshold_only,0.5,,,,benchmark,10,2,2.0,3064,3064.0,3064.0,0,0.0,272,775,252,0,1027,5.0,,,,,,,,,Threshold-only policy; review cost does not affect cost.,False,4.85,5.0
heloc,validation,Scorecard benchmark threshold 0.50,scorecard_sigmoid,threshold_only,0.5,,,,benchmark,10,3,0.1,3336,3336.0,3336.0,0,0.0,272,775,252,0,1027,5.0,,,,,,,,,Threshold-only policy; review cost does not affect cost.,False,4.85,5.0
heloc,validation,Scorecard benchmark threshold 0.50,scorecard_sigmoid,threshold_only,0.5,,,,benchmark,10,3,0.25,3336,3336.0,3336.0,0,0.0,272,775,252,0,1027,5.0,,,,,,,,,Threshold-only policy; review cost does not affect cost.,False,4.85,5.0
heloc,validation,Scorecard benchmark threshold 0.50,scorecard_sigmoid,threshold_only,0.5,,,,benchmark,10,3,0.5,3336,3336.0,3336.0,0,0.0,272,775,252,0,1027,5.0,,,,,,,,,Threshold-only policy; review cost does not affect cost.,False,4.85,5.0
heloc,validation,Scorecard benchmark threshold 0.50,scorecard_sigmoid,threshold_only,0.5,,,,benchmark,10,3,1.0,3336,3336.0,3336.0,0,0.0,272,775,252,0,1027,5.0,,,,,,,,,Threshold-only policy; review cost does not affect cost.,False,4.85,5.0
heloc,validation,Scorecard benchmark threshold 0.50,scorecard_sigmoid,threshold_only,0.5,,,,benchmark,10,3,2.0,3336,3336.0,3336.0,0,0.0,272,775,252,0,1027,5.0,,,,,,,,,Threshold-only policy; review cost does not affect cost.,False,4.85,5.0
heloc,locked_test,Scorecard benchmark threshold 0.50,scorecard_sigmoid,threshold_only,0.5,,,,benchmark,2,1,0.1,783,783.0,783.0,0,0.0,285,779,249,0,1028,5.0,,,,,,,,,Threshold-only policy; review cost does not affect cost.,False,4.85,5.0
heloc,locked_test,Scorecard benchmark threshold 0.50,scorecard_sigmoid,threshold_only,0.5,,,,benchmark,2,1,0.25,783,783.0,783.0,0,0.0,285,779,249,0,1028,5.0,,,,,,,,,Threshold-only policy; review cost does not affect cost.,False,4.85,5.0
heloc,locked_test,Scorecard benchmark threshold 0.50,scorecard_sigmoid,threshold_only,0.5,,,,benchmark,2,1,0.5,783,783.0,783.0,0,0.0,285,779,249,0,1028,5.0,,,,,,,,,Threshold-only policy; review cost does not affect cost.,False,4.85,5.0
heloc,locked_test,Scorecard benchmark threshold 0.50,scorecard_sigmoid,threshold_only,0.5,,,,benchmark,2,1,1.0,783,783.0,783.0,0,0.0,285,779,249,0,1028,4.0,,,,,,,,,Threshold-only policy; review cost does not affect cost.,False,4.85,5.0
heloc,locked_test,Scorecard benchmark threshold 0.50,scorecard_sigmoid,threshold_only,0.5,,,,benchmark,2,1,2.0,783,783.0,783.0,0,0.0,285,779,249,0,1028,4.0,,,,,,,,,Threshold-only policy; review cost does not affect cost.,False,4.85,5.0
heloc,locked_test,Scorecard benchmark threshold 0.50,scorecard_sigmoid,threshold_only,0.5,,,,benchmark,3,1,0.1,1032,1032.0,1032.0,0,0.0,285,779,249,0,1028,5.0,,,,,,,,,Threshold-only policy; review cost does not affect cost.,False,4.85,5.0
heloc,locked_test,Scorecard benchmark threshold 0.50,scorecard_sigmoid,threshold_only,0.5,,,,benchmark,3,1,0.25,1032,1032.0,1032.0,0,0.0,285,779,249,0,1028,5.0,,,,,,,,,Threshold-only policy; review cost does not affect cost.,False,4.85,5.0
heloc,locked_test,Scorecard benchmark threshold 0.50,scorecard_sigmoid,threshold_only,0.5,,,,benchmark,3,1,0.5,1032,1032.0,1032.0,0,0.0,285,779,249,0,1028,5.0,,,,,,,,,Threshold-only policy; review cost does not affect cost.,False,4.85,5.0
heloc,locked_test,Scorecard benchmark threshold 0.50,scorecard_sigmoid,threshold_only,0.5,,,,benchmark,3,1,1.0,1032,1032.0,1032.0,0,0.0,285,779,249,0,1028,5.0,,,,,,,,,Threshold-only policy; review cost does not affect cost.,False,4.85,5.0
heloc,locked_test,Scorecard benchmark threshold 0.50,scorecard_sigmoid,threshold_only,0.5,,,,benchmark,3,1,2.0,1032,1032.0,1032.0,0,0.0,285,779,249,0,1028,4.0,,,,,,,,,Threshold-only policy; review cost does not affect cost.,False,4.85,5.0
heloc,locked_test,Scorecard benchmark threshold 0.50,scorecard_sigmoid,threshold_only,0.5,,,,benchmark,5,1,0.1,1530,1530.0,1530.0,0,0.0,285,779,249,0,1028,5.0,,,,,,,,,Threshold-only policy; review cost does not affect cost.,False,4.85,5.0
heloc,locked_test,Scorecard benchmark threshold 0.50,scorecard_sigmoid,threshold_only,0.5,,,,benchmark,5,1,0.25,1530,1530.0,1530.0,0,0.0,285,779,249,0,1028,5.0,,,,,,,,,Threshold-only policy; review cost does not affect cost.,False,4.85,5.0
heloc,locked_test,Scorecard benchmark threshold 0.50,scorecard_sigmoid,threshold_only,0.5,,,,benchmark,5,1,0.5,1530,1530.0,1530.0,0,0.0,285,779,249,0,1028,5.0,,,,,,,,,Threshold-only policy; review cost does not affect cost.,False,4.85,5.0
heloc,locked_test,Scorecard benchmark threshold 0.50,scorecard_sigmoid,threshold_only,0.5,,,,benchmark,5,1,1.0,1530,1530.0,1530.0,0,0.0,285,779,249,0,1028,5.0,,,,,,,,,Threshold-only policy; review cost does not affect cost.,False,4.85,5.0
heloc,locked_test,Scorecard benchmark threshold 0.50,scorecard_sigmoid,threshold_only,0.5,,,,benchmark,5,1,2.0,1530,1530.0,1530.0,0,0.0,285,779,249,0,1028,4.0,,,,,,,,,Threshold-only policy; review cost does not affect cost.,False,4.85,5.0
heloc,locked_test,Scorecard benchmark threshold 0.50,scorecard_sigmoid,threshold_only,0.5,,,,benchmark,5,2,0.1,1815,1815.0,1815.0,0,0.0,285,779,249,0,1028,5.0,,,,,,,,,Threshold-only policy; review cost does not affect cost.,False,4.85,5.0
heloc,locked_test,Scorecard benchmark threshold 0.50,scorecard_sigmoid,threshold_only,0.5,,,,benchmark,5,2,0.25,1815,1815.0,1815.0,0,0.0,285,779,249,0,1028,5.0,,,,,,,,,Threshold-only policy; review cost does not affect cost.,False,4.85,5.0
heloc,locked_test,Scorecard benchmark threshold 0.50,scorecard_sigmoid,threshold_only,0.5,,,,benchmark,5,2,0.5,1815,1815.0,1815.0,0,0.0,285,779,249,0,1028,5.0,,,,,,,,,Threshold-only policy; review cost does not affect cost.,False,4.85,5.0
heloc,locked_test,Scorecard benchmark threshold 0.50,scorecard_sigmoid,threshold_only,0.5,,,,benchmark,5,2,1.0,1815,1815.0,1815.0,0,0.0,285,779,249,0,1028,5.0,,,,,,,,,Threshold-only policy; review cost does not affect cost.,False,4.85,5.0
heloc,locked_test,Scorecard benchmark threshold 0.50,scorecard_sigmoid,threshold_only,0.5,,,,benchmark,5,2,2.0,1815,1815.0,1815.0,0,0.0,285,779,249,0,1028,4.0,,,,,,,,,Threshold-only policy; review cost does not affect cost.,False,4.85,5.0
heloc,locked_test,Scorecard benchmark threshold 0.50,scorecard_sigmoid,threshold_only,0.5,,,,benchmark,5,3,0.1,2100,2100.0,2100.0,0,0.0,285,779,249,0,1028,5.0,,,,,,,,,Threshold-only policy; review cost does not affect cost.,False,4.85,5.0
heloc,locked_test,Scorecard benchmark threshold 0.50,scorecard_sigmoid,threshold_only,0.5,,,,benchmark,5,3,0.25,2100,2100.0,2100.0,0,0.0,285,779,249,0,1028,5.0,,,,,,,,,Threshold-only policy; review cost does not affect cost.,False,4.85,5.0
heloc,locked_test,Scorecard benchmark threshold 0.50,scorecard_sigmoid,threshold_only,0.5,,,,benchmark,5,3,0.5,2100,2100.0,2100.0,0,0.0,285,779,249,0,1028,5.0,,,,,,,,,Threshold-only policy; review cost does not affect cost.,False,4.85,5.0
heloc,locked_test,Scorecard benchmark threshold 0.50,scorecard_sigmoid,threshold_only,0.5,,,,benchmark,5,3,1.0,2100,2100.0,2100.0,0,0.0,285,779,249,0,1028,5.0,,,,,,,,,Threshold-only policy; review cost does not affect cost.,False,4.85,5.0
heloc,locked_test,Scorecard benchmark threshold 0.50,scorecard_sigmoid,threshold_only,0.5,,,,benchmark,5,3,2.0,2100,2100.0,2100.0,0,0.0,285,779,249,0,1028,4.0,,,,,,,,,Threshold-only policy; review cost does not affect cost.,False,4.85,5.0
heloc,locked_test,Scorecard benchmark threshold 0.50,scorecard_sigmoid,threshold_only,0.5,,,,benchmark,10,1,0.1,2775,2775.0,2775.0,0,0.0,285,779,249,0,1028,5.0,,,,,,,,,Threshold-only policy; review cost does not affect cost.,False,4.85,5.0
heloc,locked_test,Scorecard benchmark threshold 0.50,scorecard_sigmoid,threshold_only,0.5,,,,benchmark,10,1,0.25,2775,2775.0,2775.0,0,0.0,285,779,249,0,1028,5.0,,,,,,,,,Threshold-only policy; review cost does not affect cost.,False,4.85,5.0
heloc,locked_test,Scorecard benchmark threshold 0.50,scorecard_sigmoid,threshold_only,0.5,,,,benchmark,10,1,0.5,2775,2775.0,2775.0,0,0.0,285,779,249,0,1028,5.0,,,,,,,,,Threshold-only policy; review cost does not affect cost.,False,4.85,5.0
heloc,locked_test,Scorecard benchmark threshold 0.50,scorecard_sigmoid,threshold_only,0.5,,,,benchmark,10,1,1.0,2775,2775.0,2775.0,0,0.0,285,779,249,0,1028,5.0,,,,,,,,,Threshold-only policy; review cost does not affect cost.,False,4.85,5.0
heloc,locked_test,Scorecard benchmark threshold 0.50,scorecard_sigmoid,threshold_only,0.5,,,,benchmark,10,1,2.0,2775,2775.0,2775.0,0,0.0,285,779,249,0,1028,5.0,,,,,,,,,Threshold-only policy; review cost does not affect cost.,False,4.85,5.0
heloc,locked_test,Scorecard benchmark threshold 0.50,scorecard_sigmoid,threshold_only,0.5,,,,benchmark,10,2,0.1,3060,3060.0,3060.0,0,0.0,285,779,249,0,1028,5.0,,,,,,,,,Threshold-only policy; review cost does not affect cost.,False,4.85,5.0
heloc,locked_test,Scorecard benchmark threshold 0.50,scorecard_sigmoid,threshold_only,0.5,,,,benchmark,10,2,0.25,3060,3060.0,3060.0,0,0.0,285,779,249,0,1028,5.0,,,,,,,,,Threshold-only policy; review cost does not affect cost.,False,4.85,5.0
heloc,locked_test,Scorecard benchmark threshold 0.50,scorecard_sigmoid,threshold_only,0.5,,,,benchmark,10,2,0.5,3060,3060.0,3060.0,0,0.0,285,779,249,0,1028,5.0,,,,,,,,,Threshold-only policy; review cost does not affect cost.,False,4.85,5.0
heloc,locked_test,Scorecard benchmark threshold 0.50,scorecard_sigmoid,threshold_only,0.5,,,,benchmark,10,2,1.0,3060,3060.0,3060.0,0,0.0,285,779,249,0,1028,5.0,,,,,,,,,Threshold-only policy; review cost does not affect cost.,False,4.85,5.0
heloc,locked_test,Scorecard benchmark threshold 0.50,scorecard_sigmoid,threshold_only,0.5,,,,benchmark,10,2,2.0,3060,3060.0,3060.0,0,0.0,285,779,249,0,1028,5.0,,,,,,,,,Threshold-only policy; review cost does not affect cost.,False,4.85,5.0
heloc,locked_test,Scorecard benchmark threshold 0.50,scorecard_sigmoid,threshold_only,0.5,,,,benchmark,10,3,0.1,3345,3345.0,3345.0,0,0.0,285,779,249,0,1028,5.0,,,,,,,,,Threshold-only policy; review cost does not affect cost.,False,4.85,5.0
heloc,locked_test,Scorecard benchmark threshold 0.50,scorecard_sigmoid,threshold_only,0.5,,,,benchmark,10,3,0.25,3345,3345.0,3345.0,0,0.0,285,779,249,0,1028,5.0,,,,,,,,,Threshold-only policy; review cost does not affect cost.,False,4.85,5.0
heloc,locked_test,Scorecard benchmark threshold 0.50,scorecard_sigmoid,threshold_only,0.5,,,,benchmark,10,3,0.5,3345,3345.0,3345.0,0,0.0,285,779,249,0,1028,5.0,,,,,,,,,Threshold-only policy; review cost does not affect cost.,False,4.85,5.0
heloc,locked_test,Scorecard benchmark threshold 0.50,scorecard_sigmoid,threshold_only,0.5,,,,benchmark,10,3,1.0,3345,3345.0,3345.0,0,0.0,285,779,249,0,1028,5.0,,,,,,,,,Threshold-only policy; review cost does not affect cost.,False,4.85,5.0
heloc,locked_test,Scorecard benchmark threshold 0.50,scorecard_sigmoid,threshold_only,0.5,,,,benchmark,10,3,2.0,3345,3345.0,3345.0,0,0.0,285,779,249,0,1028,5.0,,,,,,,,,Threshold-only policy; review cost does not affect cost.,False,4.85,5.0
heloc,validation,CatBoost benchmark threshold 0.50,catboost_isotonic,threshold_only,0.5,,,,benchmark,2,1,0.1,759,759.0,759.0,0,0.0,275,785,242,0,1027,3.0,,,,,,,,,Threshold-only policy; review cost does not affect cost.,False,3.225,3.0
heloc,validation,CatBoost benchmark threshold 0.50,catboost_isotonic,threshold_only,0.5,,,,benchmark,2,1,0.25,759,759.0,759.0,0,0.0,275,785,242,0,1027,3.0,,,,,,,,,Threshold-only policy; review cost does not affect cost.,False,3.225,3.0
heloc,validation,CatBoost benchmark threshold 0.50,catboost_isotonic,threshold_only,0.5,,,,benchmark,2,1,0.5,759,759.0,759.0,0,0.0,275,785,242,0,1027,3.0,,,,,,,,,Threshold-only policy; review cost does not affect cost.,False,3.225,3.0
heloc,validation,CatBoost benchmark threshold 0.50,catboost_isotonic,threshold_only,0.5,,,,benchmark,2,1,1.0,759,759.0,759.0,0,0.0,275,785,242,0,1027,2.0,,,,,,,,,Threshold-only policy; review cost does not affect cost.,False,3.225,3.0
heloc,validation,CatBoost benchmark threshold 0.50,catboost_isotonic,threshold_only,0.5,,,,benchmark,2,1,2.0,759,759.0,759.0,0,0.0,275,785,242,0,1027,2.0,,,,,,,,,Threshold-only policy; review cost does not affect cost.,False,3.225,3.0
heloc,validation,CatBoost benchmark threshold 0.50,catboost_isotonic,threshold_only,0.5,,,,benchmark,3,1,0.1,1001,1001.0,1001.0,0,0.0,275,785,242,0,1027,3.0,,,,,,,,,Threshold-only policy; review cost does not affect cost.,False,3.225,3.0
heloc,validation,CatBoost benchmark threshold 0.50,catboost_isotonic,threshold_only,0.5,,,,benchmark,3,1,0.25,1001,1001.0,1001.0,0,0.0,275,785,242,0,1027,3.0,,,,,,,,,Threshold-only policy; review cost does not affect cost.,False,3.225,3.0
heloc,validation,CatBoost benchmark threshold 0.50,catboost_isotonic,threshold_only,0.5,,,,benchmark,3,1,0.5,1001,1001.0,1001.0,0,0.0,275,785,242,0,1027,3.0,,,,,,,,,Threshold-only policy; review cost does not affect cost.,False,3.225,3.0
heloc,validation,CatBoost benchmark threshold 0.50,catboost_isotonic,threshold_only,0.5,,,,benchmark,3,1,1.0,1001,1001.0,1001.0,0,0.0,275,785,242,0,1027,3.0,,,,,,,,,Threshold-only policy; review cost does not affect cost.,False,3.225,3.0
heloc,validation,CatBoost benchmark threshold 0.50,catboost_isotonic,threshold_only,0.5,,,,benchmark,3,1,2.0,1001,1001.0,1001.0,0,0.0,275,785,242,0,1027,2.0,,,,,,,,,Threshold-only policy; review cost does not affect cost.,False,3.225,3.0
heloc,validation,CatBoost benchmark threshold 0.50,catboost_isotonic,threshold_only,0.5,,,,benchmark,5,1,0.1,1485,1485.0,1485.0,0,0.0,275,785,242,0,1027,4.0,,,,,,,,,Threshold-only policy; review cost does not affect cost.,False,3.225,3.0
heloc,validation,CatBoost benchmark threshold 0.50,catboost_isotonic,threshold_only,0.5,,,,benchmark,5,1,0.25,1485,1485.0,1485.0,0,0.0,275,785,242,0,1027,4.0,,,,,,,,,Threshold-only policy; review cost does not affect cost.,False,3.225,3.0
heloc,validation,CatBoost benchmark threshold 0.50,catboost_isotonic,threshold_only,0.5,,,,benchmark,5,1,0.5,1485,1485.0,1485.0,0,0.0,275,785,242,0,1027,4.0,,,,,,,,,Threshold-only policy; review cost does not affect cost.,False,3.225,3.0
heloc,validation,CatBoost benchmark threshold 0.50,catboost_isotonic,threshold_only,0.5,,,,benchmark,5,1,1.0,1485,1485.0,1485.0,0,0.0,275,785,242,0,1027,4.0,,,,,,,,,Threshold-only policy; review cost does not affect cost.,False,3.225,3.0
heloc,validation,CatBoost benchmark threshold 0.50,catboost_isotonic,threshold_only,0.5,,,,benchmark,5,1,2.0,1485,1485.0,1485.0,0,0.0,275,785,242,0,1027,3.0,,,,,,,,,Threshold-only policy; review cost does not affect cost.,False,3.225,3.0
heloc,validation,CatBoost benchmark threshold 0.50,catboost_isotonic,threshold_only,0.5,,,,benchmark,5,2,0.1,1760,1760.0,1760.0,0,0.0,275,785,242,0,1027,3.0,,,,,,,,,Threshold-only policy; review cost does not affect cost.,False,3.225,3.0
heloc,validation,CatBoost benchmark threshold 0.50,catboost_isotonic,threshold_only,0.5,,,,benchmark,5,2,0.25,1760,1760.0,1760.0,0,0.0,275,785,242,0,1027,3.0,,,,,,,,,Threshold-only policy; review cost does not affect cost.,False,3.225,3.0
heloc,validation,CatBoost benchmark threshold 0.50,catboost_isotonic,threshold_only,0.5,,,,benchmark,5,2,0.5,1760,1760.0,1760.0,0,0.0,275,785,242,0,1027,3.0,,,,,,,,,Threshold-only policy; review cost does not affect cost.,False,3.225,3.0
heloc,validation,CatBoost benchmark threshold 0.50,catboost_isotonic,threshold_only,0.5,,,,benchmark,5,2,1.0,1760,1760.0,1760.0,0,0.0,275,785,242,0,1027,3.0,,,,,,,,,Threshold-only policy; review cost does not affect cost.,False,3.225,3.0
heloc,validation,CatBoost benchmark threshold 0.50,catboost_isotonic,threshold_only,0.5,,,,benchmark,5,2,2.0,1760,1760.0,1760.0,0,0.0,275,785,242,0,1027,2.0,,,,,,,,,Threshold-only policy; review cost does not affect cost.,False,3.225,3.0
heloc,validation,CatBoost benchmark threshold 0.50,catboost_isotonic,threshold_only,0.5,,,,benchmark,5,3,0.1,2035,2035.0,2035.0,0,0.0,275,785,242,0,1027,3.0,,,,,,,,,Threshold-only policy; review cost does not affect cost.,False,3.225,3.0
heloc,validation,CatBoost benchmark threshold 0.50,catboost_isotonic,threshold_only,0.5,,,,benchmark,5,3,0.25,2035,2035.0,2035.0,0,0.0,275,785,242,0,1027,3.0,,,,,,,,,Threshold-only policy; review cost does not affect cost.,False,3.225,3.0
heloc,validation,CatBoost benchmark threshold 0.50,catboost_isotonic,threshold_only,0.5,,,,benchmark,5,3,0.5,2035,2035.0,2035.0,0,0.0,275,785,242,0,1027,3.0,,,,,,,,,Threshold-only policy; review cost does not affect cost.,False,3.225,3.0
heloc,validation,CatBoost benchmark threshold 0.50,catboost_isotonic,threshold_only,0.5,,,,benchmark,5,3,1.0,2035,2035.0,2035.0,0,0.0,275,785,242,0,1027,3.0,,,,,,,,,Threshold-only policy; review cost does not affect cost.,False,3.225,3.0
heloc,validation,CatBoost benchmark threshold 0.50,catboost_isotonic,threshold_only,0.5,,,,benchmark,5,3,2.0,2035,2035.0,2035.0,0,0.0,275,785,242,0,1027,2.0,,,,,,,,,Threshold-only policy; review cost does not affect cost.,False,3.225,3.0
heloc,validation,CatBoost benchmark threshold 0.50,catboost_isotonic,threshold_only,0.5,,,,benchmark,10,1,0.1,2695,2695.0,2695.0,0,0.0,275,785,242,0,1027,4.0,,,,,,,,,Threshold-only policy; review cost does not affect cost.,False,3.225,3.0
heloc,validation,CatBoost benchmark threshold 0.50,catboost_isotonic,threshold_only,0.5,,,,benchmark,10,1,0.25,2695,2695.0,2695.0,0,0.0,275,785,242,0,1027,4.0,,,,,,,,,Threshold-only policy; review cost does not affect cost.,False,3.225,3.0
heloc,validation,CatBoost benchmark threshold 0.50,catboost_isotonic,threshold_only,0.5,,,,benchmark,10,1,0.5,2695,2695.0,2695.0,0,0.0,275,785,242,0,1027,4.0,,,,,,,,,Threshold-only policy; review cost does not affect cost.,False,3.225,3.0
heloc,validation,CatBoost benchmark threshold 0.50,catboost_isotonic,threshold_only,0.5,,,,benchmark,10,1,1.0,2695,2695.0,2695.0,0,0.0,275,785,242,0,1027,4.0,,,,,,,,,Threshold-only policy; review cost does not affect cost.,False,3.225,3.0
heloc,validation,CatBoost benchmark threshold 0.50,catboost_isotonic,threshold_only,0.5,,,,benchmark,10,1,2.0,2695,2695.0,2695.0,0,0.0,275,785,242,0,1027,4.0,,,,,,,,,Threshold-only policy; review cost does not affect cost.,False,3.225,3.0
heloc,validation,CatBoost benchmark threshold 0.50,catboost_isotonic,threshold_only,0.5,,,,benchmark,10,2,0.1,2970,2970.0,2970.0,0,0.0,275,785,242,0,1027,4.0,,,,,,,,,Threshold-only policy; review cost does not affect cost.,False,3.225,3.0
heloc,validation,CatBoost benchmark threshold 0.50,catboost_isotonic,threshold_only,0.5,,,,benchmark,10,2,0.25,2970,2970.0,2970.0,0,0.0,275,785,242,0,1027,4.0,,,,,,,,,Threshold-only policy; review cost does not affect cost.,False,3.225,3.0
heloc,validation,CatBoost benchmark threshold 0.50,catboost_isotonic,threshold_only,0.5,,,,benchmark,10,2,0.5,2970,2970.0,2970.0,0,0.0,275,785,242,0,1027,4.0,,,,,,,,,Threshold-only policy; review cost does not affect cost.,False,3.225,3.0
heloc,validation,CatBoost benchmark threshold 0.50,catboost_isotonic,threshold_only,0.5,,,,benchmark,10,2,1.0,2970,2970.0,2970.0,0,0.0,275,785,242,0,1027,4.0,,,,,,,,,Threshold-only policy; review cost does not affect cost.,False,3.225,3.0
heloc,validation,CatBoost benchmark threshold 0.50,catboost_isotonic,threshold_only,0.5,,,,benchmark,10,2,2.0,2970,2970.0,2970.0,0,0.0,275,785,242,0,1027,4.0,,,,,,,,,Threshold-only policy; review cost does not affect cost.,False,3.225,3.0
heloc,validation,CatBoost benchmark threshold 0.50,catboost_isotonic,threshold_only,0.5,,,,benchmark,10,3,0.1,3245,3245.0,3245.0,0,0.0,275,785,242,0,1027,3.0,,,,,,,,,Threshold-only policy; review cost does not affect cost.,False,3.225,3.0
heloc,validation,CatBoost benchmark threshold 0.50,catboost_isotonic,threshold_only,0.5,,,,benchmark,10,3,0.25,3245,3245.0,3245.0,0,0.0,275,785,242,0,1027,3.0,,,,,,,,,Threshold-only policy; review cost does not affect cost.,False,3.225,3.0
heloc,validation,CatBoost benchmark threshold 0.50,catboost_isotonic,threshold_only,0.5,,,,benchmark,10,3,0.5,3245,3245.0,3245.0,0,0.0,275,785,242,0,1027,3.0,,,,,,,,,Threshold-only policy; review cost does not affect cost.,False,3.225,3.0
heloc,validation,CatBoost benchmark threshold 0.50,catboost_isotonic,threshold_only,0.5,,,,benchmark,10,3,1.0,3245,3245.0,3245.0,0,0.0,275,785,242,0,1027,3.0,,,,,,,,,Threshold-only policy; review cost does not affect cost.,False,3.225,3.0
heloc,validation,CatBoost benchmark threshold 0.50,catboost_isotonic,threshold_only,0.5,,,,benchmark,10,3,2.0,3245,3245.0,3245.0,0,0.0,275,785,242,0,1027,3.0,,,,,,,,,Threshold-only policy; review cost does not affect cost.,False,3.225,3.0
heloc,locked_test,CatBoost benchmark threshold 0.50,catboost_isotonic,threshold_only,0.5,,,,benchmark,2,1,0.1,762,762.0,762.0,0,0.0,288,791,237,0,1028,4.0,,,,,,,,,Threshold-only policy; review cost does not affect cost.,False,3.85,4.0
heloc,locked_test,CatBoost benchmark threshold 0.50,catboost_isotonic,threshold_only,0.5,,,,benchmark,2,1,0.25,762,762.0,762.0,0,0.0,288,791,237,0,1028,4.0,,,,,,,,,Threshold-only policy; review cost does not affect cost.,False,3.85,4.0
heloc,locked_test,CatBoost benchmark threshold 0.50,catboost_isotonic,threshold_only,0.5,,,,benchmark,2,1,0.5,762,762.0,762.0,0,0.0,288,791,237,0,1028,4.0,,,,,,,,,Threshold-only policy; review cost does not affect cost.,False,3.85,4.0
heloc,locked_test,CatBoost benchmark threshold 0.50,catboost_isotonic,threshold_only,0.5,,,,benchmark,2,1,1.0,762,762.0,762.0,0,0.0,288,791,237,0,1028,3.0,,,,,,,,,Threshold-only policy; review cost does not affect cost.,False,3.85,4.0
heloc,locked_test,CatBoost benchmark threshold 0.50,catboost_isotonic,threshold_only,0.5,,,,benchmark,2,1,2.0,762,762.0,762.0,0,0.0,288,791,237,0,1028,3.0,,,,,,,,,Threshold-only policy; review cost does not affect cost.,False,3.85,4.0
heloc,locked_test,CatBoost benchmark threshold 0.50,catboost_isotonic,threshold_only,0.5,,,,benchmark,3,1,0.1,999,999.0,999.0,0,0.0,288,791,237,0,1028,4.0,,,,,,,,,Threshold-only policy; review cost does not affect cost.,False,3.85,4.0
heloc,locked_test,CatBoost benchmark threshold 0.50,catboost_isotonic,threshold_only,0.5,,,,benchmark,3,1,0.25,999,999.0,999.0,0,0.0,288,791,237,0,1028,4.0,,,,,,,,,Threshold-only policy; review cost does not affect cost.,False,3.85,4.0
heloc,locked_test,CatBoost benchmark threshold 0.50,catboost_isotonic,threshold_only,0.5,,,,benchmark,3,1,0.5,999,999.0,999.0,0,0.0,288,791,237,0,1028,4.0,,,,,,,,,Threshold-only policy; review cost does not affect cost.,False,3.85,4.0
heloc,locked_test,CatBoost benchmark threshold 0.50,catboost_isotonic,threshold_only,0.5,,,,benchmark,3,1,1.0,999,999.0,999.0,0,0.0,288,791,237,0,1028,4.0,,,,,,,,,Threshold-only policy; review cost does not affect cost.,False,3.85,4.0
heloc,locked_test,CatBoost benchmark threshold 0.50,catboost_isotonic,threshold_only,0.5,,,,benchmark,3,1,2.0,999,999.0,999.0,0,0.0,288,791,237,0,1028,3.0,,,,,,,,,Threshold-only policy; review cost does not affect cost.,False,3.85,4.0
heloc,locked_test,CatBoost benchmark threshold 0.50,catboost_isotonic,threshold_only,0.5,,,,benchmark,5,1,0.1,1473,1473.0,1473.0,0,0.0,288,791,237,0,1028,4.0,,,,,,,,,Threshold-only policy; review cost does not affect cost.,False,3.85,4.0
heloc,locked_test,CatBoost benchmark threshold 0.50,catboost_isotonic,threshold_only,0.5,,,,benchmark,5,1,0.25,1473,1473.0,1473.0,0,0.0,288,791,237,0,1028,4.0,,,,,,,,,Threshold-only policy; review cost does not affect cost.,False,3.85,4.0
heloc,locked_test,CatBoost benchmark threshold 0.50,catboost_isotonic,threshold_only,0.5,,,,benchmark,5,1,0.5,1473,1473.0,1473.0,0,0.0,288,791,237,0,1028,4.0,,,,,,,,,Threshold-only policy; review cost does not affect cost.,False,3.85,4.0
heloc,locked_test,CatBoost benchmark threshold 0.50,catboost_isotonic,threshold_only,0.5,,,,benchmark,5,1,1.0,1473,1473.0,1473.0,0,0.0,288,791,237,0,1028,4.0,,,,,,,,,Threshold-only policy; review cost does not affect cost.,False,3.85,4.0
heloc,locked_test,CatBoost benchmark threshold 0.50,catboost_isotonic,threshold_only,0.5,,,,benchmark,5,1,2.0,1473,1473.0,1473.0,0,0.0,288,791,237,0,1028,3.0,,,,,,,,,Threshold-only policy; review cost does not affect cost.,False,3.85,4.0
heloc,locked_test,CatBoost benchmark threshold 0.50,catboost_isotonic,threshold_only,0.5,,,,benchmark,5,2,0.1,1761,1761.0,1761.0,0,0.0,288,791,237,0,1028,4.0,,,,,,,,,Threshold-only policy; review cost does not affect cost.,False,3.85,4.0
heloc,locked_test,CatBoost benchmark threshold 0.50,catboost_isotonic,threshold_only,0.5,,,,benchmark,5,2,0.25,1761,1761.0,1761.0,0,0.0,288,791,237,0,1028,4.0,,,,,,,,,Threshold-only policy; review cost does not affect cost.,False,3.85,4.0
heloc,locked_test,CatBoost benchmark threshold 0.50,catboost_isotonic,threshold_only,0.5,,,,benchmark,5,2,0.5,1761,1761.0,1761.0,0,0.0,288,791,237,0,1028,4.0,,,,,,,,,Threshold-only policy; review cost does not affect cost.,False,3.85,4.0
heloc,locked_test,CatBoost benchmark threshold 0.50,catboost_isotonic,threshold_only,0.5,,,,benchmark,5,2,1.0,1761,1761.0,1761.0,0,0.0,288,791,237,0,1028,4.0,,,,,,,,,Threshold-only policy; review cost does not affect cost.,False,3.85,4.0
heloc,locked_test,CatBoost benchmark threshold 0.50,catboost_isotonic,threshold_only,0.5,,,,benchmark,5,2,2.0,1761,1761.0,1761.0,0,0.0,288,791,237,0,1028,3.0,,,,,,,,,Threshold-only policy; review cost does not affect cost.,False,3.85,4.0
heloc,locked_test,CatBoost benchmark threshold 0.50,catboost_isotonic,threshold_only,0.5,,,,benchmark,5,3,0.1,2049,2049.0,2049.0,0,0.0,288,791,237,0,1028,4.0,,,,,,,,,Threshold-only policy; review cost does not affect cost.,False,3.85,4.0
heloc,locked_test,CatBoost benchmark threshold 0.50,catboost_isotonic,threshold_only,0.5,,,,benchmark,5,3,0.25,2049,2049.0,2049.0,0,0.0,288,791,237,0,1028,4.0,,,,,,,,,Threshold-only policy; review cost does not affect cost.,False,3.85,4.0
heloc,locked_test,CatBoost benchmark threshold 0.50,catboost_isotonic,threshold_only,0.5,,,,benchmark,5,3,0.5,2049,2049.0,2049.0,0,0.0,288,791,237,0,1028,4.0,,,,,,,,,Threshold-only policy; review cost does not affect cost.,False,3.85,4.0
heloc,locked_test,CatBoost benchmark threshold 0.50,catboost_isotonic,threshold_only,0.5,,,,benchmark,5,3,1.0,2049,2049.0,2049.0,0,0.0,288,791,237,0,1028,4.0,,,,,,,,,Threshold-only policy; review cost does not affect cost.,False,3.85,4.0
heloc,locked_test,CatBoost benchmark threshold 0.50,catboost_isotonic,threshold_only,0.5,,,,benchmark,5,3,2.0,2049,2049.0,2049.0,0,0.0,288,791,237,0,1028,3.0,,,,,,,,,Threshold-only policy; review cost does not affect cost.,False,3.85,4.0
heloc,locked_test,CatBoost benchmark threshold 0.50,catboost_isotonic,threshold_only,0.5,,,,benchmark,10,1,0.1,2658,2658.0,2658.0,0,0.0,288,791,237,0,1028,4.0,,,,,,,,,Threshold-only policy; review cost does not affect cost.,False,3.85,4.0
heloc,locked_test,CatBoost benchmark threshold 0.50,catboost_isotonic,threshold_only,0.5,,,,benchmark,10,1,0.25,2658,2658.0,2658.0,0,0.0,288,791,237,0,1028,4.0,,,,,,,,,Threshold-only policy; review cost does not affect cost.,False,3.85,4.0
heloc,locked_test,CatBoost benchmark threshold 0.50,catboost_isotonic,threshold_only,0.5,,,,benchmark,10,1,0.5,2658,2658.0,2658.0,0,0.0,288,791,237,0,1028,4.0,,,,,,,,,Threshold-only policy; review cost does not affect cost.,False,3.85,4.0
heloc,locked_test,CatBoost benchmark threshold 0.50,catboost_isotonic,threshold_only,0.5,,,,benchmark,10,1,1.0,2658,2658.0,2658.0,0,0.0,288,791,237,0,1028,4.0,,,,,,,,,Threshold-only policy; review cost does not affect cost.,False,3.85,4.0
heloc,locked_test,CatBoost benchmark threshold 0.50,catboost_isotonic,threshold_only,0.5,,,,benchmark,10,1,2.0,2658,2658.0,2658.0,0,0.0,288,791,237,0,1028,4.0,,,,,,,,,Threshold-only policy; review cost does not affect cost.,False,3.85,4.0
heloc,locked_test,CatBoost benchmark threshold 0.50,catboost_isotonic,threshold_only,0.5,,,,benchmark,10,2,0.1,2946,2946.0,2946.0,0,0.0,288,791,237,0,1028,4.0,,,,,,,,,Threshold-only policy; review cost does not affect cost.,False,3.85,4.0
heloc,locked_test,CatBoost benchmark threshold 0.50,catboost_isotonic,threshold_only,0.5,,,,benchmark,10,2,0.25,2946,2946.0,2946.0,0,0.0,288,791,237,0,1028,4.0,,,,,,,,,Threshold-only policy; review cost does not affect cost.,False,3.85,4.0
heloc,locked_test,CatBoost benchmark threshold 0.50,catboost_isotonic,threshold_only,0.5,,,,benchmark,10,2,0.5,2946,2946.0,2946.0,0,0.0,288,791,237,0,1028,4.0,,,,,,,,,Threshold-only policy; review cost does not affect cost.,False,3.85,4.0
heloc,locked_test,CatBoost benchmark threshold 0.50,catboost_isotonic,threshold_only,0.5,,,,benchmark,10,2,1.0,2946,2946.0,2946.0,0,0.0,288,791,237,0,1028,4.0,,,,,,,,,Threshold-only policy; review cost does not affect cost.,False,3.85,4.0
heloc,locked_test,CatBoost benchmark threshold 0.50,catboost_isotonic,threshold_only,0.5,,,,benchmark,10,2,2.0,2946,2946.0,2946.0,0,0.0,288,791,237,0,1028,4.0,,,,,,,,,Threshold-only policy; review cost does not affect cost.,False,3.85,4.0
heloc,locked_test,CatBoost benchmark threshold 0.50,catboost_isotonic,threshold_only,0.5,,,,benchmark,10,3,0.1,3234,3234.0,3234.0,0,0.0,288,791,237,0,1028,4.0,,,,,,,,,Threshold-only policy; review cost does not affect cost.,False,3.85,4.0
heloc,locked_test,CatBoost benchmark threshold 0.50,catboost_isotonic,threshold_only,0.5,,,,benchmark,10,3,0.25,3234,3234.0,3234.0,0,0.0,288,791,237,0,1028,4.0,,,,,,,,,Threshold-only policy; review cost does not affect cost.,False,3.85,4.0
heloc,locked_test,CatBoost benchmark threshold 0.50,catboost_isotonic,threshold_only,0.5,,,,benchmark,10,3,0.5,3234,3234.0,3234.0,0,0.0,288,791,237,0,1028,4.0,,,,,,,,,Threshold-only policy; review cost does not affect cost.,False,3.85,4.0
heloc,locked_test,CatBoost benchmark threshold 0.50,catboost_isotonic,threshold_only,0.5,,,,benchmark,10,3,1.0,3234,3234.0,3234.0,0,0.0,288,791,237,0,1028,4.0,,,,,,,,,Threshold-only policy; review cost does not affect cost.,False,3.85,4.0
heloc,locked_test,CatBoost benchmark threshold 0.50,catboost_isotonic,threshold_only,0.5,,,,benchmark,10,3,2.0,3234,3234.0,3234.0,0,0.0,288,791,237,0,1028,4.0,,,,,,,,,Threshold-only policy; review cost does not affect cost.,False,3.85,4.0
