dataset,split,system,score_key,policy_type,threshold,t_low,t_high,capacity_pct,source,fn_cost,fp_cost,review_cost,expected_cost_binary,review_adjusted_cost,comparable_cost_for_rank,manual_review_count,manual_review_rate,high_risk_fp,high_risk_tp,low_risk_fn,manual_review_defaults,total_defaults,cost_rank,threshold_probability,net_benefit,net_benefit_treat_all,net_benefit_treat_none,better_than_treat_all,better_than_treat_none,useful_threshold_range,max_net_benefit,comment,test_set_used_for_selection,mean_cost_rank,cost_stability_rank
heloc,validation,V2 HELOC Scorecard manual-review,scorecard_sigmoid,manual_review_band,,0.16,0.39,,V2 locked policy,2,1,0.1,1125,455.0,455.0,580,0.2938196555217832,369,865,14,148,1027,1.0,,,,,,,,,Manual-review cost changes with review_cost; binary cost is diagnostic only.,False,1.65,1.0
heloc,validation,V2 HELOC Scorecard manual-review,scorecard_sigmoid,manual_review_band,,0.16,0.39,,V2 locked policy,2,1,0.25,1125,542.0,542.0,580,0.2938196555217832,369,865,14,148,1027,1.0,,,,,,,,,Manual-review cost changes with review_cost; binary cost is diagnostic only.,False,1.65,1.0
heloc,validation,V2 HELOC Scorecard manual-review,scorecard_sigmoid,manual_review_band,,0.16,0.39,,V2 locked policy,2,1,0.5,1125,687.0,687.0,580,0.2938196555217832,369,865,14,148,1027,2.0,,,,,,,,,Manual-review cost changes with review_cost; binary cost is diagnostic only.,False,1.65,1.0
heloc,validation,V2 HELOC Scorecard manual-review,scorecard_sigmoid,manual_review_band,,0.16,0.39,,V2 locked policy,2,1,1.0,1125,977.0,977.0,580,0.2938196555217832,369,865,14,148,1027,5.0,,,,,,,,,Manual-review cost changes with review_cost; binary cost is diagnostic only.,False,1.65,1.0
heloc,validation,V2 HELOC Scorecard manual-review,scorecard_sigmoid,manual_review_band,,0.16,0.39,,V2 locked policy,2,1,2.0,1125,1557.0,1557.0,580,0.2938196555217832,369,865,14,148,1027,5.0,,,,,,,,,Manual-review cost changes with review_cost; binary cost is diagnostic only.,False,1.65,1.0
heloc,validation,V2 HELOC Scorecard manual-review,scorecard_sigmoid,manual_review_band,,0.16,0.39,,V2 locked policy,3,1,0.1,1287,469.0,469.0,580,0.2938196555217832,369,865,14,148,1027,1.0,,,,,,,,,Manual-review cost changes with review_cost; binary cost is diagnostic only.,False,1.65,1.0
heloc,validation,V2 HELOC Scorecard manual-review,scorecard_sigmoid,manual_review_band,,0.16,0.39,,V2 locked policy,3,1,0.25,1287,556.0,556.0,580,0.2938196555217832,369,865,14,148,1027,1.0,,,,,,,,,Manual-review cost changes with review_cost; binary cost is diagnostic only.,False,1.65,1.0
heloc,validation,V2 HELOC Scorecard manual-review,scorecard_sigmoid,manual_review_band,,0.16,0.39,,V2 locked policy,3,1,0.5,1287,701.0,701.0,580,0.2938196555217832,369,865,14,148,1027,1.0,,,,,,,,,Manual-review cost changes with review_cost; binary cost is diagnostic only.,False,1.65,1.0
heloc,validation,V2 HELOC Scorecard manual-review,scorecard_sigmoid,manual_review_band,,0.16,0.39,,V2 locked policy,3,1,1.0,1287,991.0,991.0,580,0.2938196555217832,369,865,14,148,1027,2.0,,,,,,,,,Manual-review cost changes with review_cost; binary cost is diagnostic only.,False,1.65,1.0
heloc,validation,V2 HELOC Scorecard manual-review,scorecard_sigmoid,manual_review_band,,0.16,0.39,,V2 locked policy,3,1,2.0,1287,1571.0,1571.0,580,0.2938196555217832,369,865,14,148,1027,5.0,,,,,,,,,Manual-review cost changes with review_cost; binary cost is diagnostic only.,False,1.65,1.0
heloc,validation,V2 HELOC Scorecard manual-review,scorecard_sigmoid,manual_review_band,,0.16,0.39,,V2 locked policy,5,1,0.1,1611,497.0,497.0,580,0.2938196555217832,369,865,14,148,1027,1.0,,,,,,,,,Manual-review cost changes with review_cost; binary cost is diagnostic only.,False,1.65,1.0
heloc,validation,V2 HELOC Scorecard manual-review,scorecard_sigmoid,manual_review_band,,0.16,0.39,,V2 locked policy,5,1,0.25,1611,584.0,584.0,580,0.2938196555217832,369,865,14,148,1027,1.0,,,,,,,,,Manual-review cost changes with review_cost; binary cost is diagnostic only.,False,1.65,1.0
heloc,validation,V2 HELOC Scorecard manual-review,scorecard_sigmoid,manual_review_band,,0.16,0.39,,V2 locked policy,5,1,0.5,1611,729.0,729.0,580,0.2938196555217832,369,865,14,148,1027,1.0,,,,,,,,,Manual-review cost changes with review_cost; binary cost is diagnostic only.,False,1.65,1.0
heloc,validation,V2 HELOC Scorecard manual-review,scorecard_sigmoid,manual_review_band,,0.16,0.39,,V2 locked policy,5,1,1.0,1611,1019.0,1019.0,580,0.2938196555217832,369,865,14,148,1027,1.0,,,,,,,,,Manual-review cost changes with review_cost; binary cost is diagnostic only.,False,1.65,1.0
heloc,validation,V2 HELOC Scorecard manual-review,scorecard_sigmoid,manual_review_band,,0.16,0.39,,V2 locked policy,5,1,2.0,1611,1599.0,1599.0,580,0.2938196555217832,369,865,14,148,1027,5.0,,,,,,,,,Manual-review cost changes with review_cost; binary cost is diagnostic only.,False,1.65,1.0
heloc,validation,V2 HELOC Scorecard manual-review,scorecard_sigmoid,manual_review_band,,0.16,0.39,,V2 locked policy,5,2,0.1,2412,866.0,866.0,580,0.2938196555217832,369,865,14,148,1027,1.0,,,,,,,,,Manual-review cost changes with review_cost; binary cost is diagnostic only.,False,1.65,1.0
heloc,validation,V2 HELOC Scorecard manual-review,scorecard_sigmoid,manual_review_band,,0.16,0.39,,V2 locked policy,5,2,0.25,2412,953.0,953.0,580,0.2938196555217832,369,865,14,148,1027,1.0,,,,,,,,,Manual-review cost changes with review_cost; binary cost is diagnostic only.,False,1.65,1.0
heloc,validation,V2 HELOC Scorecard manual-review,scorecard_sigmoid,manual_review_band,,0.16,0.39,,V2 locked policy,5,2,0.5,2412,1098.0,1098.0,580,0.2938196555217832,369,865,14,148,1027,1.0,,,,,,,,,Manual-review cost changes with review_cost; binary cost is diagnostic only.,False,1.65,1.0
heloc,validation,V2 HELOC Scorecard manual-review,scorecard_sigmoid,manual_review_band,,0.16,0.39,,V2 locked policy,5,2,1.0,2412,1388.0,1388.0,580,0.2938196555217832,369,865,14,148,1027,1.0,,,,,,,,,Manual-review cost changes with review_cost; binary cost is diagnostic only.,False,1.65,1.0
heloc,validation,V2 HELOC Scorecard manual-review,scorecard_sigmoid,manual_review_band,,0.16,0.39,,V2 locked policy,5,2,2.0,2412,1968.0,1968.0,580,0.2938196555217832,369,865,14,148,1027,5.0,,,,,,,,,Manual-review cost changes with review_cost; binary cost is diagnostic only.,False,1.65,1.0
heloc,validation,V2 HELOC Scorecard manual-review,scorecard_sigmoid,manual_review_band,,0.16,0.39,,V2 locked policy,5,3,0.1,3213,1235.0,1235.0,580,0.2938196555217832,369,865,14,148,1027,1.0,,,,,,,,,Manual-review cost changes with review_cost; binary cost is diagnostic only.,False,1.65,1.0
heloc,validation,V2 HELOC Scorecard manual-review,scorecard_sigmoid,manual_review_band,,0.16,0.39,,V2 locked policy,5,3,0.25,3213,1322.0,1322.0,580,0.2938196555217832,369,865,14,148,1027,1.0,,,,,,,,,Manual-review cost changes with review_cost; binary cost is diagnostic only.,False,1.65,1.0
heloc,validation,V2 HELOC Scorecard manual-review,scorecard_sigmoid,manual_review_band,,0.16,0.39,,V2 locked policy,5,3,0.5,3213,1467.0,1467.0,580,0.2938196555217832,369,865,14,148,1027,1.0,,,,,,,,,Manual-review cost changes with review_cost; binary cost is diagnostic only.,False,1.65,1.0
heloc,validation,V2 HELOC Scorecard manual-review,scorecard_sigmoid,manual_review_band,,0.16,0.39,,V2 locked policy,5,3,1.0,3213,1757.0,1757.0,580,0.2938196555217832,369,865,14,148,1027,1.0,,,,,,,,,Manual-review cost changes with review_cost; binary cost is diagnostic only.,False,1.65,1.0
heloc,validation,V2 HELOC Scorecard manual-review,scorecard_sigmoid,manual_review_band,,0.16,0.39,,V2 locked policy,5,3,2.0,3213,2337.0,2337.0,580,0.2938196555217832,369,865,14,148,1027,5.0,,,,,,,,,Manual-review cost changes with review_cost; binary cost is diagnostic only.,False,1.65,1.0
heloc,validation,V2 HELOC Scorecard manual-review,scorecard_sigmoid,manual_review_band,,0.16,0.39,,V2 locked policy,10,1,0.1,2421,567.0,567.0,580,0.2938196555217832,369,865,14,148,1027,1.0,,,,,,,,,Manual-review cost changes with review_cost; binary cost is diagnostic only.,False,1.65,1.0
heloc,validation,V2 HELOC Scorecard manual-review,scorecard_sigmoid,manual_review_band,,0.16,0.39,,V2 locked policy,10,1,0.25,2421,654.0,654.0,580,0.2938196555217832,369,865,14,148,1027,1.0,,,,,,,,,Manual-review cost changes with review_cost; binary cost is diagnostic only.,False,1.65,1.0
heloc,validation,V2 HELOC Scorecard manual-review,scorecard_sigmoid,manual_review_band,,0.16,0.39,,V2 locked policy,10,1,0.5,2421,799.0,799.0,580,0.2938196555217832,369,865,14,148,1027,1.0,,,,,,,,,Manual-review cost changes with review_cost; binary cost is diagnostic only.,False,1.65,1.0
heloc,validation,V2 HELOC Scorecard manual-review,scorecard_sigmoid,manual_review_band,,0.16,0.39,,V2 locked policy,10,1,1.0,2421,1089.0,1089.0,580,0.2938196555217832,369,865,14,148,1027,1.0,,,,,,,,,Manual-review cost changes with review_cost; binary cost is diagnostic only.,False,1.65,1.0
heloc,validation,V2 HELOC Scorecard manual-review,scorecard_sigmoid,manual_review_band,,0.16,0.39,,V2 locked policy,10,1,2.0,2421,1669.0,1669.0,580,0.2938196555217832,369,865,14,148,1027,1.0,,,,,,,,,Manual-review cost changes with review_cost; binary cost is diagnostic only.,False,1.65,1.0
heloc,validation,V2 HELOC Scorecard manual-review,scorecard_sigmoid,manual_review_band,,0.16,0.39,,V2 locked policy,10,2,0.1,3222,936.0,936.0,580,0.2938196555217832,369,865,14,148,1027,1.0,,,,,,,,,Manual-review cost changes with review_cost; binary cost is diagnostic only.,False,1.65,1.0
heloc,validation,V2 HELOC Scorecard manual-review,scorecard_sigmoid,manual_review_band,,0.16,0.39,,V2 locked policy,10,2,0.25,3222,1023.0,1023.0,580,0.2938196555217832,369,865,14,148,1027,1.0,,,,,,,,,Manual-review cost changes with review_cost; binary cost is diagnostic only.,False,1.65,1.0
heloc,validation,V2 HELOC Scorecard manual-review,scorecard_sigmoid,manual_review_band,,0.16,0.39,,V2 locked policy,10,2,0.5,3222,1168.0,1168.0,580,0.2938196555217832,369,865,14,148,1027,1.0,,,,,,,,,Manual-review cost changes with review_cost; binary cost is diagnostic only.,False,1.65,1.0
heloc,validation,V2 HELOC Scorecard manual-review,scorecard_sigmoid,manual_review_band,,0.16,0.39,,V2 locked policy,10,2,1.0,3222,1458.0,1458.0,580,0.2938196555217832,369,865,14,148,1027,1.0,,,,,,,,,Manual-review cost changes with review_cost; binary cost is diagnostic only.,False,1.65,1.0
heloc,validation,V2 HELOC Scorecard manual-review,scorecard_sigmoid,manual_review_band,,0.16,0.39,,V2 locked policy,10,2,2.0,3222,2038.0,2038.0,580,0.2938196555217832,369,865,14,148,1027,1.0,,,,,,,,,Manual-review cost changes with review_cost; binary cost is diagnostic only.,False,1.65,1.0
heloc,validation,V2 HELOC Scorecard manual-review,scorecard_sigmoid,manual_review_band,,0.16,0.39,,V2 locked policy,10,3,0.1,4023,1305.0,1305.0,580,0.2938196555217832,369,865,14,148,1027,1.0,,,,,,,,,Manual-review cost changes with review_cost; binary cost is diagnostic only.,False,1.65,1.0
heloc,validation,V2 HELOC Scorecard manual-review,scorecard_sigmoid,manual_review_band,,0.16,0.39,,V2 locked policy,10,3,0.25,4023,1392.0,1392.0,580,0.2938196555217832,369,865,14,148,1027,1.0,,,,,,,,,Manual-review cost changes with review_cost; binary cost is diagnostic only.,False,1.65,1.0
heloc,validation,V2 HELOC Scorecard manual-review,scorecard_sigmoid,manual_review_band,,0.16,0.39,,V2 locked policy,10,3,0.5,4023,1537.0,1537.0,580,0.2938196555217832,369,865,14,148,1027,1.0,,,,,,,,,Manual-review cost changes with review_cost; binary cost is diagnostic only.,False,1.65,1.0
heloc,validation,V2 HELOC Scorecard manual-review,scorecard_sigmoid,manual_review_band,,0.16,0.39,,V2 locked policy,10,3,1.0,4023,1827.0,1827.0,580,0.2938196555217832,369,865,14,148,1027,1.0,,,,,,,,,Manual-review cost changes with review_cost; binary cost is diagnostic only.,False,1.65,1.0
heloc,validation,V2 HELOC Scorecard manual-review,scorecard_sigmoid,manual_review_band,,0.16,0.39,,V2 locked policy,10,3,2.0,4023,2407.0,2407.0,580,0.2938196555217832,369,865,14,148,1027,1.0,,,,,,,,,Manual-review cost changes with review_cost; binary cost is diagnostic only.,False,1.65,1.0
heloc,locked_test,V2 HELOC Scorecard manual-review,scorecard_sigmoid,manual_review_band,,0.16,0.39,,V2 locked policy,2,1,0.1,1113,494.3,494.3,533,0.26987341772151896,403,870,19,139,1028,1.0,,,,,,,,,Manual-review cost changes with review_cost; binary cost is diagnostic only.,False,1.675,1.0
heloc,locked_test,V2 HELOC Scorecard manual-review,scorecard_sigmoid,manual_review_band,,0.16,0.39,,V2 locked policy,2,1,0.25,1113,574.25,574.25,533,0.26987341772151896,403,870,19,139,1028,1.0,,,,,,,,,Manual-review cost changes with review_cost; binary cost is diagnostic only.,False,1.675,1.0
heloc,locked_test,V2 HELOC Scorecard manual-review,scorecard_sigmoid,manual_review_band,,0.16,0.39,,V2 locked policy,2,1,0.5,1113,707.5,707.5,533,0.26987341772151896,403,870,19,139,1028,2.0,,,,,,,,,Manual-review cost changes with review_cost; binary cost is diagnostic only.,False,1.675,1.0
heloc,locked_test,V2 HELOC Scorecard manual-review,scorecard_sigmoid,manual_review_band,,0.16,0.39,,V2 locked policy,2,1,1.0,1113,974.0,974.0,533,0.26987341772151896,403,870,19,139,1028,5.0,,,,,,,,,Manual-review cost changes with review_cost; binary cost is diagnostic only.,False,1.675,1.0
heloc,locked_test,V2 HELOC Scorecard manual-review,scorecard_sigmoid,manual_review_band,,0.16,0.39,,V2 locked policy,2,1,2.0,1113,1507.0,1507.0,533,0.26987341772151896,403,870,19,139,1028,5.0,,,,,,,,,Manual-review cost changes with review_cost; binary cost is diagnostic only.,False,1.675,1.0
heloc,locked_test,V2 HELOC Scorecard manual-review,scorecard_sigmoid,manual_review_band,,0.16,0.39,,V2 locked policy,3,1,0.1,1271,513.3,513.3,533,0.26987341772151896,403,870,19,139,1028,1.0,,,,,,,,,Manual-review cost changes with review_cost; binary cost is diagnostic only.,False,1.675,1.0
heloc,locked_test,V2 HELOC Scorecard manual-review,scorecard_sigmoid,manual_review_band,,0.16,0.39,,V2 locked policy,3,1,0.25,1271,593.25,593.25,533,0.26987341772151896,403,870,19,139,1028,1.0,,,,,,,,,Manual-review cost changes with review_cost; binary cost is diagnostic only.,False,1.675,1.0
heloc,locked_test,V2 HELOC Scorecard manual-review,scorecard_sigmoid,manual_review_band,,0.16,0.39,,V2 locked policy,3,1,0.5,1271,726.5,726.5,533,0.26987341772151896,403,870,19,139,1028,1.0,,,,,,,,,Manual-review cost changes with review_cost; binary cost is diagnostic only.,False,1.675,1.0
heloc,locked_test,V2 HELOC Scorecard manual-review,scorecard_sigmoid,manual_review_band,,0.16,0.39,,V2 locked policy,3,1,1.0,1271,993.0,993.0,533,0.26987341772151896,403,870,19,139,1028,3.0,,,,,,,,,Manual-review cost changes with review_cost; binary cost is diagnostic only.,False,1.675,1.0
heloc,locked_test,V2 HELOC Scorecard manual-review,scorecard_sigmoid,manual_review_band,,0.16,0.39,,V2 locked policy,3,1,2.0,1271,1526.0,1526.0,533,0.26987341772151896,403,870,19,139,1028,5.0,,,,,,,,,Manual-review cost changes with review_cost; binary cost is diagnostic only.,False,1.675,1.0
heloc,locked_test,V2 HELOC Scorecard manual-review,scorecard_sigmoid,manual_review_band,,0.16,0.39,,V2 locked policy,5,1,0.1,1587,551.3,551.3,533,0.26987341772151896,403,870,19,139,1028,1.0,,,,,,,,,Manual-review cost changes with review_cost; binary cost is diagnostic only.,False,1.675,1.0
heloc,locked_test,V2 HELOC Scorecard manual-review,scorecard_sigmoid,manual_review_band,,0.16,0.39,,V2 locked policy,5,1,0.25,1587,631.25,631.25,533,0.26987341772151896,403,870,19,139,1028,1.0,,,,,,,,,Manual-review cost changes with review_cost; binary cost is diagnostic only.,False,1.675,1.0
heloc,locked_test,V2 HELOC Scorecard manual-review,scorecard_sigmoid,manual_review_band,,0.16,0.39,,V2 locked policy,5,1,0.5,1587,764.5,764.5,533,0.26987341772151896,403,870,19,139,1028,1.0,,,,,,,,,Manual-review cost changes with review_cost; binary cost is diagnostic only.,False,1.675,1.0
heloc,locked_test,V2 HELOC Scorecard manual-review,scorecard_sigmoid,manual_review_band,,0.16,0.39,,V2 locked policy,5,1,1.0,1587,1031.0,1031.0,533,0.26987341772151896,403,870,19,139,1028,1.0,,,,,,,,,Manual-review cost changes with review_cost; binary cost is diagnostic only.,False,1.675,1.0
heloc,locked_test,V2 HELOC Scorecard manual-review,scorecard_sigmoid,manual_review_band,,0.16,0.39,,V2 locked policy,5,1,2.0,1587,1564.0,1564.0,533,0.26987341772151896,403,870,19,139,1028,5.0,,,,,,,,,Manual-review cost changes with review_cost; binary cost is diagnostic only.,False,1.675,1.0
heloc,locked_test,V2 HELOC Scorecard manual-review,scorecard_sigmoid,manual_review_band,,0.16,0.39,,V2 locked policy,5,2,0.1,2384,954.3,954.3,533,0.26987341772151896,403,870,19,139,1028,1.0,,,,,,,,,Manual-review cost changes with review_cost; binary cost is diagnostic only.,False,1.675,1.0
heloc,locked_test,V2 HELOC Scorecard manual-review,scorecard_sigmoid,manual_review_band,,0.16,0.39,,V2 locked policy,5,2,0.25,2384,1034.25,1034.25,533,0.26987341772151896,403,870,19,139,1028,1.0,,,,,,,,,Manual-review cost changes with review_cost; binary cost is diagnostic only.,False,1.675,1.0
heloc,locked_test,V2 HELOC Scorecard manual-review,scorecard_sigmoid,manual_review_band,,0.16,0.39,,V2 locked policy,5,2,0.5,2384,1167.5,1167.5,533,0.26987341772151896,403,870,19,139,1028,1.0,,,,,,,,,Manual-review cost changes with review_cost; binary cost is diagnostic only.,False,1.675,1.0
heloc,locked_test,V2 HELOC Scorecard manual-review,scorecard_sigmoid,manual_review_band,,0.16,0.39,,V2 locked policy,5,2,1.0,2384,1434.0,1434.0,533,0.26987341772151896,403,870,19,139,1028,1.0,,,,,,,,,Manual-review cost changes with review_cost; binary cost is diagnostic only.,False,1.675,1.0
heloc,locked_test,V2 HELOC Scorecard manual-review,scorecard_sigmoid,manual_review_band,,0.16,0.39,,V2 locked policy,5,2,2.0,2384,1967.0,1967.0,533,0.26987341772151896,403,870,19,139,1028,5.0,,,,,,,,,Manual-review cost changes with review_cost; binary cost is diagnostic only.,False,1.675,1.0
heloc,locked_test,V2 HELOC Scorecard manual-review,scorecard_sigmoid,manual_review_band,,0.16,0.39,,V2 locked policy,5,3,0.1,3181,1357.3,1357.3,533,0.26987341772151896,403,870,19,139,1028,1.0,,,,,,,,,Manual-review cost changes with review_cost; binary cost is diagnostic only.,False,1.675,1.0
heloc,locked_test,V2 HELOC Scorecard manual-review,scorecard_sigmoid,manual_review_band,,0.16,0.39,,V2 locked policy,5,3,0.25,3181,1437.25,1437.25,533,0.26987341772151896,403,870,19,139,1028,1.0,,,,,,,,,Manual-review cost changes with review_cost; binary cost is diagnostic only.,False,1.675,1.0
heloc,locked_test,V2 HELOC Scorecard manual-review,scorecard_sigmoid,manual_review_band,,0.16,0.39,,V2 locked policy,5,3,0.5,3181,1570.5,1570.5,533,0.26987341772151896,403,870,19,139,1028,1.0,,,,,,,,,Manual-review cost changes with review_cost; binary cost is diagnostic only.,False,1.675,1.0
heloc,locked_test,V2 HELOC Scorecard manual-review,scorecard_sigmoid,manual_review_band,,0.16,0.39,,V2 locked policy,5,3,1.0,3181,1837.0,1837.0,533,0.26987341772151896,403,870,19,139,1028,1.0,,,,,,,,,Manual-review cost changes with review_cost; binary cost is diagnostic only.,False,1.675,1.0
heloc,locked_test,V2 HELOC Scorecard manual-review,scorecard_sigmoid,manual_review_band,,0.16,0.39,,V2 locked policy,5,3,2.0,3181,2370.0,2370.0,533,0.26987341772151896,403,870,19,139,1028,5.0,,,,,,,,,Manual-review cost changes with review_cost; binary cost is diagnostic only.,False,1.675,1.0
heloc,locked_test,V2 HELOC Scorecard manual-review,scorecard_sigmoid,manual_review_band,,0.16,0.39,,V2 locked policy,10,1,0.1,2377,646.3,646.3,533,0.26987341772151896,403,870,19,139,1028,1.0,,,,,,,,,Manual-review cost changes with review_cost; binary cost is diagnostic only.,False,1.675,1.0
heloc,locked_test,V2 HELOC Scorecard manual-review,scorecard_sigmoid,manual_review_band,,0.16,0.39,,V2 locked policy,10,1,0.25,2377,726.25,726.25,533,0.26987341772151896,403,870,19,139,1028,1.0,,,,,,,,,Manual-review cost changes with review_cost; binary cost is diagnostic only.,False,1.675,1.0
heloc,locked_test,V2 HELOC Scorecard manual-review,scorecard_sigmoid,manual_review_band,,0.16,0.39,,V2 locked policy,10,1,0.5,2377,859.5,859.5,533,0.26987341772151896,403,870,19,139,1028,1.0,,,,,,,,,Manual-review cost changes with review_cost; binary cost is diagnostic only.,False,1.675,1.0
heloc,locked_test,V2 HELOC Scorecard manual-review,scorecard_sigmoid,manual_review_band,,0.16,0.39,,V2 locked policy,10,1,1.0,2377,1126.0,1126.0,533,0.26987341772151896,403,870,19,139,1028,1.0,,,,,,,,,Manual-review cost changes with review_cost; binary cost is diagnostic only.,False,1.675,1.0
heloc,locked_test,V2 HELOC Scorecard manual-review,scorecard_sigmoid,manual_review_band,,0.16,0.39,,V2 locked policy,10,1,2.0,2377,1659.0,1659.0,533,0.26987341772151896,403,870,19,139,1028,1.0,,,,,,,,,Manual-review cost changes with review_cost; binary cost is diagnostic only.,False,1.675,1.0
heloc,locked_test,V2 HELOC Scorecard manual-review,scorecard_sigmoid,manual_review_band,,0.16,0.39,,V2 locked policy,10,2,0.1,3174,1049.3,1049.3,533,0.26987341772151896,403,870,19,139,1028,1.0,,,,,,,,,Manual-review cost changes with review_cost; binary cost is diagnostic only.,False,1.675,1.0
heloc,locked_test,V2 HELOC Scorecard manual-review,scorecard_sigmoid,manual_review_band,,0.16,0.39,,V2 locked policy,10,2,0.25,3174,1129.25,1129.25,533,0.26987341772151896,403,870,19,139,1028,1.0,,,,,,,,,Manual-review cost changes with review_cost; binary cost is diagnostic only.,False,1.675,1.0
heloc,locked_test,V2 HELOC Scorecard manual-review,scorecard_sigmoid,manual_review_band,,0.16,0.39,,V2 locked policy,10,2,0.5,3174,1262.5,1262.5,533,0.26987341772151896,403,870,19,139,1028,1.0,,,,,,,,,Manual-review cost changes with review_cost; binary cost is diagnostic only.,False,1.675,1.0
heloc,locked_test,V2 HELOC Scorecard manual-review,scorecard_sigmoid,manual_review_band,,0.16,0.39,,V2 locked policy,10,2,1.0,3174,1529.0,1529.0,533,0.26987341772151896,403,870,19,139,1028,1.0,,,,,,,,,Manual-review cost changes with review_cost; binary cost is diagnostic only.,False,1.675,1.0
heloc,locked_test,V2 HELOC Scorecard manual-review,scorecard_sigmoid,manual_review_band,,0.16,0.39,,V2 locked policy,10,2,2.0,3174,2062.0,2062.0,533,0.26987341772151896,403,870,19,139,1028,1.0,,,,,,,,,Manual-review cost changes with review_cost; binary cost is diagnostic only.,False,1.675,1.0
heloc,locked_test,V2 HELOC Scorecard manual-review,scorecard_sigmoid,manual_review_band,,0.16,0.39,,V2 locked policy,10,3,0.1,3971,1452.3,1452.3,533,0.26987341772151896,403,870,19,139,1028,1.0,,,,,,,,,Manual-review cost changes with review_cost; binary cost is diagnostic only.,False,1.675,1.0
heloc,locked_test,V2 HELOC Scorecard manual-review,scorecard_sigmoid,manual_review_band,,0.16,0.39,,V2 locked policy,10,3,0.25,3971,1532.25,1532.25,533,0.26987341772151896,403,870,19,139,1028,1.0,,,,,,,,,Manual-review cost changes with review_cost; binary cost is diagnostic only.,False,1.675,1.0
heloc,locked_test,V2 HELOC Scorecard manual-review,scorecard_sigmoid,manual_review_band,,0.16,0.39,,V2 locked policy,10,3,0.5,3971,1665.5,1665.5,533,0.26987341772151896,403,870,19,139,1028,1.0,,,,,,,,,Manual-review cost changes with review_cost; binary cost is diagnostic only.,False,1.675,1.0
heloc,locked_test,V2 HELOC Scorecard manual-review,scorecard_sigmoid,manual_review_band,,0.16,0.39,,V2 locked policy,10,3,1.0,3971,1932.0,1932.0,533,0.26987341772151896,403,870,19,139,1028,1.0,,,,,,,,,Manual-review cost changes with review_cost; binary cost is diagnostic only.,False,1.675,1.0
heloc,locked_test,V2 HELOC Scorecard manual-review,scorecard_sigmoid,manual_review_band,,0.16,0.39,,V2 locked policy,10,3,2.0,3971,2465.0,2465.0,533,0.26987341772151896,403,870,19,139,1028,1.0,,,,,,,,,Manual-review cost changes with review_cost; binary cost is diagnostic only.,False,1.675,1.0
heloc,validation,HELOC specificity candidate threshold,scorecard_uncalibrated,threshold_only,0.46,,,,weakness closing prompt 4,2,1,0.1,764,764.0,764.0,0,0.0,284,787,240,0,1027,4.0,,,,,,,,,Threshold-only policy; review cost does not affect cost.,False,3.475,4.0
heloc,validation,HELOC specificity candidate threshold,scorecard_uncalibrated,threshold_only,0.46,,,,weakness closing prompt 4,2,1,0.25,764,764.0,764.0,0,0.0,284,787,240,0,1027,4.0,,,,,,,,,Threshold-only policy; review cost does not affect cost.,False,3.475,4.0
heloc,validation,HELOC specificity candidate threshold,scorecard_uncalibrated,threshold_only,0.46,,,,weakness closing prompt 4,2,1,0.5,764,764.0,764.0,0,0.0,284,787,240,0,1027,4.0,,,,,,,,,Threshold-only policy; review cost does not affect cost.,False,3.475,4.0
heloc,validation,HELOC specificity candidate threshold,scorecard_uncalibrated,threshold_only,0.46,,,,weakness closing prompt 4,2,1,1.0,764,764.0,764.0,0,0.0,284,787,240,0,1027,3.0,,,,,,,,,Threshold-only policy; review cost does not affect cost.,False,3.475,4.0
heloc,validation,HELOC specificity candidate threshold,scorecard_uncalibrated,threshold_only,0.46,,,,weakness closing prompt 4,2,1,2.0,764,764.0,764.0,0,0.0,284,787,240,0,1027,3.0,,,,,,,,,Threshold-only policy; review cost does not affect cost.,False,3.475,4.0
heloc,validation,HELOC specificity candidate threshold,scorecard_uncalibrated,threshold_only,0.46,,,,weakness closing prompt 4,3,1,0.1,1004,1004.0,1004.0,0,0.0,284,787,240,0,1027,4.0,,,,,,,,,Threshold-only policy; review cost does not affect cost.,False,3.475,4.0
heloc,validation,HELOC specificity candidate threshold,scorecard_uncalibrated,threshold_only,0.46,,,,weakness closing prompt 4,3,1,0.25,1004,1004.0,1004.0,0,0.0,284,787,240,0,1027,4.0,,,,,,,,,Threshold-only policy; review cost does not affect cost.,False,3.475,4.0
heloc,validation,HELOC specificity candidate threshold,scorecard_uncalibrated,threshold_only,0.46,,,,weakness closing prompt 4,3,1,0.5,1004,1004.0,1004.0,0,0.0,284,787,240,0,1027,4.0,,,,,,,,,Threshold-only policy; review cost does not affect cost.,False,3.475,4.0
heloc,validation,HELOC specificity candidate threshold,scorecard_uncalibrated,threshold_only,0.46,,,,weakness closing prompt 4,3,1,1.0,1004,1004.0,1004.0,0,0.0,284,787,240,0,1027,4.0,,,,,,,,,Threshold-only policy; review cost does not affect cost.,False,3.475,4.0
heloc,validation,HELOC specificity candidate threshold,scorecard_uncalibrated,threshold_only,0.46,,,,weakness closing prompt 4,3,1,2.0,1004,1004.0,1004.0,0,0.0,284,787,240,0,1027,3.0,,,,,,,,,Threshold-only policy; review cost does not affect cost.,False,3.475,4.0
heloc,validation,HELOC specificity candidate threshold,scorecard_uncalibrated,threshold_only,0.46,,,,weakness closing prompt 4,5,1,0.1,1484,1484.0,1484.0,0,0.0,284,787,240,0,1027,3.0,,,,,,,,,Threshold-only policy; review cost does not affect cost.,False,3.475,4.0
heloc,validation,HELOC specificity candidate threshold,scorecard_uncalibrated,threshold_only,0.46,,,,weakness closing prompt 4,5,1,0.25,1484,1484.0,1484.0,0,0.0,284,787,240,0,1027,3.0,,,,,,,,,Threshold-only policy; review cost does not affect cost.,False,3.475,4.0
heloc,validation,HELOC specificity candidate threshold,scorecard_uncalibrated,threshold_only,0.46,,,,weakness closing prompt 4,5,1,0.5,1484,1484.0,1484.0,0,0.0,284,787,240,0,1027,3.0,,,,,,,,,Threshold-only policy; review cost does not affect cost.,False,3.475,4.0
heloc,validation,HELOC specificity candidate threshold,scorecard_uncalibrated,threshold_only,0.46,,,,weakness closing prompt 4,5,1,1.0,1484,1484.0,1484.0,0,0.0,284,787,240,0,1027,3.0,,,,,,,,,Threshold-only policy; review cost does not affect cost.,False,3.475,4.0
heloc,validation,HELOC specificity candidate threshold,scorecard_uncalibrated,threshold_only,0.46,,,,weakness closing prompt 4,5,1,2.0,1484,1484.0,1484.0,0,0.0,284,787,240,0,1027,2.0,,,,,,,,,Threshold-only policy; review cost does not affect cost.,False,3.475,4.0
heloc,validation,HELOC specificity candidate threshold,scorecard_uncalibrated,threshold_only,0.46,,,,weakness closing prompt 4,5,2,0.1,1768,1768.0,1768.0,0,0.0,284,787,240,0,1027,4.0,,,,,,,,,Threshold-only policy; review cost does not affect cost.,False,3.475,4.0
heloc,validation,HELOC specificity candidate threshold,scorecard_uncalibrated,threshold_only,0.46,,,,weakness closing prompt 4,5,2,0.25,1768,1768.0,1768.0,0,0.0,284,787,240,0,1027,4.0,,,,,,,,,Threshold-only policy; review cost does not affect cost.,False,3.475,4.0
heloc,validation,HELOC specificity candidate threshold,scorecard_uncalibrated,threshold_only,0.46,,,,weakness closing prompt 4,5,2,0.5,1768,1768.0,1768.0,0,0.0,284,787,240,0,1027,4.0,,,,,,,,,Threshold-only policy; review cost does not affect cost.,False,3.475,4.0
heloc,validation,HELOC specificity candidate threshold,scorecard_uncalibrated,threshold_only,0.46,,,,weakness closing prompt 4,5,2,1.0,1768,1768.0,1768.0,0,0.0,284,787,240,0,1027,4.0,,,,,,,,,Threshold-only policy; review cost does not affect cost.,False,3.475,4.0
heloc,validation,HELOC specificity candidate threshold,scorecard_uncalibrated,threshold_only,0.46,,,,weakness closing prompt 4,5,2,2.0,1768,1768.0,1768.0,0,0.0,284,787,240,0,1027,3.0,,,,,,,,,Threshold-only policy; review cost does not affect cost.,False,3.475,4.0
heloc,validation,HELOC specificity candidate threshold,scorecard_uncalibrated,threshold_only,0.46,,,,weakness closing prompt 4,5,3,0.1,2052,2052.0,2052.0,0,0.0,284,787,240,0,1027,4.0,,,,,,,,,Threshold-only policy; review cost does not affect cost.,False,3.475,4.0
heloc,validation,HELOC specificity candidate threshold,scorecard_uncalibrated,threshold_only,0.46,,,,weakness closing prompt 4,5,3,0.25,2052,2052.0,2052.0,0,0.0,284,787,240,0,1027,4.0,,,,,,,,,Threshold-only policy; review cost does not affect cost.,False,3.475,4.0
heloc,validation,HELOC specificity candidate threshold,scorecard_uncalibrated,threshold_only,0.46,,,,weakness closing prompt 4,5,3,0.5,2052,2052.0,2052.0,0,0.0,284,787,240,0,1027,4.0,,,,,,,,,Threshold-only policy; review cost does not affect cost.,False,3.475,4.0
heloc,validation,HELOC specificity candidate threshold,scorecard_uncalibrated,threshold_only,0.46,,,,weakness closing prompt 4,5,3,1.0,2052,2052.0,2052.0,0,0.0,284,787,240,0,1027,4.0,,,,,,,,,Threshold-only policy; review cost does not affect cost.,False,3.475,4.0
heloc,validation,HELOC specificity candidate threshold,scorecard_uncalibrated,threshold_only,0.46,,,,weakness closing prompt 4,5,3,2.0,2052,2052.0,2052.0,0,0.0,284,787,240,0,1027,3.0,,,,,,,,,Threshold-only policy; review cost does not affect cost.,False,3.475,4.0
heloc,validation,HELOC specificity candidate threshold,scorecard_uncalibrated,threshold_only,0.46,,,,weakness closing prompt 4,10,1,0.1,2684,2684.0,2684.0,0,0.0,284,787,240,0,1027,3.0,,,,,,,,,Threshold-only policy; review cost does not affect cost.,False,3.475,4.0
heloc,validation,HELOC specificity candidate threshold,scorecard_uncalibrated,threshold_only,0.46,,,,weakness closing prompt 4,10,1,0.25,2684,2684.0,2684.0,0,0.0,284,787,240,0,1027,3.0,,,,,,,,,Threshold-only policy; review cost does not affect cost.,False,3.475,4.0
heloc,validation,HELOC specificity candidate threshold,scorecard_uncalibrated,threshold_only,0.46,,,,weakness closing prompt 4,10,1,0.5,2684,2684.0,2684.0,0,0.0,284,787,240,0,1027,3.0,,,,,,,,,Threshold-only policy; review cost does not affect cost.,False,3.475,4.0
heloc,validation,HELOC specificity candidate threshold,scorecard_uncalibrated,threshold_only,0.46,,,,weakness closing prompt 4,10,1,1.0,2684,2684.0,2684.0,0,0.0,284,787,240,0,1027,3.0,,,,,,,,,Threshold-only policy; review cost does not affect cost.,False,3.475,4.0
heloc,validation,HELOC specificity candidate threshold,scorecard_uncalibrated,threshold_only,0.46,,,,weakness closing prompt 4,10,1,2.0,2684,2684.0,2684.0,0,0.0,284,787,240,0,1027,3.0,,,,,,,,,Threshold-only policy; review cost does not affect cost.,False,3.475,4.0
heloc,validation,HELOC specificity candidate threshold,scorecard_uncalibrated,threshold_only,0.46,,,,weakness closing prompt 4,10,2,0.1,2968,2968.0,2968.0,0,0.0,284,787,240,0,1027,3.0,,,,,,,,,Threshold-only policy; review cost does not affect cost.,False,3.475,4.0
heloc,validation,HELOC specificity candidate threshold,scorecard_uncalibrated,threshold_only,0.46,,,,weakness closing prompt 4,10,2,0.25,2968,2968.0,2968.0,0,0.0,284,787,240,0,1027,3.0,,,,,,,,,Threshold-only policy; review cost does not affect cost.,False,3.475,4.0
heloc,validation,HELOC specificity candidate threshold,scorecard_uncalibrated,threshold_only,0.46,,,,weakness closing prompt 4,10,2,0.5,2968,2968.0,2968.0,0,0.0,284,787,240,0,1027,3.0,,,,,,,,,Threshold-only policy; review cost does not affect cost.,False,3.475,4.0
heloc,validation,HELOC specificity candidate threshold,scorecard_uncalibrated,threshold_only,0.46,,,,weakness closing prompt 4,10,2,1.0,2968,2968.0,2968.0,0,0.0,284,787,240,0,1027,3.0,,,,,,,,,Threshold-only policy; review cost does not affect cost.,False,3.475,4.0
heloc,validation,HELOC specificity candidate threshold,scorecard_uncalibrated,threshold_only,0.46,,,,weakness closing prompt 4,10,2,2.0,2968,2968.0,2968.0,0,0.0,284,787,240,0,1027,3.0,,,,,,,,,Threshold-only policy; review cost does not affect cost.,False,3.475,4.0
heloc,validation,HELOC specificity candidate threshold,scorecard_uncalibrated,threshold_only,0.46,,,,weakness closing prompt 4,10,3,0.1,3252,3252.0,3252.0,0,0.0,284,787,240,0,1027,4.0,,,,,,,,,Threshold-only policy; review cost does not affect cost.,False,3.475,4.0
heloc,validation,HELOC specificity candidate threshold,scorecard_uncalibrated,threshold_only,0.46,,,,weakness closing prompt 4,10,3,0.25,3252,3252.0,3252.0,0,0.0,284,787,240,0,1027,4.0,,,,,,,,,Threshold-only policy; review cost does not affect cost.,False,3.475,4.0
heloc,validation,HELOC specificity candidate threshold,scorecard_uncalibrated,threshold_only,0.46,,,,weakness closing prompt 4,10,3,0.5,3252,3252.0,3252.0,0,0.0,284,787,240,0,1027,4.0,,,,,,,,,Threshold-only policy; review cost does not affect cost.,False,3.475,4.0
heloc,validation,HELOC specificity candidate threshold,scorecard_uncalibrated,threshold_only,0.46,,,,weakness closing prompt 4,10,3,1.0,3252,3252.0,3252.0,0,0.0,284,787,240,0,1027,4.0,,,,,,,,,Threshold-only policy; review cost does not affect cost.,False,3.475,4.0
heloc,validation,HELOC specificity candidate threshold,scorecard_uncalibrated,threshold_only,0.46,,,,weakness closing prompt 4,10,3,2.0,3252,3252.0,3252.0,0,0.0,284,787,240,0,1027,4.0,,,,,,,,,Threshold-only policy; review cost does not affect cost.,False,3.475,4.0
heloc,locked_test,HELOC specificity candidate threshold,scorecard_uncalibrated,threshold_only,0.46,,,,weakness closing prompt 4,2,1,0.1,755,755.0,755.0,0,0.0,307,804,224,0,1028,3.0,,,,,,,,,Threshold-only policy; review cost does not affect cost.,False,2.825,3.0
heloc,locked_test,HELOC specificity candidate threshold,scorecard_uncalibrated,threshold_only,0.46,,,,weakness closing prompt 4,2,1,0.25,755,755.0,755.0,0,0.0,307,804,224,0,1028,3.0,,,,,,,,,Threshold-only policy; review cost does not affect cost.,False,2.825,3.0
heloc,locked_test,HELOC specificity candidate threshold,scorecard_uncalibrated,threshold_only,0.46,,,,weakness closing prompt 4,2,1,0.5,755,755.0,755.0,0,0.0,307,804,224,0,1028,3.0,,,,,,,,,Threshold-only policy; review cost does not affect cost.,False,2.825,3.0
heloc,locked_test,HELOC specificity candidate threshold,scorecard_uncalibrated,threshold_only,0.46,,,,weakness closing prompt 4,2,1,1.0,755,755.0,755.0,0,0.0,307,804,224,0,1028,2.0,,,,,,,,,Threshold-only policy; review cost does not affect cost.,False,2.825,3.0
heloc,locked_test,HELOC specificity candidate threshold,scorecard_uncalibrated,threshold_only,0.46,,,,weakness closing prompt 4,2,1,2.0,755,755.0,755.0,0,0.0,307,804,224,0,1028,2.0,,,,,,,,,Threshold-only policy; review cost does not affect cost.,False,2.825,3.0
heloc,locked_test,HELOC specificity candidate threshold,scorecard_uncalibrated,threshold_only,0.46,,,,weakness closing prompt 4,3,1,0.1,979,979.0,979.0,0,0.0,307,804,224,0,1028,3.0,,,,,,,,,Threshold-only policy; review cost does not affect cost.,False,2.825,3.0
heloc,locked_test,HELOC specificity candidate threshold,scorecard_uncalibrated,threshold_only,0.46,,,,weakness closing prompt 4,3,1,0.25,979,979.0,979.0,0,0.0,307,804,224,0,1028,3.0,,,,,,,,,Threshold-only policy; review cost does not affect cost.,False,2.825,3.0
heloc,locked_test,HELOC specificity candidate threshold,scorecard_uncalibrated,threshold_only,0.46,,,,weakness closing prompt 4,3,1,0.5,979,979.0,979.0,0,0.0,307,804,224,0,1028,3.0,,,,,,,,,Threshold-only policy; review cost does not affect cost.,False,2.825,3.0
heloc,locked_test,HELOC specificity candidate threshold,scorecard_uncalibrated,threshold_only,0.46,,,,weakness closing prompt 4,3,1,1.0,979,979.0,979.0,0,0.0,307,804,224,0,1028,2.0,,,,,,,,,Threshold-only policy; review cost does not affect cost.,False,2.825,3.0
heloc,locked_test,HELOC specificity candidate threshold,scorecard_uncalibrated,threshold_only,0.46,,,,weakness closing prompt 4,3,1,2.0,979,979.0,979.0,0,0.0,307,804,224,0,1028,2.0,,,,,,,,,Threshold-only policy; review cost does not affect cost.,False,2.825,3.0
heloc,locked_test,HELOC specificity candidate threshold,scorecard_uncalibrated,threshold_only,0.46,,,,weakness closing prompt 4,5,1,0.1,1427,1427.0,1427.0,0,0.0,307,804,224,0,1028,3.0,,,,,,,,,Threshold-only policy; review cost does not affect cost.,False,2.825,3.0
heloc,locked_test,HELOC specificity candidate threshold,scorecard_uncalibrated,threshold_only,0.46,,,,weakness closing prompt 4,5,1,0.25,1427,1427.0,1427.0,0,0.0,307,804,224,0,1028,3.0,,,,,,,,,Threshold-only policy; review cost does not affect cost.,False,2.825,3.0
heloc,locked_test,HELOC specificity candidate threshold,scorecard_uncalibrated,threshold_only,0.46,,,,weakness closing prompt 4,5,1,0.5,1427,1427.0,1427.0,0,0.0,307,804,224,0,1028,3.0,,,,,,,,,Threshold-only policy; review cost does not affect cost.,False,2.825,3.0
heloc,locked_test,HELOC specificity candidate threshold,scorecard_uncalibrated,threshold_only,0.46,,,,weakness closing prompt 4,5,1,1.0,1427,1427.0,1427.0,0,0.0,307,804,224,0,1028,3.0,,,,,,,,,Threshold-only policy; review cost does not affect cost.,False,2.825,3.0
heloc,locked_test,HELOC specificity candidate threshold,scorecard_uncalibrated,threshold_only,0.46,,,,weakness closing prompt 4,5,1,2.0,1427,1427.0,1427.0,0,0.0,307,804,224,0,1028,2.0,,,,,,,,,Threshold-only policy; review cost does not affect cost.,False,2.825,3.0
heloc,locked_test,HELOC specificity candidate threshold,scorecard_uncalibrated,threshold_only,0.46,,,,weakness closing prompt 4,5,2,0.1,1734,1734.0,1734.0,0,0.0,307,804,224,0,1028,3.0,,,,,,,,,Threshold-only policy; review cost does not affect cost.,False,2.825,3.0
heloc,locked_test,HELOC specificity candidate threshold,scorecard_uncalibrated,threshold_only,0.46,,,,weakness closing prompt 4,5,2,0.25,1734,1734.0,1734.0,0,0.0,307,804,224,0,1028,3.0,,,,,,,,,Threshold-only policy; review cost does not affect cost.,False,2.825,3.0
heloc,locked_test,HELOC specificity candidate threshold,scorecard_uncalibrated,threshold_only,0.46,,,,weakness closing prompt 4,5,2,0.5,1734,1734.0,1734.0,0,0.0,307,804,224,0,1028,3.0,,,,,,,,,Threshold-only policy; review cost does not affect cost.,False,2.825,3.0
heloc,locked_test,HELOC specificity candidate threshold,scorecard_uncalibrated,threshold_only,0.46,,,,weakness closing prompt 4,5,2,1.0,1734,1734.0,1734.0,0,0.0,307,804,224,0,1028,3.0,,,,,,,,,Threshold-only policy; review cost does not affect cost.,False,2.825,3.0
heloc,locked_test,HELOC specificity candidate threshold,scorecard_uncalibrated,threshold_only,0.46,,,,weakness closing prompt 4,5,2,2.0,1734,1734.0,1734.0,0,0.0,307,804,224,0,1028,2.0,,,,,,,,,Threshold-only policy; review cost does not affect cost.,False,2.825,3.0
heloc,locked_test,HELOC specificity candidate threshold,scorecard_uncalibrated,threshold_only,0.46,,,,weakness closing prompt 4,5,3,0.1,2041,2041.0,2041.0,0,0.0,307,804,224,0,1028,3.0,,,,,,,,,Threshold-only policy; review cost does not affect cost.,False,2.825,3.0
heloc,locked_test,HELOC specificity candidate threshold,scorecard_uncalibrated,threshold_only,0.46,,,,weakness closing prompt 4,5,3,0.25,2041,2041.0,2041.0,0,0.0,307,804,224,0,1028,3.0,,,,,,,,,Threshold-only policy; review cost does not affect cost.,False,2.825,3.0
heloc,locked_test,HELOC specificity candidate threshold,scorecard_uncalibrated,threshold_only,0.46,,,,weakness closing prompt 4,5,3,0.5,2041,2041.0,2041.0,0,0.0,307,804,224,0,1028,3.0,,,,,,,,,Threshold-only policy; review cost does not affect cost.,False,2.825,3.0
heloc,locked_test,HELOC specificity candidate threshold,scorecard_uncalibrated,threshold_only,0.46,,,,weakness closing prompt 4,5,3,1.0,2041,2041.0,2041.0,0,0.0,307,804,224,0,1028,3.0,,,,,,,,,Threshold-only policy; review cost does not affect cost.,False,2.825,3.0
heloc,locked_test,HELOC specificity candidate threshold,scorecard_uncalibrated,threshold_only,0.46,,,,weakness closing prompt 4,5,3,2.0,2041,2041.0,2041.0,0,0.0,307,804,224,0,1028,2.0,,,,,,,,,Threshold-only policy; review cost does not affect cost.,False,2.825,3.0
heloc,locked_test,HELOC specificity candidate threshold,scorecard_uncalibrated,threshold_only,0.46,,,,weakness closing prompt 4,10,1,0.1,2547,2547.0,2547.0,0,0.0,307,804,224,0,1028,3.0,,,,,,,,,Threshold-only policy; review cost does not affect cost.,False,2.825,3.0
heloc,locked_test,HELOC specificity candidate threshold,scorecard_uncalibrated,threshold_only,0.46,,,,weakness closing prompt 4,10,1,0.25,2547,2547.0,2547.0,0,0.0,307,804,224,0,1028,3.0,,,,,,,,,Threshold-only policy; review cost does not affect cost.,False,2.825,3.0
heloc,locked_test,HELOC specificity candidate threshold,scorecard_uncalibrated,threshold_only,0.46,,,,weakness closing prompt 4,10,1,0.5,2547,2547.0,2547.0,0,0.0,307,804,224,0,1028,3.0,,,,,,,,,Threshold-only policy; review cost does not affect cost.,False,2.825,3.0
heloc,locked_test,HELOC specificity candidate threshold,scorecard_uncalibrated,threshold_only,0.46,,,,weakness closing prompt 4,10,1,1.0,2547,2547.0,2547.0,0,0.0,307,804,224,0,1028,3.0,,,,,,,,,Threshold-only policy; review cost does not affect cost.,False,2.825,3.0
heloc,locked_test,HELOC specificity candidate threshold,scorecard_uncalibrated,threshold_only,0.46,,,,weakness closing prompt 4,10,1,2.0,2547,2547.0,2547.0,0,0.0,307,804,224,0,1028,3.0,,,,,,,,,Threshold-only policy; review cost does not affect cost.,False,2.825,3.0
heloc,locked_test,HELOC specificity candidate threshold,scorecard_uncalibrated,threshold_only,0.46,,,,weakness closing prompt 4,10,2,0.1,2854,2854.0,2854.0,0,0.0,307,804,224,0,1028,3.0,,,,,,,,,Threshold-only policy; review cost does not affect cost.,False,2.825,3.0
heloc,locked_test,HELOC specificity candidate threshold,scorecard_uncalibrated,threshold_only,0.46,,,,weakness closing prompt 4,10,2,0.25,2854,2854.0,2854.0,0,0.0,307,804,224,0,1028,3.0,,,,,,,,,Threshold-only policy; review cost does not affect cost.,False,2.825,3.0
heloc,locked_test,HELOC specificity candidate threshold,scorecard_uncalibrated,threshold_only,0.46,,,,weakness closing prompt 4,10,2,0.5,2854,2854.0,2854.0,0,0.0,307,804,224,0,1028,3.0,,,,,,,,,Threshold-only policy; review cost does not affect cost.,False,2.825,3.0
heloc,locked_test,HELOC specificity candidate threshold,scorecard_uncalibrated,threshold_only,0.46,,,,weakness closing prompt 4,10,2,1.0,2854,2854.0,2854.0,0,0.0,307,804,224,0,1028,3.0,,,,,,,,,Threshold-only policy; review cost does not affect cost.,False,2.825,3.0
heloc,locked_test,HELOC specificity candidate threshold,scorecard_uncalibrated,threshold_only,0.46,,,,weakness closing prompt 4,10,2,2.0,2854,2854.0,2854.0,0,0.0,307,804,224,0,1028,3.0,,,,,,,,,Threshold-only policy; review cost does not affect cost.,False,2.825,3.0
heloc,locked_test,HELOC specificity candidate threshold,scorecard_uncalibrated,threshold_only,0.46,,,,weakness closing prompt 4,10,3,0.1,3161,3161.0,3161.0,0,0.0,307,804,224,0,1028,3.0,,,,,,,,,Threshold-only policy; review cost does not affect cost.,False,2.825,3.0
heloc,locked_test,HELOC specificity candidate threshold,scorecard_uncalibrated,threshold_only,0.46,,,,weakness closing prompt 4,10,3,0.25,3161,3161.0,3161.0,0,0.0,307,804,224,0,1028,3.0,,,,,,,,,Threshold-only policy; review cost does not affect cost.,False,2.825,3.0
heloc,locked_test,HELOC specificity candidate threshold,scorecard_uncalibrated,threshold_only,0.46,,,,weakness closing prompt 4,10,3,0.5,3161,3161.0,3161.0,0,0.0,307,804,224,0,1028,3.0,,,,,,,,,Threshold-only policy; review cost does not affect cost.,False,2.825,3.0
heloc,locked_test,HELOC specificity candidate threshold,scorecard_uncalibrated,threshold_only,0.46,,,,weakness closing prompt 4,10,3,1.0,3161,3161.0,3161.0,0,0.0,307,804,224,0,1028,3.0,,,,,,,,,Threshold-only policy; review cost does not affect cost.,False,2.825,3.0
heloc,locked_test,HELOC specificity candidate threshold,scorecard_uncalibrated,threshold_only,0.46,,,,weakness closing prompt 4,10,3,2.0,3161,3161.0,3161.0,0,0.0,307,804,224,0,1028,3.0,,,,,,,,,Threshold-only policy; review cost does not affect cost.,False,2.825,3.0
heloc,validation,HELOC capacity SCRE top20,SCRE-Optimized ranking,top_k_review,,,,0.2,weakness closing prompt 3,2,1,0.1,2100,1395.5,1395.5,395,0.2001013171225937,0,0,678,349,1027,7.0,,,,,,,,,Manual-review cost changes with review_cost; binary cost is diagnostic only.,False,6.975,7.0
heloc,validation,HELOC capacity SCRE top20,SCRE-Optimized ranking,top_k_review,,,,0.2,weakness closing prompt 3,2,1,0.25,2100,1454.75,1454.75,395,0.2001013171225937,0,0,678,349,1027,7.0,,,,,,,,,Manual-review cost changes with review_cost; binary cost is diagnostic only.,False,6.975,7.0
heloc,validation,HELOC capacity SCRE top20,SCRE-Optimized ranking,top_k_review,,,,0.2,weakness closing prompt 3,2,1,0.5,2100,1553.5,1553.5,395,0.2001013171225937,0,0,678,349,1027,7.0,,,,,,,,,Manual-review cost changes with review_cost; binary cost is diagnostic only.,False,6.975,7.0
heloc,validation,HELOC capacity SCRE top20,SCRE-Optimized ranking,top_k_review,,,,0.2,weakness closing prompt 3,2,1,1.0,2100,1751.0,1751.0,395,0.2001013171225937,0,0,678,349,1027,7.0,,,,,,,,,Manual-review cost changes with review_cost; binary cost is diagnostic only.,False,6.975,7.0
heloc,validation,HELOC capacity SCRE top20,SCRE-Optimized ranking,top_k_review,,,,0.2,weakness closing prompt 3,2,1,2.0,2100,2146.0,2146.0,395,0.2001013171225937,0,0,678,349,1027,6.0,,,,,,,,,Manual-review cost changes with review_cost; binary cost is diagnostic only.,False,6.975,7.0
heloc,validation,HELOC capacity SCRE top20,SCRE-Optimized ranking,top_k_review,,,,0.2,weakness closing prompt 3,3,1,0.1,3127,2073.5,2073.5,395,0.2001013171225937,0,0,678,349,1027,7.0,,,,,,,,,Manual-review cost changes with review_cost; binary cost is diagnostic only.,False,6.975,7.0
heloc,validation,HELOC capacity SCRE top20,SCRE-Optimized ranking,top_k_review,,,,0.2,weakness closing prompt 3,3,1,0.25,3127,2132.75,2132.75,395,0.2001013171225937,0,0,678,349,1027,7.0,,,,,,,,,Manual-review cost changes with review_cost; binary cost is diagnostic only.,False,6.975,7.0
heloc,validation,HELOC capacity SCRE top20,SCRE-Optimized ranking,top_k_review,,,,0.2,weakness closing prompt 3,3,1,0.5,3127,2231.5,2231.5,395,0.2001013171225937,0,0,678,349,1027,7.0,,,,,,,,,Manual-review cost changes with review_cost; binary cost is diagnostic only.,False,6.975,7.0
heloc,validation,HELOC capacity SCRE top20,SCRE-Optimized ranking,top_k_review,,,,0.2,weakness closing prompt 3,3,1,1.0,3127,2429.0,2429.0,395,0.2001013171225937,0,0,678,349,1027,7.0,,,,,,,,,Manual-review cost changes with review_cost; binary cost is diagnostic only.,False,6.975,7.0
heloc,validation,HELOC capacity SCRE top20,SCRE-Optimized ranking,top_k_review,,,,0.2,weakness closing prompt 3,3,1,2.0,3127,2824.0,2824.0,395,0.2001013171225937,0,0,678,349,1027,7.0,,,,,,,,,Manual-review cost changes with review_cost; binary cost is diagnostic only.,False,6.975,7.0
heloc,validation,HELOC capacity SCRE top20,SCRE-Optimized ranking,top_k_review,,,,0.2,weakness closing prompt 3,5,1,0.1,5181,3429.5,3429.5,395,0.2001013171225937,0,0,678,349,1027,7.0,,,,,,,,,Manual-review cost changes with review_cost; binary cost is diagnostic only.,False,6.975,7.0
heloc,validation,HELOC capacity SCRE top20,SCRE-Optimized ranking,top_k_review,,,,0.2,weakness closing prompt 3,5,1,0.25,5181,3488.75,3488.75,395,0.2001013171225937,0,0,678,349,1027,7.0,,,,,,,,,Manual-review cost changes with review_cost; binary cost is diagnostic only.,False,6.975,7.0
heloc,validation,HELOC capacity SCRE top20,SCRE-Optimized ranking,top_k_review,,,,0.2,weakness closing prompt 3,5,1,0.5,5181,3587.5,3587.5,395,0.2001013171225937,0,0,678,349,1027,7.0,,,,,,,,,Manual-review cost changes with review_cost; binary cost is diagnostic only.,False,6.975,7.0
heloc,validation,HELOC capacity SCRE top20,SCRE-Optimized ranking,top_k_review,,,,0.2,weakness closing prompt 3,5,1,1.0,5181,3785.0,3785.0,395,0.2001013171225937,0,0,678,349,1027,7.0,,,,,,,,,Manual-review cost changes with review_cost; binary cost is diagnostic only.,False,6.975,7.0
heloc,validation,HELOC capacity SCRE top20,SCRE-Optimized ranking,top_k_review,,,,0.2,weakness closing prompt 3,5,1,2.0,5181,4180.0,4180.0,395,0.2001013171225937,0,0,678,349,1027,7.0,,,,,,,,,Manual-review cost changes with review_cost; binary cost is diagnostic only.,False,6.975,7.0
heloc,validation,HELOC capacity SCRE top20,SCRE-Optimized ranking,top_k_review,,,,0.2,weakness closing prompt 3,5,2,0.1,5227,3429.5,3429.5,395,0.2001013171225937,0,0,678,349,1027,7.0,,,,,,,,,Manual-review cost changes with review_cost; binary cost is diagnostic only.,False,6.975,7.0
heloc,validation,HELOC capacity SCRE top20,SCRE-Optimized ranking,top_k_review,,,,0.2,weakness closing prompt 3,5,2,0.25,5227,3488.75,3488.75,395,0.2001013171225937,0,0,678,349,1027,7.0,,,,,,,,,Manual-review cost changes with review_cost; binary cost is diagnostic only.,False,6.975,7.0
heloc,validation,HELOC capacity SCRE top20,SCRE-Optimized ranking,top_k_review,,,,0.2,weakness closing prompt 3,5,2,0.5,5227,3587.5,3587.5,395,0.2001013171225937,0,0,678,349,1027,7.0,,,,,,,,,Manual-review cost changes with review_cost; binary cost is diagnostic only.,False,6.975,7.0
heloc,validation,HELOC capacity SCRE top20,SCRE-Optimized ranking,top_k_review,,,,0.2,weakness closing prompt 3,5,2,1.0,5227,3785.0,3785.0,395,0.2001013171225937,0,0,678,349,1027,7.0,,,,,,,,,Manual-review cost changes with review_cost; binary cost is diagnostic only.,False,6.975,7.0
heloc,validation,HELOC capacity SCRE top20,SCRE-Optimized ranking,top_k_review,,,,0.2,weakness closing prompt 3,5,2,2.0,5227,4180.0,4180.0,395,0.2001013171225937,0,0,678,349,1027,7.0,,,,,,,,,Manual-review cost changes with review_cost; binary cost is diagnostic only.,False,6.975,7.0
heloc,validation,HELOC capacity SCRE top20,SCRE-Optimized ranking,top_k_review,,,,0.2,weakness closing prompt 3,5,3,0.1,5273,3429.5,3429.5,395,0.2001013171225937,0,0,678,349,1027,7.0,,,,,,,,,Manual-review cost changes with review_cost; binary cost is diagnostic only.,False,6.975,7.0
heloc,validation,HELOC capacity SCRE top20,SCRE-Optimized ranking,top_k_review,,,,0.2,weakness closing prompt 3,5,3,0.25,5273,3488.75,3488.75,395,0.2001013171225937,0,0,678,349,1027,7.0,,,,,,,,,Manual-review cost changes with review_cost; binary cost is diagnostic only.,False,6.975,7.0
heloc,validation,HELOC capacity SCRE top20,SCRE-Optimized ranking,top_k_review,,,,0.2,weakness closing prompt 3,5,3,0.5,5273,3587.5,3587.5,395,0.2001013171225937,0,0,678,349,1027,7.0,,,,,,,,,Manual-review cost changes with review_cost; binary cost is diagnostic only.,False,6.975,7.0
heloc,validation,HELOC capacity SCRE top20,SCRE-Optimized ranking,top_k_review,,,,0.2,weakness closing prompt 3,5,3,1.0,5273,3785.0,3785.0,395,0.2001013171225937,0,0,678,349,1027,7.0,,,,,,,,,Manual-review cost changes with review_cost; binary cost is diagnostic only.,False,6.975,7.0
heloc,validation,HELOC capacity SCRE top20,SCRE-Optimized ranking,top_k_review,,,,0.2,weakness closing prompt 3,5,3,2.0,5273,4180.0,4180.0,395,0.2001013171225937,0,0,678,349,1027,7.0,,,,,,,,,Manual-review cost changes with review_cost; binary cost is diagnostic only.,False,6.975,7.0
heloc,validation,HELOC capacity SCRE top20,SCRE-Optimized ranking,top_k_review,,,,0.2,weakness closing prompt 3,10,1,0.1,10316,6819.5,6819.5,395,0.2001013171225937,0,0,678,349,1027,7.0,,,,,,,,,Manual-review cost changes with review_cost; binary cost is diagnostic only.,False,6.975,7.0
heloc,validation,HELOC capacity SCRE top20,SCRE-Optimized ranking,top_k_review,,,,0.2,weakness closing prompt 3,10,1,0.25,10316,6878.75,6878.75,395,0.2001013171225937,0,0,678,349,1027,7.0,,,,,,,,,Manual-review cost changes with review_cost; binary cost is diagnostic only.,False,6.975,7.0
heloc,validation,HELOC capacity SCRE top20,SCRE-Optimized ranking,top_k_review,,,,0.2,weakness closing prompt 3,10,1,0.5,10316,6977.5,6977.5,395,0.2001013171225937,0,0,678,349,1027,7.0,,,,,,,,,Manual-review cost changes with review_cost; binary cost is diagnostic only.,False,6.975,7.0
heloc,validation,HELOC capacity SCRE top20,SCRE-Optimized ranking,top_k_review,,,,0.2,weakness closing prompt 3,10,1,1.0,10316,7175.0,7175.0,395,0.2001013171225937,0,0,678,349,1027,7.0,,,,,,,,,Manual-review cost changes with review_cost; binary cost is diagnostic only.,False,6.975,7.0
heloc,validation,HELOC capacity SCRE top20,SCRE-Optimized ranking,top_k_review,,,,0.2,weakness closing prompt 3,10,1,2.0,10316,7570.0,7570.0,395,0.2001013171225937,0,0,678,349,1027,7.0,,,,,,,,,Manual-review cost changes with review_cost; binary cost is diagnostic only.,False,6.975,7.0
heloc,validation,HELOC capacity SCRE top20,SCRE-Optimized ranking,top_k_review,,,,0.2,weakness closing prompt 3,10,2,0.1,10362,6819.5,6819.5,395,0.2001013171225937,0,0,678,349,1027,7.0,,,,,,,,,Manual-review cost changes with review_cost; binary cost is diagnostic only.,False,6.975,7.0
heloc,validation,HELOC capacity SCRE top20,SCRE-Optimized ranking,top_k_review,,,,0.2,weakness closing prompt 3,10,2,0.25,10362,6878.75,6878.75,395,0.2001013171225937,0,0,678,349,1027,7.0,,,,,,,,,Manual-review cost changes with review_cost; binary cost is diagnostic only.,False,6.975,7.0
heloc,validation,HELOC capacity SCRE top20,SCRE-Optimized ranking,top_k_review,,,,0.2,weakness closing prompt 3,10,2,0.5,10362,6977.5,6977.5,395,0.2001013171225937,0,0,678,349,1027,7.0,,,,,,,,,Manual-review cost changes with review_cost; binary cost is diagnostic only.,False,6.975,7.0
heloc,validation,HELOC capacity SCRE top20,SCRE-Optimized ranking,top_k_review,,,,0.2,weakness closing prompt 3,10,2,1.0,10362,7175.0,7175.0,395,0.2001013171225937,0,0,678,349,1027,7.0,,,,,,,,,Manual-review cost changes with review_cost; binary cost is diagnostic only.,False,6.975,7.0
heloc,validation,HELOC capacity SCRE top20,SCRE-Optimized ranking,top_k_review,,,,0.2,weakness closing prompt 3,10,2,2.0,10362,7570.0,7570.0,395,0.2001013171225937,0,0,678,349,1027,7.0,,,,,,,,,Manual-review cost changes with review_cost; binary cost is diagnostic only.,False,6.975,7.0
heloc,validation,HELOC capacity SCRE top20,SCRE-Optimized ranking,top_k_review,,,,0.2,weakness closing prompt 3,10,3,0.1,10408,6819.5,6819.5,395,0.2001013171225937,0,0,678,349,1027,7.0,,,,,,,,,Manual-review cost changes with review_cost; binary cost is diagnostic only.,False,6.975,7.0
heloc,validation,HELOC capacity SCRE top20,SCRE-Optimized ranking,top_k_review,,,,0.2,weakness closing prompt 3,10,3,0.25,10408,6878.75,6878.75,395,0.2001013171225937,0,0,678,349,1027,7.0,,,,,,,,,Manual-review cost changes with review_cost; binary cost is diagnostic only.,False,6.975,7.0
heloc,validation,HELOC capacity SCRE top20,SCRE-Optimized ranking,top_k_review,,,,0.2,weakness closing prompt 3,10,3,0.5,10408,6977.5,6977.5,395,0.2001013171225937,0,0,678,349,1027,7.0,,,,,,,,,Manual-review cost changes with review_cost; binary cost is diagnostic only.,False,6.975,7.0
heloc,validation,HELOC capacity SCRE top20,SCRE-Optimized ranking,top_k_review,,,,0.2,weakness closing prompt 3,10,3,1.0,10408,7175.0,7175.0,395,0.2001013171225937,0,0,678,349,1027,7.0,,,,,,,,,Manual-review cost changes with review_cost; binary cost is diagnostic only.,False,6.975,7.0
heloc,validation,HELOC capacity SCRE top20,SCRE-Optimized ranking,top_k_review,,,,0.2,weakness closing prompt 3,10,3,2.0,10408,7570.0,7570.0,395,0.2001013171225937,0,0,678,349,1027,7.0,,,,,,,,,Manual-review cost changes with review_cost; binary cost is diagnostic only.,False,6.975,7.0
heloc,locked_test,HELOC capacity SCRE top20,SCRE-Optimized ranking,top_k_review,,,,0.2,weakness closing prompt 3,2,1,0.1,2103,1399.5,1399.5,395,0.2,0,0,680,348,1028,7.0,,,,,,,,,Manual-review cost changes with review_cost; binary cost is diagnostic only.,False,6.975,7.0
heloc,locked_test,HELOC capacity SCRE top20,SCRE-Optimized ranking,top_k_review,,,,0.2,weakness closing prompt 3,2,1,0.25,2103,1458.75,1458.75,395,0.2,0,0,680,348,1028,7.0,,,,,,,,,Manual-review cost changes with review_cost; binary cost is diagnostic only.,False,6.975,7.0
heloc,locked_test,HELOC capacity SCRE top20,SCRE-Optimized ranking,top_k_review,,,,0.2,weakness closing prompt 3,2,1,0.5,2103,1557.5,1557.5,395,0.2,0,0,680,348,1028,7.0,,,,,,,,,Manual-review cost changes with review_cost; binary cost is diagnostic only.,False,6.975,7.0
heloc,locked_test,HELOC capacity SCRE top20,SCRE-Optimized ranking,top_k_review,,,,0.2,weakness closing prompt 3,2,1,1.0,2103,1755.0,1755.0,395,0.2,0,0,680,348,1028,7.0,,,,,,,,,Manual-review cost changes with review_cost; binary cost is diagnostic only.,False,6.975,7.0
heloc,locked_test,HELOC capacity SCRE top20,SCRE-Optimized ranking,top_k_review,,,,0.2,weakness closing prompt 3,2,1,2.0,2103,2150.0,2150.0,395,0.2,0,0,680,348,1028,6.0,,,,,,,,,Manual-review cost changes with review_cost; binary cost is diagnostic only.,False,6.975,7.0
heloc,locked_test,HELOC capacity SCRE top20,SCRE-Optimized ranking,top_k_review,,,,0.2,weakness closing prompt 3,3,1,0.1,3131,2079.5,2079.5,395,0.2,0,0,680,348,1028,7.0,,,,,,,,,Manual-review cost changes with review_cost; binary cost is diagnostic only.,False,6.975,7.0
heloc,locked_test,HELOC capacity SCRE top20,SCRE-Optimized ranking,top_k_review,,,,0.2,weakness closing prompt 3,3,1,0.25,3131,2138.75,2138.75,395,0.2,0,0,680,348,1028,7.0,,,,,,,,,Manual-review cost changes with review_cost; binary cost is diagnostic only.,False,6.975,7.0
heloc,locked_test,HELOC capacity SCRE top20,SCRE-Optimized ranking,top_k_review,,,,0.2,weakness closing prompt 3,3,1,0.5,3131,2237.5,2237.5,395,0.2,0,0,680,348,1028,7.0,,,,,,,,,Manual-review cost changes with review_cost; binary cost is diagnostic only.,False,6.975,7.0
heloc,locked_test,HELOC capacity SCRE top20,SCRE-Optimized ranking,top_k_review,,,,0.2,weakness closing prompt 3,3,1,1.0,3131,2435.0,2435.0,395,0.2,0,0,680,348,1028,7.0,,,,,,,,,Manual-review cost changes with review_cost; binary cost is diagnostic only.,False,6.975,7.0
heloc,locked_test,HELOC capacity SCRE top20,SCRE-Optimized ranking,top_k_review,,,,0.2,weakness closing prompt 3,3,1,2.0,3131,2830.0,2830.0,395,0.2,0,0,680,348,1028,7.0,,,,,,,,,Manual-review cost changes with review_cost; binary cost is diagnostic only.,False,6.975,7.0
heloc,locked_test,HELOC capacity SCRE top20,SCRE-Optimized ranking,top_k_review,,,,0.2,weakness closing prompt 3,5,1,0.1,5187,3439.5,3439.5,395,0.2,0,0,680,348,1028,7.0,,,,,,,,,Manual-review cost changes with review_cost; binary cost is diagnostic only.,False,6.975,7.0
heloc,locked_test,HELOC capacity SCRE top20,SCRE-Optimized ranking,top_k_review,,,,0.2,weakness closing prompt 3,5,1,0.25,5187,3498.75,3498.75,395,0.2,0,0,680,348,1028,7.0,,,,,,,,,Manual-review cost changes with review_cost; binary cost is diagnostic only.,False,6.975,7.0
heloc,locked_test,HELOC capacity SCRE top20,SCRE-Optimized ranking,top_k_review,,,,0.2,weakness closing prompt 3,5,1,0.5,5187,3597.5,3597.5,395,0.2,0,0,680,348,1028,7.0,,,,,,,,,Manual-review cost changes with review_cost; binary cost is diagnostic only.,False,6.975,7.0
heloc,locked_test,HELOC capacity SCRE top20,SCRE-Optimized ranking,top_k_review,,,,0.2,weakness closing prompt 3,5,1,1.0,5187,3795.0,3795.0,395,0.2,0,0,680,348,1028,7.0,,,,,,,,,Manual-review cost changes with review_cost; binary cost is diagnostic only.,False,6.975,7.0
heloc,locked_test,HELOC capacity SCRE top20,SCRE-Optimized ranking,top_k_review,,,,0.2,weakness closing prompt 3,5,1,2.0,5187,4190.0,4190.0,395,0.2,0,0,680,348,1028,7.0,,,,,,,,,Manual-review cost changes with review_cost; binary cost is diagnostic only.,False,6.975,7.0
heloc,locked_test,HELOC capacity SCRE top20,SCRE-Optimized ranking,top_k_review,,,,0.2,weakness closing prompt 3,5,2,0.1,5234,3439.5,3439.5,395,0.2,0,0,680,348,1028,7.0,,,,,,,,,Manual-review cost changes with review_cost; binary cost is diagnostic only.,False,6.975,7.0
heloc,locked_test,HELOC capacity SCRE top20,SCRE-Optimized ranking,top_k_review,,,,0.2,weakness closing prompt 3,5,2,0.25,5234,3498.75,3498.75,395,0.2,0,0,680,348,1028,7.0,,,,,,,,,Manual-review cost changes with review_cost; binary cost is diagnostic only.,False,6.975,7.0
heloc,locked_test,HELOC capacity SCRE top20,SCRE-Optimized ranking,top_k_review,,,,0.2,weakness closing prompt 3,5,2,0.5,5234,3597.5,3597.5,395,0.2,0,0,680,348,1028,7.0,,,,,,,,,Manual-review cost changes with review_cost; binary cost is diagnostic only.,False,6.975,7.0
heloc,locked_test,HELOC capacity SCRE top20,SCRE-Optimized ranking,top_k_review,,,,0.2,weakness closing prompt 3,5,2,1.0,5234,3795.0,3795.0,395,0.2,0,0,680,348,1028,7.0,,,,,,,,,Manual-review cost changes with review_cost; binary cost is diagnostic only.,False,6.975,7.0
heloc,locked_test,HELOC capacity SCRE top20,SCRE-Optimized ranking,top_k_review,,,,0.2,weakness closing prompt 3,5,2,2.0,5234,4190.0,4190.0,395,0.2,0,0,680,348,1028,7.0,,,,,,,,,Manual-review cost changes with review_cost; binary cost is diagnostic only.,False,6.975,7.0
heloc,locked_test,HELOC capacity SCRE top20,SCRE-Optimized ranking,top_k_review,,,,0.2,weakness closing prompt 3,5,3,0.1,5281,3439.5,3439.5,395,0.2,0,0,680,348,1028,7.0,,,,,,,,,Manual-review cost changes with review_cost; binary cost is diagnostic only.,False,6.975,7.0
heloc,locked_test,HELOC capacity SCRE top20,SCRE-Optimized ranking,top_k_review,,,,0.2,weakness closing prompt 3,5,3,0.25,5281,3498.75,3498.75,395,0.2,0,0,680,348,1028,7.0,,,,,,,,,Manual-review cost changes with review_cost; binary cost is diagnostic only.,False,6.975,7.0
heloc,locked_test,HELOC capacity SCRE top20,SCRE-Optimized ranking,top_k_review,,,,0.2,weakness closing prompt 3,5,3,0.5,5281,3597.5,3597.5,395,0.2,0,0,680,348,1028,7.0,,,,,,,,,Manual-review cost changes with review_cost; binary cost is diagnostic only.,False,6.975,7.0
heloc,locked_test,HELOC capacity SCRE top20,SCRE-Optimized ranking,top_k_review,,,,0.2,weakness closing prompt 3,5,3,1.0,5281,3795.0,3795.0,395,0.2,0,0,680,348,1028,7.0,,,,,,,,,Manual-review cost changes with review_cost; binary cost is diagnostic only.,False,6.975,7.0
heloc,locked_test,HELOC capacity SCRE top20,SCRE-Optimized ranking,top_k_review,,,,0.2,weakness closing prompt 3,5,3,2.0,5281,4190.0,4190.0,395,0.2,0,0,680,348,1028,7.0,,,,,,,,,Manual-review cost changes with review_cost; binary cost is diagnostic only.,False,6.975,7.0
heloc,locked_test,HELOC capacity SCRE top20,SCRE-Optimized ranking,top_k_review,,,,0.2,weakness closing prompt 3,10,1,0.1,10327,6839.5,6839.5,395,0.2,0,0,680,348,1028,7.0,,,,,,,,,Manual-review cost changes with review_cost; binary cost is diagnostic only.,False,6.975,7.0
heloc,locked_test,HELOC capacity SCRE top20,SCRE-Optimized ranking,top_k_review,,,,0.2,weakness closing prompt 3,10,1,0.25,10327,6898.75,6898.75,395,0.2,0,0,680,348,1028,7.0,,,,,,,,,Manual-review cost changes with review_cost; binary cost is diagnostic only.,False,6.975,7.0
heloc,locked_test,HELOC capacity SCRE top20,SCRE-Optimized ranking,top_k_review,,,,0.2,weakness closing prompt 3,10,1,0.5,10327,6997.5,6997.5,395,0.2,0,0,680,348,1028,7.0,,,,,,,,,Manual-review cost changes with review_cost; binary cost is diagnostic only.,False,6.975,7.0
heloc,locked_test,HELOC capacity SCRE top20,SCRE-Optimized ranking,top_k_review,,,,0.2,weakness closing prompt 3,10,1,1.0,10327,7195.0,7195.0,395,0.2,0,0,680,348,1028,7.0,,,,,,,,,Manual-review cost changes with review_cost; binary cost is diagnostic only.,False,6.975,7.0
heloc,locked_test,HELOC capacity SCRE top20,SCRE-Optimized ranking,top_k_review,,,,0.2,weakness closing prompt 3,10,1,2.0,10327,7590.0,7590.0,395,0.2,0,0,680,348,1028,7.0,,,,,,,,,Manual-review cost changes with review_cost; binary cost is diagnostic only.,False,6.975,7.0
heloc,locked_test,HELOC capacity SCRE top20,SCRE-Optimized ranking,top_k_review,,,,0.2,weakness closing prompt 3,10,2,0.1,10374,6839.5,6839.5,395,0.2,0,0,680,348,1028,7.0,,,,,,,,,Manual-review cost changes with review_cost; binary cost is diagnostic only.,False,6.975,7.0
heloc,locked_test,HELOC capacity SCRE top20,SCRE-Optimized ranking,top_k_review,,,,0.2,weakness closing prompt 3,10,2,0.25,10374,6898.75,6898.75,395,0.2,0,0,680,348,1028,7.0,,,,,,,,,Manual-review cost changes with review_cost; binary cost is diagnostic only.,False,6.975,7.0
heloc,locked_test,HELOC capacity SCRE top20,SCRE-Optimized ranking,top_k_review,,,,0.2,weakness closing prompt 3,10,2,0.5,10374,6997.5,6997.5,395,0.2,0,0,680,348,1028,7.0,,,,,,,,,Manual-review cost changes with review_cost; binary cost is diagnostic only.,False,6.975,7.0
heloc,locked_test,HELOC capacity SCRE top20,SCRE-Optimized ranking,top_k_review,,,,0.2,weakness closing prompt 3,10,2,1.0,10374,7195.0,7195.0,395,0.2,0,0,680,348,1028,7.0,,,,,,,,,Manual-review cost changes with review_cost; binary cost is diagnostic only.,False,6.975,7.0
heloc,locked_test,HELOC capacity SCRE top20,SCRE-Optimized ranking,top_k_review,,,,0.2,weakness closing prompt 3,10,2,2.0,10374,7590.0,7590.0,395,0.2,0,0,680,348,1028,7.0,,,,,,,,,Manual-review cost changes with review_cost; binary cost is diagnostic only.,False,6.975,7.0
heloc,locked_test,HELOC capacity SCRE top20,SCRE-Optimized ranking,top_k_review,,,,0.2,weakness closing prompt 3,10,3,0.1,10421,6839.5,6839.5,395,0.2,0,0,680,348,1028,7.0,,,,,,,,,Manual-review cost changes with review_cost; binary cost is diagnostic only.,False,6.975,7.0
heloc,locked_test,HELOC capacity SCRE top20,SCRE-Optimized ranking,top_k_review,,,,0.2,weakness closing prompt 3,10,3,0.25,10421,6898.75,6898.75,395,0.2,0,0,680,348,1028,7.0,,,,,,,,,Manual-review cost changes with review_cost; binary cost is diagnostic only.,False,6.975,7.0
heloc,locked_test,HELOC capacity SCRE top20,SCRE-Optimized ranking,top_k_review,,,,0.2,weakness closing prompt 3,10,3,0.5,10421,6997.5,6997.5,395,0.2,0,0,680,348,1028,7.0,,,,,,,,,Manual-review cost changes with review_cost; binary cost is diagnostic only.,False,6.975,7.0
heloc,locked_test,HELOC capacity SCRE top20,SCRE-Optimized ranking,top_k_review,,,,0.2,weakness closing prompt 3,10,3,1.0,10421,7195.0,7195.0,395,0.2,0,0,680,348,1028,7.0,,,,,,,,,Manual-review cost changes with review_cost; binary cost is diagnostic only.,False,6.975,7.0
heloc,locked_test,HELOC capacity SCRE top20,SCRE-Optimized ranking,top_k_review,,,,0.2,weakness closing prompt 3,10,3,2.0,10421,7590.0,7590.0,395,0.2,0,0,680,348,1028,7.0,,,,,,,,,Manual-review cost changes with review_cost; binary cost is diagnostic only.,False,6.975,7.0
heloc,validation,HELOC capacity SCRE top25,SCRE-Optimized ranking,top_k_review,,,,0.25,weakness closing prompt 3,2,1,0.1,2118,1243.4,1243.4,494,0.2502532928064843,0,0,597,430,1027,6.0,,,,,,,,,Manual-review cost changes with review_cost; binary cost is diagnostic only.,False,6.025,6.0
heloc,validation,HELOC capacity SCRE top25,SCRE-Optimized ranking,top_k_review,,,,0.25,weakness closing prompt 3,2,1,0.25,2118,1317.5,1317.5,494,0.2502532928064843,0,0,597,430,1027,6.0,,,,,,,,,Manual-review cost changes with review_cost; binary cost is diagnostic only.,False,6.025,6.0
heloc,validation,HELOC capacity SCRE top25,SCRE-Optimized ranking,top_k_review,,,,0.25,weakness closing prompt 3,2,1,0.5,2118,1441.0,1441.0,494,0.2502532928064843,0,0,597,430,1027,6.0,,,,,,,,,Manual-review cost changes with review_cost; binary cost is diagnostic only.,False,6.025,6.0
heloc,validation,HELOC capacity SCRE top25,SCRE-Optimized ranking,top_k_review,,,,0.25,weakness closing prompt 3,2,1,1.0,2118,1688.0,1688.0,494,0.2502532928064843,0,0,597,430,1027,6.0,,,,,,,,,Manual-review cost changes with review_cost; binary cost is diagnostic only.,False,6.025,6.0
heloc,validation,HELOC capacity SCRE top25,SCRE-Optimized ranking,top_k_review,,,,0.25,weakness closing prompt 3,2,1,2.0,2118,2182.0,2182.0,494,0.2502532928064843,0,0,597,430,1027,7.0,,,,,,,,,Manual-review cost changes with review_cost; binary cost is diagnostic only.,False,6.025,6.0
heloc,validation,HELOC capacity SCRE top25,SCRE-Optimized ranking,top_k_review,,,,0.25,weakness closing prompt 3,3,1,0.1,3145,1840.4,1840.4,494,0.2502532928064843,0,0,597,430,1027,6.0,,,,,,,,,Manual-review cost changes with review_cost; binary cost is diagnostic only.,False,6.025,6.0
heloc,validation,HELOC capacity SCRE top25,SCRE-Optimized ranking,top_k_review,,,,0.25,weakness closing prompt 3,3,1,0.25,3145,1914.5,1914.5,494,0.2502532928064843,0,0,597,430,1027,6.0,,,,,,,,,Manual-review cost changes with review_cost; binary cost is diagnostic only.,False,6.025,6.0
heloc,validation,HELOC capacity SCRE top25,SCRE-Optimized ranking,top_k_review,,,,0.25,weakness closing prompt 3,3,1,0.5,3145,2038.0,2038.0,494,0.2502532928064843,0,0,597,430,1027,6.0,,,,,,,,,Manual-review cost changes with review_cost; binary cost is diagnostic only.,False,6.025,6.0
heloc,validation,HELOC capacity SCRE top25,SCRE-Optimized ranking,top_k_review,,,,0.25,weakness closing prompt 3,3,1,1.0,3145,2285.0,2285.0,494,0.2502532928064843,0,0,597,430,1027,6.0,,,,,,,,,Manual-review cost changes with review_cost; binary cost is diagnostic only.,False,6.025,6.0
heloc,validation,HELOC capacity SCRE top25,SCRE-Optimized ranking,top_k_review,,,,0.25,weakness closing prompt 3,3,1,2.0,3145,2779.0,2779.0,494,0.2502532928064843,0,0,597,430,1027,6.0,,,,,,,,,Manual-review cost changes with review_cost; binary cost is diagnostic only.,False,6.025,6.0
heloc,validation,HELOC capacity SCRE top25,SCRE-Optimized ranking,top_k_review,,,,0.25,weakness closing prompt 3,5,1,0.1,5199,3034.4,3034.4,494,0.2502532928064843,0,0,597,430,1027,6.0,,,,,,,,,Manual-review cost changes with review_cost; binary cost is diagnostic only.,False,6.025,6.0
heloc,validation,HELOC capacity SCRE top25,SCRE-Optimized ranking,top_k_review,,,,0.25,weakness closing prompt 3,5,1,0.25,5199,3108.5,3108.5,494,0.2502532928064843,0,0,597,430,1027,6.0,,,,,,,,,Manual-review cost changes with review_cost; binary cost is diagnostic only.,False,6.025,6.0
heloc,validation,HELOC capacity SCRE top25,SCRE-Optimized ranking,top_k_review,,,,0.25,weakness closing prompt 3,5,1,0.5,5199,3232.0,3232.0,494,0.2502532928064843,0,0,597,430,1027,6.0,,,,,,,,,Manual-review cost changes with review_cost; binary cost is diagnostic only.,False,6.025,6.0
heloc,validation,HELOC capacity SCRE top25,SCRE-Optimized ranking,top_k_review,,,,0.25,weakness closing prompt 3,5,1,1.0,5199,3479.0,3479.0,494,0.2502532928064843,0,0,597,430,1027,6.0,,,,,,,,,Manual-review cost changes with review_cost; binary cost is diagnostic only.,False,6.025,6.0
heloc,validation,HELOC capacity SCRE top25,SCRE-Optimized ranking,top_k_review,,,,0.25,weakness closing prompt 3,5,1,2.0,5199,3973.0,3973.0,494,0.2502532928064843,0,0,597,430,1027,6.0,,,,,,,,,Manual-review cost changes with review_cost; binary cost is diagnostic only.,False,6.025,6.0
heloc,validation,HELOC capacity SCRE top25,SCRE-Optimized ranking,top_k_review,,,,0.25,weakness closing prompt 3,5,2,0.1,5263,3034.4,3034.4,494,0.2502532928064843,0,0,597,430,1027,6.0,,,,,,,,,Manual-review cost changes with review_cost; binary cost is diagnostic only.,False,6.025,6.0
heloc,validation,HELOC capacity SCRE top25,SCRE-Optimized ranking,top_k_review,,,,0.25,weakness closing prompt 3,5,2,0.25,5263,3108.5,3108.5,494,0.2502532928064843,0,0,597,430,1027,6.0,,,,,,,,,Manual-review cost changes with review_cost; binary cost is diagnostic only.,False,6.025,6.0
heloc,validation,HELOC capacity SCRE top25,SCRE-Optimized ranking,top_k_review,,,,0.25,weakness closing prompt 3,5,2,0.5,5263,3232.0,3232.0,494,0.2502532928064843,0,0,597,430,1027,6.0,,,,,,,,,Manual-review cost changes with review_cost; binary cost is diagnostic only.,False,6.025,6.0
heloc,validation,HELOC capacity SCRE top25,SCRE-Optimized ranking,top_k_review,,,,0.25,weakness closing prompt 3,5,2,1.0,5263,3479.0,3479.0,494,0.2502532928064843,0,0,597,430,1027,6.0,,,,,,,,,Manual-review cost changes with review_cost; binary cost is diagnostic only.,False,6.025,6.0
heloc,validation,HELOC capacity SCRE top25,SCRE-Optimized ranking,top_k_review,,,,0.25,weakness closing prompt 3,5,2,2.0,5263,3973.0,3973.0,494,0.2502532928064843,0,0,597,430,1027,6.0,,,,,,,,,Manual-review cost changes with review_cost; binary cost is diagnostic only.,False,6.025,6.0
heloc,validation,HELOC capacity SCRE top25,SCRE-Optimized ranking,top_k_review,,,,0.25,weakness closing prompt 3,5,3,0.1,5327,3034.4,3034.4,494,0.2502532928064843,0,0,597,430,1027,6.0,,,,,,,,,Manual-review cost changes with review_cost; binary cost is diagnostic only.,False,6.025,6.0
heloc,validation,HELOC capacity SCRE top25,SCRE-Optimized ranking,top_k_review,,,,0.25,weakness closing prompt 3,5,3,0.25,5327,3108.5,3108.5,494,0.2502532928064843,0,0,597,430,1027,6.0,,,,,,,,,Manual-review cost changes with review_cost; binary cost is diagnostic only.,False,6.025,6.0
heloc,validation,HELOC capacity SCRE top25,SCRE-Optimized ranking,top_k_review,,,,0.25,weakness closing prompt 3,5,3,0.5,5327,3232.0,3232.0,494,0.2502532928064843,0,0,597,430,1027,6.0,,,,,,,,,Manual-review cost changes with review_cost; binary cost is diagnostic only.,False,6.025,6.0
heloc,validation,HELOC capacity SCRE top25,SCRE-Optimized ranking,top_k_review,,,,0.25,weakness closing prompt 3,5,3,1.0,5327,3479.0,3479.0,494,0.2502532928064843,0,0,597,430,1027,6.0,,,,,,,,,Manual-review cost changes with review_cost; binary cost is diagnostic only.,False,6.025,6.0
heloc,validation,HELOC capacity SCRE top25,SCRE-Optimized ranking,top_k_review,,,,0.25,weakness closing prompt 3,5,3,2.0,5327,3973.0,3973.0,494,0.2502532928064843,0,0,597,430,1027,6.0,,,,,,,,,Manual-review cost changes with review_cost; binary cost is diagnostic only.,False,6.025,6.0
heloc,validation,HELOC capacity SCRE top25,SCRE-Optimized ranking,top_k_review,,,,0.25,weakness closing prompt 3,10,1,0.1,10334,6019.4,6019.4,494,0.2502532928064843,0,0,597,430,1027,6.0,,,,,,,,,Manual-review cost changes with review_cost; binary cost is diagnostic only.,False,6.025,6.0
heloc,validation,HELOC capacity SCRE top25,SCRE-Optimized ranking,top_k_review,,,,0.25,weakness closing prompt 3,10,1,0.25,10334,6093.5,6093.5,494,0.2502532928064843,0,0,597,430,1027,6.0,,,,,,,,,Manual-review cost changes with review_cost; binary cost is diagnostic only.,False,6.025,6.0
heloc,validation,HELOC capacity SCRE top25,SCRE-Optimized ranking,top_k_review,,,,0.25,weakness closing prompt 3,10,1,0.5,10334,6217.0,6217.0,494,0.2502532928064843,0,0,597,430,1027,6.0,,,,,,,,,Manual-review cost changes with review_cost; binary cost is diagnostic only.,False,6.025,6.0
heloc,validation,HELOC capacity SCRE top25,SCRE-Optimized ranking,top_k_review,,,,0.25,weakness closing prompt 3,10,1,1.0,10334,6464.0,6464.0,494,0.2502532928064843,0,0,597,430,1027,6.0,,,,,,,,,Manual-review cost changes with review_cost; binary cost is diagnostic only.,False,6.025,6.0
heloc,validation,HELOC capacity SCRE top25,SCRE-Optimized ranking,top_k_review,,,,0.25,weakness closing prompt 3,10,1,2.0,10334,6958.0,6958.0,494,0.2502532928064843,0,0,597,430,1027,6.0,,,,,,,,,Manual-review cost changes with review_cost; binary cost is diagnostic only.,False,6.025,6.0
heloc,validation,HELOC capacity SCRE top25,SCRE-Optimized ranking,top_k_review,,,,0.25,weakness closing prompt 3,10,2,0.1,10398,6019.4,6019.4,494,0.2502532928064843,0,0,597,430,1027,6.0,,,,,,,,,Manual-review cost changes with review_cost; binary cost is diagnostic only.,False,6.025,6.0
heloc,validation,HELOC capacity SCRE top25,SCRE-Optimized ranking,top_k_review,,,,0.25,weakness closing prompt 3,10,2,0.25,10398,6093.5,6093.5,494,0.2502532928064843,0,0,597,430,1027,6.0,,,,,,,,,Manual-review cost changes with review_cost; binary cost is diagnostic only.,False,6.025,6.0
heloc,validation,HELOC capacity SCRE top25,SCRE-Optimized ranking,top_k_review,,,,0.25,weakness closing prompt 3,10,2,0.5,10398,6217.0,6217.0,494,0.2502532928064843,0,0,597,430,1027,6.0,,,,,,,,,Manual-review cost changes with review_cost; binary cost is diagnostic only.,False,6.025,6.0
heloc,validation,HELOC capacity SCRE top25,SCRE-Optimized ranking,top_k_review,,,,0.25,weakness closing prompt 3,10,2,1.0,10398,6464.0,6464.0,494,0.2502532928064843,0,0,597,430,1027,6.0,,,,,,,,,Manual-review cost changes with review_cost; binary cost is diagnostic only.,False,6.025,6.0
heloc,validation,HELOC capacity SCRE top25,SCRE-Optimized ranking,top_k_review,,,,0.25,weakness closing prompt 3,10,2,2.0,10398,6958.0,6958.0,494,0.2502532928064843,0,0,597,430,1027,6.0,,,,,,,,,Manual-review cost changes with review_cost; binary cost is diagnostic only.,False,6.025,6.0
heloc,validation,HELOC capacity SCRE top25,SCRE-Optimized ranking,top_k_review,,,,0.25,weakness closing prompt 3,10,3,0.1,10462,6019.4,6019.4,494,0.2502532928064843,0,0,597,430,1027,6.0,,,,,,,,,Manual-review cost changes with review_cost; binary cost is diagnostic only.,False,6.025,6.0
heloc,validation,HELOC capacity SCRE top25,SCRE-Optimized ranking,top_k_review,,,,0.25,weakness closing prompt 3,10,3,0.25,10462,6093.5,6093.5,494,0.2502532928064843,0,0,597,430,1027,6.0,,,,,,,,,Manual-review cost changes with review_cost; binary cost is diagnostic only.,False,6.025,6.0
heloc,validation,HELOC capacity SCRE top25,SCRE-Optimized ranking,top_k_review,,,,0.25,weakness closing prompt 3,10,3,0.5,10462,6217.0,6217.0,494,0.2502532928064843,0,0,597,430,1027,6.0,,,,,,,,,Manual-review cost changes with review_cost; binary cost is diagnostic only.,False,6.025,6.0
heloc,validation,HELOC capacity SCRE top25,SCRE-Optimized ranking,top_k_review,,,,0.25,weakness closing prompt 3,10,3,1.0,10462,6464.0,6464.0,494,0.2502532928064843,0,0,597,430,1027,6.0,,,,,,,,,Manual-review cost changes with review_cost; binary cost is diagnostic only.,False,6.025,6.0
heloc,validation,HELOC capacity SCRE top25,SCRE-Optimized ranking,top_k_review,,,,0.25,weakness closing prompt 3,10,3,2.0,10462,6958.0,6958.0,494,0.2502532928064843,0,0,597,430,1027,6.0,,,,,,,,,Manual-review cost changes with review_cost; binary cost is diagnostic only.,False,6.025,6.0
heloc,locked_test,HELOC capacity SCRE top25,SCRE-Optimized ranking,top_k_review,,,,0.25,weakness closing prompt 3,2,1,0.1,2127,1259.4,1259.4,494,0.250126582278481,0,0,605,423,1028,6.0,,,,,,,,,Manual-review cost changes with review_cost; binary cost is diagnostic only.,False,6.025,6.0
heloc,locked_test,HELOC capacity SCRE top25,SCRE-Optimized ranking,top_k_review,,,,0.25,weakness closing prompt 3,2,1,0.25,2127,1333.5,1333.5,494,0.250126582278481,0,0,605,423,1028,6.0,,,,,,,,,Manual-review cost changes with review_cost; binary cost is diagnostic only.,False,6.025,6.0
heloc,locked_test,HELOC capacity SCRE top25,SCRE-Optimized ranking,top_k_review,,,,0.25,weakness closing prompt 3,2,1,0.5,2127,1457.0,1457.0,494,0.250126582278481,0,0,605,423,1028,6.0,,,,,,,,,Manual-review cost changes with review_cost; binary cost is diagnostic only.,False,6.025,6.0
heloc,locked_test,HELOC capacity SCRE top25,SCRE-Optimized ranking,top_k_review,,,,0.25,weakness closing prompt 3,2,1,1.0,2127,1704.0,1704.0,494,0.250126582278481,0,0,605,423,1028,6.0,,,,,,,,,Manual-review cost changes with review_cost; binary cost is diagnostic only.,False,6.025,6.0
heloc,locked_test,HELOC capacity SCRE top25,SCRE-Optimized ranking,top_k_review,,,,0.25,weakness closing prompt 3,2,1,2.0,2127,2198.0,2198.0,494,0.250126582278481,0,0,605,423,1028,7.0,,,,,,,,,Manual-review cost changes with review_cost; binary cost is diagnostic only.,False,6.025,6.0
heloc,locked_test,HELOC capacity SCRE top25,SCRE-Optimized ranking,top_k_review,,,,0.25,weakness closing prompt 3,3,1,0.1,3155,1864.4,1864.4,494,0.250126582278481,0,0,605,423,1028,6.0,,,,,,,,,Manual-review cost changes with review_cost; binary cost is diagnostic only.,False,6.025,6.0
heloc,locked_test,HELOC capacity SCRE top25,SCRE-Optimized ranking,top_k_review,,,,0.25,weakness closing prompt 3,3,1,0.25,3155,1938.5,1938.5,494,0.250126582278481,0,0,605,423,1028,6.0,,,,,,,,,Manual-review cost changes with review_cost; binary cost is diagnostic only.,False,6.025,6.0
heloc,locked_test,HELOC capacity SCRE top25,SCRE-Optimized ranking,top_k_review,,,,0.25,weakness closing prompt 3,3,1,0.5,3155,2062.0,2062.0,494,0.250126582278481,0,0,605,423,1028,6.0,,,,,,,,,Manual-review cost changes with review_cost; binary cost is diagnostic only.,False,6.025,6.0
heloc,locked_test,HELOC capacity SCRE top25,SCRE-Optimized ranking,top_k_review,,,,0.25,weakness closing prompt 3,3,1,1.0,3155,2309.0,2309.0,494,0.250126582278481,0,0,605,423,1028,6.0,,,,,,,,,Manual-review cost changes with review_cost; binary cost is diagnostic only.,False,6.025,6.0
heloc,locked_test,HELOC capacity SCRE top25,SCRE-Optimized ranking,top_k_review,,,,0.25,weakness closing prompt 3,3,1,2.0,3155,2803.0,2803.0,494,0.250126582278481,0,0,605,423,1028,6.0,,,,,,,,,Manual-review cost changes with review_cost; binary cost is diagnostic only.,False,6.025,6.0
heloc,locked_test,HELOC capacity SCRE top25,SCRE-Optimized ranking,top_k_review,,,,0.25,weakness closing prompt 3,5,1,0.1,5211,3074.4,3074.4,494,0.250126582278481,0,0,605,423,1028,6.0,,,,,,,,,Manual-review cost changes with review_cost; binary cost is diagnostic only.,False,6.025,6.0
heloc,locked_test,HELOC capacity SCRE top25,SCRE-Optimized ranking,top_k_review,,,,0.25,weakness closing prompt 3,5,1,0.25,5211,3148.5,3148.5,494,0.250126582278481,0,0,605,423,1028,6.0,,,,,,,,,Manual-review cost changes with review_cost; binary cost is diagnostic only.,False,6.025,6.0
heloc,locked_test,HELOC capacity SCRE top25,SCRE-Optimized ranking,top_k_review,,,,0.25,weakness closing prompt 3,5,1,0.5,5211,3272.0,3272.0,494,0.250126582278481,0,0,605,423,1028,6.0,,,,,,,,,Manual-review cost changes with review_cost; binary cost is diagnostic only.,False,6.025,6.0
heloc,locked_test,HELOC capacity SCRE top25,SCRE-Optimized ranking,top_k_review,,,,0.25,weakness closing prompt 3,5,1,1.0,5211,3519.0,3519.0,494,0.250126582278481,0,0,605,423,1028,6.0,,,,,,,,,Manual-review cost changes with review_cost; binary cost is diagnostic only.,False,6.025,6.0
heloc,locked_test,HELOC capacity SCRE top25,SCRE-Optimized ranking,top_k_review,,,,0.25,weakness closing prompt 3,5,1,2.0,5211,4013.0,4013.0,494,0.250126582278481,0,0,605,423,1028,6.0,,,,,,,,,Manual-review cost changes with review_cost; binary cost is diagnostic only.,False,6.025,6.0
heloc,locked_test,HELOC capacity SCRE top25,SCRE-Optimized ranking,top_k_review,,,,0.25,weakness closing prompt 3,5,2,0.1,5282,3074.4,3074.4,494,0.250126582278481,0,0,605,423,1028,6.0,,,,,,,,,Manual-review cost changes with review_cost; binary cost is diagnostic only.,False,6.025,6.0
heloc,locked_test,HELOC capacity SCRE top25,SCRE-Optimized ranking,top_k_review,,,,0.25,weakness closing prompt 3,5,2,0.25,5282,3148.5,3148.5,494,0.250126582278481,0,0,605,423,1028,6.0,,,,,,,,,Manual-review cost changes with review_cost; binary cost is diagnostic only.,False,6.025,6.0
heloc,locked_test,HELOC capacity SCRE top25,SCRE-Optimized ranking,top_k_review,,,,0.25,weakness closing prompt 3,5,2,0.5,5282,3272.0,3272.0,494,0.250126582278481,0,0,605,423,1028,6.0,,,,,,,,,Manual-review cost changes with review_cost; binary cost is diagnostic only.,False,6.025,6.0
heloc,locked_test,HELOC capacity SCRE top25,SCRE-Optimized ranking,top_k_review,,,,0.25,weakness closing prompt 3,5,2,1.0,5282,3519.0,3519.0,494,0.250126582278481,0,0,605,423,1028,6.0,,,,,,,,,Manual-review cost changes with review_cost; binary cost is diagnostic only.,False,6.025,6.0
heloc,locked_test,HELOC capacity SCRE top25,SCRE-Optimized ranking,top_k_review,,,,0.25,weakness closing prompt 3,5,2,2.0,5282,4013.0,4013.0,494,0.250126582278481,0,0,605,423,1028,6.0,,,,,,,,,Manual-review cost changes with review_cost; binary cost is diagnostic only.,False,6.025,6.0
heloc,locked_test,HELOC capacity SCRE top25,SCRE-Optimized ranking,top_k_review,,,,0.25,weakness closing prompt 3,5,3,0.1,5353,3074.4,3074.4,494,0.250126582278481,0,0,605,423,1028,6.0,,,,,,,,,Manual-review cost changes with review_cost; binary cost is diagnostic only.,False,6.025,6.0
heloc,locked_test,HELOC capacity SCRE top25,SCRE-Optimized ranking,top_k_review,,,,0.25,weakness closing prompt 3,5,3,0.25,5353,3148.5,3148.5,494,0.250126582278481,0,0,605,423,1028,6.0,,,,,,,,,Manual-review cost changes with review_cost; binary cost is diagnostic only.,False,6.025,6.0
heloc,locked_test,HELOC capacity SCRE top25,SCRE-Optimized ranking,top_k_review,,,,0.25,weakness closing prompt 3,5,3,0.5,5353,3272.0,3272.0,494,0.250126582278481,0,0,605,423,1028,6.0,,,,,,,,,Manual-review cost changes with review_cost; binary cost is diagnostic only.,False,6.025,6.0
heloc,locked_test,HELOC capacity SCRE top25,SCRE-Optimized ranking,top_k_review,,,,0.25,weakness closing prompt 3,5,3,1.0,5353,3519.0,3519.0,494,0.250126582278481,0,0,605,423,1028,6.0,,,,,,,,,Manual-review cost changes with review_cost; binary cost is diagnostic only.,False,6.025,6.0
heloc,locked_test,HELOC capacity SCRE top25,SCRE-Optimized ranking,top_k_review,,,,0.25,weakness closing prompt 3,5,3,2.0,5353,4013.0,4013.0,494,0.250126582278481,0,0,605,423,1028,6.0,,,,,,,,,Manual-review cost changes with review_cost; binary cost is diagnostic only.,False,6.025,6.0
heloc,locked_test,HELOC capacity SCRE top25,SCRE-Optimized ranking,top_k_review,,,,0.25,weakness closing prompt 3,10,1,0.1,10351,6099.4,6099.4,494,0.250126582278481,0,0,605,423,1028,6.0,,,,,,,,,Manual-review cost changes with review_cost; binary cost is diagnostic only.,False,6.025,6.0
heloc,locked_test,HELOC capacity SCRE top25,SCRE-Optimized ranking,top_k_review,,,,0.25,weakness closing prompt 3,10,1,0.25,10351,6173.5,6173.5,494,0.250126582278481,0,0,605,423,1028,6.0,,,,,,,,,Manual-review cost changes with review_cost; binary cost is diagnostic only.,False,6.025,6.0
heloc,locked_test,HELOC capacity SCRE top25,SCRE-Optimized ranking,top_k_review,,,,0.25,weakness closing prompt 3,10,1,0.5,10351,6297.0,6297.0,494,0.250126582278481,0,0,605,423,1028,6.0,,,,,,,,,Manual-review cost changes with review_cost; binary cost is diagnostic only.,False,6.025,6.0
heloc,locked_test,HELOC capacity SCRE top25,SCRE-Optimized ranking,top_k_review,,,,0.25,weakness closing prompt 3,10,1,1.0,10351,6544.0,6544.0,494,0.250126582278481,0,0,605,423,1028,6.0,,,,,,,,,Manual-review cost changes with review_cost; binary cost is diagnostic only.,False,6.025,6.0
heloc,locked_test,HELOC capacity SCRE top25,SCRE-Optimized ranking,top_k_review,,,,0.25,weakness closing prompt 3,10,1,2.0,10351,7038.0,7038.0,494,0.250126582278481,0,0,605,423,1028,6.0,,,,,,,,,Manual-review cost changes with review_cost; binary cost is diagnostic only.,False,6.025,6.0
heloc,locked_test,HELOC capacity SCRE top25,SCRE-Optimized ranking,top_k_review,,,,0.25,weakness closing prompt 3,10,2,0.1,10422,6099.4,6099.4,494,0.250126582278481,0,0,605,423,1028,6.0,,,,,,,,,Manual-review cost changes with review_cost; binary cost is diagnostic only.,False,6.025,6.0
heloc,locked_test,HELOC capacity SCRE top25,SCRE-Optimized ranking,top_k_review,,,,0.25,weakness closing prompt 3,10,2,0.25,10422,6173.5,6173.5,494,0.250126582278481,0,0,605,423,1028,6.0,,,,,,,,,Manual-review cost changes with review_cost; binary cost is diagnostic only.,False,6.025,6.0
heloc,locked_test,HELOC capacity SCRE top25,SCRE-Optimized ranking,top_k_review,,,,0.25,weakness closing prompt 3,10,2,0.5,10422,6297.0,6297.0,494,0.250126582278481,0,0,605,423,1028,6.0,,,,,,,,,Manual-review cost changes with review_cost; binary cost is diagnostic only.,False,6.025,6.0
heloc,locked_test,HELOC capacity SCRE top25,SCRE-Optimized ranking,top_k_review,,,,0.25,weakness closing prompt 3,10,2,1.0,10422,6544.0,6544.0,494,0.250126582278481,0,0,605,423,1028,6.0,,,,,,,,,Manual-review cost changes with review_cost; binary cost is diagnostic only.,False,6.025,6.0
heloc,locked_test,HELOC capacity SCRE top25,SCRE-Optimized ranking,top_k_review,,,,0.25,weakness closing prompt 3,10,2,2.0,10422,7038.0,7038.0,494,0.250126582278481,0,0,605,423,1028,6.0,,,,,,,,,Manual-review cost changes with review_cost; binary cost is diagnostic only.,False,6.025,6.0
heloc,locked_test,HELOC capacity SCRE top25,SCRE-Optimized ranking,top_k_review,,,,0.25,weakness closing prompt 3,10,3,0.1,10493,6099.4,6099.4,494,0.250126582278481,0,0,605,423,1028,6.0,,,,,,,,,Manual-review cost changes with review_cost; binary cost is diagnostic only.,False,6.025,6.0
heloc,locked_test,HELOC capacity SCRE top25,SCRE-Optimized ranking,top_k_review,,,,0.25,weakness closing prompt 3,10,3,0.25,10493,6173.5,6173.5,494,0.250126582278481,0,0,605,423,1028,6.0,,,,,,,,,Manual-review cost changes with review_cost; binary cost is diagnostic only.,False,6.025,6.0
heloc,locked_test,HELOC capacity SCRE top25,SCRE-Optimized ranking,top_k_review,,,,0.25,weakness closing prompt 3,10,3,0.5,10493,6297.0,6297.0,494,0.250126582278481,0,0,605,423,1028,6.0,,,,,,,,,Manual-review cost changes with review_cost; binary cost is diagnostic only.,False,6.025,6.0
heloc,locked_test,HELOC capacity SCRE top25,SCRE-Optimized ranking,top_k_review,,,,0.25,weakness closing prompt 3,10,3,1.0,10493,6544.0,6544.0,494,0.250126582278481,0,0,605,423,1028,6.0,,,,,,,,,Manual-review cost changes with review_cost; binary cost is diagnostic only.,False,6.025,6.0
heloc,locked_test,HELOC capacity SCRE top25,SCRE-Optimized ranking,top_k_review,,,,0.25,weakness closing prompt 3,10,3,2.0,10493,7038.0,7038.0,494,0.250126582278481,0,0,605,423,1028,6.0,,,,,,,,,Manual-review cost changes with review_cost; binary cost is diagnostic only.,False,6.025,6.0
heloc,validation,SCRE-Optimized ranking threshold 0.50,SCRE-Optimized ranking,threshold_only,0.5,,,,ranking benchmark,2,1,0.1,681,681.0,681.0,0,0.0,361,867,160,0,1027,2.0,,,,,,,,,Threshold-only policy; review cost does not affect cost.,False,1.8,2.0
heloc,validation,SCRE-Optimized ranking threshold 0.50,SCRE-Optimized ranking,threshold_only,0.5,,,,ranking benchmark,2,1,0.25,681,681.0,681.0,0,0.0,361,867,160,0,1027,2.0,,,,,,,,,Threshold-only policy; review cost does not affect cost.,False,1.8,2.0
heloc,validation,SCRE-Optimized ranking threshold 0.50,SCRE-Optimized ranking,threshold_only,0.5,,,,ranking benchmark,2,1,0.5,681,681.0,681.0,0,0.0,361,867,160,0,1027,1.0,,,,,,,,,Threshold-only policy; review cost does not affect cost.,False,1.8,2.0
heloc,validation,SCRE-Optimized ranking threshold 0.50,SCRE-Optimized ranking,threshold_only,0.5,,,,ranking benchmark,2,1,1.0,681,681.0,681.0,0,0.0,361,867,160,0,1027,1.0,,,,,,,,,Threshold-only policy; review cost does not affect cost.,False,1.8,2.0
heloc,validation,SCRE-Optimized ranking threshold 0.50,SCRE-Optimized ranking,threshold_only,0.5,,,,ranking benchmark,2,1,2.0,681,681.0,681.0,0,0.0,361,867,160,0,1027,1.0,,,,,,,,,Threshold-only policy; review cost does not affect cost.,False,1.8,2.0
heloc,validation,SCRE-Optimized ranking threshold 0.50,SCRE-Optimized ranking,threshold_only,0.5,,,,ranking benchmark,3,1,0.1,841,841.0,841.0,0,0.0,361,867,160,0,1027,2.0,,,,,,,,,Threshold-only policy; review cost does not affect cost.,False,1.8,2.0
heloc,validation,SCRE-Optimized ranking threshold 0.50,SCRE-Optimized ranking,threshold_only,0.5,,,,ranking benchmark,3,1,0.25,841,841.0,841.0,0,0.0,361,867,160,0,1027,2.0,,,,,,,,,Threshold-only policy; review cost does not affect cost.,False,1.8,2.0
heloc,validation,SCRE-Optimized ranking threshold 0.50,SCRE-Optimized ranking,threshold_only,0.5,,,,ranking benchmark,3,1,0.5,841,841.0,841.0,0,0.0,361,867,160,0,1027,2.0,,,,,,,,,Threshold-only policy; review cost does not affect cost.,False,1.8,2.0
heloc,validation,SCRE-Optimized ranking threshold 0.50,SCRE-Optimized ranking,threshold_only,0.5,,,,ranking benchmark,3,1,1.0,841,841.0,841.0,0,0.0,361,867,160,0,1027,1.0,,,,,,,,,Threshold-only policy; review cost does not affect cost.,False,1.8,2.0
heloc,validation,SCRE-Optimized ranking threshold 0.50,SCRE-Optimized ranking,threshold_only,0.5,,,,ranking benchmark,3,1,2.0,841,841.0,841.0,0,0.0,361,867,160,0,1027,1.0,,,,,,,,,Threshold-only policy; review cost does not affect cost.,False,1.8,2.0
heloc,validation,SCRE-Optimized ranking threshold 0.50,SCRE-Optimized ranking,threshold_only,0.5,,,,ranking benchmark,5,1,0.1,1161,1161.0,1161.0,0,0.0,361,867,160,0,1027,2.0,,,,,,,,,Threshold-only policy; review cost does not affect cost.,False,1.8,2.0
heloc,validation,SCRE-Optimized ranking threshold 0.50,SCRE-Optimized ranking,threshold_only,0.5,,,,ranking benchmark,5,1,0.25,1161,1161.0,1161.0,0,0.0,361,867,160,0,1027,2.0,,,,,,,,,Threshold-only policy; review cost does not affect cost.,False,1.8,2.0
heloc,validation,SCRE-Optimized ranking threshold 0.50,SCRE-Optimized ranking,threshold_only,0.5,,,,ranking benchmark,5,1,0.5,1161,1161.0,1161.0,0,0.0,361,867,160,0,1027,2.0,,,,,,,,,Threshold-only policy; review cost does not affect cost.,False,1.8,2.0
heloc,validation,SCRE-Optimized ranking threshold 0.50,SCRE-Optimized ranking,threshold_only,0.5,,,,ranking benchmark,5,1,1.0,1161,1161.0,1161.0,0,0.0,361,867,160,0,1027,2.0,,,,,,,,,Threshold-only policy; review cost does not affect cost.,False,1.8,2.0
heloc,validation,SCRE-Optimized ranking threshold 0.50,SCRE-Optimized ranking,threshold_only,0.5,,,,ranking benchmark,5,1,2.0,1161,1161.0,1161.0,0,0.0,361,867,160,0,1027,1.0,,,,,,,,,Threshold-only policy; review cost does not affect cost.,False,1.8,2.0
heloc,validation,SCRE-Optimized ranking threshold 0.50,SCRE-Optimized ranking,threshold_only,0.5,,,,ranking benchmark,5,2,0.1,1522,1522.0,1522.0,0,0.0,361,867,160,0,1027,2.0,,,,,,,,,Threshold-only policy; review cost does not affect cost.,False,1.8,2.0
heloc,validation,SCRE-Optimized ranking threshold 0.50,SCRE-Optimized ranking,threshold_only,0.5,,,,ranking benchmark,5,2,0.25,1522,1522.0,1522.0,0,0.0,361,867,160,0,1027,2.0,,,,,,,,,Threshold-only policy; review cost does not affect cost.,False,1.8,2.0
heloc,validation,SCRE-Optimized ranking threshold 0.50,SCRE-Optimized ranking,threshold_only,0.5,,,,ranking benchmark,5,2,0.5,1522,1522.0,1522.0,0,0.0,361,867,160,0,1027,2.0,,,,,,,,,Threshold-only policy; review cost does not affect cost.,False,1.8,2.0
heloc,validation,SCRE-Optimized ranking threshold 0.50,SCRE-Optimized ranking,threshold_only,0.5,,,,ranking benchmark,5,2,1.0,1522,1522.0,1522.0,0,0.0,361,867,160,0,1027,2.0,,,,,,,,,Threshold-only policy; review cost does not affect cost.,False,1.8,2.0
heloc,validation,SCRE-Optimized ranking threshold 0.50,SCRE-Optimized ranking,threshold_only,0.5,,,,ranking benchmark,5,2,2.0,1522,1522.0,1522.0,0,0.0,361,867,160,0,1027,1.0,,,,,,,,,Threshold-only policy; review cost does not affect cost.,False,1.8,2.0
heloc,validation,SCRE-Optimized ranking threshold 0.50,SCRE-Optimized ranking,threshold_only,0.5,,,,ranking benchmark,5,3,0.1,1883,1883.0,1883.0,0,0.0,361,867,160,0,1027,2.0,,,,,,,,,Threshold-only policy; review cost does not affect cost.,False,1.8,2.0
heloc,validation,SCRE-Optimized ranking threshold 0.50,SCRE-Optimized ranking,threshold_only,0.5,,,,ranking benchmark,5,3,0.25,1883,1883.0,1883.0,0,0.0,361,867,160,0,1027,2.0,,,,,,,,,Threshold-only policy; review cost does not affect cost.,False,1.8,2.0
heloc,validation,SCRE-Optimized ranking threshold 0.50,SCRE-Optimized ranking,threshold_only,0.5,,,,ranking benchmark,5,3,0.5,1883,1883.0,1883.0,0,0.0,361,867,160,0,1027,2.0,,,,,,,,,Threshold-only policy; review cost does not affect cost.,False,1.8,2.0
heloc,validation,SCRE-Optimized ranking threshold 0.50,SCRE-Optimized ranking,threshold_only,0.5,,,,ranking benchmark,5,3,1.0,1883,1883.0,1883.0,0,0.0,361,867,160,0,1027,2.0,,,,,,,,,Threshold-only policy; review cost does not affect cost.,False,1.8,2.0
heloc,validation,SCRE-Optimized ranking threshold 0.50,SCRE-Optimized ranking,threshold_only,0.5,,,,ranking benchmark,5,3,2.0,1883,1883.0,1883.0,0,0.0,361,867,160,0,1027,1.0,,,,,,,,,Threshold-only policy; review cost does not affect cost.,False,1.8,2.0
heloc,validation,SCRE-Optimized ranking threshold 0.50,SCRE-Optimized ranking,threshold_only,0.5,,,,ranking benchmark,10,1,0.1,1961,1961.0,1961.0,0,0.0,361,867,160,0,1027,2.0,,,,,,,,,Threshold-only policy; review cost does not affect cost.,False,1.8,2.0
heloc,validation,SCRE-Optimized ranking threshold 0.50,SCRE-Optimized ranking,threshold_only,0.5,,,,ranking benchmark,10,1,0.25,1961,1961.0,1961.0,0,0.0,361,867,160,0,1027,2.0,,,,,,,,,Threshold-only policy; review cost does not affect cost.,False,1.8,2.0
heloc,validation,SCRE-Optimized ranking threshold 0.50,SCRE-Optimized ranking,threshold_only,0.5,,,,ranking benchmark,10,1,0.5,1961,1961.0,1961.0,0,0.0,361,867,160,0,1027,2.0,,,,,,,,,Threshold-only policy; review cost does not affect cost.,False,1.8,2.0
heloc,validation,SCRE-Optimized ranking threshold 0.50,SCRE-Optimized ranking,threshold_only,0.5,,,,ranking benchmark,10,1,1.0,1961,1961.0,1961.0,0,0.0,361,867,160,0,1027,2.0,,,,,,,,,Threshold-only policy; review cost does not affect cost.,False,1.8,2.0
heloc,validation,SCRE-Optimized ranking threshold 0.50,SCRE-Optimized ranking,threshold_only,0.5,,,,ranking benchmark,10,1,2.0,1961,1961.0,1961.0,0,0.0,361,867,160,0,1027,2.0,,,,,,,,,Threshold-only policy; review cost does not affect cost.,False,1.8,2.0
heloc,validation,SCRE-Optimized ranking threshold 0.50,SCRE-Optimized ranking,threshold_only,0.5,,,,ranking benchmark,10,2,0.1,2322,2322.0,2322.0,0,0.0,361,867,160,0,1027,2.0,,,,,,,,,Threshold-only policy; review cost does not affect cost.,False,1.8,2.0
heloc,validation,SCRE-Optimized ranking threshold 0.50,SCRE-Optimized ranking,threshold_only,0.5,,,,ranking benchmark,10,2,0.25,2322,2322.0,2322.0,0,0.0,361,867,160,0,1027,2.0,,,,,,,,,Threshold-only policy; review cost does not affect cost.,False,1.8,2.0
heloc,validation,SCRE-Optimized ranking threshold 0.50,SCRE-Optimized ranking,threshold_only,0.5,,,,ranking benchmark,10,2,0.5,2322,2322.0,2322.0,0,0.0,361,867,160,0,1027,2.0,,,,,,,,,Threshold-only policy; review cost does not affect cost.,False,1.8,2.0
heloc,validation,SCRE-Optimized ranking threshold 0.50,SCRE-Optimized ranking,threshold_only,0.5,,,,ranking benchmark,10,2,1.0,2322,2322.0,2322.0,0,0.0,361,867,160,0,1027,2.0,,,,,,,,,Threshold-only policy; review cost does not affect cost.,False,1.8,2.0
heloc,validation,SCRE-Optimized ranking threshold 0.50,SCRE-Optimized ranking,threshold_only,0.5,,,,ranking benchmark,10,2,2.0,2322,2322.0,2322.0,0,0.0,361,867,160,0,1027,2.0,,,,,,,,,Threshold-only policy; review cost does not affect cost.,False,1.8,2.0
heloc,validation,SCRE-Optimized ranking threshold 0.50,SCRE-Optimized ranking,threshold_only,0.5,,,,ranking benchmark,10,3,0.1,2683,2683.0,2683.0,0,0.0,361,867,160,0,1027,2.0,,,,,,,,,Threshold-only policy; review cost does not affect cost.,False,1.8,2.0
heloc,validation,SCRE-Optimized ranking threshold 0.50,SCRE-Optimized ranking,threshold_only,0.5,,,,ranking benchmark,10,3,0.25,2683,2683.0,2683.0,0,0.0,361,867,160,0,1027,2.0,,,,,,,,,Threshold-only policy; review cost does not affect cost.,False,1.8,2.0
heloc,validation,SCRE-Optimized ranking threshold 0.50,SCRE-Optimized ranking,threshold_only,0.5,,,,ranking benchmark,10,3,0.5,2683,2683.0,2683.0,0,0.0,361,867,160,0,1027,2.0,,,,,,,,,Threshold-only policy; review cost does not affect cost.,False,1.8,2.0
heloc,validation,SCRE-Optimized ranking threshold 0.50,SCRE-Optimized ranking,threshold_only,0.5,,,,ranking benchmark,10,3,1.0,2683,2683.0,2683.0,0,0.0,361,867,160,0,1027,2.0,,,,,,,,,Threshold-only policy; review cost does not affect cost.,False,1.8,2.0
heloc,validation,SCRE-Optimized ranking threshold 0.50,SCRE-Optimized ranking,threshold_only,0.5,,,,ranking benchmark,10,3,2.0,2683,2683.0,2683.0,0,0.0,361,867,160,0,1027,2.0,,,,,,,,,Threshold-only policy; review cost does not affect cost.,False,1.8,2.0
heloc,locked_test,SCRE-Optimized ranking threshold 0.50,SCRE-Optimized ranking,threshold_only,0.5,,,,ranking benchmark,2,1,0.1,685,685.0,685.0,0,0.0,387,879,149,0,1028,2.0,,,,,,,,,Threshold-only policy; review cost does not affect cost.,False,1.8,2.0
heloc,locked_test,SCRE-Optimized ranking threshold 0.50,SCRE-Optimized ranking,threshold_only,0.5,,,,ranking benchmark,2,1,0.25,685,685.0,685.0,0,0.0,387,879,149,0,1028,2.0,,,,,,,,,Threshold-only policy; review cost does not affect cost.,False,1.8,2.0
heloc,locked_test,SCRE-Optimized ranking threshold 0.50,SCRE-Optimized ranking,threshold_only,0.5,,,,ranking benchmark,2,1,0.5,685,685.0,685.0,0,0.0,387,879,149,0,1028,1.0,,,,,,,,,Threshold-only policy; review cost does not affect cost.,False,1.8,2.0
heloc,locked_test,SCRE-Optimized ranking threshold 0.50,SCRE-Optimized ranking,threshold_only,0.5,,,,ranking benchmark,2,1,1.0,685,685.0,685.0,0,0.0,387,879,149,0,1028,1.0,,,,,,,,,Threshold-only policy; review cost does not affect cost.,False,1.8,2.0
heloc,locked_test,SCRE-Optimized ranking threshold 0.50,SCRE-Optimized ranking,threshold_only,0.5,,,,ranking benchmark,2,1,2.0,685,685.0,685.0,0,0.0,387,879,149,0,1028,1.0,,,,,,,,,Threshold-only policy; review cost does not affect cost.,False,1.8,2.0
heloc,locked_test,SCRE-Optimized ranking threshold 0.50,SCRE-Optimized ranking,threshold_only,0.5,,,,ranking benchmark,3,1,0.1,834,834.0,834.0,0,0.0,387,879,149,0,1028,2.0,,,,,,,,,Threshold-only policy; review cost does not affect cost.,False,1.8,2.0
heloc,locked_test,SCRE-Optimized ranking threshold 0.50,SCRE-Optimized ranking,threshold_only,0.5,,,,ranking benchmark,3,1,0.25,834,834.0,834.0,0,0.0,387,879,149,0,1028,2.0,,,,,,,,,Threshold-only policy; review cost does not affect cost.,False,1.8,2.0
heloc,locked_test,SCRE-Optimized ranking threshold 0.50,SCRE-Optimized ranking,threshold_only,0.5,,,,ranking benchmark,3,1,0.5,834,834.0,834.0,0,0.0,387,879,149,0,1028,2.0,,,,,,,,,Threshold-only policy; review cost does not affect cost.,False,1.8,2.0
heloc,locked_test,SCRE-Optimized ranking threshold 0.50,SCRE-Optimized ranking,threshold_only,0.5,,,,ranking benchmark,3,1,1.0,834,834.0,834.0,0,0.0,387,879,149,0,1028,1.0,,,,,,,,,Threshold-only policy; review cost does not affect cost.,False,1.8,2.0
heloc,locked_test,SCRE-Optimized ranking threshold 0.50,SCRE-Optimized ranking,threshold_only,0.5,,,,ranking benchmark,3,1,2.0,834,834.0,834.0,0,0.0,387,879,149,0,1028,1.0,,,,,,,,,Threshold-only policy; review cost does not affect cost.,False,1.8,2.0
heloc,locked_test,SCRE-Optimized ranking threshold 0.50,SCRE-Optimized ranking,threshold_only,0.5,,,,ranking benchmark,5,1,0.1,1132,1132.0,1132.0,0,0.0,387,879,149,0,1028,2.0,,,,,,,,,Threshold-only policy; review cost does not affect cost.,False,1.8,2.0
heloc,locked_test,SCRE-Optimized ranking threshold 0.50,SCRE-Optimized ranking,threshold_only,0.5,,,,ranking benchmark,5,1,0.25,1132,1132.0,1132.0,0,0.0,387,879,149,0,1028,2.0,,,,,,,,,Threshold-only policy; review cost does not affect cost.,False,1.8,2.0
heloc,locked_test,SCRE-Optimized ranking threshold 0.50,SCRE-Optimized ranking,threshold_only,0.5,,,,ranking benchmark,5,1,0.5,1132,1132.0,1132.0,0,0.0,387,879,149,0,1028,2.0,,,,,,,,,Threshold-only policy; review cost does not affect cost.,False,1.8,2.0
heloc,locked_test,SCRE-Optimized ranking threshold 0.50,SCRE-Optimized ranking,threshold_only,0.5,,,,ranking benchmark,5,1,1.0,1132,1132.0,1132.0,0,0.0,387,879,149,0,1028,2.0,,,,,,,,,Threshold-only policy; review cost does not affect cost.,False,1.8,2.0
heloc,locked_test,SCRE-Optimized ranking threshold 0.50,SCRE-Optimized ranking,threshold_only,0.5,,,,ranking benchmark,5,1,2.0,1132,1132.0,1132.0,0,0.0,387,879,149,0,1028,1.0,,,,,,,,,Threshold-only policy; review cost does not affect cost.,False,1.8,2.0
heloc,locked_test,SCRE-Optimized ranking threshold 0.50,SCRE-Optimized ranking,threshold_only,0.5,,,,ranking benchmark,5,2,0.1,1519,1519.0,1519.0,0,0.0,387,879,149,0,1028,2.0,,,,,,,,,Threshold-only policy; review cost does not affect cost.,False,1.8,2.0
heloc,locked_test,SCRE-Optimized ranking threshold 0.50,SCRE-Optimized ranking,threshold_only,0.5,,,,ranking benchmark,5,2,0.25,1519,1519.0,1519.0,0,0.0,387,879,149,0,1028,2.0,,,,,,,,,Threshold-only policy; review cost does not affect cost.,False,1.8,2.0
heloc,locked_test,SCRE-Optimized ranking threshold 0.50,SCRE-Optimized ranking,threshold_only,0.5,,,,ranking benchmark,5,2,0.5,1519,1519.0,1519.0,0,0.0,387,879,149,0,1028,2.0,,,,,,,,,Threshold-only policy; review cost does not affect cost.,False,1.8,2.0
heloc,locked_test,SCRE-Optimized ranking threshold 0.50,SCRE-Optimized ranking,threshold_only,0.5,,,,ranking benchmark,5,2,1.0,1519,1519.0,1519.0,0,0.0,387,879,149,0,1028,2.0,,,,,,,,,Threshold-only policy; review cost does not affect cost.,False,1.8,2.0
heloc,locked_test,SCRE-Optimized ranking threshold 0.50,SCRE-Optimized ranking,threshold_only,0.5,,,,ranking benchmark,5,2,2.0,1519,1519.0,1519.0,0,0.0,387,879,149,0,1028,1.0,,,,,,,,,Threshold-only policy; review cost does not affect cost.,False,1.8,2.0
heloc,locked_test,SCRE-Optimized ranking threshold 0.50,SCRE-Optimized ranking,threshold_only,0.5,,,,ranking benchmark,5,3,0.1,1906,1906.0,1906.0,0,0.0,387,879,149,0,1028,2.0,,,,,,,,,Threshold-only policy; review cost does not affect cost.,False,1.8,2.0
heloc,locked_test,SCRE-Optimized ranking threshold 0.50,SCRE-Optimized ranking,threshold_only,0.5,,,,ranking benchmark,5,3,0.25,1906,1906.0,1906.0,0,0.0,387,879,149,0,1028,2.0,,,,,,,,,Threshold-only policy; review cost does not affect cost.,False,1.8,2.0
heloc,locked_test,SCRE-Optimized ranking threshold 0.50,SCRE-Optimized ranking,threshold_only,0.5,,,,ranking benchmark,5,3,0.5,1906,1906.0,1906.0,0,0.0,387,879,149,0,1028,2.0,,,,,,,,,Threshold-only policy; review cost does not affect cost.,False,1.8,2.0
heloc,locked_test,SCRE-Optimized ranking threshold 0.50,SCRE-Optimized ranking,threshold_only,0.5,,,,ranking benchmark,5,3,1.0,1906,1906.0,1906.0,0,0.0,387,879,149,0,1028,2.0,,,,,,,,,Threshold-only policy; review cost does not affect cost.,False,1.8,2.0
heloc,locked_test,SCRE-Optimized ranking threshold 0.50,SCRE-Optimized ranking,threshold_only,0.5,,,,ranking benchmark,5,3,2.0,1906,1906.0,1906.0,0,0.0,387,879,149,0,1028,1.0,,,,,,,,,Threshold-only policy; review cost does not affect cost.,False,1.8,2.0
heloc,locked_test,SCRE-Optimized ranking threshold 0.50,SCRE-Optimized ranking,threshold_only,0.5,,,,ranking benchmark,10,1,0.1,1877,1877.0,1877.0,0,0.0,387,879,149,0,1028,2.0,,,,,,,,,Threshold-only policy; review cost does not affect cost.,False,1.8,2.0
heloc,locked_test,SCRE-Optimized ranking threshold 0.50,SCRE-Optimized ranking,threshold_only,0.5,,,,ranking benchmark,10,1,0.25,1877,1877.0,1877.0,0,0.0,387,879,149,0,1028,2.0,,,,,,,,,Threshold-only policy; review cost does not affect cost.,False,1.8,2.0
heloc,locked_test,SCRE-Optimized ranking threshold 0.50,SCRE-Optimized ranking,threshold_only,0.5,,,,ranking benchmark,10,1,0.5,1877,1877.0,1877.0,0,0.0,387,879,149,0,1028,2.0,,,,,,,,,Threshold-only policy; review cost does not affect cost.,False,1.8,2.0
heloc,locked_test,SCRE-Optimized ranking threshold 0.50,SCRE-Optimized ranking,threshold_only,0.5,,,,ranking benchmark,10,1,1.0,1877,1877.0,1877.0,0,0.0,387,879,149,0,1028,2.0,,,,,,,,,Threshold-only policy; review cost does not affect cost.,False,1.8,2.0
heloc,locked_test,SCRE-Optimized ranking threshold 0.50,SCRE-Optimized ranking,threshold_only,0.5,,,,ranking benchmark,10,1,2.0,1877,1877.0,1877.0,0,0.0,387,879,149,0,1028,2.0,,,,,,,,,Threshold-only policy; review cost does not affect cost.,False,1.8,2.0
heloc,locked_test,SCRE-Optimized ranking threshold 0.50,SCRE-Optimized ranking,threshold_only,0.5,,,,ranking benchmark,10,2,0.1,2264,2264.0,2264.0,0,0.0,387,879,149,0,1028,2.0,,,,,,,,,Threshold-only policy; review cost does not affect cost.,False,1.8,2.0
heloc,locked_test,SCRE-Optimized ranking threshold 0.50,SCRE-Optimized ranking,threshold_only,0.5,,,,ranking benchmark,10,2,0.25,2264,2264.0,2264.0,0,0.0,387,879,149,0,1028,2.0,,,,,,,,,Threshold-only policy; review cost does not affect cost.,False,1.8,2.0
heloc,locked_test,SCRE-Optimized ranking threshold 0.50,SCRE-Optimized ranking,threshold_only,0.5,,,,ranking benchmark,10,2,0.5,2264,2264.0,2264.0,0,0.0,387,879,149,0,1028,2.0,,,,,,,,,Threshold-only policy; review cost does not affect cost.,False,1.8,2.0
heloc,locked_test,SCRE-Optimized ranking threshold 0.50,SCRE-Optimized ranking,threshold_only,0.5,,,,ranking benchmark,10,2,1.0,2264,2264.0,2264.0,0,0.0,387,879,149,0,1028,2.0,,,,,,,,,Threshold-only policy; review cost does not affect cost.,False,1.8,2.0
heloc,locked_test,SCRE-Optimized ranking threshold 0.50,SCRE-Optimized ranking,threshold_only,0.5,,,,ranking benchmark,10,2,2.0,2264,2264.0,2264.0,0,0.0,387,879,149,0,1028,2.0,,,,,,,,,Threshold-only policy; review cost does not affect cost.,False,1.8,2.0
heloc,locked_test,SCRE-Optimized ranking threshold 0.50,SCRE-Optimized ranking,threshold_only,0.5,,,,ranking benchmark,10,3,0.1,2651,2651.0,2651.0,0,0.0,387,879,149,0,1028,2.0,,,,,,,,,Threshold-only policy; review cost does not affect cost.,False,1.8,2.0
heloc,locked_test,SCRE-Optimized ranking threshold 0.50,SCRE-Optimized ranking,threshold_only,0.5,,,,ranking benchmark,10,3,0.25,2651,2651.0,2651.0,0,0.0,387,879,149,0,1028,2.0,,,,,,,,,Threshold-only policy; review cost does not affect cost.,False,1.8,2.0
heloc,locked_test,SCRE-Optimized ranking threshold 0.50,SCRE-Optimized ranking,threshold_only,0.5,,,,ranking benchmark,10,3,0.5,2651,2651.0,2651.0,0,0.0,387,879,149,0,1028,2.0,,,,,,,,,Threshold-only policy; review cost does not affect cost.,False,1.8,2.0
heloc,locked_test,SCRE-Optimized ranking threshold 0.50,SCRE-Optimized ranking,threshold_only,0.5,,,,ranking benchmark,10,3,1.0,2651,2651.0,2651.0,0,0.0,387,879,149,0,1028,2.0,,,,,,,,,Threshold-only policy; review cost does not affect cost.,False,1.8,2.0
heloc,locked_test,SCRE-Optimized ranking threshold 0.50,SCRE-Optimized ranking,threshold_only,0.5,,,,ranking benchmark,10,3,2.0,2651,2651.0,2651.0,0,0.0,387,879,149,0,1028,2.0,,,,,,,,,Threshold-only policy; review cost does not affect cost.,False,1.8,2.0
heloc,validation,Scorecard benchmark threshold 0.50,scorecard_sigmoid,threshold_only,0.5,,,,benchmark,2,1,0.1,776,776.0,776.0,0,0.0,272,775,252,0,1027,5.0,,,,,,,,,Threshold-only policy; review cost does not affect cost.,False,4.85,5.0
heloc,validation,Scorecard benchmark threshold 0.50,scorecard_sigmoid,threshold_only,0.5,,,,benchmark,2,1,0.25,776,776.0,776.0,0,0.0,272,775,252,0,1027,5.0,,,,,,,,,Threshold-only policy; review cost does not affect cost.,False,4.85,5.0
heloc,validation,Scorecard benchmark threshold 0.50,scorecard_sigmoid,threshold_only,0.5,,,,benchmark,2,1,0.5,776,776.0,776.0,0,0.0,272,775,252,0,1027,5.0,,,,,,,,,Threshold-only policy; review cost does not affect cost.,False,4.85,5.0
heloc,validation,Scorecard benchmark threshold 0.50,scorecard_sigmoid,threshold_only,0.5,,,,benchmark,2,1,1.0,776,776.0,776.0,0,0.0,272,775,252,0,1027,4.0,,,,,,,,,Threshold-only policy; review cost does not affect cost.,False,4.85,5.0
heloc,validation,Scorecard benchmark threshold 0.50,scorecard_sigmoid,threshold_only,0.5,,,,benchmark,2,1,2.0,776,776.0,776.0,0,0.0,272,775,252,0,1027,4.0,,,,,,,,,Threshold-only policy; review cost does not affect cost.,False,4.85,5.0
heloc,validation,Scorecard benchmark threshold 0.50,scorecard_sigmoid,threshold_only,0.5,,,,benchmark,3,1,0.1,1028,1028.0,1028.0,0,0.0,272,775,252,0,1027,5.0,,,,,,,,,Threshold-only policy; review cost does not affect cost.,False,4.85,5.0
heloc,validation,Scorecard benchmark threshold 0.50,scorecard_sigmoid,threshold_only,0.5,,,,benchmark,3,1,0.25,1028,1028.0,1028.0,0,0.0,272,775,252,0,1027,5.0,,,,,,,,,Threshold-only policy; review cost does not affect cost.,False,4.85,5.0
heloc,validation,Scorecard benchmark threshold 0.50,scorecard_sigmoid,threshold_only,0.5,,,,benchmark,3,1,0.5,1028,1028.0,1028.0,0,0.0,272,775,252,0,1027,5.0,,,,,,,,,Threshold-only policy; review cost does not affect cost.,False,4.85,5.0
heloc,validation,Scorecard benchmark threshold 0.50,scorecard_sigmoid,threshold_only,0.5,,,,benchmark,3,1,1.0,1028,1028.0,1028.0,0,0.0,272,775,252,0,1027,5.0,,,,,,,,,Threshold-only policy; review cost does not affect cost.,False,4.85,5.0
heloc,validation,Scorecard benchmark threshold 0.50,scorecard_sigmoid,threshold_only,0.5,,,,benchmark,3,1,2.0,1028,1028.0,1028.0,0,0.0,272,775,252,0,1027,4.0,,,,,,,,,Threshold-only policy; review cost does not affect cost.,False,4.85,5.0
heloc,validation,Scorecard benchmark threshold 0.50,scorecard_sigmoid,threshold_only,0.5,,,,benchmark,5,1,0.1,1532,1532.0,1532.0,0,0.0,272,775,252,0,1027,5.0,,,,,,,,,Threshold-only policy; review cost does not affect cost.,False,4.85,5.0
heloc,validation,Scorecard benchmark threshold 0.50,scorecard_sigmoid,threshold_only,0.5,,,,benchmark,5,1,0.25,1532,1532.0,1532.0,0,0.0,272,775,252,0,1027,5.0,,,,,,,,,Threshold-only policy; review cost does not affect cost.,False,4.85,5.0
heloc,validation,Scorecard benchmark threshold 0.50,scorecard_sigmoid,threshold_only,0.5,,,,benchmark,5,1,0.5,1532,1532.0,1532.0,0,0.0,272,775,252,0,1027,5.0,,,,,,,,,Threshold-only policy; review cost does not affect cost.,False,4.85,5.0
heloc,validation,Scorecard benchmark threshold 0.50,scorecard_sigmoid,threshold_only,0.5,,,,benchmark,5,1,1.0,1532,1532.0,1532.0,0,0.0,272,775,252,0,1027,5.0,,,,,,,,,Threshold-only policy; review cost does not affect cost.,False,4.85,5.0
heloc,validation,Scorecard benchmark threshold 0.50,scorecard_sigmoid,threshold_only,0.5,,,,benchmark,5,1,2.0,1532,1532.0,1532.0,0,0.0,272,775,252,0,1027,4.0,,,,,,,,,Threshold-only policy; review cost does not affect cost.,False,4.85,5.0
heloc,validation,Scorecard benchmark threshold 0.50,scorecard_sigmoid,threshold_only,0.5,,,,benchmark,5,2,0.1,1804,1804.0,1804.0,0,0.0,272,775,252,0,1027,5.0,,,,,,,,,Threshold-only policy; review cost does not affect cost.,False,4.85,5.0
heloc,validation,Scorecard benchmark threshold 0.50,scorecard_sigmoid,threshold_only,0.5,,,,benchmark,5,2,0.25,1804,1804.0,1804.0,0,0.0,272,775,252,0,1027,5.0,,,,,,,,,Threshold-only policy; review cost does not affect cost.,False,4.85,5.0
heloc,validation,Scorecard benchmark threshold 0.50,scorecard_sigmoid,threshold_only,0.5,,,,benchmark,5,2,0.5,1804,1804.0,1804.0,0,0.0,272,775,252,0,1027,5.0,,,,,,,,,Threshold-only policy; review cost does not affect cost.,False,4.85,5.0
heloc,validation,Scorecard benchmark threshold 0.50,scorecard_sigmoid,threshold_only,0.5,,,,benchmark,5,2,1.0,1804,1804.0,1804.0,0,0.0,272,775,252,0,1027,5.0,,,,,,,,,Threshold-only policy; review cost does not affect cost.,False,4.85,5.0
heloc,validation,Scorecard benchmark threshold 0.50,scorecard_sigmoid,threshold_only,0.5,,,,benchmark,5,2,2.0,1804,1804.0,1804.0,0,0.0,272,775,252,0,1027,4.0,,,,,,,,,Threshold-only policy; review cost does not affect cost.,False,4.85,5.0
heloc,validation,Scorecard benchmark threshold 0.50,scorecard_sigmoid,threshold_only,0.5,,,,benchmark,5,3,0.1,2076,2076.0,2076.0,0,0.0,272,775,252,0,1027,5.0,,,,,,,,,Threshold-only policy; review cost does not affect cost.,False,4.85,5.0
heloc,validation,Scorecard benchmark threshold 0.50,scorecard_sigmoid,threshold_only,0.5,,,,benchmark,5,3,0.25,2076,2076.0,2076.0,0,0.0,272,775,252,0,1027,5.0,,,,,,,,,Threshold-only policy; review cost does not affect cost.,False,4.85,5.0
heloc,validation,Scorecard benchmark threshold 0.50,scorecard_sigmoid,threshold_only,0.5,,,,benchmark,5,3,0.5,2076,2076.0,2076.0,0,0.0,272,775,252,0,1027,5.0,,,,,,,,,Threshold-only policy; review cost does not affect cost.,False,4.85,5.0
heloc,validation,Scorecard benchmark threshold 0.50,scorecard_sigmoid,threshold_only,0.5,,,,benchmark,5,3,1.0,2076,2076.0,2076.0,0,0.0,272,775,252,0,1027,5.0,,,,,,,,,Threshold-only policy; review cost does not affect cost.,False,4.85,5.0
heloc,validation,Scorecard benchmark threshold 0.50,scorecard_sigmoid,threshold_only,0.5,,,,benchmark,5,3,2.0,2076,2076.0,2076.0,0,0.0,272,775,252,0,1027,4.0,,,,,,,,,Threshold-only policy; review cost does not affect cost.,False,4.85,5.0
heloc,validation,Scorecard benchmark threshold 0.50,scorecard_sigmoid,threshold_only,0.5,,,,benchmark,10,1,0.1,2792,2792.0,2792.0,0,0.0,272,775,252,0,1027,5.0,,,,,,,,,Threshold-only policy; review cost does not affect cost.,False,4.85,5.0
heloc,validation,Scorecard benchmark threshold 0.50,scorecard_sigmoid,threshold_only,0.5,,,,benchmark,10,1,0.25,2792,2792.0,2792.0,0,0.0,272,775,252,0,1027,5.0,,,,,,,,,Threshold-only policy; review cost does not affect cost.,False,4.85,5.0
heloc,validation,Scorecard benchmark threshold 0.50,scorecard_sigmoid,threshold_only,0.5,,,,benchmark,10,1,0.5,2792,2792.0,2792.0,0,0.0,272,775,252,0,1027,5.0,,,,,,,,,Threshold-only policy; review cost does not affect cost.,False,4.85,5.0
heloc,validation,Scorecard benchmark threshold 0.50,scorecard_sigmoid,threshold_only,0.5,,,,benchmark,10,1,1.0,2792,2792.0,2792.0,0,0.0,272,775,252,0,1027,5.0,,,,,,,,,Threshold-only policy; review cost does not affect cost.,False,4.85,5.0
heloc,validation,Scorecard benchmark threshold 0.50,scorecard_sigmoid,threshold_only,0.5,,,,benchmark,10,1,2.0,2792,2792.0,2792.0,0,0.0,272,775,252,0,1027,5.0,,,,,,,,,Threshold-only policy; review cost does not affect cost.,False,4.85,5.0
heloc,validation,Scorecard benchmark threshold 0.50,scorecard_sigmoid,threshold_only,0.5,,,,benchmark,10,2,0.1,3064,3064.0,3064.0,0,0.0,272,775,252,0,1027,5.0,,,,,,,,,Threshold-only policy; review cost does not affect cost.,False,4.85,5.0
heloc,validation,Scorecard benchmark threshold 0.50,scorecard_sigmoid,threshold_only,0.5,,,,benchmark,10,2,0.25,3064,3064.0,3064.0,0,0.0,272,775,252,0,1027,5.0,,,,,,,,,Threshold-only policy; review cost does not affect cost.,False,4.85,5.0
heloc,validation,Scorecard benchmark threshold 0.50,scorecard_sigmoid,threshold_only,0.5,,,,benchmark,10,2,0.5,3064,3064.0,3064.0,0,0.0,272,775,252,0,1027,5.0,,,,,,,,,Threshold-only policy; review cost does not affect cost.,False,4.85,5.0
heloc,validation,Scorecard benchmark threshold 0.50,scorecard_sigmoid,threshold_only,0.5,,,,benchmark,10,2,1.0,3064,3064.0,3064.0,0,0.0,272,775,252,0,1027,5.0,,,,,,,,,Threshold-only policy; review cost does not affect cost.,False,4.85,5.0
heloc,validation,Scorecard benchmark threshold 0.50,scorecard_sigmoid,threshold_only,0.5,,,,benchmark,10,2,2.0,3064,3064.0,3064.0,0,0.0,272,775,252,0,1027,5.0,,,,,,,,,Threshold-only policy; review cost does not affect cost.,False,4.85,5.0
heloc,validation,Scorecard benchmark threshold 0.50,scorecard_sigmoid,threshold_only,0.5,,,,benchmark,10,3,0.1,3336,3336.0,3336.0,0,0.0,272,775,252,0,1027,5.0,,,,,,,,,Threshold-only policy; review cost does not affect cost.,False,4.85,5.0
heloc,validation,Scorecard benchmark threshold 0.50,scorecard_sigmoid,threshold_only,0.5,,,,benchmark,10,3,0.25,3336,3336.0,3336.0,0,0.0,272,775,252,0,1027,5.0,,,,,,,,,Threshold-only policy; review cost does not affect cost.,False,4.85,5.0
heloc,validation,Scorecard benchmark threshold 0.50,scorecard_sigmoid,threshold_only,0.5,,,,benchmark,10,3,0.5,3336,3336.0,3336.0,0,0.0,272,775,252,0,1027,5.0,,,,,,,,,Threshold-only policy; review cost does not affect cost.,False,4.85,5.0
heloc,validation,Scorecard benchmark threshold 0.50,scorecard_sigmoid,threshold_only,0.5,,,,benchmark,10,3,1.0,3336,3336.0,3336.0,0,0.0,272,775,252,0,1027,5.0,,,,,,,,,Threshold-only policy; review cost does not affect cost.,False,4.85,5.0
heloc,validation,Scorecard benchmark threshold 0.50,scorecard_sigmoid,threshold_only,0.5,,,,benchmark,10,3,2.0,3336,3336.0,3336.0,0,0.0,272,775,252,0,1027,5.0,,,,,,,,,Threshold-only policy; review cost does not affect cost.,False,4.85,5.0
heloc,locked_test,Scorecard benchmark threshold 0.50,scorecard_sigmoid,threshold_only,0.5,,,,benchmark,2,1,0.1,783,783.0,783.0,0,0.0,285,779,249,0,1028,5.0,,,,,,,,,Threshold-only policy; review cost does not affect cost.,False,4.85,5.0
heloc,locked_test,Scorecard benchmark threshold 0.50,scorecard_sigmoid,threshold_only,0.5,,,,benchmark,2,1,0.25,783,783.0,783.0,0,0.0,285,779,249,0,1028,5.0,,,,,,,,,Threshold-only policy; review cost does not affect cost.,False,4.85,5.0
heloc,locked_test,Scorecard benchmark threshold 0.50,scorecard_sigmoid,threshold_only,0.5,,,,benchmark,2,1,0.5,783,783.0,783.0,0,0.0,285,779,249,0,1028,5.0,,,,,,,,,Threshold-only policy; review cost does not affect cost.,False,4.85,5.0
heloc,locked_test,Scorecard benchmark threshold 0.50,scorecard_sigmoid,threshold_only,0.5,,,,benchmark,2,1,1.0,783,783.0,783.0,0,0.0,285,779,249,0,1028,4.0,,,,,,,,,Threshold-only policy; review cost does not affect cost.,False,4.85,5.0
heloc,locked_test,Scorecard benchmark threshold 0.50,scorecard_sigmoid,threshold_only,0.5,,,,benchmark,2,1,2.0,783,783.0,783.0,0,0.0,285,779,249,0,1028,4.0,,,,,,,,,Threshold-only policy; review cost does not affect cost.,False,4.85,5.0
heloc,locked_test,Scorecard benchmark threshold 0.50,scorecard_sigmoid,threshold_only,0.5,,,,benchmark,3,1,0.1,1032,1032.0,1032.0,0,0.0,285,779,249,0,1028,5.0,,,,,,,,,Threshold-only policy; review cost does not affect cost.,False,4.85,5.0
heloc,locked_test,Scorecard benchmark threshold 0.50,scorecard_sigmoid,threshold_only,0.5,,,,benchmark,3,1,0.25,1032,1032.0,1032.0,0,0.0,285,779,249,0,1028,5.0,,,,,,,,,Threshold-only policy; review cost does not affect cost.,False,4.85,5.0
heloc,locked_test,Scorecard benchmark threshold 0.50,scorecard_sigmoid,threshold_only,0.5,,,,benchmark,3,1,0.5,1032,1032.0,1032.0,0,0.0,285,779,249,0,1028,5.0,,,,,,,,,Threshold-only policy; review cost does not affect cost.,False,4.85,5.0
heloc,locked_test,Scorecard benchmark threshold 0.50,scorecard_sigmoid,threshold_only,0.5,,,,benchmark,3,1,1.0,1032,1032.0,1032.0,0,0.0,285,779,249,0,1028,5.0,,,,,,,,,Threshold-only policy; review cost does not affect cost.,False,4.85,5.0
heloc,locked_test,Scorecard benchmark threshold 0.50,scorecard_sigmoid,threshold_only,0.5,,,,benchmark,3,1,2.0,1032,1032.0,1032.0,0,0.0,285,779,249,0,1028,4.0,,,,,,,,,Threshold-only policy; review cost does not affect cost.,False,4.85,5.0
heloc,locked_test,Scorecard benchmark threshold 0.50,scorecard_sigmoid,threshold_only,0.5,,,,benchmark,5,1,0.1,1530,1530.0,1530.0,0,0.0,285,779,249,0,1028,5.0,,,,,,,,,Threshold-only policy; review cost does not affect cost.,False,4.85,5.0
heloc,locked_test,Scorecard benchmark threshold 0.50,scorecard_sigmoid,threshold_only,0.5,,,,benchmark,5,1,0.25,1530,1530.0,1530.0,0,0.0,285,779,249,0,1028,5.0,,,,,,,,,Threshold-only policy; review cost does not affect cost.,False,4.85,5.0
heloc,locked_test,Scorecard benchmark threshold 0.50,scorecard_sigmoid,threshold_only,0.5,,,,benchmark,5,1,0.5,1530,1530.0,1530.0,0,0.0,285,779,249,0,1028,5.0,,,,,,,,,Threshold-only policy; review cost does not affect cost.,False,4.85,5.0
heloc,locked_test,Scorecard benchmark threshold 0.50,scorecard_sigmoid,threshold_only,0.5,,,,benchmark,5,1,1.0,1530,1530.0,1530.0,0,0.0,285,779,249,0,1028,5.0,,,,,,,,,Threshold-only policy; review cost does not affect cost.,False,4.85,5.0
heloc,locked_test,Scorecard benchmark threshold 0.50,scorecard_sigmoid,threshold_only,0.5,,,,benchmark,5,1,2.0,1530,1530.0,1530.0,0,0.0,285,779,249,0,1028,4.0,,,,,,,,,Threshold-only policy; review cost does not affect cost.,False,4.85,5.0
heloc,locked_test,Scorecard benchmark threshold 0.50,scorecard_sigmoid,threshold_only,0.5,,,,benchmark,5,2,0.1,1815,1815.0,1815.0,0,0.0,285,779,249,0,1028,5.0,,,,,,,,,Threshold-only policy; review cost does not affect cost.,False,4.85,5.0
heloc,locked_test,Scorecard benchmark threshold 0.50,scorecard_sigmoid,threshold_only,0.5,,,,benchmark,5,2,0.25,1815,1815.0,1815.0,0,0.0,285,779,249,0,1028,5.0,,,,,,,,,Threshold-only policy; review cost does not affect cost.,False,4.85,5.0
heloc,locked_test,Scorecard benchmark threshold 0.50,scorecard_sigmoid,threshold_only,0.5,,,,benchmark,5,2,0.5,1815,1815.0,1815.0,0,0.0,285,779,249,0,1028,5.0,,,,,,,,,Threshold-only policy; review cost does not affect cost.,False,4.85,5.0
heloc,locked_test,Scorecard benchmark threshold 0.50,scorecard_sigmoid,threshold_only,0.5,,,,benchmark,5,2,1.0,1815,1815.0,1815.0,0,0.0,285,779,249,0,1028,5.0,,,,,,,,,Threshold-only policy; review cost does not affect cost.,False,4.85,5.0
heloc,locked_test,Scorecard benchmark threshold 0.50,scorecard_sigmoid,threshold_only,0.5,,,,benchmark,5,2,2.0,1815,1815.0,1815.0,0,0.0,285,779,249,0,1028,4.0,,,,,,,,,Threshold-only policy; review cost does not affect cost.,False,4.85,5.0
heloc,locked_test,Scorecard benchmark threshold 0.50,scorecard_sigmoid,threshold_only,0.5,,,,benchmark,5,3,0.1,2100,2100.0,2100.0,0,0.0,285,779,249,0,1028,5.0,,,,,,,,,Threshold-only policy; review cost does not affect cost.,False,4.85,5.0
heloc,locked_test,Scorecard benchmark threshold 0.50,scorecard_sigmoid,threshold_only,0.5,,,,benchmark,5,3,0.25,2100,2100.0,2100.0,0,0.0,285,779,249,0,1028,5.0,,,,,,,,,Threshold-only policy; review cost does not affect cost.,False,4.85,5.0
heloc,locked_test,Scorecard benchmark threshold 0.50,scorecard_sigmoid,threshold_only,0.5,,,,benchmark,5,3,0.5,2100,2100.0,2100.0,0,0.0,285,779,249,0,1028,5.0,,,,,,,,,Threshold-only policy; review cost does not affect cost.,False,4.85,5.0
heloc,locked_test,Scorecard benchmark threshold 0.50,scorecard_sigmoid,threshold_only,0.5,,,,benchmark,5,3,1.0,2100,2100.0,2100.0,0,0.0,285,779,249,0,1028,5.0,,,,,,,,,Threshold-only policy; review cost does not affect cost.,False,4.85,5.0
heloc,locked_test,Scorecard benchmark threshold 0.50,scorecard_sigmoid,threshold_only,0.5,,,,benchmark,5,3,2.0,2100,2100.0,2100.0,0,0.0,285,779,249,0,1028,4.0,,,,,,,,,Threshold-only policy; review cost does not affect cost.,False,4.85,5.0
heloc,locked_test,Scorecard benchmark threshold 0.50,scorecard_sigmoid,threshold_only,0.5,,,,benchmark,10,1,0.1,2775,2775.0,2775.0,0,0.0,285,779,249,0,1028,5.0,,,,,,,,,Threshold-only policy; review cost does not affect cost.,False,4.85,5.0
heloc,locked_test,Scorecard benchmark threshold 0.50,scorecard_sigmoid,threshold_only,0.5,,,,benchmark,10,1,0.25,2775,2775.0,2775.0,0,0.0,285,779,249,0,1028,5.0,,,,,,,,,Threshold-only policy; review cost does not affect cost.,False,4.85,5.0
heloc,locked_test,Scorecard benchmark threshold 0.50,scorecard_sigmoid,threshold_only,0.5,,,,benchmark,10,1,0.5,2775,2775.0,2775.0,0,0.0,285,779,249,0,1028,5.0,,,,,,,,,Threshold-only policy; review cost does not affect cost.,False,4.85,5.0
heloc,locked_test,Scorecard benchmark threshold 0.50,scorecard_sigmoid,threshold_only,0.5,,,,benchmark,10,1,1.0,2775,2775.0,2775.0,0,0.0,285,779,249,0,1028,5.0,,,,,,,,,Threshold-only policy; review cost does not affect cost.,False,4.85,5.0
heloc,locked_test,Scorecard benchmark threshold 0.50,scorecard_sigmoid,threshold_only,0.5,,,,benchmark,10,1,2.0,2775,2775.0,2775.0,0,0.0,285,779,249,0,1028,5.0,,,,,,,,,Threshold-only policy; review cost does not affect cost.,False,4.85,5.0
heloc,locked_test,Scorecard benchmark threshold 0.50,scorecard_sigmoid,threshold_only,0.5,,,,benchmark,10,2,0.1,3060,3060.0,3060.0,0,0.0,285,779,249,0,1028,5.0,,,,,,,,,Threshold-only policy; review cost does not affect cost.,False,4.85,5.0
heloc,locked_test,Scorecard benchmark threshold 0.50,scorecard_sigmoid,threshold_only,0.5,,,,benchmark,10,2,0.25,3060,3060.0,3060.0,0,0.0,285,779,249,0,1028,5.0,,,,,,,,,Threshold-only policy; review cost does not affect cost.,False,4.85,5.0
heloc,locked_test,Scorecard benchmark threshold 0.50,scorecard_sigmoid,threshold_only,0.5,,,,benchmark,10,2,0.5,3060,3060.0,3060.0,0,0.0,285,779,249,0,1028,5.0,,,,,,,,,Threshold-only policy; review cost does not affect cost.,False,4.85,5.0
heloc,locked_test,Scorecard benchmark threshold 0.50,scorecard_sigmoid,threshold_only,0.5,,,,benchmark,10,2,1.0,3060,3060.0,3060.0,0,0.0,285,779,249,0,1028,5.0,,,,,,,,,Threshold-only policy; review cost does not affect cost.,False,4.85,5.0
heloc,locked_test,Scorecard benchmark threshold 0.50,scorecard_sigmoid,threshold_only,0.5,,,,benchmark,10,2,2.0,3060,3060.0,3060.0,0,0.0,285,779,249,0,1028,5.0,,,,,,,,,Threshold-only policy; review cost does not affect cost.,False,4.85,5.0
heloc,locked_test,Scorecard benchmark threshold 0.50,scorecard_sigmoid,threshold_only,0.5,,,,benchmark,10,3,0.1,3345,3345.0,3345.0,0,0.0,285,779,249,0,1028,5.0,,,,,,,,,Threshold-only policy; review cost does not affect cost.,False,4.85,5.0
heloc,locked_test,Scorecard benchmark threshold 0.50,scorecard_sigmoid,threshold_only,0.5,,,,benchmark,10,3,0.25,3345,3345.0,3345.0,0,0.0,285,779,249,0,1028,5.0,,,,,,,,,Threshold-only policy; review cost does not affect cost.,False,4.85,5.0
heloc,locked_test,Scorecard benchmark threshold 0.50,scorecard_sigmoid,threshold_only,0.5,,,,benchmark,10,3,0.5,3345,3345.0,3345.0,0,0.0,285,779,249,0,1028,5.0,,,,,,,,,Threshold-only policy; review cost does not affect cost.,False,4.85,5.0
heloc,locked_test,Scorecard benchmark threshold 0.50,scorecard_sigmoid,threshold_only,0.5,,,,benchmark,10,3,1.0,3345,3345.0,3345.0,0,0.0,285,779,249,0,1028,5.0,,,,,,,,,Threshold-only policy; review cost does not affect cost.,False,4.85,5.0
heloc,locked_test,Scorecard benchmark threshold 0.50,scorecard_sigmoid,threshold_only,0.5,,,,benchmark,10,3,2.0,3345,3345.0,3345.0,0,0.0,285,779,249,0,1028,5.0,,,,,,,,,Threshold-only policy; review cost does not affect cost.,False,4.85,5.0
heloc,validation,CatBoost benchmark threshold 0.50,catboost_isotonic,threshold_only,0.5,,,,benchmark,2,1,0.1,759,759.0,759.0,0,0.0,275,785,242,0,1027,3.0,,,,,,,,,Threshold-only policy; review cost does not affect cost.,False,3.225,3.0
heloc,validation,CatBoost benchmark threshold 0.50,catboost_isotonic,threshold_only,0.5,,,,benchmark,2,1,0.25,759,759.0,759.0,0,0.0,275,785,242,0,1027,3.0,,,,,,,,,Threshold-only policy; review cost does not affect cost.,False,3.225,3.0
heloc,validation,CatBoost benchmark threshold 0.50,catboost_isotonic,threshold_only,0.5,,,,benchmark,2,1,0.5,759,759.0,759.0,0,0.0,275,785,242,0,1027,3.0,,,,,,,,,Threshold-only policy; review cost does not affect cost.,False,3.225,3.0
heloc,validation,CatBoost benchmark threshold 0.50,catboost_isotonic,threshold_only,0.5,,,,benchmark,2,1,1.0,759,759.0,759.0,0,0.0,275,785,242,0,1027,2.0,,,,,,,,,Threshold-only policy; review cost does not affect cost.,False,3.225,3.0
heloc,validation,CatBoost benchmark threshold 0.50,catboost_isotonic,threshold_only,0.5,,,,benchmark,2,1,2.0,759,759.0,759.0,0,0.0,275,785,242,0,1027,2.0,,,,,,,,,Threshold-only policy; review cost does not affect cost.,False,3.225,3.0
heloc,validation,CatBoost benchmark threshold 0.50,catboost_isotonic,threshold_only,0.5,,,,benchmark,3,1,0.1,1001,1001.0,1001.0,0,0.0,275,785,242,0,1027,3.0,,,,,,,,,Threshold-only policy; review cost does not affect cost.,False,3.225,3.0
heloc,validation,CatBoost benchmark threshold 0.50,catboost_isotonic,threshold_only,0.5,,,,benchmark,3,1,0.25,1001,1001.0,1001.0,0,0.0,275,785,242,0,1027,3.0,,,,,,,,,Threshold-only policy; review cost does not affect cost.,False,3.225,3.0
heloc,validation,CatBoost benchmark threshold 0.50,catboost_isotonic,threshold_only,0.5,,,,benchmark,3,1,0.5,1001,1001.0,1001.0,0,0.0,275,785,242,0,1027,3.0,,,,,,,,,Threshold-only policy; review cost does not affect cost.,False,3.225,3.0
heloc,validation,CatBoost benchmark threshold 0.50,catboost_isotonic,threshold_only,0.5,,,,benchmark,3,1,1.0,1001,1001.0,1001.0,0,0.0,275,785,242,0,1027,3.0,,,,,,,,,Threshold-only policy; review cost does not affect cost.,False,3.225,3.0
heloc,validation,CatBoost benchmark threshold 0.50,catboost_isotonic,threshold_only,0.5,,,,benchmark,3,1,2.0,1001,1001.0,1001.0,0,0.0,275,785,242,0,1027,2.0,,,,,,,,,Threshold-only policy; review cost does not affect cost.,False,3.225,3.0
heloc,validation,CatBoost benchmark threshold 0.50,catboost_isotonic,threshold_only,0.5,,,,benchmark,5,1,0.1,1485,1485.0,1485.0,0,0.0,275,785,242,0,1027,4.0,,,,,,,,,Threshold-only policy; review cost does not affect cost.,False,3.225,3.0
heloc,validation,CatBoost benchmark threshold 0.50,catboost_isotonic,threshold_only,0.5,,,,benchmark,5,1,0.25,1485,1485.0,1485.0,0,0.0,275,785,242,0,1027,4.0,,,,,,,,,Threshold-only policy; review cost does not affect cost.,False,3.225,3.0
heloc,validation,CatBoost benchmark threshold 0.50,catboost_isotonic,threshold_only,0.5,,,,benchmark,5,1,0.5,1485,1485.0,1485.0,0,0.0,275,785,242,0,1027,4.0,,,,,,,,,Threshold-only policy; review cost does not affect cost.,False,3.225,3.0
heloc,validation,CatBoost benchmark threshold 0.50,catboost_isotonic,threshold_only,0.5,,,,benchmark,5,1,1.0,1485,1485.0,1485.0,0,0.0,275,785,242,0,1027,4.0,,,,,,,,,Threshold-only policy; review cost does not affect cost.,False,3.225,3.0
heloc,validation,CatBoost benchmark threshold 0.50,catboost_isotonic,threshold_only,0.5,,,,benchmark,5,1,2.0,1485,1485.0,1485.0,0,0.0,275,785,242,0,1027,3.0,,,,,,,,,Threshold-only policy; review cost does not affect cost.,False,3.225,3.0
heloc,validation,CatBoost benchmark threshold 0.50,catboost_isotonic,threshold_only,0.5,,,,benchmark,5,2,0.1,1760,1760.0,1760.0,0,0.0,275,785,242,0,1027,3.0,,,,,,,,,Threshold-only policy; review cost does not affect cost.,False,3.225,3.0
heloc,validation,CatBoost benchmark threshold 0.50,catboost_isotonic,threshold_only,0.5,,,,benchmark,5,2,0.25,1760,1760.0,1760.0,0,0.0,275,785,242,0,1027,3.0,,,,,,,,,Threshold-only policy; review cost does not affect cost.,False,3.225,3.0
heloc,validation,CatBoost benchmark threshold 0.50,catboost_isotonic,threshold_only,0.5,,,,benchmark,5,2,0.5,1760,1760.0,1760.0,0,0.0,275,785,242,0,1027,3.0,,,,,,,,,Threshold-only policy; review cost does not affect cost.,False,3.225,3.0
heloc,validation,CatBoost benchmark threshold 0.50,catboost_isotonic,threshold_only,0.5,,,,benchmark,5,2,1.0,1760,1760.0,1760.0,0,0.0,275,785,242,0,1027,3.0,,,,,,,,,Threshold-only policy; review cost does not affect cost.,False,3.225,3.0
heloc,validation,CatBoost benchmark threshold 0.50,catboost_isotonic,threshold_only,0.5,,,,benchmark,5,2,2.0,1760,1760.0,1760.0,0,0.0,275,785,242,0,1027,2.0,,,,,,,,,Threshold-only policy; review cost does not affect cost.,False,3.225,3.0
heloc,validation,CatBoost benchmark threshold 0.50,catboost_isotonic,threshold_only,0.5,,,,benchmark,5,3,0.1,2035,2035.0,2035.0,0,0.0,275,785,242,0,1027,3.0,,,,,,,,,Threshold-only policy; review cost does not affect cost.,False,3.225,3.0
heloc,validation,CatBoost benchmark threshold 0.50,catboost_isotonic,threshold_only,0.5,,,,benchmark,5,3,0.25,2035,2035.0,2035.0,0,0.0,275,785,242,0,1027,3.0,,,,,,,,,Threshold-only policy; review cost does not affect cost.,False,3.225,3.0
heloc,validation,CatBoost benchmark threshold 0.50,catboost_isotonic,threshold_only,0.5,,,,benchmark,5,3,0.5,2035,2035.0,2035.0,0,0.0,275,785,242,0,1027,3.0,,,,,,,,,Threshold-only policy; review cost does not affect cost.,False,3.225,3.0
heloc,validation,CatBoost benchmark threshold 0.50,catboost_isotonic,threshold_only,0.5,,,,benchmark,5,3,1.0,2035,2035.0,2035.0,0,0.0,275,785,242,0,1027,3.0,,,,,,,,,Threshold-only policy; review cost does not affect cost.,False,3.225,3.0
heloc,validation,CatBoost benchmark threshold 0.50,catboost_isotonic,threshold_only,0.5,,,,benchmark,5,3,2.0,2035,2035.0,2035.0,0,0.0,275,785,242,0,1027,2.0,,,,,,,,,Threshold-only policy; review cost does not affect cost.,False,3.225,3.0
heloc,validation,CatBoost benchmark threshold 0.50,catboost_isotonic,threshold_only,0.5,,,,benchmark,10,1,0.1,2695,2695.0,2695.0,0,0.0,275,785,242,0,1027,4.0,,,,,,,,,Threshold-only policy; review cost does not affect cost.,False,3.225,3.0
heloc,validation,CatBoost benchmark threshold 0.50,catboost_isotonic,threshold_only,0.5,,,,benchmark,10,1,0.25,2695,2695.0,2695.0,0,0.0,275,785,242,0,1027,4.0,,,,,,,,,Threshold-only policy; review cost does not affect cost.,False,3.225,3.0
heloc,validation,CatBoost benchmark threshold 0.50,catboost_isotonic,threshold_only,0.5,,,,benchmark,10,1,0.5,2695,2695.0,2695.0,0,0.0,275,785,242,0,1027,4.0,,,,,,,,,Threshold-only policy; review cost does not affect cost.,False,3.225,3.0
heloc,validation,CatBoost benchmark threshold 0.50,catboost_isotonic,threshold_only,0.5,,,,benchmark,10,1,1.0,2695,2695.0,2695.0,0,0.0,275,785,242,0,1027,4.0,,,,,,,,,Threshold-only policy; review cost does not affect cost.,False,3.225,3.0
heloc,validation,CatBoost benchmark threshold 0.50,catboost_isotonic,threshold_only,0.5,,,,benchmark,10,1,2.0,2695,2695.0,2695.0,0,0.0,275,785,242,0,1027,4.0,,,,,,,,,Threshold-only policy; review cost does not affect cost.,False,3.225,3.0
heloc,validation,CatBoost benchmark threshold 0.50,catboost_isotonic,threshold_only,0.5,,,,benchmark,10,2,0.1,2970,2970.0,2970.0,0,0.0,275,785,242,0,1027,4.0,,,,,,,,,Threshold-only policy; review cost does not affect cost.,False,3.225,3.0
heloc,validation,CatBoost benchmark threshold 0.50,catboost_isotonic,threshold_only,0.5,,,,benchmark,10,2,0.25,2970,2970.0,2970.0,0,0.0,275,785,242,0,1027,4.0,,,,,,,,,Threshold-only policy; review cost does not affect cost.,False,3.225,3.0
heloc,validation,CatBoost benchmark threshold 0.50,catboost_isotonic,threshold_only,0.5,,,,benchmark,10,2,0.5,2970,2970.0,2970.0,0,0.0,275,785,242,0,1027,4.0,,,,,,,,,Threshold-only policy; review cost does not affect cost.,False,3.225,3.0
heloc,validation,CatBoost benchmark threshold 0.50,catboost_isotonic,threshold_only,0.5,,,,benchmark,10,2,1.0,2970,2970.0,2970.0,0,0.0,275,785,242,0,1027,4.0,,,,,,,,,Threshold-only policy; review cost does not affect cost.,False,3.225,3.0
heloc,validation,CatBoost benchmark threshold 0.50,catboost_isotonic,threshold_only,0.5,,,,benchmark,10,2,2.0,2970,2970.0,2970.0,0,0.0,275,785,242,0,1027,4.0,,,,,,,,,Threshold-only policy; review cost does not affect cost.,False,3.225,3.0
heloc,validation,CatBoost benchmark threshold 0.50,catboost_isotonic,threshold_only,0.5,,,,benchmark,10,3,0.1,3245,3245.0,3245.0,0,0.0,275,785,242,0,1027,3.0,,,,,,,,,Threshold-only policy; review cost does not affect cost.,False,3.225,3.0
heloc,validation,CatBoost benchmark threshold 0.50,catboost_isotonic,threshold_only,0.5,,,,benchmark,10,3,0.25,3245,3245.0,3245.0,0,0.0,275,785,242,0,1027,3.0,,,,,,,,,Threshold-only policy; review cost does not affect cost.,False,3.225,3.0
heloc,validation,CatBoost benchmark threshold 0.50,catboost_isotonic,threshold_only,0.5,,,,benchmark,10,3,0.5,3245,3245.0,3245.0,0,0.0,275,785,242,0,1027,3.0,,,,,,,,,Threshold-only policy; review cost does not affect cost.,False,3.225,3.0
heloc,validation,CatBoost benchmark threshold 0.50,catboost_isotonic,threshold_only,0.5,,,,benchmark,10,3,1.0,3245,3245.0,3245.0,0,0.0,275,785,242,0,1027,3.0,,,,,,,,,Threshold-only policy; review cost does not affect cost.,False,3.225,3.0
heloc,validation,CatBoost benchmark threshold 0.50,catboost_isotonic,threshold_only,0.5,,,,benchmark,10,3,2.0,3245,3245.0,3245.0,0,0.0,275,785,242,0,1027,3.0,,,,,,,,,Threshold-only policy; review cost does not affect cost.,False,3.225,3.0
heloc,locked_test,CatBoost benchmark threshold 0.50,catboost_isotonic,threshold_only,0.5,,,,benchmark,2,1,0.1,762,762.0,762.0,0,0.0,288,791,237,0,1028,4.0,,,,,,,,,Threshold-only policy; review cost does not affect cost.,False,3.85,4.0
heloc,locked_test,CatBoost benchmark threshold 0.50,catboost_isotonic,threshold_only,0.5,,,,benchmark,2,1,0.25,762,762.0,762.0,0,0.0,288,791,237,0,1028,4.0,,,,,,,,,Threshold-only policy; review cost does not affect cost.,False,3.85,4.0
heloc,locked_test,CatBoost benchmark threshold 0.50,catboost_isotonic,threshold_only,0.5,,,,benchmark,2,1,0.5,762,762.0,762.0,0,0.0,288,791,237,0,1028,4.0,,,,,,,,,Threshold-only policy; review cost does not affect cost.,False,3.85,4.0
heloc,locked_test,CatBoost benchmark threshold 0.50,catboost_isotonic,threshold_only,0.5,,,,benchmark,2,1,1.0,762,762.0,762.0,0,0.0,288,791,237,0,1028,3.0,,,,,,,,,Threshold-only policy; review cost does not affect cost.,False,3.85,4.0
heloc,locked_test,CatBoost benchmark threshold 0.50,catboost_isotonic,threshold_only,0.5,,,,benchmark,2,1,2.0,762,762.0,762.0,0,0.0,288,791,237,0,1028,3.0,,,,,,,,,Threshold-only policy; review cost does not affect cost.,False,3.85,4.0
heloc,locked_test,CatBoost benchmark threshold 0.50,catboost_isotonic,threshold_only,0.5,,,,benchmark,3,1,0.1,999,999.0,999.0,0,0.0,288,791,237,0,1028,4.0,,,,,,,,,Threshold-only policy; review cost does not affect cost.,False,3.85,4.0
heloc,locked_test,CatBoost benchmark threshold 0.50,catboost_isotonic,threshold_only,0.5,,,,benchmark,3,1,0.25,999,999.0,999.0,0,0.0,288,791,237,0,1028,4.0,,,,,,,,,Threshold-only policy; review cost does not affect cost.,False,3.85,4.0
heloc,locked_test,CatBoost benchmark threshold 0.50,catboost_isotonic,threshold_only,0.5,,,,benchmark,3,1,0.5,999,999.0,999.0,0,0.0,288,791,237,0,1028,4.0,,,,,,,,,Threshold-only policy; review cost does not affect cost.,False,3.85,4.0
heloc,locked_test,CatBoost benchmark threshold 0.50,catboost_isotonic,threshold_only,0.5,,,,benchmark,3,1,1.0,999,999.0,999.0,0,0.0,288,791,237,0,1028,4.0,,,,,,,,,Threshold-only policy; review cost does not affect cost.,False,3.85,4.0
heloc,locked_test,CatBoost benchmark threshold 0.50,catboost_isotonic,threshold_only,0.5,,,,benchmark,3,1,2.0,999,999.0,999.0,0,0.0,288,791,237,0,1028,3.0,,,,,,,,,Threshold-only policy; review cost does not affect cost.,False,3.85,4.0
heloc,locked_test,CatBoost benchmark threshold 0.50,catboost_isotonic,threshold_only,0.5,,,,benchmark,5,1,0.1,1473,1473.0,1473.0,0,0.0,288,791,237,0,1028,4.0,,,,,,,,,Threshold-only policy; review cost does not affect cost.,False,3.85,4.0
heloc,locked_test,CatBoost benchmark threshold 0.50,catboost_isotonic,threshold_only,0.5,,,,benchmark,5,1,0.25,1473,1473.0,1473.0,0,0.0,288,791,237,0,1028,4.0,,,,,,,,,Threshold-only policy; review cost does not affect cost.,False,3.85,4.0
heloc,locked_test,CatBoost benchmark threshold 0.50,catboost_isotonic,threshold_only,0.5,,,,benchmark,5,1,0.5,1473,1473.0,1473.0,0,0.0,288,791,237,0,1028,4.0,,,,,,,,,Threshold-only policy; review cost does not affect cost.,False,3.85,4.0
heloc,locked_test,CatBoost benchmark threshold 0.50,catboost_isotonic,threshold_only,0.5,,,,benchmark,5,1,1.0,1473,1473.0,1473.0,0,0.0,288,791,237,0,1028,4.0,,,,,,,,,Threshold-only policy; review cost does not affect cost.,False,3.85,4.0
heloc,locked_test,CatBoost benchmark threshold 0.50,catboost_isotonic,threshold_only,0.5,,,,benchmark,5,1,2.0,1473,1473.0,1473.0,0,0.0,288,791,237,0,1028,3.0,,,,,,,,,Threshold-only policy; review cost does not affect cost.,False,3.85,4.0
heloc,locked_test,CatBoost benchmark threshold 0.50,catboost_isotonic,threshold_only,0.5,,,,benchmark,5,2,0.1,1761,1761.0,1761.0,0,0.0,288,791,237,0,1028,4.0,,,,,,,,,Threshold-only policy; review cost does not affect cost.,False,3.85,4.0
heloc,locked_test,CatBoost benchmark threshold 0.50,catboost_isotonic,threshold_only,0.5,,,,benchmark,5,2,0.25,1761,1761.0,1761.0,0,0.0,288,791,237,0,1028,4.0,,,,,,,,,Threshold-only policy; review cost does not affect cost.,False,3.85,4.0
heloc,locked_test,CatBoost benchmark threshold 0.50,catboost_isotonic,threshold_only,0.5,,,,benchmark,5,2,0.5,1761,1761.0,1761.0,0,0.0,288,791,237,0,1028,4.0,,,,,,,,,Threshold-only policy; review cost does not affect cost.,False,3.85,4.0
heloc,locked_test,CatBoost benchmark threshold 0.50,catboost_isotonic,threshold_only,0.5,,,,benchmark,5,2,1.0,1761,1761.0,1761.0,0,0.0,288,791,237,0,1028,4.0,,,,,,,,,Threshold-only policy; review cost does not affect cost.,False,3.85,4.0
heloc,locked_test,CatBoost benchmark threshold 0.50,catboost_isotonic,threshold_only,0.5,,,,benchmark,5,2,2.0,1761,1761.0,1761.0,0,0.0,288,791,237,0,1028,3.0,,,,,,,,,Threshold-only policy; review cost does not affect cost.,False,3.85,4.0
heloc,locked_test,CatBoost benchmark threshold 0.50,catboost_isotonic,threshold_only,0.5,,,,benchmark,5,3,0.1,2049,2049.0,2049.0,0,0.0,288,791,237,0,1028,4.0,,,,,,,,,Threshold-only policy; review cost does not affect cost.,False,3.85,4.0
heloc,locked_test,CatBoost benchmark threshold 0.50,catboost_isotonic,threshold_only,0.5,,,,benchmark,5,3,0.25,2049,2049.0,2049.0,0,0.0,288,791,237,0,1028,4.0,,,,,,,,,Threshold-only policy; review cost does not affect cost.,False,3.85,4.0
heloc,locked_test,CatBoost benchmark threshold 0.50,catboost_isotonic,threshold_only,0.5,,,,benchmark,5,3,0.5,2049,2049.0,2049.0,0,0.0,288,791,237,0,1028,4.0,,,,,,,,,Threshold-only policy; review cost does not affect cost.,False,3.85,4.0
heloc,locked_test,CatBoost benchmark threshold 0.50,catboost_isotonic,threshold_only,0.5,,,,benchmark,5,3,1.0,2049,2049.0,2049.0,0,0.0,288,791,237,0,1028,4.0,,,,,,,,,Threshold-only policy; review cost does not affect cost.,False,3.85,4.0
heloc,locked_test,CatBoost benchmark threshold 0.50,catboost_isotonic,threshold_only,0.5,,,,benchmark,5,3,2.0,2049,2049.0,2049.0,0,0.0,288,791,237,0,1028,3.0,,,,,,,,,Threshold-only policy; review cost does not affect cost.,False,3.85,4.0
heloc,locked_test,CatBoost benchmark threshold 0.50,catboost_isotonic,threshold_only,0.5,,,,benchmark,10,1,0.1,2658,2658.0,2658.0,0,0.0,288,791,237,0,1028,4.0,,,,,,,,,Threshold-only policy; review cost does not affect cost.,False,3.85,4.0
heloc,locked_test,CatBoost benchmark threshold 0.50,catboost_isotonic,threshold_only,0.5,,,,benchmark,10,1,0.25,2658,2658.0,2658.0,0,0.0,288,791,237,0,1028,4.0,,,,,,,,,Threshold-only policy; review cost does not affect cost.,False,3.85,4.0
heloc,locked_test,CatBoost benchmark threshold 0.50,catboost_isotonic,threshold_only,0.5,,,,benchmark,10,1,0.5,2658,2658.0,2658.0,0,0.0,288,791,237,0,1028,4.0,,,,,,,,,Threshold-only policy; review cost does not affect cost.,False,3.85,4.0
heloc,locked_test,CatBoost benchmark threshold 0.50,catboost_isotonic,threshold_only,0.5,,,,benchmark,10,1,1.0,2658,2658.0,2658.0,0,0.0,288,791,237,0,1028,4.0,,,,,,,,,Threshold-only policy; review cost does not affect cost.,False,3.85,4.0
heloc,locked_test,CatBoost benchmark threshold 0.50,catboost_isotonic,threshold_only,0.5,,,,benchmark,10,1,2.0,2658,2658.0,2658.0,0,0.0,288,791,237,0,1028,4.0,,,,,,,,,Threshold-only policy; review cost does not affect cost.,False,3.85,4.0
heloc,locked_test,CatBoost benchmark threshold 0.50,catboost_isotonic,threshold_only,0.5,,,,benchmark,10,2,0.1,2946,2946.0,2946.0,0,0.0,288,791,237,0,1028,4.0,,,,,,,,,Threshold-only policy; review cost does not affect cost.,False,3.85,4.0
heloc,locked_test,CatBoost benchmark threshold 0.50,catboost_isotonic,threshold_only,0.5,,,,benchmark,10,2,0.25,2946,2946.0,2946.0,0,0.0,288,791,237,0,1028,4.0,,,,,,,,,Threshold-only policy; review cost does not affect cost.,False,3.85,4.0
heloc,locked_test,CatBoost benchmark threshold 0.50,catboost_isotonic,threshold_only,0.5,,,,benchmark,10,2,0.5,2946,2946.0,2946.0,0,0.0,288,791,237,0,1028,4.0,,,,,,,,,Threshold-only policy; review cost does not affect cost.,False,3.85,4.0
heloc,locked_test,CatBoost benchmark threshold 0.50,catboost_isotonic,threshold_only,0.5,,,,benchmark,10,2,1.0,2946,2946.0,2946.0,0,0.0,288,791,237,0,1028,4.0,,,,,,,,,Threshold-only policy; review cost does not affect cost.,False,3.85,4.0
heloc,locked_test,CatBoost benchmark threshold 0.50,catboost_isotonic,threshold_only,0.5,,,,benchmark,10,2,2.0,2946,2946.0,2946.0,0,0.0,288,791,237,0,1028,4.0,,,,,,,,,Threshold-only policy; review cost does not affect cost.,False,3.85,4.0
heloc,locked_test,CatBoost benchmark threshold 0.50,catboost_isotonic,threshold_only,0.5,,,,benchmark,10,3,0.1,3234,3234.0,3234.0,0,0.0,288,791,237,0,1028,4.0,,,,,,,,,Threshold-only policy; review cost does not affect cost.,False,3.85,4.0
heloc,locked_test,CatBoost benchmark threshold 0.50,catboost_isotonic,threshold_only,0.5,,,,benchmark,10,3,0.25,3234,3234.0,3234.0,0,0.0,288,791,237,0,1028,4.0,,,,,,,,,Threshold-only policy; review cost does not affect cost.,False,3.85,4.0
heloc,locked_test,CatBoost benchmark threshold 0.50,catboost_isotonic,threshold_only,0.5,,,,benchmark,10,3,0.5,3234,3234.0,3234.0,0,0.0,288,791,237,0,1028,4.0,,,,,,,,,Threshold-only policy; review cost does not affect cost.,False,3.85,4.0
heloc,locked_test,CatBoost benchmark threshold 0.50,catboost_isotonic,threshold_only,0.5,,,,benchmark,10,3,1.0,3234,3234.0,3234.0,0,0.0,288,791,237,0,1028,4.0,,,,,,,,,Threshold-only policy; review cost does not affect cost.,False,3.85,4.0
heloc,locked_test,CatBoost benchmark threshold 0.50,catboost_isotonic,threshold_only,0.5,,,,benchmark,10,3,2.0,3234,3234.0,3234.0,0,0.0,288,791,237,0,1028,4.0,,,,,,,,,Threshold-only policy; review cost does not affect cost.,False,3.85,4.0
