dataset,split,system,score_key,threshold_probability,tp,fp,net_benefit,net_benefit_treat_all,net_benefit_treat_none,better_than_treat_all,better_than_treat_none,best_model_at_threshold,comment,test_set_used_for_selection,useful_threshold_range,max_net_benefit
taiwan,validation,V2 Taiwan CatBoost manual-review,catboost_isotonic,0.01,1326,4670,0.21313804713804713,0.21329966329966332,0.0,False,True,False,Decision curve computed from existing probability score; no policy selection on test.,False,0.04-0.80,0.21313804713804713
taiwan,validation,V2 Taiwan CatBoost manual-review,catboost_isotonic,0.02,1326,4648,0.2051904761904762,0.20527210884353742,0.0,False,True,False,Decision curve computed from existing probability score; no policy selection on test.,False,0.04-0.80,0.21313804713804713
taiwan,validation,V2 Taiwan CatBoost manual-review,catboost_isotonic,0.03,1324,4581,0.197053264604811,0.1970790378006873,0.0,False,True,False,Decision curve computed from existing probability score; no policy selection on test.,False,0.04-0.80,0.21313804713804713
taiwan,validation,V2 Taiwan CatBoost manual-review,catboost_isotonic,0.04,1316,4390,0.18884722222222222,0.1887152777777778,0.0,True,True,False,Decision curve computed from existing probability score; no policy selection on test.,False,0.04-0.80,0.21313804713804713
taiwan,validation,V2 Taiwan CatBoost manual-review,catboost_isotonic,0.05,1300,4178,0.18001754385964913,0.18017543859649124,0.0,False,True,False,Decision curve computed from existing probability score; no policy selection on test.,False,0.04-0.80,0.21313804713804713
taiwan,validation,V2 Taiwan CatBoost manual-review,catboost_isotonic,0.06,1286,3943,0.172386524822695,0.17145390070921987,0.0,True,True,False,Decision curve computed from existing probability score; no policy selection on test.,False,0.04-0.80,0.21313804713804713
taiwan,validation,V2 Taiwan CatBoost manual-review,catboost_isotonic,0.07,1274,3820,0.16441218637992833,0.16254480286738351,0.0,True,True,False,Decision curve computed from existing probability score; no policy selection on test.,False,0.04-0.80,0.21313804713804713
taiwan,validation,V2 Taiwan CatBoost manual-review,catboost_isotonic,0.08,1249,3512,0.157268115942029,0.15344202898550727,0.0,True,True,False,Decision curve computed from existing probability score; no policy selection on test.,False,0.04-0.80,0.21313804713804713
taiwan,validation,V2 Taiwan CatBoost manual-review,catboost_isotonic,0.09,1232,3284,0.1512014652014652,0.14413919413919415,0.0,True,True,False,Decision curve computed from existing probability score; no policy selection on test.,False,0.04-0.80,0.21313804713804713
taiwan,validation,V2 Taiwan CatBoost manual-review,catboost_isotonic,0.1,1212,3034,0.1458148148148148,0.13462962962962965,0.0,True,True,False,Decision curve computed from existing probability score; no policy selection on test.,False,0.04-0.80,0.21313804713804713
taiwan,validation,V2 Taiwan CatBoost manual-review,catboost_isotonic,0.11,1181,2715,0.1409063670411985,0.12490636704119852,0.0,True,True,False,Decision curve computed from existing probability score; no policy selection on test.,False,0.04-0.80,0.21313804713804713
taiwan,validation,V2 Taiwan CatBoost manual-review,catboost_isotonic,0.12,1156,2500,0.13584848484848486,0.11496212121212124,0.0,True,True,False,Decision curve computed from existing probability score; no policy selection on test.,False,0.04-0.80,0.21313804713804713
taiwan,validation,V2 Taiwan CatBoost manual-review,catboost_isotonic,0.13,1137,2328,0.13152298850574712,0.10478927203065136,0.0,True,True,False,Decision curve computed from existing probability score; no policy selection on test.,False,0.04-0.80,0.21313804713804713
taiwan,validation,V2 Taiwan CatBoost manual-review,catboost_isotonic,0.14,1109,2094,0.12801937984496123,0.09437984496124033,0.0,True,True,False,Decision curve computed from existing probability score; no policy selection on test.,False,0.04-0.80,0.21313804713804713
taiwan,validation,V2 Taiwan CatBoost manual-review,catboost_isotonic,0.15,1084,1958,0.12307843137254902,0.08372549019607844,0.0,True,True,False,Decision curve computed from existing probability score; no policy selection on test.,False,0.04-0.80,0.21313804713804713
taiwan,validation,V2 Taiwan CatBoost manual-review,catboost_isotonic,0.16,1037,1735,0.11775396825396825,0.07281746031746034,0.0,True,True,False,Decision curve computed from existing probability score; no policy selection on test.,False,0.04-0.80,0.21313804713804713
taiwan,validation,V2 Taiwan CatBoost manual-review,catboost_isotonic,0.17,975,1486,0.11177309236947791,0.06164658634538153,0.0,True,True,False,Decision curve computed from existing probability score; no policy selection on test.,False,0.04-0.80,0.21313804713804713
taiwan,validation,V2 Taiwan CatBoost manual-review,catboost_isotonic,0.18,918,1246,0.10741463414634148,0.05020325203252038,0.0,True,True,False,Decision curve computed from existing probability score; no policy selection on test.,False,0.04-0.80,0.21313804713804713
taiwan,validation,V2 Taiwan CatBoost manual-review,catboost_isotonic,0.19,885,1127,0.103440329218107,0.03847736625514406,0.0,True,True,False,Decision curve computed from existing probability score; no policy selection on test.,False,0.04-0.80,0.21313804713804713
taiwan,validation,V2 Taiwan CatBoost manual-review,catboost_isotonic,0.2,862,1043,0.10020833333333333,0.02645833333333336,0.0,True,True,False,Decision curve computed from existing probability score; no policy selection on test.,False,0.04-0.80,0.21313804713804713
taiwan,validation,V2 Taiwan CatBoost manual-review,catboost_isotonic,0.21,851,1013,0.0969535864978903,0.014135021097046452,0.0,True,True,False,Decision curve computed from existing probability score; no policy selection on test.,False,0.04-0.80,0.21313804713804713
taiwan,validation,V2 Taiwan CatBoost manual-review,catboost_isotonic,0.22,813,909,0.09276923076923077,0.0014957264957265182,0.0,True,True,False,Decision curve computed from existing probability score; no policy selection on test.,False,0.04-0.80,0.21313804713804713
taiwan,validation,V2 Taiwan CatBoost manual-review,catboost_isotonic,0.23,811,887,0.091008658008658,-0.011471861471861439,0.0,True,True,False,Decision curve computed from existing probability score; no policy selection on test.,False,0.04-0.80,0.21313804713804713
taiwan,validation,V2 Taiwan CatBoost manual-review,catboost_isotonic,0.24,786,797,0.08905263157894738,-0.02478070175438593,0.0,True,True,False,Decision curve computed from existing probability score; no policy selection on test.,False,0.04-0.80,0.21313804713804713
taiwan,validation,V2 Taiwan CatBoost manual-review,catboost_isotonic,0.25,782,775,0.08727777777777777,-0.03844444444444439,0.0,True,True,False,Decision curve computed from existing probability score; no policy selection on test.,False,0.04-0.80,0.21313804713804713
taiwan,validation,V2 Taiwan CatBoost manual-review,catboost_isotonic,0.26,773,741,0.08544144144144143,-0.05247747747747744,0.0,True,True,False,Decision curve computed from existing probability score; no policy selection on test.,False,0.04-0.80,0.21313804713804713
taiwan,validation,V2 Taiwan CatBoost manual-review,catboost_isotonic,0.27,763,698,0.0841392694063927,-0.06689497716894977,0.0,True,True,False,Decision curve computed from existing probability score; no policy selection on test.,False,0.04-0.80,0.21313804713804713
taiwan,validation,V2 Taiwan CatBoost manual-review,catboost_isotonic,0.28,752,670,0.0819074074074074,-0.08171296296296299,0.0,True,True,False,Decision curve computed from existing probability score; no policy selection on test.,False,0.04-0.80,0.21313804713804713
taiwan,validation,V2 Taiwan CatBoost manual-review,catboost_isotonic,0.29,746,645,0.08042488262910799,-0.09694835680751168,0.0,True,True,False,Decision curve computed from existing probability score; no policy selection on test.,False,0.04-0.80,0.21313804713804713
taiwan,validation,V2 Taiwan CatBoost manual-review,catboost_isotonic,0.3,734,612,0.07861904761904762,-0.11261904761904762,0.0,True,True,False,Decision curve computed from existing probability score; no policy selection on test.,False,0.04-0.80,0.21313804713804713
taiwan,validation,V2 Taiwan CatBoost manual-review,catboost_isotonic,0.31,726,602,0.07592270531400966,-0.12874396135265698,0.0,True,True,False,Decision curve computed from existing probability score; no policy selection on test.,False,0.04-0.80,0.21313804713804713
taiwan,validation,V2 Taiwan CatBoost manual-review,catboost_isotonic,0.32,707,574,0.07281372549019607,-0.14534313725490194,0.0,True,True,False,Decision curve computed from existing probability score; no policy selection on test.,False,0.04-0.80,0.21313804713804713
taiwan,validation,V2 Taiwan CatBoost manual-review,catboost_isotonic,0.33,699,554,0.07102238805970149,-0.16243781094527365,0.0,True,True,False,Decision curve computed from existing probability score; no policy selection on test.,False,0.04-0.80,0.21313804713804713
taiwan,validation,V2 Taiwan CatBoost manual-review,catboost_isotonic,0.34,678,480,0.07178787878787879,-0.18005050505050507,0.0,True,True,False,Decision curve computed from existing probability score; no policy selection on test.,False,0.04-0.80,0.21313804713804713
taiwan,validation,V2 Taiwan CatBoost manual-review,catboost_isotonic,0.35,674,478,0.06943589743589743,-0.19820512820512814,0.0,True,True,False,Decision curve computed from existing probability score; no policy selection on test.,False,0.04-0.80,0.21313804713804713
taiwan,validation,V2 Taiwan CatBoost manual-review,catboost_isotonic,0.36,632,426,0.06539583333333335,-0.21692708333333327,0.0,True,True,False,Decision curve computed from existing probability score; no policy selection on test.,False,0.04-0.80,0.21313804713804713
taiwan,validation,V2 Taiwan CatBoost manual-review,catboost_isotonic,0.37,627,420,0.06338888888888888,-0.2362433862433862,0.0,True,True,False,Decision curve computed from existing probability score; no policy selection on test.,False,0.04-0.80,0.21313804713804713
taiwan,validation,V2 Taiwan CatBoost manual-review,catboost_isotonic,0.38,622,408,0.06198924731182796,-0.2561827956989247,0.0,True,True,False,Decision curve computed from existing probability score; no policy selection on test.,False,0.04-0.80,0.21313804713804713
taiwan,validation,V2 Taiwan CatBoost manual-review,catboost_isotonic,0.39,617,395,0.0607431693989071,-0.27677595628415297,0.0,True,True,False,Decision curve computed from existing probability score; no policy selection on test.,False,0.04-0.80,0.21313804713804713
taiwan,validation,V2 Taiwan CatBoost manual-review,catboost_isotonic,0.4,594,358,0.059222222222222225,-0.2980555555555556,0.0,True,True,False,Decision curve computed from existing probability score; no policy selection on test.,False,0.04-0.80,0.21313804713804713
taiwan,validation,V2 Taiwan CatBoost manual-review,catboost_isotonic,0.41,592,357,0.057319209039548034,-0.320056497175141,0.0,True,True,False,Decision curve computed from existing probability score; no policy selection on test.,False,0.04-0.80,0.21313804713804713
taiwan,validation,V2 Taiwan CatBoost manual-review,catboost_isotonic,0.42,575,335,0.055402298850574724,-0.3428160919540228,0.0,True,True,False,Decision curve computed from existing probability score; no policy selection on test.,False,0.04-0.80,0.21313804713804713
taiwan,validation,V2 Taiwan CatBoost manual-review,catboost_isotonic,0.43,568,331,0.05304970760233918,-0.36637426900584785,0.0,True,True,False,Decision curve computed from existing probability score; no policy selection on test.,False,0.04-0.80,0.21313804713804713
taiwan,validation,V2 Taiwan CatBoost manual-review,catboost_isotonic,0.44,551,309,0.05136904761904763,-0.3907738095238094,0.0,True,True,False,Decision curve computed from existing probability score; no policy selection on test.,False,0.04-0.80,0.21313804713804713
taiwan,validation,V2 Taiwan CatBoost manual-review,catboost_isotonic,0.45,546,301,0.04995454545454546,-0.41606060606060596,0.0,True,True,False,Decision curve computed from existing probability score; no policy selection on test.,False,0.04-0.80,0.21313804713804713
taiwan,validation,V2 Taiwan CatBoost manual-review,catboost_isotonic,0.46,521,270,0.0485,-0.4422839506172839,0.0,True,True,False,Decision curve computed from existing probability score; no policy selection on test.,False,0.04-0.80,0.21313804713804713
taiwan,validation,V2 Taiwan CatBoost manual-review,catboost_isotonic,0.47,511,252,0.04792138364779874,-0.46949685534591185,0.0,True,True,False,Decision curve computed from existing probability score; no policy selection on test.,False,0.04-0.80,0.21313804713804713
taiwan,validation,V2 Taiwan CatBoost manual-review,catboost_isotonic,0.48,496,237,0.046205128205128204,-0.4977564102564101,0.0,True,True,False,Decision curve computed from existing probability score; no policy selection on test.,False,0.04-0.80,0.21313804713804713
taiwan,validation,V2 Taiwan CatBoost manual-review,catboost_isotonic,0.49,476,217,0.044584967320261445,-0.5271241830065359,0.0,True,True,False,Decision curve computed from existing probability score; no policy selection on test.,False,0.04-0.80,0.21313804713804713
taiwan,validation,V2 Taiwan CatBoost manual-review,catboost_isotonic,0.5,467,214,0.04216666666666667,-0.5576666666666665,0.0,True,True,False,Decision curve computed from existing probability score; no policy selection on test.,False,0.04-0.80,0.21313804713804713
taiwan,validation,V2 Taiwan CatBoost manual-review,catboost_isotonic,0.51,454,210,0.039238095238095225,-0.5894557823129252,0.0,True,True,False,Decision curve computed from existing probability score; no policy selection on test.,False,0.04-0.80,0.21313804713804713
taiwan,validation,V2 Taiwan CatBoost manual-review,catboost_isotonic,0.52,441,201,0.03720833333333332,-0.6225694444444445,0.0,True,True,False,Decision curve computed from existing probability score; no policy selection on test.,False,0.04-0.80,0.21313804713804713
taiwan,validation,V2 Taiwan CatBoost manual-review,catboost_isotonic,0.53,432,192,0.035914893617021264,-0.6570921985815603,0.0,True,True,False,Decision curve computed from existing probability score; no policy selection on test.,False,0.04-0.80,0.21313804713804713
taiwan,validation,V2 Taiwan CatBoost manual-review,catboost_isotonic,0.54,418,183,0.03386231884057971,-0.6931159420289854,0.0,True,True,False,Decision curve computed from existing probability score; no policy selection on test.,False,0.04-0.80,0.21313804713804713
taiwan,validation,V2 Taiwan CatBoost manual-review,catboost_isotonic,0.55,416,180,0.032666666666666656,-0.7307407407407409,0.0,True,True,False,Decision curve computed from existing probability score; no policy selection on test.,False,0.04-0.80,0.21313804713804713
taiwan,validation,V2 Taiwan CatBoost manual-review,catboost_isotonic,0.56,408,173,0.031303030303030305,-0.7700757575757577,0.0,True,True,False,Decision curve computed from existing probability score; no policy selection on test.,False,0.04-0.80,0.21313804713804713
taiwan,validation,V2 Taiwan CatBoost manual-review,catboost_isotonic,0.57,390,159,0.029872093023255823,-0.811240310077519,0.0,True,True,False,Decision curve computed from existing probability score; no policy selection on test.,False,0.04-0.80,0.21313804713804713
taiwan,validation,V2 Taiwan CatBoost manual-review,catboost_isotonic,0.58,375,154,0.027055555555555562,-0.854365079365079,0.0,True,True,False,Decision curve computed from existing probability score; no policy selection on test.,False,0.04-0.80,0.21313804713804713
taiwan,validation,V2 Taiwan CatBoost manual-review,catboost_isotonic,0.59,370,148,0.026170731707317083,-0.899593495934959,0.0,True,True,False,Decision curve computed from existing probability score; no policy selection on test.,False,0.04-0.80,0.21313804713804713
taiwan,validation,V2 Taiwan CatBoost manual-review,catboost_isotonic,0.6,367,145,0.024916666666666677,-0.947083333333333,0.0,True,True,False,Decision curve computed from existing probability score; no policy selection on test.,False,0.04-0.80,0.21313804713804713
taiwan,validation,V2 Taiwan CatBoost manual-review,catboost_isotonic,0.61,349,129,0.024538461538461537,-0.9970085470085468,0.0,True,True,False,Decision curve computed from existing probability score; no policy selection on test.,False,0.04-0.80,0.21313804713804713
taiwan,validation,V2 Taiwan CatBoost manual-review,catboost_isotonic,0.62,336,126,0.02173684210526316,-1.0495614035087717,0.0,True,True,False,Decision curve computed from existing probability score; no policy selection on test.,False,0.04-0.80,0.21313804713804713
taiwan,validation,V2 Taiwan CatBoost manual-review,catboost_isotonic,0.63,320,114,0.020981981981981986,-1.1049549549549547,0.0,True,True,False,Decision curve computed from existing probability score; no policy selection on test.,False,0.04-0.80,0.21313804713804713
taiwan,validation,V2 Taiwan CatBoost manual-review,catboost_isotonic,0.64,314,114,0.018555555555555554,-1.1634259259259259,0.0,True,True,False,Decision curve computed from existing probability score; no policy selection on test.,False,0.04-0.80,0.21313804713804713
taiwan,validation,V2 Taiwan CatBoost manual-review,catboost_isotonic,0.65,303,104,0.01830952380952381,-1.2252380952380952,0.0,True,True,False,Decision curve computed from existing probability score; no policy selection on test.,False,0.04-0.80,0.21313804713804713
taiwan,validation,V2 Taiwan CatBoost manual-review,catboost_isotonic,0.66,286,94,0.017254901960784316,-1.2906862745098038,0.0,True,True,False,Decision curve computed from existing probability score; no policy selection on test.,False,0.04-0.80,0.21313804713804713
taiwan,validation,V2 Taiwan CatBoost manual-review,catboost_isotonic,0.67,281,91,0.016040404040404032,-1.3601010101010103,0.0,True,True,False,Decision curve computed from existing probability score; no policy selection on test.,False,0.04-0.80,0.21313804713804713
taiwan,validation,V2 Taiwan CatBoost manual-review,catboost_isotonic,0.68,267,82,0.015458333333333324,-1.4338541666666669,0.0,True,True,False,Decision curve computed from existing probability score; no policy selection on test.,False,0.04-0.80,0.21313804713804713
taiwan,validation,V2 Taiwan CatBoost manual-review,catboost_isotonic,0.69,257,79,0.013526881720430116,-1.5123655913978487,0.0,True,True,False,Decision curve computed from existing probability score; no policy selection on test.,False,0.04-0.80,0.21313804713804713
taiwan,validation,V2 Taiwan CatBoost manual-review,catboost_isotonic,0.7,242,74,0.011555555555555558,-1.5961111111111106,0.0,True,True,False,Decision curve computed from existing probability score; no policy selection on test.,False,0.04-0.80,0.21313804713804713
taiwan,validation,V2 Taiwan CatBoost manual-review,catboost_isotonic,0.71,228,69,0.0098448275862069,-1.6856321839080455,0.0,True,True,False,Decision curve computed from existing probability score; no policy selection on test.,False,0.04-0.80,0.21313804713804713
taiwan,validation,V2 Taiwan CatBoost manual-review,catboost_isotonic,0.72,201,59,0.008214285714285719,-1.7815476190476185,0.0,True,True,False,Decision curve computed from existing probability score; no policy selection on test.,False,0.04-0.80,0.21313804713804713
taiwan,validation,V2 Taiwan CatBoost manual-review,catboost_isotonic,0.73,188,52,0.007901234567901236,-1.8845679012345673,0.0,True,True,False,Decision curve computed from existing probability score; no policy selection on test.,False,0.04-0.80,0.21313804713804713
taiwan,validation,V2 Taiwan CatBoost manual-review,catboost_isotonic,0.74,174,45,0.00765384615384616,-1.9955128205128199,0.0,True,True,False,Decision curve computed from existing probability score; no policy selection on test.,False,0.04-0.80,0.21313804713804713
taiwan,validation,V2 Taiwan CatBoost manual-review,catboost_isotonic,0.75,154,40,0.005666666666666667,-2.1153333333333335,0.0,True,True,False,Decision curve computed from existing probability score; no policy selection on test.,False,0.04-0.80,0.21313804713804713
taiwan,validation,V2 Taiwan CatBoost manual-review,catboost_isotonic,0.76,140,39,0.002749999999999999,-2.245138888888889,0.0,True,True,False,Decision curve computed from existing probability score; no policy selection on test.,False,0.04-0.80,0.21313804713804713
taiwan,validation,V2 Taiwan CatBoost manual-review,catboost_isotonic,0.77,129,35,0.0019710144927536193,-2.3862318840579713,0.0,True,True,False,Decision curve computed from existing probability score; no policy selection on test.,False,0.04-0.80,0.21313804713804713
taiwan,validation,V2 Taiwan CatBoost manual-review,catboost_isotonic,0.78,75,18,0.0018636363636363625,-2.5401515151515155,0.0,True,True,True,Decision curve computed from existing probability score; no policy selection on test.,False,0.04-0.80,0.21313804713804713
taiwan,validation,V2 Taiwan CatBoost manual-review,catboost_isotonic,0.79,44,7,0.002944444444444443,-2.7087301587301593,0.0,True,True,True,Decision curve computed from existing probability score; no policy selection on test.,False,0.04-0.80,0.21313804713804713
taiwan,validation,V2 Taiwan CatBoost manual-review,catboost_isotonic,0.8,18,2,0.0016666666666666666,-2.8941666666666674,0.0,True,True,False,Decision curve computed from existing probability score; no policy selection on test.,False,0.04-0.80,0.21313804713804713
taiwan,locked_test,V2 Taiwan CatBoost manual-review,catboost_isotonic,0.01,1326,4668,0.21314141414141413,0.21329966329966332,0.0,False,True,False,Decision curve computed from existing probability score; no policy selection on test.,False,0.03-0.80,0.21314141414141413
taiwan,locked_test,V2 Taiwan CatBoost manual-review,catboost_isotonic,0.02,1326,4645,0.20520068027210886,0.20527210884353742,0.0,False,True,False,Decision curve computed from existing probability score; no policy selection on test.,False,0.03-0.80,0.21314141414141413
taiwan,locked_test,V2 Taiwan CatBoost manual-review,catboost_isotonic,0.03,1326,4578,0.1974020618556701,0.1970790378006873,0.0,True,True,True,Decision curve computed from existing probability score; no policy selection on test.,False,0.03-0.80,0.21314141414141413
taiwan,locked_test,V2 Taiwan CatBoost manual-review,catboost_isotonic,0.04,1317,4400,0.18894444444444444,0.1887152777777778,0.0,True,True,False,Decision curve computed from existing probability score; no policy selection on test.,False,0.03-0.80,0.21314141414141413
taiwan,locked_test,V2 Taiwan CatBoost manual-review,catboost_isotonic,0.05,1309,4204,0.18128947368421053,0.18017543859649124,0.0,True,True,True,Decision curve computed from existing probability score; no policy selection on test.,False,0.03-0.80,0.21314141414141413
taiwan,locked_test,V2 Taiwan CatBoost manual-review,catboost_isotonic,0.06,1292,3953,0.1732801418439716,0.17145390070921987,0.0,True,True,False,Decision curve computed from existing probability score; no policy selection on test.,False,0.03-0.80,0.21314141414141413
taiwan,locked_test,V2 Taiwan CatBoost manual-review,catboost_isotonic,0.07,1283,3828,0.16581182795698923,0.16254480286738351,0.0,True,True,True,Decision curve computed from existing probability score; no policy selection on test.,False,0.03-0.80,0.21314141414141413
taiwan,locked_test,V2 Taiwan CatBoost manual-review,catboost_isotonic,0.08,1261,3548,0.1587463768115942,0.15344202898550727,0.0,True,True,True,Decision curve computed from existing probability score; no policy selection on test.,False,0.03-0.80,0.21314141414141413
taiwan,locked_test,V2 Taiwan CatBoost manual-review,catboost_isotonic,0.09,1244,3323,0.15255860805860808,0.14413919413919415,0.0,True,True,True,Decision curve computed from existing probability score; no policy selection on test.,False,0.03-0.80,0.21314141414141413
taiwan,locked_test,V2 Taiwan CatBoost manual-review,catboost_isotonic,0.1,1216,3041,0.14635185185185184,0.13462962962962965,0.0,True,True,True,Decision curve computed from existing probability score; no policy selection on test.,False,0.03-0.80,0.21314141414141413
taiwan,locked_test,V2 Taiwan CatBoost manual-review,catboost_isotonic,0.11,1185,2693,0.14202621722846442,0.12490636704119852,0.0,True,True,True,Decision curve computed from existing probability score; no policy selection on test.,False,0.03-0.80,0.21314141414141413
taiwan,locked_test,V2 Taiwan CatBoost manual-review,catboost_isotonic,0.12,1163,2508,0.13683333333333333,0.11496212121212124,0.0,True,True,False,Decision curve computed from existing probability score; no policy selection on test.,False,0.03-0.80,0.21314141414141413
taiwan,locked_test,V2 Taiwan CatBoost manual-review,catboost_isotonic,0.13,1135,2324,0.13128927203065135,0.10478927203065136,0.0,True,True,False,Decision curve computed from existing probability score; no policy selection on test.,False,0.03-0.80,0.21314141414141413
taiwan,locked_test,V2 Taiwan CatBoost manual-review,catboost_isotonic,0.14,1099,2115,0.12578294573643412,0.09437984496124033,0.0,True,True,False,Decision curve computed from existing probability score; no policy selection on test.,False,0.03-0.80,0.21314141414141413
taiwan,locked_test,V2 Taiwan CatBoost manual-review,catboost_isotonic,0.15,1074,1982,0.12070588235294116,0.08372549019607844,0.0,True,True,True,Decision curve computed from existing probability score; no policy selection on test.,False,0.03-0.80,0.21314141414141413
taiwan,locked_test,V2 Taiwan CatBoost manual-review,catboost_isotonic,0.16,1027,1784,0.11453174603174601,0.07281746031746034,0.0,True,True,True,Decision curve computed from existing probability score; no policy selection on test.,False,0.03-0.80,0.21314141414141413
taiwan,locked_test,V2 Taiwan CatBoost manual-review,catboost_isotonic,0.17,960,1541,0.10739558232931726,0.06164658634538153,0.0,True,True,False,Decision curve computed from existing probability score; no policy selection on test.,False,0.03-0.80,0.21314141414141413
taiwan,locked_test,V2 Taiwan CatBoost manual-review,catboost_isotonic,0.18,913,1273,0.10559349593495937,0.05020325203252038,0.0,True,True,True,Decision curve computed from existing probability score; no policy selection on test.,False,0.03-0.80,0.21314141414141413
taiwan,locked_test,V2 Taiwan CatBoost manual-review,catboost_isotonic,0.19,889,1173,0.10230864197530865,0.03847736625514406,0.0,True,True,True,Decision curve computed from existing probability score; no policy selection on test.,False,0.03-0.80,0.21314141414141413
taiwan,locked_test,V2 Taiwan CatBoost manual-review,catboost_isotonic,0.2,869,1084,0.09966666666666668,0.02645833333333336,0.0,True,True,True,Decision curve computed from existing probability score; no policy selection on test.,False,0.03-0.80,0.21314141414141413
taiwan,locked_test,V2 Taiwan CatBoost manual-review,catboost_isotonic,0.21,861,1047,0.0971139240506329,0.014135021097046452,0.0,True,True,False,Decision curve computed from existing probability score; no policy selection on test.,False,0.03-0.80,0.21314141414141413
taiwan,locked_test,V2 Taiwan CatBoost manual-review,catboost_isotonic,0.22,829,924,0.09473076923076923,0.0014957264957265182,0.0,True,True,True,Decision curve computed from existing probability score; no policy selection on test.,False,0.03-0.80,0.21314141414141413
taiwan,locked_test,V2 Taiwan CatBoost manual-review,catboost_isotonic,0.23,825,901,0.09264502164502166,-0.011471861471861439,0.0,True,True,True,Decision curve computed from existing probability score; no policy selection on test.,False,0.03-0.80,0.21314141414141413
taiwan,locked_test,V2 Taiwan CatBoost manual-review,catboost_isotonic,0.24,808,805,0.09229824561403507,-0.02478070175438593,0.0,True,True,True,Decision curve computed from existing probability score; no policy selection on test.,False,0.03-0.80,0.21314141414141413
taiwan,locked_test,V2 Taiwan CatBoost manual-review,catboost_isotonic,0.25,804,779,0.09072222222222223,-0.03844444444444439,0.0,True,True,True,Decision curve computed from existing probability score; no policy selection on test.,False,0.03-0.80,0.21314141414141413
taiwan,locked_test,V2 Taiwan CatBoost manual-review,catboost_isotonic,0.26,785,743,0.08732432432432433,-0.05247747747747744,0.0,True,True,True,Decision curve computed from existing probability score; no policy selection on test.,False,0.03-0.80,0.21314141414141413
taiwan,locked_test,V2 Taiwan CatBoost manual-review,catboost_isotonic,0.27,770,713,0.08438127853881278,-0.06689497716894977,0.0,True,True,False,Decision curve computed from existing probability score; no policy selection on test.,False,0.03-0.80,0.21314141414141413
taiwan,locked_test,V2 Taiwan CatBoost manual-review,catboost_isotonic,0.28,763,680,0.0830925925925926,-0.08171296296296299,0.0,True,True,True,Decision curve computed from existing probability score; no policy selection on test.,False,0.03-0.80,0.21314141414141413
taiwan,locked_test,V2 Taiwan CatBoost manual-review,catboost_isotonic,0.29,751,665,0.07989671361502348,-0.09694835680751168,0.0,True,True,True,Decision curve computed from existing probability score; no policy selection on test.,False,0.03-0.80,0.21314141414141413
taiwan,locked_test,V2 Taiwan CatBoost manual-review,catboost_isotonic,0.3,734,620,0.07804761904761905,-0.11261904761904762,0.0,True,True,False,Decision curve computed from existing probability score; no policy selection on test.,False,0.03-0.80,0.21314141414141413
taiwan,locked_test,V2 Taiwan CatBoost manual-review,catboost_isotonic,0.31,728,601,0.07633091787439614,-0.12874396135265698,0.0,True,True,False,Decision curve computed from existing probability score; no policy selection on test.,False,0.03-0.80,0.21314141414141413
taiwan,locked_test,V2 Taiwan CatBoost manual-review,catboost_isotonic,0.32,701,571,0.07204901960784313,-0.14534313725490194,0.0,True,True,False,Decision curve computed from existing probability score; no policy selection on test.,False,0.03-0.80,0.21314141414141413
taiwan,locked_test,V2 Taiwan CatBoost manual-review,catboost_isotonic,0.33,692,550,0.07018407960199004,-0.16243781094527365,0.0,True,True,False,Decision curve computed from existing probability score; no policy selection on test.,False,0.03-0.80,0.21314141414141413
taiwan,locked_test,V2 Taiwan CatBoost manual-review,catboost_isotonic,0.34,674,505,0.06897474747474747,-0.18005050505050507,0.0,True,True,True,Decision curve computed from existing probability score; no policy selection on test.,False,0.03-0.80,0.21314141414141413
taiwan,locked_test,V2 Taiwan CatBoost manual-review,catboost_isotonic,0.35,671,499,0.06705128205128205,-0.19820512820512814,0.0,True,True,True,Decision curve computed from existing probability score; no policy selection on test.,False,0.03-0.80,0.21314141414141413
taiwan,locked_test,V2 Taiwan CatBoost manual-review,catboost_isotonic,0.36,625,437,0.06319791666666667,-0.21692708333333327,0.0,True,True,False,Decision curve computed from existing probability score; no policy selection on test.,False,0.03-0.80,0.21314141414141413
taiwan,locked_test,V2 Taiwan CatBoost manual-review,catboost_isotonic,0.37,621,433,0.06111640211640211,-0.2362433862433862,0.0,True,True,False,Decision curve computed from existing probability score; no policy selection on test.,False,0.03-0.80,0.21314141414141413
taiwan,locked_test,V2 Taiwan CatBoost manual-review,catboost_isotonic,0.38,607,419,0.05836559139784946,-0.2561827956989247,0.0,True,True,False,Decision curve computed from existing probability score; no policy selection on test.,False,0.03-0.80,0.21314141414141413
taiwan,locked_test,V2 Taiwan CatBoost manual-review,catboost_isotonic,0.39,602,411,0.05653825136612021,-0.27677595628415297,0.0,True,True,False,Decision curve computed from existing probability score; no policy selection on test.,False,0.03-0.80,0.21314141414141413
taiwan,locked_test,V2 Taiwan CatBoost manual-review,catboost_isotonic,0.4,584,369,0.056333333333333326,-0.2980555555555556,0.0,True,True,False,Decision curve computed from existing probability score; no policy selection on test.,False,0.03-0.80,0.21314141414141413
taiwan,locked_test,V2 Taiwan CatBoost manual-review,catboost_isotonic,0.41,582,362,0.05507344632768363,-0.320056497175141,0.0,True,True,True,Decision curve computed from existing probability score; no policy selection on test.,False,0.03-0.80,0.21314141414141413
taiwan,locked_test,V2 Taiwan CatBoost manual-review,catboost_isotonic,0.42,570,347,0.05312068965517242,-0.3428160919540228,0.0,True,True,True,Decision curve computed from existing probability score; no policy selection on test.,False,0.03-0.80,0.21314141414141413
taiwan,locked_test,V2 Taiwan CatBoost manual-review,catboost_isotonic,0.43,568,339,0.05204385964912281,-0.36637426900584785,0.0,True,True,True,Decision curve computed from existing probability score; no policy selection on test.,False,0.03-0.80,0.21314141414141413
taiwan,locked_test,V2 Taiwan CatBoost manual-review,catboost_isotonic,0.44,544,312,0.04980952380952382,-0.3907738095238094,0.0,True,True,True,Decision curve computed from existing probability score; no policy selection on test.,False,0.03-0.80,0.21314141414141413
taiwan,locked_test,V2 Taiwan CatBoost manual-review,catboost_isotonic,0.45,535,302,0.04798484848484849,-0.41606060606060596,0.0,True,True,True,Decision curve computed from existing probability score; no policy selection on test.,False,0.03-0.80,0.21314141414141413
taiwan,locked_test,V2 Taiwan CatBoost manual-review,catboost_isotonic,0.46,507,275,0.0454567901234568,-0.4422839506172839,0.0,True,True,False,Decision curve computed from existing probability score; no policy selection on test.,False,0.03-0.80,0.21314141414141413
taiwan,locked_test,V2 Taiwan CatBoost manual-review,catboost_isotonic,0.47,500,257,0.045349056603773585,-0.46949685534591185,0.0,True,True,True,Decision curve computed from existing probability score; no policy selection on test.,False,0.03-0.80,0.21314141414141413
taiwan,locked_test,V2 Taiwan CatBoost manual-review,catboost_isotonic,0.48,487,240,0.044243589743589745,-0.4977564102564101,0.0,True,True,True,Decision curve computed from existing probability score; no policy selection on test.,False,0.03-0.80,0.21314141414141413
taiwan,locked_test,V2 Taiwan CatBoost manual-review,catboost_isotonic,0.49,473,234,0.04136274509803922,-0.5271241830065359,0.0,True,True,False,Decision curve computed from existing probability score; no policy selection on test.,False,0.03-0.80,0.21314141414141413
taiwan,locked_test,V2 Taiwan CatBoost manual-review,catboost_isotonic,0.5,467,226,0.04016666666666667,-0.5576666666666665,0.0,True,True,True,Decision curve computed from existing probability score; no policy selection on test.,False,0.03-0.80,0.21314141414141413
taiwan,locked_test,V2 Taiwan CatBoost manual-review,catboost_isotonic,0.51,461,216,0.0393639455782313,-0.5894557823129252,0.0,True,True,True,Decision curve computed from existing probability score; no policy selection on test.,False,0.03-0.80,0.21314141414141413
taiwan,locked_test,V2 Taiwan CatBoost manual-review,catboost_isotonic,0.52,455,212,0.03755555555555555,-0.6225694444444445,0.0,True,True,True,Decision curve computed from existing probability score; no policy selection on test.,False,0.03-0.80,0.21314141414141413
taiwan,locked_test,V2 Taiwan CatBoost manual-review,catboost_isotonic,0.53,449,207,0.035929078014184386,-0.6570921985815603,0.0,True,True,False,Decision curve computed from existing probability score; no policy selection on test.,False,0.03-0.80,0.21314141414141413
taiwan,locked_test,V2 Taiwan CatBoost manual-review,catboost_isotonic,0.54,440,198,0.03459420289855072,-0.6931159420289854,0.0,True,True,False,Decision curve computed from existing probability score; no policy selection on test.,False,0.03-0.80,0.21314141414141413
taiwan,locked_test,V2 Taiwan CatBoost manual-review,catboost_isotonic,0.55,436,192,0.03355555555555555,-0.7307407407407409,0.0,True,True,True,Decision curve computed from existing probability score; no policy selection on test.,False,0.03-0.80,0.21314141414141413
taiwan,locked_test,V2 Taiwan CatBoost manual-review,catboost_isotonic,0.56,429,191,0.030984848484848476,-0.7700757575757577,0.0,True,True,False,Decision curve computed from existing probability score; no policy selection on test.,False,0.03-0.80,0.21314141414141413
taiwan,locked_test,V2 Taiwan CatBoost manual-review,catboost_isotonic,0.57,415,179,0.0296201550387597,-0.811240310077519,0.0,True,True,True,Decision curve computed from existing probability score; no policy selection on test.,False,0.03-0.80,0.21314141414141413
taiwan,locked_test,V2 Taiwan CatBoost manual-review,catboost_isotonic,0.58,408,175,0.02772222222222223,-0.854365079365079,0.0,True,True,False,Decision curve computed from existing probability score; no policy selection on test.,False,0.03-0.80,0.21314141414141413
taiwan,locked_test,V2 Taiwan CatBoost manual-review,catboost_isotonic,0.59,406,174,0.0259349593495935,-0.899593495934959,0.0,True,True,False,Decision curve computed from existing probability score; no policy selection on test.,False,0.03-0.80,0.21314141414141413
taiwan,locked_test,V2 Taiwan CatBoost manual-review,catboost_isotonic,0.6,403,172,0.02416666666666667,-0.947083333333333,0.0,True,True,False,Decision curve computed from existing probability score; no policy selection on test.,False,0.03-0.80,0.21314141414141413
taiwan,locked_test,V2 Taiwan CatBoost manual-review,catboost_isotonic,0.61,380,155,0.022927350427350432,-0.9970085470085468,0.0,True,True,False,Decision curve computed from existing probability score; no policy selection on test.,False,0.03-0.80,0.21314141414141413
taiwan,locked_test,V2 Taiwan CatBoost manual-review,catboost_isotonic,0.62,365,145,0.021403508771929827,-1.0495614035087717,0.0,True,True,False,Decision curve computed from existing probability score; no policy selection on test.,False,0.03-0.80,0.21314141414141413
taiwan,locked_test,V2 Taiwan CatBoost manual-review,catboost_isotonic,0.63,351,132,0.021040540540540546,-1.1049549549549547,0.0,True,True,False,Decision curve computed from existing probability score; no policy selection on test.,False,0.03-0.80,0.21314141414141413
taiwan,locked_test,V2 Taiwan CatBoost manual-review,catboost_isotonic,0.64,341,126,0.019499999999999997,-1.1634259259259259,0.0,True,True,False,Decision curve computed from existing probability score; no policy selection on test.,False,0.03-0.80,0.21314141414141413
taiwan,locked_test,V2 Taiwan CatBoost manual-review,catboost_isotonic,0.65,330,118,0.018476190476190472,-1.2252380952380952,0.0,True,True,False,Decision curve computed from existing probability score; no policy selection on test.,False,0.03-0.80,0.21314141414141413
taiwan,locked_test,V2 Taiwan CatBoost manual-review,catboost_isotonic,0.66,317,105,0.01886274509803921,-1.2906862745098038,0.0,True,True,True,Decision curve computed from existing probability score; no policy selection on test.,False,0.03-0.80,0.21314141414141413
taiwan,locked_test,V2 Taiwan CatBoost manual-review,catboost_isotonic,0.67,305,99,0.017333333333333326,-1.3601010101010103,0.0,True,True,True,Decision curve computed from existing probability score; no policy selection on test.,False,0.03-0.80,0.21314141414141413
taiwan,locked_test,V2 Taiwan CatBoost manual-review,catboost_isotonic,0.68,286,91,0.015437499999999993,-1.4338541666666669,0.0,True,True,False,Decision curve computed from existing probability score; no policy selection on test.,False,0.03-0.80,0.21314141414141413
taiwan,locked_test,V2 Taiwan CatBoost manual-review,catboost_isotonic,0.69,269,87,0.012559139784946244,-1.5123655913978487,0.0,True,True,False,Decision curve computed from existing probability score; no policy selection on test.,False,0.03-0.80,0.21314141414141413
taiwan,locked_test,V2 Taiwan CatBoost manual-review,catboost_isotonic,0.7,256,80,0.011555555555555555,-1.5961111111111106,0.0,True,True,False,Decision curve computed from existing probability score; no policy selection on test.,False,0.03-0.80,0.21314141414141413
taiwan,locked_test,V2 Taiwan CatBoost manual-review,catboost_isotonic,0.71,247,70,0.012603448275862069,-1.6856321839080455,0.0,True,True,False,Decision curve computed from existing probability score; no policy selection on test.,False,0.03-0.80,0.21314141414141413
taiwan,locked_test,V2 Taiwan CatBoost manual-review,catboost_isotonic,0.72,223,58,0.012309523809523812,-1.7815476190476185,0.0,True,True,True,Decision curve computed from existing probability score; no policy selection on test.,False,0.03-0.80,0.21314141414141413
taiwan,locked_test,V2 Taiwan CatBoost manual-review,catboost_isotonic,0.73,203,55,0.009049382716049388,-1.8845679012345673,0.0,True,True,False,Decision curve computed from existing probability score; no policy selection on test.,False,0.03-0.80,0.21314141414141413
taiwan,locked_test,V2 Taiwan CatBoost manual-review,catboost_isotonic,0.74,196,50,0.00894871794871795,-1.9955128205128199,0.0,True,True,True,Decision curve computed from existing probability score; no policy selection on test.,False,0.03-0.80,0.21314141414141413
taiwan,locked_test,V2 Taiwan CatBoost manual-review,catboost_isotonic,0.75,177,40,0.009499999999999998,-2.1153333333333335,0.0,True,True,True,Decision curve computed from existing probability score; no policy selection on test.,False,0.03-0.80,0.21314141414141413
taiwan,locked_test,V2 Taiwan CatBoost manual-review,catboost_isotonic,0.76,161,35,0.00836111111111111,-2.245138888888889,0.0,True,True,False,Decision curve computed from existing probability score; no policy selection on test.,False,0.03-0.80,0.21314141414141413
taiwan,locked_test,V2 Taiwan CatBoost manual-review,catboost_isotonic,0.77,148,30,0.007927536231884056,-2.3862318840579713,0.0,True,True,True,Decision curve computed from existing probability score; no policy selection on test.,False,0.03-0.80,0.21314141414141413
taiwan,locked_test,V2 Taiwan CatBoost manual-review,catboost_isotonic,0.78,99,15,0.007636363636363636,-2.5401515151515155,0.0,True,True,True,Decision curve computed from existing probability score; no policy selection on test.,False,0.03-0.80,0.21314141414141413
taiwan,locked_test,V2 Taiwan CatBoost manual-review,catboost_isotonic,0.79,50,6,0.00457142857142857,-2.7087301587301593,0.0,True,True,False,Decision curve computed from existing probability score; no policy selection on test.,False,0.03-0.80,0.21314141414141413
taiwan,locked_test,V2 Taiwan CatBoost manual-review,catboost_isotonic,0.8,24,4,0.001333333333333333,-2.8941666666666674,0.0,True,True,False,Decision curve computed from existing probability score; no policy selection on test.,False,0.03-0.80,0.21314141414141413
taiwan,validation,Taiwan recall candidate MR band,catboost_isotonic,0.01,1326,4670,0.21313804713804713,0.21329966329966332,0.0,False,True,False,Decision curve computed from existing probability score; no policy selection on test.,False,0.04-0.80,0.21313804713804713
taiwan,validation,Taiwan recall candidate MR band,catboost_isotonic,0.02,1326,4648,0.2051904761904762,0.20527210884353742,0.0,False,True,False,Decision curve computed from existing probability score; no policy selection on test.,False,0.04-0.80,0.21313804713804713
taiwan,validation,Taiwan recall candidate MR band,catboost_isotonic,0.03,1324,4581,0.197053264604811,0.1970790378006873,0.0,False,True,False,Decision curve computed from existing probability score; no policy selection on test.,False,0.04-0.80,0.21313804713804713
taiwan,validation,Taiwan recall candidate MR band,catboost_isotonic,0.04,1316,4390,0.18884722222222222,0.1887152777777778,0.0,True,True,False,Decision curve computed from existing probability score; no policy selection on test.,False,0.04-0.80,0.21313804713804713
taiwan,validation,Taiwan recall candidate MR band,catboost_isotonic,0.05,1300,4178,0.18001754385964913,0.18017543859649124,0.0,False,True,False,Decision curve computed from existing probability score; no policy selection on test.,False,0.04-0.80,0.21313804713804713
taiwan,validation,Taiwan recall candidate MR band,catboost_isotonic,0.06,1286,3943,0.172386524822695,0.17145390070921987,0.0,True,True,False,Decision curve computed from existing probability score; no policy selection on test.,False,0.04-0.80,0.21313804713804713
taiwan,validation,Taiwan recall candidate MR band,catboost_isotonic,0.07,1274,3820,0.16441218637992833,0.16254480286738351,0.0,True,True,False,Decision curve computed from existing probability score; no policy selection on test.,False,0.04-0.80,0.21313804713804713
taiwan,validation,Taiwan recall candidate MR band,catboost_isotonic,0.08,1249,3512,0.157268115942029,0.15344202898550727,0.0,True,True,False,Decision curve computed from existing probability score; no policy selection on test.,False,0.04-0.80,0.21313804713804713
taiwan,validation,Taiwan recall candidate MR band,catboost_isotonic,0.09,1232,3284,0.1512014652014652,0.14413919413919415,0.0,True,True,False,Decision curve computed from existing probability score; no policy selection on test.,False,0.04-0.80,0.21313804713804713
taiwan,validation,Taiwan recall candidate MR band,catboost_isotonic,0.1,1212,3034,0.1458148148148148,0.13462962962962965,0.0,True,True,False,Decision curve computed from existing probability score; no policy selection on test.,False,0.04-0.80,0.21313804713804713
taiwan,validation,Taiwan recall candidate MR band,catboost_isotonic,0.11,1181,2715,0.1409063670411985,0.12490636704119852,0.0,True,True,False,Decision curve computed from existing probability score; no policy selection on test.,False,0.04-0.80,0.21313804713804713
taiwan,validation,Taiwan recall candidate MR band,catboost_isotonic,0.12,1156,2500,0.13584848484848486,0.11496212121212124,0.0,True,True,False,Decision curve computed from existing probability score; no policy selection on test.,False,0.04-0.80,0.21313804713804713
taiwan,validation,Taiwan recall candidate MR band,catboost_isotonic,0.13,1137,2328,0.13152298850574712,0.10478927203065136,0.0,True,True,False,Decision curve computed from existing probability score; no policy selection on test.,False,0.04-0.80,0.21313804713804713
taiwan,validation,Taiwan recall candidate MR band,catboost_isotonic,0.14,1109,2094,0.12801937984496123,0.09437984496124033,0.0,True,True,False,Decision curve computed from existing probability score; no policy selection on test.,False,0.04-0.80,0.21313804713804713
taiwan,validation,Taiwan recall candidate MR band,catboost_isotonic,0.15,1084,1958,0.12307843137254902,0.08372549019607844,0.0,True,True,False,Decision curve computed from existing probability score; no policy selection on test.,False,0.04-0.80,0.21313804713804713
taiwan,validation,Taiwan recall candidate MR band,catboost_isotonic,0.16,1037,1735,0.11775396825396825,0.07281746031746034,0.0,True,True,False,Decision curve computed from existing probability score; no policy selection on test.,False,0.04-0.80,0.21313804713804713
taiwan,validation,Taiwan recall candidate MR band,catboost_isotonic,0.17,975,1486,0.11177309236947791,0.06164658634538153,0.0,True,True,False,Decision curve computed from existing probability score; no policy selection on test.,False,0.04-0.80,0.21313804713804713
taiwan,validation,Taiwan recall candidate MR band,catboost_isotonic,0.18,918,1246,0.10741463414634148,0.05020325203252038,0.0,True,True,False,Decision curve computed from existing probability score; no policy selection on test.,False,0.04-0.80,0.21313804713804713
taiwan,validation,Taiwan recall candidate MR band,catboost_isotonic,0.19,885,1127,0.103440329218107,0.03847736625514406,0.0,True,True,False,Decision curve computed from existing probability score; no policy selection on test.,False,0.04-0.80,0.21313804713804713
taiwan,validation,Taiwan recall candidate MR band,catboost_isotonic,0.2,862,1043,0.10020833333333333,0.02645833333333336,0.0,True,True,False,Decision curve computed from existing probability score; no policy selection on test.,False,0.04-0.80,0.21313804713804713
taiwan,validation,Taiwan recall candidate MR band,catboost_isotonic,0.21,851,1013,0.0969535864978903,0.014135021097046452,0.0,True,True,False,Decision curve computed from existing probability score; no policy selection on test.,False,0.04-0.80,0.21313804713804713
taiwan,validation,Taiwan recall candidate MR band,catboost_isotonic,0.22,813,909,0.09276923076923077,0.0014957264957265182,0.0,True,True,False,Decision curve computed from existing probability score; no policy selection on test.,False,0.04-0.80,0.21313804713804713
taiwan,validation,Taiwan recall candidate MR band,catboost_isotonic,0.23,811,887,0.091008658008658,-0.011471861471861439,0.0,True,True,False,Decision curve computed from existing probability score; no policy selection on test.,False,0.04-0.80,0.21313804713804713
taiwan,validation,Taiwan recall candidate MR band,catboost_isotonic,0.24,786,797,0.08905263157894738,-0.02478070175438593,0.0,True,True,False,Decision curve computed from existing probability score; no policy selection on test.,False,0.04-0.80,0.21313804713804713
taiwan,validation,Taiwan recall candidate MR band,catboost_isotonic,0.25,782,775,0.08727777777777777,-0.03844444444444439,0.0,True,True,False,Decision curve computed from existing probability score; no policy selection on test.,False,0.04-0.80,0.21313804713804713
taiwan,validation,Taiwan recall candidate MR band,catboost_isotonic,0.26,773,741,0.08544144144144143,-0.05247747747747744,0.0,True,True,False,Decision curve computed from existing probability score; no policy selection on test.,False,0.04-0.80,0.21313804713804713
taiwan,validation,Taiwan recall candidate MR band,catboost_isotonic,0.27,763,698,0.0841392694063927,-0.06689497716894977,0.0,True,True,False,Decision curve computed from existing probability score; no policy selection on test.,False,0.04-0.80,0.21313804713804713
taiwan,validation,Taiwan recall candidate MR band,catboost_isotonic,0.28,752,670,0.0819074074074074,-0.08171296296296299,0.0,True,True,False,Decision curve computed from existing probability score; no policy selection on test.,False,0.04-0.80,0.21313804713804713
taiwan,validation,Taiwan recall candidate MR band,catboost_isotonic,0.29,746,645,0.08042488262910799,-0.09694835680751168,0.0,True,True,False,Decision curve computed from existing probability score; no policy selection on test.,False,0.04-0.80,0.21313804713804713
taiwan,validation,Taiwan recall candidate MR band,catboost_isotonic,0.3,734,612,0.07861904761904762,-0.11261904761904762,0.0,True,True,False,Decision curve computed from existing probability score; no policy selection on test.,False,0.04-0.80,0.21313804713804713
taiwan,validation,Taiwan recall candidate MR band,catboost_isotonic,0.31,726,602,0.07592270531400966,-0.12874396135265698,0.0,True,True,False,Decision curve computed from existing probability score; no policy selection on test.,False,0.04-0.80,0.21313804713804713
taiwan,validation,Taiwan recall candidate MR band,catboost_isotonic,0.32,707,574,0.07281372549019607,-0.14534313725490194,0.0,True,True,False,Decision curve computed from existing probability score; no policy selection on test.,False,0.04-0.80,0.21313804713804713
taiwan,validation,Taiwan recall candidate MR band,catboost_isotonic,0.33,699,554,0.07102238805970149,-0.16243781094527365,0.0,True,True,False,Decision curve computed from existing probability score; no policy selection on test.,False,0.04-0.80,0.21313804713804713
taiwan,validation,Taiwan recall candidate MR band,catboost_isotonic,0.34,678,480,0.07178787878787879,-0.18005050505050507,0.0,True,True,False,Decision curve computed from existing probability score; no policy selection on test.,False,0.04-0.80,0.21313804713804713
taiwan,validation,Taiwan recall candidate MR band,catboost_isotonic,0.35,674,478,0.06943589743589743,-0.19820512820512814,0.0,True,True,False,Decision curve computed from existing probability score; no policy selection on test.,False,0.04-0.80,0.21313804713804713
taiwan,validation,Taiwan recall candidate MR band,catboost_isotonic,0.36,632,426,0.06539583333333335,-0.21692708333333327,0.0,True,True,False,Decision curve computed from existing probability score; no policy selection on test.,False,0.04-0.80,0.21313804713804713
taiwan,validation,Taiwan recall candidate MR band,catboost_isotonic,0.37,627,420,0.06338888888888888,-0.2362433862433862,0.0,True,True,False,Decision curve computed from existing probability score; no policy selection on test.,False,0.04-0.80,0.21313804713804713
taiwan,validation,Taiwan recall candidate MR band,catboost_isotonic,0.38,622,408,0.06198924731182796,-0.2561827956989247,0.0,True,True,False,Decision curve computed from existing probability score; no policy selection on test.,False,0.04-0.80,0.21313804713804713
taiwan,validation,Taiwan recall candidate MR band,catboost_isotonic,0.39,617,395,0.0607431693989071,-0.27677595628415297,0.0,True,True,False,Decision curve computed from existing probability score; no policy selection on test.,False,0.04-0.80,0.21313804713804713
taiwan,validation,Taiwan recall candidate MR band,catboost_isotonic,0.4,594,358,0.059222222222222225,-0.2980555555555556,0.0,True,True,False,Decision curve computed from existing probability score; no policy selection on test.,False,0.04-0.80,0.21313804713804713
taiwan,validation,Taiwan recall candidate MR band,catboost_isotonic,0.41,592,357,0.057319209039548034,-0.320056497175141,0.0,True,True,False,Decision curve computed from existing probability score; no policy selection on test.,False,0.04-0.80,0.21313804713804713
taiwan,validation,Taiwan recall candidate MR band,catboost_isotonic,0.42,575,335,0.055402298850574724,-0.3428160919540228,0.0,True,True,False,Decision curve computed from existing probability score; no policy selection on test.,False,0.04-0.80,0.21313804713804713
taiwan,validation,Taiwan recall candidate MR band,catboost_isotonic,0.43,568,331,0.05304970760233918,-0.36637426900584785,0.0,True,True,False,Decision curve computed from existing probability score; no policy selection on test.,False,0.04-0.80,0.21313804713804713
taiwan,validation,Taiwan recall candidate MR band,catboost_isotonic,0.44,551,309,0.05136904761904763,-0.3907738095238094,0.0,True,True,False,Decision curve computed from existing probability score; no policy selection on test.,False,0.04-0.80,0.21313804713804713
taiwan,validation,Taiwan recall candidate MR band,catboost_isotonic,0.45,546,301,0.04995454545454546,-0.41606060606060596,0.0,True,True,False,Decision curve computed from existing probability score; no policy selection on test.,False,0.04-0.80,0.21313804713804713
taiwan,validation,Taiwan recall candidate MR band,catboost_isotonic,0.46,521,270,0.0485,-0.4422839506172839,0.0,True,True,False,Decision curve computed from existing probability score; no policy selection on test.,False,0.04-0.80,0.21313804713804713
taiwan,validation,Taiwan recall candidate MR band,catboost_isotonic,0.47,511,252,0.04792138364779874,-0.46949685534591185,0.0,True,True,False,Decision curve computed from existing probability score; no policy selection on test.,False,0.04-0.80,0.21313804713804713
taiwan,validation,Taiwan recall candidate MR band,catboost_isotonic,0.48,496,237,0.046205128205128204,-0.4977564102564101,0.0,True,True,False,Decision curve computed from existing probability score; no policy selection on test.,False,0.04-0.80,0.21313804713804713
taiwan,validation,Taiwan recall candidate MR band,catboost_isotonic,0.49,476,217,0.044584967320261445,-0.5271241830065359,0.0,True,True,False,Decision curve computed from existing probability score; no policy selection on test.,False,0.04-0.80,0.21313804713804713
taiwan,validation,Taiwan recall candidate MR band,catboost_isotonic,0.5,467,214,0.04216666666666667,-0.5576666666666665,0.0,True,True,False,Decision curve computed from existing probability score; no policy selection on test.,False,0.04-0.80,0.21313804713804713
taiwan,validation,Taiwan recall candidate MR band,catboost_isotonic,0.51,454,210,0.039238095238095225,-0.5894557823129252,0.0,True,True,False,Decision curve computed from existing probability score; no policy selection on test.,False,0.04-0.80,0.21313804713804713
taiwan,validation,Taiwan recall candidate MR band,catboost_isotonic,0.52,441,201,0.03720833333333332,-0.6225694444444445,0.0,True,True,False,Decision curve computed from existing probability score; no policy selection on test.,False,0.04-0.80,0.21313804713804713
taiwan,validation,Taiwan recall candidate MR band,catboost_isotonic,0.53,432,192,0.035914893617021264,-0.6570921985815603,0.0,True,True,False,Decision curve computed from existing probability score; no policy selection on test.,False,0.04-0.80,0.21313804713804713
taiwan,validation,Taiwan recall candidate MR band,catboost_isotonic,0.54,418,183,0.03386231884057971,-0.6931159420289854,0.0,True,True,False,Decision curve computed from existing probability score; no policy selection on test.,False,0.04-0.80,0.21313804713804713
taiwan,validation,Taiwan recall candidate MR band,catboost_isotonic,0.55,416,180,0.032666666666666656,-0.7307407407407409,0.0,True,True,False,Decision curve computed from existing probability score; no policy selection on test.,False,0.04-0.80,0.21313804713804713
taiwan,validation,Taiwan recall candidate MR band,catboost_isotonic,0.56,408,173,0.031303030303030305,-0.7700757575757577,0.0,True,True,False,Decision curve computed from existing probability score; no policy selection on test.,False,0.04-0.80,0.21313804713804713
taiwan,validation,Taiwan recall candidate MR band,catboost_isotonic,0.57,390,159,0.029872093023255823,-0.811240310077519,0.0,True,True,False,Decision curve computed from existing probability score; no policy selection on test.,False,0.04-0.80,0.21313804713804713
taiwan,validation,Taiwan recall candidate MR band,catboost_isotonic,0.58,375,154,0.027055555555555562,-0.854365079365079,0.0,True,True,False,Decision curve computed from existing probability score; no policy selection on test.,False,0.04-0.80,0.21313804713804713
taiwan,validation,Taiwan recall candidate MR band,catboost_isotonic,0.59,370,148,0.026170731707317083,-0.899593495934959,0.0,True,True,False,Decision curve computed from existing probability score; no policy selection on test.,False,0.04-0.80,0.21313804713804713
taiwan,validation,Taiwan recall candidate MR band,catboost_isotonic,0.6,367,145,0.024916666666666677,-0.947083333333333,0.0,True,True,False,Decision curve computed from existing probability score; no policy selection on test.,False,0.04-0.80,0.21313804713804713
taiwan,validation,Taiwan recall candidate MR band,catboost_isotonic,0.61,349,129,0.024538461538461537,-0.9970085470085468,0.0,True,True,False,Decision curve computed from existing probability score; no policy selection on test.,False,0.04-0.80,0.21313804713804713
taiwan,validation,Taiwan recall candidate MR band,catboost_isotonic,0.62,336,126,0.02173684210526316,-1.0495614035087717,0.0,True,True,False,Decision curve computed from existing probability score; no policy selection on test.,False,0.04-0.80,0.21313804713804713
taiwan,validation,Taiwan recall candidate MR band,catboost_isotonic,0.63,320,114,0.020981981981981986,-1.1049549549549547,0.0,True,True,False,Decision curve computed from existing probability score; no policy selection on test.,False,0.04-0.80,0.21313804713804713
taiwan,validation,Taiwan recall candidate MR band,catboost_isotonic,0.64,314,114,0.018555555555555554,-1.1634259259259259,0.0,True,True,False,Decision curve computed from existing probability score; no policy selection on test.,False,0.04-0.80,0.21313804713804713
taiwan,validation,Taiwan recall candidate MR band,catboost_isotonic,0.65,303,104,0.01830952380952381,-1.2252380952380952,0.0,True,True,False,Decision curve computed from existing probability score; no policy selection on test.,False,0.04-0.80,0.21313804713804713
taiwan,validation,Taiwan recall candidate MR band,catboost_isotonic,0.66,286,94,0.017254901960784316,-1.2906862745098038,0.0,True,True,False,Decision curve computed from existing probability score; no policy selection on test.,False,0.04-0.80,0.21313804713804713
taiwan,validation,Taiwan recall candidate MR band,catboost_isotonic,0.67,281,91,0.016040404040404032,-1.3601010101010103,0.0,True,True,False,Decision curve computed from existing probability score; no policy selection on test.,False,0.04-0.80,0.21313804713804713
taiwan,validation,Taiwan recall candidate MR band,catboost_isotonic,0.68,267,82,0.015458333333333324,-1.4338541666666669,0.0,True,True,False,Decision curve computed from existing probability score; no policy selection on test.,False,0.04-0.80,0.21313804713804713
taiwan,validation,Taiwan recall candidate MR band,catboost_isotonic,0.69,257,79,0.013526881720430116,-1.5123655913978487,0.0,True,True,False,Decision curve computed from existing probability score; no policy selection on test.,False,0.04-0.80,0.21313804713804713
taiwan,validation,Taiwan recall candidate MR band,catboost_isotonic,0.7,242,74,0.011555555555555558,-1.5961111111111106,0.0,True,True,False,Decision curve computed from existing probability score; no policy selection on test.,False,0.04-0.80,0.21313804713804713
taiwan,validation,Taiwan recall candidate MR band,catboost_isotonic,0.71,228,69,0.0098448275862069,-1.6856321839080455,0.0,True,True,False,Decision curve computed from existing probability score; no policy selection on test.,False,0.04-0.80,0.21313804713804713
taiwan,validation,Taiwan recall candidate MR band,catboost_isotonic,0.72,201,59,0.008214285714285719,-1.7815476190476185,0.0,True,True,False,Decision curve computed from existing probability score; no policy selection on test.,False,0.04-0.80,0.21313804713804713
taiwan,validation,Taiwan recall candidate MR band,catboost_isotonic,0.73,188,52,0.007901234567901236,-1.8845679012345673,0.0,True,True,False,Decision curve computed from existing probability score; no policy selection on test.,False,0.04-0.80,0.21313804713804713
taiwan,validation,Taiwan recall candidate MR band,catboost_isotonic,0.74,174,45,0.00765384615384616,-1.9955128205128199,0.0,True,True,False,Decision curve computed from existing probability score; no policy selection on test.,False,0.04-0.80,0.21313804713804713
taiwan,validation,Taiwan recall candidate MR band,catboost_isotonic,0.75,154,40,0.005666666666666667,-2.1153333333333335,0.0,True,True,False,Decision curve computed from existing probability score; no policy selection on test.,False,0.04-0.80,0.21313804713804713
taiwan,validation,Taiwan recall candidate MR band,catboost_isotonic,0.76,140,39,0.002749999999999999,-2.245138888888889,0.0,True,True,False,Decision curve computed from existing probability score; no policy selection on test.,False,0.04-0.80,0.21313804713804713
taiwan,validation,Taiwan recall candidate MR band,catboost_isotonic,0.77,129,35,0.0019710144927536193,-2.3862318840579713,0.0,True,True,False,Decision curve computed from existing probability score; no policy selection on test.,False,0.04-0.80,0.21313804713804713
taiwan,validation,Taiwan recall candidate MR band,catboost_isotonic,0.78,75,18,0.0018636363636363625,-2.5401515151515155,0.0,True,True,True,Decision curve computed from existing probability score; no policy selection on test.,False,0.04-0.80,0.21313804713804713
taiwan,validation,Taiwan recall candidate MR band,catboost_isotonic,0.79,44,7,0.002944444444444443,-2.7087301587301593,0.0,True,True,True,Decision curve computed from existing probability score; no policy selection on test.,False,0.04-0.80,0.21313804713804713
taiwan,validation,Taiwan recall candidate MR band,catboost_isotonic,0.8,18,2,0.0016666666666666666,-2.8941666666666674,0.0,True,True,False,Decision curve computed from existing probability score; no policy selection on test.,False,0.04-0.80,0.21313804713804713
taiwan,locked_test,Taiwan recall candidate MR band,catboost_isotonic,0.01,1326,4668,0.21314141414141413,0.21329966329966332,0.0,False,True,False,Decision curve computed from existing probability score; no policy selection on test.,False,0.03-0.80,0.21314141414141413
taiwan,locked_test,Taiwan recall candidate MR band,catboost_isotonic,0.02,1326,4645,0.20520068027210886,0.20527210884353742,0.0,False,True,False,Decision curve computed from existing probability score; no policy selection on test.,False,0.03-0.80,0.21314141414141413
taiwan,locked_test,Taiwan recall candidate MR band,catboost_isotonic,0.03,1326,4578,0.1974020618556701,0.1970790378006873,0.0,True,True,True,Decision curve computed from existing probability score; no policy selection on test.,False,0.03-0.80,0.21314141414141413
taiwan,locked_test,Taiwan recall candidate MR band,catboost_isotonic,0.04,1317,4400,0.18894444444444444,0.1887152777777778,0.0,True,True,False,Decision curve computed from existing probability score; no policy selection on test.,False,0.03-0.80,0.21314141414141413
taiwan,locked_test,Taiwan recall candidate MR band,catboost_isotonic,0.05,1309,4204,0.18128947368421053,0.18017543859649124,0.0,True,True,True,Decision curve computed from existing probability score; no policy selection on test.,False,0.03-0.80,0.21314141414141413
taiwan,locked_test,Taiwan recall candidate MR band,catboost_isotonic,0.06,1292,3953,0.1732801418439716,0.17145390070921987,0.0,True,True,False,Decision curve computed from existing probability score; no policy selection on test.,False,0.03-0.80,0.21314141414141413
taiwan,locked_test,Taiwan recall candidate MR band,catboost_isotonic,0.07,1283,3828,0.16581182795698923,0.16254480286738351,0.0,True,True,True,Decision curve computed from existing probability score; no policy selection on test.,False,0.03-0.80,0.21314141414141413
taiwan,locked_test,Taiwan recall candidate MR band,catboost_isotonic,0.08,1261,3548,0.1587463768115942,0.15344202898550727,0.0,True,True,True,Decision curve computed from existing probability score; no policy selection on test.,False,0.03-0.80,0.21314141414141413
taiwan,locked_test,Taiwan recall candidate MR band,catboost_isotonic,0.09,1244,3323,0.15255860805860808,0.14413919413919415,0.0,True,True,True,Decision curve computed from existing probability score; no policy selection on test.,False,0.03-0.80,0.21314141414141413
taiwan,locked_test,Taiwan recall candidate MR band,catboost_isotonic,0.1,1216,3041,0.14635185185185184,0.13462962962962965,0.0,True,True,True,Decision curve computed from existing probability score; no policy selection on test.,False,0.03-0.80,0.21314141414141413
taiwan,locked_test,Taiwan recall candidate MR band,catboost_isotonic,0.11,1185,2693,0.14202621722846442,0.12490636704119852,0.0,True,True,True,Decision curve computed from existing probability score; no policy selection on test.,False,0.03-0.80,0.21314141414141413
taiwan,locked_test,Taiwan recall candidate MR band,catboost_isotonic,0.12,1163,2508,0.13683333333333333,0.11496212121212124,0.0,True,True,False,Decision curve computed from existing probability score; no policy selection on test.,False,0.03-0.80,0.21314141414141413
taiwan,locked_test,Taiwan recall candidate MR band,catboost_isotonic,0.13,1135,2324,0.13128927203065135,0.10478927203065136,0.0,True,True,False,Decision curve computed from existing probability score; no policy selection on test.,False,0.03-0.80,0.21314141414141413
taiwan,locked_test,Taiwan recall candidate MR band,catboost_isotonic,0.14,1099,2115,0.12578294573643412,0.09437984496124033,0.0,True,True,False,Decision curve computed from existing probability score; no policy selection on test.,False,0.03-0.80,0.21314141414141413
taiwan,locked_test,Taiwan recall candidate MR band,catboost_isotonic,0.15,1074,1982,0.12070588235294116,0.08372549019607844,0.0,True,True,True,Decision curve computed from existing probability score; no policy selection on test.,False,0.03-0.80,0.21314141414141413
taiwan,locked_test,Taiwan recall candidate MR band,catboost_isotonic,0.16,1027,1784,0.11453174603174601,0.07281746031746034,0.0,True,True,True,Decision curve computed from existing probability score; no policy selection on test.,False,0.03-0.80,0.21314141414141413
taiwan,locked_test,Taiwan recall candidate MR band,catboost_isotonic,0.17,960,1541,0.10739558232931726,0.06164658634538153,0.0,True,True,False,Decision curve computed from existing probability score; no policy selection on test.,False,0.03-0.80,0.21314141414141413
taiwan,locked_test,Taiwan recall candidate MR band,catboost_isotonic,0.18,913,1273,0.10559349593495937,0.05020325203252038,0.0,True,True,True,Decision curve computed from existing probability score; no policy selection on test.,False,0.03-0.80,0.21314141414141413
taiwan,locked_test,Taiwan recall candidate MR band,catboost_isotonic,0.19,889,1173,0.10230864197530865,0.03847736625514406,0.0,True,True,True,Decision curve computed from existing probability score; no policy selection on test.,False,0.03-0.80,0.21314141414141413
taiwan,locked_test,Taiwan recall candidate MR band,catboost_isotonic,0.2,869,1084,0.09966666666666668,0.02645833333333336,0.0,True,True,True,Decision curve computed from existing probability score; no policy selection on test.,False,0.03-0.80,0.21314141414141413
taiwan,locked_test,Taiwan recall candidate MR band,catboost_isotonic,0.21,861,1047,0.0971139240506329,0.014135021097046452,0.0,True,True,False,Decision curve computed from existing probability score; no policy selection on test.,False,0.03-0.80,0.21314141414141413
taiwan,locked_test,Taiwan recall candidate MR band,catboost_isotonic,0.22,829,924,0.09473076923076923,0.0014957264957265182,0.0,True,True,True,Decision curve computed from existing probability score; no policy selection on test.,False,0.03-0.80,0.21314141414141413
taiwan,locked_test,Taiwan recall candidate MR band,catboost_isotonic,0.23,825,901,0.09264502164502166,-0.011471861471861439,0.0,True,True,True,Decision curve computed from existing probability score; no policy selection on test.,False,0.03-0.80,0.21314141414141413
taiwan,locked_test,Taiwan recall candidate MR band,catboost_isotonic,0.24,808,805,0.09229824561403507,-0.02478070175438593,0.0,True,True,True,Decision curve computed from existing probability score; no policy selection on test.,False,0.03-0.80,0.21314141414141413
taiwan,locked_test,Taiwan recall candidate MR band,catboost_isotonic,0.25,804,779,0.09072222222222223,-0.03844444444444439,0.0,True,True,True,Decision curve computed from existing probability score; no policy selection on test.,False,0.03-0.80,0.21314141414141413
taiwan,locked_test,Taiwan recall candidate MR band,catboost_isotonic,0.26,785,743,0.08732432432432433,-0.05247747747747744,0.0,True,True,True,Decision curve computed from existing probability score; no policy selection on test.,False,0.03-0.80,0.21314141414141413
taiwan,locked_test,Taiwan recall candidate MR band,catboost_isotonic,0.27,770,713,0.08438127853881278,-0.06689497716894977,0.0,True,True,False,Decision curve computed from existing probability score; no policy selection on test.,False,0.03-0.80,0.21314141414141413
taiwan,locked_test,Taiwan recall candidate MR band,catboost_isotonic,0.28,763,680,0.0830925925925926,-0.08171296296296299,0.0,True,True,True,Decision curve computed from existing probability score; no policy selection on test.,False,0.03-0.80,0.21314141414141413
taiwan,locked_test,Taiwan recall candidate MR band,catboost_isotonic,0.29,751,665,0.07989671361502348,-0.09694835680751168,0.0,True,True,True,Decision curve computed from existing probability score; no policy selection on test.,False,0.03-0.80,0.21314141414141413
taiwan,locked_test,Taiwan recall candidate MR band,catboost_isotonic,0.3,734,620,0.07804761904761905,-0.11261904761904762,0.0,True,True,False,Decision curve computed from existing probability score; no policy selection on test.,False,0.03-0.80,0.21314141414141413
taiwan,locked_test,Taiwan recall candidate MR band,catboost_isotonic,0.31,728,601,0.07633091787439614,-0.12874396135265698,0.0,True,True,False,Decision curve computed from existing probability score; no policy selection on test.,False,0.03-0.80,0.21314141414141413
taiwan,locked_test,Taiwan recall candidate MR band,catboost_isotonic,0.32,701,571,0.07204901960784313,-0.14534313725490194,0.0,True,True,False,Decision curve computed from existing probability score; no policy selection on test.,False,0.03-0.80,0.21314141414141413
taiwan,locked_test,Taiwan recall candidate MR band,catboost_isotonic,0.33,692,550,0.07018407960199004,-0.16243781094527365,0.0,True,True,False,Decision curve computed from existing probability score; no policy selection on test.,False,0.03-0.80,0.21314141414141413
taiwan,locked_test,Taiwan recall candidate MR band,catboost_isotonic,0.34,674,505,0.06897474747474747,-0.18005050505050507,0.0,True,True,True,Decision curve computed from existing probability score; no policy selection on test.,False,0.03-0.80,0.21314141414141413
taiwan,locked_test,Taiwan recall candidate MR band,catboost_isotonic,0.35,671,499,0.06705128205128205,-0.19820512820512814,0.0,True,True,True,Decision curve computed from existing probability score; no policy selection on test.,False,0.03-0.80,0.21314141414141413
taiwan,locked_test,Taiwan recall candidate MR band,catboost_isotonic,0.36,625,437,0.06319791666666667,-0.21692708333333327,0.0,True,True,False,Decision curve computed from existing probability score; no policy selection on test.,False,0.03-0.80,0.21314141414141413
taiwan,locked_test,Taiwan recall candidate MR band,catboost_isotonic,0.37,621,433,0.06111640211640211,-0.2362433862433862,0.0,True,True,False,Decision curve computed from existing probability score; no policy selection on test.,False,0.03-0.80,0.21314141414141413
taiwan,locked_test,Taiwan recall candidate MR band,catboost_isotonic,0.38,607,419,0.05836559139784946,-0.2561827956989247,0.0,True,True,False,Decision curve computed from existing probability score; no policy selection on test.,False,0.03-0.80,0.21314141414141413
taiwan,locked_test,Taiwan recall candidate MR band,catboost_isotonic,0.39,602,411,0.05653825136612021,-0.27677595628415297,0.0,True,True,False,Decision curve computed from existing probability score; no policy selection on test.,False,0.03-0.80,0.21314141414141413
taiwan,locked_test,Taiwan recall candidate MR band,catboost_isotonic,0.4,584,369,0.056333333333333326,-0.2980555555555556,0.0,True,True,False,Decision curve computed from existing probability score; no policy selection on test.,False,0.03-0.80,0.21314141414141413
taiwan,locked_test,Taiwan recall candidate MR band,catboost_isotonic,0.41,582,362,0.05507344632768363,-0.320056497175141,0.0,True,True,True,Decision curve computed from existing probability score; no policy selection on test.,False,0.03-0.80,0.21314141414141413
taiwan,locked_test,Taiwan recall candidate MR band,catboost_isotonic,0.42,570,347,0.05312068965517242,-0.3428160919540228,0.0,True,True,True,Decision curve computed from existing probability score; no policy selection on test.,False,0.03-0.80,0.21314141414141413
taiwan,locked_test,Taiwan recall candidate MR band,catboost_isotonic,0.43,568,339,0.05204385964912281,-0.36637426900584785,0.0,True,True,True,Decision curve computed from existing probability score; no policy selection on test.,False,0.03-0.80,0.21314141414141413
taiwan,locked_test,Taiwan recall candidate MR band,catboost_isotonic,0.44,544,312,0.04980952380952382,-0.3907738095238094,0.0,True,True,True,Decision curve computed from existing probability score; no policy selection on test.,False,0.03-0.80,0.21314141414141413
taiwan,locked_test,Taiwan recall candidate MR band,catboost_isotonic,0.45,535,302,0.04798484848484849,-0.41606060606060596,0.0,True,True,True,Decision curve computed from existing probability score; no policy selection on test.,False,0.03-0.80,0.21314141414141413
taiwan,locked_test,Taiwan recall candidate MR band,catboost_isotonic,0.46,507,275,0.0454567901234568,-0.4422839506172839,0.0,True,True,False,Decision curve computed from existing probability score; no policy selection on test.,False,0.03-0.80,0.21314141414141413
taiwan,locked_test,Taiwan recall candidate MR band,catboost_isotonic,0.47,500,257,0.045349056603773585,-0.46949685534591185,0.0,True,True,True,Decision curve computed from existing probability score; no policy selection on test.,False,0.03-0.80,0.21314141414141413
taiwan,locked_test,Taiwan recall candidate MR band,catboost_isotonic,0.48,487,240,0.044243589743589745,-0.4977564102564101,0.0,True,True,True,Decision curve computed from existing probability score; no policy selection on test.,False,0.03-0.80,0.21314141414141413
taiwan,locked_test,Taiwan recall candidate MR band,catboost_isotonic,0.49,473,234,0.04136274509803922,-0.5271241830065359,0.0,True,True,False,Decision curve computed from existing probability score; no policy selection on test.,False,0.03-0.80,0.21314141414141413
taiwan,locked_test,Taiwan recall candidate MR band,catboost_isotonic,0.5,467,226,0.04016666666666667,-0.5576666666666665,0.0,True,True,True,Decision curve computed from existing probability score; no policy selection on test.,False,0.03-0.80,0.21314141414141413
taiwan,locked_test,Taiwan recall candidate MR band,catboost_isotonic,0.51,461,216,0.0393639455782313,-0.5894557823129252,0.0,True,True,True,Decision curve computed from existing probability score; no policy selection on test.,False,0.03-0.80,0.21314141414141413
taiwan,locked_test,Taiwan recall candidate MR band,catboost_isotonic,0.52,455,212,0.03755555555555555,-0.6225694444444445,0.0,True,True,True,Decision curve computed from existing probability score; no policy selection on test.,False,0.03-0.80,0.21314141414141413
taiwan,locked_test,Taiwan recall candidate MR band,catboost_isotonic,0.53,449,207,0.035929078014184386,-0.6570921985815603,0.0,True,True,False,Decision curve computed from existing probability score; no policy selection on test.,False,0.03-0.80,0.21314141414141413
taiwan,locked_test,Taiwan recall candidate MR band,catboost_isotonic,0.54,440,198,0.03459420289855072,-0.6931159420289854,0.0,True,True,False,Decision curve computed from existing probability score; no policy selection on test.,False,0.03-0.80,0.21314141414141413
taiwan,locked_test,Taiwan recall candidate MR band,catboost_isotonic,0.55,436,192,0.03355555555555555,-0.7307407407407409,0.0,True,True,True,Decision curve computed from existing probability score; no policy selection on test.,False,0.03-0.80,0.21314141414141413
taiwan,locked_test,Taiwan recall candidate MR band,catboost_isotonic,0.56,429,191,0.030984848484848476,-0.7700757575757577,0.0,True,True,False,Decision curve computed from existing probability score; no policy selection on test.,False,0.03-0.80,0.21314141414141413
taiwan,locked_test,Taiwan recall candidate MR band,catboost_isotonic,0.57,415,179,0.0296201550387597,-0.811240310077519,0.0,True,True,True,Decision curve computed from existing probability score; no policy selection on test.,False,0.03-0.80,0.21314141414141413
taiwan,locked_test,Taiwan recall candidate MR band,catboost_isotonic,0.58,408,175,0.02772222222222223,-0.854365079365079,0.0,True,True,False,Decision curve computed from existing probability score; no policy selection on test.,False,0.03-0.80,0.21314141414141413
taiwan,locked_test,Taiwan recall candidate MR band,catboost_isotonic,0.59,406,174,0.0259349593495935,-0.899593495934959,0.0,True,True,False,Decision curve computed from existing probability score; no policy selection on test.,False,0.03-0.80,0.21314141414141413
taiwan,locked_test,Taiwan recall candidate MR band,catboost_isotonic,0.6,403,172,0.02416666666666667,-0.947083333333333,0.0,True,True,False,Decision curve computed from existing probability score; no policy selection on test.,False,0.03-0.80,0.21314141414141413
taiwan,locked_test,Taiwan recall candidate MR band,catboost_isotonic,0.61,380,155,0.022927350427350432,-0.9970085470085468,0.0,True,True,False,Decision curve computed from existing probability score; no policy selection on test.,False,0.03-0.80,0.21314141414141413
taiwan,locked_test,Taiwan recall candidate MR band,catboost_isotonic,0.62,365,145,0.021403508771929827,-1.0495614035087717,0.0,True,True,False,Decision curve computed from existing probability score; no policy selection on test.,False,0.03-0.80,0.21314141414141413
taiwan,locked_test,Taiwan recall candidate MR band,catboost_isotonic,0.63,351,132,0.021040540540540546,-1.1049549549549547,0.0,True,True,False,Decision curve computed from existing probability score; no policy selection on test.,False,0.03-0.80,0.21314141414141413
taiwan,locked_test,Taiwan recall candidate MR band,catboost_isotonic,0.64,341,126,0.019499999999999997,-1.1634259259259259,0.0,True,True,False,Decision curve computed from existing probability score; no policy selection on test.,False,0.03-0.80,0.21314141414141413
taiwan,locked_test,Taiwan recall candidate MR band,catboost_isotonic,0.65,330,118,0.018476190476190472,-1.2252380952380952,0.0,True,True,False,Decision curve computed from existing probability score; no policy selection on test.,False,0.03-0.80,0.21314141414141413
taiwan,locked_test,Taiwan recall candidate MR band,catboost_isotonic,0.66,317,105,0.01886274509803921,-1.2906862745098038,0.0,True,True,True,Decision curve computed from existing probability score; no policy selection on test.,False,0.03-0.80,0.21314141414141413
taiwan,locked_test,Taiwan recall candidate MR band,catboost_isotonic,0.67,305,99,0.017333333333333326,-1.3601010101010103,0.0,True,True,True,Decision curve computed from existing probability score; no policy selection on test.,False,0.03-0.80,0.21314141414141413
taiwan,locked_test,Taiwan recall candidate MR band,catboost_isotonic,0.68,286,91,0.015437499999999993,-1.4338541666666669,0.0,True,True,False,Decision curve computed from existing probability score; no policy selection on test.,False,0.03-0.80,0.21314141414141413
taiwan,locked_test,Taiwan recall candidate MR band,catboost_isotonic,0.69,269,87,0.012559139784946244,-1.5123655913978487,0.0,True,True,False,Decision curve computed from existing probability score; no policy selection on test.,False,0.03-0.80,0.21314141414141413
taiwan,locked_test,Taiwan recall candidate MR band,catboost_isotonic,0.7,256,80,0.011555555555555555,-1.5961111111111106,0.0,True,True,False,Decision curve computed from existing probability score; no policy selection on test.,False,0.03-0.80,0.21314141414141413
taiwan,locked_test,Taiwan recall candidate MR band,catboost_isotonic,0.71,247,70,0.012603448275862069,-1.6856321839080455,0.0,True,True,False,Decision curve computed from existing probability score; no policy selection on test.,False,0.03-0.80,0.21314141414141413
taiwan,locked_test,Taiwan recall candidate MR band,catboost_isotonic,0.72,223,58,0.012309523809523812,-1.7815476190476185,0.0,True,True,True,Decision curve computed from existing probability score; no policy selection on test.,False,0.03-0.80,0.21314141414141413
taiwan,locked_test,Taiwan recall candidate MR band,catboost_isotonic,0.73,203,55,0.009049382716049388,-1.8845679012345673,0.0,True,True,False,Decision curve computed from existing probability score; no policy selection on test.,False,0.03-0.80,0.21314141414141413
taiwan,locked_test,Taiwan recall candidate MR band,catboost_isotonic,0.74,196,50,0.00894871794871795,-1.9955128205128199,0.0,True,True,True,Decision curve computed from existing probability score; no policy selection on test.,False,0.03-0.80,0.21314141414141413
taiwan,locked_test,Taiwan recall candidate MR band,catboost_isotonic,0.75,177,40,0.009499999999999998,-2.1153333333333335,0.0,True,True,True,Decision curve computed from existing probability score; no policy selection on test.,False,0.03-0.80,0.21314141414141413
taiwan,locked_test,Taiwan recall candidate MR band,catboost_isotonic,0.76,161,35,0.00836111111111111,-2.245138888888889,0.0,True,True,False,Decision curve computed from existing probability score; no policy selection on test.,False,0.03-0.80,0.21314141414141413
taiwan,locked_test,Taiwan recall candidate MR band,catboost_isotonic,0.77,148,30,0.007927536231884056,-2.3862318840579713,0.0,True,True,True,Decision curve computed from existing probability score; no policy selection on test.,False,0.03-0.80,0.21314141414141413
taiwan,locked_test,Taiwan recall candidate MR band,catboost_isotonic,0.78,99,15,0.007636363636363636,-2.5401515151515155,0.0,True,True,True,Decision curve computed from existing probability score; no policy selection on test.,False,0.03-0.80,0.21314141414141413
taiwan,locked_test,Taiwan recall candidate MR band,catboost_isotonic,0.79,50,6,0.00457142857142857,-2.7087301587301593,0.0,True,True,False,Decision curve computed from existing probability score; no policy selection on test.,False,0.03-0.80,0.21314141414141413
taiwan,locked_test,Taiwan recall candidate MR band,catboost_isotonic,0.8,24,4,0.001333333333333333,-2.8941666666666674,0.0,True,True,False,Decision curve computed from existing probability score; no policy selection on test.,False,0.03-0.80,0.21314141414141413
taiwan,validation,Taiwan capacity SCRE top20,SCRE-Optimized ranking,0.01,1327,4672,0.21330134680134683,0.21329966329966332,0.0,True,True,True,Decision curve computed from existing probability score; no policy selection on test.,False,0.01-0.80,0.21330134680134683
taiwan,validation,Taiwan capacity SCRE top20,SCRE-Optimized ranking,0.02,1327,4657,0.2053265306122449,0.20527210884353742,0.0,True,True,True,Decision curve computed from existing probability score; no policy selection on test.,False,0.01-0.80,0.21330134680134683
taiwan,validation,Taiwan capacity SCRE top20,SCRE-Optimized ranking,0.03,1327,4615,0.19737800687285223,0.1970790378006873,0.0,True,True,True,Decision curve computed from existing probability score; no policy selection on test.,False,0.01-0.80,0.21330134680134683
taiwan,validation,Taiwan capacity SCRE top20,SCRE-Optimized ranking,0.04,1326,4508,0.18969444444444444,0.1887152777777778,0.0,True,True,True,Decision curve computed from existing probability score; no policy selection on test.,False,0.01-0.80,0.21330134680134683
taiwan,validation,Taiwan capacity SCRE top20,SCRE-Optimized ranking,0.05,1322,4351,0.18216666666666664,0.18017543859649124,0.0,True,True,True,Decision curve computed from existing probability score; no policy selection on test.,False,0.01-0.80,0.21330134680134683
taiwan,validation,Taiwan capacity SCRE top20,SCRE-Optimized ranking,0.06,1318,4134,0.17568794326241136,0.17145390070921987,0.0,True,True,True,Decision curve computed from existing probability score; no policy selection on test.,False,0.01-0.80,0.21330134680134683
taiwan,validation,Taiwan capacity SCRE top20,SCRE-Optimized ranking,0.07,1308,3926,0.16874910394265233,0.16254480286738351,0.0,True,True,True,Decision curve computed from existing probability score; no policy selection on test.,False,0.01-0.80,0.21330134680134683
taiwan,validation,Taiwan capacity SCRE top20,SCRE-Optimized ranking,0.08,1292,3688,0.1618840579710145,0.15344202898550727,0.0,True,True,True,Decision curve computed from existing probability score; no policy selection on test.,False,0.01-0.80,0.21330134680134683
taiwan,validation,Taiwan capacity SCRE top20,SCRE-Optimized ranking,0.09,1276,3461,0.15561721611721613,0.14413919413919415,0.0,True,True,True,Decision curve computed from existing probability score; no policy selection on test.,False,0.01-0.80,0.21330134680134683
taiwan,validation,Taiwan capacity SCRE top20,SCRE-Optimized ranking,0.1,1257,3202,0.1502037037037037,0.13462962962962965,0.0,True,True,True,Decision curve computed from existing probability score; no policy selection on test.,False,0.01-0.80,0.21330134680134683
taiwan,validation,Taiwan capacity SCRE top20,SCRE-Optimized ranking,0.11,1231,2936,0.144687265917603,0.12490636704119852,0.0,True,True,True,Decision curve computed from existing probability score; no policy selection on test.,False,0.01-0.80,0.21330134680134683
taiwan,validation,Taiwan capacity SCRE top20,SCRE-Optimized ranking,0.12,1215,2669,0.1418409090909091,0.11496212121212124,0.0,True,True,True,Decision curve computed from existing probability score; no policy selection on test.,False,0.01-0.80,0.21330134680134683
taiwan,validation,Taiwan capacity SCRE top20,SCRE-Optimized ranking,0.13,1190,2448,0.13736781609195403,0.10478927203065136,0.0,True,True,True,Decision curve computed from existing probability score; no policy selection on test.,False,0.01-0.80,0.21330134680134683
taiwan,validation,Taiwan capacity SCRE top20,SCRE-Optimized ranking,0.14,1165,2239,0.1334186046511628,0.09437984496124033,0.0,True,True,True,Decision curve computed from existing probability score; no policy selection on test.,False,0.01-0.80,0.21330134680134683
taiwan,validation,Taiwan capacity SCRE top20,SCRE-Optimized ranking,0.15,1141,2038,0.13022549019607843,0.08372549019607844,0.0,True,True,True,Decision curve computed from existing probability score; no policy selection on test.,False,0.01-0.80,0.21330134680134683
taiwan,validation,Taiwan capacity SCRE top20,SCRE-Optimized ranking,0.16,1107,1836,0.12621428571428572,0.07281746031746034,0.0,True,True,True,Decision curve computed from existing probability score; no policy selection on test.,False,0.01-0.80,0.21330134680134683
taiwan,validation,Taiwan capacity SCRE top20,SCRE-Optimized ranking,0.17,1072,1589,0.12442369477911647,0.06164658634538153,0.0,True,True,True,Decision curve computed from existing probability score; no policy selection on test.,False,0.01-0.80,0.21330134680134683
taiwan,validation,Taiwan capacity SCRE top20,SCRE-Optimized ranking,0.18,1024,1420,0.11871544715447155,0.05020325203252038,0.0,True,True,True,Decision curve computed from existing probability score; no policy selection on test.,False,0.01-0.80,0.21330134680134683
taiwan,validation,Taiwan capacity SCRE top20,SCRE-Optimized ranking,0.19,975,1266,0.11300617283950617,0.03847736625514406,0.0,True,True,True,Decision curve computed from existing probability score; no policy selection on test.,False,0.01-0.80,0.21330134680134683
taiwan,validation,Taiwan capacity SCRE top20,SCRE-Optimized ranking,0.2,932,1145,0.107625,0.02645833333333336,0.0,True,True,True,Decision curve computed from existing probability score; no policy selection on test.,False,0.01-0.80,0.21330134680134683
taiwan,validation,Taiwan capacity SCRE top20,SCRE-Optimized ranking,0.21,894,1041,0.10287974683544304,0.014135021097046452,0.0,True,True,True,Decision curve computed from existing probability score; no policy selection on test.,False,0.01-0.80,0.21330134680134683
taiwan,validation,Taiwan capacity SCRE top20,SCRE-Optimized ranking,0.22,868,971,0.09902136752136753,0.0014957264957265182,0.0,True,True,True,Decision curve computed from existing probability score; no policy selection on test.,False,0.01-0.80,0.21330134680134683
taiwan,validation,Taiwan capacity SCRE top20,SCRE-Optimized ranking,0.23,850,904,0.09666233766233766,-0.011471861471861439,0.0,True,True,True,Decision curve computed from existing probability score; no policy selection on test.,False,0.01-0.80,0.21330134680134683
taiwan,validation,Taiwan capacity SCRE top20,SCRE-Optimized ranking,0.24,826,834,0.0937719298245614,-0.02478070175438593,0.0,True,True,True,Decision curve computed from existing probability score; no policy selection on test.,False,0.01-0.80,0.21330134680134683
taiwan,validation,Taiwan capacity SCRE top20,SCRE-Optimized ranking,0.25,811,791,0.09122222222222222,-0.03844444444444439,0.0,True,True,True,Decision curve computed from existing probability score; no policy selection on test.,False,0.01-0.80,0.21330134680134683
taiwan,validation,Taiwan capacity SCRE top20,SCRE-Optimized ranking,0.26,795,745,0.08887387387387388,-0.05247747747747744,0.0,True,True,True,Decision curve computed from existing probability score; no policy selection on test.,False,0.01-0.80,0.21330134680134683
taiwan,validation,Taiwan capacity SCRE top20,SCRE-Optimized ranking,0.27,778,702,0.08639269406392694,-0.06689497716894977,0.0,True,True,True,Decision curve computed from existing probability score; no policy selection on test.,False,0.01-0.80,0.21330134680134683
taiwan,validation,Taiwan capacity SCRE top20,SCRE-Optimized ranking,0.28,766,666,0.0845,-0.08171296296296299,0.0,True,True,True,Decision curve computed from existing probability score; no policy selection on test.,False,0.01-0.80,0.21330134680134683
taiwan,validation,Taiwan capacity SCRE top20,SCRE-Optimized ranking,0.29,753,634,0.08234037558685445,-0.09694835680751168,0.0,True,True,True,Decision curve computed from existing probability score; no policy selection on test.,False,0.01-0.80,0.21330134680134683
taiwan,validation,Taiwan capacity SCRE top20,SCRE-Optimized ranking,0.3,739,618,0.07902380952380952,-0.11261904761904762,0.0,True,True,True,Decision curve computed from existing probability score; no policy selection on test.,False,0.01-0.80,0.21330134680134683
taiwan,validation,Taiwan capacity SCRE top20,SCRE-Optimized ranking,0.31,728,587,0.0773792270531401,-0.12874396135265698,0.0,True,True,True,Decision curve computed from existing probability score; no policy selection on test.,False,0.01-0.80,0.21330134680134683
taiwan,validation,Taiwan capacity SCRE top20,SCRE-Optimized ranking,0.32,723,559,0.07665686274509803,-0.14534313725490194,0.0,True,True,True,Decision curve computed from existing probability score; no policy selection on test.,False,0.01-0.80,0.21330134680134683
taiwan,validation,Taiwan capacity SCRE top20,SCRE-Optimized ranking,0.33,708,531,0.07441044776119402,-0.16243781094527365,0.0,True,True,True,Decision curve computed from existing probability score; no policy selection on test.,False,0.01-0.80,0.21330134680134683
taiwan,validation,Taiwan capacity SCRE top20,SCRE-Optimized ranking,0.34,694,482,0.07428282828282827,-0.18005050505050507,0.0,True,True,True,Decision curve computed from existing probability score; no policy selection on test.,False,0.01-0.80,0.21330134680134683
taiwan,validation,Taiwan capacity SCRE top20,SCRE-Optimized ranking,0.35,672,451,0.07152564102564102,-0.19820512820512814,0.0,True,True,True,Decision curve computed from existing probability score; no policy selection on test.,False,0.01-0.80,0.21330134680134683
taiwan,validation,Taiwan capacity SCRE top20,SCRE-Optimized ranking,0.36,655,423,0.06951041666666666,-0.21692708333333327,0.0,True,True,True,Decision curve computed from existing probability score; no policy selection on test.,False,0.01-0.80,0.21330134680134683
taiwan,validation,Taiwan capacity SCRE top20,SCRE-Optimized ranking,0.37,646,400,0.0685132275132275,-0.2362433862433862,0.0,True,True,True,Decision curve computed from existing probability score; no policy selection on test.,False,0.01-0.80,0.21330134680134683
taiwan,validation,Taiwan capacity SCRE top20,SCRE-Optimized ranking,0.38,632,381,0.06641397849462366,-0.2561827956989247,0.0,True,True,True,Decision curve computed from existing probability score; no policy selection on test.,False,0.01-0.80,0.21330134680134683
taiwan,validation,Taiwan capacity SCRE top20,SCRE-Optimized ranking,0.39,619,363,0.06448633879781421,-0.27677595628415297,0.0,True,True,True,Decision curve computed from existing probability score; no policy selection on test.,False,0.01-0.80,0.21330134680134683
taiwan,validation,Taiwan capacity SCRE top20,SCRE-Optimized ranking,0.4,606,352,0.06188888888888889,-0.2980555555555556,0.0,True,True,True,Decision curve computed from existing probability score; no policy selection on test.,False,0.01-0.80,0.21330134680134683
taiwan,validation,Taiwan capacity SCRE top20,SCRE-Optimized ranking,0.41,591,338,0.05935310734463278,-0.320056497175141,0.0,True,True,True,Decision curve computed from existing probability score; no policy selection on test.,False,0.01-0.80,0.21330134680134683
taiwan,validation,Taiwan capacity SCRE top20,SCRE-Optimized ranking,0.42,574,314,0.05777011494252873,-0.3428160919540228,0.0,True,True,True,Decision curve computed from existing probability score; no policy selection on test.,False,0.01-0.80,0.21330134680134683
taiwan,validation,Taiwan capacity SCRE top20,SCRE-Optimized ranking,0.43,558,305,0.054652046783625736,-0.36637426900584785,0.0,True,True,True,Decision curve computed from existing probability score; no policy selection on test.,False,0.01-0.80,0.21330134680134683
taiwan,validation,Taiwan capacity SCRE top20,SCRE-Optimized ranking,0.44,546,291,0.05289285714285714,-0.3907738095238094,0.0,True,True,True,Decision curve computed from existing probability score; no policy selection on test.,False,0.01-0.80,0.21330134680134683
taiwan,validation,Taiwan capacity SCRE top20,SCRE-Optimized ranking,0.45,530,275,0.05083333333333334,-0.41606060606060596,0.0,True,True,True,Decision curve computed from existing probability score; no policy selection on test.,False,0.01-0.80,0.21330134680134683
taiwan,validation,Taiwan capacity SCRE top20,SCRE-Optimized ranking,0.46,521,261,0.04977777777777778,-0.4422839506172839,0.0,True,True,True,Decision curve computed from existing probability score; no policy selection on test.,False,0.01-0.80,0.21330134680134683
taiwan,validation,Taiwan capacity SCRE top20,SCRE-Optimized ranking,0.47,513,238,0.05032389937106919,-0.46949685534591185,0.0,True,True,True,Decision curve computed from existing probability score; no policy selection on test.,False,0.01-0.80,0.21330134680134683
taiwan,validation,Taiwan capacity SCRE top20,SCRE-Optimized ranking,0.48,504,232,0.048307692307692315,-0.4977564102564101,0.0,True,True,True,Decision curve computed from existing probability score; no policy selection on test.,False,0.01-0.80,0.21330134680134683
taiwan,validation,Taiwan capacity SCRE top20,SCRE-Optimized ranking,0.49,490,224,0.04579738562091503,-0.5271241830065359,0.0,True,True,True,Decision curve computed from existing probability score; no policy selection on test.,False,0.01-0.80,0.21330134680134683
taiwan,validation,Taiwan capacity SCRE top20,SCRE-Optimized ranking,0.5,475,213,0.043666666666666666,-0.5576666666666665,0.0,True,True,True,Decision curve computed from existing probability score; no policy selection on test.,False,0.01-0.80,0.21330134680134683
taiwan,validation,Taiwan capacity SCRE top20,SCRE-Optimized ranking,0.51,458,201,0.04146598639455782,-0.5894557823129252,0.0,True,True,True,Decision curve computed from existing probability score; no policy selection on test.,False,0.01-0.80,0.21330134680134683
taiwan,validation,Taiwan capacity SCRE top20,SCRE-Optimized ranking,0.52,450,192,0.040333333333333325,-0.6225694444444445,0.0,True,True,True,Decision curve computed from existing probability score; no policy selection on test.,False,0.01-0.80,0.21330134680134683
taiwan,validation,Taiwan capacity SCRE top20,SCRE-Optimized ranking,0.53,434,185,0.037563829787234035,-0.6570921985815603,0.0,True,True,True,Decision curve computed from existing probability score; no policy selection on test.,False,0.01-0.80,0.21330134680134683
taiwan,validation,Taiwan capacity SCRE top20,SCRE-Optimized ranking,0.54,424,172,0.03701449275362319,-0.6931159420289854,0.0,True,True,True,Decision curve computed from existing probability score; no policy selection on test.,False,0.01-0.80,0.21330134680134683
taiwan,validation,Taiwan capacity SCRE top20,SCRE-Optimized ranking,0.55,413,167,0.0348148148148148,-0.7307407407407409,0.0,True,True,True,Decision curve computed from existing probability score; no policy selection on test.,False,0.01-0.80,0.21330134680134683
taiwan,validation,Taiwan capacity SCRE top20,SCRE-Optimized ranking,0.56,404,160,0.03339393939393938,-0.7700757575757577,0.0,True,True,True,Decision curve computed from existing probability score; no policy selection on test.,False,0.01-0.80,0.21330134680134683
taiwan,validation,Taiwan capacity SCRE top20,SCRE-Optimized ranking,0.57,393,155,0.031255813953488386,-0.811240310077519,0.0,True,True,True,Decision curve computed from existing probability score; no policy selection on test.,False,0.01-0.80,0.21330134680134683
taiwan,validation,Taiwan capacity SCRE top20,SCRE-Optimized ranking,0.58,378,148,0.02893650793650794,-0.854365079365079,0.0,True,True,True,Decision curve computed from existing probability score; no policy selection on test.,False,0.01-0.80,0.21330134680134683
taiwan,validation,Taiwan capacity SCRE top20,SCRE-Optimized ranking,0.59,369,137,0.028642276422764235,-0.899593495934959,0.0,True,True,True,Decision curve computed from existing probability score; no policy selection on test.,False,0.01-0.80,0.21330134680134683
taiwan,validation,Taiwan capacity SCRE top20,SCRE-Optimized ranking,0.6,360,133,0.026750000000000003,-0.947083333333333,0.0,True,True,True,Decision curve computed from existing probability score; no policy selection on test.,False,0.01-0.80,0.21330134680134683
taiwan,validation,Taiwan capacity SCRE top20,SCRE-Optimized ranking,0.61,351,125,0.025914529914529923,-0.9970085470085468,0.0,True,True,True,Decision curve computed from existing probability score; no policy selection on test.,False,0.01-0.80,0.21330134680134683
taiwan,validation,Taiwan capacity SCRE top20,SCRE-Optimized ranking,0.62,336,115,0.0247280701754386,-1.0495614035087717,0.0,True,True,True,Decision curve computed from existing probability score; no policy selection on test.,False,0.01-0.80,0.21330134680134683
taiwan,validation,Taiwan capacity SCRE top20,SCRE-Optimized ranking,0.63,323,106,0.02375225225225225,-1.1049549549549547,0.0,True,True,True,Decision curve computed from existing probability score; no policy selection on test.,False,0.01-0.80,0.21330134680134683
taiwan,validation,Taiwan capacity SCRE top20,SCRE-Optimized ranking,0.64,309,93,0.02394444444444444,-1.1634259259259259,0.0,True,True,True,Decision curve computed from existing probability score; no policy selection on test.,False,0.01-0.80,0.21330134680134683
taiwan,validation,Taiwan capacity SCRE top20,SCRE-Optimized ranking,0.65,299,86,0.02321428571428571,-1.2252380952380952,0.0,True,True,True,Decision curve computed from existing probability score; no policy selection on test.,False,0.01-0.80,0.21330134680134683
taiwan,validation,Taiwan capacity SCRE top20,SCRE-Optimized ranking,0.66,285,83,0.02064705882352941,-1.2906862745098038,0.0,True,True,True,Decision curve computed from existing probability score; no policy selection on test.,False,0.01-0.80,0.21330134680134683
taiwan,validation,Taiwan capacity SCRE top20,SCRE-Optimized ranking,0.67,265,75,0.01878787878787878,-1.3601010101010103,0.0,True,True,True,Decision curve computed from existing probability score; no policy selection on test.,False,0.01-0.80,0.21330134680134683
taiwan,validation,Taiwan capacity SCRE top20,SCRE-Optimized ranking,0.68,248,67,0.01760416666666666,-1.4338541666666669,0.0,True,True,True,Decision curve computed from existing probability score; no policy selection on test.,False,0.01-0.80,0.21330134680134683
taiwan,validation,Taiwan capacity SCRE top20,SCRE-Optimized ranking,0.69,235,62,0.016166666666666676,-1.5123655913978487,0.0,True,True,True,Decision curve computed from existing probability score; no policy selection on test.,False,0.01-0.80,0.21330134680134683
taiwan,validation,Taiwan capacity SCRE top20,SCRE-Optimized ranking,0.7,216,56,0.01422222222222222,-1.5961111111111106,0.0,True,True,True,Decision curve computed from existing probability score; no policy selection on test.,False,0.01-0.80,0.21330134680134683
taiwan,validation,Taiwan capacity SCRE top20,SCRE-Optimized ranking,0.71,195,45,0.014137931034482763,-1.6856321839080455,0.0,True,True,True,Decision curve computed from existing probability score; no policy selection on test.,False,0.01-0.80,0.21330134680134683
taiwan,validation,Taiwan capacity SCRE top20,SCRE-Optimized ranking,0.72,178,41,0.012095238095238096,-1.7815476190476185,0.0,True,True,True,Decision curve computed from existing probability score; no policy selection on test.,False,0.01-0.80,0.21330134680134683
taiwan,validation,Taiwan capacity SCRE top20,SCRE-Optimized ranking,0.73,156,34,0.010679012345679013,-1.8845679012345673,0.0,True,True,True,Decision curve computed from existing probability score; no policy selection on test.,False,0.01-0.80,0.21330134680134683
taiwan,validation,Taiwan capacity SCRE top20,SCRE-Optimized ranking,0.74,134,30,0.008102564102564104,-1.9955128205128199,0.0,True,True,True,Decision curve computed from existing probability score; no policy selection on test.,False,0.01-0.80,0.21330134680134683
taiwan,validation,Taiwan capacity SCRE top20,SCRE-Optimized ranking,0.75,108,22,0.006999999999999999,-2.1153333333333335,0.0,True,True,True,Decision curve computed from existing probability score; no policy selection on test.,False,0.01-0.80,0.21330134680134683
taiwan,validation,Taiwan capacity SCRE top20,SCRE-Optimized ranking,0.76,76,15,0.004749999999999999,-2.245138888888889,0.0,True,True,True,Decision curve computed from existing probability score; no policy selection on test.,False,0.01-0.80,0.21330134680134683
taiwan,validation,Taiwan capacity SCRE top20,SCRE-Optimized ranking,0.77,48,9,0.0029782608695652175,-2.3862318840579713,0.0,True,True,True,Decision curve computed from existing probability score; no policy selection on test.,False,0.01-0.80,0.21330134680134683
taiwan,validation,Taiwan capacity SCRE top20,SCRE-Optimized ranking,0.78,34,7,0.0015303030303030303,-2.5401515151515155,0.0,True,True,False,Decision curve computed from existing probability score; no policy selection on test.,False,0.01-0.80,0.21330134680134683
taiwan,validation,Taiwan capacity SCRE top20,SCRE-Optimized ranking,0.79,24,4,0.0014920634920634916,-2.7087301587301593,0.0,True,True,False,Decision curve computed from existing probability score; no policy selection on test.,False,0.01-0.80,0.21330134680134683
taiwan,validation,Taiwan capacity SCRE top20,SCRE-Optimized ranking,0.8,21,2,0.0021666666666666666,-2.8941666666666674,0.0,True,True,True,Decision curve computed from existing probability score; no policy selection on test.,False,0.01-0.80,0.21330134680134683
taiwan,locked_test,Taiwan capacity SCRE top20,SCRE-Optimized ranking,0.01,1327,4671,0.21330303030303033,0.21329966329966332,0.0,True,True,True,Decision curve computed from existing probability score; no policy selection on test.,False,0.01-0.80,0.21330303030303033
taiwan,locked_test,Taiwan capacity SCRE top20,SCRE-Optimized ranking,0.02,1326,4658,0.205156462585034,0.20527210884353742,0.0,False,True,False,Decision curve computed from existing probability score; no policy selection on test.,False,0.01-0.80,0.21330303030303033
taiwan,locked_test,Taiwan capacity SCRE top20,SCRE-Optimized ranking,0.03,1326,4605,0.19726288659793814,0.1970790378006873,0.0,True,True,False,Decision curve computed from existing probability score; no policy selection on test.,False,0.01-0.80,0.21330303030303033
taiwan,locked_test,Taiwan capacity SCRE top20,SCRE-Optimized ranking,0.04,1322,4514,0.1889861111111111,0.1887152777777778,0.0,True,True,True,Decision curve computed from existing probability score; no policy selection on test.,False,0.01-0.80,0.21330303030303033
taiwan,locked_test,Taiwan capacity SCRE top20,SCRE-Optimized ranking,0.05,1313,4378,0.1804298245614035,0.18017543859649124,0.0,True,True,False,Decision curve computed from existing probability score; no policy selection on test.,False,0.01-0.80,0.21330303030303033
taiwan,locked_test,Taiwan capacity SCRE top20,SCRE-Optimized ranking,0.06,1308,4175,0.17358510638297872,0.17145390070921987,0.0,True,True,True,Decision curve computed from existing probability score; no policy selection on test.,False,0.01-0.80,0.21330303030303033
taiwan,locked_test,Taiwan capacity SCRE top20,SCRE-Optimized ranking,0.07,1291,3962,0.16546415770609318,0.16254480286738351,0.0,True,True,False,Decision curve computed from existing probability score; no policy selection on test.,False,0.01-0.80,0.21330303030303033
taiwan,locked_test,Taiwan capacity SCRE top20,SCRE-Optimized ranking,0.08,1275,3734,0.15838405797101449,0.15344202898550727,0.0,True,True,False,Decision curve computed from existing probability score; no policy selection on test.,False,0.01-0.80,0.21330303030303033
taiwan,locked_test,Taiwan capacity SCRE top20,SCRE-Optimized ranking,0.09,1258,3496,0.15204029304029304,0.14413919413919415,0.0,True,True,False,Decision curve computed from existing probability score; no policy selection on test.,False,0.01-0.80,0.21330303030303033
taiwan,locked_test,Taiwan capacity SCRE top20,SCRE-Optimized ranking,0.1,1239,3248,0.14635185185185184,0.13462962962962965,0.0,True,True,True,Decision curve computed from existing probability score; no policy selection on test.,False,0.01-0.80,0.21330303030303033
taiwan,locked_test,Taiwan capacity SCRE top20,SCRE-Optimized ranking,0.11,1208,2979,0.1399681647940075,0.12490636704119852,0.0,True,True,False,Decision curve computed from existing probability score; no policy selection on test.,False,0.01-0.80,0.21330303030303033
taiwan,locked_test,Taiwan capacity SCRE top20,SCRE-Optimized ranking,0.12,1188,2686,0.13695454545454547,0.11496212121212124,0.0,True,True,True,Decision curve computed from existing probability score; no policy selection on test.,False,0.01-0.80,0.21330303030303033
taiwan,locked_test,Taiwan capacity SCRE top20,SCRE-Optimized ranking,0.13,1157,2466,0.13141954022988506,0.10478927203065136,0.0,True,True,True,Decision curve computed from existing probability score; no policy selection on test.,False,0.01-0.80,0.21330303030303033
taiwan,locked_test,Taiwan capacity SCRE top20,SCRE-Optimized ranking,0.14,1133,2261,0.12748837209302324,0.09437984496124033,0.0,True,True,True,Decision curve computed from existing probability score; no policy selection on test.,False,0.01-0.80,0.21330303030303033
taiwan,locked_test,Taiwan capacity SCRE top20,SCRE-Optimized ranking,0.15,1089,2094,0.11991176470588236,0.08372549019607844,0.0,True,True,False,Decision curve computed from existing probability score; no policy selection on test.,False,0.01-0.80,0.21330303030303033
taiwan,locked_test,Taiwan capacity SCRE top20,SCRE-Optimized ranking,0.16,1049,1907,0.11429365079365078,0.07281746031746034,0.0,True,True,False,Decision curve computed from existing probability score; no policy selection on test.,False,0.01-0.80,0.21330303030303033
taiwan,locked_test,Taiwan capacity SCRE top20,SCRE-Optimized ranking,0.17,1007,1701,0.10976706827309238,0.06164658634538153,0.0,True,True,True,Decision curve computed from existing probability score; no policy selection on test.,False,0.01-0.80,0.21330303030303033
taiwan,locked_test,Taiwan capacity SCRE top20,SCRE-Optimized ranking,0.18,948,1489,0.10352439024390245,0.05020325203252038,0.0,True,True,False,Decision curve computed from existing probability score; no policy selection on test.,False,0.01-0.80,0.21330303030303033
taiwan,locked_test,Taiwan capacity SCRE top20,SCRE-Optimized ranking,0.19,923,1323,0.1021111111111111,0.03847736625514406,0.0,True,True,False,Decision curve computed from existing probability score; no policy selection on test.,False,0.01-0.80,0.21330303030303033
taiwan,locked_test,Taiwan capacity SCRE top20,SCRE-Optimized ranking,0.2,896,1200,0.09933333333333334,0.02645833333333336,0.0,True,True,False,Decision curve computed from existing probability score; no policy selection on test.,False,0.01-0.80,0.21330303030303033
taiwan,locked_test,Taiwan capacity SCRE top20,SCRE-Optimized ranking,0.21,878,1107,0.09728902953586499,0.014135021097046452,0.0,True,True,True,Decision curve computed from existing probability score; no policy selection on test.,False,0.01-0.80,0.21330303030303033
taiwan,locked_test,Taiwan capacity SCRE top20,SCRE-Optimized ranking,0.22,855,1031,0.09403418803418802,0.0014957264957265182,0.0,True,True,False,Decision curve computed from existing probability score; no policy selection on test.,False,0.01-0.80,0.21330303030303033
taiwan,locked_test,Taiwan capacity SCRE top20,SCRE-Optimized ranking,0.23,836,948,0.09213852813852814,-0.011471861471861439,0.0,True,True,False,Decision curve computed from existing probability score; no policy selection on test.,False,0.01-0.80,0.21330303030303033
taiwan,locked_test,Taiwan capacity SCRE top20,SCRE-Optimized ranking,0.24,826,879,0.09140350877192982,-0.02478070175438593,0.0,True,True,False,Decision curve computed from existing probability score; no policy selection on test.,False,0.01-0.80,0.21330303030303033
taiwan,locked_test,Taiwan capacity SCRE top20,SCRE-Optimized ranking,0.25,812,830,0.08922222222222223,-0.03844444444444439,0.0,True,True,False,Decision curve computed from existing probability score; no policy selection on test.,False,0.01-0.80,0.21330303030303033
taiwan,locked_test,Taiwan capacity SCRE top20,SCRE-Optimized ranking,0.26,794,780,0.08665765765765765,-0.05247747747747744,0.0,True,True,False,Decision curve computed from existing probability score; no policy selection on test.,False,0.01-0.80,0.21330303030303033
taiwan,locked_test,Taiwan capacity SCRE top20,SCRE-Optimized ranking,0.27,781,739,0.08461187214611873,-0.06689497716894977,0.0,True,True,True,Decision curve computed from existing probability score; no policy selection on test.,False,0.01-0.80,0.21330303030303033
taiwan,locked_test,Taiwan capacity SCRE top20,SCRE-Optimized ranking,0.28,770,701,0.08289814814814814,-0.08171296296296299,0.0,True,True,False,Decision curve computed from existing probability score; no policy selection on test.,False,0.01-0.80,0.21330303030303033
taiwan,locked_test,Taiwan capacity SCRE top20,SCRE-Optimized ranking,0.29,750,666,0.07966197183098592,-0.09694835680751168,0.0,True,True,False,Decision curve computed from existing probability score; no policy selection on test.,False,0.01-0.80,0.21330303030303033
taiwan,locked_test,Taiwan capacity SCRE top20,SCRE-Optimized ranking,0.3,741,626,0.07878571428571428,-0.11261904761904762,0.0,True,True,True,Decision curve computed from existing probability score; no policy selection on test.,False,0.01-0.80,0.21330303030303033
taiwan,locked_test,Taiwan capacity SCRE top20,SCRE-Optimized ranking,0.31,726,594,0.07652173913043478,-0.12874396135265698,0.0,True,True,True,Decision curve computed from existing probability score; no policy selection on test.,False,0.01-0.80,0.21330303030303033
taiwan,locked_test,Taiwan capacity SCRE top20,SCRE-Optimized ranking,0.32,713,571,0.07404901960784313,-0.14534313725490194,0.0,True,True,True,Decision curve computed from existing probability score; no policy selection on test.,False,0.01-0.80,0.21330303030303033
taiwan,locked_test,Taiwan capacity SCRE top20,SCRE-Optimized ranking,0.33,695,551,0.07060199004975123,-0.16243781094527365,0.0,True,True,True,Decision curve computed from existing probability score; no policy selection on test.,False,0.01-0.80,0.21330303030303033
taiwan,locked_test,Taiwan capacity SCRE top20,SCRE-Optimized ranking,0.34,677,515,0.0686161616161616,-0.18005050505050507,0.0,True,True,False,Decision curve computed from existing probability score; no policy selection on test.,False,0.01-0.80,0.21330303030303033
taiwan,locked_test,Taiwan capacity SCRE top20,SCRE-Optimized ranking,0.35,655,483,0.06582051282051282,-0.19820512820512814,0.0,True,True,False,Decision curve computed from existing probability score; no policy selection on test.,False,0.01-0.80,0.21330303030303033
taiwan,locked_test,Taiwan capacity SCRE top20,SCRE-Optimized ranking,0.36,634,450,0.06347916666666667,-0.21692708333333327,0.0,True,True,True,Decision curve computed from existing probability score; no policy selection on test.,False,0.01-0.80,0.21330303030303033
taiwan,locked_test,Taiwan capacity SCRE top20,SCRE-Optimized ranking,0.37,620,427,0.061537037037037036,-0.2362433862433862,0.0,True,True,True,Decision curve computed from existing probability score; no policy selection on test.,False,0.01-0.80,0.21330303030303033
taiwan,locked_test,Taiwan capacity SCRE top20,SCRE-Optimized ranking,0.38,609,411,0.059516129032258065,-0.2561827956989247,0.0,True,True,True,Decision curve computed from existing probability score; no policy selection on test.,False,0.01-0.80,0.21330303030303033
taiwan,locked_test,Taiwan capacity SCRE top20,SCRE-Optimized ranking,0.39,601,391,0.05850273224043716,-0.27677595628415297,0.0,True,True,True,Decision curve computed from existing probability score; no policy selection on test.,False,0.01-0.80,0.21330303030303033
taiwan,locked_test,Taiwan capacity SCRE top20,SCRE-Optimized ranking,0.4,590,374,0.05677777777777777,-0.2980555555555556,0.0,True,True,True,Decision curve computed from existing probability score; no policy selection on test.,False,0.01-0.80,0.21330303030303033
taiwan,locked_test,Taiwan capacity SCRE top20,SCRE-Optimized ranking,0.41,576,359,0.05442090395480227,-0.320056497175141,0.0,True,True,False,Decision curve computed from existing probability score; no policy selection on test.,False,0.01-0.80,0.21330303030303033
taiwan,locked_test,Taiwan capacity SCRE top20,SCRE-Optimized ranking,0.42,560,337,0.052660919540229896,-0.3428160919540228,0.0,True,True,False,Decision curve computed from existing probability score; no policy selection on test.,False,0.01-0.80,0.21330303030303033
taiwan,locked_test,Taiwan capacity SCRE top20,SCRE-Optimized ranking,0.43,544,317,0.05080994152046785,-0.36637426900584785,0.0,True,True,False,Decision curve computed from existing probability score; no policy selection on test.,False,0.01-0.80,0.21330303030303033
taiwan,locked_test,Taiwan capacity SCRE top20,SCRE-Optimized ranking,0.44,535,306,0.0490952380952381,-0.3907738095238094,0.0,True,True,False,Decision curve computed from existing probability score; no policy selection on test.,False,0.01-0.80,0.21330303030303033
taiwan,locked_test,Taiwan capacity SCRE top20,SCRE-Optimized ranking,0.45,518,285,0.04746969696969697,-0.41606060606060596,0.0,True,True,False,Decision curve computed from existing probability score; no policy selection on test.,False,0.01-0.80,0.21330303030303033
taiwan,locked_test,Taiwan capacity SCRE top20,SCRE-Optimized ranking,0.46,510,272,0.04638271604938272,-0.4422839506172839,0.0,True,True,True,Decision curve computed from existing probability score; no policy selection on test.,False,0.01-0.80,0.21330303030303033
taiwan,locked_test,Taiwan capacity SCRE top20,SCRE-Optimized ranking,0.47,493,260,0.04373899371069183,-0.46949685534591185,0.0,True,True,False,Decision curve computed from existing probability score; no policy selection on test.,False,0.01-0.80,0.21330303030303033
taiwan,locked_test,Taiwan capacity SCRE top20,SCRE-Optimized ranking,0.48,486,250,0.042538461538461546,-0.4977564102564101,0.0,True,True,False,Decision curve computed from existing probability score; no policy selection on test.,False,0.01-0.80,0.21330303030303033
taiwan,locked_test,Taiwan capacity SCRE top20,SCRE-Optimized ranking,0.49,476,234,0.04186274509803922,-0.5271241830065359,0.0,True,True,False,Decision curve computed from existing probability score; no policy selection on test.,False,0.01-0.80,0.21330303030303033
taiwan,locked_test,Taiwan capacity SCRE top20,SCRE-Optimized ranking,0.5,468,228,0.04,-0.5576666666666665,0.0,True,True,False,Decision curve computed from existing probability score; no policy selection on test.,False,0.01-0.80,0.21330303030303033
taiwan,locked_test,Taiwan capacity SCRE top20,SCRE-Optimized ranking,0.51,457,215,0.03887074829931972,-0.5894557823129252,0.0,True,True,False,Decision curve computed from existing probability score; no policy selection on test.,False,0.01-0.80,0.21330303030303033
taiwan,locked_test,Taiwan capacity SCRE top20,SCRE-Optimized ranking,0.52,448,207,0.03729166666666667,-0.6225694444444445,0.0,True,True,False,Decision curve computed from existing probability score; no policy selection on test.,False,0.01-0.80,0.21330303030303033
taiwan,locked_test,Taiwan capacity SCRE top20,SCRE-Optimized ranking,0.53,442,200,0.03607801418439716,-0.6570921985815603,0.0,True,True,True,Decision curve computed from existing probability score; no policy selection on test.,False,0.01-0.80,0.21330303030303033
taiwan,locked_test,Taiwan capacity SCRE top20,SCRE-Optimized ranking,0.54,438,195,0.03484782608695651,-0.6931159420289854,0.0,True,True,True,Decision curve computed from existing probability score; no policy selection on test.,False,0.01-0.80,0.21330303030303033
taiwan,locked_test,Taiwan capacity SCRE top20,SCRE-Optimized ranking,0.55,433,192,0.033055555555555546,-0.7307407407407409,0.0,True,True,False,Decision curve computed from existing probability score; no policy selection on test.,False,0.01-0.80,0.21330303030303033
taiwan,locked_test,Taiwan capacity SCRE top20,SCRE-Optimized ranking,0.56,423,184,0.03146969696969696,-0.7700757575757577,0.0,True,True,True,Decision curve computed from existing probability score; no policy selection on test.,False,0.01-0.80,0.21330303030303033
taiwan,locked_test,Taiwan capacity SCRE top20,SCRE-Optimized ranking,0.57,412,177,0.02956201550387598,-0.811240310077519,0.0,True,True,False,Decision curve computed from existing probability score; no policy selection on test.,False,0.01-0.80,0.21330303030303033
taiwan,locked_test,Taiwan capacity SCRE top20,SCRE-Optimized ranking,0.58,405,169,0.028603174603174616,-0.854365079365079,0.0,True,True,True,Decision curve computed from existing probability score; no policy selection on test.,False,0.01-0.80,0.21330303030303033
taiwan,locked_test,Taiwan capacity SCRE top20,SCRE-Optimized ranking,0.59,399,161,0.02788617886178863,-0.899593495934959,0.0,True,True,True,Decision curve computed from existing probability score; no policy selection on test.,False,0.01-0.80,0.21330303030303033
taiwan,locked_test,Taiwan capacity SCRE top20,SCRE-Optimized ranking,0.6,387,154,0.02600000000000001,-0.947083333333333,0.0,True,True,True,Decision curve computed from existing probability score; no policy selection on test.,False,0.01-0.80,0.21330303030303033
taiwan,locked_test,Taiwan capacity SCRE top20,SCRE-Optimized ranking,0.61,371,139,0.0255982905982906,-0.9970085470085468,0.0,True,True,True,Decision curve computed from existing probability score; no policy selection on test.,False,0.01-0.80,0.21330303030303033
taiwan,locked_test,Taiwan capacity SCRE top20,SCRE-Optimized ranking,0.62,354,129,0.023921052631578947,-1.0495614035087717,0.0,True,True,True,Decision curve computed from existing probability score; no policy selection on test.,False,0.01-0.80,0.21330303030303033
taiwan,locked_test,Taiwan capacity SCRE top20,SCRE-Optimized ranking,0.63,339,121,0.022162162162162165,-1.1049549549549547,0.0,True,True,True,Decision curve computed from existing probability score; no policy selection on test.,False,0.01-0.80,0.21330303030303033
taiwan,locked_test,Taiwan capacity SCRE top20,SCRE-Optimized ranking,0.64,323,113,0.020351851851851843,-1.1634259259259259,0.0,True,True,True,Decision curve computed from existing probability score; no policy selection on test.,False,0.01-0.80,0.21330303030303033
taiwan,locked_test,Taiwan capacity SCRE top20,SCRE-Optimized ranking,0.65,301,102,0.01859523809523809,-1.2252380952380952,0.0,True,True,True,Decision curve computed from existing probability score; no policy selection on test.,False,0.01-0.80,0.21330303030303033
taiwan,locked_test,Taiwan capacity SCRE top20,SCRE-Optimized ranking,0.66,288,95,0.017264705882352935,-1.2906862745098038,0.0,True,True,False,Decision curve computed from existing probability score; no policy selection on test.,False,0.01-0.80,0.21330303030303033
taiwan,locked_test,Taiwan capacity SCRE top20,SCRE-Optimized ranking,0.67,278,86,0.017232323232323224,-1.3601010101010103,0.0,True,True,False,Decision curve computed from existing probability score; no policy selection on test.,False,0.01-0.80,0.21330303030303033
taiwan,locked_test,Taiwan capacity SCRE top20,SCRE-Optimized ranking,0.68,262,79,0.015687499999999993,-1.4338541666666669,0.0,True,True,True,Decision curve computed from existing probability score; no policy selection on test.,False,0.01-0.80,0.21330303030303033
taiwan,locked_test,Taiwan capacity SCRE top20,SCRE-Optimized ranking,0.69,245,72,0.0141236559139785,-1.5123655913978487,0.0,True,True,True,Decision curve computed from existing probability score; no policy selection on test.,False,0.01-0.80,0.21330303030303033
taiwan,locked_test,Taiwan capacity SCRE top20,SCRE-Optimized ranking,0.7,227,63,0.013333333333333332,-1.5961111111111106,0.0,True,True,True,Decision curve computed from existing probability score; no policy selection on test.,False,0.01-0.80,0.21330303030303033
taiwan,locked_test,Taiwan capacity SCRE top20,SCRE-Optimized ranking,0.71,211,54,0.01313218390804598,-1.6856321839080455,0.0,True,True,True,Decision curve computed from existing probability score; no policy selection on test.,False,0.01-0.80,0.21330303030303033
taiwan,locked_test,Taiwan capacity SCRE top20,SCRE-Optimized ranking,0.72,192,46,0.012285714285714289,-1.7815476190476185,0.0,True,True,False,Decision curve computed from existing probability score; no policy selection on test.,False,0.01-0.80,0.21330303030303033
taiwan,locked_test,Taiwan capacity SCRE top20,SCRE-Optimized ranking,0.73,169,36,0.011944444444444445,-1.8845679012345673,0.0,True,True,True,Decision curve computed from existing probability score; no policy selection on test.,False,0.01-0.80,0.21330303030303033
taiwan,locked_test,Taiwan capacity SCRE top20,SCRE-Optimized ranking,0.74,140,31,0.00862820512820513,-1.9955128205128199,0.0,True,True,False,Decision curve computed from existing probability score; no policy selection on test.,False,0.01-0.80,0.21330303030303033
taiwan,locked_test,Taiwan capacity SCRE top20,SCRE-Optimized ranking,0.75,121,22,0.009166666666666667,-2.1153333333333335,0.0,True,True,False,Decision curve computed from existing probability score; no policy selection on test.,False,0.01-0.80,0.21330303030303033
taiwan,locked_test,Taiwan capacity SCRE top20,SCRE-Optimized ranking,0.76,98,15,0.008416666666666664,-2.245138888888889,0.0,True,True,True,Decision curve computed from existing probability score; no policy selection on test.,False,0.01-0.80,0.21330303030303033
taiwan,locked_test,Taiwan capacity SCRE top20,SCRE-Optimized ranking,0.77,72,9,0.006978260869565218,-2.3862318840579713,0.0,True,True,False,Decision curve computed from existing probability score; no policy selection on test.,False,0.01-0.80,0.21330303030303033
taiwan,locked_test,Taiwan capacity SCRE top20,SCRE-Optimized ranking,0.78,47,5,0.004878787878787878,-2.5401515151515155,0.0,True,True,False,Decision curve computed from existing probability score; no policy selection on test.,False,0.01-0.80,0.21330303030303033
taiwan,locked_test,Taiwan capacity SCRE top20,SCRE-Optimized ranking,0.79,35,2,0.004579365079365079,-2.7087301587301593,0.0,True,True,True,Decision curve computed from existing probability score; no policy selection on test.,False,0.01-0.80,0.21330303030303033
taiwan,locked_test,Taiwan capacity SCRE top20,SCRE-Optimized ranking,0.8,28,2,0.0033333333333333335,-2.8941666666666674,0.0,True,True,True,Decision curve computed from existing probability score; no policy selection on test.,False,0.01-0.80,0.21330303030303033
taiwan,validation,Taiwan capacity SCRE top25,SCRE-Optimized ranking,0.01,1327,4672,0.21330134680134683,0.21329966329966332,0.0,True,True,True,Decision curve computed from existing probability score; no policy selection on test.,False,0.01-0.80,0.21330134680134683
taiwan,validation,Taiwan capacity SCRE top25,SCRE-Optimized ranking,0.02,1327,4657,0.2053265306122449,0.20527210884353742,0.0,True,True,True,Decision curve computed from existing probability score; no policy selection on test.,False,0.01-0.80,0.21330134680134683
taiwan,validation,Taiwan capacity SCRE top25,SCRE-Optimized ranking,0.03,1327,4615,0.19737800687285223,0.1970790378006873,0.0,True,True,True,Decision curve computed from existing probability score; no policy selection on test.,False,0.01-0.80,0.21330134680134683
taiwan,validation,Taiwan capacity SCRE top25,SCRE-Optimized ranking,0.04,1326,4508,0.18969444444444444,0.1887152777777778,0.0,True,True,True,Decision curve computed from existing probability score; no policy selection on test.,False,0.01-0.80,0.21330134680134683
taiwan,validation,Taiwan capacity SCRE top25,SCRE-Optimized ranking,0.05,1322,4351,0.18216666666666664,0.18017543859649124,0.0,True,True,True,Decision curve computed from existing probability score; no policy selection on test.,False,0.01-0.80,0.21330134680134683
taiwan,validation,Taiwan capacity SCRE top25,SCRE-Optimized ranking,0.06,1318,4134,0.17568794326241136,0.17145390070921987,0.0,True,True,True,Decision curve computed from existing probability score; no policy selection on test.,False,0.01-0.80,0.21330134680134683
taiwan,validation,Taiwan capacity SCRE top25,SCRE-Optimized ranking,0.07,1308,3926,0.16874910394265233,0.16254480286738351,0.0,True,True,True,Decision curve computed from existing probability score; no policy selection on test.,False,0.01-0.80,0.21330134680134683
taiwan,validation,Taiwan capacity SCRE top25,SCRE-Optimized ranking,0.08,1292,3688,0.1618840579710145,0.15344202898550727,0.0,True,True,True,Decision curve computed from existing probability score; no policy selection on test.,False,0.01-0.80,0.21330134680134683
taiwan,validation,Taiwan capacity SCRE top25,SCRE-Optimized ranking,0.09,1276,3461,0.15561721611721613,0.14413919413919415,0.0,True,True,True,Decision curve computed from existing probability score; no policy selection on test.,False,0.01-0.80,0.21330134680134683
taiwan,validation,Taiwan capacity SCRE top25,SCRE-Optimized ranking,0.1,1257,3202,0.1502037037037037,0.13462962962962965,0.0,True,True,True,Decision curve computed from existing probability score; no policy selection on test.,False,0.01-0.80,0.21330134680134683
taiwan,validation,Taiwan capacity SCRE top25,SCRE-Optimized ranking,0.11,1231,2936,0.144687265917603,0.12490636704119852,0.0,True,True,True,Decision curve computed from existing probability score; no policy selection on test.,False,0.01-0.80,0.21330134680134683
taiwan,validation,Taiwan capacity SCRE top25,SCRE-Optimized ranking,0.12,1215,2669,0.1418409090909091,0.11496212121212124,0.0,True,True,True,Decision curve computed from existing probability score; no policy selection on test.,False,0.01-0.80,0.21330134680134683
taiwan,validation,Taiwan capacity SCRE top25,SCRE-Optimized ranking,0.13,1190,2448,0.13736781609195403,0.10478927203065136,0.0,True,True,True,Decision curve computed from existing probability score; no policy selection on test.,False,0.01-0.80,0.21330134680134683
taiwan,validation,Taiwan capacity SCRE top25,SCRE-Optimized ranking,0.14,1165,2239,0.1334186046511628,0.09437984496124033,0.0,True,True,True,Decision curve computed from existing probability score; no policy selection on test.,False,0.01-0.80,0.21330134680134683
taiwan,validation,Taiwan capacity SCRE top25,SCRE-Optimized ranking,0.15,1141,2038,0.13022549019607843,0.08372549019607844,0.0,True,True,True,Decision curve computed from existing probability score; no policy selection on test.,False,0.01-0.80,0.21330134680134683
taiwan,validation,Taiwan capacity SCRE top25,SCRE-Optimized ranking,0.16,1107,1836,0.12621428571428572,0.07281746031746034,0.0,True,True,True,Decision curve computed from existing probability score; no policy selection on test.,False,0.01-0.80,0.21330134680134683
taiwan,validation,Taiwan capacity SCRE top25,SCRE-Optimized ranking,0.17,1072,1589,0.12442369477911647,0.06164658634538153,0.0,True,True,True,Decision curve computed from existing probability score; no policy selection on test.,False,0.01-0.80,0.21330134680134683
taiwan,validation,Taiwan capacity SCRE top25,SCRE-Optimized ranking,0.18,1024,1420,0.11871544715447155,0.05020325203252038,0.0,True,True,True,Decision curve computed from existing probability score; no policy selection on test.,False,0.01-0.80,0.21330134680134683
taiwan,validation,Taiwan capacity SCRE top25,SCRE-Optimized ranking,0.19,975,1266,0.11300617283950617,0.03847736625514406,0.0,True,True,True,Decision curve computed from existing probability score; no policy selection on test.,False,0.01-0.80,0.21330134680134683
taiwan,validation,Taiwan capacity SCRE top25,SCRE-Optimized ranking,0.2,932,1145,0.107625,0.02645833333333336,0.0,True,True,True,Decision curve computed from existing probability score; no policy selection on test.,False,0.01-0.80,0.21330134680134683
taiwan,validation,Taiwan capacity SCRE top25,SCRE-Optimized ranking,0.21,894,1041,0.10287974683544304,0.014135021097046452,0.0,True,True,True,Decision curve computed from existing probability score; no policy selection on test.,False,0.01-0.80,0.21330134680134683
taiwan,validation,Taiwan capacity SCRE top25,SCRE-Optimized ranking,0.22,868,971,0.09902136752136753,0.0014957264957265182,0.0,True,True,True,Decision curve computed from existing probability score; no policy selection on test.,False,0.01-0.80,0.21330134680134683
taiwan,validation,Taiwan capacity SCRE top25,SCRE-Optimized ranking,0.23,850,904,0.09666233766233766,-0.011471861471861439,0.0,True,True,True,Decision curve computed from existing probability score; no policy selection on test.,False,0.01-0.80,0.21330134680134683
taiwan,validation,Taiwan capacity SCRE top25,SCRE-Optimized ranking,0.24,826,834,0.0937719298245614,-0.02478070175438593,0.0,True,True,True,Decision curve computed from existing probability score; no policy selection on test.,False,0.01-0.80,0.21330134680134683
taiwan,validation,Taiwan capacity SCRE top25,SCRE-Optimized ranking,0.25,811,791,0.09122222222222222,-0.03844444444444439,0.0,True,True,True,Decision curve computed from existing probability score; no policy selection on test.,False,0.01-0.80,0.21330134680134683
taiwan,validation,Taiwan capacity SCRE top25,SCRE-Optimized ranking,0.26,795,745,0.08887387387387388,-0.05247747747747744,0.0,True,True,True,Decision curve computed from existing probability score; no policy selection on test.,False,0.01-0.80,0.21330134680134683
taiwan,validation,Taiwan capacity SCRE top25,SCRE-Optimized ranking,0.27,778,702,0.08639269406392694,-0.06689497716894977,0.0,True,True,True,Decision curve computed from existing probability score; no policy selection on test.,False,0.01-0.80,0.21330134680134683
taiwan,validation,Taiwan capacity SCRE top25,SCRE-Optimized ranking,0.28,766,666,0.0845,-0.08171296296296299,0.0,True,True,True,Decision curve computed from existing probability score; no policy selection on test.,False,0.01-0.80,0.21330134680134683
taiwan,validation,Taiwan capacity SCRE top25,SCRE-Optimized ranking,0.29,753,634,0.08234037558685445,-0.09694835680751168,0.0,True,True,True,Decision curve computed from existing probability score; no policy selection on test.,False,0.01-0.80,0.21330134680134683
taiwan,validation,Taiwan capacity SCRE top25,SCRE-Optimized ranking,0.3,739,618,0.07902380952380952,-0.11261904761904762,0.0,True,True,True,Decision curve computed from existing probability score; no policy selection on test.,False,0.01-0.80,0.21330134680134683
taiwan,validation,Taiwan capacity SCRE top25,SCRE-Optimized ranking,0.31,728,587,0.0773792270531401,-0.12874396135265698,0.0,True,True,True,Decision curve computed from existing probability score; no policy selection on test.,False,0.01-0.80,0.21330134680134683
taiwan,validation,Taiwan capacity SCRE top25,SCRE-Optimized ranking,0.32,723,559,0.07665686274509803,-0.14534313725490194,0.0,True,True,True,Decision curve computed from existing probability score; no policy selection on test.,False,0.01-0.80,0.21330134680134683
taiwan,validation,Taiwan capacity SCRE top25,SCRE-Optimized ranking,0.33,708,531,0.07441044776119402,-0.16243781094527365,0.0,True,True,True,Decision curve computed from existing probability score; no policy selection on test.,False,0.01-0.80,0.21330134680134683
taiwan,validation,Taiwan capacity SCRE top25,SCRE-Optimized ranking,0.34,694,482,0.07428282828282827,-0.18005050505050507,0.0,True,True,True,Decision curve computed from existing probability score; no policy selection on test.,False,0.01-0.80,0.21330134680134683
taiwan,validation,Taiwan capacity SCRE top25,SCRE-Optimized ranking,0.35,672,451,0.07152564102564102,-0.19820512820512814,0.0,True,True,True,Decision curve computed from existing probability score; no policy selection on test.,False,0.01-0.80,0.21330134680134683
taiwan,validation,Taiwan capacity SCRE top25,SCRE-Optimized ranking,0.36,655,423,0.06951041666666666,-0.21692708333333327,0.0,True,True,True,Decision curve computed from existing probability score; no policy selection on test.,False,0.01-0.80,0.21330134680134683
taiwan,validation,Taiwan capacity SCRE top25,SCRE-Optimized ranking,0.37,646,400,0.0685132275132275,-0.2362433862433862,0.0,True,True,True,Decision curve computed from existing probability score; no policy selection on test.,False,0.01-0.80,0.21330134680134683
taiwan,validation,Taiwan capacity SCRE top25,SCRE-Optimized ranking,0.38,632,381,0.06641397849462366,-0.2561827956989247,0.0,True,True,True,Decision curve computed from existing probability score; no policy selection on test.,False,0.01-0.80,0.21330134680134683
taiwan,validation,Taiwan capacity SCRE top25,SCRE-Optimized ranking,0.39,619,363,0.06448633879781421,-0.27677595628415297,0.0,True,True,True,Decision curve computed from existing probability score; no policy selection on test.,False,0.01-0.80,0.21330134680134683
taiwan,validation,Taiwan capacity SCRE top25,SCRE-Optimized ranking,0.4,606,352,0.06188888888888889,-0.2980555555555556,0.0,True,True,True,Decision curve computed from existing probability score; no policy selection on test.,False,0.01-0.80,0.21330134680134683
taiwan,validation,Taiwan capacity SCRE top25,SCRE-Optimized ranking,0.41,591,338,0.05935310734463278,-0.320056497175141,0.0,True,True,True,Decision curve computed from existing probability score; no policy selection on test.,False,0.01-0.80,0.21330134680134683
taiwan,validation,Taiwan capacity SCRE top25,SCRE-Optimized ranking,0.42,574,314,0.05777011494252873,-0.3428160919540228,0.0,True,True,True,Decision curve computed from existing probability score; no policy selection on test.,False,0.01-0.80,0.21330134680134683
taiwan,validation,Taiwan capacity SCRE top25,SCRE-Optimized ranking,0.43,558,305,0.054652046783625736,-0.36637426900584785,0.0,True,True,True,Decision curve computed from existing probability score; no policy selection on test.,False,0.01-0.80,0.21330134680134683
taiwan,validation,Taiwan capacity SCRE top25,SCRE-Optimized ranking,0.44,546,291,0.05289285714285714,-0.3907738095238094,0.0,True,True,True,Decision curve computed from existing probability score; no policy selection on test.,False,0.01-0.80,0.21330134680134683
taiwan,validation,Taiwan capacity SCRE top25,SCRE-Optimized ranking,0.45,530,275,0.05083333333333334,-0.41606060606060596,0.0,True,True,True,Decision curve computed from existing probability score; no policy selection on test.,False,0.01-0.80,0.21330134680134683
taiwan,validation,Taiwan capacity SCRE top25,SCRE-Optimized ranking,0.46,521,261,0.04977777777777778,-0.4422839506172839,0.0,True,True,True,Decision curve computed from existing probability score; no policy selection on test.,False,0.01-0.80,0.21330134680134683
taiwan,validation,Taiwan capacity SCRE top25,SCRE-Optimized ranking,0.47,513,238,0.05032389937106919,-0.46949685534591185,0.0,True,True,True,Decision curve computed from existing probability score; no policy selection on test.,False,0.01-0.80,0.21330134680134683
taiwan,validation,Taiwan capacity SCRE top25,SCRE-Optimized ranking,0.48,504,232,0.048307692307692315,-0.4977564102564101,0.0,True,True,True,Decision curve computed from existing probability score; no policy selection on test.,False,0.01-0.80,0.21330134680134683
taiwan,validation,Taiwan capacity SCRE top25,SCRE-Optimized ranking,0.49,490,224,0.04579738562091503,-0.5271241830065359,0.0,True,True,True,Decision curve computed from existing probability score; no policy selection on test.,False,0.01-0.80,0.21330134680134683
taiwan,validation,Taiwan capacity SCRE top25,SCRE-Optimized ranking,0.5,475,213,0.043666666666666666,-0.5576666666666665,0.0,True,True,True,Decision curve computed from existing probability score; no policy selection on test.,False,0.01-0.80,0.21330134680134683
taiwan,validation,Taiwan capacity SCRE top25,SCRE-Optimized ranking,0.51,458,201,0.04146598639455782,-0.5894557823129252,0.0,True,True,True,Decision curve computed from existing probability score; no policy selection on test.,False,0.01-0.80,0.21330134680134683
taiwan,validation,Taiwan capacity SCRE top25,SCRE-Optimized ranking,0.52,450,192,0.040333333333333325,-0.6225694444444445,0.0,True,True,True,Decision curve computed from existing probability score; no policy selection on test.,False,0.01-0.80,0.21330134680134683
taiwan,validation,Taiwan capacity SCRE top25,SCRE-Optimized ranking,0.53,434,185,0.037563829787234035,-0.6570921985815603,0.0,True,True,True,Decision curve computed from existing probability score; no policy selection on test.,False,0.01-0.80,0.21330134680134683
taiwan,validation,Taiwan capacity SCRE top25,SCRE-Optimized ranking,0.54,424,172,0.03701449275362319,-0.6931159420289854,0.0,True,True,True,Decision curve computed from existing probability score; no policy selection on test.,False,0.01-0.80,0.21330134680134683
taiwan,validation,Taiwan capacity SCRE top25,SCRE-Optimized ranking,0.55,413,167,0.0348148148148148,-0.7307407407407409,0.0,True,True,True,Decision curve computed from existing probability score; no policy selection on test.,False,0.01-0.80,0.21330134680134683
taiwan,validation,Taiwan capacity SCRE top25,SCRE-Optimized ranking,0.56,404,160,0.03339393939393938,-0.7700757575757577,0.0,True,True,True,Decision curve computed from existing probability score; no policy selection on test.,False,0.01-0.80,0.21330134680134683
taiwan,validation,Taiwan capacity SCRE top25,SCRE-Optimized ranking,0.57,393,155,0.031255813953488386,-0.811240310077519,0.0,True,True,True,Decision curve computed from existing probability score; no policy selection on test.,False,0.01-0.80,0.21330134680134683
taiwan,validation,Taiwan capacity SCRE top25,SCRE-Optimized ranking,0.58,378,148,0.02893650793650794,-0.854365079365079,0.0,True,True,True,Decision curve computed from existing probability score; no policy selection on test.,False,0.01-0.80,0.21330134680134683
taiwan,validation,Taiwan capacity SCRE top25,SCRE-Optimized ranking,0.59,369,137,0.028642276422764235,-0.899593495934959,0.0,True,True,True,Decision curve computed from existing probability score; no policy selection on test.,False,0.01-0.80,0.21330134680134683
taiwan,validation,Taiwan capacity SCRE top25,SCRE-Optimized ranking,0.6,360,133,0.026750000000000003,-0.947083333333333,0.0,True,True,True,Decision curve computed from existing probability score; no policy selection on test.,False,0.01-0.80,0.21330134680134683
taiwan,validation,Taiwan capacity SCRE top25,SCRE-Optimized ranking,0.61,351,125,0.025914529914529923,-0.9970085470085468,0.0,True,True,True,Decision curve computed from existing probability score; no policy selection on test.,False,0.01-0.80,0.21330134680134683
taiwan,validation,Taiwan capacity SCRE top25,SCRE-Optimized ranking,0.62,336,115,0.0247280701754386,-1.0495614035087717,0.0,True,True,True,Decision curve computed from existing probability score; no policy selection on test.,False,0.01-0.80,0.21330134680134683
taiwan,validation,Taiwan capacity SCRE top25,SCRE-Optimized ranking,0.63,323,106,0.02375225225225225,-1.1049549549549547,0.0,True,True,True,Decision curve computed from existing probability score; no policy selection on test.,False,0.01-0.80,0.21330134680134683
taiwan,validation,Taiwan capacity SCRE top25,SCRE-Optimized ranking,0.64,309,93,0.02394444444444444,-1.1634259259259259,0.0,True,True,True,Decision curve computed from existing probability score; no policy selection on test.,False,0.01-0.80,0.21330134680134683
taiwan,validation,Taiwan capacity SCRE top25,SCRE-Optimized ranking,0.65,299,86,0.02321428571428571,-1.2252380952380952,0.0,True,True,True,Decision curve computed from existing probability score; no policy selection on test.,False,0.01-0.80,0.21330134680134683
taiwan,validation,Taiwan capacity SCRE top25,SCRE-Optimized ranking,0.66,285,83,0.02064705882352941,-1.2906862745098038,0.0,True,True,True,Decision curve computed from existing probability score; no policy selection on test.,False,0.01-0.80,0.21330134680134683
taiwan,validation,Taiwan capacity SCRE top25,SCRE-Optimized ranking,0.67,265,75,0.01878787878787878,-1.3601010101010103,0.0,True,True,True,Decision curve computed from existing probability score; no policy selection on test.,False,0.01-0.80,0.21330134680134683
taiwan,validation,Taiwan capacity SCRE top25,SCRE-Optimized ranking,0.68,248,67,0.01760416666666666,-1.4338541666666669,0.0,True,True,True,Decision curve computed from existing probability score; no policy selection on test.,False,0.01-0.80,0.21330134680134683
taiwan,validation,Taiwan capacity SCRE top25,SCRE-Optimized ranking,0.69,235,62,0.016166666666666676,-1.5123655913978487,0.0,True,True,True,Decision curve computed from existing probability score; no policy selection on test.,False,0.01-0.80,0.21330134680134683
taiwan,validation,Taiwan capacity SCRE top25,SCRE-Optimized ranking,0.7,216,56,0.01422222222222222,-1.5961111111111106,0.0,True,True,True,Decision curve computed from existing probability score; no policy selection on test.,False,0.01-0.80,0.21330134680134683
taiwan,validation,Taiwan capacity SCRE top25,SCRE-Optimized ranking,0.71,195,45,0.014137931034482763,-1.6856321839080455,0.0,True,True,True,Decision curve computed from existing probability score; no policy selection on test.,False,0.01-0.80,0.21330134680134683
taiwan,validation,Taiwan capacity SCRE top25,SCRE-Optimized ranking,0.72,178,41,0.012095238095238096,-1.7815476190476185,0.0,True,True,True,Decision curve computed from existing probability score; no policy selection on test.,False,0.01-0.80,0.21330134680134683
taiwan,validation,Taiwan capacity SCRE top25,SCRE-Optimized ranking,0.73,156,34,0.010679012345679013,-1.8845679012345673,0.0,True,True,True,Decision curve computed from existing probability score; no policy selection on test.,False,0.01-0.80,0.21330134680134683
taiwan,validation,Taiwan capacity SCRE top25,SCRE-Optimized ranking,0.74,134,30,0.008102564102564104,-1.9955128205128199,0.0,True,True,True,Decision curve computed from existing probability score; no policy selection on test.,False,0.01-0.80,0.21330134680134683
taiwan,validation,Taiwan capacity SCRE top25,SCRE-Optimized ranking,0.75,108,22,0.006999999999999999,-2.1153333333333335,0.0,True,True,True,Decision curve computed from existing probability score; no policy selection on test.,False,0.01-0.80,0.21330134680134683
taiwan,validation,Taiwan capacity SCRE top25,SCRE-Optimized ranking,0.76,76,15,0.004749999999999999,-2.245138888888889,0.0,True,True,True,Decision curve computed from existing probability score; no policy selection on test.,False,0.01-0.80,0.21330134680134683
taiwan,validation,Taiwan capacity SCRE top25,SCRE-Optimized ranking,0.77,48,9,0.0029782608695652175,-2.3862318840579713,0.0,True,True,True,Decision curve computed from existing probability score; no policy selection on test.,False,0.01-0.80,0.21330134680134683
taiwan,validation,Taiwan capacity SCRE top25,SCRE-Optimized ranking,0.78,34,7,0.0015303030303030303,-2.5401515151515155,0.0,True,True,False,Decision curve computed from existing probability score; no policy selection on test.,False,0.01-0.80,0.21330134680134683
taiwan,validation,Taiwan capacity SCRE top25,SCRE-Optimized ranking,0.79,24,4,0.0014920634920634916,-2.7087301587301593,0.0,True,True,False,Decision curve computed from existing probability score; no policy selection on test.,False,0.01-0.80,0.21330134680134683
taiwan,validation,Taiwan capacity SCRE top25,SCRE-Optimized ranking,0.8,21,2,0.0021666666666666666,-2.8941666666666674,0.0,True,True,True,Decision curve computed from existing probability score; no policy selection on test.,False,0.01-0.80,0.21330134680134683
taiwan,locked_test,Taiwan capacity SCRE top25,SCRE-Optimized ranking,0.01,1327,4671,0.21330303030303033,0.21329966329966332,0.0,True,True,True,Decision curve computed from existing probability score; no policy selection on test.,False,0.01-0.80,0.21330303030303033
taiwan,locked_test,Taiwan capacity SCRE top25,SCRE-Optimized ranking,0.02,1326,4658,0.205156462585034,0.20527210884353742,0.0,False,True,False,Decision curve computed from existing probability score; no policy selection on test.,False,0.01-0.80,0.21330303030303033
taiwan,locked_test,Taiwan capacity SCRE top25,SCRE-Optimized ranking,0.03,1326,4605,0.19726288659793814,0.1970790378006873,0.0,True,True,False,Decision curve computed from existing probability score; no policy selection on test.,False,0.01-0.80,0.21330303030303033
taiwan,locked_test,Taiwan capacity SCRE top25,SCRE-Optimized ranking,0.04,1322,4514,0.1889861111111111,0.1887152777777778,0.0,True,True,True,Decision curve computed from existing probability score; no policy selection on test.,False,0.01-0.80,0.21330303030303033
taiwan,locked_test,Taiwan capacity SCRE top25,SCRE-Optimized ranking,0.05,1313,4378,0.1804298245614035,0.18017543859649124,0.0,True,True,False,Decision curve computed from existing probability score; no policy selection on test.,False,0.01-0.80,0.21330303030303033
taiwan,locked_test,Taiwan capacity SCRE top25,SCRE-Optimized ranking,0.06,1308,4175,0.17358510638297872,0.17145390070921987,0.0,True,True,True,Decision curve computed from existing probability score; no policy selection on test.,False,0.01-0.80,0.21330303030303033
taiwan,locked_test,Taiwan capacity SCRE top25,SCRE-Optimized ranking,0.07,1291,3962,0.16546415770609318,0.16254480286738351,0.0,True,True,False,Decision curve computed from existing probability score; no policy selection on test.,False,0.01-0.80,0.21330303030303033
taiwan,locked_test,Taiwan capacity SCRE top25,SCRE-Optimized ranking,0.08,1275,3734,0.15838405797101449,0.15344202898550727,0.0,True,True,False,Decision curve computed from existing probability score; no policy selection on test.,False,0.01-0.80,0.21330303030303033
taiwan,locked_test,Taiwan capacity SCRE top25,SCRE-Optimized ranking,0.09,1258,3496,0.15204029304029304,0.14413919413919415,0.0,True,True,False,Decision curve computed from existing probability score; no policy selection on test.,False,0.01-0.80,0.21330303030303033
taiwan,locked_test,Taiwan capacity SCRE top25,SCRE-Optimized ranking,0.1,1239,3248,0.14635185185185184,0.13462962962962965,0.0,True,True,True,Decision curve computed from existing probability score; no policy selection on test.,False,0.01-0.80,0.21330303030303033
taiwan,locked_test,Taiwan capacity SCRE top25,SCRE-Optimized ranking,0.11,1208,2979,0.1399681647940075,0.12490636704119852,0.0,True,True,False,Decision curve computed from existing probability score; no policy selection on test.,False,0.01-0.80,0.21330303030303033
taiwan,locked_test,Taiwan capacity SCRE top25,SCRE-Optimized ranking,0.12,1188,2686,0.13695454545454547,0.11496212121212124,0.0,True,True,True,Decision curve computed from existing probability score; no policy selection on test.,False,0.01-0.80,0.21330303030303033
taiwan,locked_test,Taiwan capacity SCRE top25,SCRE-Optimized ranking,0.13,1157,2466,0.13141954022988506,0.10478927203065136,0.0,True,True,True,Decision curve computed from existing probability score; no policy selection on test.,False,0.01-0.80,0.21330303030303033
taiwan,locked_test,Taiwan capacity SCRE top25,SCRE-Optimized ranking,0.14,1133,2261,0.12748837209302324,0.09437984496124033,0.0,True,True,True,Decision curve computed from existing probability score; no policy selection on test.,False,0.01-0.80,0.21330303030303033
taiwan,locked_test,Taiwan capacity SCRE top25,SCRE-Optimized ranking,0.15,1089,2094,0.11991176470588236,0.08372549019607844,0.0,True,True,False,Decision curve computed from existing probability score; no policy selection on test.,False,0.01-0.80,0.21330303030303033
taiwan,locked_test,Taiwan capacity SCRE top25,SCRE-Optimized ranking,0.16,1049,1907,0.11429365079365078,0.07281746031746034,0.0,True,True,False,Decision curve computed from existing probability score; no policy selection on test.,False,0.01-0.80,0.21330303030303033
taiwan,locked_test,Taiwan capacity SCRE top25,SCRE-Optimized ranking,0.17,1007,1701,0.10976706827309238,0.06164658634538153,0.0,True,True,True,Decision curve computed from existing probability score; no policy selection on test.,False,0.01-0.80,0.21330303030303033
taiwan,locked_test,Taiwan capacity SCRE top25,SCRE-Optimized ranking,0.18,948,1489,0.10352439024390245,0.05020325203252038,0.0,True,True,False,Decision curve computed from existing probability score; no policy selection on test.,False,0.01-0.80,0.21330303030303033
taiwan,locked_test,Taiwan capacity SCRE top25,SCRE-Optimized ranking,0.19,923,1323,0.1021111111111111,0.03847736625514406,0.0,True,True,False,Decision curve computed from existing probability score; no policy selection on test.,False,0.01-0.80,0.21330303030303033
taiwan,locked_test,Taiwan capacity SCRE top25,SCRE-Optimized ranking,0.2,896,1200,0.09933333333333334,0.02645833333333336,0.0,True,True,False,Decision curve computed from existing probability score; no policy selection on test.,False,0.01-0.80,0.21330303030303033
taiwan,locked_test,Taiwan capacity SCRE top25,SCRE-Optimized ranking,0.21,878,1107,0.09728902953586499,0.014135021097046452,0.0,True,True,True,Decision curve computed from existing probability score; no policy selection on test.,False,0.01-0.80,0.21330303030303033
taiwan,locked_test,Taiwan capacity SCRE top25,SCRE-Optimized ranking,0.22,855,1031,0.09403418803418802,0.0014957264957265182,0.0,True,True,False,Decision curve computed from existing probability score; no policy selection on test.,False,0.01-0.80,0.21330303030303033
taiwan,locked_test,Taiwan capacity SCRE top25,SCRE-Optimized ranking,0.23,836,948,0.09213852813852814,-0.011471861471861439,0.0,True,True,False,Decision curve computed from existing probability score; no policy selection on test.,False,0.01-0.80,0.21330303030303033
taiwan,locked_test,Taiwan capacity SCRE top25,SCRE-Optimized ranking,0.24,826,879,0.09140350877192982,-0.02478070175438593,0.0,True,True,False,Decision curve computed from existing probability score; no policy selection on test.,False,0.01-0.80,0.21330303030303033
taiwan,locked_test,Taiwan capacity SCRE top25,SCRE-Optimized ranking,0.25,812,830,0.08922222222222223,-0.03844444444444439,0.0,True,True,False,Decision curve computed from existing probability score; no policy selection on test.,False,0.01-0.80,0.21330303030303033
taiwan,locked_test,Taiwan capacity SCRE top25,SCRE-Optimized ranking,0.26,794,780,0.08665765765765765,-0.05247747747747744,0.0,True,True,False,Decision curve computed from existing probability score; no policy selection on test.,False,0.01-0.80,0.21330303030303033
taiwan,locked_test,Taiwan capacity SCRE top25,SCRE-Optimized ranking,0.27,781,739,0.08461187214611873,-0.06689497716894977,0.0,True,True,True,Decision curve computed from existing probability score; no policy selection on test.,False,0.01-0.80,0.21330303030303033
taiwan,locked_test,Taiwan capacity SCRE top25,SCRE-Optimized ranking,0.28,770,701,0.08289814814814814,-0.08171296296296299,0.0,True,True,False,Decision curve computed from existing probability score; no policy selection on test.,False,0.01-0.80,0.21330303030303033
taiwan,locked_test,Taiwan capacity SCRE top25,SCRE-Optimized ranking,0.29,750,666,0.07966197183098592,-0.09694835680751168,0.0,True,True,False,Decision curve computed from existing probability score; no policy selection on test.,False,0.01-0.80,0.21330303030303033
taiwan,locked_test,Taiwan capacity SCRE top25,SCRE-Optimized ranking,0.3,741,626,0.07878571428571428,-0.11261904761904762,0.0,True,True,True,Decision curve computed from existing probability score; no policy selection on test.,False,0.01-0.80,0.21330303030303033
taiwan,locked_test,Taiwan capacity SCRE top25,SCRE-Optimized ranking,0.31,726,594,0.07652173913043478,-0.12874396135265698,0.0,True,True,True,Decision curve computed from existing probability score; no policy selection on test.,False,0.01-0.80,0.21330303030303033
taiwan,locked_test,Taiwan capacity SCRE top25,SCRE-Optimized ranking,0.32,713,571,0.07404901960784313,-0.14534313725490194,0.0,True,True,True,Decision curve computed from existing probability score; no policy selection on test.,False,0.01-0.80,0.21330303030303033
taiwan,locked_test,Taiwan capacity SCRE top25,SCRE-Optimized ranking,0.33,695,551,0.07060199004975123,-0.16243781094527365,0.0,True,True,True,Decision curve computed from existing probability score; no policy selection on test.,False,0.01-0.80,0.21330303030303033
taiwan,locked_test,Taiwan capacity SCRE top25,SCRE-Optimized ranking,0.34,677,515,0.0686161616161616,-0.18005050505050507,0.0,True,True,False,Decision curve computed from existing probability score; no policy selection on test.,False,0.01-0.80,0.21330303030303033
taiwan,locked_test,Taiwan capacity SCRE top25,SCRE-Optimized ranking,0.35,655,483,0.06582051282051282,-0.19820512820512814,0.0,True,True,False,Decision curve computed from existing probability score; no policy selection on test.,False,0.01-0.80,0.21330303030303033
taiwan,locked_test,Taiwan capacity SCRE top25,SCRE-Optimized ranking,0.36,634,450,0.06347916666666667,-0.21692708333333327,0.0,True,True,True,Decision curve computed from existing probability score; no policy selection on test.,False,0.01-0.80,0.21330303030303033
taiwan,locked_test,Taiwan capacity SCRE top25,SCRE-Optimized ranking,0.37,620,427,0.061537037037037036,-0.2362433862433862,0.0,True,True,True,Decision curve computed from existing probability score; no policy selection on test.,False,0.01-0.80,0.21330303030303033
taiwan,locked_test,Taiwan capacity SCRE top25,SCRE-Optimized ranking,0.38,609,411,0.059516129032258065,-0.2561827956989247,0.0,True,True,True,Decision curve computed from existing probability score; no policy selection on test.,False,0.01-0.80,0.21330303030303033
taiwan,locked_test,Taiwan capacity SCRE top25,SCRE-Optimized ranking,0.39,601,391,0.05850273224043716,-0.27677595628415297,0.0,True,True,True,Decision curve computed from existing probability score; no policy selection on test.,False,0.01-0.80,0.21330303030303033
taiwan,locked_test,Taiwan capacity SCRE top25,SCRE-Optimized ranking,0.4,590,374,0.05677777777777777,-0.2980555555555556,0.0,True,True,True,Decision curve computed from existing probability score; no policy selection on test.,False,0.01-0.80,0.21330303030303033
taiwan,locked_test,Taiwan capacity SCRE top25,SCRE-Optimized ranking,0.41,576,359,0.05442090395480227,-0.320056497175141,0.0,True,True,False,Decision curve computed from existing probability score; no policy selection on test.,False,0.01-0.80,0.21330303030303033
taiwan,locked_test,Taiwan capacity SCRE top25,SCRE-Optimized ranking,0.42,560,337,0.052660919540229896,-0.3428160919540228,0.0,True,True,False,Decision curve computed from existing probability score; no policy selection on test.,False,0.01-0.80,0.21330303030303033
taiwan,locked_test,Taiwan capacity SCRE top25,SCRE-Optimized ranking,0.43,544,317,0.05080994152046785,-0.36637426900584785,0.0,True,True,False,Decision curve computed from existing probability score; no policy selection on test.,False,0.01-0.80,0.21330303030303033
taiwan,locked_test,Taiwan capacity SCRE top25,SCRE-Optimized ranking,0.44,535,306,0.0490952380952381,-0.3907738095238094,0.0,True,True,False,Decision curve computed from existing probability score; no policy selection on test.,False,0.01-0.80,0.21330303030303033
taiwan,locked_test,Taiwan capacity SCRE top25,SCRE-Optimized ranking,0.45,518,285,0.04746969696969697,-0.41606060606060596,0.0,True,True,False,Decision curve computed from existing probability score; no policy selection on test.,False,0.01-0.80,0.21330303030303033
taiwan,locked_test,Taiwan capacity SCRE top25,SCRE-Optimized ranking,0.46,510,272,0.04638271604938272,-0.4422839506172839,0.0,True,True,True,Decision curve computed from existing probability score; no policy selection on test.,False,0.01-0.80,0.21330303030303033
taiwan,locked_test,Taiwan capacity SCRE top25,SCRE-Optimized ranking,0.47,493,260,0.04373899371069183,-0.46949685534591185,0.0,True,True,False,Decision curve computed from existing probability score; no policy selection on test.,False,0.01-0.80,0.21330303030303033
taiwan,locked_test,Taiwan capacity SCRE top25,SCRE-Optimized ranking,0.48,486,250,0.042538461538461546,-0.4977564102564101,0.0,True,True,False,Decision curve computed from existing probability score; no policy selection on test.,False,0.01-0.80,0.21330303030303033
taiwan,locked_test,Taiwan capacity SCRE top25,SCRE-Optimized ranking,0.49,476,234,0.04186274509803922,-0.5271241830065359,0.0,True,True,False,Decision curve computed from existing probability score; no policy selection on test.,False,0.01-0.80,0.21330303030303033
taiwan,locked_test,Taiwan capacity SCRE top25,SCRE-Optimized ranking,0.5,468,228,0.04,-0.5576666666666665,0.0,True,True,False,Decision curve computed from existing probability score; no policy selection on test.,False,0.01-0.80,0.21330303030303033
taiwan,locked_test,Taiwan capacity SCRE top25,SCRE-Optimized ranking,0.51,457,215,0.03887074829931972,-0.5894557823129252,0.0,True,True,False,Decision curve computed from existing probability score; no policy selection on test.,False,0.01-0.80,0.21330303030303033
taiwan,locked_test,Taiwan capacity SCRE top25,SCRE-Optimized ranking,0.52,448,207,0.03729166666666667,-0.6225694444444445,0.0,True,True,False,Decision curve computed from existing probability score; no policy selection on test.,False,0.01-0.80,0.21330303030303033
taiwan,locked_test,Taiwan capacity SCRE top25,SCRE-Optimized ranking,0.53,442,200,0.03607801418439716,-0.6570921985815603,0.0,True,True,True,Decision curve computed from existing probability score; no policy selection on test.,False,0.01-0.80,0.21330303030303033
taiwan,locked_test,Taiwan capacity SCRE top25,SCRE-Optimized ranking,0.54,438,195,0.03484782608695651,-0.6931159420289854,0.0,True,True,True,Decision curve computed from existing probability score; no policy selection on test.,False,0.01-0.80,0.21330303030303033
taiwan,locked_test,Taiwan capacity SCRE top25,SCRE-Optimized ranking,0.55,433,192,0.033055555555555546,-0.7307407407407409,0.0,True,True,False,Decision curve computed from existing probability score; no policy selection on test.,False,0.01-0.80,0.21330303030303033
taiwan,locked_test,Taiwan capacity SCRE top25,SCRE-Optimized ranking,0.56,423,184,0.03146969696969696,-0.7700757575757577,0.0,True,True,True,Decision curve computed from existing probability score; no policy selection on test.,False,0.01-0.80,0.21330303030303033
taiwan,locked_test,Taiwan capacity SCRE top25,SCRE-Optimized ranking,0.57,412,177,0.02956201550387598,-0.811240310077519,0.0,True,True,False,Decision curve computed from existing probability score; no policy selection on test.,False,0.01-0.80,0.21330303030303033
taiwan,locked_test,Taiwan capacity SCRE top25,SCRE-Optimized ranking,0.58,405,169,0.028603174603174616,-0.854365079365079,0.0,True,True,True,Decision curve computed from existing probability score; no policy selection on test.,False,0.01-0.80,0.21330303030303033
taiwan,locked_test,Taiwan capacity SCRE top25,SCRE-Optimized ranking,0.59,399,161,0.02788617886178863,-0.899593495934959,0.0,True,True,True,Decision curve computed from existing probability score; no policy selection on test.,False,0.01-0.80,0.21330303030303033
taiwan,locked_test,Taiwan capacity SCRE top25,SCRE-Optimized ranking,0.6,387,154,0.02600000000000001,-0.947083333333333,0.0,True,True,True,Decision curve computed from existing probability score; no policy selection on test.,False,0.01-0.80,0.21330303030303033
taiwan,locked_test,Taiwan capacity SCRE top25,SCRE-Optimized ranking,0.61,371,139,0.0255982905982906,-0.9970085470085468,0.0,True,True,True,Decision curve computed from existing probability score; no policy selection on test.,False,0.01-0.80,0.21330303030303033
taiwan,locked_test,Taiwan capacity SCRE top25,SCRE-Optimized ranking,0.62,354,129,0.023921052631578947,-1.0495614035087717,0.0,True,True,True,Decision curve computed from existing probability score; no policy selection on test.,False,0.01-0.80,0.21330303030303033
taiwan,locked_test,Taiwan capacity SCRE top25,SCRE-Optimized ranking,0.63,339,121,0.022162162162162165,-1.1049549549549547,0.0,True,True,True,Decision curve computed from existing probability score; no policy selection on test.,False,0.01-0.80,0.21330303030303033
taiwan,locked_test,Taiwan capacity SCRE top25,SCRE-Optimized ranking,0.64,323,113,0.020351851851851843,-1.1634259259259259,0.0,True,True,True,Decision curve computed from existing probability score; no policy selection on test.,False,0.01-0.80,0.21330303030303033
taiwan,locked_test,Taiwan capacity SCRE top25,SCRE-Optimized ranking,0.65,301,102,0.01859523809523809,-1.2252380952380952,0.0,True,True,True,Decision curve computed from existing probability score; no policy selection on test.,False,0.01-0.80,0.21330303030303033
taiwan,locked_test,Taiwan capacity SCRE top25,SCRE-Optimized ranking,0.66,288,95,0.017264705882352935,-1.2906862745098038,0.0,True,True,False,Decision curve computed from existing probability score; no policy selection on test.,False,0.01-0.80,0.21330303030303033
taiwan,locked_test,Taiwan capacity SCRE top25,SCRE-Optimized ranking,0.67,278,86,0.017232323232323224,-1.3601010101010103,0.0,True,True,False,Decision curve computed from existing probability score; no policy selection on test.,False,0.01-0.80,0.21330303030303033
taiwan,locked_test,Taiwan capacity SCRE top25,SCRE-Optimized ranking,0.68,262,79,0.015687499999999993,-1.4338541666666669,0.0,True,True,True,Decision curve computed from existing probability score; no policy selection on test.,False,0.01-0.80,0.21330303030303033
taiwan,locked_test,Taiwan capacity SCRE top25,SCRE-Optimized ranking,0.69,245,72,0.0141236559139785,-1.5123655913978487,0.0,True,True,True,Decision curve computed from existing probability score; no policy selection on test.,False,0.01-0.80,0.21330303030303033
taiwan,locked_test,Taiwan capacity SCRE top25,SCRE-Optimized ranking,0.7,227,63,0.013333333333333332,-1.5961111111111106,0.0,True,True,True,Decision curve computed from existing probability score; no policy selection on test.,False,0.01-0.80,0.21330303030303033
taiwan,locked_test,Taiwan capacity SCRE top25,SCRE-Optimized ranking,0.71,211,54,0.01313218390804598,-1.6856321839080455,0.0,True,True,True,Decision curve computed from existing probability score; no policy selection on test.,False,0.01-0.80,0.21330303030303033
taiwan,locked_test,Taiwan capacity SCRE top25,SCRE-Optimized ranking,0.72,192,46,0.012285714285714289,-1.7815476190476185,0.0,True,True,False,Decision curve computed from existing probability score; no policy selection on test.,False,0.01-0.80,0.21330303030303033
taiwan,locked_test,Taiwan capacity SCRE top25,SCRE-Optimized ranking,0.73,169,36,0.011944444444444445,-1.8845679012345673,0.0,True,True,True,Decision curve computed from existing probability score; no policy selection on test.,False,0.01-0.80,0.21330303030303033
taiwan,locked_test,Taiwan capacity SCRE top25,SCRE-Optimized ranking,0.74,140,31,0.00862820512820513,-1.9955128205128199,0.0,True,True,False,Decision curve computed from existing probability score; no policy selection on test.,False,0.01-0.80,0.21330303030303033
taiwan,locked_test,Taiwan capacity SCRE top25,SCRE-Optimized ranking,0.75,121,22,0.009166666666666667,-2.1153333333333335,0.0,True,True,False,Decision curve computed from existing probability score; no policy selection on test.,False,0.01-0.80,0.21330303030303033
taiwan,locked_test,Taiwan capacity SCRE top25,SCRE-Optimized ranking,0.76,98,15,0.008416666666666664,-2.245138888888889,0.0,True,True,True,Decision curve computed from existing probability score; no policy selection on test.,False,0.01-0.80,0.21330303030303033
taiwan,locked_test,Taiwan capacity SCRE top25,SCRE-Optimized ranking,0.77,72,9,0.006978260869565218,-2.3862318840579713,0.0,True,True,False,Decision curve computed from existing probability score; no policy selection on test.,False,0.01-0.80,0.21330303030303033
taiwan,locked_test,Taiwan capacity SCRE top25,SCRE-Optimized ranking,0.78,47,5,0.004878787878787878,-2.5401515151515155,0.0,True,True,False,Decision curve computed from existing probability score; no policy selection on test.,False,0.01-0.80,0.21330303030303033
taiwan,locked_test,Taiwan capacity SCRE top25,SCRE-Optimized ranking,0.79,35,2,0.004579365079365079,-2.7087301587301593,0.0,True,True,True,Decision curve computed from existing probability score; no policy selection on test.,False,0.01-0.80,0.21330303030303033
taiwan,locked_test,Taiwan capacity SCRE top25,SCRE-Optimized ranking,0.8,28,2,0.0033333333333333335,-2.8941666666666674,0.0,True,True,True,Decision curve computed from existing probability score; no policy selection on test.,False,0.01-0.80,0.21330303030303033
taiwan,validation,SCRE-Optimized ranking threshold 0.50,SCRE-Optimized ranking,0.01,1327,4672,0.21330134680134683,0.21329966329966332,0.0,True,True,True,Decision curve computed from existing probability score; no policy selection on test.,False,0.01-0.80,0.21330134680134683
taiwan,validation,SCRE-Optimized ranking threshold 0.50,SCRE-Optimized ranking,0.02,1327,4657,0.2053265306122449,0.20527210884353742,0.0,True,True,True,Decision curve computed from existing probability score; no policy selection on test.,False,0.01-0.80,0.21330134680134683
taiwan,validation,SCRE-Optimized ranking threshold 0.50,SCRE-Optimized ranking,0.03,1327,4615,0.19737800687285223,0.1970790378006873,0.0,True,True,True,Decision curve computed from existing probability score; no policy selection on test.,False,0.01-0.80,0.21330134680134683
taiwan,validation,SCRE-Optimized ranking threshold 0.50,SCRE-Optimized ranking,0.04,1326,4508,0.18969444444444444,0.1887152777777778,0.0,True,True,True,Decision curve computed from existing probability score; no policy selection on test.,False,0.01-0.80,0.21330134680134683
taiwan,validation,SCRE-Optimized ranking threshold 0.50,SCRE-Optimized ranking,0.05,1322,4351,0.18216666666666664,0.18017543859649124,0.0,True,True,True,Decision curve computed from existing probability score; no policy selection on test.,False,0.01-0.80,0.21330134680134683
taiwan,validation,SCRE-Optimized ranking threshold 0.50,SCRE-Optimized ranking,0.06,1318,4134,0.17568794326241136,0.17145390070921987,0.0,True,True,True,Decision curve computed from existing probability score; no policy selection on test.,False,0.01-0.80,0.21330134680134683
taiwan,validation,SCRE-Optimized ranking threshold 0.50,SCRE-Optimized ranking,0.07,1308,3926,0.16874910394265233,0.16254480286738351,0.0,True,True,True,Decision curve computed from existing probability score; no policy selection on test.,False,0.01-0.80,0.21330134680134683
taiwan,validation,SCRE-Optimized ranking threshold 0.50,SCRE-Optimized ranking,0.08,1292,3688,0.1618840579710145,0.15344202898550727,0.0,True,True,True,Decision curve computed from existing probability score; no policy selection on test.,False,0.01-0.80,0.21330134680134683
taiwan,validation,SCRE-Optimized ranking threshold 0.50,SCRE-Optimized ranking,0.09,1276,3461,0.15561721611721613,0.14413919413919415,0.0,True,True,True,Decision curve computed from existing probability score; no policy selection on test.,False,0.01-0.80,0.21330134680134683
taiwan,validation,SCRE-Optimized ranking threshold 0.50,SCRE-Optimized ranking,0.1,1257,3202,0.1502037037037037,0.13462962962962965,0.0,True,True,True,Decision curve computed from existing probability score; no policy selection on test.,False,0.01-0.80,0.21330134680134683
taiwan,validation,SCRE-Optimized ranking threshold 0.50,SCRE-Optimized ranking,0.11,1231,2936,0.144687265917603,0.12490636704119852,0.0,True,True,True,Decision curve computed from existing probability score; no policy selection on test.,False,0.01-0.80,0.21330134680134683
taiwan,validation,SCRE-Optimized ranking threshold 0.50,SCRE-Optimized ranking,0.12,1215,2669,0.1418409090909091,0.11496212121212124,0.0,True,True,True,Decision curve computed from existing probability score; no policy selection on test.,False,0.01-0.80,0.21330134680134683
taiwan,validation,SCRE-Optimized ranking threshold 0.50,SCRE-Optimized ranking,0.13,1190,2448,0.13736781609195403,0.10478927203065136,0.0,True,True,True,Decision curve computed from existing probability score; no policy selection on test.,False,0.01-0.80,0.21330134680134683
taiwan,validation,SCRE-Optimized ranking threshold 0.50,SCRE-Optimized ranking,0.14,1165,2239,0.1334186046511628,0.09437984496124033,0.0,True,True,True,Decision curve computed from existing probability score; no policy selection on test.,False,0.01-0.80,0.21330134680134683
taiwan,validation,SCRE-Optimized ranking threshold 0.50,SCRE-Optimized ranking,0.15,1141,2038,0.13022549019607843,0.08372549019607844,0.0,True,True,True,Decision curve computed from existing probability score; no policy selection on test.,False,0.01-0.80,0.21330134680134683
taiwan,validation,SCRE-Optimized ranking threshold 0.50,SCRE-Optimized ranking,0.16,1107,1836,0.12621428571428572,0.07281746031746034,0.0,True,True,True,Decision curve computed from existing probability score; no policy selection on test.,False,0.01-0.80,0.21330134680134683
taiwan,validation,SCRE-Optimized ranking threshold 0.50,SCRE-Optimized ranking,0.17,1072,1589,0.12442369477911647,0.06164658634538153,0.0,True,True,True,Decision curve computed from existing probability score; no policy selection on test.,False,0.01-0.80,0.21330134680134683
taiwan,validation,SCRE-Optimized ranking threshold 0.50,SCRE-Optimized ranking,0.18,1024,1420,0.11871544715447155,0.05020325203252038,0.0,True,True,True,Decision curve computed from existing probability score; no policy selection on test.,False,0.01-0.80,0.21330134680134683
taiwan,validation,SCRE-Optimized ranking threshold 0.50,SCRE-Optimized ranking,0.19,975,1266,0.11300617283950617,0.03847736625514406,0.0,True,True,True,Decision curve computed from existing probability score; no policy selection on test.,False,0.01-0.80,0.21330134680134683
taiwan,validation,SCRE-Optimized ranking threshold 0.50,SCRE-Optimized ranking,0.2,932,1145,0.107625,0.02645833333333336,0.0,True,True,True,Decision curve computed from existing probability score; no policy selection on test.,False,0.01-0.80,0.21330134680134683
taiwan,validation,SCRE-Optimized ranking threshold 0.50,SCRE-Optimized ranking,0.21,894,1041,0.10287974683544304,0.014135021097046452,0.0,True,True,True,Decision curve computed from existing probability score; no policy selection on test.,False,0.01-0.80,0.21330134680134683
taiwan,validation,SCRE-Optimized ranking threshold 0.50,SCRE-Optimized ranking,0.22,868,971,0.09902136752136753,0.0014957264957265182,0.0,True,True,True,Decision curve computed from existing probability score; no policy selection on test.,False,0.01-0.80,0.21330134680134683
taiwan,validation,SCRE-Optimized ranking threshold 0.50,SCRE-Optimized ranking,0.23,850,904,0.09666233766233766,-0.011471861471861439,0.0,True,True,True,Decision curve computed from existing probability score; no policy selection on test.,False,0.01-0.80,0.21330134680134683
taiwan,validation,SCRE-Optimized ranking threshold 0.50,SCRE-Optimized ranking,0.24,826,834,0.0937719298245614,-0.02478070175438593,0.0,True,True,True,Decision curve computed from existing probability score; no policy selection on test.,False,0.01-0.80,0.21330134680134683
taiwan,validation,SCRE-Optimized ranking threshold 0.50,SCRE-Optimized ranking,0.25,811,791,0.09122222222222222,-0.03844444444444439,0.0,True,True,True,Decision curve computed from existing probability score; no policy selection on test.,False,0.01-0.80,0.21330134680134683
taiwan,validation,SCRE-Optimized ranking threshold 0.50,SCRE-Optimized ranking,0.26,795,745,0.08887387387387388,-0.05247747747747744,0.0,True,True,True,Decision curve computed from existing probability score; no policy selection on test.,False,0.01-0.80,0.21330134680134683
taiwan,validation,SCRE-Optimized ranking threshold 0.50,SCRE-Optimized ranking,0.27,778,702,0.08639269406392694,-0.06689497716894977,0.0,True,True,True,Decision curve computed from existing probability score; no policy selection on test.,False,0.01-0.80,0.21330134680134683
taiwan,validation,SCRE-Optimized ranking threshold 0.50,SCRE-Optimized ranking,0.28,766,666,0.0845,-0.08171296296296299,0.0,True,True,True,Decision curve computed from existing probability score; no policy selection on test.,False,0.01-0.80,0.21330134680134683
taiwan,validation,SCRE-Optimized ranking threshold 0.50,SCRE-Optimized ranking,0.29,753,634,0.08234037558685445,-0.09694835680751168,0.0,True,True,True,Decision curve computed from existing probability score; no policy selection on test.,False,0.01-0.80,0.21330134680134683
taiwan,validation,SCRE-Optimized ranking threshold 0.50,SCRE-Optimized ranking,0.3,739,618,0.07902380952380952,-0.11261904761904762,0.0,True,True,True,Decision curve computed from existing probability score; no policy selection on test.,False,0.01-0.80,0.21330134680134683
taiwan,validation,SCRE-Optimized ranking threshold 0.50,SCRE-Optimized ranking,0.31,728,587,0.0773792270531401,-0.12874396135265698,0.0,True,True,True,Decision curve computed from existing probability score; no policy selection on test.,False,0.01-0.80,0.21330134680134683
taiwan,validation,SCRE-Optimized ranking threshold 0.50,SCRE-Optimized ranking,0.32,723,559,0.07665686274509803,-0.14534313725490194,0.0,True,True,True,Decision curve computed from existing probability score; no policy selection on test.,False,0.01-0.80,0.21330134680134683
taiwan,validation,SCRE-Optimized ranking threshold 0.50,SCRE-Optimized ranking,0.33,708,531,0.07441044776119402,-0.16243781094527365,0.0,True,True,True,Decision curve computed from existing probability score; no policy selection on test.,False,0.01-0.80,0.21330134680134683
taiwan,validation,SCRE-Optimized ranking threshold 0.50,SCRE-Optimized ranking,0.34,694,482,0.07428282828282827,-0.18005050505050507,0.0,True,True,True,Decision curve computed from existing probability score; no policy selection on test.,False,0.01-0.80,0.21330134680134683
taiwan,validation,SCRE-Optimized ranking threshold 0.50,SCRE-Optimized ranking,0.35,672,451,0.07152564102564102,-0.19820512820512814,0.0,True,True,True,Decision curve computed from existing probability score; no policy selection on test.,False,0.01-0.80,0.21330134680134683
taiwan,validation,SCRE-Optimized ranking threshold 0.50,SCRE-Optimized ranking,0.36,655,423,0.06951041666666666,-0.21692708333333327,0.0,True,True,True,Decision curve computed from existing probability score; no policy selection on test.,False,0.01-0.80,0.21330134680134683
taiwan,validation,SCRE-Optimized ranking threshold 0.50,SCRE-Optimized ranking,0.37,646,400,0.0685132275132275,-0.2362433862433862,0.0,True,True,True,Decision curve computed from existing probability score; no policy selection on test.,False,0.01-0.80,0.21330134680134683
taiwan,validation,SCRE-Optimized ranking threshold 0.50,SCRE-Optimized ranking,0.38,632,381,0.06641397849462366,-0.2561827956989247,0.0,True,True,True,Decision curve computed from existing probability score; no policy selection on test.,False,0.01-0.80,0.21330134680134683
taiwan,validation,SCRE-Optimized ranking threshold 0.50,SCRE-Optimized ranking,0.39,619,363,0.06448633879781421,-0.27677595628415297,0.0,True,True,True,Decision curve computed from existing probability score; no policy selection on test.,False,0.01-0.80,0.21330134680134683
taiwan,validation,SCRE-Optimized ranking threshold 0.50,SCRE-Optimized ranking,0.4,606,352,0.06188888888888889,-0.2980555555555556,0.0,True,True,True,Decision curve computed from existing probability score; no policy selection on test.,False,0.01-0.80,0.21330134680134683
taiwan,validation,SCRE-Optimized ranking threshold 0.50,SCRE-Optimized ranking,0.41,591,338,0.05935310734463278,-0.320056497175141,0.0,True,True,True,Decision curve computed from existing probability score; no policy selection on test.,False,0.01-0.80,0.21330134680134683
taiwan,validation,SCRE-Optimized ranking threshold 0.50,SCRE-Optimized ranking,0.42,574,314,0.05777011494252873,-0.3428160919540228,0.0,True,True,True,Decision curve computed from existing probability score; no policy selection on test.,False,0.01-0.80,0.21330134680134683
taiwan,validation,SCRE-Optimized ranking threshold 0.50,SCRE-Optimized ranking,0.43,558,305,0.054652046783625736,-0.36637426900584785,0.0,True,True,True,Decision curve computed from existing probability score; no policy selection on test.,False,0.01-0.80,0.21330134680134683
taiwan,validation,SCRE-Optimized ranking threshold 0.50,SCRE-Optimized ranking,0.44,546,291,0.05289285714285714,-0.3907738095238094,0.0,True,True,True,Decision curve computed from existing probability score; no policy selection on test.,False,0.01-0.80,0.21330134680134683
taiwan,validation,SCRE-Optimized ranking threshold 0.50,SCRE-Optimized ranking,0.45,530,275,0.05083333333333334,-0.41606060606060596,0.0,True,True,True,Decision curve computed from existing probability score; no policy selection on test.,False,0.01-0.80,0.21330134680134683
taiwan,validation,SCRE-Optimized ranking threshold 0.50,SCRE-Optimized ranking,0.46,521,261,0.04977777777777778,-0.4422839506172839,0.0,True,True,True,Decision curve computed from existing probability score; no policy selection on test.,False,0.01-0.80,0.21330134680134683
taiwan,validation,SCRE-Optimized ranking threshold 0.50,SCRE-Optimized ranking,0.47,513,238,0.05032389937106919,-0.46949685534591185,0.0,True,True,True,Decision curve computed from existing probability score; no policy selection on test.,False,0.01-0.80,0.21330134680134683
taiwan,validation,SCRE-Optimized ranking threshold 0.50,SCRE-Optimized ranking,0.48,504,232,0.048307692307692315,-0.4977564102564101,0.0,True,True,True,Decision curve computed from existing probability score; no policy selection on test.,False,0.01-0.80,0.21330134680134683
taiwan,validation,SCRE-Optimized ranking threshold 0.50,SCRE-Optimized ranking,0.49,490,224,0.04579738562091503,-0.5271241830065359,0.0,True,True,True,Decision curve computed from existing probability score; no policy selection on test.,False,0.01-0.80,0.21330134680134683
taiwan,validation,SCRE-Optimized ranking threshold 0.50,SCRE-Optimized ranking,0.5,475,213,0.043666666666666666,-0.5576666666666665,0.0,True,True,True,Decision curve computed from existing probability score; no policy selection on test.,False,0.01-0.80,0.21330134680134683
taiwan,validation,SCRE-Optimized ranking threshold 0.50,SCRE-Optimized ranking,0.51,458,201,0.04146598639455782,-0.5894557823129252,0.0,True,True,True,Decision curve computed from existing probability score; no policy selection on test.,False,0.01-0.80,0.21330134680134683
taiwan,validation,SCRE-Optimized ranking threshold 0.50,SCRE-Optimized ranking,0.52,450,192,0.040333333333333325,-0.6225694444444445,0.0,True,True,True,Decision curve computed from existing probability score; no policy selection on test.,False,0.01-0.80,0.21330134680134683
taiwan,validation,SCRE-Optimized ranking threshold 0.50,SCRE-Optimized ranking,0.53,434,185,0.037563829787234035,-0.6570921985815603,0.0,True,True,True,Decision curve computed from existing probability score; no policy selection on test.,False,0.01-0.80,0.21330134680134683
taiwan,validation,SCRE-Optimized ranking threshold 0.50,SCRE-Optimized ranking,0.54,424,172,0.03701449275362319,-0.6931159420289854,0.0,True,True,True,Decision curve computed from existing probability score; no policy selection on test.,False,0.01-0.80,0.21330134680134683
taiwan,validation,SCRE-Optimized ranking threshold 0.50,SCRE-Optimized ranking,0.55,413,167,0.0348148148148148,-0.7307407407407409,0.0,True,True,True,Decision curve computed from existing probability score; no policy selection on test.,False,0.01-0.80,0.21330134680134683
taiwan,validation,SCRE-Optimized ranking threshold 0.50,SCRE-Optimized ranking,0.56,404,160,0.03339393939393938,-0.7700757575757577,0.0,True,True,True,Decision curve computed from existing probability score; no policy selection on test.,False,0.01-0.80,0.21330134680134683
taiwan,validation,SCRE-Optimized ranking threshold 0.50,SCRE-Optimized ranking,0.57,393,155,0.031255813953488386,-0.811240310077519,0.0,True,True,True,Decision curve computed from existing probability score; no policy selection on test.,False,0.01-0.80,0.21330134680134683
taiwan,validation,SCRE-Optimized ranking threshold 0.50,SCRE-Optimized ranking,0.58,378,148,0.02893650793650794,-0.854365079365079,0.0,True,True,True,Decision curve computed from existing probability score; no policy selection on test.,False,0.01-0.80,0.21330134680134683
taiwan,validation,SCRE-Optimized ranking threshold 0.50,SCRE-Optimized ranking,0.59,369,137,0.028642276422764235,-0.899593495934959,0.0,True,True,True,Decision curve computed from existing probability score; no policy selection on test.,False,0.01-0.80,0.21330134680134683
taiwan,validation,SCRE-Optimized ranking threshold 0.50,SCRE-Optimized ranking,0.6,360,133,0.026750000000000003,-0.947083333333333,0.0,True,True,True,Decision curve computed from existing probability score; no policy selection on test.,False,0.01-0.80,0.21330134680134683
taiwan,validation,SCRE-Optimized ranking threshold 0.50,SCRE-Optimized ranking,0.61,351,125,0.025914529914529923,-0.9970085470085468,0.0,True,True,True,Decision curve computed from existing probability score; no policy selection on test.,False,0.01-0.80,0.21330134680134683
taiwan,validation,SCRE-Optimized ranking threshold 0.50,SCRE-Optimized ranking,0.62,336,115,0.0247280701754386,-1.0495614035087717,0.0,True,True,True,Decision curve computed from existing probability score; no policy selection on test.,False,0.01-0.80,0.21330134680134683
taiwan,validation,SCRE-Optimized ranking threshold 0.50,SCRE-Optimized ranking,0.63,323,106,0.02375225225225225,-1.1049549549549547,0.0,True,True,True,Decision curve computed from existing probability score; no policy selection on test.,False,0.01-0.80,0.21330134680134683
taiwan,validation,SCRE-Optimized ranking threshold 0.50,SCRE-Optimized ranking,0.64,309,93,0.02394444444444444,-1.1634259259259259,0.0,True,True,True,Decision curve computed from existing probability score; no policy selection on test.,False,0.01-0.80,0.21330134680134683
taiwan,validation,SCRE-Optimized ranking threshold 0.50,SCRE-Optimized ranking,0.65,299,86,0.02321428571428571,-1.2252380952380952,0.0,True,True,True,Decision curve computed from existing probability score; no policy selection on test.,False,0.01-0.80,0.21330134680134683
taiwan,validation,SCRE-Optimized ranking threshold 0.50,SCRE-Optimized ranking,0.66,285,83,0.02064705882352941,-1.2906862745098038,0.0,True,True,True,Decision curve computed from existing probability score; no policy selection on test.,False,0.01-0.80,0.21330134680134683
taiwan,validation,SCRE-Optimized ranking threshold 0.50,SCRE-Optimized ranking,0.67,265,75,0.01878787878787878,-1.3601010101010103,0.0,True,True,True,Decision curve computed from existing probability score; no policy selection on test.,False,0.01-0.80,0.21330134680134683
taiwan,validation,SCRE-Optimized ranking threshold 0.50,SCRE-Optimized ranking,0.68,248,67,0.01760416666666666,-1.4338541666666669,0.0,True,True,True,Decision curve computed from existing probability score; no policy selection on test.,False,0.01-0.80,0.21330134680134683
taiwan,validation,SCRE-Optimized ranking threshold 0.50,SCRE-Optimized ranking,0.69,235,62,0.016166666666666676,-1.5123655913978487,0.0,True,True,True,Decision curve computed from existing probability score; no policy selection on test.,False,0.01-0.80,0.21330134680134683
taiwan,validation,SCRE-Optimized ranking threshold 0.50,SCRE-Optimized ranking,0.7,216,56,0.01422222222222222,-1.5961111111111106,0.0,True,True,True,Decision curve computed from existing probability score; no policy selection on test.,False,0.01-0.80,0.21330134680134683
taiwan,validation,SCRE-Optimized ranking threshold 0.50,SCRE-Optimized ranking,0.71,195,45,0.014137931034482763,-1.6856321839080455,0.0,True,True,True,Decision curve computed from existing probability score; no policy selection on test.,False,0.01-0.80,0.21330134680134683
taiwan,validation,SCRE-Optimized ranking threshold 0.50,SCRE-Optimized ranking,0.72,178,41,0.012095238095238096,-1.7815476190476185,0.0,True,True,True,Decision curve computed from existing probability score; no policy selection on test.,False,0.01-0.80,0.21330134680134683
taiwan,validation,SCRE-Optimized ranking threshold 0.50,SCRE-Optimized ranking,0.73,156,34,0.010679012345679013,-1.8845679012345673,0.0,True,True,True,Decision curve computed from existing probability score; no policy selection on test.,False,0.01-0.80,0.21330134680134683
taiwan,validation,SCRE-Optimized ranking threshold 0.50,SCRE-Optimized ranking,0.74,134,30,0.008102564102564104,-1.9955128205128199,0.0,True,True,True,Decision curve computed from existing probability score; no policy selection on test.,False,0.01-0.80,0.21330134680134683
taiwan,validation,SCRE-Optimized ranking threshold 0.50,SCRE-Optimized ranking,0.75,108,22,0.006999999999999999,-2.1153333333333335,0.0,True,True,True,Decision curve computed from existing probability score; no policy selection on test.,False,0.01-0.80,0.21330134680134683
taiwan,validation,SCRE-Optimized ranking threshold 0.50,SCRE-Optimized ranking,0.76,76,15,0.004749999999999999,-2.245138888888889,0.0,True,True,True,Decision curve computed from existing probability score; no policy selection on test.,False,0.01-0.80,0.21330134680134683
taiwan,validation,SCRE-Optimized ranking threshold 0.50,SCRE-Optimized ranking,0.77,48,9,0.0029782608695652175,-2.3862318840579713,0.0,True,True,True,Decision curve computed from existing probability score; no policy selection on test.,False,0.01-0.80,0.21330134680134683
taiwan,validation,SCRE-Optimized ranking threshold 0.50,SCRE-Optimized ranking,0.78,34,7,0.0015303030303030303,-2.5401515151515155,0.0,True,True,False,Decision curve computed from existing probability score; no policy selection on test.,False,0.01-0.80,0.21330134680134683
taiwan,validation,SCRE-Optimized ranking threshold 0.50,SCRE-Optimized ranking,0.79,24,4,0.0014920634920634916,-2.7087301587301593,0.0,True,True,False,Decision curve computed from existing probability score; no policy selection on test.,False,0.01-0.80,0.21330134680134683
taiwan,validation,SCRE-Optimized ranking threshold 0.50,SCRE-Optimized ranking,0.8,21,2,0.0021666666666666666,-2.8941666666666674,0.0,True,True,True,Decision curve computed from existing probability score; no policy selection on test.,False,0.01-0.80,0.21330134680134683
taiwan,locked_test,SCRE-Optimized ranking threshold 0.50,SCRE-Optimized ranking,0.01,1327,4671,0.21330303030303033,0.21329966329966332,0.0,True,True,True,Decision curve computed from existing probability score; no policy selection on test.,False,0.01-0.80,0.21330303030303033
taiwan,locked_test,SCRE-Optimized ranking threshold 0.50,SCRE-Optimized ranking,0.02,1326,4658,0.205156462585034,0.20527210884353742,0.0,False,True,False,Decision curve computed from existing probability score; no policy selection on test.,False,0.01-0.80,0.21330303030303033
taiwan,locked_test,SCRE-Optimized ranking threshold 0.50,SCRE-Optimized ranking,0.03,1326,4605,0.19726288659793814,0.1970790378006873,0.0,True,True,False,Decision curve computed from existing probability score; no policy selection on test.,False,0.01-0.80,0.21330303030303033
taiwan,locked_test,SCRE-Optimized ranking threshold 0.50,SCRE-Optimized ranking,0.04,1322,4514,0.1889861111111111,0.1887152777777778,0.0,True,True,True,Decision curve computed from existing probability score; no policy selection on test.,False,0.01-0.80,0.21330303030303033
taiwan,locked_test,SCRE-Optimized ranking threshold 0.50,SCRE-Optimized ranking,0.05,1313,4378,0.1804298245614035,0.18017543859649124,0.0,True,True,False,Decision curve computed from existing probability score; no policy selection on test.,False,0.01-0.80,0.21330303030303033
taiwan,locked_test,SCRE-Optimized ranking threshold 0.50,SCRE-Optimized ranking,0.06,1308,4175,0.17358510638297872,0.17145390070921987,0.0,True,True,True,Decision curve computed from existing probability score; no policy selection on test.,False,0.01-0.80,0.21330303030303033
taiwan,locked_test,SCRE-Optimized ranking threshold 0.50,SCRE-Optimized ranking,0.07,1291,3962,0.16546415770609318,0.16254480286738351,0.0,True,True,False,Decision curve computed from existing probability score; no policy selection on test.,False,0.01-0.80,0.21330303030303033
taiwan,locked_test,SCRE-Optimized ranking threshold 0.50,SCRE-Optimized ranking,0.08,1275,3734,0.15838405797101449,0.15344202898550727,0.0,True,True,False,Decision curve computed from existing probability score; no policy selection on test.,False,0.01-0.80,0.21330303030303033
taiwan,locked_test,SCRE-Optimized ranking threshold 0.50,SCRE-Optimized ranking,0.09,1258,3496,0.15204029304029304,0.14413919413919415,0.0,True,True,False,Decision curve computed from existing probability score; no policy selection on test.,False,0.01-0.80,0.21330303030303033
taiwan,locked_test,SCRE-Optimized ranking threshold 0.50,SCRE-Optimized ranking,0.1,1239,3248,0.14635185185185184,0.13462962962962965,0.0,True,True,True,Decision curve computed from existing probability score; no policy selection on test.,False,0.01-0.80,0.21330303030303033
taiwan,locked_test,SCRE-Optimized ranking threshold 0.50,SCRE-Optimized ranking,0.11,1208,2979,0.1399681647940075,0.12490636704119852,0.0,True,True,False,Decision curve computed from existing probability score; no policy selection on test.,False,0.01-0.80,0.21330303030303033
taiwan,locked_test,SCRE-Optimized ranking threshold 0.50,SCRE-Optimized ranking,0.12,1188,2686,0.13695454545454547,0.11496212121212124,0.0,True,True,True,Decision curve computed from existing probability score; no policy selection on test.,False,0.01-0.80,0.21330303030303033
taiwan,locked_test,SCRE-Optimized ranking threshold 0.50,SCRE-Optimized ranking,0.13,1157,2466,0.13141954022988506,0.10478927203065136,0.0,True,True,True,Decision curve computed from existing probability score; no policy selection on test.,False,0.01-0.80,0.21330303030303033
taiwan,locked_test,SCRE-Optimized ranking threshold 0.50,SCRE-Optimized ranking,0.14,1133,2261,0.12748837209302324,0.09437984496124033,0.0,True,True,True,Decision curve computed from existing probability score; no policy selection on test.,False,0.01-0.80,0.21330303030303033
taiwan,locked_test,SCRE-Optimized ranking threshold 0.50,SCRE-Optimized ranking,0.15,1089,2094,0.11991176470588236,0.08372549019607844,0.0,True,True,False,Decision curve computed from existing probability score; no policy selection on test.,False,0.01-0.80,0.21330303030303033
taiwan,locked_test,SCRE-Optimized ranking threshold 0.50,SCRE-Optimized ranking,0.16,1049,1907,0.11429365079365078,0.07281746031746034,0.0,True,True,False,Decision curve computed from existing probability score; no policy selection on test.,False,0.01-0.80,0.21330303030303033
taiwan,locked_test,SCRE-Optimized ranking threshold 0.50,SCRE-Optimized ranking,0.17,1007,1701,0.10976706827309238,0.06164658634538153,0.0,True,True,True,Decision curve computed from existing probability score; no policy selection on test.,False,0.01-0.80,0.21330303030303033
taiwan,locked_test,SCRE-Optimized ranking threshold 0.50,SCRE-Optimized ranking,0.18,948,1489,0.10352439024390245,0.05020325203252038,0.0,True,True,False,Decision curve computed from existing probability score; no policy selection on test.,False,0.01-0.80,0.21330303030303033
taiwan,locked_test,SCRE-Optimized ranking threshold 0.50,SCRE-Optimized ranking,0.19,923,1323,0.1021111111111111,0.03847736625514406,0.0,True,True,False,Decision curve computed from existing probability score; no policy selection on test.,False,0.01-0.80,0.21330303030303033
taiwan,locked_test,SCRE-Optimized ranking threshold 0.50,SCRE-Optimized ranking,0.2,896,1200,0.09933333333333334,0.02645833333333336,0.0,True,True,False,Decision curve computed from existing probability score; no policy selection on test.,False,0.01-0.80,0.21330303030303033
taiwan,locked_test,SCRE-Optimized ranking threshold 0.50,SCRE-Optimized ranking,0.21,878,1107,0.09728902953586499,0.014135021097046452,0.0,True,True,True,Decision curve computed from existing probability score; no policy selection on test.,False,0.01-0.80,0.21330303030303033
taiwan,locked_test,SCRE-Optimized ranking threshold 0.50,SCRE-Optimized ranking,0.22,855,1031,0.09403418803418802,0.0014957264957265182,0.0,True,True,False,Decision curve computed from existing probability score; no policy selection on test.,False,0.01-0.80,0.21330303030303033
taiwan,locked_test,SCRE-Optimized ranking threshold 0.50,SCRE-Optimized ranking,0.23,836,948,0.09213852813852814,-0.011471861471861439,0.0,True,True,False,Decision curve computed from existing probability score; no policy selection on test.,False,0.01-0.80,0.21330303030303033
taiwan,locked_test,SCRE-Optimized ranking threshold 0.50,SCRE-Optimized ranking,0.24,826,879,0.09140350877192982,-0.02478070175438593,0.0,True,True,False,Decision curve computed from existing probability score; no policy selection on test.,False,0.01-0.80,0.21330303030303033
taiwan,locked_test,SCRE-Optimized ranking threshold 0.50,SCRE-Optimized ranking,0.25,812,830,0.08922222222222223,-0.03844444444444439,0.0,True,True,False,Decision curve computed from existing probability score; no policy selection on test.,False,0.01-0.80,0.21330303030303033
taiwan,locked_test,SCRE-Optimized ranking threshold 0.50,SCRE-Optimized ranking,0.26,794,780,0.08665765765765765,-0.05247747747747744,0.0,True,True,False,Decision curve computed from existing probability score; no policy selection on test.,False,0.01-0.80,0.21330303030303033
taiwan,locked_test,SCRE-Optimized ranking threshold 0.50,SCRE-Optimized ranking,0.27,781,739,0.08461187214611873,-0.06689497716894977,0.0,True,True,True,Decision curve computed from existing probability score; no policy selection on test.,False,0.01-0.80,0.21330303030303033
taiwan,locked_test,SCRE-Optimized ranking threshold 0.50,SCRE-Optimized ranking,0.28,770,701,0.08289814814814814,-0.08171296296296299,0.0,True,True,False,Decision curve computed from existing probability score; no policy selection on test.,False,0.01-0.80,0.21330303030303033
taiwan,locked_test,SCRE-Optimized ranking threshold 0.50,SCRE-Optimized ranking,0.29,750,666,0.07966197183098592,-0.09694835680751168,0.0,True,True,False,Decision curve computed from existing probability score; no policy selection on test.,False,0.01-0.80,0.21330303030303033
taiwan,locked_test,SCRE-Optimized ranking threshold 0.50,SCRE-Optimized ranking,0.3,741,626,0.07878571428571428,-0.11261904761904762,0.0,True,True,True,Decision curve computed from existing probability score; no policy selection on test.,False,0.01-0.80,0.21330303030303033
taiwan,locked_test,SCRE-Optimized ranking threshold 0.50,SCRE-Optimized ranking,0.31,726,594,0.07652173913043478,-0.12874396135265698,0.0,True,True,True,Decision curve computed from existing probability score; no policy selection on test.,False,0.01-0.80,0.21330303030303033
taiwan,locked_test,SCRE-Optimized ranking threshold 0.50,SCRE-Optimized ranking,0.32,713,571,0.07404901960784313,-0.14534313725490194,0.0,True,True,True,Decision curve computed from existing probability score; no policy selection on test.,False,0.01-0.80,0.21330303030303033
taiwan,locked_test,SCRE-Optimized ranking threshold 0.50,SCRE-Optimized ranking,0.33,695,551,0.07060199004975123,-0.16243781094527365,0.0,True,True,True,Decision curve computed from existing probability score; no policy selection on test.,False,0.01-0.80,0.21330303030303033
taiwan,locked_test,SCRE-Optimized ranking threshold 0.50,SCRE-Optimized ranking,0.34,677,515,0.0686161616161616,-0.18005050505050507,0.0,True,True,False,Decision curve computed from existing probability score; no policy selection on test.,False,0.01-0.80,0.21330303030303033
taiwan,locked_test,SCRE-Optimized ranking threshold 0.50,SCRE-Optimized ranking,0.35,655,483,0.06582051282051282,-0.19820512820512814,0.0,True,True,False,Decision curve computed from existing probability score; no policy selection on test.,False,0.01-0.80,0.21330303030303033
taiwan,locked_test,SCRE-Optimized ranking threshold 0.50,SCRE-Optimized ranking,0.36,634,450,0.06347916666666667,-0.21692708333333327,0.0,True,True,True,Decision curve computed from existing probability score; no policy selection on test.,False,0.01-0.80,0.21330303030303033
taiwan,locked_test,SCRE-Optimized ranking threshold 0.50,SCRE-Optimized ranking,0.37,620,427,0.061537037037037036,-0.2362433862433862,0.0,True,True,True,Decision curve computed from existing probability score; no policy selection on test.,False,0.01-0.80,0.21330303030303033
taiwan,locked_test,SCRE-Optimized ranking threshold 0.50,SCRE-Optimized ranking,0.38,609,411,0.059516129032258065,-0.2561827956989247,0.0,True,True,True,Decision curve computed from existing probability score; no policy selection on test.,False,0.01-0.80,0.21330303030303033
taiwan,locked_test,SCRE-Optimized ranking threshold 0.50,SCRE-Optimized ranking,0.39,601,391,0.05850273224043716,-0.27677595628415297,0.0,True,True,True,Decision curve computed from existing probability score; no policy selection on test.,False,0.01-0.80,0.21330303030303033
taiwan,locked_test,SCRE-Optimized ranking threshold 0.50,SCRE-Optimized ranking,0.4,590,374,0.05677777777777777,-0.2980555555555556,0.0,True,True,True,Decision curve computed from existing probability score; no policy selection on test.,False,0.01-0.80,0.21330303030303033
taiwan,locked_test,SCRE-Optimized ranking threshold 0.50,SCRE-Optimized ranking,0.41,576,359,0.05442090395480227,-0.320056497175141,0.0,True,True,False,Decision curve computed from existing probability score; no policy selection on test.,False,0.01-0.80,0.21330303030303033
taiwan,locked_test,SCRE-Optimized ranking threshold 0.50,SCRE-Optimized ranking,0.42,560,337,0.052660919540229896,-0.3428160919540228,0.0,True,True,False,Decision curve computed from existing probability score; no policy selection on test.,False,0.01-0.80,0.21330303030303033
taiwan,locked_test,SCRE-Optimized ranking threshold 0.50,SCRE-Optimized ranking,0.43,544,317,0.05080994152046785,-0.36637426900584785,0.0,True,True,False,Decision curve computed from existing probability score; no policy selection on test.,False,0.01-0.80,0.21330303030303033
taiwan,locked_test,SCRE-Optimized ranking threshold 0.50,SCRE-Optimized ranking,0.44,535,306,0.0490952380952381,-0.3907738095238094,0.0,True,True,False,Decision curve computed from existing probability score; no policy selection on test.,False,0.01-0.80,0.21330303030303033
taiwan,locked_test,SCRE-Optimized ranking threshold 0.50,SCRE-Optimized ranking,0.45,518,285,0.04746969696969697,-0.41606060606060596,0.0,True,True,False,Decision curve computed from existing probability score; no policy selection on test.,False,0.01-0.80,0.21330303030303033
taiwan,locked_test,SCRE-Optimized ranking threshold 0.50,SCRE-Optimized ranking,0.46,510,272,0.04638271604938272,-0.4422839506172839,0.0,True,True,True,Decision curve computed from existing probability score; no policy selection on test.,False,0.01-0.80,0.21330303030303033
taiwan,locked_test,SCRE-Optimized ranking threshold 0.50,SCRE-Optimized ranking,0.47,493,260,0.04373899371069183,-0.46949685534591185,0.0,True,True,False,Decision curve computed from existing probability score; no policy selection on test.,False,0.01-0.80,0.21330303030303033
taiwan,locked_test,SCRE-Optimized ranking threshold 0.50,SCRE-Optimized ranking,0.48,486,250,0.042538461538461546,-0.4977564102564101,0.0,True,True,False,Decision curve computed from existing probability score; no policy selection on test.,False,0.01-0.80,0.21330303030303033
taiwan,locked_test,SCRE-Optimized ranking threshold 0.50,SCRE-Optimized ranking,0.49,476,234,0.04186274509803922,-0.5271241830065359,0.0,True,True,False,Decision curve computed from existing probability score; no policy selection on test.,False,0.01-0.80,0.21330303030303033
taiwan,locked_test,SCRE-Optimized ranking threshold 0.50,SCRE-Optimized ranking,0.5,468,228,0.04,-0.5576666666666665,0.0,True,True,False,Decision curve computed from existing probability score; no policy selection on test.,False,0.01-0.80,0.21330303030303033
taiwan,locked_test,SCRE-Optimized ranking threshold 0.50,SCRE-Optimized ranking,0.51,457,215,0.03887074829931972,-0.5894557823129252,0.0,True,True,False,Decision curve computed from existing probability score; no policy selection on test.,False,0.01-0.80,0.21330303030303033
taiwan,locked_test,SCRE-Optimized ranking threshold 0.50,SCRE-Optimized ranking,0.52,448,207,0.03729166666666667,-0.6225694444444445,0.0,True,True,False,Decision curve computed from existing probability score; no policy selection on test.,False,0.01-0.80,0.21330303030303033
taiwan,locked_test,SCRE-Optimized ranking threshold 0.50,SCRE-Optimized ranking,0.53,442,200,0.03607801418439716,-0.6570921985815603,0.0,True,True,True,Decision curve computed from existing probability score; no policy selection on test.,False,0.01-0.80,0.21330303030303033
taiwan,locked_test,SCRE-Optimized ranking threshold 0.50,SCRE-Optimized ranking,0.54,438,195,0.03484782608695651,-0.6931159420289854,0.0,True,True,True,Decision curve computed from existing probability score; no policy selection on test.,False,0.01-0.80,0.21330303030303033
taiwan,locked_test,SCRE-Optimized ranking threshold 0.50,SCRE-Optimized ranking,0.55,433,192,0.033055555555555546,-0.7307407407407409,0.0,True,True,False,Decision curve computed from existing probability score; no policy selection on test.,False,0.01-0.80,0.21330303030303033
taiwan,locked_test,SCRE-Optimized ranking threshold 0.50,SCRE-Optimized ranking,0.56,423,184,0.03146969696969696,-0.7700757575757577,0.0,True,True,True,Decision curve computed from existing probability score; no policy selection on test.,False,0.01-0.80,0.21330303030303033
taiwan,locked_test,SCRE-Optimized ranking threshold 0.50,SCRE-Optimized ranking,0.57,412,177,0.02956201550387598,-0.811240310077519,0.0,True,True,False,Decision curve computed from existing probability score; no policy selection on test.,False,0.01-0.80,0.21330303030303033
taiwan,locked_test,SCRE-Optimized ranking threshold 0.50,SCRE-Optimized ranking,0.58,405,169,0.028603174603174616,-0.854365079365079,0.0,True,True,True,Decision curve computed from existing probability score; no policy selection on test.,False,0.01-0.80,0.21330303030303033
taiwan,locked_test,SCRE-Optimized ranking threshold 0.50,SCRE-Optimized ranking,0.59,399,161,0.02788617886178863,-0.899593495934959,0.0,True,True,True,Decision curve computed from existing probability score; no policy selection on test.,False,0.01-0.80,0.21330303030303033
taiwan,locked_test,SCRE-Optimized ranking threshold 0.50,SCRE-Optimized ranking,0.6,387,154,0.02600000000000001,-0.947083333333333,0.0,True,True,True,Decision curve computed from existing probability score; no policy selection on test.,False,0.01-0.80,0.21330303030303033
taiwan,locked_test,SCRE-Optimized ranking threshold 0.50,SCRE-Optimized ranking,0.61,371,139,0.0255982905982906,-0.9970085470085468,0.0,True,True,True,Decision curve computed from existing probability score; no policy selection on test.,False,0.01-0.80,0.21330303030303033
taiwan,locked_test,SCRE-Optimized ranking threshold 0.50,SCRE-Optimized ranking,0.62,354,129,0.023921052631578947,-1.0495614035087717,0.0,True,True,True,Decision curve computed from existing probability score; no policy selection on test.,False,0.01-0.80,0.21330303030303033
taiwan,locked_test,SCRE-Optimized ranking threshold 0.50,SCRE-Optimized ranking,0.63,339,121,0.022162162162162165,-1.1049549549549547,0.0,True,True,True,Decision curve computed from existing probability score; no policy selection on test.,False,0.01-0.80,0.21330303030303033
taiwan,locked_test,SCRE-Optimized ranking threshold 0.50,SCRE-Optimized ranking,0.64,323,113,0.020351851851851843,-1.1634259259259259,0.0,True,True,True,Decision curve computed from existing probability score; no policy selection on test.,False,0.01-0.80,0.21330303030303033
taiwan,locked_test,SCRE-Optimized ranking threshold 0.50,SCRE-Optimized ranking,0.65,301,102,0.01859523809523809,-1.2252380952380952,0.0,True,True,True,Decision curve computed from existing probability score; no policy selection on test.,False,0.01-0.80,0.21330303030303033
taiwan,locked_test,SCRE-Optimized ranking threshold 0.50,SCRE-Optimized ranking,0.66,288,95,0.017264705882352935,-1.2906862745098038,0.0,True,True,False,Decision curve computed from existing probability score; no policy selection on test.,False,0.01-0.80,0.21330303030303033
taiwan,locked_test,SCRE-Optimized ranking threshold 0.50,SCRE-Optimized ranking,0.67,278,86,0.017232323232323224,-1.3601010101010103,0.0,True,True,False,Decision curve computed from existing probability score; no policy selection on test.,False,0.01-0.80,0.21330303030303033
taiwan,locked_test,SCRE-Optimized ranking threshold 0.50,SCRE-Optimized ranking,0.68,262,79,0.015687499999999993,-1.4338541666666669,0.0,True,True,True,Decision curve computed from existing probability score; no policy selection on test.,False,0.01-0.80,0.21330303030303033
taiwan,locked_test,SCRE-Optimized ranking threshold 0.50,SCRE-Optimized ranking,0.69,245,72,0.0141236559139785,-1.5123655913978487,0.0,True,True,True,Decision curve computed from existing probability score; no policy selection on test.,False,0.01-0.80,0.21330303030303033
taiwan,locked_test,SCRE-Optimized ranking threshold 0.50,SCRE-Optimized ranking,0.7,227,63,0.013333333333333332,-1.5961111111111106,0.0,True,True,True,Decision curve computed from existing probability score; no policy selection on test.,False,0.01-0.80,0.21330303030303033
taiwan,locked_test,SCRE-Optimized ranking threshold 0.50,SCRE-Optimized ranking,0.71,211,54,0.01313218390804598,-1.6856321839080455,0.0,True,True,True,Decision curve computed from existing probability score; no policy selection on test.,False,0.01-0.80,0.21330303030303033
taiwan,locked_test,SCRE-Optimized ranking threshold 0.50,SCRE-Optimized ranking,0.72,192,46,0.012285714285714289,-1.7815476190476185,0.0,True,True,False,Decision curve computed from existing probability score; no policy selection on test.,False,0.01-0.80,0.21330303030303033
taiwan,locked_test,SCRE-Optimized ranking threshold 0.50,SCRE-Optimized ranking,0.73,169,36,0.011944444444444445,-1.8845679012345673,0.0,True,True,True,Decision curve computed from existing probability score; no policy selection on test.,False,0.01-0.80,0.21330303030303033
taiwan,locked_test,SCRE-Optimized ranking threshold 0.50,SCRE-Optimized ranking,0.74,140,31,0.00862820512820513,-1.9955128205128199,0.0,True,True,False,Decision curve computed from existing probability score; no policy selection on test.,False,0.01-0.80,0.21330303030303033
taiwan,locked_test,SCRE-Optimized ranking threshold 0.50,SCRE-Optimized ranking,0.75,121,22,0.009166666666666667,-2.1153333333333335,0.0,True,True,False,Decision curve computed from existing probability score; no policy selection on test.,False,0.01-0.80,0.21330303030303033
taiwan,locked_test,SCRE-Optimized ranking threshold 0.50,SCRE-Optimized ranking,0.76,98,15,0.008416666666666664,-2.245138888888889,0.0,True,True,True,Decision curve computed from existing probability score; no policy selection on test.,False,0.01-0.80,0.21330303030303033
taiwan,locked_test,SCRE-Optimized ranking threshold 0.50,SCRE-Optimized ranking,0.77,72,9,0.006978260869565218,-2.3862318840579713,0.0,True,True,False,Decision curve computed from existing probability score; no policy selection on test.,False,0.01-0.80,0.21330303030303033
taiwan,locked_test,SCRE-Optimized ranking threshold 0.50,SCRE-Optimized ranking,0.78,47,5,0.004878787878787878,-2.5401515151515155,0.0,True,True,False,Decision curve computed from existing probability score; no policy selection on test.,False,0.01-0.80,0.21330303030303033
taiwan,locked_test,SCRE-Optimized ranking threshold 0.50,SCRE-Optimized ranking,0.79,35,2,0.004579365079365079,-2.7087301587301593,0.0,True,True,True,Decision curve computed from existing probability score; no policy selection on test.,False,0.01-0.80,0.21330303030303033
taiwan,locked_test,SCRE-Optimized ranking threshold 0.50,SCRE-Optimized ranking,0.8,28,2,0.0033333333333333335,-2.8941666666666674,0.0,True,True,True,Decision curve computed from existing probability score; no policy selection on test.,False,0.01-0.80,0.21330303030303033
taiwan,validation,Scorecard benchmark threshold 0.50,scorecard_sigmoid,0.01,1327,4673,0.21329966329966332,0.21329966329966332,0.0,False,True,False,Decision curve computed from existing probability score; no policy selection on test.,False,0.06-0.70,0.21329966329966332
taiwan,validation,Scorecard benchmark threshold 0.50,scorecard_sigmoid,0.02,1327,4673,0.20527210884353742,0.20527210884353742,0.0,False,True,False,Decision curve computed from existing probability score; no policy selection on test.,False,0.06-0.70,0.21329966329966332
taiwan,validation,Scorecard benchmark threshold 0.50,scorecard_sigmoid,0.03,1327,4673,0.1970790378006873,0.1970790378006873,0.0,False,True,False,Decision curve computed from existing probability score; no policy selection on test.,False,0.06-0.70,0.21329966329966332
taiwan,validation,Scorecard benchmark threshold 0.50,scorecard_sigmoid,0.04,1325,4642,0.18859722222222222,0.1887152777777778,0.0,False,True,False,Decision curve computed from existing probability score; no policy selection on test.,False,0.06-0.70,0.21329966329966332
taiwan,validation,Scorecard benchmark threshold 0.50,scorecard_sigmoid,0.05,1318,4532,0.17991228070175438,0.18017543859649124,0.0,False,True,False,Decision curve computed from existing probability score; no policy selection on test.,False,0.06-0.70,0.21329966329966332
taiwan,validation,Scorecard benchmark threshold 0.50,scorecard_sigmoid,0.06,1311,4351,0.1722127659574468,0.17145390070921987,0.0,True,True,False,Decision curve computed from existing probability score; no policy selection on test.,False,0.06-0.70,0.21329966329966332
taiwan,validation,Scorecard benchmark threshold 0.50,scorecard_sigmoid,0.07,1293,4120,0.1638154121863799,0.16254480286738351,0.0,True,True,False,Decision curve computed from existing probability score; no policy selection on test.,False,0.06-0.70,0.21329966329966332
taiwan,validation,Scorecard benchmark threshold 0.50,scorecard_sigmoid,0.08,1266,3785,0.15614492753623188,0.15344202898550727,0.0,True,True,False,Decision curve computed from existing probability score; no policy selection on test.,False,0.06-0.70,0.21329966329966332
taiwan,validation,Scorecard benchmark threshold 0.50,scorecard_sigmoid,0.09,1233,3452,0.1485989010989011,0.14413919413919415,0.0,True,True,False,Decision curve computed from existing probability score; no policy selection on test.,False,0.06-0.70,0.21329966329966332
taiwan,validation,Scorecard benchmark threshold 0.50,scorecard_sigmoid,0.1,1203,3131,0.14251851851851852,0.13462962962962965,0.0,True,True,False,Decision curve computed from existing probability score; no policy selection on test.,False,0.06-0.70,0.21329966329966332
taiwan,validation,Scorecard benchmark threshold 0.50,scorecard_sigmoid,0.11,1167,2828,0.13624531835205994,0.12490636704119852,0.0,True,True,False,Decision curve computed from existing probability score; no policy selection on test.,False,0.06-0.70,0.21329966329966332
taiwan,validation,Scorecard benchmark threshold 0.50,scorecard_sigmoid,0.12,1144,2555,0.13259848484848485,0.11496212121212124,0.0,True,True,False,Decision curve computed from existing probability score; no policy selection on test.,False,0.06-0.70,0.21329966329966332
taiwan,validation,Scorecard benchmark threshold 0.50,scorecard_sigmoid,0.13,1100,2319,0.12558045977011492,0.10478927203065136,0.0,True,True,False,Decision curve computed from existing probability score; no policy selection on test.,False,0.06-0.70,0.21329966329966332
taiwan,validation,Scorecard benchmark threshold 0.50,scorecard_sigmoid,0.14,1059,2071,0.12031007751937983,0.09437984496124033,0.0,True,True,False,Decision curve computed from existing probability score; no policy selection on test.,False,0.06-0.70,0.21329966329966332
taiwan,validation,Scorecard benchmark threshold 0.50,scorecard_sigmoid,0.15,1030,1829,0.11787254901960784,0.08372549019607844,0.0,True,True,False,Decision curve computed from existing probability score; no policy selection on test.,False,0.06-0.70,0.21329966329966332
taiwan,validation,Scorecard benchmark threshold 0.50,scorecard_sigmoid,0.16,986,1585,0.11401587301587301,0.07281746031746034,0.0,True,True,False,Decision curve computed from existing probability score; no policy selection on test.,False,0.06-0.70,0.21329966329966332
taiwan,validation,Scorecard benchmark threshold 0.50,scorecard_sigmoid,0.17,943,1403,0.10927309236947791,0.06164658634538153,0.0,True,True,False,Decision curve computed from existing probability score; no policy selection on test.,False,0.06-0.70,0.21329966329966332
taiwan,validation,Scorecard benchmark threshold 0.50,scorecard_sigmoid,0.18,909,1249,0.1058048780487805,0.05020325203252038,0.0,True,True,False,Decision curve computed from existing probability score; no policy selection on test.,False,0.06-0.70,0.21329966329966332
taiwan,validation,Scorecard benchmark threshold 0.50,scorecard_sigmoid,0.19,879,1162,0.10107201646090536,0.03847736625514406,0.0,True,True,False,Decision curve computed from existing probability score; no policy selection on test.,False,0.06-0.70,0.21329966329966332
taiwan,validation,Scorecard benchmark threshold 0.50,scorecard_sigmoid,0.2,856,1087,0.09737499999999999,0.02645833333333336,0.0,True,True,False,Decision curve computed from existing probability score; no policy selection on test.,False,0.06-0.70,0.21329966329966332
taiwan,validation,Scorecard benchmark threshold 0.50,scorecard_sigmoid,0.21,840,1021,0.09476582278481015,0.014135021097046452,0.0,True,True,False,Decision curve computed from existing probability score; no policy selection on test.,False,0.06-0.70,0.21329966329966332
taiwan,validation,Scorecard benchmark threshold 0.50,scorecard_sigmoid,0.22,819,958,0.09146581196581197,0.0014957264957265182,0.0,True,True,False,Decision curve computed from existing probability score; no policy selection on test.,False,0.06-0.70,0.21329966329966332
taiwan,validation,Scorecard benchmark threshold 0.50,scorecard_sigmoid,0.23,800,911,0.08798051948051949,-0.011471861471861439,0.0,True,True,False,Decision curve computed from existing probability score; no policy selection on test.,False,0.06-0.70,0.21329966329966332
taiwan,validation,Scorecard benchmark threshold 0.50,scorecard_sigmoid,0.24,783,855,0.08550000000000002,-0.02478070175438593,0.0,True,True,False,Decision curve computed from existing probability score; no policy selection on test.,False,0.06-0.70,0.21329966329966332
taiwan,validation,Scorecard benchmark threshold 0.50,scorecard_sigmoid,0.25,768,808,0.08311111111111112,-0.03844444444444439,0.0,True,True,False,Decision curve computed from existing probability score; no policy selection on test.,False,0.06-0.70,0.21329966329966332
taiwan,validation,Scorecard benchmark threshold 0.50,scorecard_sigmoid,0.26,755,771,0.08068468468468468,-0.05247747747747744,0.0,True,True,False,Decision curve computed from existing probability score; no policy selection on test.,False,0.06-0.70,0.21329966329966332
taiwan,validation,Scorecard benchmark threshold 0.50,scorecard_sigmoid,0.27,729,719,0.07717808219178082,-0.06689497716894977,0.0,True,True,False,Decision curve computed from existing probability score; no policy selection on test.,False,0.06-0.70,0.21329966329966332
taiwan,validation,Scorecard benchmark threshold 0.50,scorecard_sigmoid,0.28,716,678,0.07538888888888888,-0.08171296296296299,0.0,True,True,False,Decision curve computed from existing probability score; no policy selection on test.,False,0.06-0.70,0.21329966329966332
taiwan,validation,Scorecard benchmark threshold 0.50,scorecard_sigmoid,0.29,705,628,0.0747488262910798,-0.09694835680751168,0.0,True,True,False,Decision curve computed from existing probability score; no policy selection on test.,False,0.06-0.70,0.21329966329966332
taiwan,validation,Scorecard benchmark threshold 0.50,scorecard_sigmoid,0.3,694,581,0.07416666666666666,-0.11261904761904762,0.0,True,True,False,Decision curve computed from existing probability score; no policy selection on test.,False,0.06-0.70,0.21329966329966332
taiwan,validation,Scorecard benchmark threshold 0.50,scorecard_sigmoid,0.31,687,552,0.07316666666666666,-0.12874396135265698,0.0,True,True,False,Decision curve computed from existing probability score; no policy selection on test.,False,0.06-0.70,0.21329966329966332
taiwan,validation,Scorecard benchmark threshold 0.50,scorecard_sigmoid,0.32,671,515,0.07144117647058823,-0.14534313725490194,0.0,True,True,False,Decision curve computed from existing probability score; no policy selection on test.,False,0.06-0.70,0.21329966329966332
taiwan,validation,Scorecard benchmark threshold 0.50,scorecard_sigmoid,0.33,656,486,0.06943781094527363,-0.16243781094527365,0.0,True,True,False,Decision curve computed from existing probability score; no policy selection on test.,False,0.06-0.70,0.21329966329966332
taiwan,validation,Scorecard benchmark threshold 0.50,scorecard_sigmoid,0.34,635,445,0.06762626262626262,-0.18005050505050507,0.0,True,True,False,Decision curve computed from existing probability score; no policy selection on test.,False,0.06-0.70,0.21329966329966332
taiwan,validation,Scorecard benchmark threshold 0.50,scorecard_sigmoid,0.35,622,425,0.06552564102564104,-0.19820512820512814,0.0,True,True,False,Decision curve computed from existing probability score; no policy selection on test.,False,0.06-0.70,0.21329966329966332
taiwan,validation,Scorecard benchmark threshold 0.50,scorecard_sigmoid,0.36,613,391,0.06551041666666667,-0.21692708333333327,0.0,True,True,False,Decision curve computed from existing probability score; no policy selection on test.,False,0.06-0.70,0.21329966329966332
taiwan,validation,Scorecard benchmark threshold 0.50,scorecard_sigmoid,0.37,594,370,0.06278306878306879,-0.2362433862433862,0.0,True,True,False,Decision curve computed from existing probability score; no policy selection on test.,False,0.06-0.70,0.21329966329966332
taiwan,validation,Scorecard benchmark threshold 0.50,scorecard_sigmoid,0.38,585,344,0.06236021505376344,-0.2561827956989247,0.0,True,True,False,Decision curve computed from existing probability score; no policy selection on test.,False,0.06-0.70,0.21329966329966332
taiwan,validation,Scorecard benchmark threshold 0.50,scorecard_sigmoid,0.39,571,328,0.06021584699453551,-0.27677595628415297,0.0,True,True,False,Decision curve computed from existing probability score; no policy selection on test.,False,0.06-0.70,0.21329966329966332
taiwan,validation,Scorecard benchmark threshold 0.50,scorecard_sigmoid,0.4,560,316,0.058222222222222224,-0.2980555555555556,0.0,True,True,False,Decision curve computed from existing probability score; no policy selection on test.,False,0.06-0.70,0.21329966329966332
taiwan,validation,Scorecard benchmark threshold 0.50,scorecard_sigmoid,0.41,550,301,0.056805084745762714,-0.320056497175141,0.0,True,True,False,Decision curve computed from existing probability score; no policy selection on test.,False,0.06-0.70,0.21329966329966332
taiwan,validation,Scorecard benchmark threshold 0.50,scorecard_sigmoid,0.42,535,286,0.05464942528735633,-0.3428160919540228,0.0,True,True,False,Decision curve computed from existing probability score; no policy selection on test.,False,0.06-0.70,0.21329966329966332
taiwan,validation,Scorecard benchmark threshold 0.50,scorecard_sigmoid,0.43,526,279,0.05258771929824562,-0.36637426900584785,0.0,True,True,False,Decision curve computed from existing probability score; no policy selection on test.,False,0.06-0.70,0.21329966329966332
taiwan,validation,Scorecard benchmark threshold 0.50,scorecard_sigmoid,0.44,512,267,0.05036904761904762,-0.3907738095238094,0.0,True,True,False,Decision curve computed from existing probability score; no policy selection on test.,False,0.06-0.70,0.21329966329966332
taiwan,validation,Scorecard benchmark threshold 0.50,scorecard_sigmoid,0.45,502,258,0.04848484848484849,-0.41606060606060596,0.0,True,True,False,Decision curve computed from existing probability score; no policy selection on test.,False,0.06-0.70,0.21329966329966332
taiwan,validation,Scorecard benchmark threshold 0.50,scorecard_sigmoid,0.46,493,249,0.04681481481481481,-0.4422839506172839,0.0,True,True,False,Decision curve computed from existing probability score; no policy selection on test.,False,0.06-0.70,0.21329966329966332
taiwan,validation,Scorecard benchmark threshold 0.50,scorecard_sigmoid,0.47,483,243,0.044584905660377365,-0.46949685534591185,0.0,True,True,False,Decision curve computed from existing probability score; no policy selection on test.,False,0.06-0.70,0.21329966329966332
taiwan,validation,Scorecard benchmark threshold 0.50,scorecard_sigmoid,0.48,473,230,0.043448717948717956,-0.4977564102564101,0.0,True,True,False,Decision curve computed from existing probability score; no policy selection on test.,False,0.06-0.70,0.21329966329966332
taiwan,validation,Scorecard benchmark threshold 0.50,scorecard_sigmoid,0.49,463,223,0.04145751633986928,-0.5271241830065359,0.0,True,True,False,Decision curve computed from existing probability score; no policy selection on test.,False,0.06-0.70,0.21329966329966332
taiwan,validation,Scorecard benchmark threshold 0.50,scorecard_sigmoid,0.5,446,219,0.03783333333333334,-0.5576666666666665,0.0,True,True,False,Decision curve computed from existing probability score; no policy selection on test.,False,0.06-0.70,0.21329966329966332
taiwan,validation,Scorecard benchmark threshold 0.50,scorecard_sigmoid,0.51,438,207,0.03709183673469387,-0.5894557823129252,0.0,True,True,False,Decision curve computed from existing probability score; no policy selection on test.,False,0.06-0.70,0.21329966329966332
taiwan,validation,Scorecard benchmark threshold 0.50,scorecard_sigmoid,0.52,433,197,0.036597222222222225,-0.6225694444444445,0.0,True,True,False,Decision curve computed from existing probability score; no policy selection on test.,False,0.06-0.70,0.21329966329966332
taiwan,validation,Scorecard benchmark threshold 0.50,scorecard_sigmoid,0.53,426,190,0.035290780141843954,-0.6570921985815603,0.0,True,True,False,Decision curve computed from existing probability score; no policy selection on test.,False,0.06-0.70,0.21329966329966332
taiwan,validation,Scorecard benchmark threshold 0.50,scorecard_sigmoid,0.54,416,184,0.033333333333333326,-0.6931159420289854,0.0,True,True,False,Decision curve computed from existing probability score; no policy selection on test.,False,0.06-0.70,0.21329966329966332
taiwan,validation,Scorecard benchmark threshold 0.50,scorecard_sigmoid,0.55,400,176,0.030814814814814802,-0.7307407407407409,0.0,True,True,False,Decision curve computed from existing probability score; no policy selection on test.,False,0.06-0.70,0.21329966329966332
taiwan,validation,Scorecard benchmark threshold 0.50,scorecard_sigmoid,0.56,391,172,0.028681818181818176,-0.7700757575757577,0.0,True,True,False,Decision curve computed from existing probability score; no policy selection on test.,False,0.06-0.70,0.21329966329966332
taiwan,validation,Scorecard benchmark threshold 0.50,scorecard_sigmoid,0.57,383,161,0.02826356589147288,-0.811240310077519,0.0,True,True,False,Decision curve computed from existing probability score; no policy selection on test.,False,0.06-0.70,0.21329966329966332
taiwan,validation,Scorecard benchmark threshold 0.50,scorecard_sigmoid,0.58,368,155,0.02565873015873016,-0.854365079365079,0.0,True,True,False,Decision curve computed from existing probability score; no policy selection on test.,False,0.06-0.70,0.21329966329966332
taiwan,validation,Scorecard benchmark threshold 0.50,scorecard_sigmoid,0.59,355,150,0.023191056910569108,-0.899593495934959,0.0,True,True,False,Decision curve computed from existing probability score; no policy selection on test.,False,0.06-0.70,0.21329966329966332
taiwan,validation,Scorecard benchmark threshold 0.50,scorecard_sigmoid,0.6,350,147,0.021583333333333336,-0.947083333333333,0.0,True,True,False,Decision curve computed from existing probability score; no policy selection on test.,False,0.06-0.70,0.21329966329966332
taiwan,validation,Scorecard benchmark threshold 0.50,scorecard_sigmoid,0.61,339,138,0.020525641025641028,-0.9970085470085468,0.0,True,True,False,Decision curve computed from existing probability score; no policy selection on test.,False,0.06-0.70,0.21329966329966332
taiwan,validation,Scorecard benchmark threshold 0.50,scorecard_sigmoid,0.62,328,133,0.018500000000000003,-1.0495614035087717,0.0,True,True,False,Decision curve computed from existing probability score; no policy selection on test.,False,0.06-0.70,0.21329966329966332
taiwan,validation,Scorecard benchmark threshold 0.50,scorecard_sigmoid,0.63,316,131,0.015490990990990994,-1.1049549549549547,0.0,True,True,False,Decision curve computed from existing probability score; no policy selection on test.,False,0.06-0.70,0.21329966329966332
taiwan,validation,Scorecard benchmark threshold 0.50,scorecard_sigmoid,0.64,298,126,0.012333333333333328,-1.1634259259259259,0.0,True,True,False,Decision curve computed from existing probability score; no policy selection on test.,False,0.06-0.70,0.21329966329966332
taiwan,validation,Scorecard benchmark threshold 0.50,scorecard_sigmoid,0.65,280,118,0.010142857142857141,-1.2252380952380952,0.0,True,True,False,Decision curve computed from existing probability score; no policy selection on test.,False,0.06-0.70,0.21329966329966332
taiwan,validation,Scorecard benchmark threshold 0.50,scorecard_sigmoid,0.66,264,110,0.008411764705882348,-1.2906862745098038,0.0,True,True,False,Decision curve computed from existing probability score; no policy selection on test.,False,0.06-0.70,0.21329966329966332
taiwan,validation,Scorecard benchmark threshold 0.50,scorecard_sigmoid,0.67,246,102,0.006484848484848475,-1.3601010101010103,0.0,True,True,False,Decision curve computed from existing probability score; no policy selection on test.,False,0.06-0.70,0.21329966329966332
taiwan,validation,Scorecard benchmark threshold 0.50,scorecard_sigmoid,0.68,229,97,0.0038124999999999964,-1.4338541666666669,0.0,True,True,False,Decision curve computed from existing probability score; no policy selection on test.,False,0.06-0.70,0.21329966329966332
taiwan,validation,Scorecard benchmark threshold 0.50,scorecard_sigmoid,0.69,213,91,0.001741935483870971,-1.5123655913978487,0.0,True,True,False,Decision curve computed from existing probability score; no policy selection on test.,False,0.06-0.70,0.21329966329966332
taiwan,validation,Scorecard benchmark threshold 0.50,scorecard_sigmoid,0.7,202,82,0.001777777777777781,-1.5961111111111106,0.0,True,True,False,Decision curve computed from existing probability score; no policy selection on test.,False,0.06-0.70,0.21329966329966332
taiwan,validation,Scorecard benchmark threshold 0.50,scorecard_sigmoid,0.71,185,76,-0.00017816091954022534,-1.6856321839080455,0.0,True,False,False,Decision curve computed from existing probability score; no policy selection on test.,False,0.06-0.70,0.21329966329966332
taiwan,validation,Scorecard benchmark threshold 0.50,scorecard_sigmoid,0.72,165,68,-0.0016428571428571404,-1.7815476190476185,0.0,True,False,False,Decision curve computed from existing probability score; no policy selection on test.,False,0.06-0.70,0.21329966329966332
taiwan,validation,Scorecard benchmark threshold 0.50,scorecard_sigmoid,0.73,151,63,-0.00322222222222222,-1.8845679012345673,0.0,True,False,False,Decision curve computed from existing probability score; no policy selection on test.,False,0.06-0.70,0.21329966329966332
taiwan,validation,Scorecard benchmark threshold 0.50,scorecard_sigmoid,0.74,126,52,-0.003666666666666662,-1.9955128205128199,0.0,True,False,False,Decision curve computed from existing probability score; no policy selection on test.,False,0.06-0.70,0.21329966329966332
taiwan,validation,Scorecard benchmark threshold 0.50,scorecard_sigmoid,0.75,117,45,-0.002999999999999999,-2.1153333333333335,0.0,True,False,False,Decision curve computed from existing probability score; no policy selection on test.,False,0.06-0.70,0.21329966329966332
taiwan,validation,Scorecard benchmark threshold 0.50,scorecard_sigmoid,0.76,106,41,-0.003972222222222224,-2.245138888888889,0.0,True,False,False,Decision curve computed from existing probability score; no policy selection on test.,False,0.06-0.70,0.21329966329966332
taiwan,validation,Scorecard benchmark threshold 0.50,scorecard_sigmoid,0.77,96,35,-0.0035289855072463787,-2.3862318840579713,0.0,True,False,False,Decision curve computed from existing probability score; no policy selection on test.,False,0.06-0.70,0.21329966329966332
taiwan,validation,Scorecard benchmark threshold 0.50,scorecard_sigmoid,0.78,89,31,-0.0034848484848484865,-2.5401515151515155,0.0,True,False,False,Decision curve computed from existing probability score; no policy selection on test.,False,0.06-0.70,0.21329966329966332
taiwan,validation,Scorecard benchmark threshold 0.50,scorecard_sigmoid,0.79,76,24,-0.0023809523809523846,-2.7087301587301593,0.0,True,False,False,Decision curve computed from existing probability score; no policy selection on test.,False,0.06-0.70,0.21329966329966332
taiwan,validation,Scorecard benchmark threshold 0.50,scorecard_sigmoid,0.8,65,21,-0.00316666666666667,-2.8941666666666674,0.0,True,False,False,Decision curve computed from existing probability score; no policy selection on test.,False,0.06-0.70,0.21329966329966332
taiwan,locked_test,Scorecard benchmark threshold 0.50,scorecard_sigmoid,0.01,1327,4673,0.21329966329966332,0.21329966329966332,0.0,False,True,False,Decision curve computed from existing probability score; no policy selection on test.,False,0.05-0.80,0.21329966329966332
taiwan,locked_test,Scorecard benchmark threshold 0.50,scorecard_sigmoid,0.02,1327,4673,0.20527210884353742,0.20527210884353742,0.0,False,True,True,Decision curve computed from existing probability score; no policy selection on test.,False,0.05-0.80,0.21329966329966332
taiwan,locked_test,Scorecard benchmark threshold 0.50,scorecard_sigmoid,0.03,1327,4673,0.1970790378006873,0.1970790378006873,0.0,False,True,False,Decision curve computed from existing probability score; no policy selection on test.,False,0.05-0.80,0.21329966329966332
taiwan,locked_test,Scorecard benchmark threshold 0.50,scorecard_sigmoid,0.04,1325,4652,0.18852777777777777,0.1887152777777778,0.0,False,True,False,Decision curve computed from existing probability score; no policy selection on test.,False,0.05-0.80,0.21329966329966332
taiwan,locked_test,Scorecard benchmark threshold 0.50,scorecard_sigmoid,0.05,1323,4557,0.1805263157894737,0.18017543859649124,0.0,True,True,False,Decision curve computed from existing probability score; no policy selection on test.,False,0.05-0.80,0.21329966329966332
taiwan,locked_test,Scorecard benchmark threshold 0.50,scorecard_sigmoid,0.06,1316,4396,0.17256737588652482,0.17145390070921987,0.0,True,True,False,Decision curve computed from existing probability score; no policy selection on test.,False,0.05-0.80,0.21329966329966332
taiwan,locked_test,Scorecard benchmark threshold 0.50,scorecard_sigmoid,0.07,1304,4117,0.1656863799283154,0.16254480286738351,0.0,True,True,False,Decision curve computed from existing probability score; no policy selection on test.,False,0.05-0.80,0.21329966329966332
taiwan,locked_test,Scorecard benchmark threshold 0.50,scorecard_sigmoid,0.08,1285,3830,0.15865942028985508,0.15344202898550727,0.0,True,True,False,Decision curve computed from existing probability score; no policy selection on test.,False,0.05-0.80,0.21329966329966332
taiwan,locked_test,Scorecard benchmark threshold 0.50,scorecard_sigmoid,0.09,1247,3495,0.15022344322344322,0.14413919413919415,0.0,True,True,False,Decision curve computed from existing probability score; no policy selection on test.,False,0.05-0.80,0.21329966329966332
taiwan,locked_test,Scorecard benchmark threshold 0.50,scorecard_sigmoid,0.1,1210,3155,0.14324074074074072,0.13462962962962965,0.0,True,True,False,Decision curve computed from existing probability score; no policy selection on test.,False,0.05-0.80,0.21329966329966332
taiwan,locked_test,Scorecard benchmark threshold 0.50,scorecard_sigmoid,0.11,1182,2848,0.13833333333333334,0.12490636704119852,0.0,True,True,False,Decision curve computed from existing probability score; no policy selection on test.,False,0.05-0.80,0.21329966329966332
taiwan,locked_test,Scorecard benchmark threshold 0.50,scorecard_sigmoid,0.12,1142,2572,0.13187878787878787,0.11496212121212124,0.0,True,True,False,Decision curve computed from existing probability score; no policy selection on test.,False,0.05-0.80,0.21329966329966332
taiwan,locked_test,Scorecard benchmark threshold 0.50,scorecard_sigmoid,0.13,1108,2294,0.12753639846743295,0.10478927203065136,0.0,True,True,False,Decision curve computed from existing probability score; no policy selection on test.,False,0.05-0.80,0.21329966329966332
taiwan,locked_test,Scorecard benchmark threshold 0.50,scorecard_sigmoid,0.14,1068,2050,0.1223798449612403,0.09437984496124033,0.0,True,True,False,Decision curve computed from existing probability score; no policy selection on test.,False,0.05-0.80,0.21329966329966332
taiwan,locked_test,Scorecard benchmark threshold 0.50,scorecard_sigmoid,0.15,1012,1836,0.11466666666666667,0.08372549019607844,0.0,True,True,False,Decision curve computed from existing probability score; no policy selection on test.,False,0.05-0.80,0.21329966329966332
taiwan,locked_test,Scorecard benchmark threshold 0.50,scorecard_sigmoid,0.16,964,1633,0.10882539682539683,0.07281746031746034,0.0,True,True,False,Decision curve computed from existing probability score; no policy selection on test.,False,0.05-0.80,0.21329966329966332
taiwan,locked_test,Scorecard benchmark threshold 0.50,scorecard_sigmoid,0.17,927,1445,0.10517269076305219,0.06164658634538153,0.0,True,True,False,Decision curve computed from existing probability score; no policy selection on test.,False,0.05-0.80,0.21329966329966332
taiwan,locked_test,Scorecard benchmark threshold 0.50,scorecard_sigmoid,0.18,893,1312,0.10083333333333336,0.05020325203252038,0.0,True,True,False,Decision curve computed from existing probability score; no policy selection on test.,False,0.05-0.80,0.21329966329966332
taiwan,locked_test,Scorecard benchmark threshold 0.50,scorecard_sigmoid,0.19,874,1214,0.09820576131687242,0.03847736625514406,0.0,True,True,False,Decision curve computed from existing probability score; no policy selection on test.,False,0.05-0.80,0.21329966329966332
taiwan,locked_test,Scorecard benchmark threshold 0.50,scorecard_sigmoid,0.2,855,1121,0.09579166666666666,0.02645833333333336,0.0,True,True,False,Decision curve computed from existing probability score; no policy selection on test.,False,0.05-0.80,0.21329966329966332
taiwan,locked_test,Scorecard benchmark threshold 0.50,scorecard_sigmoid,0.21,829,1037,0.09222362869198311,0.014135021097046452,0.0,True,True,False,Decision curve computed from existing probability score; no policy selection on test.,False,0.05-0.80,0.21329966329966332
taiwan,locked_test,Scorecard benchmark threshold 0.50,scorecard_sigmoid,0.22,817,971,0.09052136752136752,0.0014957264957265182,0.0,True,True,False,Decision curve computed from existing probability score; no policy selection on test.,False,0.05-0.80,0.21329966329966332
taiwan,locked_test,Scorecard benchmark threshold 0.50,scorecard_sigmoid,0.23,808,904,0.08966233766233765,-0.011471861471861439,0.0,True,True,False,Decision curve computed from existing probability score; no policy selection on test.,False,0.05-0.80,0.21329966329966332
taiwan,locked_test,Scorecard benchmark threshold 0.50,scorecard_sigmoid,0.24,801,860,0.08823684210526317,-0.02478070175438593,0.0,True,True,False,Decision curve computed from existing probability score; no policy selection on test.,False,0.05-0.80,0.21329966329966332
taiwan,locked_test,Scorecard benchmark threshold 0.50,scorecard_sigmoid,0.25,787,806,0.08638888888888888,-0.03844444444444439,0.0,True,True,False,Decision curve computed from existing probability score; no policy selection on test.,False,0.05-0.80,0.21329966329966332
taiwan,locked_test,Scorecard benchmark threshold 0.50,scorecard_sigmoid,0.26,761,756,0.08256306306306305,-0.05247747747747744,0.0,True,True,False,Decision curve computed from existing probability score; no policy selection on test.,False,0.05-0.80,0.21329966329966332
taiwan,locked_test,Scorecard benchmark threshold 0.50,scorecard_sigmoid,0.27,739,713,0.07921461187214611,-0.06689497716894977,0.0,True,True,False,Decision curve computed from existing probability score; no policy selection on test.,False,0.05-0.80,0.21329966329966332
taiwan,locked_test,Scorecard benchmark threshold 0.50,scorecard_sigmoid,0.28,725,674,0.07714814814814815,-0.08171296296296299,0.0,True,True,False,Decision curve computed from existing probability score; no policy selection on test.,False,0.05-0.80,0.21329966329966332
taiwan,locked_test,Scorecard benchmark threshold 0.50,scorecard_sigmoid,0.29,700,639,0.07316666666666667,-0.09694835680751168,0.0,True,True,False,Decision curve computed from existing probability score; no policy selection on test.,False,0.05-0.80,0.21329966329966332
taiwan,locked_test,Scorecard benchmark threshold 0.50,scorecard_sigmoid,0.3,688,597,0.07202380952380952,-0.11261904761904762,0.0,True,True,False,Decision curve computed from existing probability score; no policy selection on test.,False,0.05-0.80,0.21329966329966332
taiwan,locked_test,Scorecard benchmark threshold 0.50,scorecard_sigmoid,0.31,672,569,0.06939371980676329,-0.12874396135265698,0.0,True,True,False,Decision curve computed from existing probability score; no policy selection on test.,False,0.05-0.80,0.21329966329966332
taiwan,locked_test,Scorecard benchmark threshold 0.50,scorecard_sigmoid,0.32,654,542,0.06649019607843137,-0.14534313725490194,0.0,True,True,False,Decision curve computed from existing probability score; no policy selection on test.,False,0.05-0.80,0.21329966329966332
taiwan,locked_test,Scorecard benchmark threshold 0.50,scorecard_sigmoid,0.33,641,518,0.06431094527363183,-0.16243781094527365,0.0,True,True,False,Decision curve computed from existing probability score; no policy selection on test.,False,0.05-0.80,0.21329966329966332
taiwan,locked_test,Scorecard benchmark threshold 0.50,scorecard_sigmoid,0.34,626,492,0.06209090909090908,-0.18005050505050507,0.0,True,True,False,Decision curve computed from existing probability score; no policy selection on test.,False,0.05-0.80,0.21329966329966332
taiwan,locked_test,Scorecard benchmark threshold 0.50,scorecard_sigmoid,0.35,616,466,0.060846153846153855,-0.19820512820512814,0.0,True,True,False,Decision curve computed from existing probability score; no policy selection on test.,False,0.05-0.80,0.21329966329966332
taiwan,locked_test,Scorecard benchmark threshold 0.50,scorecard_sigmoid,0.36,599,442,0.05839583333333333,-0.21692708333333327,0.0,True,True,False,Decision curve computed from existing probability score; no policy selection on test.,False,0.05-0.80,0.21329966329966332
taiwan,locked_test,Scorecard benchmark threshold 0.50,scorecard_sigmoid,0.37,589,412,0.057838624338624335,-0.2362433862433862,0.0,True,True,False,Decision curve computed from existing probability score; no policy selection on test.,False,0.05-0.80,0.21329966329966332
taiwan,locked_test,Scorecard benchmark threshold 0.50,scorecard_sigmoid,0.38,580,388,0.05703225806451613,-0.2561827956989247,0.0,True,True,False,Decision curve computed from existing probability score; no policy selection on test.,False,0.05-0.80,0.21329966329966332
taiwan,locked_test,Scorecard benchmark threshold 0.50,scorecard_sigmoid,0.39,570,365,0.05610655737704918,-0.27677595628415297,0.0,True,True,False,Decision curve computed from existing probability score; no policy selection on test.,False,0.05-0.80,0.21329966329966332
taiwan,locked_test,Scorecard benchmark threshold 0.50,scorecard_sigmoid,0.4,560,348,0.05466666666666666,-0.2980555555555556,0.0,True,True,False,Decision curve computed from existing probability score; no policy selection on test.,False,0.05-0.80,0.21329966329966332
taiwan,locked_test,Scorecard benchmark threshold 0.50,scorecard_sigmoid,0.41,549,328,0.053511299435028255,-0.320056497175141,0.0,True,True,False,Decision curve computed from existing probability score; no policy selection on test.,False,0.05-0.80,0.21329966329966332
taiwan,locked_test,Scorecard benchmark threshold 0.50,scorecard_sigmoid,0.42,539,315,0.051816091954022994,-0.3428160919540228,0.0,True,True,False,Decision curve computed from existing probability score; no policy selection on test.,False,0.05-0.80,0.21329966329966332
taiwan,locked_test,Scorecard benchmark threshold 0.50,scorecard_sigmoid,0.43,532,305,0.05031871345029241,-0.36637426900584785,0.0,True,True,False,Decision curve computed from existing probability score; no policy selection on test.,False,0.05-0.80,0.21329966329966332
taiwan,locked_test,Scorecard benchmark threshold 0.50,scorecard_sigmoid,0.44,517,290,0.04819047619047619,-0.3907738095238094,0.0,True,True,False,Decision curve computed from existing probability score; no policy selection on test.,False,0.05-0.80,0.21329966329966332
taiwan,locked_test,Scorecard benchmark threshold 0.50,scorecard_sigmoid,0.45,507,279,0.046454545454545464,-0.41606060606060596,0.0,True,True,False,Decision curve computed from existing probability score; no policy selection on test.,False,0.05-0.80,0.21329966329966332
taiwan,locked_test,Scorecard benchmark threshold 0.50,scorecard_sigmoid,0.46,502,270,0.04533333333333334,-0.4422839506172839,0.0,True,True,False,Decision curve computed from existing probability score; no policy selection on test.,False,0.05-0.80,0.21329966329966332
taiwan,locked_test,Scorecard benchmark threshold 0.50,scorecard_sigmoid,0.47,496,257,0.04468238993710692,-0.46949685534591185,0.0,True,True,False,Decision curve computed from existing probability score; no policy selection on test.,False,0.05-0.80,0.21329966329966332
taiwan,locked_test,Scorecard benchmark threshold 0.50,scorecard_sigmoid,0.48,491,246,0.043987179487179486,-0.4977564102564101,0.0,True,True,False,Decision curve computed from existing probability score; no policy selection on test.,False,0.05-0.80,0.21329966329966332
taiwan,locked_test,Scorecard benchmark threshold 0.50,scorecard_sigmoid,0.49,483,240,0.042068627450980396,-0.5271241830065359,0.0,True,True,True,Decision curve computed from existing probability score; no policy selection on test.,False,0.05-0.80,0.21329966329966332
taiwan,locked_test,Scorecard benchmark threshold 0.50,scorecard_sigmoid,0.5,470,234,0.03933333333333334,-0.5576666666666665,0.0,True,True,False,Decision curve computed from existing probability score; no policy selection on test.,False,0.05-0.80,0.21329966329966332
taiwan,locked_test,Scorecard benchmark threshold 0.50,scorecard_sigmoid,0.51,459,228,0.03694897959183673,-0.5894557823129252,0.0,True,True,False,Decision curve computed from existing probability score; no policy selection on test.,False,0.05-0.80,0.21329966329966332
taiwan,locked_test,Scorecard benchmark threshold 0.50,scorecard_sigmoid,0.52,449,220,0.03511111111111111,-0.6225694444444445,0.0,True,True,False,Decision curve computed from existing probability score; no policy selection on test.,False,0.05-0.80,0.21329966329966332
taiwan,locked_test,Scorecard benchmark threshold 0.50,scorecard_sigmoid,0.53,440,212,0.03348936170212765,-0.6570921985815603,0.0,True,True,False,Decision curve computed from existing probability score; no policy selection on test.,False,0.05-0.80,0.21329966329966332
taiwan,locked_test,Scorecard benchmark threshold 0.50,scorecard_sigmoid,0.54,430,204,0.03175362318840579,-0.6931159420289854,0.0,True,True,False,Decision curve computed from existing probability score; no policy selection on test.,False,0.05-0.80,0.21329966329966332
taiwan,locked_test,Scorecard benchmark threshold 0.50,scorecard_sigmoid,0.55,425,197,0.03070370370370369,-0.7307407407407409,0.0,True,True,False,Decision curve computed from existing probability score; no policy selection on test.,False,0.05-0.80,0.21329966329966332
taiwan,locked_test,Scorecard benchmark threshold 0.50,scorecard_sigmoid,0.56,418,194,0.028515151515151514,-0.7700757575757577,0.0,True,True,False,Decision curve computed from existing probability score; no policy selection on test.,False,0.05-0.80,0.21329966329966332
taiwan,locked_test,Scorecard benchmark threshold 0.50,scorecard_sigmoid,0.57,408,191,0.025802325581395363,-0.811240310077519,0.0,True,True,False,Decision curve computed from existing probability score; no policy selection on test.,False,0.05-0.80,0.21329966329966332
taiwan,locked_test,Scorecard benchmark threshold 0.50,scorecard_sigmoid,0.58,399,185,0.023920634920634933,-0.854365079365079,0.0,True,True,False,Decision curve computed from existing probability score; no policy selection on test.,False,0.05-0.80,0.21329966329966332
taiwan,locked_test,Scorecard benchmark threshold 0.50,scorecard_sigmoid,0.59,389,173,0.02334146341463416,-0.899593495934959,0.0,True,True,False,Decision curve computed from existing probability score; no policy selection on test.,False,0.05-0.80,0.21329966329966332
taiwan,locked_test,Scorecard benchmark threshold 0.50,scorecard_sigmoid,0.6,377,167,0.021083333333333343,-0.947083333333333,0.0,True,True,False,Decision curve computed from existing probability score; no policy selection on test.,False,0.05-0.80,0.21329966329966332
taiwan,locked_test,Scorecard benchmark threshold 0.50,scorecard_sigmoid,0.61,369,158,0.02031196581196581,-0.9970085470085468,0.0,True,True,False,Decision curve computed from existing probability score; no policy selection on test.,False,0.05-0.80,0.21329966329966332
taiwan,locked_test,Scorecard benchmark threshold 0.50,scorecard_sigmoid,0.62,350,148,0.018087719298245618,-1.0495614035087717,0.0,True,True,False,Decision curve computed from existing probability score; no policy selection on test.,False,0.05-0.80,0.21329966329966332
taiwan,locked_test,Scorecard benchmark threshold 0.50,scorecard_sigmoid,0.63,339,143,0.015918918918918917,-1.1049549549549547,0.0,True,True,False,Decision curve computed from existing probability score; no policy selection on test.,False,0.05-0.80,0.21329966329966332
taiwan,locked_test,Scorecard benchmark threshold 0.50,scorecard_sigmoid,0.64,323,132,0.01472222222222222,-1.1634259259259259,0.0,True,True,False,Decision curve computed from existing probability score; no policy selection on test.,False,0.05-0.80,0.21329966329966332
taiwan,locked_test,Scorecard benchmark threshold 0.50,scorecard_sigmoid,0.65,306,118,0.014476190476190469,-1.2252380952380952,0.0,True,True,False,Decision curve computed from existing probability score; no policy selection on test.,False,0.05-0.80,0.21329966329966332
taiwan,locked_test,Scorecard benchmark threshold 0.50,scorecard_sigmoid,0.66,293,111,0.012921568627450974,-1.2906862745098038,0.0,True,True,False,Decision curve computed from existing probability score; no policy selection on test.,False,0.05-0.80,0.21329966329966332
taiwan,locked_test,Scorecard benchmark threshold 0.50,scorecard_sigmoid,0.67,278,103,0.011479797979797972,-1.3601010101010103,0.0,True,True,False,Decision curve computed from existing probability score; no policy selection on test.,False,0.05-0.80,0.21329966329966332
taiwan,locked_test,Scorecard benchmark threshold 0.50,scorecard_sigmoid,0.68,269,95,0.011187499999999996,-1.4338541666666669,0.0,True,True,False,Decision curve computed from existing probability score; no policy selection on test.,False,0.05-0.80,0.21329966329966332
taiwan,locked_test,Scorecard benchmark threshold 0.50,scorecard_sigmoid,0.69,251,85,0.010301075268817218,-1.5123655913978487,0.0,True,True,False,Decision curve computed from existing probability score; no policy selection on test.,False,0.05-0.80,0.21329966329966332
taiwan,locked_test,Scorecard benchmark threshold 0.50,scorecard_sigmoid,0.7,234,79,0.00827777777777778,-1.5961111111111106,0.0,True,True,False,Decision curve computed from existing probability score; no policy selection on test.,False,0.05-0.80,0.21329966329966332
taiwan,locked_test,Scorecard benchmark threshold 0.50,scorecard_sigmoid,0.71,216,63,0.010293103448275859,-1.6856321839080455,0.0,True,True,False,Decision curve computed from existing probability score; no policy selection on test.,False,0.05-0.80,0.21329966329966332
taiwan,locked_test,Scorecard benchmark threshold 0.50,scorecard_sigmoid,0.72,199,59,0.00788095238095238,-1.7815476190476185,0.0,True,True,False,Decision curve computed from existing probability score; no policy selection on test.,False,0.05-0.80,0.21329966329966332
taiwan,locked_test,Scorecard benchmark threshold 0.50,scorecard_sigmoid,0.73,180,52,0.006567901234567904,-1.8845679012345673,0.0,True,True,False,Decision curve computed from existing probability score; no policy selection on test.,False,0.05-0.80,0.21329966329966332
taiwan,locked_test,Scorecard benchmark threshold 0.50,scorecard_sigmoid,0.74,164,46,0.005512820512820517,-1.9955128205128199,0.0,True,True,False,Decision curve computed from existing probability score; no policy selection on test.,False,0.05-0.80,0.21329966329966332
taiwan,locked_test,Scorecard benchmark threshold 0.50,scorecard_sigmoid,0.75,150,40,0.005000000000000001,-2.1153333333333335,0.0,True,True,False,Decision curve computed from existing probability score; no policy selection on test.,False,0.05-0.80,0.21329966329966332
taiwan,locked_test,Scorecard benchmark threshold 0.50,scorecard_sigmoid,0.76,140,34,0.0053888888888888875,-2.245138888888889,0.0,True,True,False,Decision curve computed from existing probability score; no policy selection on test.,False,0.05-0.80,0.21329966329966332
taiwan,locked_test,Scorecard benchmark threshold 0.50,scorecard_sigmoid,0.77,122,30,0.003594202898550721,-2.3862318840579713,0.0,True,True,False,Decision curve computed from existing probability score; no policy selection on test.,False,0.05-0.80,0.21329966329966332
taiwan,locked_test,Scorecard benchmark threshold 0.50,scorecard_sigmoid,0.78,109,26,0.0028030303030303037,-2.5401515151515155,0.0,True,True,False,Decision curve computed from existing probability score; no policy selection on test.,False,0.05-0.80,0.21329966329966332
taiwan,locked_test,Scorecard benchmark threshold 0.50,scorecard_sigmoid,0.79,94,21,0.0024999999999999953,-2.7087301587301593,0.0,True,True,False,Decision curve computed from existing probability score; no policy selection on test.,False,0.05-0.80,0.21329966329966332
taiwan,locked_test,Scorecard benchmark threshold 0.50,scorecard_sigmoid,0.8,80,19,0.0006666666666666644,-2.8941666666666674,0.0,True,True,False,Decision curve computed from existing probability score; no policy selection on test.,False,0.05-0.80,0.21329966329966332
taiwan,validation,CatBoost benchmark threshold 0.50,catboost_isotonic,0.01,1326,4670,0.21313804713804713,0.21329966329966332,0.0,False,True,False,Decision curve computed from existing probability score; no policy selection on test.,False,0.04-0.80,0.21313804713804713
taiwan,validation,CatBoost benchmark threshold 0.50,catboost_isotonic,0.02,1326,4648,0.2051904761904762,0.20527210884353742,0.0,False,True,False,Decision curve computed from existing probability score; no policy selection on test.,False,0.04-0.80,0.21313804713804713
taiwan,validation,CatBoost benchmark threshold 0.50,catboost_isotonic,0.03,1324,4581,0.197053264604811,0.1970790378006873,0.0,False,True,False,Decision curve computed from existing probability score; no policy selection on test.,False,0.04-0.80,0.21313804713804713
taiwan,validation,CatBoost benchmark threshold 0.50,catboost_isotonic,0.04,1316,4390,0.18884722222222222,0.1887152777777778,0.0,True,True,False,Decision curve computed from existing probability score; no policy selection on test.,False,0.04-0.80,0.21313804713804713
taiwan,validation,CatBoost benchmark threshold 0.50,catboost_isotonic,0.05,1300,4178,0.18001754385964913,0.18017543859649124,0.0,False,True,False,Decision curve computed from existing probability score; no policy selection on test.,False,0.04-0.80,0.21313804713804713
taiwan,validation,CatBoost benchmark threshold 0.50,catboost_isotonic,0.06,1286,3943,0.172386524822695,0.17145390070921987,0.0,True,True,False,Decision curve computed from existing probability score; no policy selection on test.,False,0.04-0.80,0.21313804713804713
taiwan,validation,CatBoost benchmark threshold 0.50,catboost_isotonic,0.07,1274,3820,0.16441218637992833,0.16254480286738351,0.0,True,True,False,Decision curve computed from existing probability score; no policy selection on test.,False,0.04-0.80,0.21313804713804713
taiwan,validation,CatBoost benchmark threshold 0.50,catboost_isotonic,0.08,1249,3512,0.157268115942029,0.15344202898550727,0.0,True,True,False,Decision curve computed from existing probability score; no policy selection on test.,False,0.04-0.80,0.21313804713804713
taiwan,validation,CatBoost benchmark threshold 0.50,catboost_isotonic,0.09,1232,3284,0.1512014652014652,0.14413919413919415,0.0,True,True,False,Decision curve computed from existing probability score; no policy selection on test.,False,0.04-0.80,0.21313804713804713
taiwan,validation,CatBoost benchmark threshold 0.50,catboost_isotonic,0.1,1212,3034,0.1458148148148148,0.13462962962962965,0.0,True,True,False,Decision curve computed from existing probability score; no policy selection on test.,False,0.04-0.80,0.21313804713804713
taiwan,validation,CatBoost benchmark threshold 0.50,catboost_isotonic,0.11,1181,2715,0.1409063670411985,0.12490636704119852,0.0,True,True,False,Decision curve computed from existing probability score; no policy selection on test.,False,0.04-0.80,0.21313804713804713
taiwan,validation,CatBoost benchmark threshold 0.50,catboost_isotonic,0.12,1156,2500,0.13584848484848486,0.11496212121212124,0.0,True,True,False,Decision curve computed from existing probability score; no policy selection on test.,False,0.04-0.80,0.21313804713804713
taiwan,validation,CatBoost benchmark threshold 0.50,catboost_isotonic,0.13,1137,2328,0.13152298850574712,0.10478927203065136,0.0,True,True,False,Decision curve computed from existing probability score; no policy selection on test.,False,0.04-0.80,0.21313804713804713
taiwan,validation,CatBoost benchmark threshold 0.50,catboost_isotonic,0.14,1109,2094,0.12801937984496123,0.09437984496124033,0.0,True,True,False,Decision curve computed from existing probability score; no policy selection on test.,False,0.04-0.80,0.21313804713804713
taiwan,validation,CatBoost benchmark threshold 0.50,catboost_isotonic,0.15,1084,1958,0.12307843137254902,0.08372549019607844,0.0,True,True,False,Decision curve computed from existing probability score; no policy selection on test.,False,0.04-0.80,0.21313804713804713
taiwan,validation,CatBoost benchmark threshold 0.50,catboost_isotonic,0.16,1037,1735,0.11775396825396825,0.07281746031746034,0.0,True,True,False,Decision curve computed from existing probability score; no policy selection on test.,False,0.04-0.80,0.21313804713804713
taiwan,validation,CatBoost benchmark threshold 0.50,catboost_isotonic,0.17,975,1486,0.11177309236947791,0.06164658634538153,0.0,True,True,False,Decision curve computed from existing probability score; no policy selection on test.,False,0.04-0.80,0.21313804713804713
taiwan,validation,CatBoost benchmark threshold 0.50,catboost_isotonic,0.18,918,1246,0.10741463414634148,0.05020325203252038,0.0,True,True,False,Decision curve computed from existing probability score; no policy selection on test.,False,0.04-0.80,0.21313804713804713
taiwan,validation,CatBoost benchmark threshold 0.50,catboost_isotonic,0.19,885,1127,0.103440329218107,0.03847736625514406,0.0,True,True,False,Decision curve computed from existing probability score; no policy selection on test.,False,0.04-0.80,0.21313804713804713
taiwan,validation,CatBoost benchmark threshold 0.50,catboost_isotonic,0.2,862,1043,0.10020833333333333,0.02645833333333336,0.0,True,True,False,Decision curve computed from existing probability score; no policy selection on test.,False,0.04-0.80,0.21313804713804713
taiwan,validation,CatBoost benchmark threshold 0.50,catboost_isotonic,0.21,851,1013,0.0969535864978903,0.014135021097046452,0.0,True,True,False,Decision curve computed from existing probability score; no policy selection on test.,False,0.04-0.80,0.21313804713804713
taiwan,validation,CatBoost benchmark threshold 0.50,catboost_isotonic,0.22,813,909,0.09276923076923077,0.0014957264957265182,0.0,True,True,False,Decision curve computed from existing probability score; no policy selection on test.,False,0.04-0.80,0.21313804713804713
taiwan,validation,CatBoost benchmark threshold 0.50,catboost_isotonic,0.23,811,887,0.091008658008658,-0.011471861471861439,0.0,True,True,False,Decision curve computed from existing probability score; no policy selection on test.,False,0.04-0.80,0.21313804713804713
taiwan,validation,CatBoost benchmark threshold 0.50,catboost_isotonic,0.24,786,797,0.08905263157894738,-0.02478070175438593,0.0,True,True,False,Decision curve computed from existing probability score; no policy selection on test.,False,0.04-0.80,0.21313804713804713
taiwan,validation,CatBoost benchmark threshold 0.50,catboost_isotonic,0.25,782,775,0.08727777777777777,-0.03844444444444439,0.0,True,True,False,Decision curve computed from existing probability score; no policy selection on test.,False,0.04-0.80,0.21313804713804713
taiwan,validation,CatBoost benchmark threshold 0.50,catboost_isotonic,0.26,773,741,0.08544144144144143,-0.05247747747747744,0.0,True,True,False,Decision curve computed from existing probability score; no policy selection on test.,False,0.04-0.80,0.21313804713804713
taiwan,validation,CatBoost benchmark threshold 0.50,catboost_isotonic,0.27,763,698,0.0841392694063927,-0.06689497716894977,0.0,True,True,False,Decision curve computed from existing probability score; no policy selection on test.,False,0.04-0.80,0.21313804713804713
taiwan,validation,CatBoost benchmark threshold 0.50,catboost_isotonic,0.28,752,670,0.0819074074074074,-0.08171296296296299,0.0,True,True,False,Decision curve computed from existing probability score; no policy selection on test.,False,0.04-0.80,0.21313804713804713
taiwan,validation,CatBoost benchmark threshold 0.50,catboost_isotonic,0.29,746,645,0.08042488262910799,-0.09694835680751168,0.0,True,True,False,Decision curve computed from existing probability score; no policy selection on test.,False,0.04-0.80,0.21313804713804713
taiwan,validation,CatBoost benchmark threshold 0.50,catboost_isotonic,0.3,734,612,0.07861904761904762,-0.11261904761904762,0.0,True,True,False,Decision curve computed from existing probability score; no policy selection on test.,False,0.04-0.80,0.21313804713804713
taiwan,validation,CatBoost benchmark threshold 0.50,catboost_isotonic,0.31,726,602,0.07592270531400966,-0.12874396135265698,0.0,True,True,False,Decision curve computed from existing probability score; no policy selection on test.,False,0.04-0.80,0.21313804713804713
taiwan,validation,CatBoost benchmark threshold 0.50,catboost_isotonic,0.32,707,574,0.07281372549019607,-0.14534313725490194,0.0,True,True,False,Decision curve computed from existing probability score; no policy selection on test.,False,0.04-0.80,0.21313804713804713
taiwan,validation,CatBoost benchmark threshold 0.50,catboost_isotonic,0.33,699,554,0.07102238805970149,-0.16243781094527365,0.0,True,True,False,Decision curve computed from existing probability score; no policy selection on test.,False,0.04-0.80,0.21313804713804713
taiwan,validation,CatBoost benchmark threshold 0.50,catboost_isotonic,0.34,678,480,0.07178787878787879,-0.18005050505050507,0.0,True,True,False,Decision curve computed from existing probability score; no policy selection on test.,False,0.04-0.80,0.21313804713804713
taiwan,validation,CatBoost benchmark threshold 0.50,catboost_isotonic,0.35,674,478,0.06943589743589743,-0.19820512820512814,0.0,True,True,False,Decision curve computed from existing probability score; no policy selection on test.,False,0.04-0.80,0.21313804713804713
taiwan,validation,CatBoost benchmark threshold 0.50,catboost_isotonic,0.36,632,426,0.06539583333333335,-0.21692708333333327,0.0,True,True,False,Decision curve computed from existing probability score; no policy selection on test.,False,0.04-0.80,0.21313804713804713
taiwan,validation,CatBoost benchmark threshold 0.50,catboost_isotonic,0.37,627,420,0.06338888888888888,-0.2362433862433862,0.0,True,True,False,Decision curve computed from existing probability score; no policy selection on test.,False,0.04-0.80,0.21313804713804713
taiwan,validation,CatBoost benchmark threshold 0.50,catboost_isotonic,0.38,622,408,0.06198924731182796,-0.2561827956989247,0.0,True,True,False,Decision curve computed from existing probability score; no policy selection on test.,False,0.04-0.80,0.21313804713804713
taiwan,validation,CatBoost benchmark threshold 0.50,catboost_isotonic,0.39,617,395,0.0607431693989071,-0.27677595628415297,0.0,True,True,False,Decision curve computed from existing probability score; no policy selection on test.,False,0.04-0.80,0.21313804713804713
taiwan,validation,CatBoost benchmark threshold 0.50,catboost_isotonic,0.4,594,358,0.059222222222222225,-0.2980555555555556,0.0,True,True,False,Decision curve computed from existing probability score; no policy selection on test.,False,0.04-0.80,0.21313804713804713
taiwan,validation,CatBoost benchmark threshold 0.50,catboost_isotonic,0.41,592,357,0.057319209039548034,-0.320056497175141,0.0,True,True,False,Decision curve computed from existing probability score; no policy selection on test.,False,0.04-0.80,0.21313804713804713
taiwan,validation,CatBoost benchmark threshold 0.50,catboost_isotonic,0.42,575,335,0.055402298850574724,-0.3428160919540228,0.0,True,True,False,Decision curve computed from existing probability score; no policy selection on test.,False,0.04-0.80,0.21313804713804713
taiwan,validation,CatBoost benchmark threshold 0.50,catboost_isotonic,0.43,568,331,0.05304970760233918,-0.36637426900584785,0.0,True,True,False,Decision curve computed from existing probability score; no policy selection on test.,False,0.04-0.80,0.21313804713804713
taiwan,validation,CatBoost benchmark threshold 0.50,catboost_isotonic,0.44,551,309,0.05136904761904763,-0.3907738095238094,0.0,True,True,False,Decision curve computed from existing probability score; no policy selection on test.,False,0.04-0.80,0.21313804713804713
taiwan,validation,CatBoost benchmark threshold 0.50,catboost_isotonic,0.45,546,301,0.04995454545454546,-0.41606060606060596,0.0,True,True,False,Decision curve computed from existing probability score; no policy selection on test.,False,0.04-0.80,0.21313804713804713
taiwan,validation,CatBoost benchmark threshold 0.50,catboost_isotonic,0.46,521,270,0.0485,-0.4422839506172839,0.0,True,True,False,Decision curve computed from existing probability score; no policy selection on test.,False,0.04-0.80,0.21313804713804713
taiwan,validation,CatBoost benchmark threshold 0.50,catboost_isotonic,0.47,511,252,0.04792138364779874,-0.46949685534591185,0.0,True,True,False,Decision curve computed from existing probability score; no policy selection on test.,False,0.04-0.80,0.21313804713804713
taiwan,validation,CatBoost benchmark threshold 0.50,catboost_isotonic,0.48,496,237,0.046205128205128204,-0.4977564102564101,0.0,True,True,False,Decision curve computed from existing probability score; no policy selection on test.,False,0.04-0.80,0.21313804713804713
taiwan,validation,CatBoost benchmark threshold 0.50,catboost_isotonic,0.49,476,217,0.044584967320261445,-0.5271241830065359,0.0,True,True,False,Decision curve computed from existing probability score; no policy selection on test.,False,0.04-0.80,0.21313804713804713
taiwan,validation,CatBoost benchmark threshold 0.50,catboost_isotonic,0.5,467,214,0.04216666666666667,-0.5576666666666665,0.0,True,True,False,Decision curve computed from existing probability score; no policy selection on test.,False,0.04-0.80,0.21313804713804713
taiwan,validation,CatBoost benchmark threshold 0.50,catboost_isotonic,0.51,454,210,0.039238095238095225,-0.5894557823129252,0.0,True,True,False,Decision curve computed from existing probability score; no policy selection on test.,False,0.04-0.80,0.21313804713804713
taiwan,validation,CatBoost benchmark threshold 0.50,catboost_isotonic,0.52,441,201,0.03720833333333332,-0.6225694444444445,0.0,True,True,False,Decision curve computed from existing probability score; no policy selection on test.,False,0.04-0.80,0.21313804713804713
taiwan,validation,CatBoost benchmark threshold 0.50,catboost_isotonic,0.53,432,192,0.035914893617021264,-0.6570921985815603,0.0,True,True,False,Decision curve computed from existing probability score; no policy selection on test.,False,0.04-0.80,0.21313804713804713
taiwan,validation,CatBoost benchmark threshold 0.50,catboost_isotonic,0.54,418,183,0.03386231884057971,-0.6931159420289854,0.0,True,True,False,Decision curve computed from existing probability score; no policy selection on test.,False,0.04-0.80,0.21313804713804713
taiwan,validation,CatBoost benchmark threshold 0.50,catboost_isotonic,0.55,416,180,0.032666666666666656,-0.7307407407407409,0.0,True,True,False,Decision curve computed from existing probability score; no policy selection on test.,False,0.04-0.80,0.21313804713804713
taiwan,validation,CatBoost benchmark threshold 0.50,catboost_isotonic,0.56,408,173,0.031303030303030305,-0.7700757575757577,0.0,True,True,False,Decision curve computed from existing probability score; no policy selection on test.,False,0.04-0.80,0.21313804713804713
taiwan,validation,CatBoost benchmark threshold 0.50,catboost_isotonic,0.57,390,159,0.029872093023255823,-0.811240310077519,0.0,True,True,False,Decision curve computed from existing probability score; no policy selection on test.,False,0.04-0.80,0.21313804713804713
taiwan,validation,CatBoost benchmark threshold 0.50,catboost_isotonic,0.58,375,154,0.027055555555555562,-0.854365079365079,0.0,True,True,False,Decision curve computed from existing probability score; no policy selection on test.,False,0.04-0.80,0.21313804713804713
taiwan,validation,CatBoost benchmark threshold 0.50,catboost_isotonic,0.59,370,148,0.026170731707317083,-0.899593495934959,0.0,True,True,False,Decision curve computed from existing probability score; no policy selection on test.,False,0.04-0.80,0.21313804713804713
taiwan,validation,CatBoost benchmark threshold 0.50,catboost_isotonic,0.6,367,145,0.024916666666666677,-0.947083333333333,0.0,True,True,False,Decision curve computed from existing probability score; no policy selection on test.,False,0.04-0.80,0.21313804713804713
taiwan,validation,CatBoost benchmark threshold 0.50,catboost_isotonic,0.61,349,129,0.024538461538461537,-0.9970085470085468,0.0,True,True,False,Decision curve computed from existing probability score; no policy selection on test.,False,0.04-0.80,0.21313804713804713
taiwan,validation,CatBoost benchmark threshold 0.50,catboost_isotonic,0.62,336,126,0.02173684210526316,-1.0495614035087717,0.0,True,True,False,Decision curve computed from existing probability score; no policy selection on test.,False,0.04-0.80,0.21313804713804713
taiwan,validation,CatBoost benchmark threshold 0.50,catboost_isotonic,0.63,320,114,0.020981981981981986,-1.1049549549549547,0.0,True,True,False,Decision curve computed from existing probability score; no policy selection on test.,False,0.04-0.80,0.21313804713804713
taiwan,validation,CatBoost benchmark threshold 0.50,catboost_isotonic,0.64,314,114,0.018555555555555554,-1.1634259259259259,0.0,True,True,False,Decision curve computed from existing probability score; no policy selection on test.,False,0.04-0.80,0.21313804713804713
taiwan,validation,CatBoost benchmark threshold 0.50,catboost_isotonic,0.65,303,104,0.01830952380952381,-1.2252380952380952,0.0,True,True,False,Decision curve computed from existing probability score; no policy selection on test.,False,0.04-0.80,0.21313804713804713
taiwan,validation,CatBoost benchmark threshold 0.50,catboost_isotonic,0.66,286,94,0.017254901960784316,-1.2906862745098038,0.0,True,True,False,Decision curve computed from existing probability score; no policy selection on test.,False,0.04-0.80,0.21313804713804713
taiwan,validation,CatBoost benchmark threshold 0.50,catboost_isotonic,0.67,281,91,0.016040404040404032,-1.3601010101010103,0.0,True,True,False,Decision curve computed from existing probability score; no policy selection on test.,False,0.04-0.80,0.21313804713804713
taiwan,validation,CatBoost benchmark threshold 0.50,catboost_isotonic,0.68,267,82,0.015458333333333324,-1.4338541666666669,0.0,True,True,False,Decision curve computed from existing probability score; no policy selection on test.,False,0.04-0.80,0.21313804713804713
taiwan,validation,CatBoost benchmark threshold 0.50,catboost_isotonic,0.69,257,79,0.013526881720430116,-1.5123655913978487,0.0,True,True,False,Decision curve computed from existing probability score; no policy selection on test.,False,0.04-0.80,0.21313804713804713
taiwan,validation,CatBoost benchmark threshold 0.50,catboost_isotonic,0.7,242,74,0.011555555555555558,-1.5961111111111106,0.0,True,True,False,Decision curve computed from existing probability score; no policy selection on test.,False,0.04-0.80,0.21313804713804713
taiwan,validation,CatBoost benchmark threshold 0.50,catboost_isotonic,0.71,228,69,0.0098448275862069,-1.6856321839080455,0.0,True,True,False,Decision curve computed from existing probability score; no policy selection on test.,False,0.04-0.80,0.21313804713804713
taiwan,validation,CatBoost benchmark threshold 0.50,catboost_isotonic,0.72,201,59,0.008214285714285719,-1.7815476190476185,0.0,True,True,False,Decision curve computed from existing probability score; no policy selection on test.,False,0.04-0.80,0.21313804713804713
taiwan,validation,CatBoost benchmark threshold 0.50,catboost_isotonic,0.73,188,52,0.007901234567901236,-1.8845679012345673,0.0,True,True,False,Decision curve computed from existing probability score; no policy selection on test.,False,0.04-0.80,0.21313804713804713
taiwan,validation,CatBoost benchmark threshold 0.50,catboost_isotonic,0.74,174,45,0.00765384615384616,-1.9955128205128199,0.0,True,True,False,Decision curve computed from existing probability score; no policy selection on test.,False,0.04-0.80,0.21313804713804713
taiwan,validation,CatBoost benchmark threshold 0.50,catboost_isotonic,0.75,154,40,0.005666666666666667,-2.1153333333333335,0.0,True,True,False,Decision curve computed from existing probability score; no policy selection on test.,False,0.04-0.80,0.21313804713804713
taiwan,validation,CatBoost benchmark threshold 0.50,catboost_isotonic,0.76,140,39,0.002749999999999999,-2.245138888888889,0.0,True,True,False,Decision curve computed from existing probability score; no policy selection on test.,False,0.04-0.80,0.21313804713804713
taiwan,validation,CatBoost benchmark threshold 0.50,catboost_isotonic,0.77,129,35,0.0019710144927536193,-2.3862318840579713,0.0,True,True,False,Decision curve computed from existing probability score; no policy selection on test.,False,0.04-0.80,0.21313804713804713
taiwan,validation,CatBoost benchmark threshold 0.50,catboost_isotonic,0.78,75,18,0.0018636363636363625,-2.5401515151515155,0.0,True,True,True,Decision curve computed from existing probability score; no policy selection on test.,False,0.04-0.80,0.21313804713804713
taiwan,validation,CatBoost benchmark threshold 0.50,catboost_isotonic,0.79,44,7,0.002944444444444443,-2.7087301587301593,0.0,True,True,True,Decision curve computed from existing probability score; no policy selection on test.,False,0.04-0.80,0.21313804713804713
taiwan,validation,CatBoost benchmark threshold 0.50,catboost_isotonic,0.8,18,2,0.0016666666666666666,-2.8941666666666674,0.0,True,True,False,Decision curve computed from existing probability score; no policy selection on test.,False,0.04-0.80,0.21313804713804713
taiwan,locked_test,CatBoost benchmark threshold 0.50,catboost_isotonic,0.01,1326,4668,0.21314141414141413,0.21329966329966332,0.0,False,True,False,Decision curve computed from existing probability score; no policy selection on test.,False,0.03-0.80,0.21314141414141413
taiwan,locked_test,CatBoost benchmark threshold 0.50,catboost_isotonic,0.02,1326,4645,0.20520068027210886,0.20527210884353742,0.0,False,True,False,Decision curve computed from existing probability score; no policy selection on test.,False,0.03-0.80,0.21314141414141413
taiwan,locked_test,CatBoost benchmark threshold 0.50,catboost_isotonic,0.03,1326,4578,0.1974020618556701,0.1970790378006873,0.0,True,True,True,Decision curve computed from existing probability score; no policy selection on test.,False,0.03-0.80,0.21314141414141413
taiwan,locked_test,CatBoost benchmark threshold 0.50,catboost_isotonic,0.04,1317,4400,0.18894444444444444,0.1887152777777778,0.0,True,True,False,Decision curve computed from existing probability score; no policy selection on test.,False,0.03-0.80,0.21314141414141413
taiwan,locked_test,CatBoost benchmark threshold 0.50,catboost_isotonic,0.05,1309,4204,0.18128947368421053,0.18017543859649124,0.0,True,True,True,Decision curve computed from existing probability score; no policy selection on test.,False,0.03-0.80,0.21314141414141413
taiwan,locked_test,CatBoost benchmark threshold 0.50,catboost_isotonic,0.06,1292,3953,0.1732801418439716,0.17145390070921987,0.0,True,True,False,Decision curve computed from existing probability score; no policy selection on test.,False,0.03-0.80,0.21314141414141413
taiwan,locked_test,CatBoost benchmark threshold 0.50,catboost_isotonic,0.07,1283,3828,0.16581182795698923,0.16254480286738351,0.0,True,True,True,Decision curve computed from existing probability score; no policy selection on test.,False,0.03-0.80,0.21314141414141413
taiwan,locked_test,CatBoost benchmark threshold 0.50,catboost_isotonic,0.08,1261,3548,0.1587463768115942,0.15344202898550727,0.0,True,True,True,Decision curve computed from existing probability score; no policy selection on test.,False,0.03-0.80,0.21314141414141413
taiwan,locked_test,CatBoost benchmark threshold 0.50,catboost_isotonic,0.09,1244,3323,0.15255860805860808,0.14413919413919415,0.0,True,True,True,Decision curve computed from existing probability score; no policy selection on test.,False,0.03-0.80,0.21314141414141413
taiwan,locked_test,CatBoost benchmark threshold 0.50,catboost_isotonic,0.1,1216,3041,0.14635185185185184,0.13462962962962965,0.0,True,True,True,Decision curve computed from existing probability score; no policy selection on test.,False,0.03-0.80,0.21314141414141413
taiwan,locked_test,CatBoost benchmark threshold 0.50,catboost_isotonic,0.11,1185,2693,0.14202621722846442,0.12490636704119852,0.0,True,True,True,Decision curve computed from existing probability score; no policy selection on test.,False,0.03-0.80,0.21314141414141413
taiwan,locked_test,CatBoost benchmark threshold 0.50,catboost_isotonic,0.12,1163,2508,0.13683333333333333,0.11496212121212124,0.0,True,True,False,Decision curve computed from existing probability score; no policy selection on test.,False,0.03-0.80,0.21314141414141413
taiwan,locked_test,CatBoost benchmark threshold 0.50,catboost_isotonic,0.13,1135,2324,0.13128927203065135,0.10478927203065136,0.0,True,True,False,Decision curve computed from existing probability score; no policy selection on test.,False,0.03-0.80,0.21314141414141413
taiwan,locked_test,CatBoost benchmark threshold 0.50,catboost_isotonic,0.14,1099,2115,0.12578294573643412,0.09437984496124033,0.0,True,True,False,Decision curve computed from existing probability score; no policy selection on test.,False,0.03-0.80,0.21314141414141413
taiwan,locked_test,CatBoost benchmark threshold 0.50,catboost_isotonic,0.15,1074,1982,0.12070588235294116,0.08372549019607844,0.0,True,True,True,Decision curve computed from existing probability score; no policy selection on test.,False,0.03-0.80,0.21314141414141413
taiwan,locked_test,CatBoost benchmark threshold 0.50,catboost_isotonic,0.16,1027,1784,0.11453174603174601,0.07281746031746034,0.0,True,True,True,Decision curve computed from existing probability score; no policy selection on test.,False,0.03-0.80,0.21314141414141413
taiwan,locked_test,CatBoost benchmark threshold 0.50,catboost_isotonic,0.17,960,1541,0.10739558232931726,0.06164658634538153,0.0,True,True,False,Decision curve computed from existing probability score; no policy selection on test.,False,0.03-0.80,0.21314141414141413
taiwan,locked_test,CatBoost benchmark threshold 0.50,catboost_isotonic,0.18,913,1273,0.10559349593495937,0.05020325203252038,0.0,True,True,True,Decision curve computed from existing probability score; no policy selection on test.,False,0.03-0.80,0.21314141414141413
taiwan,locked_test,CatBoost benchmark threshold 0.50,catboost_isotonic,0.19,889,1173,0.10230864197530865,0.03847736625514406,0.0,True,True,True,Decision curve computed from existing probability score; no policy selection on test.,False,0.03-0.80,0.21314141414141413
taiwan,locked_test,CatBoost benchmark threshold 0.50,catboost_isotonic,0.2,869,1084,0.09966666666666668,0.02645833333333336,0.0,True,True,True,Decision curve computed from existing probability score; no policy selection on test.,False,0.03-0.80,0.21314141414141413
taiwan,locked_test,CatBoost benchmark threshold 0.50,catboost_isotonic,0.21,861,1047,0.0971139240506329,0.014135021097046452,0.0,True,True,False,Decision curve computed from existing probability score; no policy selection on test.,False,0.03-0.80,0.21314141414141413
taiwan,locked_test,CatBoost benchmark threshold 0.50,catboost_isotonic,0.22,829,924,0.09473076923076923,0.0014957264957265182,0.0,True,True,True,Decision curve computed from existing probability score; no policy selection on test.,False,0.03-0.80,0.21314141414141413
taiwan,locked_test,CatBoost benchmark threshold 0.50,catboost_isotonic,0.23,825,901,0.09264502164502166,-0.011471861471861439,0.0,True,True,True,Decision curve computed from existing probability score; no policy selection on test.,False,0.03-0.80,0.21314141414141413
taiwan,locked_test,CatBoost benchmark threshold 0.50,catboost_isotonic,0.24,808,805,0.09229824561403507,-0.02478070175438593,0.0,True,True,True,Decision curve computed from existing probability score; no policy selection on test.,False,0.03-0.80,0.21314141414141413
taiwan,locked_test,CatBoost benchmark threshold 0.50,catboost_isotonic,0.25,804,779,0.09072222222222223,-0.03844444444444439,0.0,True,True,True,Decision curve computed from existing probability score; no policy selection on test.,False,0.03-0.80,0.21314141414141413
taiwan,locked_test,CatBoost benchmark threshold 0.50,catboost_isotonic,0.26,785,743,0.08732432432432433,-0.05247747747747744,0.0,True,True,True,Decision curve computed from existing probability score; no policy selection on test.,False,0.03-0.80,0.21314141414141413
taiwan,locked_test,CatBoost benchmark threshold 0.50,catboost_isotonic,0.27,770,713,0.08438127853881278,-0.06689497716894977,0.0,True,True,False,Decision curve computed from existing probability score; no policy selection on test.,False,0.03-0.80,0.21314141414141413
taiwan,locked_test,CatBoost benchmark threshold 0.50,catboost_isotonic,0.28,763,680,0.0830925925925926,-0.08171296296296299,0.0,True,True,True,Decision curve computed from existing probability score; no policy selection on test.,False,0.03-0.80,0.21314141414141413
taiwan,locked_test,CatBoost benchmark threshold 0.50,catboost_isotonic,0.29,751,665,0.07989671361502348,-0.09694835680751168,0.0,True,True,True,Decision curve computed from existing probability score; no policy selection on test.,False,0.03-0.80,0.21314141414141413
taiwan,locked_test,CatBoost benchmark threshold 0.50,catboost_isotonic,0.3,734,620,0.07804761904761905,-0.11261904761904762,0.0,True,True,False,Decision curve computed from existing probability score; no policy selection on test.,False,0.03-0.80,0.21314141414141413
taiwan,locked_test,CatBoost benchmark threshold 0.50,catboost_isotonic,0.31,728,601,0.07633091787439614,-0.12874396135265698,0.0,True,True,False,Decision curve computed from existing probability score; no policy selection on test.,False,0.03-0.80,0.21314141414141413
taiwan,locked_test,CatBoost benchmark threshold 0.50,catboost_isotonic,0.32,701,571,0.07204901960784313,-0.14534313725490194,0.0,True,True,False,Decision curve computed from existing probability score; no policy selection on test.,False,0.03-0.80,0.21314141414141413
taiwan,locked_test,CatBoost benchmark threshold 0.50,catboost_isotonic,0.33,692,550,0.07018407960199004,-0.16243781094527365,0.0,True,True,False,Decision curve computed from existing probability score; no policy selection on test.,False,0.03-0.80,0.21314141414141413
taiwan,locked_test,CatBoost benchmark threshold 0.50,catboost_isotonic,0.34,674,505,0.06897474747474747,-0.18005050505050507,0.0,True,True,True,Decision curve computed from existing probability score; no policy selection on test.,False,0.03-0.80,0.21314141414141413
taiwan,locked_test,CatBoost benchmark threshold 0.50,catboost_isotonic,0.35,671,499,0.06705128205128205,-0.19820512820512814,0.0,True,True,True,Decision curve computed from existing probability score; no policy selection on test.,False,0.03-0.80,0.21314141414141413
taiwan,locked_test,CatBoost benchmark threshold 0.50,catboost_isotonic,0.36,625,437,0.06319791666666667,-0.21692708333333327,0.0,True,True,False,Decision curve computed from existing probability score; no policy selection on test.,False,0.03-0.80,0.21314141414141413
taiwan,locked_test,CatBoost benchmark threshold 0.50,catboost_isotonic,0.37,621,433,0.06111640211640211,-0.2362433862433862,0.0,True,True,False,Decision curve computed from existing probability score; no policy selection on test.,False,0.03-0.80,0.21314141414141413
taiwan,locked_test,CatBoost benchmark threshold 0.50,catboost_isotonic,0.38,607,419,0.05836559139784946,-0.2561827956989247,0.0,True,True,False,Decision curve computed from existing probability score; no policy selection on test.,False,0.03-0.80,0.21314141414141413
taiwan,locked_test,CatBoost benchmark threshold 0.50,catboost_isotonic,0.39,602,411,0.05653825136612021,-0.27677595628415297,0.0,True,True,False,Decision curve computed from existing probability score; no policy selection on test.,False,0.03-0.80,0.21314141414141413
taiwan,locked_test,CatBoost benchmark threshold 0.50,catboost_isotonic,0.4,584,369,0.056333333333333326,-0.2980555555555556,0.0,True,True,False,Decision curve computed from existing probability score; no policy selection on test.,False,0.03-0.80,0.21314141414141413
taiwan,locked_test,CatBoost benchmark threshold 0.50,catboost_isotonic,0.41,582,362,0.05507344632768363,-0.320056497175141,0.0,True,True,True,Decision curve computed from existing probability score; no policy selection on test.,False,0.03-0.80,0.21314141414141413
taiwan,locked_test,CatBoost benchmark threshold 0.50,catboost_isotonic,0.42,570,347,0.05312068965517242,-0.3428160919540228,0.0,True,True,True,Decision curve computed from existing probability score; no policy selection on test.,False,0.03-0.80,0.21314141414141413
taiwan,locked_test,CatBoost benchmark threshold 0.50,catboost_isotonic,0.43,568,339,0.05204385964912281,-0.36637426900584785,0.0,True,True,True,Decision curve computed from existing probability score; no policy selection on test.,False,0.03-0.80,0.21314141414141413
taiwan,locked_test,CatBoost benchmark threshold 0.50,catboost_isotonic,0.44,544,312,0.04980952380952382,-0.3907738095238094,0.0,True,True,True,Decision curve computed from existing probability score; no policy selection on test.,False,0.03-0.80,0.21314141414141413
taiwan,locked_test,CatBoost benchmark threshold 0.50,catboost_isotonic,0.45,535,302,0.04798484848484849,-0.41606060606060596,0.0,True,True,True,Decision curve computed from existing probability score; no policy selection on test.,False,0.03-0.80,0.21314141414141413
taiwan,locked_test,CatBoost benchmark threshold 0.50,catboost_isotonic,0.46,507,275,0.0454567901234568,-0.4422839506172839,0.0,True,True,False,Decision curve computed from existing probability score; no policy selection on test.,False,0.03-0.80,0.21314141414141413
taiwan,locked_test,CatBoost benchmark threshold 0.50,catboost_isotonic,0.47,500,257,0.045349056603773585,-0.46949685534591185,0.0,True,True,True,Decision curve computed from existing probability score; no policy selection on test.,False,0.03-0.80,0.21314141414141413
taiwan,locked_test,CatBoost benchmark threshold 0.50,catboost_isotonic,0.48,487,240,0.044243589743589745,-0.4977564102564101,0.0,True,True,True,Decision curve computed from existing probability score; no policy selection on test.,False,0.03-0.80,0.21314141414141413
taiwan,locked_test,CatBoost benchmark threshold 0.50,catboost_isotonic,0.49,473,234,0.04136274509803922,-0.5271241830065359,0.0,True,True,False,Decision curve computed from existing probability score; no policy selection on test.,False,0.03-0.80,0.21314141414141413
taiwan,locked_test,CatBoost benchmark threshold 0.50,catboost_isotonic,0.5,467,226,0.04016666666666667,-0.5576666666666665,0.0,True,True,True,Decision curve computed from existing probability score; no policy selection on test.,False,0.03-0.80,0.21314141414141413
taiwan,locked_test,CatBoost benchmark threshold 0.50,catboost_isotonic,0.51,461,216,0.0393639455782313,-0.5894557823129252,0.0,True,True,True,Decision curve computed from existing probability score; no policy selection on test.,False,0.03-0.80,0.21314141414141413
taiwan,locked_test,CatBoost benchmark threshold 0.50,catboost_isotonic,0.52,455,212,0.03755555555555555,-0.6225694444444445,0.0,True,True,True,Decision curve computed from existing probability score; no policy selection on test.,False,0.03-0.80,0.21314141414141413
taiwan,locked_test,CatBoost benchmark threshold 0.50,catboost_isotonic,0.53,449,207,0.035929078014184386,-0.6570921985815603,0.0,True,True,False,Decision curve computed from existing probability score; no policy selection on test.,False,0.03-0.80,0.21314141414141413
taiwan,locked_test,CatBoost benchmark threshold 0.50,catboost_isotonic,0.54,440,198,0.03459420289855072,-0.6931159420289854,0.0,True,True,False,Decision curve computed from existing probability score; no policy selection on test.,False,0.03-0.80,0.21314141414141413
taiwan,locked_test,CatBoost benchmark threshold 0.50,catboost_isotonic,0.55,436,192,0.03355555555555555,-0.7307407407407409,0.0,True,True,True,Decision curve computed from existing probability score; no policy selection on test.,False,0.03-0.80,0.21314141414141413
taiwan,locked_test,CatBoost benchmark threshold 0.50,catboost_isotonic,0.56,429,191,0.030984848484848476,-0.7700757575757577,0.0,True,True,False,Decision curve computed from existing probability score; no policy selection on test.,False,0.03-0.80,0.21314141414141413
taiwan,locked_test,CatBoost benchmark threshold 0.50,catboost_isotonic,0.57,415,179,0.0296201550387597,-0.811240310077519,0.0,True,True,True,Decision curve computed from existing probability score; no policy selection on test.,False,0.03-0.80,0.21314141414141413
taiwan,locked_test,CatBoost benchmark threshold 0.50,catboost_isotonic,0.58,408,175,0.02772222222222223,-0.854365079365079,0.0,True,True,False,Decision curve computed from existing probability score; no policy selection on test.,False,0.03-0.80,0.21314141414141413
taiwan,locked_test,CatBoost benchmark threshold 0.50,catboost_isotonic,0.59,406,174,0.0259349593495935,-0.899593495934959,0.0,True,True,False,Decision curve computed from existing probability score; no policy selection on test.,False,0.03-0.80,0.21314141414141413
taiwan,locked_test,CatBoost benchmark threshold 0.50,catboost_isotonic,0.6,403,172,0.02416666666666667,-0.947083333333333,0.0,True,True,False,Decision curve computed from existing probability score; no policy selection on test.,False,0.03-0.80,0.21314141414141413
taiwan,locked_test,CatBoost benchmark threshold 0.50,catboost_isotonic,0.61,380,155,0.022927350427350432,-0.9970085470085468,0.0,True,True,False,Decision curve computed from existing probability score; no policy selection on test.,False,0.03-0.80,0.21314141414141413
taiwan,locked_test,CatBoost benchmark threshold 0.50,catboost_isotonic,0.62,365,145,0.021403508771929827,-1.0495614035087717,0.0,True,True,False,Decision curve computed from existing probability score; no policy selection on test.,False,0.03-0.80,0.21314141414141413
taiwan,locked_test,CatBoost benchmark threshold 0.50,catboost_isotonic,0.63,351,132,0.021040540540540546,-1.1049549549549547,0.0,True,True,False,Decision curve computed from existing probability score; no policy selection on test.,False,0.03-0.80,0.21314141414141413
taiwan,locked_test,CatBoost benchmark threshold 0.50,catboost_isotonic,0.64,341,126,0.019499999999999997,-1.1634259259259259,0.0,True,True,False,Decision curve computed from existing probability score; no policy selection on test.,False,0.03-0.80,0.21314141414141413
taiwan,locked_test,CatBoost benchmark threshold 0.50,catboost_isotonic,0.65,330,118,0.018476190476190472,-1.2252380952380952,0.0,True,True,False,Decision curve computed from existing probability score; no policy selection on test.,False,0.03-0.80,0.21314141414141413
taiwan,locked_test,CatBoost benchmark threshold 0.50,catboost_isotonic,0.66,317,105,0.01886274509803921,-1.2906862745098038,0.0,True,True,True,Decision curve computed from existing probability score; no policy selection on test.,False,0.03-0.80,0.21314141414141413
taiwan,locked_test,CatBoost benchmark threshold 0.50,catboost_isotonic,0.67,305,99,0.017333333333333326,-1.3601010101010103,0.0,True,True,True,Decision curve computed from existing probability score; no policy selection on test.,False,0.03-0.80,0.21314141414141413
taiwan,locked_test,CatBoost benchmark threshold 0.50,catboost_isotonic,0.68,286,91,0.015437499999999993,-1.4338541666666669,0.0,True,True,False,Decision curve computed from existing probability score; no policy selection on test.,False,0.03-0.80,0.21314141414141413
taiwan,locked_test,CatBoost benchmark threshold 0.50,catboost_isotonic,0.69,269,87,0.012559139784946244,-1.5123655913978487,0.0,True,True,False,Decision curve computed from existing probability score; no policy selection on test.,False,0.03-0.80,0.21314141414141413
taiwan,locked_test,CatBoost benchmark threshold 0.50,catboost_isotonic,0.7,256,80,0.011555555555555555,-1.5961111111111106,0.0,True,True,False,Decision curve computed from existing probability score; no policy selection on test.,False,0.03-0.80,0.21314141414141413
taiwan,locked_test,CatBoost benchmark threshold 0.50,catboost_isotonic,0.71,247,70,0.012603448275862069,-1.6856321839080455,0.0,True,True,False,Decision curve computed from existing probability score; no policy selection on test.,False,0.03-0.80,0.21314141414141413
taiwan,locked_test,CatBoost benchmark threshold 0.50,catboost_isotonic,0.72,223,58,0.012309523809523812,-1.7815476190476185,0.0,True,True,True,Decision curve computed from existing probability score; no policy selection on test.,False,0.03-0.80,0.21314141414141413
taiwan,locked_test,CatBoost benchmark threshold 0.50,catboost_isotonic,0.73,203,55,0.009049382716049388,-1.8845679012345673,0.0,True,True,False,Decision curve computed from existing probability score; no policy selection on test.,False,0.03-0.80,0.21314141414141413
taiwan,locked_test,CatBoost benchmark threshold 0.50,catboost_isotonic,0.74,196,50,0.00894871794871795,-1.9955128205128199,0.0,True,True,True,Decision curve computed from existing probability score; no policy selection on test.,False,0.03-0.80,0.21314141414141413
taiwan,locked_test,CatBoost benchmark threshold 0.50,catboost_isotonic,0.75,177,40,0.009499999999999998,-2.1153333333333335,0.0,True,True,True,Decision curve computed from existing probability score; no policy selection on test.,False,0.03-0.80,0.21314141414141413
taiwan,locked_test,CatBoost benchmark threshold 0.50,catboost_isotonic,0.76,161,35,0.00836111111111111,-2.245138888888889,0.0,True,True,False,Decision curve computed from existing probability score; no policy selection on test.,False,0.03-0.80,0.21314141414141413
taiwan,locked_test,CatBoost benchmark threshold 0.50,catboost_isotonic,0.77,148,30,0.007927536231884056,-2.3862318840579713,0.0,True,True,True,Decision curve computed from existing probability score; no policy selection on test.,False,0.03-0.80,0.21314141414141413
taiwan,locked_test,CatBoost benchmark threshold 0.50,catboost_isotonic,0.78,99,15,0.007636363636363636,-2.5401515151515155,0.0,True,True,True,Decision curve computed from existing probability score; no policy selection on test.,False,0.03-0.80,0.21314141414141413
taiwan,locked_test,CatBoost benchmark threshold 0.50,catboost_isotonic,0.79,50,6,0.00457142857142857,-2.7087301587301593,0.0,True,True,False,Decision curve computed from existing probability score; no policy selection on test.,False,0.03-0.80,0.21314141414141413
taiwan,locked_test,CatBoost benchmark threshold 0.50,catboost_isotonic,0.8,24,4,0.001333333333333333,-2.8941666666666674,0.0,True,True,False,Decision curve computed from existing probability score; no policy selection on test.,False,0.03-0.80,0.21314141414141413
