dataset,split,system,score_key,threshold_probability,tp,fp,net_benefit,net_benefit_treat_all,net_benefit_treat_none,better_than_treat_all,better_than_treat_none,best_model_at_threshold,comment,test_set_used_for_selection,useful_threshold_range,max_net_benefit
heloc,validation,V2 HELOC Scorecard manual-review,scorecard_sigmoid,0.01,1027,947,0.5154176005239834,0.5154176005239834,0.0,False,True,True,Decision curve computed from existing probability score; no policy selection on test.,False,0.07-0.80,0.5154176005239834
heloc,validation,V2 HELOC Scorecard manual-review,scorecard_sigmoid,0.02,1027,947,0.5104728821619833,0.5104728821619833,0.0,False,True,True,Decision curve computed from existing probability score; no policy selection on test.,False,0.07-0.80,0.5154176005239834
heloc,validation,V2 HELOC Scorecard manual-review,scorecard_sigmoid,0.03,1027,947,0.5054262108440656,0.5054262108440656,0.0,False,True,False,Decision curve computed from existing probability score; no policy selection on test.,False,0.07-0.80,0.5154176005239834
heloc,validation,V2 HELOC Scorecard manual-review,scorecard_sigmoid,0.04,1027,947,0.500274400540358,0.500274400540358,0.0,False,True,False,Decision curve computed from existing probability score; no policy selection on test.,False,0.07-0.80,0.5154176005239834
heloc,validation,V2 HELOC Scorecard manual-review,scorecard_sigmoid,0.05,1027,947,0.4950141310723617,0.4950141310723617,0.0,False,True,False,Decision curve computed from existing probability score; no policy selection on test.,False,0.07-0.80,0.5154176005239834
heloc,validation,V2 HELOC Scorecard manual-review,scorecard_sigmoid,0.06,1027,947,0.48964194097738684,0.48964194097738684,0.0,False,True,False,Decision curve computed from existing probability score; no policy selection on test.,False,0.07-0.80,0.5154176005239834
heloc,validation,V2 HELOC Scorecard manual-review,scorecard_sigmoid,0.07,1027,947,0.4841542199126276,0.4841542199126275,0.0,True,True,False,Decision curve computed from existing probability score; no policy selection on test.,False,0.07-0.80,0.5154176005239834
heloc,validation,V2 HELOC Scorecard manual-review,scorecard_sigmoid,0.08,1027,938,0.4789436588696533,0.4785472005638518,0.0,True,True,False,Decision curve computed from existing probability score; no policy selection on test.,False,0.07-0.80,0.5154176005239834
heloc,validation,V2 HELOC Scorecard manual-review,scorecard_sigmoid,0.09,1026,930,0.4731620962624002,0.4728169500205974,0.0,True,True,False,Decision curve computed from existing probability score; no policy selection on test.,False,0.07-0.80,0.5154176005239834
heloc,validation,V2 HELOC Scorecard manual-review,scorecard_sigmoid,0.1,1024,923,0.46679049870539235,0.4669593605763818,0.0,False,True,False,Decision curve computed from existing probability score; no policy selection on test.,False,0.07-0.80,0.5154176005239834
heloc,validation,V2 HELOC Scorecard manual-review,scorecard_sigmoid,0.11,1023,910,0.46126043054085125,0.4609701399087007,0.0,True,True,False,Decision curve computed from existing probability score; no policy selection on test.,False,0.07-0.80,0.5154176005239834
heloc,validation,V2 HELOC Scorecard manual-review,scorecard_sigmoid,0.12,1022,896,0.4558349451966473,0.4548448005894814,0.0,True,True,True,Decision curve computed from existing probability score; no policy selection on test.,False,0.07-0.80,0.5154176005239834
heloc,validation,V2 HELOC Scorecard manual-review,scorecard_sigmoid,0.13,1020,875,0.4504827120381046,0.4485786488721191,0.0,True,True,False,Decision curve computed from existing probability score; no policy selection on test.,False,0.07-0.80,0.5154176005239834
heloc,validation,V2 HELOC Scorecard manual-review,scorecard_sigmoid,0.14,1016,849,0.4446761386395231,0.4421667726962135,0.0,True,True,False,Decision curve computed from existing probability score; no policy selection on test.,False,0.07-0.80,0.5154176005239834
heloc,validation,V2 HELOC Scorecard manual-review,scorecard_sigmoid,0.15,1014,819,0.4404612908993385,0.43560402884558075,0.0,True,True,False,Decision curve computed from existing probability score; no policy selection on test.,False,0.07-0.80,0.5154176005239834
heloc,validation,V2 HELOC Scorecard manual-review,scorecard_sigmoid,0.16,1013,801,0.4358807352728325,0.4288850291889805,0.0,True,True,False,Decision curve computed from existing probability score; no policy selection on test.,False,0.07-0.80,0.5154176005239834
heloc,validation,V2 HELOC Scorecard manual-review,scorecard_sigmoid,0.17,1008,777,0.43001794411689304,0.4220041259261971,0.0,True,True,False,Decision curve computed from existing probability score; no policy selection on test.,False,0.07-0.80,0.5154176005239834
heloc,validation,V2 HELOC Scorecard manual-review,scorecard_sigmoid,0.18,1001,750,0.42369090864160924,0.4149553957545654,0.0,True,True,False,Decision curve computed from existing probability score; no policy selection on test.,False,0.07-0.80,0.5154176005239834
heloc,validation,V2 HELOC Scorecard manual-review,scorecard_sigmoid,0.19,992,721,0.41685741803945114,0.40773262286264644,0.0,True,True,False,Decision curve computed from existing probability score; no policy selection on test.,False,0.07-0.80,0.5154176005239834
heloc,validation,V2 HELOC Scorecard manual-review,scorecard_sigmoid,0.2,986,704,0.4103343465045593,0.40032928064842954,0.0,True,True,False,Decision curve computed from existing probability score; no policy selection on test.,False,0.07-0.80,0.5154176005239834
heloc,validation,V2 HELOC Scorecard manual-review,scorecard_sigmoid,0.21,981,668,0.4070062714016391,0.3927385120490426,0.0,True,True,False,Decision curve computed from existing probability score; no policy selection on test.,False,0.07-0.80,0.5154176005239834
heloc,validation,V2 HELOC Scorecard manual-review,scorecard_sigmoid,0.22,978,641,0.40385264853349956,0.3849531083573636,0.0,True,True,False,Decision curve computed from existing probability score; no policy selection on test.,False,0.07-0.80,0.5154176005239834
heloc,validation,V2 HELOC Scorecard manual-review,scorecard_sigmoid,0.23,971,615,0.39883419518677876,0.3769654863879788,0.0,True,True,False,Decision curve computed from existing probability score; no policy selection on test.,False,0.07-0.80,0.5154176005239834
heloc,validation,V2 HELOC Scorecard manual-review,scorecard_sigmoid,0.24,966,596,0.39401695728683406,0.3687676638404521,0.0,True,True,False,Decision curve computed from existing probability score; no policy selection on test.,False,0.07-0.80,0.5154176005239834
heloc,validation,V2 HELOC Scorecard manual-review,scorecard_sigmoid,0.25,959,583,0.38736913204998313,0.3603512326916582,0.0,True,True,False,Decision curve computed from existing probability score; no policy selection on test.,False,0.07-0.80,0.5154176005239834
heloc,validation,V2 HELOC Scorecard manual-review,scorecard_sigmoid,0.26,954,559,0.3837865220843944,0.35170733043073465,0.0,True,True,True,Decision curve computed from existing probability score; no policy selection on test.,False,0.07-0.80,0.5154176005239834
heloc,validation,V2 HELOC Scorecard manual-review,scorecard_sigmoid,0.27,946,542,0.37767692329044705,0.3428266089297858,0.0,True,True,False,Decision curve computed from existing probability score; no policy selection on test.,False,0.07-0.80,0.5154176005239834
heloc,validation,V2 HELOC Scorecard manual-review,scorecard_sigmoid,0.28,936,525,0.37073623775751435,0.3336992007204772,0.0,True,True,False,Decision curve computed from existing probability score; no policy selection on test.,False,0.07-0.80,0.5154176005239834
heloc,validation,V2 HELOC Scorecard manual-review,scorecard_sigmoid,0.29,932,506,0.36743867460079627,0.32431468242076567,0.0,True,True,False,Decision curve computed from existing probability score; no policy selection on test.,False,0.07-0.80,0.5154176005239834
heloc,validation,V2 HELOC Scorecard manual-review,scorecard_sigmoid,0.3,926,485,0.3638008394847301,0.3146620350267766,0.0,True,True,False,Decision curve computed from existing probability score; no policy selection on test.,False,0.07-0.80,0.5154176005239834
heloc,validation,V2 HELOC Scorecard manual-review,scorecard_sigmoid,0.31,921,465,0.36073300735650415,0.30472960075180233,0.0,True,True,True,Decision curve computed from existing probability score; no policy selection on test.,False,0.07-0.80,0.5154176005239834
heloc,validation,V2 HELOC Scorecard manual-review,scorecard_sigmoid,0.32,915,452,0.3557720960724715,0.2945050360569759,0.0,True,True,True,Decision curve computed from existing probability score; no policy selection on test.,False,0.07-0.80,0.5154176005239834
heloc,validation,V2 HELOC Scorecard manual-review,scorecard_sigmoid,0.33,905,439,0.3489240726458891,0.28397526047573673,0.0,True,True,True,Decision curve computed from existing probability score; no policy selection on test.,False,0.07-0.80,0.5154176005239834
heloc,validation,V2 HELOC Scorecard manual-review,scorecard_sigmoid,0.34,899,431,0.3429431089005557,0.27312640078597517,0.0,True,True,False,Decision curve computed from existing probability score; no policy selection on test.,False,0.07-0.80,0.5154176005239834
heloc,validation,V2 HELOC Scorecard manual-review,scorecard_sigmoid,0.35,890,417,0.3371132413685606,0.26194373002883636,0.0,True,True,False,Decision curve computed from existing probability score; no policy selection on test.,False,0.07-0.80,0.5154176005239834
heloc,validation,V2 HELOC Scorecard manual-review,scorecard_sigmoid,0.36,886,403,0.33399822695035464,0.2504116008105369,0.0,True,True,True,Decision curve computed from existing probability score; no policy selection on test.,False,0.07-0.80,0.5154176005239834
heloc,validation,V2 HELOC Scorecard manual-review,scorecard_sigmoid,0.37,877,393,0.3273507984754185,0.238513372251974,0.0,True,True,True,Decision curve computed from existing probability score; no policy selection on test.,False,0.07-0.80,0.5154176005239834
heloc,validation,V2 HELOC Scorecard manual-review,scorecard_sigmoid,0.38,869,383,0.3213060103931758,0.22623132986894134,0.0,True,True,True,Decision curve computed from existing probability score; no policy selection on test.,False,0.07-0.80,0.5154176005239834
heloc,validation,V2 HELOC Scorecard manual-review,scorecard_sigmoid,0.39,865,369,0.31868387396814324,0.21354659757171085,0.0,True,True,True,Decision curve computed from existing probability score; no policy selection on test.,False,0.07-0.80,0.5154176005239834
heloc,validation,V2 HELOC Scorecard manual-review,scorecard_sigmoid,0.4,857,359,0.3129010469436001,0.2004390408645727,0.0,True,True,True,Decision curve computed from existing probability score; no policy selection on test.,False,0.07-0.80,0.5154176005239834
heloc,validation,V2 HELOC Scorecard manual-review,scorecard_sigmoid,0.41,851,354,0.306484295845998,0.1868871602012605,0.0,True,True,True,Decision curve computed from existing probability score; no policy selection on test.,False,0.07-0.80,0.5154176005239834
heloc,validation,V2 HELOC Scorecard manual-review,scorecard_sigmoid,0.42,845,346,0.30113894420570875,0.1728679733081787,0.0,True,True,True,Decision curve computed from existing probability score; no policy selection on test.,False,0.07-0.80,0.5154176005239834
heloc,validation,V2 HELOC Scorecard manual-review,scorecard_sigmoid,0.43,836,337,0.29471728967809596,0.15835688512060292,0.0,True,True,False,Decision curve computed from existing probability score; no policy selection on test.,False,0.07-0.80,0.5154176005239834
heloc,validation,V2 HELOC Scorecard manual-review,scorecard_sigmoid,0.44,829,328,0.2894051237516283,0.1433275437834708,0.0,True,True,False,Decision curve computed from existing probability score; no policy selection on test.,False,0.07-0.80,0.5154176005239834
heloc,validation,V2 HELOC Scorecard manual-review,scorecard_sigmoid,0.45,816,318,0.2815694943354518,0.1277516809431703,0.0,True,True,False,Decision curve computed from existing probability score; no policy selection on test.,False,0.07-0.80,0.5154176005239834
heloc,validation,V2 HELOC Scorecard manual-review,scorecard_sigmoid,0.46,810,306,0.27828436339074636,0.11159893429396966,0.0,True,True,False,Decision curve computed from existing probability score; no policy selection on test.,False,0.07-0.80,0.5154176005239834
heloc,validation,V2 HELOC Scorecard manual-review,scorecard_sigmoid,0.47,800,300,0.2704976008870027,0.0948366500353654,0.0,True,True,False,Decision curve computed from existing probability score; no policy selection on test.,False,0.07-0.80,0.5154176005239834
heloc,validation,V2 HELOC Scorecard manual-review,scorecard_sigmoid,0.48,792,292,0.26467149871405193,0.0774296625360455,0.0,True,True,False,Decision curve computed from existing probability score; no policy selection on test.,False,0.07-0.80,0.5154176005239834
heloc,validation,V2 HELOC Scorecard manual-review,scorecard_sigmoid,0.49,779,281,0.2578620100522479,0.05934004807596793,0.0,True,True,False,Decision curve computed from existing probability score; no policy selection on test.,False,0.07-0.80,0.5154176005239834
heloc,validation,V2 HELOC Scorecard manual-review,scorecard_sigmoid,0.5,775,272,0.2548125633232016,0.04052684903748727,0.0,True,True,False,Decision curve computed from existing probability score; no policy selection on test.,False,0.07-0.80,0.5154176005239834
heloc,validation,V2 HELOC Scorecard manual-review,scorecard_sigmoid,0.51,760,264,0.24580774559063748,0.020945764323966554,0.0,True,True,False,Decision curve computed from existing probability score; no policy selection on test.,False,0.07-0.80,0.5154176005239834
heloc,validation,V2 HELOC Scorecard manual-review,scorecard_sigmoid,0.52,752,257,0.23991050320837548,0.0005488010807158661,0.0,True,True,False,Decision curve computed from existing probability score; no policy selection on test.,False,0.07-0.80,0.5154176005239834
heloc,validation,V2 HELOC Scorecard manual-review,scorecard_sigmoid,0.53,744,246,0.2363706913276854,-0.02071611804522644,0.0,True,True,False,Decision curve computed from existing probability score; no policy selection on test.,False,0.07-0.80,0.5154176005239834
heloc,validation,V2 HELOC Scorecard manual-review,scorecard_sigmoid,0.54,736,240,0.23012202105634114,-0.0429055988722965,0.0,True,True,False,Decision curve computed from existing probability score; no policy selection on test.,False,0.07-0.80,0.5154176005239834
heloc,validation,V2 HELOC Scorecard manual-review,scorecard_sigmoid,0.55,725,232,0.22362940448046828,-0.06608127884723647,0.0,True,True,False,Decision curve computed from existing probability score; no policy selection on test.,False,0.07-0.80,0.5154176005239834
heloc,validation,V2 HELOC Scorecard manual-review,scorecard_sigmoid,0.56,714,224,0.21727917472598324,-0.09031039882103731,0.0,True,True,False,Decision curve computed from existing probability score; no policy selection on test.,False,0.07-0.80,0.5154176005239834
heloc,validation,V2 HELOC Scorecard manual-review,scorecard_sigmoid,0.57,701,214,0.2114111354586367,-0.11566645460757274,0.0,True,True,False,Decision curve computed from existing probability score; no policy selection on test.,False,0.07-0.80,0.5154176005239834
heloc,validation,V2 HELOC Scorecard manual-review,scorecard_sigmoid,0.58,690,204,0.20683166883774792,-0.14222994162203884,0.0,True,True,False,Decision curve computed from existing probability score; no policy selection on test.,False,0.07-0.80,0.5154176005239834
heloc,validation,V2 HELOC Scorecard manual-review,scorecard_sigmoid,0.59,680,198,0.20013838436256703,-0.17008920849086906,0.0,True,True,False,Decision curve computed from existing probability score; no policy selection on test.,False,0.07-0.80,0.5154176005239834
heloc,validation,V2 HELOC Scorecard manual-review,scorecard_sigmoid,0.6,669,190,0.19452887537993924,-0.1993414387031408,0.0,True,True,False,Decision curve computed from existing probability score; no policy selection on test.,False,0.07-0.80,0.5154176005239834
heloc,validation,V2 HELOC Scorecard manual-review,scorecard_sigmoid,0.61,656,180,0.18969682799470036,-0.23009378328527275,0.0,True,True,False,Decision curve computed from existing probability score; no policy selection on test.,False,0.07-0.80,0.5154176005239834
heloc,validation,V2 HELOC Scorecard manual-review,scorecard_sigmoid,0.62,643,174,0.18191755985708954,-0.26246467231909565,0.0,True,True,False,Decision curve computed from existing probability score; no policy selection on test.,False,0.07-0.80,0.5154176005239834
heloc,validation,V2 HELOC Scorecard manual-review,scorecard_sigmoid,0.63,624,163,0.1755113776390372,-0.2965853391385307,0.0,True,True,False,Decision curve computed from existing probability score; no policy selection on test.,False,0.07-0.80,0.5154176005239834
heloc,validation,V2 HELOC Scorecard manual-review,scorecard_sigmoid,0.64,612,156,0.16953731847348866,-0.3326015985590455,0.0,True,True,False,Decision curve computed from existing probability score; no policy selection on test.,False,0.07-0.80,0.5154176005239834
heloc,validation,V2 HELOC Scorecard manual-review,scorecard_sigmoid,0.65,595,148,0.16217976552323055,-0.37067592994644694,0.0,True,True,False,Decision curve computed from existing probability score; no policy selection on test.,False,0.07-0.80,0.5154176005239834
heloc,validation,V2 HELOC Scorecard manual-review,scorecard_sigmoid,0.66,578,136,0.15906788247213777,-0.41098992788604827,0.0,True,True,False,Decision curve computed from existing probability score; no policy selection on test.,False,0.07-0.80,0.5154176005239834
heloc,validation,V2 HELOC Scorecard manual-review,scorecard_sigmoid,0.67,561,126,0.15460071843050566,-0.4537471984280498,0.0,True,True,False,Decision curve computed from existing probability score; no policy selection on test.,False,0.07-0.80,0.5154176005239834
heloc,validation,V2 HELOC Scorecard manual-review,scorecard_sigmoid,0.68,550,116,0.15374873353596752,-0.49917679837892637,0.0,True,True,False,Decision curve computed from existing probability score; no policy selection on test.,False,0.07-0.80,0.5154176005239834
heloc,validation,V2 HELOC Scorecard manual-review,scorecard_sigmoid,0.69,529,109,0.14507958296565027,-0.5475373402621171,0.0,True,True,False,Decision curve computed from existing probability score; no policy selection on test.,False,0.07-0.80,0.5154176005239834
heloc,validation,V2 HELOC Scorecard manual-review,scorecard_sigmoid,0.7,519,106,0.13762242485646745,-0.5991219182708545,0.0,True,True,False,Decision curve computed from existing probability score; no policy selection on test.,False,0.07-0.80,0.5154176005239834
heloc,validation,V2 HELOC Scorecard manual-review,scorecard_sigmoid,0.71,502,96,0.1352408901932013,-0.6542640533836426,0.0,True,True,False,Decision curve computed from existing probability score; no policy selection on test.,False,0.07-0.80,0.5154176005239834
heloc,validation,V2 HELOC Scorecard manual-review,scorecard_sigmoid,0.72,484,93,0.12404110580402375,-0.7133449124330584,0.0,True,True,False,Decision curve computed from existing probability score; no policy selection on test.,False,0.07-0.80,0.5154176005239834
heloc,validation,V2 HELOC Scorecard manual-review,scorecard_sigmoid,0.73,466,86,0.1182783594131112,-0.7768021314120603,0.0,True,True,False,Decision curve computed from existing probability score; no policy selection on test.,False,0.07-0.80,0.5154176005239834
heloc,validation,V2 HELOC Scorecard manual-review,scorecard_sigmoid,0.74,442,80,0.10856519367157666,-0.8451406749279089,0.0,True,True,False,Decision curve computed from existing probability score; no policy selection on test.,False,0.07-0.80,0.5154176005239834
heloc,validation,V2 HELOC Scorecard manual-review,scorecard_sigmoid,0.75,421,74,0.10081053698074975,-0.9189463019250255,0.0,True,True,False,Decision curve computed from existing probability score; no policy selection on test.,False,0.07-0.80,0.5154176005239834
heloc,validation,V2 HELOC Scorecard manual-review,scorecard_sigmoid,0.76,404,73,0.08755488010807158,-0.9989023978385683,0.0,True,True,False,Decision curve computed from existing probability score; no policy selection on test.,False,0.07-0.80,0.5154176005239834
heloc,validation,V2 HELOC Scorecard manual-review,scorecard_sigmoid,0.77,381,68,0.07768380247566187,-1.085811197744593,0.0,True,True,False,Decision curve computed from existing probability score; no policy selection on test.,False,0.07-0.80,0.5154176005239834
heloc,validation,V2 HELOC Scorecard manual-review,scorecard_sigmoid,0.78,356,63,0.0671916735746523,-1.1806207976420746,0.0,True,True,False,Decision curve computed from existing probability score; no policy selection on test.,False,0.07-0.80,0.5154176005239834
heloc,validation,V2 HELOC Scorecard manual-review,scorecard_sigmoid,0.79,328,57,0.05753365175857576,-1.2844598832440783,0.0,True,True,False,Decision curve computed from existing probability score; no policy selection on test.,False,0.07-0.80,0.5154176005239834
heloc,validation,V2 HELOC Scorecard manual-review,scorecard_sigmoid,0.8,306,47,0.05977710233029379,-1.3986828774062823,0.0,True,True,False,Decision curve computed from existing probability score; no policy selection on test.,False,0.07-0.80,0.5154176005239834
heloc,locked_test,V2 HELOC Scorecard manual-review,scorecard_sigmoid,0.01,1028,947,0.5156629587009334,0.5156629587009334,0.0,False,True,True,Decision curve computed from existing probability score; no policy selection on test.,False,0.07-0.80,0.5156629587009334
heloc,locked_test,V2 HELOC Scorecard manual-review,scorecard_sigmoid,0.02,1028,947,0.5107207439938001,0.5107207439938001,0.0,False,True,True,Decision curve computed from existing probability score; no policy selection on test.,False,0.07-0.80,0.5156629587009334
heloc,locked_test,V2 HELOC Scorecard manual-review,scorecard_sigmoid,0.03,1028,947,0.505676627952499,0.505676627952499,0.0,False,True,False,Decision curve computed from existing probability score; no policy selection on test.,False,0.07-0.80,0.5156629587009334
heloc,locked_test,V2 HELOC Scorecard manual-review,scorecard_sigmoid,0.04,1028,947,0.5005274261603375,0.5005274261603375,0.0,False,True,False,Decision curve computed from existing probability score; no policy selection on test.,False,0.07-0.80,0.5156629587009334
heloc,locked_test,V2 HELOC Scorecard manual-review,scorecard_sigmoid,0.05,1028,947,0.49526982011992005,0.49526982011992005,0.0,False,True,False,Decision curve computed from existing probability score; no policy selection on test.,False,0.07-0.80,0.5156629587009334
heloc,locked_test,V2 HELOC Scorecard manual-review,scorecard_sigmoid,0.06,1028,947,0.48990035012119576,0.48990035012119576,0.0,False,True,False,Decision curve computed from existing probability score; no policy selection on test.,False,0.07-0.80,0.5156629587009334
heloc,locked_test,V2 HELOC Scorecard manual-review,scorecard_sigmoid,0.07,1028,946,0.48445351844290185,0.4844154076493807,0.0,True,True,False,Decision curve computed from existing probability score; no policy selection on test.,False,0.07-0.80,0.5156629587009334
heloc,locked_test,V2 HELOC Scorecard manual-review,scorecard_sigmoid,0.08,1028,944,0.47894331315354977,0.4788112272977435,0.0,True,True,False,Decision curve computed from existing probability score; no policy selection on test.,False,0.07-0.80,0.5156629587009334
heloc,locked_test,V2 HELOC Scorecard manual-review,scorecard_sigmoid,0.09,1026,930,0.4729225205174572,0.47308387814716923,0.0,False,True,False,Decision curve computed from existing probability score; no policy selection on test.,False,0.07-0.80,0.5156629587009334
heloc,locked_test,V2 HELOC Scorecard manual-review,scorecard_sigmoid,0.1,1024,920,0.4667229254571027,0.4672292545710267,0.0,False,True,False,Decision curve computed from existing probability score; no policy selection on test.,False,0.07-0.80,0.5156629587009334
heloc,locked_test,V2 HELOC Scorecard manual-review,scorecard_sigmoid,0.11,1023,905,0.46133978096999,0.46124306642013935,0.0,True,True,False,Decision curve computed from existing probability score; no policy selection on test.,False,0.07-0.80,0.5156629587009334
heloc,locked_test,V2 HELOC Scorecard manual-review,scorecard_sigmoid,0.12,1022,886,0.45629459148446494,0.45512082853855,0.0,True,True,False,Decision curve computed from existing probability score; no policy selection on test.,False,0.07-0.80,0.5156629587009334
heloc,locked_test,V2 HELOC Scorecard manual-review,scorecard_sigmoid,0.13,1018,865,0.4499985450312818,0.44885784955623453,0.0,True,True,False,Decision curve computed from existing probability score; no policy selection on test.,False,0.07-0.80,0.5156629587009334
heloc,locked_test,V2 HELOC Scorecard manual-review,scorecard_sigmoid,0.14,1016,841,0.44511039152193116,0.44244921989991165,0.0,True,True,True,Decision curve computed from existing probability score; no policy selection on test.,False,0.07-0.80,0.5156629587009334
heloc,locked_test,V2 HELOC Scorecard manual-review,scorecard_sigmoid,0.15,1014,815,0.44059568131049887,0.43588979895755764,0.0,True,True,True,Decision curve computed from existing probability score; no policy selection on test.,False,0.07-0.80,0.5156629587009334
heloc,locked_test,V2 HELOC Scorecard manual-review,scorecard_sigmoid,0.16,1009,797,0.4340204942736588,0.4291742013261,0.0,True,True,True,Decision curve computed from existing probability score; no policy selection on test.,False,0.07-0.80,0.5156629587009334
heloc,locked_test,V2 HELOC Scorecard manual-review,scorecard_sigmoid,0.17,1004,778,0.42767119109348783,0.4222967820649687,0.0,True,True,False,Decision curve computed from existing probability score; no policy selection on test.,False,0.07-0.80,0.5156629587009334
heloc,locked_test,V2 HELOC Scorecard manual-review,scorecard_sigmoid,0.18,999,746,0.4229083050324174,0.41525162087063905,0.0,True,True,True,Decision curve computed from existing probability score; no policy selection on test.,False,0.07-0.80,0.5156629587009334
heloc,locked_test,V2 HELOC Scorecard manual-review,scorecard_sigmoid,0.19,993,723,0.41691514299109234,0.40803250507891853,0.0,True,True,False,Decision curve computed from existing probability score; no policy selection on test.,False,0.07-0.80,0.5156629587009334
heloc,locked_test,V2 HELOC Scorecard manual-review,scorecard_sigmoid,0.2,984,705,0.4089873417721519,0.40063291139240503,0.0,True,True,False,Decision curve computed from existing probability score; no policy selection on test.,False,0.07-0.80,0.5156629587009334
heloc,locked_test,V2 HELOC Scorecard manual-review,scorecard_sigmoid,0.21,980,684,0.4041403621214549,0.393045986220157,0.0,True,True,False,Decision curve computed from existing probability score; no policy selection on test.,False,0.07-0.80,0.5156629587009334
heloc,locked_test,V2 HELOC Scorecard manual-review,scorecard_sigmoid,0.22,978,665,0.40022070756247974,0.3852645245050308,0.0,True,True,False,Decision curve computed from existing probability score; no policy selection on test.,False,0.07-0.80,0.5156629587009334
heloc,locked_test,V2 HELOC Scorecard manual-review,scorecard_sigmoid,0.23,974,637,0.3968239355581128,0.37728094690120006,0.0,True,True,True,Decision curve computed from existing probability score; no policy selection on test.,False,0.07-0.80,0.5156629587009334
heloc,locked_test,V2 HELOC Scorecard manual-review,scorecard_sigmoid,0.24,962,611,0.3893937375083278,0.36908727514990003,0.0,True,True,False,Decision curve computed from existing probability score; no policy selection on test.,False,0.07-0.80,0.5156629587009334
heloc,locked_test,V2 HELOC Scorecard manual-review,scorecard_sigmoid,0.25,957,597,0.3837974683544304,0.3606751054852321,0.0,True,True,False,Decision curve computed from existing probability score; no policy selection on test.,False,0.07-0.80,0.5156629587009334
heloc,locked_test,V2 HELOC Scorecard manual-review,scorecard_sigmoid,0.26,951,578,0.37869312350325013,0.3520355798836811,0.0,True,True,False,Decision curve computed from existing probability score; no policy selection on test.,False,0.07-0.80,0.5156629587009334
heloc,locked_test,V2 HELOC Scorecard manual-review,scorecard_sigmoid,0.27,943,559,0.3727830761227675,0.3431593549505808,0.0,True,True,False,Decision curve computed from existing probability score; no policy selection on test.,False,0.07-0.80,0.5156629587009334
heloc,locked_test,V2 HELOC Scorecard manual-review,scorecard_sigmoid,0.28,939,542,0.36872011251758086,0.33403656821378336,0.0,True,True,False,Decision curve computed from existing probability score; no policy selection on test.,False,0.07-0.80,0.5156629587009334
heloc,locked_test,V2 HELOC Scorecard manual-review,scorecard_sigmoid,0.29,932,526,0.3631164200392227,0.3246568015689071,0.0,True,True,False,Decision curve computed from existing probability score; no policy selection on test.,False,0.07-0.80,0.5156629587009334
heloc,locked_test,V2 HELOC Scorecard manual-review,scorecard_sigmoid,0.3,926,513,0.35754068716094034,0.31500904159132004,0.0,True,True,False,Decision curve computed from existing probability score; no policy selection on test.,False,0.07-0.80,0.5156629587009334
heloc,locked_test,V2 HELOC Scorecard manual-review,scorecard_sigmoid,0.31,921,497,0.3532709594569804,0.3050816363969913,0.0,True,True,False,Decision curve computed from existing probability score; no policy selection on test.,False,0.07-0.80,0.5156629587009334
heloc,locked_test,V2 HELOC Scorecard manual-review,scorecard_sigmoid,0.32,919,485,0.3497542814594192,0.2948622486969471,0.0,True,True,False,Decision curve computed from existing probability score; no policy selection on test.,False,0.07-0.80,0.5156629587009334
heloc,locked_test,V2 HELOC Scorecard manual-review,scorecard_sigmoid,0.33,911,471,0.3438050255053845,0.2843378046476478,0.0,True,True,False,Decision curve computed from existing probability score; no policy selection on test.,False,0.07-0.80,0.5156629587009334
heloc,locked_test,V2 HELOC Scorecard manual-review,scorecard_sigmoid,0.34,904,460,0.33773686229382427,0.2734944380514,0.0,True,True,False,Decision curve computed from existing probability score; no policy selection on test.,False,0.07-0.80,0.5156629587009334
heloc,locked_test,V2 HELOC Scorecard manual-review,scorecard_sigmoid,0.35,900,449,0.3332814021421616,0.262317429406037,0.0,True,True,False,Decision curve computed from existing probability score; no policy selection on test.,False,0.07-0.80,0.5156629587009334
heloc,locked_test,V2 HELOC Scorecard manual-review,scorecard_sigmoid,0.36,895,439,0.328132911392405,0.2507911392405063,0.0,True,True,False,Decision curve computed from existing probability score; no policy selection on test.,False,0.07-0.80,0.5156629587009334
heloc,locked_test,V2 HELOC Scorecard manual-review,scorecard_sigmoid,0.37,888,423,0.3238336347197106,0.2388989351014667,0.0,True,True,False,Decision curve computed from existing probability score; no policy selection on test.,False,0.07-0.80,0.5156629587009334
heloc,locked_test,V2 HELOC Scorecard manual-review,scorecard_sigmoid,0.38,879,414,0.31658636178031846,0.226623111474071,0.0,True,True,False,Decision curve computed from existing probability score; no policy selection on test.,False,0.07-0.80,0.5156629587009334
heloc,locked_test,V2 HELOC Scorecard manual-review,scorecard_sigmoid,0.39,870,403,0.3100477277443453,0.21394480182610492,0.0,True,True,False,Decision curve computed from existing probability score; no policy selection on test.,False,0.07-0.80,0.5156629587009334
heloc,locked_test,V2 HELOC Scorecard manual-review,scorecard_sigmoid,0.4,861,393,0.3032911392405063,0.20084388185654,0.0,True,True,False,Decision curve computed from existing probability score; no policy selection on test.,False,0.07-0.80,0.5156629587009334
heloc,locked_test,V2 HELOC Scorecard manual-review,scorecard_sigmoid,0.41,852,386,0.29557605664020603,0.18729886290495606,0.0,True,True,False,Decision curve computed from existing probability score; no policy selection on test.,False,0.07-0.80,0.5156629587009334
heloc,locked_test,V2 HELOC Scorecard manual-review,scorecard_sigmoid,0.42,847,373,0.292099519860323,0.1732867743343518,0.0,True,True,False,Decision curve computed from existing probability score; no policy selection on test.,False,0.07-0.80,0.5156629587009334
heloc,locked_test,V2 HELOC Scorecard manual-review,scorecard_sigmoid,0.43,844,363,0.2886875416389074,0.1587830335332001,0.0,True,True,False,Decision curve computed from existing probability score; no policy selection on test.,False,0.07-0.80,0.5156629587009334
heloc,locked_test,V2 HELOC Scorecard manual-review,scorecard_sigmoid,0.44,834,349,0.28343580470162755,0.14376130198915005,0.0,True,True,False,Decision curve computed from existing probability score; no policy selection on test.,False,0.07-0.80,0.5156629587009334
heloc,locked_test,V2 HELOC Scorecard manual-review,scorecard_sigmoid,0.45,825,340,0.27686996547756043,0.12819332566168007,0.0,True,True,False,Decision curve computed from existing probability score; no policy selection on test.,False,0.07-0.80,0.5156629587009334
heloc,locked_test,V2 HELOC Scorecard manual-review,scorecard_sigmoid,0.46,818,331,0.2714111579934365,0.11204875761837785,0.0,True,True,False,Decision curve computed from existing probability score; no policy selection on test.,False,0.07-0.80,0.5156629587009334
heloc,locked_test,V2 HELOC Scorecard manual-review,scorecard_sigmoid,0.47,811,317,0.26829711010269885,0.09529496059230952,0.0,True,True,False,Decision curve computed from existing probability score; no policy selection on test.,False,0.07-0.80,0.5156629587009334
heloc,locked_test,V2 HELOC Scorecard manual-review,scorecard_sigmoid,0.48,805,305,0.26504381694255114,0.07789678675754624,0.0,True,True,False,Decision curve computed from existing probability score; no policy selection on test.,False,0.07-0.80,0.5156629587009334
heloc,locked_test,V2 HELOC Scorecard manual-review,scorecard_sigmoid,0.49,793,296,0.25752295855050883,0.05981633159592953,0.0,True,True,False,Decision curve computed from existing probability score; no policy selection on test.,False,0.07-0.80,0.5156629587009334
heloc,locked_test,V2 HELOC Scorecard manual-review,scorecard_sigmoid,0.5,779,285,0.250126582278481,0.04101265822784805,0.0,True,True,False,Decision curve computed from existing probability score; no policy selection on test.,False,0.07-0.80,0.5156629587009334
heloc,locked_test,V2 HELOC Scorecard manual-review,scorecard_sigmoid,0.51,773,277,0.24541462154482047,0.02144148798760004,0.0,True,True,False,Decision curve computed from existing probability score; no policy selection on test.,False,0.07-0.80,0.5156629587009334
heloc,locked_test,V2 HELOC Scorecard manual-review,scorecard_sigmoid,0.52,758,271,0.23514767932489453,0.001054852320675037,0.0,True,True,False,Decision curve computed from existing probability score; no policy selection on test.,False,0.07-0.80,0.5156629587009334
heloc,locked_test,V2 HELOC Scorecard manual-review,scorecard_sigmoid,0.53,750,259,0.23186641529760302,-0.02019929975760859,0.0,True,True,False,Decision curve computed from existing probability score; no policy selection on test.,False,0.07-0.80,0.5156629587009334
heloc,locked_test,V2 HELOC Scorecard manual-review,scorecard_sigmoid,0.54,743,247,0.22938910291689596,-0.042377545404512995,0.0,True,True,False,Decision curve computed from existing probability score; no policy selection on test.,False,0.07-0.80,0.5156629587009334
heloc,locked_test,V2 HELOC Scorecard manual-review,scorecard_sigmoid,0.55,734,241,0.22250351617440225,-0.0655414908579468,0.0,True,True,False,Decision curve computed from existing probability score; no policy selection on test.,False,0.07-0.80,0.5156629587009334
heloc,locked_test,V2 HELOC Scorecard manual-review,scorecard_sigmoid,0.56,722,232,0.2160644418872267,-0.08975834292290008,0.0,True,True,False,Decision curve computed from existing probability score; no policy selection on test.,False,0.07-0.80,0.5156629587009334
heloc,locked_test,V2 HELOC Scorecard manual-review,scorecard_sigmoid,0.57,711,219,0.21301148071828085,-0.11510156020017648,0.0,True,True,False,Decision curve computed from existing probability score; no policy selection on test.,False,0.07-0.80,0.5156629587009334
heloc,locked_test,V2 HELOC Scorecard manual-review,scorecard_sigmoid,0.58,699,208,0.2084870403857746,-0.14165159734779986,0.0,True,True,False,Decision curve computed from existing probability score; no policy selection on test.,False,0.07-0.80,0.5156629587009334
heloc,locked_test,V2 HELOC Scorecard manual-review,scorecard_sigmoid,0.59,682,192,0.2054214263661624,-0.1694967582587218,0.0,True,True,True,Decision curve computed from existing probability score; no policy selection on test.,False,0.07-0.80,0.5156629587009334
heloc,locked_test,V2 HELOC Scorecard manual-review,scorecard_sigmoid,0.6,665,183,0.1977215189873418,-0.19873417721518982,0.0,True,True,True,Decision curve computed from existing probability score; no policy selection on test.,False,0.07-0.80,0.5156629587009334
heloc,locked_test,V2 HELOC Scorecard manual-review,scorecard_sigmoid,0.61,652,178,0.18915936384290816,-0.22947095098993842,0.0,True,True,False,Decision curve computed from existing probability score; no policy selection on test.,False,0.07-0.80,0.5156629587009334
heloc,locked_test,V2 HELOC Scorecard manual-review,scorecard_sigmoid,0.62,638,169,0.18342438374417053,-0.26182544970019994,0.0,True,True,False,Decision curve computed from existing probability score; no policy selection on test.,False,0.07-0.80,0.5156629587009334
heloc,locked_test,V2 HELOC Scorecard manual-review,scorecard_sigmoid,0.63,627,162,0.17780362641122135,-0.29592884023263777,0.0,True,True,True,Decision curve computed from existing probability score; no policy selection on test.,False,0.07-0.80,0.5156629587009334
heloc,locked_test,V2 HELOC Scorecard manual-review,scorecard_sigmoid,0.64,610,151,0.17293952180028127,-0.3319268635724333,0.0,True,True,True,Decision curve computed from existing probability score; no policy selection on test.,False,0.07-0.80,0.5156629587009334
heloc,locked_test,V2 HELOC Scorecard manual-review,scorecard_sigmoid,0.65,594,146,0.16347197106690772,-0.36998191681736003,0.0,True,True,True,Decision curve computed from existing probability score; no policy selection on test.,False,0.07-0.80,0.5156629587009334
heloc,locked_test,V2 HELOC Scorecard manual-review,scorecard_sigmoid,0.66,577,137,0.1574981384959047,-0.4102755026061059,0.0,True,True,True,Decision curve computed from existing probability score; no policy selection on test.,False,0.07-0.80,0.5156629587009334
heloc,locked_test,V2 HELOC Scorecard manual-review,scorecard_sigmoid,0.67,559,126,0.1535097813578826,-0.4530111238972001,0.0,True,True,False,Decision curve computed from existing probability score; no policy selection on test.,False,0.07-0.80,0.5156629587009334
heloc,locked_test,V2 HELOC Scorecard manual-review,scorecard_sigmoid,0.68,540,122,0.14215189873417722,-0.49841772151898756,0.0,True,True,False,Decision curve computed from existing probability score; no policy selection on test.,False,0.07-0.80,0.5156629587009334
heloc,locked_test,V2 HELOC Scorecard manual-review,scorecard_sigmoid,0.69,520,111,0.13819518170681916,-0.5467537770518576,0.0,True,True,False,Decision curve computed from existing probability score; no policy selection on test.,False,0.07-0.80,0.5156629587009334
heloc,locked_test,V2 HELOC Scorecard manual-review,scorecard_sigmoid,0.7,505,102,0.1351898734177215,-0.5983122362869198,0.0,True,True,True,Decision curve computed from existing probability score; no policy selection on test.,False,0.07-0.80,0.5156629587009334
heloc,locked_test,V2 HELOC Scorecard manual-review,scorecard_sigmoid,0.71,495,97,0.1303884766477521,-0.6534264513312964,0.0,True,True,True,Decision curve computed from existing probability score; no policy selection on test.,False,0.07-0.80,0.5156629587009334
heloc,locked_test,V2 HELOC Scorecard manual-review,scorecard_sigmoid,0.72,475,88,0.12593128390596747,-0.7124773960216997,0.0,True,True,False,Decision curve computed from existing probability score; no policy selection on test.,False,0.07-0.80,0.5156629587009334
heloc,locked_test,V2 HELOC Scorecard manual-review,scorecard_sigmoid,0.73,457,83,0.11776840131270513,-0.7759024847632441,0.0,True,True,False,Decision curve computed from existing probability score; no policy selection on test.,False,0.07-0.80,0.5156629587009334
heloc,locked_test,V2 HELOC Scorecard manual-review,scorecard_sigmoid,0.74,440,71,0.12046738072054528,-0.8442064264849074,0.0,True,True,True,Decision curve computed from existing probability score; no policy selection on test.,False,0.07-0.80,0.5156629587009334
heloc,locked_test,V2 HELOC Scorecard manual-review,scorecard_sigmoid,0.75,418,67,0.10987341772151898,-0.9179746835443039,0.0,True,True,True,Decision curve computed from existing probability score; no policy selection on test.,False,0.07-0.80,0.5156629587009334
heloc,locked_test,V2 HELOC Scorecard manual-review,scorecard_sigmoid,0.76,394,62,0.10008438818565399,-0.9978902953586499,0.0,True,True,True,Decision curve computed from existing probability score; no policy selection on test.,False,0.07-0.80,0.5156629587009334
heloc,locked_test,V2 HELOC Scorecard manual-review,scorecard_sigmoid,0.77,367,58,0.08750687947165658,-1.084755090809026,0.0,True,True,False,Decision curve computed from existing probability score; no policy selection on test.,False,0.07-0.80,0.5156629587009334
heloc,locked_test,V2 HELOC Scorecard manual-review,scorecard_sigmoid,0.78,341,54,0.07571921749136937,-1.1795166858458002,0.0,True,True,False,Decision curve computed from existing probability score; no policy selection on test.,False,0.07-0.80,0.5156629587009334
heloc,locked_test,V2 HELOC Scorecard manual-review,scorecard_sigmoid,0.79,319,49,0.06818565400843879,-1.2833031946956002,0.0,True,True,False,Decision curve computed from existing probability score; no policy selection on test.,False,0.07-0.80,0.5156629587009334
heloc,locked_test,V2 HELOC Scorecard manual-review,scorecard_sigmoid,0.8,294,43,0.06177215189873417,-1.3974683544303803,0.0,True,True,False,Decision curve computed from existing probability score; no policy selection on test.,False,0.07-0.80,0.5156629587009334
heloc,validation,HELOC specificity candidate threshold,scorecard_uncalibrated,0.01,1027,947,0.5154176005239834,0.5154176005239834,0.0,False,True,True,Decision curve computed from existing probability score; no policy selection on test.,False,0.06-0.80,0.5154176005239834
heloc,validation,HELOC specificity candidate threshold,scorecard_uncalibrated,0.02,1027,947,0.5104728821619833,0.5104728821619833,0.0,False,True,True,Decision curve computed from existing probability score; no policy selection on test.,False,0.06-0.80,0.5154176005239834
heloc,validation,HELOC specificity candidate threshold,scorecard_uncalibrated,0.03,1027,947,0.5054262108440656,0.5054262108440656,0.0,False,True,False,Decision curve computed from existing probability score; no policy selection on test.,False,0.06-0.80,0.5154176005239834
heloc,validation,HELOC specificity candidate threshold,scorecard_uncalibrated,0.04,1027,947,0.500274400540358,0.500274400540358,0.0,False,True,False,Decision curve computed from existing probability score; no policy selection on test.,False,0.06-0.80,0.5154176005239834
heloc,validation,HELOC specificity candidate threshold,scorecard_uncalibrated,0.05,1027,947,0.4950141310723617,0.4950141310723617,0.0,False,True,False,Decision curve computed from existing probability score; no policy selection on test.,False,0.06-0.80,0.5154176005239834
heloc,validation,HELOC specificity candidate threshold,scorecard_uncalibrated,0.06,1027,943,0.4897712819849533,0.48964194097738684,0.0,True,True,False,Decision curve computed from existing probability score; no policy selection on test.,False,0.06-0.80,0.5154176005239834
heloc,validation,HELOC specificity candidate threshold,scorecard_uncalibrated,0.07,1027,933,0.4846880413112396,0.4841542199126275,0.0,True,True,True,Decision curve computed from existing probability score; no policy selection on test.,False,0.06-0.80,0.5154176005239834
heloc,validation,HELOC specificity candidate threshold,scorecard_uncalibrated,0.08,1024,922,0.47812871679661695,0.4785472005638518,0.0,False,True,False,Decision curve computed from existing probability score; no policy selection on test.,False,0.06-0.80,0.5154176005239834
heloc,validation,HELOC specificity candidate threshold,scorecard_uncalibrated,0.09,1024,907,0.4733012681340949,0.4728169500205974,0.0,True,True,False,Decision curve computed from existing probability score; no policy selection on test.,False,0.06-0.80,0.5154176005239834
heloc,validation,HELOC specificity candidate threshold,scorecard_uncalibrated,0.1,1023,896,0.46780366993132944,0.4669593605763818,0.0,True,True,True,Decision curve computed from existing probability score; no policy selection on test.,False,0.06-0.80,0.5154176005239834
heloc,validation,HELOC specificity candidate threshold,scorecard_uncalibrated,0.11,1019,877,0.4613002743531073,0.4609701399087007,0.0,True,True,False,Decision curve computed from existing probability score; no policy selection on test.,False,0.06-0.80,0.5154176005239834
heloc,validation,HELOC specificity candidate threshold,scorecard_uncalibrated,0.12,1015,848,0.45560467900893437,0.4548448005894814,0.0,True,True,False,Decision curve computed from existing probability score; no policy selection on test.,False,0.06-0.80,0.5154176005239834
heloc,validation,HELOC specificity candidate threshold,scorecard_uncalibrated,0.13,1013,821,0.4510242345898985,0.4485786488721191,0.0,True,True,False,Decision curve computed from existing probability score; no policy selection on test.,False,0.06-0.80,0.5154176005239834
heloc,validation,HELOC specificity candidate threshold,scorecard_uncalibrated,0.14,1012,798,0.4468556348813647,0.4421667726962135,0.0,True,True,True,Decision curve computed from existing probability score; no policy selection on test.,False,0.06-0.80,0.5154176005239834
heloc,validation,HELOC specificity candidate threshold,scorecard_uncalibrated,0.15,1008,770,0.44180225281602,0.43560402884558075,0.0,True,True,True,Decision curve computed from existing probability score; no policy selection on test.,False,0.06-0.80,0.5154176005239834
heloc,validation,HELOC specificity candidate threshold,scorecard_uncalibrated,0.16,1005,751,0.43665267525449897,0.4288850291889805,0.0,True,True,True,Decision curve computed from existing probability score; no policy selection on test.,False,0.06-0.80,0.5154176005239834
heloc,validation,HELOC specificity candidate threshold,scorecard_uncalibrated,0.17,999,719,0.43147666654459776,0.4220041259261971,0.0,True,True,True,Decision curve computed from existing probability score; no policy selection on test.,False,0.06-0.80,0.5154176005239834
heloc,validation,HELOC specificity candidate threshold,scorecard_uncalibrated,0.18,989,689,0.4243951862011021,0.4149553957545654,0.0,True,True,True,Decision curve computed from existing probability score; no policy selection on test.,False,0.06-0.80,0.5154176005239834
heloc,validation,HELOC specificity candidate threshold,scorecard_uncalibrated,0.19,986,660,0.42106645652744945,0.40773262286264644,0.0,True,True,True,Decision curve computed from existing probability score; no policy selection on test.,False,0.06-0.80,0.5154176005239834
heloc,validation,HELOC specificity candidate threshold,scorecard_uncalibrated,0.2,980,635,0.41603343465045595,0.40032928064842954,0.0,True,True,True,Decision curve computed from existing probability score; no policy selection on test.,False,0.06-0.80,0.5154176005239834
heloc,validation,HELOC specificity candidate threshold,scorecard_uncalibrated,0.21,973,617,0.4098213484154771,0.3927385120490426,0.0,True,True,True,Decision curve computed from existing probability score; no policy selection on test.,False,0.06-0.80,0.5154176005239834
heloc,validation,HELOC specificity candidate threshold,scorecard_uncalibrated,0.22,969,589,0.40672330034032167,0.3849531083573636,0.0,True,True,True,Decision curve computed from existing probability score; no policy selection on test.,False,0.06-0.80,0.5154176005239834
heloc,validation,HELOC specificity candidate threshold,scorecard_uncalibrated,0.23,963,568,0.4018934459663943,0.3769654863879788,0.0,True,True,True,Decision curve computed from existing probability score; no policy selection on test.,False,0.06-0.80,0.5154176005239834
heloc,validation,HELOC specificity candidate threshold,scorecard_uncalibrated,0.24,955,553,0.39532341492027945,0.3687676638404521,0.0,True,True,True,Decision curve computed from existing probability score; no policy selection on test.,False,0.06-0.80,0.5154176005239834
heloc,validation,HELOC specificity candidate threshold,scorecard_uncalibrated,0.25,948,533,0.39023978385680513,0.3603512326916582,0.0,True,True,True,Decision curve computed from existing probability score; no policy selection on test.,False,0.06-0.80,0.5154176005239834
heloc,validation,HELOC specificity candidate threshold,scorecard_uncalibrated,0.26,938,516,0.38333470248363866,0.35170733043073465,0.0,True,True,False,Decision curve computed from existing probability score; no policy selection on test.,False,0.06-0.80,0.5154176005239834
heloc,validation,HELOC specificity candidate threshold,scorecard_uncalibrated,0.27,933,498,0.37933547070824836,0.3428266089297858,0.0,True,True,True,Decision curve computed from existing probability score; no policy selection on test.,False,0.06-0.80,0.5154176005239834
heloc,validation,HELOC specificity candidate threshold,scorecard_uncalibrated,0.28,927,482,0.37464820443543845,0.3336992007204772,0.0,True,True,True,Decision curve computed from existing probability score; no policy selection on test.,False,0.06-0.80,0.5154176005239834
heloc,validation,HELOC specificity candidate threshold,scorecard_uncalibrated,0.29,920,466,0.36963625725987126,0.32431468242076567,0.0,True,True,True,Decision curve computed from existing probability score; no policy selection on test.,False,0.06-0.80,0.5154176005239834
heloc,validation,HELOC specificity candidate threshold,scorecard_uncalibrated,0.3,917,452,0.36640613692285423,0.3146620350267766,0.0,True,True,True,Decision curve computed from existing probability score; no policy selection on test.,False,0.06-0.80,0.5154176005239834
heloc,validation,HELOC specificity candidate threshold,scorecard_uncalibrated,0.31,910,442,0.36039528361452505,0.30472960075180233,0.0,True,True,False,Decision curve computed from existing probability score; no policy selection on test.,False,0.06-0.80,0.5154176005239834
heloc,validation,HELOC specificity candidate threshold,scorecard_uncalibrated,0.32,901,431,0.3536861553131891,0.2945050360569759,0.0,True,True,False,Decision curve computed from existing probability score; no policy selection on test.,False,0.06-0.80,0.5154176005239834
heloc,validation,HELOC specificity candidate threshold,scorecard_uncalibrated,0.33,888,414,0.34654992514630495,0.28397526047573673,0.0,True,True,False,Decision curve computed from existing probability score; no policy selection on test.,False,0.06-0.80,0.5154176005239834
heloc,validation,HELOC specificity candidate threshold,scorecard_uncalibrated,0.34,883,400,0.34292775782137486,0.27312640078597517,0.0,True,True,False,Decision curve computed from existing probability score; no policy selection on test.,False,0.06-0.80,0.5154176005239834
heloc,validation,HELOC specificity candidate threshold,scorecard_uncalibrated,0.35,874,388,0.336918400748188,0.26194373002883636,0.0,True,True,False,Decision curve computed from existing probability score; no policy selection on test.,False,0.06-0.80,0.5154176005239834
heloc,validation,HELOC specificity candidate threshold,scorecard_uncalibrated,0.36,863,376,0.33004052684903745,0.2504116008105369,0.0,True,True,False,Decision curve computed from existing probability score; no policy selection on test.,False,0.06-0.80,0.5154176005239834
heloc,validation,HELOC specificity candidate threshold,scorecard_uncalibrated,0.37,856,366,0.3247455010372944,0.238513372251974,0.0,True,True,False,Decision curve computed from existing probability score; no policy selection on test.,False,0.06-0.80,0.5154176005239834
heloc,validation,HELOC specificity candidate threshold,scorecard_uncalibrated,0.38,846,362,0.31617478837794555,0.22623132986894134,0.0,True,True,False,Decision curve computed from existing probability score; no policy selection on test.,False,0.06-0.80,0.5154176005239834
heloc,validation,HELOC specificity candidate threshold,scorecard_uncalibrated,0.39,840,355,0.3105535901141063,0.21354659757171085,0.0,True,True,False,Decision curve computed from existing probability score; no policy selection on test.,False,0.06-0.80,0.5154176005239834
heloc,validation,HELOC specificity candidate threshold,scorecard_uncalibrated,0.4,837,346,0.3071597433299561,0.2004390408645727,0.0,True,True,False,Decision curve computed from existing probability score; no policy selection on test.,False,0.06-0.80,0.5154176005239834
heloc,validation,HELOC specificity candidate threshold,scorecard_uncalibrated,0.41,833,334,0.3044064362131438,0.1868871602012605,0.0,True,True,False,Decision curve computed from existing probability score; no policy selection on test.,False,0.06-0.80,0.5154176005239834
heloc,validation,HELOC specificity candidate threshold,scorecard_uncalibrated,0.42,823,329,0.2962303043007372,0.1728679733081787,0.0,True,True,False,Decision curve computed from existing probability score; no policy selection on test.,False,0.06-0.80,0.5154176005239834
heloc,validation,HELOC specificity candidate threshold,scorecard_uncalibrated,0.43,816,320,0.29108231571837395,0.15835688512060292,0.0,True,True,False,Decision curve computed from existing probability score; no policy selection on test.,False,0.06-0.80,0.5154176005239834
heloc,validation,HELOC specificity candidate threshold,scorecard_uncalibrated,0.44,805,305,0.28640179476045735,0.1433275437834708,0.0,True,True,False,Decision curve computed from existing probability score; no policy selection on test.,False,0.06-0.80,0.5154176005239834
heloc,validation,HELOC specificity candidate threshold,scorecard_uncalibrated,0.45,794,298,0.27871419360781063,0.1277516809431703,0.0,True,True,False,Decision curve computed from existing probability score; no policy selection on test.,False,0.06-0.80,0.5154176005239834
heloc,validation,HELOC specificity candidate threshold,scorecard_uncalibrated,0.46,787,284,0.27612668392810236,0.11159893429396966,0.0,True,True,False,Decision curve computed from existing probability score; no policy selection on test.,False,0.06-0.80,0.5154176005239834
heloc,validation,HELOC specificity candidate threshold,scorecard_uncalibrated,0.47,777,273,0.2709755118426335,0.0948366500353654,0.0,True,True,False,Decision curve computed from existing probability score; no policy selection on test.,False,0.06-0.80,0.5154176005239834
heloc,validation,HELOC specificity candidate threshold,scorecard_uncalibrated,0.48,767,268,0.2632296781232952,0.0774296625360455,0.0,True,True,False,Decision curve computed from existing probability score; no policy selection on test.,False,0.06-0.80,0.5154176005239834
heloc,validation,HELOC specificity candidate threshold,scorecard_uncalibrated,0.49,759,261,0.2574646880028607,0.05934004807596793,0.0,True,True,False,Decision curve computed from existing probability score; no policy selection on test.,False,0.06-0.80,0.5154176005239834
heloc,validation,HELOC specificity candidate threshold,scorecard_uncalibrated,0.5,753,255,0.25227963525835867,0.04052684903748727,0.0,True,True,False,Decision curve computed from existing probability score; no policy selection on test.,False,0.06-0.80,0.5154176005239834
heloc,validation,HELOC specificity candidate threshold,scorecard_uncalibrated,0.51,745,250,0.24559063747079374,0.020945764323966554,0.0,True,True,False,Decision curve computed from existing probability score; no policy selection on test.,False,0.06-0.80,0.5154176005239834
heloc,validation,HELOC specificity candidate threshold,scorecard_uncalibrated,0.52,737,243,0.2399949341438703,0.0005488010807158661,0.0,True,True,False,Decision curve computed from existing probability score; no policy selection on test.,False,0.06-0.80,0.5154176005239834
heloc,validation,HELOC specificity candidate threshold,scorecard_uncalibrated,0.53,729,232,0.236769492767682,-0.02071611804522644,0.0,True,True,False,Decision curve computed from existing probability score; no policy selection on test.,False,0.06-0.80,0.5154176005239834
heloc,validation,HELOC specificity candidate threshold,scorecard_uncalibrated,0.54,717,224,0.23001189374917405,-0.0429055988722965,0.0,True,True,False,Decision curve computed from existing probability score; no policy selection on test.,False,0.06-0.80,0.5154176005239834
heloc,validation,HELOC specificity candidate threshold,scorecard_uncalibrated,0.55,704,216,0.22289766970618027,-0.06608127884723647,0.0,True,True,False,Decision curve computed from existing probability score; no policy selection on test.,False,0.06-0.80,0.5154176005239834
heloc,validation,HELOC specificity candidate threshold,scorecard_uncalibrated,0.56,693,209,0.21631205673758863,-0.09031039882103731,0.0,True,True,False,Decision curve computed from existing probability score; no policy selection on test.,False,0.06-0.80,0.5154176005239834
heloc,validation,HELOC specificity candidate threshold,scorecard_uncalibrated,0.57,684,204,0.20951438467519617,-0.11566645460757274,0.0,True,True,False,Decision curve computed from existing probability score; no policy selection on test.,False,0.06-0.80,0.5154176005239834
heloc,validation,HELOC specificity candidate threshold,scorecard_uncalibrated,0.58,671,196,0.20280310705842625,-0.14222994162203884,0.0,True,True,False,Decision curve computed from existing probability score; no policy selection on test.,False,0.06-0.80,0.5154176005239834
heloc,validation,HELOC specificity candidate threshold,scorecard_uncalibrated,0.59,661,190,0.1963451701386315,-0.17008920849086906,0.0,True,True,False,Decision curve computed from existing probability score; no policy selection on test.,False,0.06-0.80,0.5154176005239834
heloc,validation,HELOC specificity candidate threshold,scorecard_uncalibrated,0.6,647,179,0.191742654508612,-0.1993414387031408,0.0,True,True,False,Decision curve computed from existing probability score; no policy selection on test.,False,0.06-0.80,0.5154176005239834
heloc,validation,HELOC specificity candidate threshold,scorecard_uncalibrated,0.61,635,173,0.18460499311563144,-0.23009378328527275,0.0,True,True,False,Decision curve computed from existing probability score; no policy selection on test.,False,0.06-0.80,0.5154176005239834
heloc,validation,HELOC specificity candidate threshold,scorecard_uncalibrated,0.62,624,164,0.18055777742227908,-0.26246467231909565,0.0,True,True,False,Decision curve computed from existing probability score; no policy selection on test.,False,0.06-0.80,0.5154176005239834
heloc,validation,HELOC specificity candidate threshold,scorecard_uncalibrated,0.63,609,148,0.18085106382978725,-0.2965853391385307,0.0,True,True,False,Decision curve computed from existing probability score; no policy selection on test.,False,0.06-0.80,0.5154176005239834
heloc,validation,HELOC specificity candidate threshold,scorecard_uncalibrated,0.64,592,139,0.17471574918383428,-0.3326015985590455,0.0,True,True,False,Decision curve computed from existing probability score; no policy selection on test.,False,0.06-0.80,0.5154176005239834
heloc,validation,HELOC specificity candidate threshold,scorecard_uncalibrated,0.65,577,132,0.16811405413229122,-0.37067592994644694,0.0,True,True,False,Decision curve computed from existing probability score; no policy selection on test.,False,0.06-0.80,0.5154176005239834
heloc,validation,HELOC specificity candidate threshold,scorecard_uncalibrated,0.66,568,123,0.1667858632814828,-0.41098992788604827,0.0,True,True,False,Decision curve computed from existing probability score; no policy selection on test.,False,0.06-0.80,0.5154176005239834
heloc,validation,HELOC specificity candidate threshold,scorecard_uncalibrated,0.67,549,115,0.1598354364311811,-0.4537471984280498,0.0,True,True,False,Decision curve computed from existing probability score; no policy selection on test.,False,0.06-0.80,0.5154176005239834
heloc,validation,HELOC specificity candidate threshold,scorecard_uncalibrated,0.68,536,110,0.15311550151975684,-0.49917679837892637,0.0,True,True,False,Decision curve computed from existing probability score; no policy selection on test.,False,0.06-0.80,0.5154176005239834
heloc,validation,HELOC specificity candidate threshold,scorecard_uncalibrated,0.69,514,103,0.14424616792496003,-0.5475373402621171,0.0,True,True,False,Decision curve computed from existing probability score; no policy selection on test.,False,0.06-0.80,0.5154176005239834
heloc,validation,HELOC specificity candidate threshold,scorecard_uncalibrated,0.7,502,101,0.13492063492063494,-0.5991219182708545,0.0,True,True,False,Decision curve computed from existing probability score; no policy selection on test.,False,0.06-0.80,0.5154176005239834
heloc,validation,HELOC specificity candidate threshold,scorecard_uncalibrated,0.71,483,97,0.12437550221849562,-0.6542640533836426,0.0,True,True,False,Decision curve computed from existing probability score; no policy selection on test.,False,0.06-0.80,0.5154176005239834
heloc,validation,HELOC specificity candidate threshold,scorecard_uncalibrated,0.72,469,86,0.12556086264292954,-0.7133449124330584,0.0,True,True,False,Decision curve computed from existing probability score; no policy selection on test.,False,0.06-0.80,0.5154176005239834
heloc,validation,HELOC specificity candidate threshold,scorecard_uncalibrated,0.73,453,83,0.11580171863859808,-0.7768021314120603,0.0,True,True,False,Decision curve computed from existing probability score; no policy selection on test.,False,0.06-0.80,0.5154176005239834
heloc,validation,HELOC specificity candidate threshold,scorecard_uncalibrated,0.74,429,75,0.10918868365676877,-0.8451406749279089,0.0,True,True,False,Decision curve computed from existing probability score; no policy selection on test.,False,0.06-0.80,0.5154176005239834
heloc,validation,HELOC specificity candidate threshold,scorecard_uncalibrated,0.75,412,73,0.09777102330293819,-0.9189463019250255,0.0,True,True,False,Decision curve computed from existing probability score; no policy selection on test.,False,0.06-0.80,0.5154176005239834
heloc,validation,HELOC specificity candidate threshold,scorecard_uncalibrated,0.76,391,69,0.08738601823708207,-0.9989023978385683,0.0,True,True,False,Decision curve computed from existing probability score; no policy selection on test.,False,0.06-0.80,0.5154176005239834
heloc,validation,HELOC specificity candidate threshold,scorecard_uncalibrated,0.77,371,64,0.07940178846746837,-1.085811197744593,0.0,True,True,False,Decision curve computed from existing probability score; no policy selection on test.,False,0.06-0.80,0.5154176005239834
heloc,validation,HELOC specificity candidate threshold,scorecard_uncalibrated,0.78,346,61,0.0657179699732891,-1.1806207976420746,0.0,True,True,False,Decision curve computed from existing probability score; no policy selection on test.,False,0.06-0.80,0.5154176005239834
heloc,validation,HELOC specificity candidate threshold,scorecard_uncalibrated,0.79,321,53,0.06161045978675157,-1.2844598832440783,0.0,True,True,False,Decision curve computed from existing probability score; no policy selection on test.,False,0.06-0.80,0.5154176005239834
heloc,validation,HELOC specificity candidate threshold,scorecard_uncalibrated,0.8,299,50,0.05015197568389054,-1.3986828774062823,0.0,True,True,False,Decision curve computed from existing probability score; no policy selection on test.,False,0.06-0.80,0.5154176005239834
heloc,locked_test,HELOC specificity candidate threshold,scorecard_uncalibrated,0.01,1028,947,0.5156629587009334,0.5156629587009334,0.0,False,True,True,Decision curve computed from existing probability score; no policy selection on test.,False,0.06-0.80,0.5156629587009334
heloc,locked_test,HELOC specificity candidate threshold,scorecard_uncalibrated,0.02,1028,947,0.5107207439938001,0.5107207439938001,0.0,False,True,True,Decision curve computed from existing probability score; no policy selection on test.,False,0.06-0.80,0.5156629587009334
heloc,locked_test,HELOC specificity candidate threshold,scorecard_uncalibrated,0.03,1028,947,0.505676627952499,0.505676627952499,0.0,False,True,False,Decision curve computed from existing probability score; no policy selection on test.,False,0.06-0.80,0.5156629587009334
heloc,locked_test,HELOC specificity candidate threshold,scorecard_uncalibrated,0.04,1028,947,0.5005274261603375,0.5005274261603375,0.0,False,True,False,Decision curve computed from existing probability score; no policy selection on test.,False,0.06-0.80,0.5156629587009334
heloc,locked_test,HELOC specificity candidate threshold,scorecard_uncalibrated,0.05,1028,947,0.49526982011992005,0.49526982011992005,0.0,False,True,False,Decision curve computed from existing probability score; no policy selection on test.,False,0.06-0.80,0.5156629587009334
heloc,locked_test,HELOC specificity candidate threshold,scorecard_uncalibrated,0.06,1028,945,0.48996498788042014,0.48990035012119576,0.0,True,True,False,Decision curve computed from existing probability score; no policy selection on test.,False,0.06-0.80,0.5156629587009334
heloc,locked_test,HELOC specificity candidate threshold,scorecard_uncalibrated,0.07,1028,935,0.48487273717163465,0.4844154076493807,0.0,True,True,False,Decision curve computed from existing probability score; no policy selection on test.,False,0.06-0.80,0.5156629587009334
heloc,locked_test,HELOC specificity candidate threshold,scorecard_uncalibrated,0.08,1025,922,0.47839295542102367,0.4788112272977435,0.0,False,True,False,Decision curve computed from existing probability score; no policy selection on test.,False,0.06-0.80,0.5156629587009334
heloc,locked_test,HELOC specificity candidate threshold,scorecard_uncalibrated,0.09,1023,906,0.47260536931423003,0.47308387814716923,0.0,False,True,False,Decision curve computed from existing probability score; no policy selection on test.,False,0.06-0.80,0.5156629587009334
heloc,locked_test,HELOC specificity candidate threshold,scorecard_uncalibrated,0.1,1021,890,0.4668917018284107,0.4672292545710267,0.0,False,True,False,Decision curve computed from existing probability score; no policy selection on test.,False,0.06-0.80,0.5156629587009334
heloc,locked_test,HELOC specificity candidate threshold,scorecard_uncalibrated,0.11,1017,869,0.4605546863888494,0.46124306642013935,0.0,False,True,False,Decision curve computed from existing probability score; no policy selection on test.,False,0.06-0.80,0.5156629587009334
heloc,locked_test,HELOC specificity candidate threshold,scorecard_uncalibrated,0.12,1015,847,0.4554430379746835,0.45512082853855,0.0,True,True,False,Decision curve computed from existing probability score; no policy selection on test.,False,0.06-0.80,0.5156629587009334
heloc,locked_test,HELOC specificity candidate threshold,scorecard_uncalibrated,0.13,1014,821,0.4513021970027644,0.44885784955623453,0.0,True,True,True,Decision curve computed from existing probability score; no policy selection on test.,False,0.06-0.80,0.5156629587009334
heloc,locked_test,HELOC specificity candidate threshold,scorecard_uncalibrated,0.14,1008,801,0.4443567853988814,0.44244921989991165,0.0,True,True,False,Decision curve computed from existing probability score; no policy selection on test.,False,0.06-0.80,0.5156629587009334
heloc,locked_test,HELOC specificity candidate threshold,scorecard_uncalibrated,0.15,1002,766,0.438897989575577,0.43588979895755764,0.0,True,True,False,Decision curve computed from existing probability score; no policy selection on test.,False,0.06-0.80,0.5156629587009334
heloc,locked_test,HELOC specificity candidate threshold,scorecard_uncalibrated,0.16,997,744,0.4330560578661845,0.4291742013261,0.0,True,True,False,Decision curve computed from existing probability score; no policy selection on test.,False,0.06-0.80,0.5156629587009334
heloc,locked_test,HELOC specificity candidate threshold,scorecard_uncalibrated,0.17,993,720,0.42811651669971024,0.4222967820649687,0.0,True,True,False,Decision curve computed from existing probability score; no policy selection on test.,False,0.06-0.80,0.5156629587009334
heloc,locked_test,HELOC specificity candidate threshold,scorecard_uncalibrated,0.18,988,697,0.42278481012658226,0.41525162087063905,0.0,True,True,False,Decision curve computed from existing probability score; no policy selection on test.,False,0.06-0.80,0.5156629587009334
heloc,locked_test,HELOC specificity candidate threshold,scorecard_uncalibrated,0.19,980,670,0.4166275980621972,0.40803250507891853,0.0,True,True,False,Decision curve computed from existing probability score; no policy selection on test.,False,0.06-0.80,0.5156629587009334
heloc,locked_test,HELOC specificity candidate threshold,scorecard_uncalibrated,0.2,975,652,0.4111392405063291,0.40063291139240503,0.0,True,True,False,Decision curve computed from existing probability score; no policy selection on test.,False,0.06-0.80,0.5156629587009334
heloc,locked_test,HELOC specificity candidate threshold,scorecard_uncalibrated,0.21,971,628,0.4071206537413876,0.393045986220157,0.0,True,True,False,Decision curve computed from existing probability score; no policy selection on test.,False,0.06-0.80,0.5156629587009334
heloc,locked_test,HELOC specificity candidate threshold,scorecard_uncalibrated,0.22,967,605,0.40321973385264526,0.3852645245050308,0.0,True,True,True,Decision curve computed from existing probability score; no policy selection on test.,False,0.06-0.80,0.5156629587009334
heloc,locked_test,HELOC specificity candidate threshold,scorecard_uncalibrated,0.23,959,587,0.39679105704422163,0.37728094690120006,0.0,True,True,False,Decision curve computed from existing probability score; no policy selection on test.,False,0.06-0.80,0.5156629587009334
heloc,locked_test,HELOC specificity candidate threshold,scorecard_uncalibrated,0.24,954,565,0.3926982011992005,0.36908727514990003,0.0,True,True,True,Decision curve computed from existing probability score; no policy selection on test.,False,0.06-0.80,0.5156629587009334
heloc,locked_test,HELOC specificity candidate threshold,scorecard_uncalibrated,0.25,949,552,0.38734177215189874,0.3606751054852321,0.0,True,True,True,Decision curve computed from existing probability score; no policy selection on test.,False,0.06-0.80,0.5156629587009334
heloc,locked_test,HELOC specificity candidate threshold,scorecard_uncalibrated,0.26,943,536,0.3821142661648991,0.3520355798836811,0.0,True,True,True,Decision curve computed from existing probability score; no policy selection on test.,False,0.06-0.80,0.5156629587009334
heloc,locked_test,HELOC specificity candidate threshold,scorecard_uncalibrated,0.27,936,527,0.37523148950927687,0.3431593549505808,0.0,True,True,True,Decision curve computed from existing probability score; no policy selection on test.,False,0.06-0.80,0.5156629587009334
heloc,locked_test,HELOC specificity candidate threshold,scorecard_uncalibrated,0.28,929,507,0.370548523206751,0.33403656821378336,0.0,True,True,True,Decision curve computed from existing probability score; no policy selection on test.,False,0.06-0.80,0.5156629587009334
heloc,locked_test,HELOC specificity candidate threshold,scorecard_uncalibrated,0.29,922,495,0.36446425387769654,0.3246568015689071,0.0,True,True,False,Decision curve computed from existing probability score; no policy selection on test.,False,0.06-0.80,0.5156629587009334
heloc,locked_test,HELOC specificity candidate threshold,scorecard_uncalibrated,0.3,915,479,0.3593490054249548,0.31500904159132004,0.0,True,True,False,Decision curve computed from existing probability score; no policy selection on test.,False,0.06-0.80,0.5156629587009334
heloc,locked_test,HELOC specificity candidate threshold,scorecard_uncalibrated,0.31,910,466,0.3547532562832508,0.3050816363969913,0.0,True,True,True,Decision curve computed from existing probability score; no policy selection on test.,False,0.06-0.80,0.5156629587009334
heloc,locked_test,HELOC specificity candidate threshold,scorecard_uncalibrated,0.32,906,449,0.3517498138495905,0.2948622486969471,0.0,True,True,True,Decision curve computed from existing probability score; no policy selection on test.,False,0.06-0.80,0.5156629587009334
heloc,locked_test,HELOC specificity candidate threshold,scorecard_uncalibrated,0.33,902,442,0.34648025694313245,0.2843378046476478,0.0,True,True,True,Decision curve computed from existing probability score; no policy selection on test.,False,0.06-0.80,0.5156629587009334
heloc,locked_test,HELOC specificity candidate threshold,scorecard_uncalibrated,0.34,899,426,0.3440736478711162,0.2734944380514,0.0,True,True,True,Decision curve computed from existing probability score; no policy selection on test.,False,0.06-0.80,0.5156629587009334
heloc,locked_test,HELOC specificity candidate threshold,scorecard_uncalibrated,0.35,887,417,0.33542356377799415,0.262317429406037,0.0,True,True,True,Decision curve computed from existing probability score; no policy selection on test.,False,0.06-0.80,0.5156629587009334
heloc,locked_test,HELOC specificity candidate threshold,scorecard_uncalibrated,0.36,882,405,0.3312341772151899,0.2507911392405063,0.0,True,True,True,Decision curve computed from existing probability score; no policy selection on test.,False,0.06-0.80,0.5156629587009334
heloc,locked_test,HELOC specificity candidate threshold,scorecard_uncalibrated,0.37,864,401,0.31822382961623463,0.2388989351014667,0.0,True,True,False,Decision curve computed from existing probability score; no policy selection on test.,False,0.06-0.80,0.5156629587009334
heloc,locked_test,HELOC specificity candidate threshold,scorecard_uncalibrated,0.38,855,393,0.3109514087382605,0.226623111474071,0.0,True,True,False,Decision curve computed from existing probability score; no policy selection on test.,False,0.06-0.80,0.5156629587009334
heloc,locked_test,HELOC specificity candidate threshold,scorecard_uncalibrated,0.39,852,384,0.30708445735629797,0.21394480182610492,0.0,True,True,False,Decision curve computed from existing probability score; no policy selection on test.,False,0.06-0.80,0.5156629587009334
heloc,locked_test,HELOC specificity candidate threshold,scorecard_uncalibrated,0.4,847,379,0.300928270042194,0.20084388185654,0.0,True,True,False,Decision curve computed from existing probability score; no policy selection on test.,False,0.06-0.80,0.5156629587009334
heloc,locked_test,HELOC specificity candidate threshold,scorecard_uncalibrated,0.41,842,375,0.2943831795751985,0.18729886290495606,0.0,True,True,False,Decision curve computed from existing probability score; no policy selection on test.,False,0.06-0.80,0.5156629587009334
heloc,locked_test,HELOC specificity candidate threshold,scorecard_uncalibrated,0.42,831,358,0.28949803579223043,0.1732867743343518,0.0,True,True,False,Decision curve computed from existing probability score; no policy selection on test.,False,0.06-0.80,0.5156629587009334
heloc,locked_test,HELOC specificity candidate threshold,scorecard_uncalibrated,0.43,823,343,0.28569398178991784,0.1587830335332001,0.0,True,True,False,Decision curve computed from existing probability score; no policy selection on test.,False,0.06-0.80,0.5156629587009334
heloc,locked_test,HELOC specificity candidate threshold,scorecard_uncalibrated,0.44,818,330,0.2828933092224232,0.14376130198915005,0.0,True,True,False,Decision curve computed from existing probability score; no policy selection on test.,False,0.06-0.80,0.5156629587009334
heloc,locked_test,HELOC specificity candidate threshold,scorecard_uncalibrated,0.45,816,320,0.2805983889528193,0.12819332566168007,0.0,True,True,False,Decision curve computed from existing probability score; no policy selection on test.,False,0.06-0.80,0.5156629587009334
heloc,locked_test,HELOC specificity candidate threshold,scorecard_uncalibrated,0.46,804,307,0.2746741678387248,0.11204875761837785,0.0,True,True,False,Decision curve computed from existing probability score; no policy selection on test.,False,0.06-0.80,0.5156629587009334
heloc,locked_test,HELOC specificity candidate threshold,scorecard_uncalibrated,0.47,797,293,0.2719847145927872,0.09529496059230952,0.0,True,True,False,Decision curve computed from existing probability score; no policy selection on test.,False,0.06-0.80,0.5156629587009334
heloc,locked_test,HELOC specificity candidate threshold,scorecard_uncalibrated,0.48,788,288,0.264381694255112,0.07789678675754624,0.0,True,True,False,Decision curve computed from existing probability score; no policy selection on test.,False,0.06-0.80,0.5156629587009334
heloc,locked_test,HELOC specificity candidate threshold,scorecard_uncalibrated,0.49,774,277,0.2571456937205262,0.05981633159592953,0.0,True,True,False,Decision curve computed from existing probability score; no policy selection on test.,False,0.06-0.80,0.5156629587009334
heloc,locked_test,HELOC specificity candidate threshold,scorecard_uncalibrated,0.5,764,273,0.24860759493670886,0.04101265822784805,0.0,True,True,False,Decision curve computed from existing probability score; no policy selection on test.,False,0.06-0.80,0.5156629587009334
heloc,locked_test,HELOC specificity candidate threshold,scorecard_uncalibrated,0.51,753,263,0.24266597778351848,0.02144148798760004,0.0,True,True,False,Decision curve computed from existing probability score; no policy selection on test.,False,0.06-0.80,0.5156629587009334
heloc,locked_test,HELOC specificity candidate threshold,scorecard_uncalibrated,0.52,746,255,0.2378481012658228,0.001054852320675037,0.0,True,True,False,Decision curve computed from existing probability score; no policy selection on test.,False,0.06-0.80,0.5156629587009334
heloc,locked_test,HELOC specificity candidate threshold,scorecard_uncalibrated,0.53,741,246,0.2347320226232157,-0.02019929975760859,0.0,True,True,False,Decision curve computed from existing probability score; no policy selection on test.,False,0.06-0.80,0.5156629587009334
heloc,locked_test,HELOC specificity candidate threshold,scorecard_uncalibrated,0.54,730,238,0.22815630159603745,-0.042377545404512995,0.0,True,True,False,Decision curve computed from existing probability score; no policy selection on test.,False,0.06-0.80,0.5156629587009334
heloc,locked_test,HELOC specificity candidate threshold,scorecard_uncalibrated,0.55,720,226,0.22469760900140645,-0.0655414908579468,0.0,True,True,False,Decision curve computed from existing probability score; no policy selection on test.,False,0.06-0.80,0.5156629587009334
heloc,locked_test,HELOC specificity candidate threshold,scorecard_uncalibrated,0.56,709,214,0.22108170310701955,-0.08975834292290008,0.0,True,True,True,Decision curve computed from existing probability score; no policy selection on test.,False,0.06-0.80,0.5156629587009334
heloc,locked_test,HELOC specificity candidate threshold,scorecard_uncalibrated,0.57,697,204,0.21599057992346193,-0.11510156020017648,0.0,True,True,True,Decision curve computed from existing probability score; no policy selection on test.,False,0.06-0.80,0.5156629587009334
heloc,locked_test,HELOC specificity candidate threshold,scorecard_uncalibrated,0.58,678,189,0.21113924050632912,-0.14165159734779986,0.0,True,True,True,Decision curve computed from existing probability score; no policy selection on test.,False,0.06-0.80,0.5156629587009334
heloc,locked_test,HELOC specificity candidate threshold,scorecard_uncalibrated,0.59,659,181,0.20179067613460946,-0.1694967582587218,0.0,True,True,False,Decision curve computed from existing probability score; no policy selection on test.,False,0.06-0.80,0.5156629587009334
heloc,locked_test,HELOC specificity candidate threshold,scorecard_uncalibrated,0.6,645,171,0.1967088607594937,-0.19873417721518982,0.0,True,True,False,Decision curve computed from existing probability score; no policy selection on test.,False,0.06-0.80,0.5156629587009334
heloc,locked_test,HELOC specificity candidate threshold,scorecard_uncalibrated,0.61,635,165,0.19084712755598832,-0.22947095098993842,0.0,True,True,True,Decision curve computed from existing probability score; no policy selection on test.,False,0.06-0.80,0.5156629587009334
heloc,locked_test,HELOC specificity candidate threshold,scorecard_uncalibrated,0.62,625,159,0.1851032644903398,-0.26182544970019994,0.0,True,True,True,Decision curve computed from existing probability score; no policy selection on test.,False,0.06-0.80,0.5156629587009334
heloc,locked_test,HELOC specificity candidate threshold,scorecard_uncalibrated,0.63,608,151,0.1776667807047554,-0.29592884023263777,0.0,True,True,False,Decision curve computed from existing probability score; no policy selection on test.,False,0.06-0.80,0.5156629587009334
heloc,locked_test,HELOC specificity candidate threshold,scorecard_uncalibrated,0.64,591,141,0.1723206751054852,-0.3319268635724333,0.0,True,True,False,Decision curve computed from existing probability score; no policy selection on test.,False,0.06-0.80,0.5156629587009334
heloc,locked_test,HELOC specificity candidate threshold,scorecard_uncalibrated,0.65,572,136,0.16173598553345386,-0.36998191681736003,0.0,True,True,False,Decision curve computed from existing probability score; no policy selection on test.,False,0.06-0.80,0.5156629587009334
heloc,locked_test,HELOC specificity candidate threshold,scorecard_uncalibrated,0.66,563,130,0.15728965003723006,-0.4102755026061059,0.0,True,True,False,Decision curve computed from existing probability score; no policy selection on test.,False,0.06-0.80,0.5156629587009334
heloc,locked_test,HELOC specificity candidate threshold,scorecard_uncalibrated,0.67,546,119,0.15412351361718446,-0.4530111238972001,0.0,True,True,True,Decision curve computed from existing probability score; no policy selection on test.,False,0.06-0.80,0.5156629587009334
heloc,locked_test,HELOC specificity candidate threshold,scorecard_uncalibrated,0.68,524,111,0.1458860759493671,-0.49841772151898756,0.0,True,True,True,Decision curve computed from existing probability score; no policy selection on test.,False,0.06-0.80,0.5156629587009334
heloc,locked_test,HELOC specificity candidate threshold,scorecard_uncalibrated,0.69,511,106,0.13927317272356066,-0.5467537770518576,0.0,True,True,True,Decision curve computed from existing probability score; no policy selection on test.,False,0.06-0.80,0.5156629587009334
heloc,locked_test,HELOC specificity candidate threshold,scorecard_uncalibrated,0.7,495,102,0.13012658227848103,-0.5983122362869198,0.0,True,True,False,Decision curve computed from existing probability score; no policy selection on test.,False,0.06-0.80,0.5156629587009334
heloc,locked_test,HELOC specificity candidate threshold,scorecard_uncalibrated,0.71,480,92,0.12899170667830642,-0.6534264513312964,0.0,True,True,False,Decision curve computed from existing probability score; no policy selection on test.,False,0.06-0.80,0.5156629587009334
heloc,locked_test,HELOC specificity candidate threshold,scorecard_uncalibrated,0.72,465,84,0.1260759493670886,-0.7124773960216997,0.0,True,True,True,Decision curve computed from existing probability score; no policy selection on test.,False,0.06-0.80,0.5156629587009334
heloc,locked_test,HELOC specificity candidate threshold,scorecard_uncalibrated,0.73,451,77,0.12294421003281765,-0.7759024847632441,0.0,True,True,True,Decision curve computed from existing probability score; no policy selection on test.,False,0.06-0.80,0.5156629587009334
heloc,locked_test,HELOC specificity candidate threshold,scorecard_uncalibrated,0.74,427,69,0.11676728334956185,-0.8442064264849074,0.0,True,True,False,Decision curve computed from existing probability score; no policy selection on test.,False,0.06-0.80,0.5156629587009334
heloc,locked_test,HELOC specificity candidate threshold,scorecard_uncalibrated,0.75,403,64,0.10683544303797468,-0.9179746835443039,0.0,True,True,False,Decision curve computed from existing probability score; no policy selection on test.,False,0.06-0.80,0.5156629587009334
heloc,locked_test,HELOC specificity candidate threshold,scorecard_uncalibrated,0.76,378,59,0.09679324894514767,-0.9978902953586499,0.0,True,True,False,Decision curve computed from existing probability score; no policy selection on test.,False,0.06-0.80,0.5156629587009334
heloc,locked_test,HELOC specificity candidate threshold,scorecard_uncalibrated,0.77,364,52,0.09615850302696752,-1.084755090809026,0.0,True,True,True,Decision curve computed from existing probability score; no policy selection on test.,False,0.06-0.80,0.5156629587009334
heloc,locked_test,HELOC specificity candidate threshold,scorecard_uncalibrated,0.78,337,50,0.08087456846950515,-1.1795166858458002,0.0,True,True,False,Decision curve computed from existing probability score; no policy selection on test.,False,0.06-0.80,0.5156629587009334
heloc,locked_test,HELOC specificity candidate threshold,scorecard_uncalibrated,0.79,317,45,0.07479204339963831,-1.2833031946956002,0.0,True,True,False,Decision curve computed from existing probability score; no policy selection on test.,False,0.06-0.80,0.5156629587009334
heloc,locked_test,HELOC specificity candidate threshold,scorecard_uncalibrated,0.8,290,42,0.06177215189873417,-1.3974683544303803,0.0,True,True,False,Decision curve computed from existing probability score; no policy selection on test.,False,0.06-0.80,0.5156629587009334
heloc,validation,HELOC capacity SCRE top20,SCRE-Optimized ranking,0.01,1027,947,0.5154176005239834,0.5154176005239834,0.0,False,True,True,Decision curve computed from existing probability score; no policy selection on test.,False,0.07-0.80,0.5154176005239834
heloc,validation,HELOC capacity SCRE top20,SCRE-Optimized ranking,0.02,1027,947,0.5104728821619833,0.5104728821619833,0.0,False,True,True,Decision curve computed from existing probability score; no policy selection on test.,False,0.07-0.80,0.5154176005239834
heloc,validation,HELOC capacity SCRE top20,SCRE-Optimized ranking,0.03,1027,947,0.5054262108440656,0.5054262108440656,0.0,False,True,False,Decision curve computed from existing probability score; no policy selection on test.,False,0.07-0.80,0.5154176005239834
heloc,validation,HELOC capacity SCRE top20,SCRE-Optimized ranking,0.04,1027,947,0.500274400540358,0.500274400540358,0.0,False,True,False,Decision curve computed from existing probability score; no policy selection on test.,False,0.07-0.80,0.5154176005239834
heloc,validation,HELOC capacity SCRE top20,SCRE-Optimized ranking,0.05,1027,947,0.4950141310723617,0.4950141310723617,0.0,False,True,False,Decision curve computed from existing probability score; no policy selection on test.,False,0.07-0.80,0.5154176005239834
heloc,validation,HELOC capacity SCRE top20,SCRE-Optimized ranking,0.06,1027,947,0.48964194097738684,0.48964194097738684,0.0,False,True,False,Decision curve computed from existing probability score; no policy selection on test.,False,0.07-0.80,0.5154176005239834
heloc,validation,HELOC capacity SCRE top20,SCRE-Optimized ranking,0.07,1027,947,0.4841542199126276,0.4841542199126275,0.0,True,True,False,Decision curve computed from existing probability score; no policy selection on test.,False,0.07-0.80,0.5154176005239834
heloc,validation,HELOC capacity SCRE top20,SCRE-Optimized ranking,0.08,1027,947,0.4785472005638518,0.4785472005638518,0.0,False,True,False,Decision curve computed from existing probability score; no policy selection on test.,False,0.07-0.80,0.5154176005239834
heloc,validation,HELOC capacity SCRE top20,SCRE-Optimized ranking,0.09,1027,947,0.4728169500205974,0.4728169500205974,0.0,False,True,False,Decision curve computed from existing probability score; no policy selection on test.,False,0.07-0.80,0.5154176005239834
heloc,validation,HELOC capacity SCRE top20,SCRE-Optimized ranking,0.1,1027,947,0.4669593605763818,0.4669593605763818,0.0,False,True,False,Decision curve computed from existing probability score; no policy selection on test.,False,0.07-0.80,0.5154176005239834
heloc,validation,HELOC capacity SCRE top20,SCRE-Optimized ranking,0.11,1027,947,0.4609701399087007,0.4609701399087007,0.0,False,True,False,Decision curve computed from existing probability score; no policy selection on test.,False,0.07-0.80,0.5154176005239834
heloc,validation,HELOC capacity SCRE top20,SCRE-Optimized ranking,0.12,1027,947,0.4548448005894814,0.4548448005894814,0.0,False,True,False,Decision curve computed from existing probability score; no policy selection on test.,False,0.07-0.80,0.5154176005239834
heloc,validation,HELOC capacity SCRE top20,SCRE-Optimized ranking,0.13,1027,947,0.4485786488721191,0.4485786488721191,0.0,False,True,False,Decision curve computed from existing probability score; no policy selection on test.,False,0.07-0.80,0.5154176005239834
heloc,validation,HELOC capacity SCRE top20,SCRE-Optimized ranking,0.14,1027,947,0.4421667726962135,0.4421667726962135,0.0,False,True,False,Decision curve computed from existing probability score; no policy selection on test.,False,0.07-0.80,0.5154176005239834
heloc,validation,HELOC capacity SCRE top20,SCRE-Optimized ranking,0.15,1027,947,0.43560402884558075,0.43560402884558075,0.0,False,True,False,Decision curve computed from existing probability score; no policy selection on test.,False,0.07-0.80,0.5154176005239834
heloc,validation,HELOC capacity SCRE top20,SCRE-Optimized ranking,0.16,1027,947,0.4288850291889805,0.4288850291889805,0.0,False,True,False,Decision curve computed from existing probability score; no policy selection on test.,False,0.07-0.80,0.5154176005239834
heloc,validation,HELOC capacity SCRE top20,SCRE-Optimized ranking,0.17,1027,947,0.4220041259261972,0.4220041259261971,0.0,True,True,False,Decision curve computed from existing probability score; no policy selection on test.,False,0.07-0.80,0.5154176005239834
heloc,validation,HELOC capacity SCRE top20,SCRE-Optimized ranking,0.18,1027,947,0.4149553957545654,0.4149553957545654,0.0,False,True,False,Decision curve computed from existing probability score; no policy selection on test.,False,0.07-0.80,0.5154176005239834
heloc,validation,HELOC capacity SCRE top20,SCRE-Optimized ranking,0.19,1027,947,0.4077326228626465,0.40773262286264644,0.0,True,True,False,Decision curve computed from existing probability score; no policy selection on test.,False,0.07-0.80,0.5154176005239834
heloc,validation,HELOC capacity SCRE top20,SCRE-Optimized ranking,0.2,1027,947,0.40032928064842954,0.40032928064842954,0.0,False,True,False,Decision curve computed from existing probability score; no policy selection on test.,False,0.07-0.80,0.5154176005239834
heloc,validation,HELOC capacity SCRE top20,SCRE-Optimized ranking,0.21,1027,946,0.3928731740474266,0.3927385120490426,0.0,True,True,False,Decision curve computed from existing probability score; no policy selection on test.,False,0.07-0.80,0.5154176005239834
heloc,validation,HELOC capacity SCRE top20,SCRE-Optimized ranking,0.22,1027,946,0.38509599147897017,0.3849531083573636,0.0,True,True,False,Decision curve computed from existing probability score; no policy selection on test.,False,0.07-0.80,0.5154176005239834
heloc,validation,HELOC capacity SCRE top20,SCRE-Optimized ranking,0.23,1027,943,0.3775707575099672,0.3769654863879788,0.0,True,True,False,Decision curve computed from existing probability score; no policy selection on test.,False,0.07-0.80,0.5154176005239834
heloc,validation,HELOC capacity SCRE top20,SCRE-Optimized ranking,0.24,1027,935,0.3706873566895963,0.3687676638404521,0.0,True,True,False,Decision curve computed from existing probability score; no policy selection on test.,False,0.07-0.80,0.5154176005239834
heloc,validation,HELOC capacity SCRE top20,SCRE-Optimized ranking,0.25,1027,920,0.36491050320837554,0.3603512326916582,0.0,True,True,False,Decision curve computed from existing probability score; no policy selection on test.,False,0.07-0.80,0.5154176005239834
heloc,validation,HELOC capacity SCRE top20,SCRE-Optimized ranking,0.26,1025,899,0.35923765710999755,0.35170733043073465,0.0,True,True,False,Decision curve computed from existing probability score; no policy selection on test.,False,0.07-0.80,0.5154176005239834
heloc,validation,HELOC capacity SCRE top20,SCRE-Optimized ranking,0.27,1025,874,0.35549124925400066,0.3428266089297858,0.0,True,True,False,Decision curve computed from existing probability score; no policy selection on test.,False,0.07-0.80,0.5154176005239834
heloc,validation,HELOC capacity SCRE top20,SCRE-Optimized ranking,0.28,1019,847,0.3493470674321738,0.3336992007204772,0.0,True,True,False,Decision curve computed from existing probability score; no policy selection on test.,False,0.07-0.80,0.5154176005239834
heloc,validation,HELOC capacity SCRE top20,SCRE-Optimized ranking,0.29,1015,809,0.34678995961585113,0.32431468242076567,0.0,True,True,False,Decision curve computed from existing probability score; no policy selection on test.,False,0.07-0.80,0.5154176005239834
heloc,validation,HELOC capacity SCRE top20,SCRE-Optimized ranking,0.3,1014,763,0.3480243161094225,0.3146620350267766,0.0,True,True,False,Decision curve computed from existing probability score; no policy selection on test.,False,0.07-0.80,0.5154176005239834
heloc,validation,HELOC capacity SCRE top20,SCRE-Optimized ranking,0.31,1006,736,0.3421141506247889,0.30472960075180233,0.0,True,True,False,Decision curve computed from existing probability score; no policy selection on test.,False,0.07-0.80,0.5154176005239834
heloc,validation,HELOC capacity SCRE top20,SCRE-Optimized ranking,0.32,997,708,0.33628344955003275,0.2945050360569759,0.0,True,True,False,Decision curve computed from existing probability score; no policy selection on test.,False,0.07-0.80,0.5154176005239834
heloc,validation,HELOC capacity SCRE top20,SCRE-Optimized ranking,0.33,993,678,0.333870162863494,0.28397526047573673,0.0,True,True,False,Decision curve computed from existing probability score; no policy selection on test.,False,0.07-0.80,0.5154176005239834
heloc,validation,HELOC capacity SCRE top20,SCRE-Optimized ranking,0.34,986,657,0.3280372110159344,0.27312640078597517,0.0,True,True,False,Decision curve computed from existing probability score; no policy selection on test.,False,0.07-0.80,0.5154176005239834
heloc,validation,HELOC capacity SCRE top20,SCRE-Optimized ranking,0.35,981,631,0.3248382822850908,0.26194373002883636,0.0,True,True,False,Decision curve computed from existing probability score; no policy selection on test.,False,0.07-0.80,0.5154176005239834
heloc,validation,HELOC capacity SCRE top20,SCRE-Optimized ranking,0.36,975,599,0.323233282674772,0.2504116008105369,0.0,True,True,False,Decision curve computed from existing probability score; no policy selection on test.,False,0.07-0.80,0.5154176005239834
heloc,validation,HELOC capacity SCRE top20,SCRE-Optimized ranking,0.37,969,575,0.31980830157121953,0.238513372251974,0.0,True,True,False,Decision curve computed from existing probability score; no policy selection on test.,False,0.07-0.80,0.5154176005239834
heloc,validation,HELOC capacity SCRE top20,SCRE-Optimized ranking,0.38,962,551,0.316256495734876,0.22623132986894134,0.0,True,True,False,Decision curve computed from existing probability score; no policy selection on test.,False,0.07-0.80,0.5154176005239834
heloc,validation,HELOC capacity SCRE top20,SCRE-Optimized ranking,0.39,959,531,0.3138339395751324,0.21354659757171085,0.0,True,True,False,Decision curve computed from existing probability score; no policy selection on test.,False,0.07-0.80,0.5154176005239834
heloc,validation,HELOC capacity SCRE top20,SCRE-Optimized ranking,0.4,949,512,0.3078351908139142,0.2004390408645727,0.0,True,True,False,Decision curve computed from existing probability score; no policy selection on test.,False,0.07-0.80,0.5154176005239834
heloc,validation,HELOC capacity SCRE top20,SCRE-Optimized ranking,0.41,942,493,0.30365085089210586,0.1868871602012605,0.0,True,True,False,Decision curve computed from existing probability score; no policy selection on test.,False,0.07-0.80,0.5154176005239834
heloc,validation,HELOC capacity SCRE top20,SCRE-Optimized ranking,0.42,932,475,0.29788980889494465,0.1728679733081787,0.0,True,True,False,Decision curve computed from existing probability score; no policy selection on test.,False,0.07-0.80,0.5154176005239834
heloc,validation,HELOC capacity SCRE top20,SCRE-Optimized ranking,0.43,926,454,0.2955971489006204,0.15835688512060292,0.0,True,True,True,Decision curve computed from existing probability score; no policy selection on test.,False,0.07-0.80,0.5154176005239834
heloc,validation,HELOC capacity SCRE top20,SCRE-Optimized ranking,0.44,920,433,0.2937111014618613,0.1433275437834708,0.0,True,True,True,Decision curve computed from existing probability score; no policy selection on test.,False,0.07-0.80,0.5154176005239834
heloc,validation,HELOC capacity SCRE top20,SCRE-Optimized ranking,0.45,913,420,0.28843142672929906,0.1277516809431703,0.0,True,True,True,Decision curve computed from existing probability score; no policy selection on test.,False,0.07-0.80,0.5154176005239834
heloc,validation,HELOC capacity SCRE top20,SCRE-Optimized ranking,0.46,903,405,0.2826747720364742,0.11159893429396966,0.0,True,True,True,Decision curve computed from existing probability score; no policy selection on test.,False,0.07-0.80,0.5154176005239834
heloc,validation,HELOC capacity SCRE top20,SCRE-Optimized ranking,0.47,886,391,0.2731834604576475,0.0948366500353654,0.0,True,True,False,Decision curve computed from existing probability score; no policy selection on test.,False,0.07-0.80,0.5154176005239834
heloc,validation,HELOC capacity SCRE top20,SCRE-Optimized ranking,0.48,885,380,0.27063362169745153,0.0774296625360455,0.0,True,True,True,Decision curve computed from existing probability score; no policy selection on test.,False,0.07-0.80,0.5154176005239834
heloc,validation,HELOC capacity SCRE top20,SCRE-Optimized ranking,0.49,873,373,0.26070286270536586,0.05934004807596793,0.0,True,True,False,Decision curve computed from existing probability score; no policy selection on test.,False,0.07-0.80,0.5154176005239834
heloc,validation,HELOC capacity SCRE top20,SCRE-Optimized ranking,0.5,867,361,0.2563323201621074,0.04052684903748727,0.0,True,True,False,Decision curve computed from existing probability score; no policy selection on test.,False,0.07-0.80,0.5154176005239834
heloc,validation,HELOC capacity SCRE top20,SCRE-Optimized ranking,0.51,856,348,0.25014990798751113,0.020945764323966554,0.0,True,True,False,Decision curve computed from existing probability score; no policy selection on test.,False,0.07-0.80,0.5154176005239834
heloc,validation,HELOC capacity SCRE top20,SCRE-Optimized ranking,0.52,847,335,0.24522965214454576,0.0005488010807158661,0.0,True,True,True,Decision curve computed from existing probability score; no policy selection on test.,False,0.07-0.80,0.5154176005239834
heloc,validation,HELOC capacity SCRE top20,SCRE-Optimized ranking,0.53,840,327,0.2387311647157731,-0.02071611804522644,0.0,True,True,True,Decision curve computed from existing probability score; no policy selection on test.,False,0.07-0.80,0.5154176005239834
heloc,validation,HELOC capacity SCRE top20,SCRE-Optimized ranking,0.54,836,313,0.23736839786793532,-0.0429055988722965,0.0,True,True,True,Decision curve computed from existing probability score; no policy selection on test.,False,0.07-0.80,0.5154176005239834
heloc,validation,HELOC capacity SCRE top20,SCRE-Optimized ranking,0.55,829,299,0.23483057525610712,-0.06608127884723647,0.0,True,True,True,Decision curve computed from existing probability score; no policy selection on test.,False,0.07-0.80,0.5154176005239834
heloc,validation,HELOC capacity SCRE top20,SCRE-Optimized ranking,0.56,820,292,0.22713456756009945,-0.09031039882103731,0.0,True,True,True,Decision curve computed from existing probability score; no policy selection on test.,False,0.07-0.80,0.5154176005239834
heloc,validation,HELOC capacity SCRE top20,SCRE-Optimized ranking,0.57,810,278,0.22365165759524988,-0.11566645460757274,0.0,True,True,True,Decision curve computed from existing probability score; no policy selection on test.,False,0.07-0.80,0.5154176005239834
heloc,validation,HELOC capacity SCRE top20,SCRE-Optimized ranking,0.58,797,266,0.21766295170550493,-0.14222994162203884,0.0,True,True,True,Decision curve computed from existing probability score; no policy selection on test.,False,0.07-0.80,0.5154176005239834
heloc,validation,HELOC capacity SCRE top20,SCRE-Optimized ranking,0.59,789,252,0.2159908073244867,-0.17008920849086906,0.0,True,True,True,Decision curve computed from existing probability score; no policy selection on test.,False,0.07-0.80,0.5154176005239834
heloc,validation,HELOC capacity SCRE top20,SCRE-Optimized ranking,0.6,777,242,0.209726443768997,-0.1993414387031408,0.0,True,True,True,Decision curve computed from existing probability score; no policy selection on test.,False,0.07-0.80,0.5154176005239834
heloc,validation,HELOC capacity SCRE top20,SCRE-Optimized ranking,0.61,770,230,0.20782999506403763,-0.23009378328527275,0.0,True,True,True,Decision curve computed from existing probability score; no policy selection on test.,False,0.07-0.80,0.5154176005239834
heloc,validation,HELOC capacity SCRE top20,SCRE-Optimized ranking,0.62,757,219,0.20247427078334132,-0.26246467231909565,0.0,True,True,True,Decision curve computed from existing probability score; no policy selection on test.,False,0.07-0.80,0.5154176005239834
heloc,validation,HELOC capacity SCRE top20,SCRE-Optimized ranking,0.63,743,205,0.19956734850351873,-0.2965853391385307,0.0,True,True,True,Decision curve computed from existing probability score; no policy selection on test.,False,0.07-0.80,0.5154176005239834
heloc,validation,HELOC capacity SCRE top20,SCRE-Optimized ranking,0.64,731,194,0.19559833389620626,-0.3326015985590455,0.0,True,True,True,Decision curve computed from existing probability score; no policy selection on test.,False,0.07-0.80,0.5154176005239834
heloc,validation,HELOC capacity SCRE top20,SCRE-Optimized ranking,0.65,717,189,0.18541033434650453,-0.37067592994644694,0.0,True,True,True,Decision curve computed from existing probability score; no policy selection on test.,False,0.07-0.80,0.5154176005239834
heloc,validation,HELOC capacity SCRE top20,SCRE-Optimized ranking,0.66,703,179,0.18010608498718636,-0.41098992788604827,0.0,True,True,True,Decision curve computed from existing probability score; no policy selection on test.,False,0.07-0.80,0.5154176005239834
heloc,validation,HELOC capacity SCRE top20,SCRE-Optimized ranking,0.67,689,168,0.17624574007552726,-0.4537471984280498,0.0,True,True,True,Decision curve computed from existing probability score; no policy selection on test.,False,0.07-0.80,0.5154176005239834
heloc,validation,HELOC capacity SCRE top20,SCRE-Optimized ranking,0.68,674,161,0.1681231003039513,-0.49917679837892637,0.0,True,True,True,Decision curve computed from existing probability score; no policy selection on test.,False,0.07-0.80,0.5154176005239834
heloc,validation,HELOC capacity SCRE top20,SCRE-Optimized ranking,0.69,667,149,0.16988593652972517,-0.5475373402621171,0.0,True,True,True,Decision curve computed from existing probability score; no policy selection on test.,False,0.07-0.80,0.5154176005239834
heloc,validation,HELOC capacity SCRE top20,SCRE-Optimized ranking,0.7,651,136,0.1690307328605201,-0.5991219182708545,0.0,True,True,True,Decision curve computed from existing probability score; no policy selection on test.,False,0.07-0.80,0.5154176005239834
heloc,validation,HELOC capacity SCRE top20,SCRE-Optimized ranking,0.71,639,127,0.16619501799252348,-0.6542640533836426,0.0,True,True,True,Decision curve computed from existing probability score; no policy selection on test.,False,0.07-0.80,0.5154176005239834
heloc,validation,HELOC capacity SCRE top20,SCRE-Optimized ranking,0.72,619,120,0.15725864814010712,-0.7133449124330584,0.0,True,True,True,Decision curve computed from existing probability score; no policy selection on test.,False,0.07-0.80,0.5154176005239834
heloc,validation,HELOC capacity SCRE top20,SCRE-Optimized ranking,0.73,598,115,0.1454275957822057,-0.7768021314120603,0.0,True,True,True,Decision curve computed from existing probability score; no policy selection on test.,False,0.07-0.80,0.5154176005239834
heloc,validation,HELOC capacity SCRE top20,SCRE-Optimized ranking,0.74,570,104,0.13880445795339413,-0.8451406749279089,0.0,True,True,True,Decision curve computed from existing probability score; no policy selection on test.,False,0.07-0.80,0.5154176005239834
heloc,validation,HELOC capacity SCRE top20,SCRE-Optimized ranking,0.75,551,96,0.13323201621073963,-0.9189463019250255,0.0,True,True,True,Decision curve computed from existing probability score; no policy selection on test.,False,0.07-0.80,0.5154176005239834
heloc,validation,HELOC capacity SCRE top20,SCRE-Optimized ranking,0.76,531,87,0.1294326241134752,-0.9989023978385683,0.0,True,True,True,Decision curve computed from existing probability score; no policy selection on test.,False,0.07-0.80,0.5154176005239834
heloc,validation,HELOC capacity SCRE top20,SCRE-Optimized ranking,0.77,505,79,0.121844852649663,-1.085811197744593,0.0,True,True,True,Decision curve computed from existing probability score; no policy selection on test.,False,0.07-0.80,0.5154176005239834
heloc,validation,HELOC capacity SCRE top20,SCRE-Optimized ranking,0.78,482,69,0.12024500322372661,-1.1806207976420746,0.0,True,True,True,Decision curve computed from existing probability score; no policy selection on test.,False,0.07-0.80,0.5154176005239834
heloc,validation,HELOC capacity SCRE top20,SCRE-Optimized ranking,0.79,457,69,0.10001447387465623,-1.2844598832440783,0.0,True,True,True,Decision curve computed from existing probability score; no policy selection on test.,False,0.07-0.80,0.5154176005239834
heloc,validation,HELOC capacity SCRE top20,SCRE-Optimized ranking,0.8,436,65,0.0891590678824721,-1.3986828774062823,0.0,True,True,True,Decision curve computed from existing probability score; no policy selection on test.,False,0.07-0.80,0.5154176005239834
heloc,locked_test,HELOC capacity SCRE top20,SCRE-Optimized ranking,0.01,1028,947,0.5156629587009334,0.5156629587009334,0.0,False,True,True,Decision curve computed from existing probability score; no policy selection on test.,False,0.22-0.80,0.5156629587009334
heloc,locked_test,HELOC capacity SCRE top20,SCRE-Optimized ranking,0.02,1028,947,0.5107207439938001,0.5107207439938001,0.0,False,True,True,Decision curve computed from existing probability score; no policy selection on test.,False,0.22-0.80,0.5156629587009334
heloc,locked_test,HELOC capacity SCRE top20,SCRE-Optimized ranking,0.03,1028,947,0.505676627952499,0.505676627952499,0.0,False,True,False,Decision curve computed from existing probability score; no policy selection on test.,False,0.22-0.80,0.5156629587009334
heloc,locked_test,HELOC capacity SCRE top20,SCRE-Optimized ranking,0.04,1028,947,0.5005274261603375,0.5005274261603375,0.0,False,True,False,Decision curve computed from existing probability score; no policy selection on test.,False,0.22-0.80,0.5156629587009334
heloc,locked_test,HELOC capacity SCRE top20,SCRE-Optimized ranking,0.05,1028,947,0.49526982011992005,0.49526982011992005,0.0,False,True,False,Decision curve computed from existing probability score; no policy selection on test.,False,0.22-0.80,0.5156629587009334
heloc,locked_test,HELOC capacity SCRE top20,SCRE-Optimized ranking,0.06,1028,947,0.48990035012119576,0.48990035012119576,0.0,False,True,False,Decision curve computed from existing probability score; no policy selection on test.,False,0.22-0.80,0.5156629587009334
heloc,locked_test,HELOC capacity SCRE top20,SCRE-Optimized ranking,0.07,1028,947,0.4844154076493807,0.4844154076493807,0.0,False,True,False,Decision curve computed from existing probability score; no policy selection on test.,False,0.22-0.80,0.5156629587009334
heloc,locked_test,HELOC capacity SCRE top20,SCRE-Optimized ranking,0.08,1028,947,0.4788112272977435,0.4788112272977435,0.0,False,True,False,Decision curve computed from existing probability score; no policy selection on test.,False,0.22-0.80,0.5156629587009334
heloc,locked_test,HELOC capacity SCRE top20,SCRE-Optimized ranking,0.09,1028,947,0.47308387814716923,0.47308387814716923,0.0,False,True,False,Decision curve computed from existing probability score; no policy selection on test.,False,0.22-0.80,0.5156629587009334
heloc,locked_test,HELOC capacity SCRE top20,SCRE-Optimized ranking,0.1,1028,947,0.4672292545710267,0.4672292545710267,0.0,False,True,False,Decision curve computed from existing probability score; no policy selection on test.,False,0.22-0.80,0.5156629587009334
heloc,locked_test,HELOC capacity SCRE top20,SCRE-Optimized ranking,0.11,1028,947,0.46124306642013935,0.46124306642013935,0.0,False,True,False,Decision curve computed from existing probability score; no policy selection on test.,False,0.22-0.80,0.5156629587009334
heloc,locked_test,HELOC capacity SCRE top20,SCRE-Optimized ranking,0.12,1028,947,0.45512082853855,0.45512082853855,0.0,False,True,False,Decision curve computed from existing probability score; no policy selection on test.,False,0.22-0.80,0.5156629587009334
heloc,locked_test,HELOC capacity SCRE top20,SCRE-Optimized ranking,0.13,1028,947,0.44885784955623453,0.44885784955623453,0.0,False,True,False,Decision curve computed from existing probability score; no policy selection on test.,False,0.22-0.80,0.5156629587009334
heloc,locked_test,HELOC capacity SCRE top20,SCRE-Optimized ranking,0.14,1028,947,0.44244921989991165,0.44244921989991165,0.0,False,True,False,Decision curve computed from existing probability score; no policy selection on test.,False,0.22-0.80,0.5156629587009334
heloc,locked_test,HELOC capacity SCRE top20,SCRE-Optimized ranking,0.15,1028,947,0.43588979895755764,0.43588979895755764,0.0,False,True,False,Decision curve computed from existing probability score; no policy selection on test.,False,0.22-0.80,0.5156629587009334
heloc,locked_test,HELOC capacity SCRE top20,SCRE-Optimized ranking,0.16,1028,947,0.4291742013261,0.4291742013261,0.0,False,True,False,Decision curve computed from existing probability score; no policy selection on test.,False,0.22-0.80,0.5156629587009334
heloc,locked_test,HELOC capacity SCRE top20,SCRE-Optimized ranking,0.17,1028,947,0.4222967820649687,0.4222967820649687,0.0,False,True,False,Decision curve computed from existing probability score; no policy selection on test.,False,0.22-0.80,0.5156629587009334
heloc,locked_test,HELOC capacity SCRE top20,SCRE-Optimized ranking,0.18,1028,947,0.41525162087063905,0.41525162087063905,0.0,False,True,False,Decision curve computed from existing probability score; no policy selection on test.,False,0.22-0.80,0.5156629587009334
heloc,locked_test,HELOC capacity SCRE top20,SCRE-Optimized ranking,0.19,1028,947,0.40803250507891853,0.40803250507891853,0.0,False,True,False,Decision curve computed from existing probability score; no policy selection on test.,False,0.22-0.80,0.5156629587009334
heloc,locked_test,HELOC capacity SCRE top20,SCRE-Optimized ranking,0.2,1028,947,0.40063291139240503,0.40063291139240503,0.0,False,True,False,Decision curve computed from existing probability score; no policy selection on test.,False,0.22-0.80,0.5156629587009334
heloc,locked_test,HELOC capacity SCRE top20,SCRE-Optimized ranking,0.21,1028,947,0.393045986220157,0.393045986220157,0.0,False,True,False,Decision curve computed from existing probability score; no policy selection on test.,False,0.22-0.80,0.5156629587009334
heloc,locked_test,HELOC capacity SCRE top20,SCRE-Optimized ranking,0.22,1028,944,0.3856929568321973,0.3852645245050308,0.0,True,True,False,Decision curve computed from existing probability score; no policy selection on test.,False,0.22-0.80,0.5156629587009334
heloc,locked_test,HELOC capacity SCRE top20,SCRE-Optimized ranking,0.23,1028,940,0.37833963504849577,0.37728094690120006,0.0,True,True,False,Decision curve computed from existing probability score; no policy selection on test.,False,0.22-0.80,0.5156629587009334
heloc,locked_test,HELOC capacity SCRE top20,SCRE-Optimized ranking,0.24,1028,936,0.3708461025982678,0.36908727514990003,0.0,True,True,False,Decision curve computed from existing probability score; no policy selection on test.,False,0.22-0.80,0.5156629587009334
heloc,locked_test,HELOC capacity SCRE top20,SCRE-Optimized ranking,0.25,1028,924,0.36455696202531646,0.3606751054852321,0.0,True,True,False,Decision curve computed from existing probability score; no policy selection on test.,False,0.22-0.80,0.5156629587009334
heloc,locked_test,HELOC capacity SCRE top20,SCRE-Optimized ranking,0.26,1027,911,0.357933629832364,0.3520355798836811,0.0,True,True,False,Decision curve computed from existing probability score; no policy selection on test.,False,0.22-0.80,0.5156629587009334
heloc,locked_test,HELOC capacity SCRE top20,SCRE-Optimized ranking,0.27,1021,890,0.350289578637073,0.3431593549505808,0.0,True,True,False,Decision curve computed from existing probability score; no policy selection on test.,False,0.22-0.80,0.5156629587009334
heloc,locked_test,HELOC capacity SCRE top20,SCRE-Optimized ranking,0.28,1017,852,0.3471729957805907,0.33403656821378336,0.0,True,True,False,Decision curve computed from existing probability score; no policy selection on test.,False,0.22-0.80,0.5156629587009334
heloc,locked_test,HELOC capacity SCRE top20,SCRE-Optimized ranking,0.29,1009,823,0.34068104831520774,0.3246568015689071,0.0,True,True,False,Decision curve computed from existing probability score; no policy selection on test.,False,0.22-0.80,0.5156629587009334
heloc,locked_test,HELOC capacity SCRE top20,SCRE-Optimized ranking,0.3,1007,781,0.3403978300180831,0.31500904159132004,0.0,True,True,False,Decision curve computed from existing probability score; no policy selection on test.,False,0.22-0.80,0.5156629587009334
heloc,locked_test,HELOC capacity SCRE top20,SCRE-Optimized ranking,0.31,998,760,0.33243074665199046,0.3050816363969913,0.0,True,True,False,Decision curve computed from existing probability score; no policy selection on test.,False,0.22-0.80,0.5156629587009334
heloc,locked_test,HELOC capacity SCRE top20,SCRE-Optimized ranking,0.32,996,728,0.33084139985107963,0.2948622486969471,0.0,True,True,False,Decision curve computed from existing probability score; no policy selection on test.,False,0.22-0.80,0.5156629587009334
heloc,locked_test,HELOC capacity SCRE top20,SCRE-Optimized ranking,0.33,989,701,0.325939920649915,0.2843378046476478,0.0,True,True,False,Decision curve computed from existing probability score; no policy selection on test.,False,0.22-0.80,0.5156629587009334
heloc,locked_test,HELOC capacity SCRE top20,SCRE-Optimized ranking,0.34,987,678,0.3228998849252014,0.2734944380514,0.0,True,True,False,Decision curve computed from existing probability score; no policy selection on test.,False,0.22-0.80,0.5156629587009334
heloc,locked_test,HELOC capacity SCRE top20,SCRE-Optimized ranking,0.35,979,655,0.3171178188899708,0.262317429406037,0.0,True,True,False,Decision curve computed from existing probability score; no policy selection on test.,False,0.22-0.80,0.5156629587009334
heloc,locked_test,HELOC capacity SCRE top20,SCRE-Optimized ranking,0.36,973,629,0.3135126582278481,0.2507911392405063,0.0,True,True,False,Decision curve computed from existing probability score; no policy selection on test.,False,0.22-0.80,0.5156629587009334
heloc,locked_test,HELOC capacity SCRE top20,SCRE-Optimized ranking,0.37,963,603,0.30828209764918624,0.2388989351014667,0.0,True,True,False,Decision curve computed from existing probability score; no policy selection on test.,False,0.22-0.80,0.5156629587009334
heloc,locked_test,HELOC capacity SCRE top20,SCRE-Optimized ranking,0.38,957,586,0.3027031441404655,0.226623111474071,0.0,True,True,False,Decision curve computed from existing probability score; no policy selection on test.,False,0.22-0.80,0.5156629587009334
heloc,locked_test,HELOC capacity SCRE top20,SCRE-Optimized ranking,0.39,949,565,0.2976053123054575,0.21394480182610492,0.0,True,True,False,Decision curve computed from existing probability score; no policy selection on test.,False,0.22-0.80,0.5156629587009334
heloc,locked_test,HELOC capacity SCRE top20,SCRE-Optimized ranking,0.4,945,545,0.29451476793248943,0.20084388185654,0.0,True,True,False,Decision curve computed from existing probability score; no policy selection on test.,False,0.22-0.80,0.5156629587009334
heloc,locked_test,HELOC capacity SCRE top20,SCRE-Optimized ranking,0.41,938,530,0.2884531216477152,0.18729886290495606,0.0,True,True,False,Decision curve computed from existing probability score; no policy selection on test.,False,0.22-0.80,0.5156629587009334
heloc,locked_test,HELOC capacity SCRE top20,SCRE-Optimized ranking,0.42,933,519,0.28211261457878656,0.1732867743343518,0.0,True,True,False,Decision curve computed from existing probability score; no policy selection on test.,False,0.22-0.80,0.5156629587009334
heloc,locked_test,HELOC capacity SCRE top20,SCRE-Optimized ranking,0.43,928,502,0.27812569398178993,0.1587830335332001,0.0,True,True,False,Decision curve computed from existing probability score; no policy selection on test.,False,0.22-0.80,0.5156629587009334
heloc,locked_test,HELOC capacity SCRE top20,SCRE-Optimized ranking,0.44,923,486,0.273996383363472,0.14376130198915005,0.0,True,True,False,Decision curve computed from existing probability score; no policy selection on test.,False,0.22-0.80,0.5156629587009334
heloc,locked_test,HELOC capacity SCRE top20,SCRE-Optimized ranking,0.45,912,470,0.2670655926352129,0.12819332566168007,0.0,True,True,False,Decision curve computed from existing probability score; no policy selection on test.,False,0.22-0.80,0.5156629587009334
heloc,locked_test,HELOC capacity SCRE top20,SCRE-Optimized ranking,0.46,902,448,0.26347866854195967,0.11204875761837785,0.0,True,True,False,Decision curve computed from existing probability score; no policy selection on test.,False,0.22-0.80,0.5156629587009334
heloc,locked_test,HELOC capacity SCRE top20,SCRE-Optimized ranking,0.47,897,435,0.2588583711487939,0.09529496059230952,0.0,True,True,False,Decision curve computed from existing probability score; no policy selection on test.,False,0.22-0.80,0.5156629587009334
heloc,locked_test,HELOC capacity SCRE top20,SCRE-Optimized ranking,0.48,889,415,0.25616358325219085,0.07789678675754624,0.0,True,True,False,Decision curve computed from existing probability score; no policy selection on test.,False,0.22-0.80,0.5156629587009334
heloc,locked_test,HELOC capacity SCRE top20,SCRE-Optimized ranking,0.49,884,398,0.2539786547530405,0.05981633159592953,0.0,True,True,False,Decision curve computed from existing probability score; no policy selection on test.,False,0.22-0.80,0.5156629587009334
heloc,locked_test,HELOC capacity SCRE top20,SCRE-Optimized ranking,0.5,879,387,0.24911392405063287,0.04101265822784805,0.0,True,True,False,Decision curve computed from existing probability score; no policy selection on test.,False,0.22-0.80,0.5156629587009334
heloc,locked_test,HELOC capacity SCRE top20,SCRE-Optimized ranking,0.51,870,376,0.2423559803668303,0.02144148798760004,0.0,True,True,False,Decision curve computed from existing probability score; no policy selection on test.,False,0.22-0.80,0.5156629587009334
heloc,locked_test,HELOC capacity SCRE top20,SCRE-Optimized ranking,0.52,858,360,0.2369620253164557,0.001054852320675037,0.0,True,True,False,Decision curve computed from existing probability score; no policy selection on test.,False,0.22-0.80,0.5156629587009334
heloc,locked_test,HELOC capacity SCRE top20,SCRE-Optimized ranking,0.53,846,347,0.2302289253972529,-0.02019929975760859,0.0,True,True,False,Decision curve computed from existing probability score; no policy selection on test.,False,0.22-0.80,0.5156629587009334
heloc,locked_test,HELOC capacity SCRE top20,SCRE-Optimized ranking,0.54,835,336,0.22307099614749584,-0.042377545404512995,0.0,True,True,False,Decision curve computed from existing probability score; no policy selection on test.,False,0.22-0.80,0.5156629587009334
heloc,locked_test,HELOC capacity SCRE top20,SCRE-Optimized ranking,0.55,827,329,0.21513361462728545,-0.0655414908579468,0.0,True,True,False,Decision curve computed from existing probability score; no policy selection on test.,False,0.22-0.80,0.5156629587009334
heloc,locked_test,HELOC capacity SCRE top20,SCRE-Optimized ranking,0.56,817,314,0.21132336018411965,-0.08975834292290008,0.0,True,True,False,Decision curve computed from existing probability score; no policy selection on test.,False,0.22-0.80,0.5156629587009334
heloc,locked_test,HELOC capacity SCRE top20,SCRE-Optimized ranking,0.57,805,304,0.20355607889314106,-0.11510156020017648,0.0,True,True,False,Decision curve computed from existing probability score; no policy selection on test.,False,0.22-0.80,0.5156629587009334
heloc,locked_test,HELOC capacity SCRE top20,SCRE-Optimized ranking,0.58,797,290,0.20077154912597955,-0.14165159734779986,0.0,True,True,False,Decision curve computed from existing probability score; no policy selection on test.,False,0.22-0.80,0.5156629587009334
heloc,locked_test,HELOC capacity SCRE top20,SCRE-Optimized ranking,0.59,783,283,0.19025625192960793,-0.1694967582587218,0.0,True,True,False,Decision curve computed from existing probability score; no policy selection on test.,False,0.22-0.80,0.5156629587009334
heloc,locked_test,HELOC capacity SCRE top20,SCRE-Optimized ranking,0.6,770,269,0.18556962025316462,-0.19873417721518982,0.0,True,True,False,Decision curve computed from existing probability score; no policy selection on test.,False,0.22-0.80,0.5156629587009334
heloc,locked_test,HELOC capacity SCRE top20,SCRE-Optimized ranking,0.61,761,262,0.17782538136968518,-0.22947095098993842,0.0,True,True,False,Decision curve computed from existing probability score; no policy selection on test.,False,0.22-0.80,0.5156629587009334
heloc,locked_test,HELOC capacity SCRE top20,SCRE-Optimized ranking,0.62,752,252,0.1725782811459027,-0.26182544970019994,0.0,True,True,False,Decision curve computed from existing probability score; no policy selection on test.,False,0.22-0.80,0.5156629587009334
heloc,locked_test,HELOC capacity SCRE top20,SCRE-Optimized ranking,0.63,742,242,0.16706123845364357,-0.29592884023263777,0.0,True,True,False,Decision curve computed from existing probability score; no policy selection on test.,False,0.22-0.80,0.5156629587009334
heloc,locked_test,HELOC capacity SCRE top20,SCRE-Optimized ranking,0.64,728,230,0.16157524613220814,-0.3319268635724333,0.0,True,True,False,Decision curve computed from existing probability score; no policy selection on test.,False,0.22-0.80,0.5156629587009334
heloc,locked_test,HELOC capacity SCRE top20,SCRE-Optimized ranking,0.65,713,214,0.15978300180831825,-0.36998191681736003,0.0,True,True,False,Decision curve computed from existing probability score; no policy selection on test.,False,0.22-0.80,0.5156629587009334
heloc,locked_test,HELOC capacity SCRE top20,SCRE-Optimized ranking,0.66,696,206,0.14993298585256887,-0.4102755026061059,0.0,True,True,False,Decision curve computed from existing probability score; no policy selection on test.,False,0.22-0.80,0.5156629587009334
heloc,locked_test,HELOC capacity SCRE top20,SCRE-Optimized ranking,0.67,680,196,0.14281549673954733,-0.4530111238972001,0.0,True,True,False,Decision curve computed from existing probability score; no policy selection on test.,False,0.22-0.80,0.5156629587009334
heloc,locked_test,HELOC capacity SCRE top20,SCRE-Optimized ranking,0.68,666,188,0.13493670886075942,-0.49841772151898756,0.0,True,True,False,Decision curve computed from existing probability score; no policy selection on test.,False,0.22-0.80,0.5156629587009334
heloc,locked_test,HELOC capacity SCRE top20,SCRE-Optimized ranking,0.69,649,170,0.13701919150673753,-0.5467537770518576,0.0,True,True,False,Decision curve computed from existing probability score; no policy selection on test.,False,0.22-0.80,0.5156629587009334
heloc,locked_test,HELOC capacity SCRE top20,SCRE-Optimized ranking,0.7,632,160,0.13097046413502111,-0.5983122362869198,0.0,True,True,False,Decision curve computed from existing probability score; no policy selection on test.,False,0.22-0.80,0.5156629587009334
heloc,locked_test,HELOC capacity SCRE top20,SCRE-Optimized ranking,0.71,604,151,0.1186381492797905,-0.6534264513312964,0.0,True,True,False,Decision curve computed from existing probability score; no policy selection on test.,False,0.22-0.80,0.5156629587009334
heloc,locked_test,HELOC capacity SCRE top20,SCRE-Optimized ranking,0.72,586,139,0.11573236889692584,-0.7124773960216997,0.0,True,True,False,Decision curve computed from existing probability score; no policy selection on test.,False,0.22-0.80,0.5156629587009334
heloc,locked_test,HELOC capacity SCRE top20,SCRE-Optimized ranking,0.73,565,129,0.109479606188467,-0.7759024847632441,0.0,True,True,False,Decision curve computed from existing probability score; no policy selection on test.,False,0.22-0.80,0.5156629587009334
heloc,locked_test,HELOC capacity SCRE top20,SCRE-Optimized ranking,0.74,542,118,0.10438169425511198,-0.8442064264849074,0.0,True,True,False,Decision curve computed from existing probability score; no policy selection on test.,False,0.22-0.80,0.5156629587009334
heloc,locked_test,HELOC capacity SCRE top20,SCRE-Optimized ranking,0.75,525,114,0.09265822784810124,-0.9179746835443039,0.0,True,True,False,Decision curve computed from existing probability score; no policy selection on test.,False,0.22-0.80,0.5156629587009334
heloc,locked_test,HELOC capacity SCRE top20,SCRE-Optimized ranking,0.76,506,104,0.08945147679324891,-0.9978902953586499,0.0,True,True,False,Decision curve computed from existing probability score; no policy selection on test.,False,0.22-0.80,0.5156629587009334
heloc,locked_test,HELOC capacity SCRE top20,SCRE-Optimized ranking,0.77,485,93,0.08792515134837645,-1.084755090809026,0.0,True,True,False,Decision curve computed from existing probability score; no policy selection on test.,False,0.22-0.80,0.5156629587009334
heloc,locked_test,HELOC capacity SCRE top20,SCRE-Optimized ranking,0.78,465,85,0.08285385500575373,-1.1795166858458002,0.0,True,True,False,Decision curve computed from existing probability score; no policy selection on test.,False,0.22-0.80,0.5156629587009334
heloc,locked_test,HELOC capacity SCRE top20,SCRE-Optimized ranking,0.79,437,75,0.07840867992766723,-1.2833031946956002,0.0,True,True,False,Decision curve computed from existing probability score; no policy selection on test.,False,0.22-0.80,0.5156629587009334
heloc,locked_test,HELOC capacity SCRE top20,SCRE-Optimized ranking,0.8,407,67,0.07037974683544301,-1.3974683544303803,0.0,True,True,True,Decision curve computed from existing probability score; no policy selection on test.,False,0.22-0.80,0.5156629587009334
heloc,validation,HELOC capacity SCRE top25,SCRE-Optimized ranking,0.01,1027,947,0.5154176005239834,0.5154176005239834,0.0,False,True,True,Decision curve computed from existing probability score; no policy selection on test.,False,0.07-0.80,0.5154176005239834
heloc,validation,HELOC capacity SCRE top25,SCRE-Optimized ranking,0.02,1027,947,0.5104728821619833,0.5104728821619833,0.0,False,True,True,Decision curve computed from existing probability score; no policy selection on test.,False,0.07-0.80,0.5154176005239834
heloc,validation,HELOC capacity SCRE top25,SCRE-Optimized ranking,0.03,1027,947,0.5054262108440656,0.5054262108440656,0.0,False,True,False,Decision curve computed from existing probability score; no policy selection on test.,False,0.07-0.80,0.5154176005239834
heloc,validation,HELOC capacity SCRE top25,SCRE-Optimized ranking,0.04,1027,947,0.500274400540358,0.500274400540358,0.0,False,True,False,Decision curve computed from existing probability score; no policy selection on test.,False,0.07-0.80,0.5154176005239834
heloc,validation,HELOC capacity SCRE top25,SCRE-Optimized ranking,0.05,1027,947,0.4950141310723617,0.4950141310723617,0.0,False,True,False,Decision curve computed from existing probability score; no policy selection on test.,False,0.07-0.80,0.5154176005239834
heloc,validation,HELOC capacity SCRE top25,SCRE-Optimized ranking,0.06,1027,947,0.48964194097738684,0.48964194097738684,0.0,False,True,False,Decision curve computed from existing probability score; no policy selection on test.,False,0.07-0.80,0.5154176005239834
heloc,validation,HELOC capacity SCRE top25,SCRE-Optimized ranking,0.07,1027,947,0.4841542199126276,0.4841542199126275,0.0,True,True,False,Decision curve computed from existing probability score; no policy selection on test.,False,0.07-0.80,0.5154176005239834
heloc,validation,HELOC capacity SCRE top25,SCRE-Optimized ranking,0.08,1027,947,0.4785472005638518,0.4785472005638518,0.0,False,True,False,Decision curve computed from existing probability score; no policy selection on test.,False,0.07-0.80,0.5154176005239834
heloc,validation,HELOC capacity SCRE top25,SCRE-Optimized ranking,0.09,1027,947,0.4728169500205974,0.4728169500205974,0.0,False,True,False,Decision curve computed from existing probability score; no policy selection on test.,False,0.07-0.80,0.5154176005239834
heloc,validation,HELOC capacity SCRE top25,SCRE-Optimized ranking,0.1,1027,947,0.4669593605763818,0.4669593605763818,0.0,False,True,False,Decision curve computed from existing probability score; no policy selection on test.,False,0.07-0.80,0.5154176005239834
heloc,validation,HELOC capacity SCRE top25,SCRE-Optimized ranking,0.11,1027,947,0.4609701399087007,0.4609701399087007,0.0,False,True,False,Decision curve computed from existing probability score; no policy selection on test.,False,0.07-0.80,0.5154176005239834
heloc,validation,HELOC capacity SCRE top25,SCRE-Optimized ranking,0.12,1027,947,0.4548448005894814,0.4548448005894814,0.0,False,True,False,Decision curve computed from existing probability score; no policy selection on test.,False,0.07-0.80,0.5154176005239834
heloc,validation,HELOC capacity SCRE top25,SCRE-Optimized ranking,0.13,1027,947,0.4485786488721191,0.4485786488721191,0.0,False,True,False,Decision curve computed from existing probability score; no policy selection on test.,False,0.07-0.80,0.5154176005239834
heloc,validation,HELOC capacity SCRE top25,SCRE-Optimized ranking,0.14,1027,947,0.4421667726962135,0.4421667726962135,0.0,False,True,False,Decision curve computed from existing probability score; no policy selection on test.,False,0.07-0.80,0.5154176005239834
heloc,validation,HELOC capacity SCRE top25,SCRE-Optimized ranking,0.15,1027,947,0.43560402884558075,0.43560402884558075,0.0,False,True,False,Decision curve computed from existing probability score; no policy selection on test.,False,0.07-0.80,0.5154176005239834
heloc,validation,HELOC capacity SCRE top25,SCRE-Optimized ranking,0.16,1027,947,0.4288850291889805,0.4288850291889805,0.0,False,True,False,Decision curve computed from existing probability score; no policy selection on test.,False,0.07-0.80,0.5154176005239834
heloc,validation,HELOC capacity SCRE top25,SCRE-Optimized ranking,0.17,1027,947,0.4220041259261972,0.4220041259261971,0.0,True,True,False,Decision curve computed from existing probability score; no policy selection on test.,False,0.07-0.80,0.5154176005239834
heloc,validation,HELOC capacity SCRE top25,SCRE-Optimized ranking,0.18,1027,947,0.4149553957545654,0.4149553957545654,0.0,False,True,False,Decision curve computed from existing probability score; no policy selection on test.,False,0.07-0.80,0.5154176005239834
heloc,validation,HELOC capacity SCRE top25,SCRE-Optimized ranking,0.19,1027,947,0.4077326228626465,0.40773262286264644,0.0,True,True,False,Decision curve computed from existing probability score; no policy selection on test.,False,0.07-0.80,0.5154176005239834
heloc,validation,HELOC capacity SCRE top25,SCRE-Optimized ranking,0.2,1027,947,0.40032928064842954,0.40032928064842954,0.0,False,True,False,Decision curve computed from existing probability score; no policy selection on test.,False,0.07-0.80,0.5154176005239834
heloc,validation,HELOC capacity SCRE top25,SCRE-Optimized ranking,0.21,1027,946,0.3928731740474266,0.3927385120490426,0.0,True,True,False,Decision curve computed from existing probability score; no policy selection on test.,False,0.07-0.80,0.5154176005239834
heloc,validation,HELOC capacity SCRE top25,SCRE-Optimized ranking,0.22,1027,946,0.38509599147897017,0.3849531083573636,0.0,True,True,False,Decision curve computed from existing probability score; no policy selection on test.,False,0.07-0.80,0.5154176005239834
heloc,validation,HELOC capacity SCRE top25,SCRE-Optimized ranking,0.23,1027,943,0.3775707575099672,0.3769654863879788,0.0,True,True,False,Decision curve computed from existing probability score; no policy selection on test.,False,0.07-0.80,0.5154176005239834
heloc,validation,HELOC capacity SCRE top25,SCRE-Optimized ranking,0.24,1027,935,0.3706873566895963,0.3687676638404521,0.0,True,True,False,Decision curve computed from existing probability score; no policy selection on test.,False,0.07-0.80,0.5154176005239834
heloc,validation,HELOC capacity SCRE top25,SCRE-Optimized ranking,0.25,1027,920,0.36491050320837554,0.3603512326916582,0.0,True,True,False,Decision curve computed from existing probability score; no policy selection on test.,False,0.07-0.80,0.5154176005239834
heloc,validation,HELOC capacity SCRE top25,SCRE-Optimized ranking,0.26,1025,899,0.35923765710999755,0.35170733043073465,0.0,True,True,False,Decision curve computed from existing probability score; no policy selection on test.,False,0.07-0.80,0.5154176005239834
heloc,validation,HELOC capacity SCRE top25,SCRE-Optimized ranking,0.27,1025,874,0.35549124925400066,0.3428266089297858,0.0,True,True,False,Decision curve computed from existing probability score; no policy selection on test.,False,0.07-0.80,0.5154176005239834
heloc,validation,HELOC capacity SCRE top25,SCRE-Optimized ranking,0.28,1019,847,0.3493470674321738,0.3336992007204772,0.0,True,True,False,Decision curve computed from existing probability score; no policy selection on test.,False,0.07-0.80,0.5154176005239834
heloc,validation,HELOC capacity SCRE top25,SCRE-Optimized ranking,0.29,1015,809,0.34678995961585113,0.32431468242076567,0.0,True,True,False,Decision curve computed from existing probability score; no policy selection on test.,False,0.07-0.80,0.5154176005239834
heloc,validation,HELOC capacity SCRE top25,SCRE-Optimized ranking,0.3,1014,763,0.3480243161094225,0.3146620350267766,0.0,True,True,False,Decision curve computed from existing probability score; no policy selection on test.,False,0.07-0.80,0.5154176005239834
heloc,validation,HELOC capacity SCRE top25,SCRE-Optimized ranking,0.31,1006,736,0.3421141506247889,0.30472960075180233,0.0,True,True,False,Decision curve computed from existing probability score; no policy selection on test.,False,0.07-0.80,0.5154176005239834
heloc,validation,HELOC capacity SCRE top25,SCRE-Optimized ranking,0.32,997,708,0.33628344955003275,0.2945050360569759,0.0,True,True,False,Decision curve computed from existing probability score; no policy selection on test.,False,0.07-0.80,0.5154176005239834
heloc,validation,HELOC capacity SCRE top25,SCRE-Optimized ranking,0.33,993,678,0.333870162863494,0.28397526047573673,0.0,True,True,False,Decision curve computed from existing probability score; no policy selection on test.,False,0.07-0.80,0.5154176005239834
heloc,validation,HELOC capacity SCRE top25,SCRE-Optimized ranking,0.34,986,657,0.3280372110159344,0.27312640078597517,0.0,True,True,False,Decision curve computed from existing probability score; no policy selection on test.,False,0.07-0.80,0.5154176005239834
heloc,validation,HELOC capacity SCRE top25,SCRE-Optimized ranking,0.35,981,631,0.3248382822850908,0.26194373002883636,0.0,True,True,False,Decision curve computed from existing probability score; no policy selection on test.,False,0.07-0.80,0.5154176005239834
heloc,validation,HELOC capacity SCRE top25,SCRE-Optimized ranking,0.36,975,599,0.323233282674772,0.2504116008105369,0.0,True,True,False,Decision curve computed from existing probability score; no policy selection on test.,False,0.07-0.80,0.5154176005239834
heloc,validation,HELOC capacity SCRE top25,SCRE-Optimized ranking,0.37,969,575,0.31980830157121953,0.238513372251974,0.0,True,True,False,Decision curve computed from existing probability score; no policy selection on test.,False,0.07-0.80,0.5154176005239834
heloc,validation,HELOC capacity SCRE top25,SCRE-Optimized ranking,0.38,962,551,0.316256495734876,0.22623132986894134,0.0,True,True,False,Decision curve computed from existing probability score; no policy selection on test.,False,0.07-0.80,0.5154176005239834
heloc,validation,HELOC capacity SCRE top25,SCRE-Optimized ranking,0.39,959,531,0.3138339395751324,0.21354659757171085,0.0,True,True,False,Decision curve computed from existing probability score; no policy selection on test.,False,0.07-0.80,0.5154176005239834
heloc,validation,HELOC capacity SCRE top25,SCRE-Optimized ranking,0.4,949,512,0.3078351908139142,0.2004390408645727,0.0,True,True,False,Decision curve computed from existing probability score; no policy selection on test.,False,0.07-0.80,0.5154176005239834
heloc,validation,HELOC capacity SCRE top25,SCRE-Optimized ranking,0.41,942,493,0.30365085089210586,0.1868871602012605,0.0,True,True,False,Decision curve computed from existing probability score; no policy selection on test.,False,0.07-0.80,0.5154176005239834
heloc,validation,HELOC capacity SCRE top25,SCRE-Optimized ranking,0.42,932,475,0.29788980889494465,0.1728679733081787,0.0,True,True,False,Decision curve computed from existing probability score; no policy selection on test.,False,0.07-0.80,0.5154176005239834
heloc,validation,HELOC capacity SCRE top25,SCRE-Optimized ranking,0.43,926,454,0.2955971489006204,0.15835688512060292,0.0,True,True,True,Decision curve computed from existing probability score; no policy selection on test.,False,0.07-0.80,0.5154176005239834
heloc,validation,HELOC capacity SCRE top25,SCRE-Optimized ranking,0.44,920,433,0.2937111014618613,0.1433275437834708,0.0,True,True,True,Decision curve computed from existing probability score; no policy selection on test.,False,0.07-0.80,0.5154176005239834
heloc,validation,HELOC capacity SCRE top25,SCRE-Optimized ranking,0.45,913,420,0.28843142672929906,0.1277516809431703,0.0,True,True,True,Decision curve computed from existing probability score; no policy selection on test.,False,0.07-0.80,0.5154176005239834
heloc,validation,HELOC capacity SCRE top25,SCRE-Optimized ranking,0.46,903,405,0.2826747720364742,0.11159893429396966,0.0,True,True,True,Decision curve computed from existing probability score; no policy selection on test.,False,0.07-0.80,0.5154176005239834
heloc,validation,HELOC capacity SCRE top25,SCRE-Optimized ranking,0.47,886,391,0.2731834604576475,0.0948366500353654,0.0,True,True,False,Decision curve computed from existing probability score; no policy selection on test.,False,0.07-0.80,0.5154176005239834
heloc,validation,HELOC capacity SCRE top25,SCRE-Optimized ranking,0.48,885,380,0.27063362169745153,0.0774296625360455,0.0,True,True,True,Decision curve computed from existing probability score; no policy selection on test.,False,0.07-0.80,0.5154176005239834
heloc,validation,HELOC capacity SCRE top25,SCRE-Optimized ranking,0.49,873,373,0.26070286270536586,0.05934004807596793,0.0,True,True,False,Decision curve computed from existing probability score; no policy selection on test.,False,0.07-0.80,0.5154176005239834
heloc,validation,HELOC capacity SCRE top25,SCRE-Optimized ranking,0.5,867,361,0.2563323201621074,0.04052684903748727,0.0,True,True,False,Decision curve computed from existing probability score; no policy selection on test.,False,0.07-0.80,0.5154176005239834
heloc,validation,HELOC capacity SCRE top25,SCRE-Optimized ranking,0.51,856,348,0.25014990798751113,0.020945764323966554,0.0,True,True,False,Decision curve computed from existing probability score; no policy selection on test.,False,0.07-0.80,0.5154176005239834
heloc,validation,HELOC capacity SCRE top25,SCRE-Optimized ranking,0.52,847,335,0.24522965214454576,0.0005488010807158661,0.0,True,True,True,Decision curve computed from existing probability score; no policy selection on test.,False,0.07-0.80,0.5154176005239834
heloc,validation,HELOC capacity SCRE top25,SCRE-Optimized ranking,0.53,840,327,0.2387311647157731,-0.02071611804522644,0.0,True,True,True,Decision curve computed from existing probability score; no policy selection on test.,False,0.07-0.80,0.5154176005239834
heloc,validation,HELOC capacity SCRE top25,SCRE-Optimized ranking,0.54,836,313,0.23736839786793532,-0.0429055988722965,0.0,True,True,True,Decision curve computed from existing probability score; no policy selection on test.,False,0.07-0.80,0.5154176005239834
heloc,validation,HELOC capacity SCRE top25,SCRE-Optimized ranking,0.55,829,299,0.23483057525610712,-0.06608127884723647,0.0,True,True,True,Decision curve computed from existing probability score; no policy selection on test.,False,0.07-0.80,0.5154176005239834
heloc,validation,HELOC capacity SCRE top25,SCRE-Optimized ranking,0.56,820,292,0.22713456756009945,-0.09031039882103731,0.0,True,True,True,Decision curve computed from existing probability score; no policy selection on test.,False,0.07-0.80,0.5154176005239834
heloc,validation,HELOC capacity SCRE top25,SCRE-Optimized ranking,0.57,810,278,0.22365165759524988,-0.11566645460757274,0.0,True,True,True,Decision curve computed from existing probability score; no policy selection on test.,False,0.07-0.80,0.5154176005239834
heloc,validation,HELOC capacity SCRE top25,SCRE-Optimized ranking,0.58,797,266,0.21766295170550493,-0.14222994162203884,0.0,True,True,True,Decision curve computed from existing probability score; no policy selection on test.,False,0.07-0.80,0.5154176005239834
heloc,validation,HELOC capacity SCRE top25,SCRE-Optimized ranking,0.59,789,252,0.2159908073244867,-0.17008920849086906,0.0,True,True,True,Decision curve computed from existing probability score; no policy selection on test.,False,0.07-0.80,0.5154176005239834
heloc,validation,HELOC capacity SCRE top25,SCRE-Optimized ranking,0.6,777,242,0.209726443768997,-0.1993414387031408,0.0,True,True,True,Decision curve computed from existing probability score; no policy selection on test.,False,0.07-0.80,0.5154176005239834
heloc,validation,HELOC capacity SCRE top25,SCRE-Optimized ranking,0.61,770,230,0.20782999506403763,-0.23009378328527275,0.0,True,True,True,Decision curve computed from existing probability score; no policy selection on test.,False,0.07-0.80,0.5154176005239834
heloc,validation,HELOC capacity SCRE top25,SCRE-Optimized ranking,0.62,757,219,0.20247427078334132,-0.26246467231909565,0.0,True,True,True,Decision curve computed from existing probability score; no policy selection on test.,False,0.07-0.80,0.5154176005239834
heloc,validation,HELOC capacity SCRE top25,SCRE-Optimized ranking,0.63,743,205,0.19956734850351873,-0.2965853391385307,0.0,True,True,True,Decision curve computed from existing probability score; no policy selection on test.,False,0.07-0.80,0.5154176005239834
heloc,validation,HELOC capacity SCRE top25,SCRE-Optimized ranking,0.64,731,194,0.19559833389620626,-0.3326015985590455,0.0,True,True,True,Decision curve computed from existing probability score; no policy selection on test.,False,0.07-0.80,0.5154176005239834
heloc,validation,HELOC capacity SCRE top25,SCRE-Optimized ranking,0.65,717,189,0.18541033434650453,-0.37067592994644694,0.0,True,True,True,Decision curve computed from existing probability score; no policy selection on test.,False,0.07-0.80,0.5154176005239834
heloc,validation,HELOC capacity SCRE top25,SCRE-Optimized ranking,0.66,703,179,0.18010608498718636,-0.41098992788604827,0.0,True,True,True,Decision curve computed from existing probability score; no policy selection on test.,False,0.07-0.80,0.5154176005239834
heloc,validation,HELOC capacity SCRE top25,SCRE-Optimized ranking,0.67,689,168,0.17624574007552726,-0.4537471984280498,0.0,True,True,True,Decision curve computed from existing probability score; no policy selection on test.,False,0.07-0.80,0.5154176005239834
heloc,validation,HELOC capacity SCRE top25,SCRE-Optimized ranking,0.68,674,161,0.1681231003039513,-0.49917679837892637,0.0,True,True,True,Decision curve computed from existing probability score; no policy selection on test.,False,0.07-0.80,0.5154176005239834
heloc,validation,HELOC capacity SCRE top25,SCRE-Optimized ranking,0.69,667,149,0.16988593652972517,-0.5475373402621171,0.0,True,True,True,Decision curve computed from existing probability score; no policy selection on test.,False,0.07-0.80,0.5154176005239834
heloc,validation,HELOC capacity SCRE top25,SCRE-Optimized ranking,0.7,651,136,0.1690307328605201,-0.5991219182708545,0.0,True,True,True,Decision curve computed from existing probability score; no policy selection on test.,False,0.07-0.80,0.5154176005239834
heloc,validation,HELOC capacity SCRE top25,SCRE-Optimized ranking,0.71,639,127,0.16619501799252348,-0.6542640533836426,0.0,True,True,True,Decision curve computed from existing probability score; no policy selection on test.,False,0.07-0.80,0.5154176005239834
heloc,validation,HELOC capacity SCRE top25,SCRE-Optimized ranking,0.72,619,120,0.15725864814010712,-0.7133449124330584,0.0,True,True,True,Decision curve computed from existing probability score; no policy selection on test.,False,0.07-0.80,0.5154176005239834
heloc,validation,HELOC capacity SCRE top25,SCRE-Optimized ranking,0.73,598,115,0.1454275957822057,-0.7768021314120603,0.0,True,True,True,Decision curve computed from existing probability score; no policy selection on test.,False,0.07-0.80,0.5154176005239834
heloc,validation,HELOC capacity SCRE top25,SCRE-Optimized ranking,0.74,570,104,0.13880445795339413,-0.8451406749279089,0.0,True,True,True,Decision curve computed from existing probability score; no policy selection on test.,False,0.07-0.80,0.5154176005239834
heloc,validation,HELOC capacity SCRE top25,SCRE-Optimized ranking,0.75,551,96,0.13323201621073963,-0.9189463019250255,0.0,True,True,True,Decision curve computed from existing probability score; no policy selection on test.,False,0.07-0.80,0.5154176005239834
heloc,validation,HELOC capacity SCRE top25,SCRE-Optimized ranking,0.76,531,87,0.1294326241134752,-0.9989023978385683,0.0,True,True,True,Decision curve computed from existing probability score; no policy selection on test.,False,0.07-0.80,0.5154176005239834
heloc,validation,HELOC capacity SCRE top25,SCRE-Optimized ranking,0.77,505,79,0.121844852649663,-1.085811197744593,0.0,True,True,True,Decision curve computed from existing probability score; no policy selection on test.,False,0.07-0.80,0.5154176005239834
heloc,validation,HELOC capacity SCRE top25,SCRE-Optimized ranking,0.78,482,69,0.12024500322372661,-1.1806207976420746,0.0,True,True,True,Decision curve computed from existing probability score; no policy selection on test.,False,0.07-0.80,0.5154176005239834
heloc,validation,HELOC capacity SCRE top25,SCRE-Optimized ranking,0.79,457,69,0.10001447387465623,-1.2844598832440783,0.0,True,True,True,Decision curve computed from existing probability score; no policy selection on test.,False,0.07-0.80,0.5154176005239834
heloc,validation,HELOC capacity SCRE top25,SCRE-Optimized ranking,0.8,436,65,0.0891590678824721,-1.3986828774062823,0.0,True,True,True,Decision curve computed from existing probability score; no policy selection on test.,False,0.07-0.80,0.5154176005239834
heloc,locked_test,HELOC capacity SCRE top25,SCRE-Optimized ranking,0.01,1028,947,0.5156629587009334,0.5156629587009334,0.0,False,True,True,Decision curve computed from existing probability score; no policy selection on test.,False,0.22-0.80,0.5156629587009334
heloc,locked_test,HELOC capacity SCRE top25,SCRE-Optimized ranking,0.02,1028,947,0.5107207439938001,0.5107207439938001,0.0,False,True,True,Decision curve computed from existing probability score; no policy selection on test.,False,0.22-0.80,0.5156629587009334
heloc,locked_test,HELOC capacity SCRE top25,SCRE-Optimized ranking,0.03,1028,947,0.505676627952499,0.505676627952499,0.0,False,True,False,Decision curve computed from existing probability score; no policy selection on test.,False,0.22-0.80,0.5156629587009334
heloc,locked_test,HELOC capacity SCRE top25,SCRE-Optimized ranking,0.04,1028,947,0.5005274261603375,0.5005274261603375,0.0,False,True,False,Decision curve computed from existing probability score; no policy selection on test.,False,0.22-0.80,0.5156629587009334
heloc,locked_test,HELOC capacity SCRE top25,SCRE-Optimized ranking,0.05,1028,947,0.49526982011992005,0.49526982011992005,0.0,False,True,False,Decision curve computed from existing probability score; no policy selection on test.,False,0.22-0.80,0.5156629587009334
heloc,locked_test,HELOC capacity SCRE top25,SCRE-Optimized ranking,0.06,1028,947,0.48990035012119576,0.48990035012119576,0.0,False,True,False,Decision curve computed from existing probability score; no policy selection on test.,False,0.22-0.80,0.5156629587009334
heloc,locked_test,HELOC capacity SCRE top25,SCRE-Optimized ranking,0.07,1028,947,0.4844154076493807,0.4844154076493807,0.0,False,True,False,Decision curve computed from existing probability score; no policy selection on test.,False,0.22-0.80,0.5156629587009334
heloc,locked_test,HELOC capacity SCRE top25,SCRE-Optimized ranking,0.08,1028,947,0.4788112272977435,0.4788112272977435,0.0,False,True,False,Decision curve computed from existing probability score; no policy selection on test.,False,0.22-0.80,0.5156629587009334
heloc,locked_test,HELOC capacity SCRE top25,SCRE-Optimized ranking,0.09,1028,947,0.47308387814716923,0.47308387814716923,0.0,False,True,False,Decision curve computed from existing probability score; no policy selection on test.,False,0.22-0.80,0.5156629587009334
heloc,locked_test,HELOC capacity SCRE top25,SCRE-Optimized ranking,0.1,1028,947,0.4672292545710267,0.4672292545710267,0.0,False,True,False,Decision curve computed from existing probability score; no policy selection on test.,False,0.22-0.80,0.5156629587009334
heloc,locked_test,HELOC capacity SCRE top25,SCRE-Optimized ranking,0.11,1028,947,0.46124306642013935,0.46124306642013935,0.0,False,True,False,Decision curve computed from existing probability score; no policy selection on test.,False,0.22-0.80,0.5156629587009334
heloc,locked_test,HELOC capacity SCRE top25,SCRE-Optimized ranking,0.12,1028,947,0.45512082853855,0.45512082853855,0.0,False,True,False,Decision curve computed from existing probability score; no policy selection on test.,False,0.22-0.80,0.5156629587009334
heloc,locked_test,HELOC capacity SCRE top25,SCRE-Optimized ranking,0.13,1028,947,0.44885784955623453,0.44885784955623453,0.0,False,True,False,Decision curve computed from existing probability score; no policy selection on test.,False,0.22-0.80,0.5156629587009334
heloc,locked_test,HELOC capacity SCRE top25,SCRE-Optimized ranking,0.14,1028,947,0.44244921989991165,0.44244921989991165,0.0,False,True,False,Decision curve computed from existing probability score; no policy selection on test.,False,0.22-0.80,0.5156629587009334
heloc,locked_test,HELOC capacity SCRE top25,SCRE-Optimized ranking,0.15,1028,947,0.43588979895755764,0.43588979895755764,0.0,False,True,False,Decision curve computed from existing probability score; no policy selection on test.,False,0.22-0.80,0.5156629587009334
heloc,locked_test,HELOC capacity SCRE top25,SCRE-Optimized ranking,0.16,1028,947,0.4291742013261,0.4291742013261,0.0,False,True,False,Decision curve computed from existing probability score; no policy selection on test.,False,0.22-0.80,0.5156629587009334
heloc,locked_test,HELOC capacity SCRE top25,SCRE-Optimized ranking,0.17,1028,947,0.4222967820649687,0.4222967820649687,0.0,False,True,False,Decision curve computed from existing probability score; no policy selection on test.,False,0.22-0.80,0.5156629587009334
heloc,locked_test,HELOC capacity SCRE top25,SCRE-Optimized ranking,0.18,1028,947,0.41525162087063905,0.41525162087063905,0.0,False,True,False,Decision curve computed from existing probability score; no policy selection on test.,False,0.22-0.80,0.5156629587009334
heloc,locked_test,HELOC capacity SCRE top25,SCRE-Optimized ranking,0.19,1028,947,0.40803250507891853,0.40803250507891853,0.0,False,True,False,Decision curve computed from existing probability score; no policy selection on test.,False,0.22-0.80,0.5156629587009334
heloc,locked_test,HELOC capacity SCRE top25,SCRE-Optimized ranking,0.2,1028,947,0.40063291139240503,0.40063291139240503,0.0,False,True,False,Decision curve computed from existing probability score; no policy selection on test.,False,0.22-0.80,0.5156629587009334
heloc,locked_test,HELOC capacity SCRE top25,SCRE-Optimized ranking,0.21,1028,947,0.393045986220157,0.393045986220157,0.0,False,True,False,Decision curve computed from existing probability score; no policy selection on test.,False,0.22-0.80,0.5156629587009334
heloc,locked_test,HELOC capacity SCRE top25,SCRE-Optimized ranking,0.22,1028,944,0.3856929568321973,0.3852645245050308,0.0,True,True,False,Decision curve computed from existing probability score; no policy selection on test.,False,0.22-0.80,0.5156629587009334
heloc,locked_test,HELOC capacity SCRE top25,SCRE-Optimized ranking,0.23,1028,940,0.37833963504849577,0.37728094690120006,0.0,True,True,False,Decision curve computed from existing probability score; no policy selection on test.,False,0.22-0.80,0.5156629587009334
heloc,locked_test,HELOC capacity SCRE top25,SCRE-Optimized ranking,0.24,1028,936,0.3708461025982678,0.36908727514990003,0.0,True,True,False,Decision curve computed from existing probability score; no policy selection on test.,False,0.22-0.80,0.5156629587009334
heloc,locked_test,HELOC capacity SCRE top25,SCRE-Optimized ranking,0.25,1028,924,0.36455696202531646,0.3606751054852321,0.0,True,True,False,Decision curve computed from existing probability score; no policy selection on test.,False,0.22-0.80,0.5156629587009334
heloc,locked_test,HELOC capacity SCRE top25,SCRE-Optimized ranking,0.26,1027,911,0.357933629832364,0.3520355798836811,0.0,True,True,False,Decision curve computed from existing probability score; no policy selection on test.,False,0.22-0.80,0.5156629587009334
heloc,locked_test,HELOC capacity SCRE top25,SCRE-Optimized ranking,0.27,1021,890,0.350289578637073,0.3431593549505808,0.0,True,True,False,Decision curve computed from existing probability score; no policy selection on test.,False,0.22-0.80,0.5156629587009334
heloc,locked_test,HELOC capacity SCRE top25,SCRE-Optimized ranking,0.28,1017,852,0.3471729957805907,0.33403656821378336,0.0,True,True,False,Decision curve computed from existing probability score; no policy selection on test.,False,0.22-0.80,0.5156629587009334
heloc,locked_test,HELOC capacity SCRE top25,SCRE-Optimized ranking,0.29,1009,823,0.34068104831520774,0.3246568015689071,0.0,True,True,False,Decision curve computed from existing probability score; no policy selection on test.,False,0.22-0.80,0.5156629587009334
heloc,locked_test,HELOC capacity SCRE top25,SCRE-Optimized ranking,0.3,1007,781,0.3403978300180831,0.31500904159132004,0.0,True,True,False,Decision curve computed from existing probability score; no policy selection on test.,False,0.22-0.80,0.5156629587009334
heloc,locked_test,HELOC capacity SCRE top25,SCRE-Optimized ranking,0.31,998,760,0.33243074665199046,0.3050816363969913,0.0,True,True,False,Decision curve computed from existing probability score; no policy selection on test.,False,0.22-0.80,0.5156629587009334
heloc,locked_test,HELOC capacity SCRE top25,SCRE-Optimized ranking,0.32,996,728,0.33084139985107963,0.2948622486969471,0.0,True,True,False,Decision curve computed from existing probability score; no policy selection on test.,False,0.22-0.80,0.5156629587009334
heloc,locked_test,HELOC capacity SCRE top25,SCRE-Optimized ranking,0.33,989,701,0.325939920649915,0.2843378046476478,0.0,True,True,False,Decision curve computed from existing probability score; no policy selection on test.,False,0.22-0.80,0.5156629587009334
heloc,locked_test,HELOC capacity SCRE top25,SCRE-Optimized ranking,0.34,987,678,0.3228998849252014,0.2734944380514,0.0,True,True,False,Decision curve computed from existing probability score; no policy selection on test.,False,0.22-0.80,0.5156629587009334
heloc,locked_test,HELOC capacity SCRE top25,SCRE-Optimized ranking,0.35,979,655,0.3171178188899708,0.262317429406037,0.0,True,True,False,Decision curve computed from existing probability score; no policy selection on test.,False,0.22-0.80,0.5156629587009334
heloc,locked_test,HELOC capacity SCRE top25,SCRE-Optimized ranking,0.36,973,629,0.3135126582278481,0.2507911392405063,0.0,True,True,False,Decision curve computed from existing probability score; no policy selection on test.,False,0.22-0.80,0.5156629587009334
heloc,locked_test,HELOC capacity SCRE top25,SCRE-Optimized ranking,0.37,963,603,0.30828209764918624,0.2388989351014667,0.0,True,True,False,Decision curve computed from existing probability score; no policy selection on test.,False,0.22-0.80,0.5156629587009334
heloc,locked_test,HELOC capacity SCRE top25,SCRE-Optimized ranking,0.38,957,586,0.3027031441404655,0.226623111474071,0.0,True,True,False,Decision curve computed from existing probability score; no policy selection on test.,False,0.22-0.80,0.5156629587009334
heloc,locked_test,HELOC capacity SCRE top25,SCRE-Optimized ranking,0.39,949,565,0.2976053123054575,0.21394480182610492,0.0,True,True,False,Decision curve computed from existing probability score; no policy selection on test.,False,0.22-0.80,0.5156629587009334
heloc,locked_test,HELOC capacity SCRE top25,SCRE-Optimized ranking,0.4,945,545,0.29451476793248943,0.20084388185654,0.0,True,True,False,Decision curve computed from existing probability score; no policy selection on test.,False,0.22-0.80,0.5156629587009334
heloc,locked_test,HELOC capacity SCRE top25,SCRE-Optimized ranking,0.41,938,530,0.2884531216477152,0.18729886290495606,0.0,True,True,False,Decision curve computed from existing probability score; no policy selection on test.,False,0.22-0.80,0.5156629587009334
heloc,locked_test,HELOC capacity SCRE top25,SCRE-Optimized ranking,0.42,933,519,0.28211261457878656,0.1732867743343518,0.0,True,True,False,Decision curve computed from existing probability score; no policy selection on test.,False,0.22-0.80,0.5156629587009334
heloc,locked_test,HELOC capacity SCRE top25,SCRE-Optimized ranking,0.43,928,502,0.27812569398178993,0.1587830335332001,0.0,True,True,False,Decision curve computed from existing probability score; no policy selection on test.,False,0.22-0.80,0.5156629587009334
heloc,locked_test,HELOC capacity SCRE top25,SCRE-Optimized ranking,0.44,923,486,0.273996383363472,0.14376130198915005,0.0,True,True,False,Decision curve computed from existing probability score; no policy selection on test.,False,0.22-0.80,0.5156629587009334
heloc,locked_test,HELOC capacity SCRE top25,SCRE-Optimized ranking,0.45,912,470,0.2670655926352129,0.12819332566168007,0.0,True,True,False,Decision curve computed from existing probability score; no policy selection on test.,False,0.22-0.80,0.5156629587009334
heloc,locked_test,HELOC capacity SCRE top25,SCRE-Optimized ranking,0.46,902,448,0.26347866854195967,0.11204875761837785,0.0,True,True,False,Decision curve computed from existing probability score; no policy selection on test.,False,0.22-0.80,0.5156629587009334
heloc,locked_test,HELOC capacity SCRE top25,SCRE-Optimized ranking,0.47,897,435,0.2588583711487939,0.09529496059230952,0.0,True,True,False,Decision curve computed from existing probability score; no policy selection on test.,False,0.22-0.80,0.5156629587009334
heloc,locked_test,HELOC capacity SCRE top25,SCRE-Optimized ranking,0.48,889,415,0.25616358325219085,0.07789678675754624,0.0,True,True,False,Decision curve computed from existing probability score; no policy selection on test.,False,0.22-0.80,0.5156629587009334
heloc,locked_test,HELOC capacity SCRE top25,SCRE-Optimized ranking,0.49,884,398,0.2539786547530405,0.05981633159592953,0.0,True,True,False,Decision curve computed from existing probability score; no policy selection on test.,False,0.22-0.80,0.5156629587009334
heloc,locked_test,HELOC capacity SCRE top25,SCRE-Optimized ranking,0.5,879,387,0.24911392405063287,0.04101265822784805,0.0,True,True,False,Decision curve computed from existing probability score; no policy selection on test.,False,0.22-0.80,0.5156629587009334
heloc,locked_test,HELOC capacity SCRE top25,SCRE-Optimized ranking,0.51,870,376,0.2423559803668303,0.02144148798760004,0.0,True,True,False,Decision curve computed from existing probability score; no policy selection on test.,False,0.22-0.80,0.5156629587009334
heloc,locked_test,HELOC capacity SCRE top25,SCRE-Optimized ranking,0.52,858,360,0.2369620253164557,0.001054852320675037,0.0,True,True,False,Decision curve computed from existing probability score; no policy selection on test.,False,0.22-0.80,0.5156629587009334
heloc,locked_test,HELOC capacity SCRE top25,SCRE-Optimized ranking,0.53,846,347,0.2302289253972529,-0.02019929975760859,0.0,True,True,False,Decision curve computed from existing probability score; no policy selection on test.,False,0.22-0.80,0.5156629587009334
heloc,locked_test,HELOC capacity SCRE top25,SCRE-Optimized ranking,0.54,835,336,0.22307099614749584,-0.042377545404512995,0.0,True,True,False,Decision curve computed from existing probability score; no policy selection on test.,False,0.22-0.80,0.5156629587009334
heloc,locked_test,HELOC capacity SCRE top25,SCRE-Optimized ranking,0.55,827,329,0.21513361462728545,-0.0655414908579468,0.0,True,True,False,Decision curve computed from existing probability score; no policy selection on test.,False,0.22-0.80,0.5156629587009334
heloc,locked_test,HELOC capacity SCRE top25,SCRE-Optimized ranking,0.56,817,314,0.21132336018411965,-0.08975834292290008,0.0,True,True,False,Decision curve computed from existing probability score; no policy selection on test.,False,0.22-0.80,0.5156629587009334
heloc,locked_test,HELOC capacity SCRE top25,SCRE-Optimized ranking,0.57,805,304,0.20355607889314106,-0.11510156020017648,0.0,True,True,False,Decision curve computed from existing probability score; no policy selection on test.,False,0.22-0.80,0.5156629587009334
heloc,locked_test,HELOC capacity SCRE top25,SCRE-Optimized ranking,0.58,797,290,0.20077154912597955,-0.14165159734779986,0.0,True,True,False,Decision curve computed from existing probability score; no policy selection on test.,False,0.22-0.80,0.5156629587009334
heloc,locked_test,HELOC capacity SCRE top25,SCRE-Optimized ranking,0.59,783,283,0.19025625192960793,-0.1694967582587218,0.0,True,True,False,Decision curve computed from existing probability score; no policy selection on test.,False,0.22-0.80,0.5156629587009334
heloc,locked_test,HELOC capacity SCRE top25,SCRE-Optimized ranking,0.6,770,269,0.18556962025316462,-0.19873417721518982,0.0,True,True,False,Decision curve computed from existing probability score; no policy selection on test.,False,0.22-0.80,0.5156629587009334
heloc,locked_test,HELOC capacity SCRE top25,SCRE-Optimized ranking,0.61,761,262,0.17782538136968518,-0.22947095098993842,0.0,True,True,False,Decision curve computed from existing probability score; no policy selection on test.,False,0.22-0.80,0.5156629587009334
heloc,locked_test,HELOC capacity SCRE top25,SCRE-Optimized ranking,0.62,752,252,0.1725782811459027,-0.26182544970019994,0.0,True,True,False,Decision curve computed from existing probability score; no policy selection on test.,False,0.22-0.80,0.5156629587009334
heloc,locked_test,HELOC capacity SCRE top25,SCRE-Optimized ranking,0.63,742,242,0.16706123845364357,-0.29592884023263777,0.0,True,True,False,Decision curve computed from existing probability score; no policy selection on test.,False,0.22-0.80,0.5156629587009334
heloc,locked_test,HELOC capacity SCRE top25,SCRE-Optimized ranking,0.64,728,230,0.16157524613220814,-0.3319268635724333,0.0,True,True,False,Decision curve computed from existing probability score; no policy selection on test.,False,0.22-0.80,0.5156629587009334
heloc,locked_test,HELOC capacity SCRE top25,SCRE-Optimized ranking,0.65,713,214,0.15978300180831825,-0.36998191681736003,0.0,True,True,False,Decision curve computed from existing probability score; no policy selection on test.,False,0.22-0.80,0.5156629587009334
heloc,locked_test,HELOC capacity SCRE top25,SCRE-Optimized ranking,0.66,696,206,0.14993298585256887,-0.4102755026061059,0.0,True,True,False,Decision curve computed from existing probability score; no policy selection on test.,False,0.22-0.80,0.5156629587009334
heloc,locked_test,HELOC capacity SCRE top25,SCRE-Optimized ranking,0.67,680,196,0.14281549673954733,-0.4530111238972001,0.0,True,True,False,Decision curve computed from existing probability score; no policy selection on test.,False,0.22-0.80,0.5156629587009334
heloc,locked_test,HELOC capacity SCRE top25,SCRE-Optimized ranking,0.68,666,188,0.13493670886075942,-0.49841772151898756,0.0,True,True,False,Decision curve computed from existing probability score; no policy selection on test.,False,0.22-0.80,0.5156629587009334
heloc,locked_test,HELOC capacity SCRE top25,SCRE-Optimized ranking,0.69,649,170,0.13701919150673753,-0.5467537770518576,0.0,True,True,False,Decision curve computed from existing probability score; no policy selection on test.,False,0.22-0.80,0.5156629587009334
heloc,locked_test,HELOC capacity SCRE top25,SCRE-Optimized ranking,0.7,632,160,0.13097046413502111,-0.5983122362869198,0.0,True,True,False,Decision curve computed from existing probability score; no policy selection on test.,False,0.22-0.80,0.5156629587009334
heloc,locked_test,HELOC capacity SCRE top25,SCRE-Optimized ranking,0.71,604,151,0.1186381492797905,-0.6534264513312964,0.0,True,True,False,Decision curve computed from existing probability score; no policy selection on test.,False,0.22-0.80,0.5156629587009334
heloc,locked_test,HELOC capacity SCRE top25,SCRE-Optimized ranking,0.72,586,139,0.11573236889692584,-0.7124773960216997,0.0,True,True,False,Decision curve computed from existing probability score; no policy selection on test.,False,0.22-0.80,0.5156629587009334
heloc,locked_test,HELOC capacity SCRE top25,SCRE-Optimized ranking,0.73,565,129,0.109479606188467,-0.7759024847632441,0.0,True,True,False,Decision curve computed from existing probability score; no policy selection on test.,False,0.22-0.80,0.5156629587009334
heloc,locked_test,HELOC capacity SCRE top25,SCRE-Optimized ranking,0.74,542,118,0.10438169425511198,-0.8442064264849074,0.0,True,True,False,Decision curve computed from existing probability score; no policy selection on test.,False,0.22-0.80,0.5156629587009334
heloc,locked_test,HELOC capacity SCRE top25,SCRE-Optimized ranking,0.75,525,114,0.09265822784810124,-0.9179746835443039,0.0,True,True,False,Decision curve computed from existing probability score; no policy selection on test.,False,0.22-0.80,0.5156629587009334
heloc,locked_test,HELOC capacity SCRE top25,SCRE-Optimized ranking,0.76,506,104,0.08945147679324891,-0.9978902953586499,0.0,True,True,False,Decision curve computed from existing probability score; no policy selection on test.,False,0.22-0.80,0.5156629587009334
heloc,locked_test,HELOC capacity SCRE top25,SCRE-Optimized ranking,0.77,485,93,0.08792515134837645,-1.084755090809026,0.0,True,True,False,Decision curve computed from existing probability score; no policy selection on test.,False,0.22-0.80,0.5156629587009334
heloc,locked_test,HELOC capacity SCRE top25,SCRE-Optimized ranking,0.78,465,85,0.08285385500575373,-1.1795166858458002,0.0,True,True,False,Decision curve computed from existing probability score; no policy selection on test.,False,0.22-0.80,0.5156629587009334
heloc,locked_test,HELOC capacity SCRE top25,SCRE-Optimized ranking,0.79,437,75,0.07840867992766723,-1.2833031946956002,0.0,True,True,False,Decision curve computed from existing probability score; no policy selection on test.,False,0.22-0.80,0.5156629587009334
heloc,locked_test,HELOC capacity SCRE top25,SCRE-Optimized ranking,0.8,407,67,0.07037974683544301,-1.3974683544303803,0.0,True,True,True,Decision curve computed from existing probability score; no policy selection on test.,False,0.22-0.80,0.5156629587009334
heloc,validation,SCRE-Optimized ranking threshold 0.50,SCRE-Optimized ranking,0.01,1027,947,0.5154176005239834,0.5154176005239834,0.0,False,True,True,Decision curve computed from existing probability score; no policy selection on test.,False,0.07-0.80,0.5154176005239834
heloc,validation,SCRE-Optimized ranking threshold 0.50,SCRE-Optimized ranking,0.02,1027,947,0.5104728821619833,0.5104728821619833,0.0,False,True,True,Decision curve computed from existing probability score; no policy selection on test.,False,0.07-0.80,0.5154176005239834
heloc,validation,SCRE-Optimized ranking threshold 0.50,SCRE-Optimized ranking,0.03,1027,947,0.5054262108440656,0.5054262108440656,0.0,False,True,False,Decision curve computed from existing probability score; no policy selection on test.,False,0.07-0.80,0.5154176005239834
heloc,validation,SCRE-Optimized ranking threshold 0.50,SCRE-Optimized ranking,0.04,1027,947,0.500274400540358,0.500274400540358,0.0,False,True,False,Decision curve computed from existing probability score; no policy selection on test.,False,0.07-0.80,0.5154176005239834
heloc,validation,SCRE-Optimized ranking threshold 0.50,SCRE-Optimized ranking,0.05,1027,947,0.4950141310723617,0.4950141310723617,0.0,False,True,False,Decision curve computed from existing probability score; no policy selection on test.,False,0.07-0.80,0.5154176005239834
heloc,validation,SCRE-Optimized ranking threshold 0.50,SCRE-Optimized ranking,0.06,1027,947,0.48964194097738684,0.48964194097738684,0.0,False,True,False,Decision curve computed from existing probability score; no policy selection on test.,False,0.07-0.80,0.5154176005239834
heloc,validation,SCRE-Optimized ranking threshold 0.50,SCRE-Optimized ranking,0.07,1027,947,0.4841542199126276,0.4841542199126275,0.0,True,True,False,Decision curve computed from existing probability score; no policy selection on test.,False,0.07-0.80,0.5154176005239834
heloc,validation,SCRE-Optimized ranking threshold 0.50,SCRE-Optimized ranking,0.08,1027,947,0.4785472005638518,0.4785472005638518,0.0,False,True,False,Decision curve computed from existing probability score; no policy selection on test.,False,0.07-0.80,0.5154176005239834
heloc,validation,SCRE-Optimized ranking threshold 0.50,SCRE-Optimized ranking,0.09,1027,947,0.4728169500205974,0.4728169500205974,0.0,False,True,False,Decision curve computed from existing probability score; no policy selection on test.,False,0.07-0.80,0.5154176005239834
heloc,validation,SCRE-Optimized ranking threshold 0.50,SCRE-Optimized ranking,0.1,1027,947,0.4669593605763818,0.4669593605763818,0.0,False,True,False,Decision curve computed from existing probability score; no policy selection on test.,False,0.07-0.80,0.5154176005239834
heloc,validation,SCRE-Optimized ranking threshold 0.50,SCRE-Optimized ranking,0.11,1027,947,0.4609701399087007,0.4609701399087007,0.0,False,True,False,Decision curve computed from existing probability score; no policy selection on test.,False,0.07-0.80,0.5154176005239834
heloc,validation,SCRE-Optimized ranking threshold 0.50,SCRE-Optimized ranking,0.12,1027,947,0.4548448005894814,0.4548448005894814,0.0,False,True,False,Decision curve computed from existing probability score; no policy selection on test.,False,0.07-0.80,0.5154176005239834
heloc,validation,SCRE-Optimized ranking threshold 0.50,SCRE-Optimized ranking,0.13,1027,947,0.4485786488721191,0.4485786488721191,0.0,False,True,False,Decision curve computed from existing probability score; no policy selection on test.,False,0.07-0.80,0.5154176005239834
heloc,validation,SCRE-Optimized ranking threshold 0.50,SCRE-Optimized ranking,0.14,1027,947,0.4421667726962135,0.4421667726962135,0.0,False,True,False,Decision curve computed from existing probability score; no policy selection on test.,False,0.07-0.80,0.5154176005239834
heloc,validation,SCRE-Optimized ranking threshold 0.50,SCRE-Optimized ranking,0.15,1027,947,0.43560402884558075,0.43560402884558075,0.0,False,True,False,Decision curve computed from existing probability score; no policy selection on test.,False,0.07-0.80,0.5154176005239834
heloc,validation,SCRE-Optimized ranking threshold 0.50,SCRE-Optimized ranking,0.16,1027,947,0.4288850291889805,0.4288850291889805,0.0,False,True,False,Decision curve computed from existing probability score; no policy selection on test.,False,0.07-0.80,0.5154176005239834
heloc,validation,SCRE-Optimized ranking threshold 0.50,SCRE-Optimized ranking,0.17,1027,947,0.4220041259261972,0.4220041259261971,0.0,True,True,False,Decision curve computed from existing probability score; no policy selection on test.,False,0.07-0.80,0.5154176005239834
heloc,validation,SCRE-Optimized ranking threshold 0.50,SCRE-Optimized ranking,0.18,1027,947,0.4149553957545654,0.4149553957545654,0.0,False,True,False,Decision curve computed from existing probability score; no policy selection on test.,False,0.07-0.80,0.5154176005239834
heloc,validation,SCRE-Optimized ranking threshold 0.50,SCRE-Optimized ranking,0.19,1027,947,0.4077326228626465,0.40773262286264644,0.0,True,True,False,Decision curve computed from existing probability score; no policy selection on test.,False,0.07-0.80,0.5154176005239834
heloc,validation,SCRE-Optimized ranking threshold 0.50,SCRE-Optimized ranking,0.2,1027,947,0.40032928064842954,0.40032928064842954,0.0,False,True,False,Decision curve computed from existing probability score; no policy selection on test.,False,0.07-0.80,0.5154176005239834
heloc,validation,SCRE-Optimized ranking threshold 0.50,SCRE-Optimized ranking,0.21,1027,946,0.3928731740474266,0.3927385120490426,0.0,True,True,False,Decision curve computed from existing probability score; no policy selection on test.,False,0.07-0.80,0.5154176005239834
heloc,validation,SCRE-Optimized ranking threshold 0.50,SCRE-Optimized ranking,0.22,1027,946,0.38509599147897017,0.3849531083573636,0.0,True,True,False,Decision curve computed from existing probability score; no policy selection on test.,False,0.07-0.80,0.5154176005239834
heloc,validation,SCRE-Optimized ranking threshold 0.50,SCRE-Optimized ranking,0.23,1027,943,0.3775707575099672,0.3769654863879788,0.0,True,True,False,Decision curve computed from existing probability score; no policy selection on test.,False,0.07-0.80,0.5154176005239834
heloc,validation,SCRE-Optimized ranking threshold 0.50,SCRE-Optimized ranking,0.24,1027,935,0.3706873566895963,0.3687676638404521,0.0,True,True,False,Decision curve computed from existing probability score; no policy selection on test.,False,0.07-0.80,0.5154176005239834
heloc,validation,SCRE-Optimized ranking threshold 0.50,SCRE-Optimized ranking,0.25,1027,920,0.36491050320837554,0.3603512326916582,0.0,True,True,False,Decision curve computed from existing probability score; no policy selection on test.,False,0.07-0.80,0.5154176005239834
heloc,validation,SCRE-Optimized ranking threshold 0.50,SCRE-Optimized ranking,0.26,1025,899,0.35923765710999755,0.35170733043073465,0.0,True,True,False,Decision curve computed from existing probability score; no policy selection on test.,False,0.07-0.80,0.5154176005239834
heloc,validation,SCRE-Optimized ranking threshold 0.50,SCRE-Optimized ranking,0.27,1025,874,0.35549124925400066,0.3428266089297858,0.0,True,True,False,Decision curve computed from existing probability score; no policy selection on test.,False,0.07-0.80,0.5154176005239834
heloc,validation,SCRE-Optimized ranking threshold 0.50,SCRE-Optimized ranking,0.28,1019,847,0.3493470674321738,0.3336992007204772,0.0,True,True,False,Decision curve computed from existing probability score; no policy selection on test.,False,0.07-0.80,0.5154176005239834
heloc,validation,SCRE-Optimized ranking threshold 0.50,SCRE-Optimized ranking,0.29,1015,809,0.34678995961585113,0.32431468242076567,0.0,True,True,False,Decision curve computed from existing probability score; no policy selection on test.,False,0.07-0.80,0.5154176005239834
heloc,validation,SCRE-Optimized ranking threshold 0.50,SCRE-Optimized ranking,0.3,1014,763,0.3480243161094225,0.3146620350267766,0.0,True,True,False,Decision curve computed from existing probability score; no policy selection on test.,False,0.07-0.80,0.5154176005239834
heloc,validation,SCRE-Optimized ranking threshold 0.50,SCRE-Optimized ranking,0.31,1006,736,0.3421141506247889,0.30472960075180233,0.0,True,True,False,Decision curve computed from existing probability score; no policy selection on test.,False,0.07-0.80,0.5154176005239834
heloc,validation,SCRE-Optimized ranking threshold 0.50,SCRE-Optimized ranking,0.32,997,708,0.33628344955003275,0.2945050360569759,0.0,True,True,False,Decision curve computed from existing probability score; no policy selection on test.,False,0.07-0.80,0.5154176005239834
heloc,validation,SCRE-Optimized ranking threshold 0.50,SCRE-Optimized ranking,0.33,993,678,0.333870162863494,0.28397526047573673,0.0,True,True,False,Decision curve computed from existing probability score; no policy selection on test.,False,0.07-0.80,0.5154176005239834
heloc,validation,SCRE-Optimized ranking threshold 0.50,SCRE-Optimized ranking,0.34,986,657,0.3280372110159344,0.27312640078597517,0.0,True,True,False,Decision curve computed from existing probability score; no policy selection on test.,False,0.07-0.80,0.5154176005239834
heloc,validation,SCRE-Optimized ranking threshold 0.50,SCRE-Optimized ranking,0.35,981,631,0.3248382822850908,0.26194373002883636,0.0,True,True,False,Decision curve computed from existing probability score; no policy selection on test.,False,0.07-0.80,0.5154176005239834
heloc,validation,SCRE-Optimized ranking threshold 0.50,SCRE-Optimized ranking,0.36,975,599,0.323233282674772,0.2504116008105369,0.0,True,True,False,Decision curve computed from existing probability score; no policy selection on test.,False,0.07-0.80,0.5154176005239834
heloc,validation,SCRE-Optimized ranking threshold 0.50,SCRE-Optimized ranking,0.37,969,575,0.31980830157121953,0.238513372251974,0.0,True,True,False,Decision curve computed from existing probability score; no policy selection on test.,False,0.07-0.80,0.5154176005239834
heloc,validation,SCRE-Optimized ranking threshold 0.50,SCRE-Optimized ranking,0.38,962,551,0.316256495734876,0.22623132986894134,0.0,True,True,False,Decision curve computed from existing probability score; no policy selection on test.,False,0.07-0.80,0.5154176005239834
heloc,validation,SCRE-Optimized ranking threshold 0.50,SCRE-Optimized ranking,0.39,959,531,0.3138339395751324,0.21354659757171085,0.0,True,True,False,Decision curve computed from existing probability score; no policy selection on test.,False,0.07-0.80,0.5154176005239834
heloc,validation,SCRE-Optimized ranking threshold 0.50,SCRE-Optimized ranking,0.4,949,512,0.3078351908139142,0.2004390408645727,0.0,True,True,False,Decision curve computed from existing probability score; no policy selection on test.,False,0.07-0.80,0.5154176005239834
heloc,validation,SCRE-Optimized ranking threshold 0.50,SCRE-Optimized ranking,0.41,942,493,0.30365085089210586,0.1868871602012605,0.0,True,True,False,Decision curve computed from existing probability score; no policy selection on test.,False,0.07-0.80,0.5154176005239834
heloc,validation,SCRE-Optimized ranking threshold 0.50,SCRE-Optimized ranking,0.42,932,475,0.29788980889494465,0.1728679733081787,0.0,True,True,False,Decision curve computed from existing probability score; no policy selection on test.,False,0.07-0.80,0.5154176005239834
heloc,validation,SCRE-Optimized ranking threshold 0.50,SCRE-Optimized ranking,0.43,926,454,0.2955971489006204,0.15835688512060292,0.0,True,True,True,Decision curve computed from existing probability score; no policy selection on test.,False,0.07-0.80,0.5154176005239834
heloc,validation,SCRE-Optimized ranking threshold 0.50,SCRE-Optimized ranking,0.44,920,433,0.2937111014618613,0.1433275437834708,0.0,True,True,True,Decision curve computed from existing probability score; no policy selection on test.,False,0.07-0.80,0.5154176005239834
heloc,validation,SCRE-Optimized ranking threshold 0.50,SCRE-Optimized ranking,0.45,913,420,0.28843142672929906,0.1277516809431703,0.0,True,True,True,Decision curve computed from existing probability score; no policy selection on test.,False,0.07-0.80,0.5154176005239834
heloc,validation,SCRE-Optimized ranking threshold 0.50,SCRE-Optimized ranking,0.46,903,405,0.2826747720364742,0.11159893429396966,0.0,True,True,True,Decision curve computed from existing probability score; no policy selection on test.,False,0.07-0.80,0.5154176005239834
heloc,validation,SCRE-Optimized ranking threshold 0.50,SCRE-Optimized ranking,0.47,886,391,0.2731834604576475,0.0948366500353654,0.0,True,True,False,Decision curve computed from existing probability score; no policy selection on test.,False,0.07-0.80,0.5154176005239834
heloc,validation,SCRE-Optimized ranking threshold 0.50,SCRE-Optimized ranking,0.48,885,380,0.27063362169745153,0.0774296625360455,0.0,True,True,True,Decision curve computed from existing probability score; no policy selection on test.,False,0.07-0.80,0.5154176005239834
heloc,validation,SCRE-Optimized ranking threshold 0.50,SCRE-Optimized ranking,0.49,873,373,0.26070286270536586,0.05934004807596793,0.0,True,True,False,Decision curve computed from existing probability score; no policy selection on test.,False,0.07-0.80,0.5154176005239834
heloc,validation,SCRE-Optimized ranking threshold 0.50,SCRE-Optimized ranking,0.5,867,361,0.2563323201621074,0.04052684903748727,0.0,True,True,False,Decision curve computed from existing probability score; no policy selection on test.,False,0.07-0.80,0.5154176005239834
heloc,validation,SCRE-Optimized ranking threshold 0.50,SCRE-Optimized ranking,0.51,856,348,0.25014990798751113,0.020945764323966554,0.0,True,True,False,Decision curve computed from existing probability score; no policy selection on test.,False,0.07-0.80,0.5154176005239834
heloc,validation,SCRE-Optimized ranking threshold 0.50,SCRE-Optimized ranking,0.52,847,335,0.24522965214454576,0.0005488010807158661,0.0,True,True,True,Decision curve computed from existing probability score; no policy selection on test.,False,0.07-0.80,0.5154176005239834
heloc,validation,SCRE-Optimized ranking threshold 0.50,SCRE-Optimized ranking,0.53,840,327,0.2387311647157731,-0.02071611804522644,0.0,True,True,True,Decision curve computed from existing probability score; no policy selection on test.,False,0.07-0.80,0.5154176005239834
heloc,validation,SCRE-Optimized ranking threshold 0.50,SCRE-Optimized ranking,0.54,836,313,0.23736839786793532,-0.0429055988722965,0.0,True,True,True,Decision curve computed from existing probability score; no policy selection on test.,False,0.07-0.80,0.5154176005239834
heloc,validation,SCRE-Optimized ranking threshold 0.50,SCRE-Optimized ranking,0.55,829,299,0.23483057525610712,-0.06608127884723647,0.0,True,True,True,Decision curve computed from existing probability score; no policy selection on test.,False,0.07-0.80,0.5154176005239834
heloc,validation,SCRE-Optimized ranking threshold 0.50,SCRE-Optimized ranking,0.56,820,292,0.22713456756009945,-0.09031039882103731,0.0,True,True,True,Decision curve computed from existing probability score; no policy selection on test.,False,0.07-0.80,0.5154176005239834
heloc,validation,SCRE-Optimized ranking threshold 0.50,SCRE-Optimized ranking,0.57,810,278,0.22365165759524988,-0.11566645460757274,0.0,True,True,True,Decision curve computed from existing probability score; no policy selection on test.,False,0.07-0.80,0.5154176005239834
heloc,validation,SCRE-Optimized ranking threshold 0.50,SCRE-Optimized ranking,0.58,797,266,0.21766295170550493,-0.14222994162203884,0.0,True,True,True,Decision curve computed from existing probability score; no policy selection on test.,False,0.07-0.80,0.5154176005239834
heloc,validation,SCRE-Optimized ranking threshold 0.50,SCRE-Optimized ranking,0.59,789,252,0.2159908073244867,-0.17008920849086906,0.0,True,True,True,Decision curve computed from existing probability score; no policy selection on test.,False,0.07-0.80,0.5154176005239834
heloc,validation,SCRE-Optimized ranking threshold 0.50,SCRE-Optimized ranking,0.6,777,242,0.209726443768997,-0.1993414387031408,0.0,True,True,True,Decision curve computed from existing probability score; no policy selection on test.,False,0.07-0.80,0.5154176005239834
heloc,validation,SCRE-Optimized ranking threshold 0.50,SCRE-Optimized ranking,0.61,770,230,0.20782999506403763,-0.23009378328527275,0.0,True,True,True,Decision curve computed from existing probability score; no policy selection on test.,False,0.07-0.80,0.5154176005239834
heloc,validation,SCRE-Optimized ranking threshold 0.50,SCRE-Optimized ranking,0.62,757,219,0.20247427078334132,-0.26246467231909565,0.0,True,True,True,Decision curve computed from existing probability score; no policy selection on test.,False,0.07-0.80,0.5154176005239834
heloc,validation,SCRE-Optimized ranking threshold 0.50,SCRE-Optimized ranking,0.63,743,205,0.19956734850351873,-0.2965853391385307,0.0,True,True,True,Decision curve computed from existing probability score; no policy selection on test.,False,0.07-0.80,0.5154176005239834
heloc,validation,SCRE-Optimized ranking threshold 0.50,SCRE-Optimized ranking,0.64,731,194,0.19559833389620626,-0.3326015985590455,0.0,True,True,True,Decision curve computed from existing probability score; no policy selection on test.,False,0.07-0.80,0.5154176005239834
heloc,validation,SCRE-Optimized ranking threshold 0.50,SCRE-Optimized ranking,0.65,717,189,0.18541033434650453,-0.37067592994644694,0.0,True,True,True,Decision curve computed from existing probability score; no policy selection on test.,False,0.07-0.80,0.5154176005239834
heloc,validation,SCRE-Optimized ranking threshold 0.50,SCRE-Optimized ranking,0.66,703,179,0.18010608498718636,-0.41098992788604827,0.0,True,True,True,Decision curve computed from existing probability score; no policy selection on test.,False,0.07-0.80,0.5154176005239834
heloc,validation,SCRE-Optimized ranking threshold 0.50,SCRE-Optimized ranking,0.67,689,168,0.17624574007552726,-0.4537471984280498,0.0,True,True,True,Decision curve computed from existing probability score; no policy selection on test.,False,0.07-0.80,0.5154176005239834
heloc,validation,SCRE-Optimized ranking threshold 0.50,SCRE-Optimized ranking,0.68,674,161,0.1681231003039513,-0.49917679837892637,0.0,True,True,True,Decision curve computed from existing probability score; no policy selection on test.,False,0.07-0.80,0.5154176005239834
heloc,validation,SCRE-Optimized ranking threshold 0.50,SCRE-Optimized ranking,0.69,667,149,0.16988593652972517,-0.5475373402621171,0.0,True,True,True,Decision curve computed from existing probability score; no policy selection on test.,False,0.07-0.80,0.5154176005239834
heloc,validation,SCRE-Optimized ranking threshold 0.50,SCRE-Optimized ranking,0.7,651,136,0.1690307328605201,-0.5991219182708545,0.0,True,True,True,Decision curve computed from existing probability score; no policy selection on test.,False,0.07-0.80,0.5154176005239834
heloc,validation,SCRE-Optimized ranking threshold 0.50,SCRE-Optimized ranking,0.71,639,127,0.16619501799252348,-0.6542640533836426,0.0,True,True,True,Decision curve computed from existing probability score; no policy selection on test.,False,0.07-0.80,0.5154176005239834
heloc,validation,SCRE-Optimized ranking threshold 0.50,SCRE-Optimized ranking,0.72,619,120,0.15725864814010712,-0.7133449124330584,0.0,True,True,True,Decision curve computed from existing probability score; no policy selection on test.,False,0.07-0.80,0.5154176005239834
heloc,validation,SCRE-Optimized ranking threshold 0.50,SCRE-Optimized ranking,0.73,598,115,0.1454275957822057,-0.7768021314120603,0.0,True,True,True,Decision curve computed from existing probability score; no policy selection on test.,False,0.07-0.80,0.5154176005239834
heloc,validation,SCRE-Optimized ranking threshold 0.50,SCRE-Optimized ranking,0.74,570,104,0.13880445795339413,-0.8451406749279089,0.0,True,True,True,Decision curve computed from existing probability score; no policy selection on test.,False,0.07-0.80,0.5154176005239834
heloc,validation,SCRE-Optimized ranking threshold 0.50,SCRE-Optimized ranking,0.75,551,96,0.13323201621073963,-0.9189463019250255,0.0,True,True,True,Decision curve computed from existing probability score; no policy selection on test.,False,0.07-0.80,0.5154176005239834
heloc,validation,SCRE-Optimized ranking threshold 0.50,SCRE-Optimized ranking,0.76,531,87,0.1294326241134752,-0.9989023978385683,0.0,True,True,True,Decision curve computed from existing probability score; no policy selection on test.,False,0.07-0.80,0.5154176005239834
heloc,validation,SCRE-Optimized ranking threshold 0.50,SCRE-Optimized ranking,0.77,505,79,0.121844852649663,-1.085811197744593,0.0,True,True,True,Decision curve computed from existing probability score; no policy selection on test.,False,0.07-0.80,0.5154176005239834
heloc,validation,SCRE-Optimized ranking threshold 0.50,SCRE-Optimized ranking,0.78,482,69,0.12024500322372661,-1.1806207976420746,0.0,True,True,True,Decision curve computed from existing probability score; no policy selection on test.,False,0.07-0.80,0.5154176005239834
heloc,validation,SCRE-Optimized ranking threshold 0.50,SCRE-Optimized ranking,0.79,457,69,0.10001447387465623,-1.2844598832440783,0.0,True,True,True,Decision curve computed from existing probability score; no policy selection on test.,False,0.07-0.80,0.5154176005239834
heloc,validation,SCRE-Optimized ranking threshold 0.50,SCRE-Optimized ranking,0.8,436,65,0.0891590678824721,-1.3986828774062823,0.0,True,True,True,Decision curve computed from existing probability score; no policy selection on test.,False,0.07-0.80,0.5154176005239834
heloc,locked_test,SCRE-Optimized ranking threshold 0.50,SCRE-Optimized ranking,0.01,1028,947,0.5156629587009334,0.5156629587009334,0.0,False,True,True,Decision curve computed from existing probability score; no policy selection on test.,False,0.22-0.80,0.5156629587009334
heloc,locked_test,SCRE-Optimized ranking threshold 0.50,SCRE-Optimized ranking,0.02,1028,947,0.5107207439938001,0.5107207439938001,0.0,False,True,True,Decision curve computed from existing probability score; no policy selection on test.,False,0.22-0.80,0.5156629587009334
heloc,locked_test,SCRE-Optimized ranking threshold 0.50,SCRE-Optimized ranking,0.03,1028,947,0.505676627952499,0.505676627952499,0.0,False,True,False,Decision curve computed from existing probability score; no policy selection on test.,False,0.22-0.80,0.5156629587009334
heloc,locked_test,SCRE-Optimized ranking threshold 0.50,SCRE-Optimized ranking,0.04,1028,947,0.5005274261603375,0.5005274261603375,0.0,False,True,False,Decision curve computed from existing probability score; no policy selection on test.,False,0.22-0.80,0.5156629587009334
heloc,locked_test,SCRE-Optimized ranking threshold 0.50,SCRE-Optimized ranking,0.05,1028,947,0.49526982011992005,0.49526982011992005,0.0,False,True,False,Decision curve computed from existing probability score; no policy selection on test.,False,0.22-0.80,0.5156629587009334
heloc,locked_test,SCRE-Optimized ranking threshold 0.50,SCRE-Optimized ranking,0.06,1028,947,0.48990035012119576,0.48990035012119576,0.0,False,True,False,Decision curve computed from existing probability score; no policy selection on test.,False,0.22-0.80,0.5156629587009334
heloc,locked_test,SCRE-Optimized ranking threshold 0.50,SCRE-Optimized ranking,0.07,1028,947,0.4844154076493807,0.4844154076493807,0.0,False,True,False,Decision curve computed from existing probability score; no policy selection on test.,False,0.22-0.80,0.5156629587009334
heloc,locked_test,SCRE-Optimized ranking threshold 0.50,SCRE-Optimized ranking,0.08,1028,947,0.4788112272977435,0.4788112272977435,0.0,False,True,False,Decision curve computed from existing probability score; no policy selection on test.,False,0.22-0.80,0.5156629587009334
heloc,locked_test,SCRE-Optimized ranking threshold 0.50,SCRE-Optimized ranking,0.09,1028,947,0.47308387814716923,0.47308387814716923,0.0,False,True,False,Decision curve computed from existing probability score; no policy selection on test.,False,0.22-0.80,0.5156629587009334
heloc,locked_test,SCRE-Optimized ranking threshold 0.50,SCRE-Optimized ranking,0.1,1028,947,0.4672292545710267,0.4672292545710267,0.0,False,True,False,Decision curve computed from existing probability score; no policy selection on test.,False,0.22-0.80,0.5156629587009334
heloc,locked_test,SCRE-Optimized ranking threshold 0.50,SCRE-Optimized ranking,0.11,1028,947,0.46124306642013935,0.46124306642013935,0.0,False,True,False,Decision curve computed from existing probability score; no policy selection on test.,False,0.22-0.80,0.5156629587009334
heloc,locked_test,SCRE-Optimized ranking threshold 0.50,SCRE-Optimized ranking,0.12,1028,947,0.45512082853855,0.45512082853855,0.0,False,True,False,Decision curve computed from existing probability score; no policy selection on test.,False,0.22-0.80,0.5156629587009334
heloc,locked_test,SCRE-Optimized ranking threshold 0.50,SCRE-Optimized ranking,0.13,1028,947,0.44885784955623453,0.44885784955623453,0.0,False,True,False,Decision curve computed from existing probability score; no policy selection on test.,False,0.22-0.80,0.5156629587009334
heloc,locked_test,SCRE-Optimized ranking threshold 0.50,SCRE-Optimized ranking,0.14,1028,947,0.44244921989991165,0.44244921989991165,0.0,False,True,False,Decision curve computed from existing probability score; no policy selection on test.,False,0.22-0.80,0.5156629587009334
heloc,locked_test,SCRE-Optimized ranking threshold 0.50,SCRE-Optimized ranking,0.15,1028,947,0.43588979895755764,0.43588979895755764,0.0,False,True,False,Decision curve computed from existing probability score; no policy selection on test.,False,0.22-0.80,0.5156629587009334
heloc,locked_test,SCRE-Optimized ranking threshold 0.50,SCRE-Optimized ranking,0.16,1028,947,0.4291742013261,0.4291742013261,0.0,False,True,False,Decision curve computed from existing probability score; no policy selection on test.,False,0.22-0.80,0.5156629587009334
heloc,locked_test,SCRE-Optimized ranking threshold 0.50,SCRE-Optimized ranking,0.17,1028,947,0.4222967820649687,0.4222967820649687,0.0,False,True,False,Decision curve computed from existing probability score; no policy selection on test.,False,0.22-0.80,0.5156629587009334
heloc,locked_test,SCRE-Optimized ranking threshold 0.50,SCRE-Optimized ranking,0.18,1028,947,0.41525162087063905,0.41525162087063905,0.0,False,True,False,Decision curve computed from existing probability score; no policy selection on test.,False,0.22-0.80,0.5156629587009334
heloc,locked_test,SCRE-Optimized ranking threshold 0.50,SCRE-Optimized ranking,0.19,1028,947,0.40803250507891853,0.40803250507891853,0.0,False,True,False,Decision curve computed from existing probability score; no policy selection on test.,False,0.22-0.80,0.5156629587009334
heloc,locked_test,SCRE-Optimized ranking threshold 0.50,SCRE-Optimized ranking,0.2,1028,947,0.40063291139240503,0.40063291139240503,0.0,False,True,False,Decision curve computed from existing probability score; no policy selection on test.,False,0.22-0.80,0.5156629587009334
heloc,locked_test,SCRE-Optimized ranking threshold 0.50,SCRE-Optimized ranking,0.21,1028,947,0.393045986220157,0.393045986220157,0.0,False,True,False,Decision curve computed from existing probability score; no policy selection on test.,False,0.22-0.80,0.5156629587009334
heloc,locked_test,SCRE-Optimized ranking threshold 0.50,SCRE-Optimized ranking,0.22,1028,944,0.3856929568321973,0.3852645245050308,0.0,True,True,False,Decision curve computed from existing probability score; no policy selection on test.,False,0.22-0.80,0.5156629587009334
heloc,locked_test,SCRE-Optimized ranking threshold 0.50,SCRE-Optimized ranking,0.23,1028,940,0.37833963504849577,0.37728094690120006,0.0,True,True,False,Decision curve computed from existing probability score; no policy selection on test.,False,0.22-0.80,0.5156629587009334
heloc,locked_test,SCRE-Optimized ranking threshold 0.50,SCRE-Optimized ranking,0.24,1028,936,0.3708461025982678,0.36908727514990003,0.0,True,True,False,Decision curve computed from existing probability score; no policy selection on test.,False,0.22-0.80,0.5156629587009334
heloc,locked_test,SCRE-Optimized ranking threshold 0.50,SCRE-Optimized ranking,0.25,1028,924,0.36455696202531646,0.3606751054852321,0.0,True,True,False,Decision curve computed from existing probability score; no policy selection on test.,False,0.22-0.80,0.5156629587009334
heloc,locked_test,SCRE-Optimized ranking threshold 0.50,SCRE-Optimized ranking,0.26,1027,911,0.357933629832364,0.3520355798836811,0.0,True,True,False,Decision curve computed from existing probability score; no policy selection on test.,False,0.22-0.80,0.5156629587009334
heloc,locked_test,SCRE-Optimized ranking threshold 0.50,SCRE-Optimized ranking,0.27,1021,890,0.350289578637073,0.3431593549505808,0.0,True,True,False,Decision curve computed from existing probability score; no policy selection on test.,False,0.22-0.80,0.5156629587009334
heloc,locked_test,SCRE-Optimized ranking threshold 0.50,SCRE-Optimized ranking,0.28,1017,852,0.3471729957805907,0.33403656821378336,0.0,True,True,False,Decision curve computed from existing probability score; no policy selection on test.,False,0.22-0.80,0.5156629587009334
heloc,locked_test,SCRE-Optimized ranking threshold 0.50,SCRE-Optimized ranking,0.29,1009,823,0.34068104831520774,0.3246568015689071,0.0,True,True,False,Decision curve computed from existing probability score; no policy selection on test.,False,0.22-0.80,0.5156629587009334
heloc,locked_test,SCRE-Optimized ranking threshold 0.50,SCRE-Optimized ranking,0.3,1007,781,0.3403978300180831,0.31500904159132004,0.0,True,True,False,Decision curve computed from existing probability score; no policy selection on test.,False,0.22-0.80,0.5156629587009334
heloc,locked_test,SCRE-Optimized ranking threshold 0.50,SCRE-Optimized ranking,0.31,998,760,0.33243074665199046,0.3050816363969913,0.0,True,True,False,Decision curve computed from existing probability score; no policy selection on test.,False,0.22-0.80,0.5156629587009334
heloc,locked_test,SCRE-Optimized ranking threshold 0.50,SCRE-Optimized ranking,0.32,996,728,0.33084139985107963,0.2948622486969471,0.0,True,True,False,Decision curve computed from existing probability score; no policy selection on test.,False,0.22-0.80,0.5156629587009334
heloc,locked_test,SCRE-Optimized ranking threshold 0.50,SCRE-Optimized ranking,0.33,989,701,0.325939920649915,0.2843378046476478,0.0,True,True,False,Decision curve computed from existing probability score; no policy selection on test.,False,0.22-0.80,0.5156629587009334
heloc,locked_test,SCRE-Optimized ranking threshold 0.50,SCRE-Optimized ranking,0.34,987,678,0.3228998849252014,0.2734944380514,0.0,True,True,False,Decision curve computed from existing probability score; no policy selection on test.,False,0.22-0.80,0.5156629587009334
heloc,locked_test,SCRE-Optimized ranking threshold 0.50,SCRE-Optimized ranking,0.35,979,655,0.3171178188899708,0.262317429406037,0.0,True,True,False,Decision curve computed from existing probability score; no policy selection on test.,False,0.22-0.80,0.5156629587009334
heloc,locked_test,SCRE-Optimized ranking threshold 0.50,SCRE-Optimized ranking,0.36,973,629,0.3135126582278481,0.2507911392405063,0.0,True,True,False,Decision curve computed from existing probability score; no policy selection on test.,False,0.22-0.80,0.5156629587009334
heloc,locked_test,SCRE-Optimized ranking threshold 0.50,SCRE-Optimized ranking,0.37,963,603,0.30828209764918624,0.2388989351014667,0.0,True,True,False,Decision curve computed from existing probability score; no policy selection on test.,False,0.22-0.80,0.5156629587009334
heloc,locked_test,SCRE-Optimized ranking threshold 0.50,SCRE-Optimized ranking,0.38,957,586,0.3027031441404655,0.226623111474071,0.0,True,True,False,Decision curve computed from existing probability score; no policy selection on test.,False,0.22-0.80,0.5156629587009334
heloc,locked_test,SCRE-Optimized ranking threshold 0.50,SCRE-Optimized ranking,0.39,949,565,0.2976053123054575,0.21394480182610492,0.0,True,True,False,Decision curve computed from existing probability score; no policy selection on test.,False,0.22-0.80,0.5156629587009334
heloc,locked_test,SCRE-Optimized ranking threshold 0.50,SCRE-Optimized ranking,0.4,945,545,0.29451476793248943,0.20084388185654,0.0,True,True,False,Decision curve computed from existing probability score; no policy selection on test.,False,0.22-0.80,0.5156629587009334
heloc,locked_test,SCRE-Optimized ranking threshold 0.50,SCRE-Optimized ranking,0.41,938,530,0.2884531216477152,0.18729886290495606,0.0,True,True,False,Decision curve computed from existing probability score; no policy selection on test.,False,0.22-0.80,0.5156629587009334
heloc,locked_test,SCRE-Optimized ranking threshold 0.50,SCRE-Optimized ranking,0.42,933,519,0.28211261457878656,0.1732867743343518,0.0,True,True,False,Decision curve computed from existing probability score; no policy selection on test.,False,0.22-0.80,0.5156629587009334
heloc,locked_test,SCRE-Optimized ranking threshold 0.50,SCRE-Optimized ranking,0.43,928,502,0.27812569398178993,0.1587830335332001,0.0,True,True,False,Decision curve computed from existing probability score; no policy selection on test.,False,0.22-0.80,0.5156629587009334
heloc,locked_test,SCRE-Optimized ranking threshold 0.50,SCRE-Optimized ranking,0.44,923,486,0.273996383363472,0.14376130198915005,0.0,True,True,False,Decision curve computed from existing probability score; no policy selection on test.,False,0.22-0.80,0.5156629587009334
heloc,locked_test,SCRE-Optimized ranking threshold 0.50,SCRE-Optimized ranking,0.45,912,470,0.2670655926352129,0.12819332566168007,0.0,True,True,False,Decision curve computed from existing probability score; no policy selection on test.,False,0.22-0.80,0.5156629587009334
heloc,locked_test,SCRE-Optimized ranking threshold 0.50,SCRE-Optimized ranking,0.46,902,448,0.26347866854195967,0.11204875761837785,0.0,True,True,False,Decision curve computed from existing probability score; no policy selection on test.,False,0.22-0.80,0.5156629587009334
heloc,locked_test,SCRE-Optimized ranking threshold 0.50,SCRE-Optimized ranking,0.47,897,435,0.2588583711487939,0.09529496059230952,0.0,True,True,False,Decision curve computed from existing probability score; no policy selection on test.,False,0.22-0.80,0.5156629587009334
heloc,locked_test,SCRE-Optimized ranking threshold 0.50,SCRE-Optimized ranking,0.48,889,415,0.25616358325219085,0.07789678675754624,0.0,True,True,False,Decision curve computed from existing probability score; no policy selection on test.,False,0.22-0.80,0.5156629587009334
heloc,locked_test,SCRE-Optimized ranking threshold 0.50,SCRE-Optimized ranking,0.49,884,398,0.2539786547530405,0.05981633159592953,0.0,True,True,False,Decision curve computed from existing probability score; no policy selection on test.,False,0.22-0.80,0.5156629587009334
heloc,locked_test,SCRE-Optimized ranking threshold 0.50,SCRE-Optimized ranking,0.5,879,387,0.24911392405063287,0.04101265822784805,0.0,True,True,False,Decision curve computed from existing probability score; no policy selection on test.,False,0.22-0.80,0.5156629587009334
heloc,locked_test,SCRE-Optimized ranking threshold 0.50,SCRE-Optimized ranking,0.51,870,376,0.2423559803668303,0.02144148798760004,0.0,True,True,False,Decision curve computed from existing probability score; no policy selection on test.,False,0.22-0.80,0.5156629587009334
heloc,locked_test,SCRE-Optimized ranking threshold 0.50,SCRE-Optimized ranking,0.52,858,360,0.2369620253164557,0.001054852320675037,0.0,True,True,False,Decision curve computed from existing probability score; no policy selection on test.,False,0.22-0.80,0.5156629587009334
heloc,locked_test,SCRE-Optimized ranking threshold 0.50,SCRE-Optimized ranking,0.53,846,347,0.2302289253972529,-0.02019929975760859,0.0,True,True,False,Decision curve computed from existing probability score; no policy selection on test.,False,0.22-0.80,0.5156629587009334
heloc,locked_test,SCRE-Optimized ranking threshold 0.50,SCRE-Optimized ranking,0.54,835,336,0.22307099614749584,-0.042377545404512995,0.0,True,True,False,Decision curve computed from existing probability score; no policy selection on test.,False,0.22-0.80,0.5156629587009334
heloc,locked_test,SCRE-Optimized ranking threshold 0.50,SCRE-Optimized ranking,0.55,827,329,0.21513361462728545,-0.0655414908579468,0.0,True,True,False,Decision curve computed from existing probability score; no policy selection on test.,False,0.22-0.80,0.5156629587009334
heloc,locked_test,SCRE-Optimized ranking threshold 0.50,SCRE-Optimized ranking,0.56,817,314,0.21132336018411965,-0.08975834292290008,0.0,True,True,False,Decision curve computed from existing probability score; no policy selection on test.,False,0.22-0.80,0.5156629587009334
heloc,locked_test,SCRE-Optimized ranking threshold 0.50,SCRE-Optimized ranking,0.57,805,304,0.20355607889314106,-0.11510156020017648,0.0,True,True,False,Decision curve computed from existing probability score; no policy selection on test.,False,0.22-0.80,0.5156629587009334
heloc,locked_test,SCRE-Optimized ranking threshold 0.50,SCRE-Optimized ranking,0.58,797,290,0.20077154912597955,-0.14165159734779986,0.0,True,True,False,Decision curve computed from existing probability score; no policy selection on test.,False,0.22-0.80,0.5156629587009334
heloc,locked_test,SCRE-Optimized ranking threshold 0.50,SCRE-Optimized ranking,0.59,783,283,0.19025625192960793,-0.1694967582587218,0.0,True,True,False,Decision curve computed from existing probability score; no policy selection on test.,False,0.22-0.80,0.5156629587009334
heloc,locked_test,SCRE-Optimized ranking threshold 0.50,SCRE-Optimized ranking,0.6,770,269,0.18556962025316462,-0.19873417721518982,0.0,True,True,False,Decision curve computed from existing probability score; no policy selection on test.,False,0.22-0.80,0.5156629587009334
heloc,locked_test,SCRE-Optimized ranking threshold 0.50,SCRE-Optimized ranking,0.61,761,262,0.17782538136968518,-0.22947095098993842,0.0,True,True,False,Decision curve computed from existing probability score; no policy selection on test.,False,0.22-0.80,0.5156629587009334
heloc,locked_test,SCRE-Optimized ranking threshold 0.50,SCRE-Optimized ranking,0.62,752,252,0.1725782811459027,-0.26182544970019994,0.0,True,True,False,Decision curve computed from existing probability score; no policy selection on test.,False,0.22-0.80,0.5156629587009334
heloc,locked_test,SCRE-Optimized ranking threshold 0.50,SCRE-Optimized ranking,0.63,742,242,0.16706123845364357,-0.29592884023263777,0.0,True,True,False,Decision curve computed from existing probability score; no policy selection on test.,False,0.22-0.80,0.5156629587009334
heloc,locked_test,SCRE-Optimized ranking threshold 0.50,SCRE-Optimized ranking,0.64,728,230,0.16157524613220814,-0.3319268635724333,0.0,True,True,False,Decision curve computed from existing probability score; no policy selection on test.,False,0.22-0.80,0.5156629587009334
heloc,locked_test,SCRE-Optimized ranking threshold 0.50,SCRE-Optimized ranking,0.65,713,214,0.15978300180831825,-0.36998191681736003,0.0,True,True,False,Decision curve computed from existing probability score; no policy selection on test.,False,0.22-0.80,0.5156629587009334
heloc,locked_test,SCRE-Optimized ranking threshold 0.50,SCRE-Optimized ranking,0.66,696,206,0.14993298585256887,-0.4102755026061059,0.0,True,True,False,Decision curve computed from existing probability score; no policy selection on test.,False,0.22-0.80,0.5156629587009334
heloc,locked_test,SCRE-Optimized ranking threshold 0.50,SCRE-Optimized ranking,0.67,680,196,0.14281549673954733,-0.4530111238972001,0.0,True,True,False,Decision curve computed from existing probability score; no policy selection on test.,False,0.22-0.80,0.5156629587009334
heloc,locked_test,SCRE-Optimized ranking threshold 0.50,SCRE-Optimized ranking,0.68,666,188,0.13493670886075942,-0.49841772151898756,0.0,True,True,False,Decision curve computed from existing probability score; no policy selection on test.,False,0.22-0.80,0.5156629587009334
heloc,locked_test,SCRE-Optimized ranking threshold 0.50,SCRE-Optimized ranking,0.69,649,170,0.13701919150673753,-0.5467537770518576,0.0,True,True,False,Decision curve computed from existing probability score; no policy selection on test.,False,0.22-0.80,0.5156629587009334
heloc,locked_test,SCRE-Optimized ranking threshold 0.50,SCRE-Optimized ranking,0.7,632,160,0.13097046413502111,-0.5983122362869198,0.0,True,True,False,Decision curve computed from existing probability score; no policy selection on test.,False,0.22-0.80,0.5156629587009334
heloc,locked_test,SCRE-Optimized ranking threshold 0.50,SCRE-Optimized ranking,0.71,604,151,0.1186381492797905,-0.6534264513312964,0.0,True,True,False,Decision curve computed from existing probability score; no policy selection on test.,False,0.22-0.80,0.5156629587009334
heloc,locked_test,SCRE-Optimized ranking threshold 0.50,SCRE-Optimized ranking,0.72,586,139,0.11573236889692584,-0.7124773960216997,0.0,True,True,False,Decision curve computed from existing probability score; no policy selection on test.,False,0.22-0.80,0.5156629587009334
heloc,locked_test,SCRE-Optimized ranking threshold 0.50,SCRE-Optimized ranking,0.73,565,129,0.109479606188467,-0.7759024847632441,0.0,True,True,False,Decision curve computed from existing probability score; no policy selection on test.,False,0.22-0.80,0.5156629587009334
heloc,locked_test,SCRE-Optimized ranking threshold 0.50,SCRE-Optimized ranking,0.74,542,118,0.10438169425511198,-0.8442064264849074,0.0,True,True,False,Decision curve computed from existing probability score; no policy selection on test.,False,0.22-0.80,0.5156629587009334
heloc,locked_test,SCRE-Optimized ranking threshold 0.50,SCRE-Optimized ranking,0.75,525,114,0.09265822784810124,-0.9179746835443039,0.0,True,True,False,Decision curve computed from existing probability score; no policy selection on test.,False,0.22-0.80,0.5156629587009334
heloc,locked_test,SCRE-Optimized ranking threshold 0.50,SCRE-Optimized ranking,0.76,506,104,0.08945147679324891,-0.9978902953586499,0.0,True,True,False,Decision curve computed from existing probability score; no policy selection on test.,False,0.22-0.80,0.5156629587009334
heloc,locked_test,SCRE-Optimized ranking threshold 0.50,SCRE-Optimized ranking,0.77,485,93,0.08792515134837645,-1.084755090809026,0.0,True,True,False,Decision curve computed from existing probability score; no policy selection on test.,False,0.22-0.80,0.5156629587009334
heloc,locked_test,SCRE-Optimized ranking threshold 0.50,SCRE-Optimized ranking,0.78,465,85,0.08285385500575373,-1.1795166858458002,0.0,True,True,False,Decision curve computed from existing probability score; no policy selection on test.,False,0.22-0.80,0.5156629587009334
heloc,locked_test,SCRE-Optimized ranking threshold 0.50,SCRE-Optimized ranking,0.79,437,75,0.07840867992766723,-1.2833031946956002,0.0,True,True,False,Decision curve computed from existing probability score; no policy selection on test.,False,0.22-0.80,0.5156629587009334
heloc,locked_test,SCRE-Optimized ranking threshold 0.50,SCRE-Optimized ranking,0.8,407,67,0.07037974683544301,-1.3974683544303803,0.0,True,True,True,Decision curve computed from existing probability score; no policy selection on test.,False,0.22-0.80,0.5156629587009334
heloc,validation,Scorecard benchmark threshold 0.50,scorecard_sigmoid,0.01,1027,947,0.5154176005239834,0.5154176005239834,0.0,False,True,True,Decision curve computed from existing probability score; no policy selection on test.,False,0.07-0.80,0.5154176005239834
heloc,validation,Scorecard benchmark threshold 0.50,scorecard_sigmoid,0.02,1027,947,0.5104728821619833,0.5104728821619833,0.0,False,True,True,Decision curve computed from existing probability score; no policy selection on test.,False,0.07-0.80,0.5154176005239834
heloc,validation,Scorecard benchmark threshold 0.50,scorecard_sigmoid,0.03,1027,947,0.5054262108440656,0.5054262108440656,0.0,False,True,False,Decision curve computed from existing probability score; no policy selection on test.,False,0.07-0.80,0.5154176005239834
heloc,validation,Scorecard benchmark threshold 0.50,scorecard_sigmoid,0.04,1027,947,0.500274400540358,0.500274400540358,0.0,False,True,False,Decision curve computed from existing probability score; no policy selection on test.,False,0.07-0.80,0.5154176005239834
heloc,validation,Scorecard benchmark threshold 0.50,scorecard_sigmoid,0.05,1027,947,0.4950141310723617,0.4950141310723617,0.0,False,True,False,Decision curve computed from existing probability score; no policy selection on test.,False,0.07-0.80,0.5154176005239834
heloc,validation,Scorecard benchmark threshold 0.50,scorecard_sigmoid,0.06,1027,947,0.48964194097738684,0.48964194097738684,0.0,False,True,False,Decision curve computed from existing probability score; no policy selection on test.,False,0.07-0.80,0.5154176005239834
heloc,validation,Scorecard benchmark threshold 0.50,scorecard_sigmoid,0.07,1027,947,0.4841542199126276,0.4841542199126275,0.0,True,True,False,Decision curve computed from existing probability score; no policy selection on test.,False,0.07-0.80,0.5154176005239834
heloc,validation,Scorecard benchmark threshold 0.50,scorecard_sigmoid,0.08,1027,938,0.4789436588696533,0.4785472005638518,0.0,True,True,False,Decision curve computed from existing probability score; no policy selection on test.,False,0.07-0.80,0.5154176005239834
heloc,validation,Scorecard benchmark threshold 0.50,scorecard_sigmoid,0.09,1026,930,0.4731620962624002,0.4728169500205974,0.0,True,True,False,Decision curve computed from existing probability score; no policy selection on test.,False,0.07-0.80,0.5154176005239834
heloc,validation,Scorecard benchmark threshold 0.50,scorecard_sigmoid,0.1,1024,923,0.46679049870539235,0.4669593605763818,0.0,False,True,False,Decision curve computed from existing probability score; no policy selection on test.,False,0.07-0.80,0.5154176005239834
heloc,validation,Scorecard benchmark threshold 0.50,scorecard_sigmoid,0.11,1023,910,0.46126043054085125,0.4609701399087007,0.0,True,True,False,Decision curve computed from existing probability score; no policy selection on test.,False,0.07-0.80,0.5154176005239834
heloc,validation,Scorecard benchmark threshold 0.50,scorecard_sigmoid,0.12,1022,896,0.4558349451966473,0.4548448005894814,0.0,True,True,True,Decision curve computed from existing probability score; no policy selection on test.,False,0.07-0.80,0.5154176005239834
heloc,validation,Scorecard benchmark threshold 0.50,scorecard_sigmoid,0.13,1020,875,0.4504827120381046,0.4485786488721191,0.0,True,True,False,Decision curve computed from existing probability score; no policy selection on test.,False,0.07-0.80,0.5154176005239834
heloc,validation,Scorecard benchmark threshold 0.50,scorecard_sigmoid,0.14,1016,849,0.4446761386395231,0.4421667726962135,0.0,True,True,False,Decision curve computed from existing probability score; no policy selection on test.,False,0.07-0.80,0.5154176005239834
heloc,validation,Scorecard benchmark threshold 0.50,scorecard_sigmoid,0.15,1014,819,0.4404612908993385,0.43560402884558075,0.0,True,True,False,Decision curve computed from existing probability score; no policy selection on test.,False,0.07-0.80,0.5154176005239834
heloc,validation,Scorecard benchmark threshold 0.50,scorecard_sigmoid,0.16,1013,801,0.4358807352728325,0.4288850291889805,0.0,True,True,False,Decision curve computed from existing probability score; no policy selection on test.,False,0.07-0.80,0.5154176005239834
heloc,validation,Scorecard benchmark threshold 0.50,scorecard_sigmoid,0.17,1008,777,0.43001794411689304,0.4220041259261971,0.0,True,True,False,Decision curve computed from existing probability score; no policy selection on test.,False,0.07-0.80,0.5154176005239834
heloc,validation,Scorecard benchmark threshold 0.50,scorecard_sigmoid,0.18,1001,750,0.42369090864160924,0.4149553957545654,0.0,True,True,False,Decision curve computed from existing probability score; no policy selection on test.,False,0.07-0.80,0.5154176005239834
heloc,validation,Scorecard benchmark threshold 0.50,scorecard_sigmoid,0.19,992,721,0.41685741803945114,0.40773262286264644,0.0,True,True,False,Decision curve computed from existing probability score; no policy selection on test.,False,0.07-0.80,0.5154176005239834
heloc,validation,Scorecard benchmark threshold 0.50,scorecard_sigmoid,0.2,986,704,0.4103343465045593,0.40032928064842954,0.0,True,True,False,Decision curve computed from existing probability score; no policy selection on test.,False,0.07-0.80,0.5154176005239834
heloc,validation,Scorecard benchmark threshold 0.50,scorecard_sigmoid,0.21,981,668,0.4070062714016391,0.3927385120490426,0.0,True,True,False,Decision curve computed from existing probability score; no policy selection on test.,False,0.07-0.80,0.5154176005239834
heloc,validation,Scorecard benchmark threshold 0.50,scorecard_sigmoid,0.22,978,641,0.40385264853349956,0.3849531083573636,0.0,True,True,False,Decision curve computed from existing probability score; no policy selection on test.,False,0.07-0.80,0.5154176005239834
heloc,validation,Scorecard benchmark threshold 0.50,scorecard_sigmoid,0.23,971,615,0.39883419518677876,0.3769654863879788,0.0,True,True,False,Decision curve computed from existing probability score; no policy selection on test.,False,0.07-0.80,0.5154176005239834
heloc,validation,Scorecard benchmark threshold 0.50,scorecard_sigmoid,0.24,966,596,0.39401695728683406,0.3687676638404521,0.0,True,True,False,Decision curve computed from existing probability score; no policy selection on test.,False,0.07-0.80,0.5154176005239834
heloc,validation,Scorecard benchmark threshold 0.50,scorecard_sigmoid,0.25,959,583,0.38736913204998313,0.3603512326916582,0.0,True,True,False,Decision curve computed from existing probability score; no policy selection on test.,False,0.07-0.80,0.5154176005239834
heloc,validation,Scorecard benchmark threshold 0.50,scorecard_sigmoid,0.26,954,559,0.3837865220843944,0.35170733043073465,0.0,True,True,True,Decision curve computed from existing probability score; no policy selection on test.,False,0.07-0.80,0.5154176005239834
heloc,validation,Scorecard benchmark threshold 0.50,scorecard_sigmoid,0.27,946,542,0.37767692329044705,0.3428266089297858,0.0,True,True,False,Decision curve computed from existing probability score; no policy selection on test.,False,0.07-0.80,0.5154176005239834
heloc,validation,Scorecard benchmark threshold 0.50,scorecard_sigmoid,0.28,936,525,0.37073623775751435,0.3336992007204772,0.0,True,True,False,Decision curve computed from existing probability score; no policy selection on test.,False,0.07-0.80,0.5154176005239834
heloc,validation,Scorecard benchmark threshold 0.50,scorecard_sigmoid,0.29,932,506,0.36743867460079627,0.32431468242076567,0.0,True,True,False,Decision curve computed from existing probability score; no policy selection on test.,False,0.07-0.80,0.5154176005239834
heloc,validation,Scorecard benchmark threshold 0.50,scorecard_sigmoid,0.3,926,485,0.3638008394847301,0.3146620350267766,0.0,True,True,False,Decision curve computed from existing probability score; no policy selection on test.,False,0.07-0.80,0.5154176005239834
heloc,validation,Scorecard benchmark threshold 0.50,scorecard_sigmoid,0.31,921,465,0.36073300735650415,0.30472960075180233,0.0,True,True,True,Decision curve computed from existing probability score; no policy selection on test.,False,0.07-0.80,0.5154176005239834
heloc,validation,Scorecard benchmark threshold 0.50,scorecard_sigmoid,0.32,915,452,0.3557720960724715,0.2945050360569759,0.0,True,True,True,Decision curve computed from existing probability score; no policy selection on test.,False,0.07-0.80,0.5154176005239834
heloc,validation,Scorecard benchmark threshold 0.50,scorecard_sigmoid,0.33,905,439,0.3489240726458891,0.28397526047573673,0.0,True,True,True,Decision curve computed from existing probability score; no policy selection on test.,False,0.07-0.80,0.5154176005239834
heloc,validation,Scorecard benchmark threshold 0.50,scorecard_sigmoid,0.34,899,431,0.3429431089005557,0.27312640078597517,0.0,True,True,False,Decision curve computed from existing probability score; no policy selection on test.,False,0.07-0.80,0.5154176005239834
heloc,validation,Scorecard benchmark threshold 0.50,scorecard_sigmoid,0.35,890,417,0.3371132413685606,0.26194373002883636,0.0,True,True,False,Decision curve computed from existing probability score; no policy selection on test.,False,0.07-0.80,0.5154176005239834
heloc,validation,Scorecard benchmark threshold 0.50,scorecard_sigmoid,0.36,886,403,0.33399822695035464,0.2504116008105369,0.0,True,True,True,Decision curve computed from existing probability score; no policy selection on test.,False,0.07-0.80,0.5154176005239834
heloc,validation,Scorecard benchmark threshold 0.50,scorecard_sigmoid,0.37,877,393,0.3273507984754185,0.238513372251974,0.0,True,True,True,Decision curve computed from existing probability score; no policy selection on test.,False,0.07-0.80,0.5154176005239834
heloc,validation,Scorecard benchmark threshold 0.50,scorecard_sigmoid,0.38,869,383,0.3213060103931758,0.22623132986894134,0.0,True,True,True,Decision curve computed from existing probability score; no policy selection on test.,False,0.07-0.80,0.5154176005239834
heloc,validation,Scorecard benchmark threshold 0.50,scorecard_sigmoid,0.39,865,369,0.31868387396814324,0.21354659757171085,0.0,True,True,True,Decision curve computed from existing probability score; no policy selection on test.,False,0.07-0.80,0.5154176005239834
heloc,validation,Scorecard benchmark threshold 0.50,scorecard_sigmoid,0.4,857,359,0.3129010469436001,0.2004390408645727,0.0,True,True,True,Decision curve computed from existing probability score; no policy selection on test.,False,0.07-0.80,0.5154176005239834
heloc,validation,Scorecard benchmark threshold 0.50,scorecard_sigmoid,0.41,851,354,0.306484295845998,0.1868871602012605,0.0,True,True,True,Decision curve computed from existing probability score; no policy selection on test.,False,0.07-0.80,0.5154176005239834
heloc,validation,Scorecard benchmark threshold 0.50,scorecard_sigmoid,0.42,845,346,0.30113894420570875,0.1728679733081787,0.0,True,True,True,Decision curve computed from existing probability score; no policy selection on test.,False,0.07-0.80,0.5154176005239834
heloc,validation,Scorecard benchmark threshold 0.50,scorecard_sigmoid,0.43,836,337,0.29471728967809596,0.15835688512060292,0.0,True,True,False,Decision curve computed from existing probability score; no policy selection on test.,False,0.07-0.80,0.5154176005239834
heloc,validation,Scorecard benchmark threshold 0.50,scorecard_sigmoid,0.44,829,328,0.2894051237516283,0.1433275437834708,0.0,True,True,False,Decision curve computed from existing probability score; no policy selection on test.,False,0.07-0.80,0.5154176005239834
heloc,validation,Scorecard benchmark threshold 0.50,scorecard_sigmoid,0.45,816,318,0.2815694943354518,0.1277516809431703,0.0,True,True,False,Decision curve computed from existing probability score; no policy selection on test.,False,0.07-0.80,0.5154176005239834
heloc,validation,Scorecard benchmark threshold 0.50,scorecard_sigmoid,0.46,810,306,0.27828436339074636,0.11159893429396966,0.0,True,True,False,Decision curve computed from existing probability score; no policy selection on test.,False,0.07-0.80,0.5154176005239834
heloc,validation,Scorecard benchmark threshold 0.50,scorecard_sigmoid,0.47,800,300,0.2704976008870027,0.0948366500353654,0.0,True,True,False,Decision curve computed from existing probability score; no policy selection on test.,False,0.07-0.80,0.5154176005239834
heloc,validation,Scorecard benchmark threshold 0.50,scorecard_sigmoid,0.48,792,292,0.26467149871405193,0.0774296625360455,0.0,True,True,False,Decision curve computed from existing probability score; no policy selection on test.,False,0.07-0.80,0.5154176005239834
heloc,validation,Scorecard benchmark threshold 0.50,scorecard_sigmoid,0.49,779,281,0.2578620100522479,0.05934004807596793,0.0,True,True,False,Decision curve computed from existing probability score; no policy selection on test.,False,0.07-0.80,0.5154176005239834
heloc,validation,Scorecard benchmark threshold 0.50,scorecard_sigmoid,0.5,775,272,0.2548125633232016,0.04052684903748727,0.0,True,True,False,Decision curve computed from existing probability score; no policy selection on test.,False,0.07-0.80,0.5154176005239834
heloc,validation,Scorecard benchmark threshold 0.50,scorecard_sigmoid,0.51,760,264,0.24580774559063748,0.020945764323966554,0.0,True,True,False,Decision curve computed from existing probability score; no policy selection on test.,False,0.07-0.80,0.5154176005239834
heloc,validation,Scorecard benchmark threshold 0.50,scorecard_sigmoid,0.52,752,257,0.23991050320837548,0.0005488010807158661,0.0,True,True,False,Decision curve computed from existing probability score; no policy selection on test.,False,0.07-0.80,0.5154176005239834
heloc,validation,Scorecard benchmark threshold 0.50,scorecard_sigmoid,0.53,744,246,0.2363706913276854,-0.02071611804522644,0.0,True,True,False,Decision curve computed from existing probability score; no policy selection on test.,False,0.07-0.80,0.5154176005239834
heloc,validation,Scorecard benchmark threshold 0.50,scorecard_sigmoid,0.54,736,240,0.23012202105634114,-0.0429055988722965,0.0,True,True,False,Decision curve computed from existing probability score; no policy selection on test.,False,0.07-0.80,0.5154176005239834
heloc,validation,Scorecard benchmark threshold 0.50,scorecard_sigmoid,0.55,725,232,0.22362940448046828,-0.06608127884723647,0.0,True,True,False,Decision curve computed from existing probability score; no policy selection on test.,False,0.07-0.80,0.5154176005239834
heloc,validation,Scorecard benchmark threshold 0.50,scorecard_sigmoid,0.56,714,224,0.21727917472598324,-0.09031039882103731,0.0,True,True,False,Decision curve computed from existing probability score; no policy selection on test.,False,0.07-0.80,0.5154176005239834
heloc,validation,Scorecard benchmark threshold 0.50,scorecard_sigmoid,0.57,701,214,0.2114111354586367,-0.11566645460757274,0.0,True,True,False,Decision curve computed from existing probability score; no policy selection on test.,False,0.07-0.80,0.5154176005239834
heloc,validation,Scorecard benchmark threshold 0.50,scorecard_sigmoid,0.58,690,204,0.20683166883774792,-0.14222994162203884,0.0,True,True,False,Decision curve computed from existing probability score; no policy selection on test.,False,0.07-0.80,0.5154176005239834
heloc,validation,Scorecard benchmark threshold 0.50,scorecard_sigmoid,0.59,680,198,0.20013838436256703,-0.17008920849086906,0.0,True,True,False,Decision curve computed from existing probability score; no policy selection on test.,False,0.07-0.80,0.5154176005239834
heloc,validation,Scorecard benchmark threshold 0.50,scorecard_sigmoid,0.6,669,190,0.19452887537993924,-0.1993414387031408,0.0,True,True,False,Decision curve computed from existing probability score; no policy selection on test.,False,0.07-0.80,0.5154176005239834
heloc,validation,Scorecard benchmark threshold 0.50,scorecard_sigmoid,0.61,656,180,0.18969682799470036,-0.23009378328527275,0.0,True,True,False,Decision curve computed from existing probability score; no policy selection on test.,False,0.07-0.80,0.5154176005239834
heloc,validation,Scorecard benchmark threshold 0.50,scorecard_sigmoid,0.62,643,174,0.18191755985708954,-0.26246467231909565,0.0,True,True,False,Decision curve computed from existing probability score; no policy selection on test.,False,0.07-0.80,0.5154176005239834
heloc,validation,Scorecard benchmark threshold 0.50,scorecard_sigmoid,0.63,624,163,0.1755113776390372,-0.2965853391385307,0.0,True,True,False,Decision curve computed from existing probability score; no policy selection on test.,False,0.07-0.80,0.5154176005239834
heloc,validation,Scorecard benchmark threshold 0.50,scorecard_sigmoid,0.64,612,156,0.16953731847348866,-0.3326015985590455,0.0,True,True,False,Decision curve computed from existing probability score; no policy selection on test.,False,0.07-0.80,0.5154176005239834
heloc,validation,Scorecard benchmark threshold 0.50,scorecard_sigmoid,0.65,595,148,0.16217976552323055,-0.37067592994644694,0.0,True,True,False,Decision curve computed from existing probability score; no policy selection on test.,False,0.07-0.80,0.5154176005239834
heloc,validation,Scorecard benchmark threshold 0.50,scorecard_sigmoid,0.66,578,136,0.15906788247213777,-0.41098992788604827,0.0,True,True,False,Decision curve computed from existing probability score; no policy selection on test.,False,0.07-0.80,0.5154176005239834
heloc,validation,Scorecard benchmark threshold 0.50,scorecard_sigmoid,0.67,561,126,0.15460071843050566,-0.4537471984280498,0.0,True,True,False,Decision curve computed from existing probability score; no policy selection on test.,False,0.07-0.80,0.5154176005239834
heloc,validation,Scorecard benchmark threshold 0.50,scorecard_sigmoid,0.68,550,116,0.15374873353596752,-0.49917679837892637,0.0,True,True,False,Decision curve computed from existing probability score; no policy selection on test.,False,0.07-0.80,0.5154176005239834
heloc,validation,Scorecard benchmark threshold 0.50,scorecard_sigmoid,0.69,529,109,0.14507958296565027,-0.5475373402621171,0.0,True,True,False,Decision curve computed from existing probability score; no policy selection on test.,False,0.07-0.80,0.5154176005239834
heloc,validation,Scorecard benchmark threshold 0.50,scorecard_sigmoid,0.7,519,106,0.13762242485646745,-0.5991219182708545,0.0,True,True,False,Decision curve computed from existing probability score; no policy selection on test.,False,0.07-0.80,0.5154176005239834
heloc,validation,Scorecard benchmark threshold 0.50,scorecard_sigmoid,0.71,502,96,0.1352408901932013,-0.6542640533836426,0.0,True,True,False,Decision curve computed from existing probability score; no policy selection on test.,False,0.07-0.80,0.5154176005239834
heloc,validation,Scorecard benchmark threshold 0.50,scorecard_sigmoid,0.72,484,93,0.12404110580402375,-0.7133449124330584,0.0,True,True,False,Decision curve computed from existing probability score; no policy selection on test.,False,0.07-0.80,0.5154176005239834
heloc,validation,Scorecard benchmark threshold 0.50,scorecard_sigmoid,0.73,466,86,0.1182783594131112,-0.7768021314120603,0.0,True,True,False,Decision curve computed from existing probability score; no policy selection on test.,False,0.07-0.80,0.5154176005239834
heloc,validation,Scorecard benchmark threshold 0.50,scorecard_sigmoid,0.74,442,80,0.10856519367157666,-0.8451406749279089,0.0,True,True,False,Decision curve computed from existing probability score; no policy selection on test.,False,0.07-0.80,0.5154176005239834
heloc,validation,Scorecard benchmark threshold 0.50,scorecard_sigmoid,0.75,421,74,0.10081053698074975,-0.9189463019250255,0.0,True,True,False,Decision curve computed from existing probability score; no policy selection on test.,False,0.07-0.80,0.5154176005239834
heloc,validation,Scorecard benchmark threshold 0.50,scorecard_sigmoid,0.76,404,73,0.08755488010807158,-0.9989023978385683,0.0,True,True,False,Decision curve computed from existing probability score; no policy selection on test.,False,0.07-0.80,0.5154176005239834
heloc,validation,Scorecard benchmark threshold 0.50,scorecard_sigmoid,0.77,381,68,0.07768380247566187,-1.085811197744593,0.0,True,True,False,Decision curve computed from existing probability score; no policy selection on test.,False,0.07-0.80,0.5154176005239834
heloc,validation,Scorecard benchmark threshold 0.50,scorecard_sigmoid,0.78,356,63,0.0671916735746523,-1.1806207976420746,0.0,True,True,False,Decision curve computed from existing probability score; no policy selection on test.,False,0.07-0.80,0.5154176005239834
heloc,validation,Scorecard benchmark threshold 0.50,scorecard_sigmoid,0.79,328,57,0.05753365175857576,-1.2844598832440783,0.0,True,True,False,Decision curve computed from existing probability score; no policy selection on test.,False,0.07-0.80,0.5154176005239834
heloc,validation,Scorecard benchmark threshold 0.50,scorecard_sigmoid,0.8,306,47,0.05977710233029379,-1.3986828774062823,0.0,True,True,False,Decision curve computed from existing probability score; no policy selection on test.,False,0.07-0.80,0.5154176005239834
heloc,locked_test,Scorecard benchmark threshold 0.50,scorecard_sigmoid,0.01,1028,947,0.5156629587009334,0.5156629587009334,0.0,False,True,True,Decision curve computed from existing probability score; no policy selection on test.,False,0.07-0.80,0.5156629587009334
heloc,locked_test,Scorecard benchmark threshold 0.50,scorecard_sigmoid,0.02,1028,947,0.5107207439938001,0.5107207439938001,0.0,False,True,True,Decision curve computed from existing probability score; no policy selection on test.,False,0.07-0.80,0.5156629587009334
heloc,locked_test,Scorecard benchmark threshold 0.50,scorecard_sigmoid,0.03,1028,947,0.505676627952499,0.505676627952499,0.0,False,True,False,Decision curve computed from existing probability score; no policy selection on test.,False,0.07-0.80,0.5156629587009334
heloc,locked_test,Scorecard benchmark threshold 0.50,scorecard_sigmoid,0.04,1028,947,0.5005274261603375,0.5005274261603375,0.0,False,True,False,Decision curve computed from existing probability score; no policy selection on test.,False,0.07-0.80,0.5156629587009334
heloc,locked_test,Scorecard benchmark threshold 0.50,scorecard_sigmoid,0.05,1028,947,0.49526982011992005,0.49526982011992005,0.0,False,True,False,Decision curve computed from existing probability score; no policy selection on test.,False,0.07-0.80,0.5156629587009334
heloc,locked_test,Scorecard benchmark threshold 0.50,scorecard_sigmoid,0.06,1028,947,0.48990035012119576,0.48990035012119576,0.0,False,True,False,Decision curve computed from existing probability score; no policy selection on test.,False,0.07-0.80,0.5156629587009334
heloc,locked_test,Scorecard benchmark threshold 0.50,scorecard_sigmoid,0.07,1028,946,0.48445351844290185,0.4844154076493807,0.0,True,True,False,Decision curve computed from existing probability score; no policy selection on test.,False,0.07-0.80,0.5156629587009334
heloc,locked_test,Scorecard benchmark threshold 0.50,scorecard_sigmoid,0.08,1028,944,0.47894331315354977,0.4788112272977435,0.0,True,True,False,Decision curve computed from existing probability score; no policy selection on test.,False,0.07-0.80,0.5156629587009334
heloc,locked_test,Scorecard benchmark threshold 0.50,scorecard_sigmoid,0.09,1026,930,0.4729225205174572,0.47308387814716923,0.0,False,True,False,Decision curve computed from existing probability score; no policy selection on test.,False,0.07-0.80,0.5156629587009334
heloc,locked_test,Scorecard benchmark threshold 0.50,scorecard_sigmoid,0.1,1024,920,0.4667229254571027,0.4672292545710267,0.0,False,True,False,Decision curve computed from existing probability score; no policy selection on test.,False,0.07-0.80,0.5156629587009334
heloc,locked_test,Scorecard benchmark threshold 0.50,scorecard_sigmoid,0.11,1023,905,0.46133978096999,0.46124306642013935,0.0,True,True,False,Decision curve computed from existing probability score; no policy selection on test.,False,0.07-0.80,0.5156629587009334
heloc,locked_test,Scorecard benchmark threshold 0.50,scorecard_sigmoid,0.12,1022,886,0.45629459148446494,0.45512082853855,0.0,True,True,False,Decision curve computed from existing probability score; no policy selection on test.,False,0.07-0.80,0.5156629587009334
heloc,locked_test,Scorecard benchmark threshold 0.50,scorecard_sigmoid,0.13,1018,865,0.4499985450312818,0.44885784955623453,0.0,True,True,False,Decision curve computed from existing probability score; no policy selection on test.,False,0.07-0.80,0.5156629587009334
heloc,locked_test,Scorecard benchmark threshold 0.50,scorecard_sigmoid,0.14,1016,841,0.44511039152193116,0.44244921989991165,0.0,True,True,True,Decision curve computed from existing probability score; no policy selection on test.,False,0.07-0.80,0.5156629587009334
heloc,locked_test,Scorecard benchmark threshold 0.50,scorecard_sigmoid,0.15,1014,815,0.44059568131049887,0.43588979895755764,0.0,True,True,True,Decision curve computed from existing probability score; no policy selection on test.,False,0.07-0.80,0.5156629587009334
heloc,locked_test,Scorecard benchmark threshold 0.50,scorecard_sigmoid,0.16,1009,797,0.4340204942736588,0.4291742013261,0.0,True,True,True,Decision curve computed from existing probability score; no policy selection on test.,False,0.07-0.80,0.5156629587009334
heloc,locked_test,Scorecard benchmark threshold 0.50,scorecard_sigmoid,0.17,1004,778,0.42767119109348783,0.4222967820649687,0.0,True,True,False,Decision curve computed from existing probability score; no policy selection on test.,False,0.07-0.80,0.5156629587009334
heloc,locked_test,Scorecard benchmark threshold 0.50,scorecard_sigmoid,0.18,999,746,0.4229083050324174,0.41525162087063905,0.0,True,True,True,Decision curve computed from existing probability score; no policy selection on test.,False,0.07-0.80,0.5156629587009334
heloc,locked_test,Scorecard benchmark threshold 0.50,scorecard_sigmoid,0.19,993,723,0.41691514299109234,0.40803250507891853,0.0,True,True,False,Decision curve computed from existing probability score; no policy selection on test.,False,0.07-0.80,0.5156629587009334
heloc,locked_test,Scorecard benchmark threshold 0.50,scorecard_sigmoid,0.2,984,705,0.4089873417721519,0.40063291139240503,0.0,True,True,False,Decision curve computed from existing probability score; no policy selection on test.,False,0.07-0.80,0.5156629587009334
heloc,locked_test,Scorecard benchmark threshold 0.50,scorecard_sigmoid,0.21,980,684,0.4041403621214549,0.393045986220157,0.0,True,True,False,Decision curve computed from existing probability score; no policy selection on test.,False,0.07-0.80,0.5156629587009334
heloc,locked_test,Scorecard benchmark threshold 0.50,scorecard_sigmoid,0.22,978,665,0.40022070756247974,0.3852645245050308,0.0,True,True,False,Decision curve computed from existing probability score; no policy selection on test.,False,0.07-0.80,0.5156629587009334
heloc,locked_test,Scorecard benchmark threshold 0.50,scorecard_sigmoid,0.23,974,637,0.3968239355581128,0.37728094690120006,0.0,True,True,True,Decision curve computed from existing probability score; no policy selection on test.,False,0.07-0.80,0.5156629587009334
heloc,locked_test,Scorecard benchmark threshold 0.50,scorecard_sigmoid,0.24,962,611,0.3893937375083278,0.36908727514990003,0.0,True,True,False,Decision curve computed from existing probability score; no policy selection on test.,False,0.07-0.80,0.5156629587009334
heloc,locked_test,Scorecard benchmark threshold 0.50,scorecard_sigmoid,0.25,957,597,0.3837974683544304,0.3606751054852321,0.0,True,True,False,Decision curve computed from existing probability score; no policy selection on test.,False,0.07-0.80,0.5156629587009334
heloc,locked_test,Scorecard benchmark threshold 0.50,scorecard_sigmoid,0.26,951,578,0.37869312350325013,0.3520355798836811,0.0,True,True,False,Decision curve computed from existing probability score; no policy selection on test.,False,0.07-0.80,0.5156629587009334
heloc,locked_test,Scorecard benchmark threshold 0.50,scorecard_sigmoid,0.27,943,559,0.3727830761227675,0.3431593549505808,0.0,True,True,False,Decision curve computed from existing probability score; no policy selection on test.,False,0.07-0.80,0.5156629587009334
heloc,locked_test,Scorecard benchmark threshold 0.50,scorecard_sigmoid,0.28,939,542,0.36872011251758086,0.33403656821378336,0.0,True,True,False,Decision curve computed from existing probability score; no policy selection on test.,False,0.07-0.80,0.5156629587009334
heloc,locked_test,Scorecard benchmark threshold 0.50,scorecard_sigmoid,0.29,932,526,0.3631164200392227,0.3246568015689071,0.0,True,True,False,Decision curve computed from existing probability score; no policy selection on test.,False,0.07-0.80,0.5156629587009334
heloc,locked_test,Scorecard benchmark threshold 0.50,scorecard_sigmoid,0.3,926,513,0.35754068716094034,0.31500904159132004,0.0,True,True,False,Decision curve computed from existing probability score; no policy selection on test.,False,0.07-0.80,0.5156629587009334
heloc,locked_test,Scorecard benchmark threshold 0.50,scorecard_sigmoid,0.31,921,497,0.3532709594569804,0.3050816363969913,0.0,True,True,False,Decision curve computed from existing probability score; no policy selection on test.,False,0.07-0.80,0.5156629587009334
heloc,locked_test,Scorecard benchmark threshold 0.50,scorecard_sigmoid,0.32,919,485,0.3497542814594192,0.2948622486969471,0.0,True,True,False,Decision curve computed from existing probability score; no policy selection on test.,False,0.07-0.80,0.5156629587009334
heloc,locked_test,Scorecard benchmark threshold 0.50,scorecard_sigmoid,0.33,911,471,0.3438050255053845,0.2843378046476478,0.0,True,True,False,Decision curve computed from existing probability score; no policy selection on test.,False,0.07-0.80,0.5156629587009334
heloc,locked_test,Scorecard benchmark threshold 0.50,scorecard_sigmoid,0.34,904,460,0.33773686229382427,0.2734944380514,0.0,True,True,False,Decision curve computed from existing probability score; no policy selection on test.,False,0.07-0.80,0.5156629587009334
heloc,locked_test,Scorecard benchmark threshold 0.50,scorecard_sigmoid,0.35,900,449,0.3332814021421616,0.262317429406037,0.0,True,True,False,Decision curve computed from existing probability score; no policy selection on test.,False,0.07-0.80,0.5156629587009334
heloc,locked_test,Scorecard benchmark threshold 0.50,scorecard_sigmoid,0.36,895,439,0.328132911392405,0.2507911392405063,0.0,True,True,False,Decision curve computed from existing probability score; no policy selection on test.,False,0.07-0.80,0.5156629587009334
heloc,locked_test,Scorecard benchmark threshold 0.50,scorecard_sigmoid,0.37,888,423,0.3238336347197106,0.2388989351014667,0.0,True,True,False,Decision curve computed from existing probability score; no policy selection on test.,False,0.07-0.80,0.5156629587009334
heloc,locked_test,Scorecard benchmark threshold 0.50,scorecard_sigmoid,0.38,879,414,0.31658636178031846,0.226623111474071,0.0,True,True,False,Decision curve computed from existing probability score; no policy selection on test.,False,0.07-0.80,0.5156629587009334
heloc,locked_test,Scorecard benchmark threshold 0.50,scorecard_sigmoid,0.39,870,403,0.3100477277443453,0.21394480182610492,0.0,True,True,False,Decision curve computed from existing probability score; no policy selection on test.,False,0.07-0.80,0.5156629587009334
heloc,locked_test,Scorecard benchmark threshold 0.50,scorecard_sigmoid,0.4,861,393,0.3032911392405063,0.20084388185654,0.0,True,True,False,Decision curve computed from existing probability score; no policy selection on test.,False,0.07-0.80,0.5156629587009334
heloc,locked_test,Scorecard benchmark threshold 0.50,scorecard_sigmoid,0.41,852,386,0.29557605664020603,0.18729886290495606,0.0,True,True,False,Decision curve computed from existing probability score; no policy selection on test.,False,0.07-0.80,0.5156629587009334
heloc,locked_test,Scorecard benchmark threshold 0.50,scorecard_sigmoid,0.42,847,373,0.292099519860323,0.1732867743343518,0.0,True,True,False,Decision curve computed from existing probability score; no policy selection on test.,False,0.07-0.80,0.5156629587009334
heloc,locked_test,Scorecard benchmark threshold 0.50,scorecard_sigmoid,0.43,844,363,0.2886875416389074,0.1587830335332001,0.0,True,True,False,Decision curve computed from existing probability score; no policy selection on test.,False,0.07-0.80,0.5156629587009334
heloc,locked_test,Scorecard benchmark threshold 0.50,scorecard_sigmoid,0.44,834,349,0.28343580470162755,0.14376130198915005,0.0,True,True,False,Decision curve computed from existing probability score; no policy selection on test.,False,0.07-0.80,0.5156629587009334
heloc,locked_test,Scorecard benchmark threshold 0.50,scorecard_sigmoid,0.45,825,340,0.27686996547756043,0.12819332566168007,0.0,True,True,False,Decision curve computed from existing probability score; no policy selection on test.,False,0.07-0.80,0.5156629587009334
heloc,locked_test,Scorecard benchmark threshold 0.50,scorecard_sigmoid,0.46,818,331,0.2714111579934365,0.11204875761837785,0.0,True,True,False,Decision curve computed from existing probability score; no policy selection on test.,False,0.07-0.80,0.5156629587009334
heloc,locked_test,Scorecard benchmark threshold 0.50,scorecard_sigmoid,0.47,811,317,0.26829711010269885,0.09529496059230952,0.0,True,True,False,Decision curve computed from existing probability score; no policy selection on test.,False,0.07-0.80,0.5156629587009334
heloc,locked_test,Scorecard benchmark threshold 0.50,scorecard_sigmoid,0.48,805,305,0.26504381694255114,0.07789678675754624,0.0,True,True,False,Decision curve computed from existing probability score; no policy selection on test.,False,0.07-0.80,0.5156629587009334
heloc,locked_test,Scorecard benchmark threshold 0.50,scorecard_sigmoid,0.49,793,296,0.25752295855050883,0.05981633159592953,0.0,True,True,False,Decision curve computed from existing probability score; no policy selection on test.,False,0.07-0.80,0.5156629587009334
heloc,locked_test,Scorecard benchmark threshold 0.50,scorecard_sigmoid,0.5,779,285,0.250126582278481,0.04101265822784805,0.0,True,True,False,Decision curve computed from existing probability score; no policy selection on test.,False,0.07-0.80,0.5156629587009334
heloc,locked_test,Scorecard benchmark threshold 0.50,scorecard_sigmoid,0.51,773,277,0.24541462154482047,0.02144148798760004,0.0,True,True,False,Decision curve computed from existing probability score; no policy selection on test.,False,0.07-0.80,0.5156629587009334
heloc,locked_test,Scorecard benchmark threshold 0.50,scorecard_sigmoid,0.52,758,271,0.23514767932489453,0.001054852320675037,0.0,True,True,False,Decision curve computed from existing probability score; no policy selection on test.,False,0.07-0.80,0.5156629587009334
heloc,locked_test,Scorecard benchmark threshold 0.50,scorecard_sigmoid,0.53,750,259,0.23186641529760302,-0.02019929975760859,0.0,True,True,False,Decision curve computed from existing probability score; no policy selection on test.,False,0.07-0.80,0.5156629587009334
heloc,locked_test,Scorecard benchmark threshold 0.50,scorecard_sigmoid,0.54,743,247,0.22938910291689596,-0.042377545404512995,0.0,True,True,False,Decision curve computed from existing probability score; no policy selection on test.,False,0.07-0.80,0.5156629587009334
heloc,locked_test,Scorecard benchmark threshold 0.50,scorecard_sigmoid,0.55,734,241,0.22250351617440225,-0.0655414908579468,0.0,True,True,False,Decision curve computed from existing probability score; no policy selection on test.,False,0.07-0.80,0.5156629587009334
heloc,locked_test,Scorecard benchmark threshold 0.50,scorecard_sigmoid,0.56,722,232,0.2160644418872267,-0.08975834292290008,0.0,True,True,False,Decision curve computed from existing probability score; no policy selection on test.,False,0.07-0.80,0.5156629587009334
heloc,locked_test,Scorecard benchmark threshold 0.50,scorecard_sigmoid,0.57,711,219,0.21301148071828085,-0.11510156020017648,0.0,True,True,False,Decision curve computed from existing probability score; no policy selection on test.,False,0.07-0.80,0.5156629587009334
heloc,locked_test,Scorecard benchmark threshold 0.50,scorecard_sigmoid,0.58,699,208,0.2084870403857746,-0.14165159734779986,0.0,True,True,False,Decision curve computed from existing probability score; no policy selection on test.,False,0.07-0.80,0.5156629587009334
heloc,locked_test,Scorecard benchmark threshold 0.50,scorecard_sigmoid,0.59,682,192,0.2054214263661624,-0.1694967582587218,0.0,True,True,True,Decision curve computed from existing probability score; no policy selection on test.,False,0.07-0.80,0.5156629587009334
heloc,locked_test,Scorecard benchmark threshold 0.50,scorecard_sigmoid,0.6,665,183,0.1977215189873418,-0.19873417721518982,0.0,True,True,True,Decision curve computed from existing probability score; no policy selection on test.,False,0.07-0.80,0.5156629587009334
heloc,locked_test,Scorecard benchmark threshold 0.50,scorecard_sigmoid,0.61,652,178,0.18915936384290816,-0.22947095098993842,0.0,True,True,False,Decision curve computed from existing probability score; no policy selection on test.,False,0.07-0.80,0.5156629587009334
heloc,locked_test,Scorecard benchmark threshold 0.50,scorecard_sigmoid,0.62,638,169,0.18342438374417053,-0.26182544970019994,0.0,True,True,False,Decision curve computed from existing probability score; no policy selection on test.,False,0.07-0.80,0.5156629587009334
heloc,locked_test,Scorecard benchmark threshold 0.50,scorecard_sigmoid,0.63,627,162,0.17780362641122135,-0.29592884023263777,0.0,True,True,True,Decision curve computed from existing probability score; no policy selection on test.,False,0.07-0.80,0.5156629587009334
heloc,locked_test,Scorecard benchmark threshold 0.50,scorecard_sigmoid,0.64,610,151,0.17293952180028127,-0.3319268635724333,0.0,True,True,True,Decision curve computed from existing probability score; no policy selection on test.,False,0.07-0.80,0.5156629587009334
heloc,locked_test,Scorecard benchmark threshold 0.50,scorecard_sigmoid,0.65,594,146,0.16347197106690772,-0.36998191681736003,0.0,True,True,True,Decision curve computed from existing probability score; no policy selection on test.,False,0.07-0.80,0.5156629587009334
heloc,locked_test,Scorecard benchmark threshold 0.50,scorecard_sigmoid,0.66,577,137,0.1574981384959047,-0.4102755026061059,0.0,True,True,True,Decision curve computed from existing probability score; no policy selection on test.,False,0.07-0.80,0.5156629587009334
heloc,locked_test,Scorecard benchmark threshold 0.50,scorecard_sigmoid,0.67,559,126,0.1535097813578826,-0.4530111238972001,0.0,True,True,False,Decision curve computed from existing probability score; no policy selection on test.,False,0.07-0.80,0.5156629587009334
heloc,locked_test,Scorecard benchmark threshold 0.50,scorecard_sigmoid,0.68,540,122,0.14215189873417722,-0.49841772151898756,0.0,True,True,False,Decision curve computed from existing probability score; no policy selection on test.,False,0.07-0.80,0.5156629587009334
heloc,locked_test,Scorecard benchmark threshold 0.50,scorecard_sigmoid,0.69,520,111,0.13819518170681916,-0.5467537770518576,0.0,True,True,False,Decision curve computed from existing probability score; no policy selection on test.,False,0.07-0.80,0.5156629587009334
heloc,locked_test,Scorecard benchmark threshold 0.50,scorecard_sigmoid,0.7,505,102,0.1351898734177215,-0.5983122362869198,0.0,True,True,True,Decision curve computed from existing probability score; no policy selection on test.,False,0.07-0.80,0.5156629587009334
heloc,locked_test,Scorecard benchmark threshold 0.50,scorecard_sigmoid,0.71,495,97,0.1303884766477521,-0.6534264513312964,0.0,True,True,True,Decision curve computed from existing probability score; no policy selection on test.,False,0.07-0.80,0.5156629587009334
heloc,locked_test,Scorecard benchmark threshold 0.50,scorecard_sigmoid,0.72,475,88,0.12593128390596747,-0.7124773960216997,0.0,True,True,False,Decision curve computed from existing probability score; no policy selection on test.,False,0.07-0.80,0.5156629587009334
heloc,locked_test,Scorecard benchmark threshold 0.50,scorecard_sigmoid,0.73,457,83,0.11776840131270513,-0.7759024847632441,0.0,True,True,False,Decision curve computed from existing probability score; no policy selection on test.,False,0.07-0.80,0.5156629587009334
heloc,locked_test,Scorecard benchmark threshold 0.50,scorecard_sigmoid,0.74,440,71,0.12046738072054528,-0.8442064264849074,0.0,True,True,True,Decision curve computed from existing probability score; no policy selection on test.,False,0.07-0.80,0.5156629587009334
heloc,locked_test,Scorecard benchmark threshold 0.50,scorecard_sigmoid,0.75,418,67,0.10987341772151898,-0.9179746835443039,0.0,True,True,True,Decision curve computed from existing probability score; no policy selection on test.,False,0.07-0.80,0.5156629587009334
heloc,locked_test,Scorecard benchmark threshold 0.50,scorecard_sigmoid,0.76,394,62,0.10008438818565399,-0.9978902953586499,0.0,True,True,True,Decision curve computed from existing probability score; no policy selection on test.,False,0.07-0.80,0.5156629587009334
heloc,locked_test,Scorecard benchmark threshold 0.50,scorecard_sigmoid,0.77,367,58,0.08750687947165658,-1.084755090809026,0.0,True,True,False,Decision curve computed from existing probability score; no policy selection on test.,False,0.07-0.80,0.5156629587009334
heloc,locked_test,Scorecard benchmark threshold 0.50,scorecard_sigmoid,0.78,341,54,0.07571921749136937,-1.1795166858458002,0.0,True,True,False,Decision curve computed from existing probability score; no policy selection on test.,False,0.07-0.80,0.5156629587009334
heloc,locked_test,Scorecard benchmark threshold 0.50,scorecard_sigmoid,0.79,319,49,0.06818565400843879,-1.2833031946956002,0.0,True,True,False,Decision curve computed from existing probability score; no policy selection on test.,False,0.07-0.80,0.5156629587009334
heloc,locked_test,Scorecard benchmark threshold 0.50,scorecard_sigmoid,0.8,294,43,0.06177215189873417,-1.3974683544303803,0.0,True,True,False,Decision curve computed from existing probability score; no policy selection on test.,False,0.07-0.80,0.5156629587009334
heloc,validation,CatBoost benchmark threshold 0.50,catboost_isotonic,0.01,1027,947,0.5154176005239834,0.5154176005239834,0.0,False,True,True,Decision curve computed from existing probability score; no policy selection on test.,False,0.03-0.80,0.5154176005239834
heloc,validation,CatBoost benchmark threshold 0.50,catboost_isotonic,0.02,1027,947,0.5104728821619833,0.5104728821619833,0.0,False,True,True,Decision curve computed from existing probability score; no policy selection on test.,False,0.03-0.80,0.5154176005239834
heloc,validation,CatBoost benchmark threshold 0.50,catboost_isotonic,0.03,1027,945,0.5054575460366204,0.5054262108440656,0.0,True,True,True,Decision curve computed from existing probability score; no policy selection on test.,False,0.03-0.80,0.5154176005239834
heloc,validation,CatBoost benchmark threshold 0.50,catboost_isotonic,0.04,1027,945,0.5003166160081053,0.500274400540358,0.0,True,True,True,Decision curve computed from existing probability score; no policy selection on test.,False,0.03-0.80,0.5154176005239834
heloc,validation,CatBoost benchmark threshold 0.50,catboost_isotonic,0.05,1027,942,0.4951474430757745,0.4950141310723617,0.0,True,True,True,Decision curve computed from existing probability score; no policy selection on test.,False,0.03-0.80,0.5154176005239834
heloc,validation,CatBoost benchmark threshold 0.50,catboost_isotonic,0.06,1027,940,0.4898682877406281,0.48964194097738684,0.0,True,True,True,Decision curve computed from existing probability score; no policy selection on test.,False,0.03-0.80,0.5154176005239834
heloc,validation,CatBoost benchmark threshold 0.50,catboost_isotonic,0.07,1027,940,0.4844211306119336,0.4841542199126275,0.0,True,True,False,Decision curve computed from existing probability score; no policy selection on test.,False,0.03-0.80,0.5154176005239834
heloc,validation,CatBoost benchmark threshold 0.50,catboost_isotonic,0.08,1027,934,0.4791198625611206,0.4785472005638518,0.0,True,True,True,Decision curve computed from existing probability score; no policy selection on test.,False,0.03-0.80,0.5154176005239834
heloc,validation,CatBoost benchmark threshold 0.50,catboost_isotonic,0.09,1025,909,0.4737076499994433,0.4728169500205974,0.0,True,True,True,Decision curve computed from existing probability score; no policy selection on test.,False,0.03-0.80,0.5154176005239834
heloc,validation,CatBoost benchmark threshold 0.50,catboost_isotonic,0.1,1023,903,0.46740965889902053,0.4669593605763818,0.0,True,True,False,Decision curve computed from existing probability score; no policy selection on test.,False,0.03-0.80,0.5154176005239834
heloc,validation,CatBoost benchmark threshold 0.50,catboost_isotonic,0.11,1020,880,0.4616190248511549,0.4609701399087007,0.0,True,True,True,Decision curve computed from existing probability score; no policy selection on test.,False,0.03-0.80,0.5154176005239834
heloc,validation,CatBoost benchmark threshold 0.50,catboost_isotonic,0.12,1016,861,0.4552132264898222,0.4548448005894814,0.0,True,True,False,Decision curve computed from existing probability score; no policy selection on test.,False,0.03-0.80,0.5154176005239834
heloc,validation,CatBoost benchmark threshold 0.50,catboost_isotonic,0.13,1015,834,0.45105334870558644,0.4485786488721191,0.0,True,True,True,Decision curve computed from existing probability score; no policy selection on test.,False,0.03-0.80,0.5154176005239834
heloc,validation,CatBoost benchmark threshold 0.50,catboost_isotonic,0.14,1007,783,0.44555971819702644,0.4421667726962135,0.0,True,True,False,Decision curve computed from existing probability score; no policy selection on test.,False,0.03-0.80,0.5154176005239834
heloc,validation,CatBoost benchmark threshold 0.50,catboost_isotonic,0.15,1000,754,0.439179927290065,0.43560402884558075,0.0,True,True,False,Decision curve computed from existing probability score; no policy selection on test.,False,0.03-0.80,0.5154176005239834
heloc,validation,CatBoost benchmark threshold 0.50,catboost_isotonic,0.16,993,730,0.4325999903507502,0.4288850291889805,0.0,True,True,False,Decision curve computed from existing probability score; no policy selection on test.,False,0.03-0.80,0.5154176005239834
heloc,validation,CatBoost benchmark threshold 0.50,catboost_isotonic,0.17,987,704,0.42695401667460114,0.4220041259261971,0.0,True,True,False,Decision curve computed from existing probability score; no policy selection on test.,False,0.03-0.80,0.5154176005239834
heloc,validation,CatBoost benchmark threshold 0.50,catboost_isotonic,0.18,985,697,0.4214792299898683,0.4149553957545654,0.0,True,True,False,Decision curve computed from existing probability score; no policy selection on test.,False,0.03-0.80,0.5154176005239834
heloc,validation,CatBoost benchmark threshold 0.50,catboost_isotonic,0.19,981,672,0.4171075837742505,0.40773262286264644,0.0,True,True,False,Decision curve computed from existing probability score; no policy selection on test.,False,0.03-0.80,0.5154176005239834
heloc,validation,CatBoost benchmark threshold 0.50,catboost_isotonic,0.2,979,652,0.4133738601823708,0.40032928064842954,0.0,True,True,False,Decision curve computed from existing probability score; no policy selection on test.,False,0.03-0.80,0.5154176005239834
heloc,validation,CatBoost benchmark threshold 0.50,catboost_isotonic,0.21,975,640,0.407737293678581,0.3927385120490426,0.0,True,True,False,Decision curve computed from existing probability score; no policy selection on test.,False,0.03-0.80,0.5154176005239834
heloc,validation,CatBoost benchmark threshold 0.50,catboost_isotonic,0.22,972,621,0.4036707972878186,0.3849531083573636,0.0,True,True,False,Decision curve computed from existing probability score; no policy selection on test.,False,0.03-0.80,0.5154176005239834
heloc,validation,CatBoost benchmark threshold 0.50,catboost_isotonic,0.23,963,600,0.3970512769904867,0.3769654863879788,0.0,True,True,False,Decision curve computed from existing probability score; no policy selection on test.,False,0.03-0.80,0.5154176005239834
heloc,validation,CatBoost benchmark threshold 0.50,catboost_isotonic,0.24,957,579,0.39217725163973766,0.3687676638404521,0.0,True,True,False,Decision curve computed from existing probability score; no policy selection on test.,False,0.03-0.80,0.5154176005239834
heloc,validation,CatBoost benchmark threshold 0.50,catboost_isotonic,0.25,951,570,0.38551165146909827,0.3603512326916582,0.0,True,True,False,Decision curve computed from existing probability score; no policy selection on test.,False,0.03-0.80,0.5154176005239834
heloc,validation,CatBoost benchmark threshold 0.50,catboost_isotonic,0.26,947,549,0.38202031819053095,0.35170733043073465,0.0,True,True,False,Decision curve computed from existing probability score; no policy selection on test.,False,0.03-0.80,0.5154176005239834
heloc,validation,CatBoost benchmark threshold 0.50,catboost_isotonic,0.27,939,531,0.37619186409626515,0.3428266089297858,0.0,True,True,False,Decision curve computed from existing probability score; no policy selection on test.,False,0.03-0.80,0.5154176005239834
heloc,validation,CatBoost benchmark threshold 0.50,catboost_isotonic,0.28,929,513,0.36955420466058764,0.3336992007204772,0.0,True,True,False,Decision curve computed from existing probability score; no policy selection on test.,False,0.03-0.80,0.5154176005239834
heloc,validation,CatBoost benchmark threshold 0.50,catboost_isotonic,0.29,926,497,0.36626139817629183,0.32431468242076567,0.0,True,True,False,Decision curve computed from existing probability score; no policy selection on test.,False,0.03-0.80,0.5154176005239834
heloc,validation,CatBoost benchmark threshold 0.50,catboost_isotonic,0.3,918,484,0.35996526270082496,0.3146620350267766,0.0,True,True,False,Decision curve computed from existing probability score; no policy selection on test.,False,0.03-0.80,0.5154176005239834
heloc,validation,CatBoost benchmark threshold 0.50,catboost_isotonic,0.31,910,468,0.3544777763094137,0.30472960075180233,0.0,True,True,False,Decision curve computed from existing probability score; no policy selection on test.,False,0.03-0.80,0.5154176005239834
heloc,validation,CatBoost benchmark threshold 0.50,catboost_isotonic,0.32,904,452,0.35019965432981703,0.2945050360569759,0.0,True,True,False,Decision curve computed from existing probability score; no policy selection on test.,False,0.03-0.80,0.5154176005239834
heloc,validation,CatBoost benchmark threshold 0.50,catboost_isotonic,0.33,895,429,0.34635333968455595,0.28397526047573673,0.0,True,True,False,Decision curve computed from existing probability score; no policy selection on test.,False,0.03-0.80,0.5154176005239834
heloc,validation,CatBoost benchmark threshold 0.50,catboost_isotonic,0.34,891,414,0.3433268858800773,0.27312640078597517,0.0,True,True,True,Decision curve computed from existing probability score; no policy selection on test.,False,0.03-0.80,0.5154176005239834
heloc,validation,CatBoost benchmark threshold 0.50,catboost_isotonic,0.35,887,406,0.3385940300833918,0.26194373002883636,0.0,True,True,True,Decision curve computed from existing probability score; no policy selection on test.,False,0.03-0.80,0.5154176005239834
heloc,validation,CatBoost benchmark threshold 0.50,catboost_isotonic,0.36,877,391,0.3328584093211753,0.2504116008105369,0.0,True,True,False,Decision curve computed from existing probability score; no policy selection on test.,False,0.03-0.80,0.5154176005239834
heloc,validation,CatBoost benchmark threshold 0.50,catboost_isotonic,0.37,868,380,0.32665926890850905,0.238513372251974,0.0,True,True,False,Decision curve computed from existing probability score; no policy selection on test.,False,0.03-0.80,0.5154176005239834
heloc,validation,CatBoost benchmark threshold 0.50,catboost_isotonic,0.38,861,374,0.32004771709644736,0.22623132986894134,0.0,True,True,False,Decision curve computed from existing probability score; no policy selection on test.,False,0.03-0.80,0.5154176005239834
heloc,validation,CatBoost benchmark threshold 0.50,catboost_isotonic,0.39,855,370,0.3132941352334446,0.21354659757171085,0.0,True,True,False,Decision curve computed from existing probability score; no policy selection on test.,False,0.03-0.80,0.5154176005239834
heloc,validation,CatBoost benchmark threshold 0.50,catboost_isotonic,0.4,853,367,0.30817291455589324,0.2004390408645727,0.0,True,True,False,Decision curve computed from existing probability score; no policy selection on test.,False,0.03-0.80,0.5154176005239834
heloc,validation,CatBoost benchmark threshold 0.50,catboost_isotonic,0.41,839,352,0.301109336630433,0.1868871602012605,0.0,True,True,False,Decision curve computed from existing probability score; no policy selection on test.,False,0.03-0.80,0.5154176005239834
heloc,validation,CatBoost benchmark threshold 0.50,catboost_isotonic,0.42,834,348,0.2948328267477204,0.1728679733081787,0.0,True,True,False,Decision curve computed from existing probability score; no policy selection on test.,False,0.03-0.80,0.5154176005239834
heloc,validation,CatBoost benchmark threshold 0.50,catboost_isotonic,0.43,834,345,0.29064682984055884,0.15835688512060292,0.0,True,True,False,Decision curve computed from existing probability score; no policy selection on test.,False,0.03-0.80,0.5154176005239834
heloc,validation,CatBoost benchmark threshold 0.50,catboost_isotonic,0.44,830,341,0.28473729917498913,0.1433275437834708,0.0,True,True,False,Decision curve computed from existing probability score; no policy selection on test.,False,0.03-0.80,0.5154176005239834
heloc,validation,CatBoost benchmark threshold 0.50,catboost_isotonic,0.45,822,326,0.2812931749101962,0.1277516809431703,0.0,True,True,False,Decision curve computed from existing probability score; no policy selection on test.,False,0.03-0.80,0.5154176005239834
heloc,validation,CatBoost benchmark threshold 0.50,catboost_isotonic,0.46,815,311,0.27865961199294537,0.11159893429396966,0.0,True,True,False,Decision curve computed from existing probability score; no policy selection on test.,False,0.03-0.80,0.5154176005239834
heloc,validation,CatBoost benchmark threshold 0.50,catboost_isotonic,0.47,808,298,0.2754487583873373,0.0948366500353654,0.0,True,True,True,Decision curve computed from existing probability score; no policy selection on test.,False,0.03-0.80,0.5154176005239834
heloc,validation,CatBoost benchmark threshold 0.50,catboost_isotonic,0.48,805,296,0.2693866417270673,0.0774296625360455,0.0,True,True,False,Decision curve computed from existing probability score; no policy selection on test.,False,0.03-0.80,0.5154176005239834
heloc,validation,CatBoost benchmark threshold 0.50,catboost_isotonic,0.49,789,281,0.2629278661819338,0.05934004807596793,0.0,True,True,True,Decision curve computed from existing probability score; no policy selection on test.,False,0.03-0.80,0.5154176005239834
heloc,validation,CatBoost benchmark threshold 0.50,catboost_isotonic,0.5,785,275,0.25835866261398177,0.04052684903748727,0.0,True,True,True,Decision curve computed from existing probability score; no policy selection on test.,False,0.03-0.80,0.5154176005239834
heloc,validation,CatBoost benchmark threshold 0.50,catboost_isotonic,0.51,769,261,0.25194880383764445,0.020945764323966554,0.0,True,True,True,Decision curve computed from existing probability score; no policy selection on test.,False,0.03-0.80,0.5154176005239834
heloc,validation,CatBoost benchmark threshold 0.50,catboost_isotonic,0.52,761,257,0.24446977372509282,0.0005488010807158661,0.0,True,True,False,Decision curve computed from existing probability score; no policy selection on test.,False,0.03-0.80,0.5154176005239834
heloc,validation,CatBoost benchmark threshold 0.50,catboost_isotonic,0.53,746,247,0.2368126064368708,-0.02071611804522644,0.0,True,True,False,Decision curve computed from existing probability score; no policy selection on test.,False,0.03-0.80,0.5154176005239834
heloc,validation,CatBoost benchmark threshold 0.50,catboost_isotonic,0.54,736,235,0.23309545834985243,-0.0429055988722965,0.0,True,True,False,Decision curve computed from existing probability score; no policy selection on test.,False,0.03-0.80,0.5154176005239834
heloc,validation,CatBoost benchmark threshold 0.50,catboost_isotonic,0.55,730,229,0.22801981312619604,-0.06608127884723647,0.0,True,True,False,Decision curve computed from existing probability score; no policy selection on test.,False,0.03-0.80,0.5154176005239834
heloc,validation,CatBoost benchmark threshold 0.50,catboost_isotonic,0.56,712,219,0.219489730128028,-0.09031039882103731,0.0,True,True,False,Decision curve computed from existing probability score; no policy selection on test.,False,0.03-0.80,0.5154176005239834
heloc,validation,CatBoost benchmark threshold 0.50,catboost_isotonic,0.57,703,212,0.21376734761197902,-0.11566645460757274,0.0,True,True,False,Decision curve computed from existing probability score; no policy selection on test.,False,0.03-0.80,0.5154176005239834
heloc,validation,CatBoost benchmark threshold 0.50,catboost_isotonic,0.58,698,206,0.20948521252472624,-0.14222994162203884,0.0,True,True,False,Decision curve computed from existing probability score; no policy selection on test.,False,0.03-0.80,0.5154176005239834
heloc,validation,CatBoost benchmark threshold 0.50,catboost_isotonic,0.59,697,199,0.20802135073022468,-0.17008920849086906,0.0,True,True,False,Decision curve computed from existing probability score; no policy selection on test.,False,0.03-0.80,0.5154176005239834
heloc,validation,CatBoost benchmark threshold 0.50,catboost_isotonic,0.6,678,188,0.20060790273556237,-0.1993414387031408,0.0,True,True,False,Decision curve computed from existing probability score; no policy selection on test.,False,0.03-0.80,0.5154176005239834
heloc,validation,CatBoost benchmark threshold 0.50,catboost_isotonic,0.61,652,162,0.20193281895409557,-0.23009378328527275,0.0,True,True,False,Decision curve computed from existing probability score; no policy selection on test.,False,0.03-0.80,0.5154176005239834
heloc,validation,CatBoost benchmark threshold 0.50,catboost_isotonic,0.62,649,158,0.1981816242734496,-0.26246467231909565,0.0,True,True,False,Decision curve computed from existing probability score; no policy selection on test.,False,0.03-0.80,0.5154176005239834
heloc,validation,CatBoost benchmark threshold 0.50,catboost_isotonic,0.63,648,157,0.19284482050439497,-0.2965853391385307,0.0,True,True,False,Decision curve computed from existing probability score; no policy selection on test.,False,0.03-0.80,0.5154176005239834
heloc,validation,CatBoost benchmark threshold 0.50,catboost_isotonic,0.64,639,155,0.18411572666891812,-0.3326015985590455,0.0,True,True,False,Decision curve computed from existing probability score; no policy selection on test.,False,0.03-0.80,0.5154176005239834
heloc,validation,CatBoost benchmark threshold 0.50,catboost_isotonic,0.65,634,152,0.17817339701838178,-0.37067592994644694,0.0,True,True,False,Decision curve computed from existing probability score; no policy selection on test.,False,0.03-0.80,0.5154176005239834
heloc,validation,CatBoost benchmark threshold 0.50,catboost_isotonic,0.66,589,132,0.1685738125037249,-0.41098992788604827,0.0,True,True,False,Decision curve computed from existing probability score; no policy selection on test.,False,0.03-0.80,0.5154176005239834
heloc,validation,CatBoost benchmark threshold 0.50,catboost_isotonic,0.67,582,131,0.1600964047772558,-0.4537471984280498,0.0,True,True,False,Decision curve computed from existing probability score; no policy selection on test.,False,0.03-0.80,0.5154176005239834
heloc,validation,CatBoost benchmark threshold 0.50,catboost_isotonic,0.68,576,130,0.1518490374873353,-0.49917679837892637,0.0,True,True,False,Decision curve computed from existing probability score; no policy selection on test.,False,0.03-0.80,0.5154176005239834
heloc,validation,CatBoost benchmark threshold 0.50,catboost_isotonic,0.69,560,122,0.14612543713435963,-0.5475373402621171,0.0,True,True,False,Decision curve computed from existing probability score; no policy selection on test.,False,0.03-0.80,0.5154176005239834
heloc,validation,CatBoost benchmark threshold 0.50,catboost_isotonic,0.7,539,113,0.13947990543735225,-0.5991219182708545,0.0,True,True,False,Decision curve computed from existing probability score; no policy selection on test.,False,0.03-0.80,0.5154176005239834
heloc,validation,CatBoost benchmark threshold 0.50,catboost_isotonic,0.71,525,105,0.13573000733675716,-0.6542640533836426,0.0,True,True,False,Decision curve computed from existing probability score; no policy selection on test.,False,0.03-0.80,0.5154176005239834
heloc,validation,CatBoost benchmark threshold 0.50,catboost_isotonic,0.72,504,99,0.12635692574902302,-0.7133449124330584,0.0,True,True,False,Decision curve computed from existing probability score; no policy selection on test.,False,0.03-0.80,0.5154176005239834
heloc,validation,CatBoost benchmark threshold 0.50,catboost_isotonic,0.73,497,98,0.1175466246388232,-0.7768021314120603,0.0,True,True,False,Decision curve computed from existing probability score; no policy selection on test.,False,0.03-0.80,0.5154176005239834
heloc,validation,CatBoost benchmark threshold 0.50,catboost_isotonic,0.74,480,94,0.10762995869378852,-0.8451406749279089,0.0,True,True,False,Decision curve computed from existing probability score; no policy selection on test.,False,0.03-0.80,0.5154176005239834
heloc,validation,CatBoost benchmark threshold 0.50,catboost_isotonic,0.75,451,83,0.10233029381965553,-0.9189463019250255,0.0,True,True,False,Decision curve computed from existing probability score; no policy selection on test.,False,0.03-0.80,0.5154176005239834
heloc,validation,CatBoost benchmark threshold 0.50,catboost_isotonic,0.76,429,75,0.09701114488348529,-0.9989023978385683,0.0,True,True,False,Decision curve computed from existing probability score; no policy selection on test.,False,0.03-0.80,0.5154176005239834
heloc,validation,CatBoost benchmark threshold 0.50,catboost_isotonic,0.77,388,69,0.07953394123606888,-1.085811197744593,0.0,True,True,False,Decision curve computed from existing probability score; no policy selection on test.,False,0.03-0.80,0.5154176005239834
heloc,validation,CatBoost benchmark threshold 0.50,catboost_isotonic,0.78,357,60,0.073086487980105,-1.1806207976420746,0.0,True,True,False,Decision curve computed from existing probability score; no policy selection on test.,False,0.03-0.80,0.5154176005239834
heloc,validation,CatBoost benchmark threshold 0.50,catboost_isotonic,0.79,345,59,0.06233415351956384,-1.2844598832440783,0.0,True,True,False,Decision curve computed from existing probability score; no policy selection on test.,False,0.03-0.80,0.5154176005239834
heloc,validation,CatBoost benchmark threshold 0.50,catboost_isotonic,0.8,312,56,0.04457953394123604,-1.3986828774062823,0.0,True,True,False,Decision curve computed from existing probability score; no policy selection on test.,False,0.03-0.80,0.5154176005239834
heloc,locked_test,CatBoost benchmark threshold 0.50,catboost_isotonic,0.01,1028,947,0.5156629587009334,0.5156629587009334,0.0,False,True,True,Decision curve computed from existing probability score; no policy selection on test.,False,0.03-0.80,0.5156629587009334
heloc,locked_test,CatBoost benchmark threshold 0.50,catboost_isotonic,0.02,1028,947,0.5107207439938001,0.5107207439938001,0.0,False,True,True,Decision curve computed from existing probability score; no policy selection on test.,False,0.03-0.80,0.5156629587009334
heloc,locked_test,CatBoost benchmark threshold 0.50,catboost_isotonic,0.03,1028,944,0.5057236069424507,0.505676627952499,0.0,True,True,True,Decision curve computed from existing probability score; no policy selection on test.,False,0.03-0.80,0.5156629587009334
heloc,locked_test,CatBoost benchmark threshold 0.50,catboost_isotonic,0.04,1028,943,0.5006118143459916,0.5005274261603375,0.0,True,True,True,Decision curve computed from existing probability score; no policy selection on test.,False,0.03-0.80,0.5156629587009334
heloc,locked_test,CatBoost benchmark threshold 0.50,catboost_isotonic,0.05,1028,939,0.49548301132578276,0.49526982011992005,0.0,True,True,True,Decision curve computed from existing probability score; no policy selection on test.,False,0.03-0.80,0.5156629587009334
heloc,locked_test,CatBoost benchmark threshold 0.50,catboost_isotonic,0.06,1028,935,0.49028817667654184,0.48990035012119576,0.0,True,True,True,Decision curve computed from existing probability score; no policy selection on test.,False,0.03-0.80,0.5156629587009334
heloc,locked_test,CatBoost benchmark threshold 0.50,catboost_isotonic,0.07,1028,934,0.4849108479651558,0.4844154076493807,0.0,True,True,True,Decision curve computed from existing probability score; no policy selection on test.,False,0.03-0.80,0.5156629587009334
heloc,locked_test,CatBoost benchmark threshold 0.50,catboost_isotonic,0.08,1028,932,0.4794716565767749,0.4788112272977435,0.0,True,True,True,Decision curve computed from existing probability score; no policy selection on test.,False,0.03-0.80,0.5156629587009334
heloc,locked_test,CatBoost benchmark threshold 0.50,catboost_isotonic,0.09,1027,921,0.47387953818333567,0.47308387814716923,0.0,True,True,True,Decision curve computed from existing probability score; no policy selection on test.,False,0.03-0.80,0.5156629587009334
heloc,locked_test,CatBoost benchmark threshold 0.50,catboost_isotonic,0.1,1027,912,0.4686919831223629,0.4672292545710267,0.0,True,True,True,Decision curve computed from existing probability score; no policy selection on test.,False,0.03-0.80,0.5156629587009334
heloc,locked_test,CatBoost benchmark threshold 0.50,catboost_isotonic,0.11,1026,896,0.46342198833736303,0.46124306642013935,0.0,True,True,True,Decision curve computed from existing probability score; no policy selection on test.,False,0.03-0.80,0.5156629587009334
heloc,locked_test,CatBoost benchmark threshold 0.50,catboost_isotonic,0.12,1020,868,0.4565247410817031,0.45512082853855,0.0,True,True,True,Decision curve computed from existing probability score; no policy selection on test.,False,0.03-0.80,0.5156629587009334
heloc,locked_test,CatBoost benchmark threshold 0.50,catboost_isotonic,0.13,1015,836,0.45067365051651387,0.44885784955623453,0.0,True,True,False,Decision curve computed from existing probability score; no policy selection on test.,False,0.03-0.80,0.5156629587009334
heloc,locked_test,CatBoost benchmark threshold 0.50,catboost_isotonic,0.14,1008,798,0.4446040624080071,0.44244921989991165,0.0,True,True,False,Decision curve computed from existing probability score; no policy selection on test.,False,0.03-0.80,0.5156629587009334
heloc,locked_test,CatBoost benchmark threshold 0.50,catboost_isotonic,0.15,999,773,0.43675353685778107,0.43588979895755764,0.0,True,True,False,Decision curve computed from existing probability score; no policy selection on test.,False,0.03-0.80,0.5156629587009334
heloc,locked_test,CatBoost benchmark threshold 0.50,catboost_isotonic,0.16,998,754,0.4325979505726341,0.4291742013261,0.0,True,True,False,Decision curve computed from existing probability score; no policy selection on test.,False,0.03-0.80,0.5156629587009334
heloc,locked_test,CatBoost benchmark threshold 0.50,catboost_isotonic,0.17,995,729,0.42819582125972244,0.4222967820649687,0.0,True,True,True,Decision curve computed from existing probability score; no policy selection on test.,False,0.03-0.80,0.5156629587009334
heloc,locked_test,CatBoost benchmark threshold 0.50,catboost_isotonic,0.18,992,722,0.422031491200988,0.41525162087063905,0.0,True,True,False,Decision curve computed from existing probability score; no policy selection on test.,False,0.03-0.80,0.5156629587009334
heloc,locked_test,CatBoost benchmark threshold 0.50,catboost_isotonic,0.19,986,689,0.4174089701515862,0.40803250507891853,0.0,True,True,True,Decision curve computed from existing probability score; no policy selection on test.,False,0.03-0.80,0.5156629587009334
heloc,locked_test,CatBoost benchmark threshold 0.50,catboost_isotonic,0.2,985,670,0.4139240506329114,0.40063291139240503,0.0,True,True,True,Decision curve computed from existing probability score; no policy selection on test.,False,0.03-0.80,0.5156629587009334
heloc,locked_test,CatBoost benchmark threshold 0.50,catboost_isotonic,0.21,984,662,0.40912674250921327,0.393045986220157,0.0,True,True,True,Decision curve computed from existing probability score; no policy selection on test.,False,0.03-0.80,0.5156629587009334
heloc,locked_test,CatBoost benchmark threshold 0.50,catboost_isotonic,0.22,978,649,0.4025056799740344,0.3852645245050308,0.0,True,True,False,Decision curve computed from existing probability score; no policy selection on test.,False,0.03-0.80,0.5156629587009334
heloc,locked_test,CatBoost benchmark threshold 0.50,catboost_isotonic,0.23,969,627,0.39580470162748643,0.37728094690120006,0.0,True,True,False,Decision curve computed from existing probability score; no policy selection on test.,False,0.03-0.80,0.5156629587009334
heloc,locked_test,CatBoost benchmark threshold 0.50,catboost_isotonic,0.24,963,603,0.3911792138574284,0.36908727514990003,0.0,True,True,False,Decision curve computed from existing probability score; no policy selection on test.,False,0.03-0.80,0.5156629587009334
heloc,locked_test,CatBoost benchmark threshold 0.50,catboost_isotonic,0.25,954,585,0.3843037974683544,0.3606751054852321,0.0,True,True,False,Decision curve computed from existing probability score; no policy selection on test.,False,0.03-0.80,0.5156629587009334
heloc,locked_test,CatBoost benchmark threshold 0.50,catboost_isotonic,0.26,949,572,0.37874786178583647,0.3520355798836811,0.0,True,True,False,Decision curve computed from existing probability score; no policy selection on test.,False,0.03-0.80,0.5156629587009334
heloc,locked_test,CatBoost benchmark threshold 0.50,catboost_isotonic,0.27,943,555,0.3735321657707647,0.3431593549505808,0.0,True,True,False,Decision curve computed from existing probability score; no policy selection on test.,False,0.03-0.80,0.5156629587009334
heloc,locked_test,CatBoost benchmark threshold 0.50,catboost_isotonic,0.28,941,544,0.3693389592123769,0.33403656821378336,0.0,True,True,False,Decision curve computed from existing probability score; no policy selection on test.,False,0.03-0.80,0.5156629587009334
heloc,locked_test,CatBoost benchmark threshold 0.50,catboost_isotonic,0.29,937,523,0.36626849705829917,0.3246568015689071,0.0,True,True,True,Decision curve computed from existing probability score; no policy selection on test.,False,0.03-0.80,0.5156629587009334
heloc,locked_test,CatBoost benchmark threshold 0.50,catboost_isotonic,0.3,931,510,0.3607233273056058,0.31500904159132004,0.0,True,True,True,Decision curve computed from existing probability score; no policy selection on test.,False,0.03-0.80,0.5156629587009334
heloc,locked_test,CatBoost benchmark threshold 0.50,catboost_isotonic,0.31,925,503,0.3539313887360117,0.3050816363969913,0.0,True,True,False,Decision curve computed from existing probability score; no policy selection on test.,False,0.03-0.80,0.5156629587009334
heloc,locked_test,CatBoost benchmark threshold 0.50,catboost_isotonic,0.32,920,492,0.3485927029039464,0.2948622486969471,0.0,True,True,False,Decision curve computed from existing probability score; no policy selection on test.,False,0.03-0.80,0.5156629587009334
heloc,locked_test,CatBoost benchmark threshold 0.50,catboost_isotonic,0.33,907,467,0.3427772529756282,0.2843378046476478,0.0,True,True,False,Decision curve computed from existing probability score; no policy selection on test.,False,0.03-0.80,0.5156629587009334
heloc,locked_test,CatBoost benchmark threshold 0.50,catboost_isotonic,0.34,905,452,0.34032988108937473,0.2734944380514,0.0,True,True,False,Decision curve computed from existing probability score; no policy selection on test.,False,0.03-0.80,0.5156629587009334
heloc,locked_test,CatBoost benchmark threshold 0.50,catboost_isotonic,0.35,897,442,0.33367088607594936,0.262317429406037,0.0,True,True,False,Decision curve computed from existing probability score; no policy selection on test.,False,0.03-0.80,0.5156629587009334
heloc,locked_test,CatBoost benchmark threshold 0.50,catboost_isotonic,0.36,891,427,0.32952531645569616,0.2507911392405063,0.0,True,True,False,Decision curve computed from existing probability score; no policy selection on test.,False,0.03-0.80,0.5156629587009334
heloc,locked_test,CatBoost benchmark threshold 0.50,catboost_isotonic,0.37,886,411,0.3263893911995178,0.2388989351014667,0.0,True,True,True,Decision curve computed from existing probability score; no policy selection on test.,False,0.03-0.80,0.5156629587009334
heloc,locked_test,CatBoost benchmark threshold 0.50,catboost_isotonic,0.38,884,401,0.3231523070641078,0.226623111474071,0.0,True,True,True,Decision curve computed from existing probability score; no policy selection on test.,False,0.03-0.80,0.5156629587009334
heloc,locked_test,CatBoost benchmark threshold 0.50,catboost_isotonic,0.39,878,392,0.31765926540776096,0.21394480182610492,0.0,True,True,True,Decision curve computed from existing probability score; no policy selection on test.,False,0.03-0.80,0.5156629587009334
heloc,locked_test,CatBoost benchmark threshold 0.50,catboost_isotonic,0.4,874,385,0.31257383966244723,0.20084388185654,0.0,True,True,True,Decision curve computed from existing probability score; no policy selection on test.,False,0.03-0.80,0.5156629587009334
heloc,locked_test,CatBoost benchmark threshold 0.50,catboost_isotonic,0.41,860,359,0.3091267968247158,0.18729886290495606,0.0,True,True,True,Decision curve computed from existing probability score; no policy selection on test.,False,0.03-0.80,0.5156629587009334
heloc,locked_test,CatBoost benchmark threshold 0.50,catboost_isotonic,0.42,857,355,0.3037625491051943,0.1732867743343518,0.0,True,True,True,Decision curve computed from existing probability score; no policy selection on test.,False,0.03-0.80,0.5156629587009334
heloc,locked_test,CatBoost benchmark threshold 0.50,catboost_isotonic,0.43,853,354,0.29668221185876087,0.1587830335332001,0.0,True,True,True,Decision curve computed from existing probability score; no policy selection on test.,False,0.03-0.80,0.5156629587009334
heloc,locked_test,CatBoost benchmark threshold 0.50,catboost_isotonic,0.44,845,348,0.2894032549728752,0.14376130198915005,0.0,True,True,True,Decision curve computed from existing probability score; no policy selection on test.,False,0.03-0.80,0.5156629587009334
heloc,locked_test,CatBoost benchmark threshold 0.50,catboost_isotonic,0.45,833,335,0.2829919447640967,0.12819332566168007,0.0,True,True,True,Decision curve computed from existing probability score; no policy selection on test.,False,0.03-0.80,0.5156629587009334
heloc,locked_test,CatBoost benchmark threshold 0.50,catboost_isotonic,0.46,824,321,0.2787623066104079,0.11204875761837785,0.0,True,True,True,Decision curve computed from existing probability score; no policy selection on test.,False,0.03-0.80,0.5156629587009334
heloc,locked_test,CatBoost benchmark threshold 0.50,catboost_isotonic,0.47,818,310,0.27498447575829954,0.09529496059230952,0.0,True,True,True,Decision curve computed from existing probability score; no policy selection on test.,False,0.03-0.80,0.5156629587009334
heloc,locked_test,CatBoost benchmark threshold 0.50,catboost_isotonic,0.48,814,306,0.2691333982473223,0.07789678675754624,0.0,True,True,True,Decision curve computed from existing probability score; no policy selection on test.,False,0.03-0.80,0.5156629587009334
heloc,locked_test,CatBoost benchmark threshold 0.50,catboost_isotonic,0.49,795,292,0.2604815090593199,0.05981633159592953,0.0,True,True,True,Decision curve computed from existing probability score; no policy selection on test.,False,0.03-0.80,0.5156629587009334
heloc,locked_test,CatBoost benchmark threshold 0.50,catboost_isotonic,0.5,791,288,0.25468354430379747,0.04101265822784805,0.0,True,True,True,Decision curve computed from existing probability score; no policy selection on test.,False,0.03-0.80,0.5156629587009334
heloc,locked_test,CatBoost benchmark threshold 0.50,catboost_isotonic,0.51,773,276,0.24594161715319038,0.02144148798760004,0.0,True,True,True,Decision curve computed from existing probability score; no policy selection on test.,False,0.03-0.80,0.5156629587009334
heloc,locked_test,CatBoost benchmark threshold 0.50,catboost_isotonic,0.52,771,270,0.24227848101265817,0.001054852320675037,0.0,True,True,True,Decision curve computed from existing probability score; no policy selection on test.,False,0.03-0.80,0.5156629587009334
heloc,locked_test,CatBoost benchmark threshold 0.50,catboost_isotonic,0.53,764,259,0.2389550228925397,-0.02019929975760859,0.0,True,True,True,Decision curve computed from existing probability score; no policy selection on test.,False,0.03-0.80,0.5156629587009334
heloc,locked_test,CatBoost benchmark threshold 0.50,catboost_isotonic,0.54,755,251,0.23308750687947163,-0.042377545404512995,0.0,True,True,True,Decision curve computed from existing probability score; no policy selection on test.,False,0.03-0.80,0.5156629587009334
heloc,locked_test,CatBoost benchmark threshold 0.50,catboost_isotonic,0.55,750,244,0.22874824191279886,-0.0655414908579468,0.0,True,True,True,Decision curve computed from existing probability score; no policy selection on test.,False,0.03-0.80,0.5156629587009334
heloc,locked_test,CatBoost benchmark threshold 0.50,catboost_isotonic,0.56,727,235,0.216662830840046,-0.08975834292290008,0.0,True,True,False,Decision curve computed from existing probability score; no policy selection on test.,False,0.03-0.80,0.5156629587009334
heloc,locked_test,CatBoost benchmark threshold 0.50,catboost_isotonic,0.57,712,228,0.20747718575213428,-0.11510156020017648,0.0,True,True,False,Decision curve computed from existing probability score; no policy selection on test.,False,0.03-0.80,0.5156629587009334
heloc,locked_test,CatBoost benchmark threshold 0.50,catboost_isotonic,0.58,707,220,0.20414707655213987,-0.14165159734779986,0.0,True,True,False,Decision curve computed from existing probability score; no policy selection on test.,False,0.03-0.80,0.5156629587009334
heloc,locked_test,CatBoost benchmark threshold 0.50,catboost_isotonic,0.59,703,216,0.19856745909231246,-0.1694967582587218,0.0,True,True,False,Decision curve computed from existing probability score; no policy selection on test.,False,0.03-0.80,0.5156629587009334
heloc,locked_test,CatBoost benchmark threshold 0.50,catboost_isotonic,0.6,679,196,0.1949367088607595,-0.19873417721518982,0.0,True,True,False,Decision curve computed from existing probability score; no policy selection on test.,False,0.03-0.80,0.5156629587009334
heloc,locked_test,CatBoost benchmark threshold 0.50,catboost_isotonic,0.61,643,176,0.18618630314832846,-0.22947095098993842,0.0,True,True,False,Decision curve computed from existing probability score; no policy selection on test.,False,0.03-0.80,0.5156629587009334
heloc,locked_test,CatBoost benchmark threshold 0.50,catboost_isotonic,0.62,636,172,0.1799333777481679,-0.26182544970019994,0.0,True,True,False,Decision curve computed from existing probability score; no policy selection on test.,False,0.03-0.80,0.5156629587009334
heloc,locked_test,CatBoost benchmark threshold 0.50,catboost_isotonic,0.63,626,170,0.17040027369141292,-0.29592884023263777,0.0,True,True,False,Decision curve computed from existing probability score; no policy selection on test.,False,0.03-0.80,0.5156629587009334
heloc,locked_test,CatBoost benchmark threshold 0.50,catboost_isotonic,0.64,619,167,0.1630942334739803,-0.3319268635724333,0.0,True,True,False,Decision curve computed from existing probability score; no policy selection on test.,False,0.03-0.80,0.5156629587009334
heloc,locked_test,CatBoost benchmark threshold 0.50,catboost_isotonic,0.65,614,163,0.15761301989150087,-0.36998191681736003,0.0,True,True,False,Decision curve computed from existing probability score; no policy selection on test.,False,0.03-0.80,0.5156629587009334
heloc,locked_test,CatBoost benchmark threshold 0.50,catboost_isotonic,0.66,573,139,0.1535070737155622,-0.4102755026061059,0.0,True,True,False,Decision curve computed from existing probability score; no policy selection on test.,False,0.03-0.80,0.5156629587009334
heloc,locked_test,CatBoost benchmark threshold 0.50,catboost_isotonic,0.67,568,139,0.14470272343690063,-0.4530111238972001,0.0,True,True,False,Decision curve computed from existing probability score; no policy selection on test.,False,0.03-0.80,0.5156629587009334
heloc,locked_test,CatBoost benchmark threshold 0.50,catboost_isotonic,0.68,565,135,0.14082278481012658,-0.49841772151898756,0.0,True,True,False,Decision curve computed from existing probability score; no policy selection on test.,False,0.03-0.80,0.5156629587009334
heloc,locked_test,CatBoost benchmark threshold 0.50,catboost_isotonic,0.69,547,126,0.13496120865659456,-0.5467537770518576,0.0,True,True,False,Decision curve computed from existing probability score; no policy selection on test.,False,0.03-0.80,0.5156629587009334
heloc,locked_test,CatBoost benchmark threshold 0.50,catboost_isotonic,0.7,533,119,0.12928270042194093,-0.5983122362869198,0.0,True,True,False,Decision curve computed from existing probability score; no policy selection on test.,False,0.03-0.80,0.5156629587009334
heloc,locked_test,CatBoost benchmark threshold 0.50,catboost_isotonic,0.71,515,110,0.12439982540375383,-0.6534264513312964,0.0,True,True,False,Decision curve computed from existing probability score; no policy selection on test.,False,0.03-0.80,0.5156629587009334
heloc,locked_test,CatBoost benchmark threshold 0.50,catboost_isotonic,0.72,496,103,0.11703435804701631,-0.7124773960216997,0.0,True,True,False,Decision curve computed from existing probability score; no policy selection on test.,False,0.03-0.80,0.5156629587009334
heloc,locked_test,CatBoost benchmark threshold 0.50,catboost_isotonic,0.73,488,100,0.1101922175339897,-0.7759024847632441,0.0,True,True,False,Decision curve computed from existing probability score; no policy selection on test.,False,0.03-0.80,0.5156629587009334
heloc,locked_test,CatBoost benchmark threshold 0.50,catboost_isotonic,0.74,478,94,0.10656280428432327,-0.8442064264849074,0.0,True,True,False,Decision curve computed from existing probability score; no policy selection on test.,False,0.03-0.80,0.5156629587009334
heloc,locked_test,CatBoost benchmark threshold 0.50,catboost_isotonic,0.75,441,75,0.10936708860759495,-0.9179746835443039,0.0,True,True,False,Decision curve computed from existing probability score; no policy selection on test.,False,0.03-0.80,0.5156629587009334
heloc,locked_test,CatBoost benchmark threshold 0.50,catboost_isotonic,0.76,416,72,0.0951898734177215,-0.9978902953586499,0.0,True,True,False,Decision curve computed from existing probability score; no policy selection on test.,False,0.03-0.80,0.5156629587009334
heloc,locked_test,CatBoost benchmark threshold 0.50,catboost_isotonic,0.77,377,64,0.08239955971381398,-1.084755090809026,0.0,True,True,False,Decision curve computed from existing probability score; no policy selection on test.,False,0.03-0.80,0.5156629587009334
heloc,locked_test,CatBoost benchmark threshold 0.50,catboost_isotonic,0.78,351,50,0.08796317606444186,-1.1795166858458002,0.0,True,True,True,Decision curve computed from existing probability score; no policy selection on test.,False,0.03-0.80,0.5156629587009334
heloc,locked_test,CatBoost benchmark threshold 0.50,catboost_isotonic,0.79,338,48,0.07971066907775767,-1.2833031946956002,0.0,True,True,True,Decision curve computed from existing probability score; no policy selection on test.,False,0.03-0.80,0.5156629587009334
heloc,locked_test,CatBoost benchmark threshold 0.50,catboost_isotonic,0.8,314,44,0.06987341772151898,-1.3974683544303803,0.0,True,True,False,Decision curve computed from existing probability score; no policy selection on test.,False,0.03-0.80,0.5156629587009334
