dataset,model_family,variant_name,imbalance_strategy,calibration_type,fit_seconds,fn_cost,fp_cost,review_cost,calibration_fit_split,policy_selection_split,test_set_used_for_selection,new_features_created,validation_roc_auc,validation_pr_auc,validation_brier,validation_ece,validation_best_binary_cost,validation_best_manual_review_cost,validation_best_manual_review_rate,calibration_val_roc_auc,calibration_val_pr_auc,calibration_val_brier,calibration_val_ece
taiwan,CatBoost,catboost_baseline,baseline,uncalibrated,12.182388499961235,5.0,1.0,0.5,calibration_val_from_train_only,validation,False,False,0.7851129264606066,0.5590255314633753,0.13356804405612427,0.007052716452257926,3191.0,2676.5,0.2975,0.7841241245456956,0.5431015599081938,0.1355595178419524,0.013760270514646691
taiwan,CatBoost,catboost_baseline,baseline,sigmoid,12.182388499961235,5.0,1.0,0.5,calibration_val_from_train_only,validation,False,False,0.7851129264606066,0.5590255314633753,0.13370039557408925,0.009165692945914765,3187.0,2684.0,0.3,0.7841241245456956,0.5431015599081938,0.1352999945140122,0.015038756675913182
taiwan,CatBoost,catboost_baseline,baseline,isotonic,12.182388499961235,5.0,1.0,0.5,calibration_val_from_train_only,validation,False,False,0.7845183517492381,0.5414900180485935,0.13410070490341386,0.009457685370917096,3243.0,2739.0,0.26266666666666666,0.7888190506741982,0.5382417763181919,0.13314161458143145,2.3283843988666478e-17
taiwan,CatBoost,catboost_auto_balanced,auto_class_weights='Balanced',uncalibrated,10.589654499897733,5.0,1.0,0.5,calibration_val_from_train_only,validation,False,False,0.787518962450196,0.5618504456479035,0.1745055276051313,0.19021367623282873,3208.0,2672.0,0.294,0.7812352149477774,0.5359891335757765,0.17936520089191194,0.19411415872699153
taiwan,CatBoost,catboost_auto_balanced,auto_class_weights='Balanced',sigmoid,10.589654499897733,5.0,1.0,0.5,calibration_val_from_train_only,validation,False,False,0.787518962450196,0.5618504456479035,0.1334174193495877,0.010129799120087275,3216.0,2693.5,0.29483333333333334,0.7812352149477774,0.5359891335757765,0.13576511138167988,0.01034481213932164
taiwan,CatBoost,catboost_auto_balanced,auto_class_weights='Balanced',isotonic,10.589654499897733,5.0,1.0,0.5,calibration_val_from_train_only,validation,False,False,0.7876371678376203,0.5439538181576669,0.13332420795812736,0.007065006371954102,3208.0,2674.5,0.2921666666666667,0.7858309020136345,0.5286747223464502,0.13413893344984665,2.0238440553062748e-17
taiwan,CatBoost,catboost_auto_sqrtbalanced,auto_class_weights='SqrtBalanced',uncalibrated,10.303944100043736,5.0,1.0,0.5,calibration_val_from_train_only,validation,False,False,0.7860008375972473,0.5609347152336467,0.14242529954591782,0.08615355574783679,3200.0,2667.0,0.2996666666666667,0.7831610800077421,0.5374212990825243,0.1454744427339581,0.09052002825130126
taiwan,CatBoost,catboost_auto_sqrtbalanced,auto_class_weights='SqrtBalanced',sigmoid,10.303944100043736,5.0,1.0,0.5,calibration_val_from_train_only,validation,False,False,0.7860008375972473,0.5609347152336467,0.1337866311118296,0.008184895073579612,3198.0,2668.5,0.29783333333333334,0.7831610800077421,0.5374212990825243,0.13548173347632073,0.014519505213881208
taiwan,CatBoost,catboost_auto_sqrtbalanced,auto_class_weights='SqrtBalanced',isotonic,10.303944100043736,5.0,1.0,0.5,calibration_val_from_train_only,validation,False,False,0.7851076854304684,0.5391848381420454,0.13432802338785718,0.011113942193200855,3181.0,2671.0,0.2946666666666667,0.7884030530684807,0.5361793270236906,0.1335946693248652,5.0576826677368245e-18
taiwan,CatBoost,catboost_class_weight_pos_1.25,custom class_weights positive_weight=1.25,uncalibrated,10.24777020001784,5.0,1.0,0.5,calibration_val_from_train_only,validation,False,False,0.7861984647490732,0.5609200112950139,0.1341902363858837,0.026723660723379505,3161.0,2664.0,0.2956666666666667,0.7825537727869016,0.5414216128358896,0.13710782397090626,0.032258841169868685
taiwan,CatBoost,catboost_class_weight_pos_1.25,custom class_weights positive_weight=1.25,sigmoid,10.24777020001784,5.0,1.0,0.5,calibration_val_from_train_only,validation,False,False,0.7861984647490732,0.5609200112950139,0.13346058518249707,0.011179553569341968,3176.0,2656.5,0.2945,0.7825537727869016,0.5414216128358896,0.13552304687053013,0.011023817889035168
taiwan,CatBoost,catboost_class_weight_pos_1.25,custom class_weights positive_weight=1.25,isotonic,10.24777020001784,5.0,1.0,0.5,calibration_val_from_train_only,validation,False,False,0.7854859265439793,0.5376504267379236,0.13404875142724476,0.014632559276549162,3162.0,2650.5,0.2985,0.7883219592971993,0.5319357781907584,0.13360085297127716,2.1587669923266932e-19
taiwan,CatBoost,catboost_class_weight_pos_1.5,custom class_weights positive_weight=1.5,uncalibrated,10.259105600067414,5.0,1.0,0.5,calibration_val_from_train_only,validation,False,False,0.78612541285207,0.563479124453337,0.13670058845961955,0.05212432715098513,3144.0,2639.5,0.2995,0.7831769851396784,0.5418781814495939,0.13994240792294546,0.05840135740360033
taiwan,CatBoost,catboost_class_weight_pos_1.5,custom class_weights positive_weight=1.5,sigmoid,10.259105600067414,5.0,1.0,0.5,calibration_val_from_train_only,validation,False,False,0.78612541285207,0.563479124453337,0.13355992899607913,0.010094393117345456,3130.0,2630.0,0.2976666666666667,0.7831769851396784,0.5418781814495939,0.1355670680770428,0.01685689523257116
taiwan,CatBoost,catboost_class_weight_pos_1.5,custom class_weights positive_weight=1.5,isotonic,10.259105600067414,5.0,1.0,0.5,calibration_val_from_train_only,validation,False,False,0.784678243484069,0.5346511374865582,0.13422296432330938,0.010155213603965318,3164.0,2699.5,0.2961666666666667,0.7889420354267772,0.5346817738868846,0.1334746708243112,5.570389828414414e-18
taiwan,CatBoost,catboost_class_weight_pos_2,custom class_weights positive_weight=2,uncalibrated,10.169525099918246,5.0,1.0,0.5,calibration_val_from_train_only,validation,False,False,0.7861274286328926,0.5624291596550756,0.14426775799500757,0.09544872325589787,3209.0,2689.5,0.2955,0.7808348984580534,0.5411331502642336,0.14850957979554796,0.10117213261129193
taiwan,CatBoost,catboost_class_weight_pos_2,custom class_weights positive_weight=2,sigmoid,10.169525099918246,5.0,1.0,0.5,calibration_val_from_train_only,validation,False,False,0.7861274286328926,0.5624291596550756,0.1336151682176684,0.008986170893184217,3212.0,2692.0,0.2996666666666667,0.7808348984580534,0.5411331502642336,0.1358240459702967,0.008610384410664348
taiwan,CatBoost,catboost_class_weight_pos_2,custom class_weights positive_weight=2,isotonic,10.169525099918246,5.0,1.0,0.5,calibration_val_from_train_only,validation,False,False,0.7849263457876874,0.542711981447272,0.1338123895544033,0.010330247266938878,3206.0,2715.5,0.2718333333333333,0.7848653933003105,0.5350233924696197,0.13409668734116464,2.481811052964152e-17
taiwan,CatBoost,catboost_class_weight_pos_2.5,custom class_weights positive_weight=2.5,uncalibrated,10.0487645000685,5.0,1.0,0.5,calibration_val_from_train_only,validation,False,False,0.7874009183252377,0.559918818404142,0.15364161735084853,0.1319950930635652,3179.0,2654.0,0.299,0.782293242245464,0.5417975367823685,0.15759397870011446,0.13657819526344167
taiwan,CatBoost,catboost_class_weight_pos_2.5,custom class_weights positive_weight=2.5,sigmoid,10.0487645000685,5.0,1.0,0.5,calibration_val_from_train_only,validation,False,False,0.7874009183252377,0.559918818404142,0.13363158623796298,0.008685764915774347,3176.0,2657.0,0.294,0.782293242245464,0.5417975367823685,0.13548456393315098,0.010849929282216755
taiwan,CatBoost,catboost_class_weight_pos_2.5,custom class_weights positive_weight=2.5,isotonic,10.0487645000685,5.0,1.0,0.5,calibration_val_from_train_only,validation,False,False,0.785377719429434,0.5370794123399216,0.1341331435141464,0.008303938634924155,3193.0,2690.5,0.2708333333333333,0.7867878981211335,0.5339508373487565,0.13363415399953632,1.796402532900427e-18
taiwan,CatBoost,catboost_class_weight_pos_3,custom class_weights positive_weight=3,uncalibrated,10.210107700084336,5.0,1.0,0.5,calibration_val_from_train_only,validation,False,False,0.7858943237385929,0.5589659528960538,0.16399916413909088,0.16245875963980758,3233.0,2680.0,0.298,0.7841801285313873,0.5415939897746325,0.16728916458044346,0.16627696590484725
taiwan,CatBoost,catboost_class_weight_pos_3,custom class_weights positive_weight=3,sigmoid,10.210107700084336,5.0,1.0,0.5,calibration_val_from_train_only,validation,False,False,0.7858943237385929,0.5589659528960538,0.13392670888014394,0.00781592216550079,3228.0,2709.5,0.2941666666666667,0.7841801285313873,0.5415939897746325,0.13536643798837478,0.01022880839477094
taiwan,CatBoost,catboost_class_weight_pos_3,custom class_weights positive_weight=3,isotonic,10.210107700084336,5.0,1.0,0.5,calibration_val_from_train_only,validation,False,False,0.7848490204353409,0.5385435756420275,0.13416159451599302,0.00809584495833284,3245.0,2763.5,0.26516666666666666,0.7881781410619432,0.53508883377648,0.13377321893258373,1.722387664592083e-17
taiwan,CatBoost,catboost_class_weight_pos_4,custom class_weights positive_weight=4,uncalibrated,10.0797194999177,5.0,1.0,0.5,calibration_val_from_train_only,validation,False,False,0.7867216808193295,0.5608878997619443,0.18508483958407645,0.21392043537683822,3232.0,2682.0,0.29833333333333334,0.7816922074710213,0.5357137455481737,0.18905157987557802,0.2163144870934565
taiwan,CatBoost,catboost_class_weight_pos_4,custom class_weights positive_weight=4,sigmoid,10.0797194999177,5.0,1.0,0.5,calibration_val_from_train_only,validation,False,False,0.7867216808193295,0.5608878997619443,0.13365959703095304,0.011547903373367469,3224.0,2687.5,0.29183333333333333,0.7816922074710213,0.5357137455481737,0.13593735790427597,0.009567386604135145
taiwan,CatBoost,catboost_class_weight_pos_4,custom class_weights positive_weight=4,isotonic,10.0797194999177,5.0,1.0,0.5,calibration_val_from_train_only,validation,False,False,0.785609292330309,0.5427196824164983,0.13394093685522657,0.010067443494431066,3235.0,2795.0,0.2673333333333333,0.7864632990200647,0.5323107548087526,0.1341324345778564,1.54120543487895e-17
taiwan,CatBoost,catboost_class_weight_pos_5,custom class_weights positive_weight=5,uncalibrated,10.296726200031117,5.0,1.0,0.5,calibration_val_from_train_only,validation,False,False,0.7856003422634573,0.5569789802969949,0.2054007438767233,0.25303473864167175,3218.0,2706.5,0.2991666666666667,0.781041665173227,0.5386647723200421,0.20853506900580132,0.2543450305464085
taiwan,CatBoost,catboost_class_weight_pos_5,custom class_weights positive_weight=5,sigmoid,10.296726200031117,5.0,1.0,0.5,calibration_val_from_train_only,validation,False,False,0.7856003422634573,0.5569789802969949,0.13393855117274817,0.011399462552664113,3221.0,2718.5,0.2945,0.781041665173227,0.5386647723200421,0.1358672277287004,0.010366971142580539
taiwan,CatBoost,catboost_class_weight_pos_5,custom class_weights positive_weight=5,isotonic,10.296726200031117,5.0,1.0,0.5,calibration_val_from_train_only,validation,False,False,0.7845523781295201,0.5359263263869761,0.13406702567700873,0.009915895336769242,3258.0,2742.5,0.27616666666666667,0.7862285303120451,0.5318627691597095,0.13376114680105308,1.0793834961633467e-18
taiwan,XGBoost,xgboost_baseline,baseline,uncalibrated,0.6896731000160798,5.0,1.0,0.5,calibration_val_from_train_only,validation,False,False,0.7870155010319991,0.5601482601548518,0.13373358233523808,0.008567951455479493,3198.0,2694.5,0.2955,0.7808158571029182,0.5412839320635879,0.136798795899578,0.01949732756539662
taiwan,XGBoost,xgboost_baseline,baseline,sigmoid,0.6896731000160798,5.0,1.0,0.5,calibration_val_from_train_only,validation,False,False,0.7870155010319991,0.5601482601548518,0.13389436478747574,0.01038787207859343,3202.0,2704.5,0.2905,0.7808158571029182,0.5412839320635879,0.13627743739050038,0.014065860369185371
taiwan,XGBoost,xgboost_baseline,baseline,isotonic,0.6896731000160798,5.0,1.0,0.5,calibration_val_from_train_only,validation,False,False,0.7855876831598929,0.5377721135143584,0.13420816877777553,0.005453805418609447,3186.0,2716.0,0.2693333333333333,0.7856118144216087,0.5308333134419947,0.13445244470163442,1.2690465962034775e-17
taiwan,XGBoost,xgboost_scale_pos_weight_1,scale_pos_weight=1,uncalibrated,0.5638508000411093,5.0,1.0,0.5,calibration_val_from_train_only,validation,False,False,0.7870155010319991,0.5601482601548518,0.13373358233523808,0.008567951455479493,3198.0,2694.5,0.2955,0.7808158571029182,0.5412839320635879,0.136798795899578,0.01949732756539662
taiwan,XGBoost,xgboost_scale_pos_weight_1,scale_pos_weight=1,sigmoid,0.5638508000411093,5.0,1.0,0.5,calibration_val_from_train_only,validation,False,False,0.7870155010319991,0.5601482601548518,0.13389436478747574,0.01038787207859343,3202.0,2704.5,0.2905,0.7808158571029182,0.5412839320635879,0.13627743739050038,0.014065860369185371
taiwan,XGBoost,xgboost_scale_pos_weight_1,scale_pos_weight=1,isotonic,0.5638508000411093,5.0,1.0,0.5,calibration_val_from_train_only,validation,False,False,0.7855876831598929,0.5377721135143584,0.13420816877777553,0.005453805418609447,3186.0,2716.0,0.2693333333333333,0.7856118144216087,0.5308333134419947,0.13445244470163442,1.2690465962034775e-17
taiwan,XGBoost,xgboost_scale_pos_weight_1.25,scale_pos_weight=1.25,uncalibrated,0.5923830000683665,5.0,1.0,0.5,calibration_val_from_train_only,validation,False,False,0.7866309706823225,0.5609613298984225,0.13469517749673615,0.024751631263177847,3180.0,2682.0,0.294,0.7797764231284812,0.5414200089713359,0.13820828717790007,0.033001443095531116
taiwan,XGBoost,xgboost_scale_pos_weight_1.25,scale_pos_weight=1.25,sigmoid,0.5923830000683665,5.0,1.0,0.5,calibration_val_from_train_only,validation,False,False,0.7866309706823225,0.5609613298984225,0.13393201530933996,0.011644808421407771,3196.0,2690.5,0.29583333333333334,0.7797764231284812,0.5414200089713359,0.1362740195597242,0.017262789933605225
taiwan,XGBoost,xgboost_scale_pos_weight_1.25,scale_pos_weight=1.25,isotonic,0.5923830000683665,5.0,1.0,0.5,calibration_val_from_train_only,validation,False,False,0.7860613916531515,0.5375504767872286,0.13433571584947182,0.01203702976269213,3175.0,2689.0,0.292,0.7848799543365902,0.5296865093943738,0.1340724335609939,1.9197606467476665e-17
taiwan,XGBoost,xgboost_scale_pos_weight_1.5,scale_pos_weight=1.5,uncalibrated,0.5387520999647677,5.0,1.0,0.5,calibration_val_from_train_only,validation,False,False,0.7873415737378269,0.560761945441692,0.13684091574183302,0.04909839115214223,3182.0,2676.0,0.294,0.7805327009512613,0.5433743539964815,0.14072601136311433,0.05579412717967191
taiwan,XGBoost,xgboost_scale_pos_weight_1.5,scale_pos_weight=1.5,sigmoid,0.5387520999647677,5.0,1.0,0.5,calibration_val_from_train_only,validation,False,False,0.7873415737378269,0.560761945441692,0.13378029351988638,0.008736900638700867,3184.0,2672.0,0.299,0.7805327009512613,0.5433743539964815,0.136004702810946,0.016531473533163255
taiwan,XGBoost,xgboost_scale_pos_weight_1.5,scale_pos_weight=1.5,isotonic,0.5387520999647677,5.0,1.0,0.5,calibration_val_from_train_only,validation,False,False,0.7852599171981743,0.5368514293687167,0.1341703595715038,0.010565109658828183,3223.0,2695.5,0.29683333333333334,0.7855701474562543,0.5333474996839204,0.13413811964371272,1.4402059791665227e-17
taiwan,XGBoost,xgboost_scale_pos_weight_2,scale_pos_weight=2,uncalibrated,0.5615508999908343,5.0,1.0,0.5,calibration_val_from_train_only,validation,False,False,0.787461472381142,0.5638825917893057,0.14353810923429194,0.08983773661420372,3167.0,2678.0,0.2936666666666667,0.7807891992057291,0.5421557414100805,0.14825256458803726,0.09543960496524556
taiwan,XGBoost,xgboost_scale_pos_weight_2,scale_pos_weight=2,sigmoid,0.5615508999908343,5.0,1.0,0.5,calibration_val_from_train_only,validation,False,False,0.787461472381142,0.5638825917893057,0.1335469597158125,0.012244253467246663,3168.0,2682.0,0.2936666666666667,0.7807891992057291,0.5421557414100805,0.1360638989125212,0.016708414011320987
taiwan,XGBoost,xgboost_scale_pos_weight_2,scale_pos_weight=2,isotonic,0.5615508999908343,5.0,1.0,0.5,calibration_val_from_train_only,validation,False,False,0.7857085493780027,0.5361290186732514,0.1342767474690046,0.00867020314343866,3192.0,2681.5,0.2991666666666667,0.7857993157657044,0.5339447174533056,0.1339932201658224,2.6882431466053923e-17
taiwan,XGBoost,xgboost_scale_pos_weight_2.5,scale_pos_weight=2.5,uncalibrated,0.5707242999924347,5.0,1.0,0.5,calibration_val_from_train_only,validation,False,False,0.7855982458514021,0.5613212312081797,0.15244264371894678,0.12361305774142964,3183.0,2719.5,0.29883333333333334,0.780083773001957,0.5386649637407104,0.1572026840254696,0.12867520720814354
taiwan,XGBoost,xgboost_scale_pos_weight_2.5,scale_pos_weight=2.5,sigmoid,0.5707242999924347,5.0,1.0,0.5,calibration_val_from_train_only,validation,False,False,0.7855982458514021,0.5613212312081797,0.13389650181363438,0.011734889784355986,3198.0,2729.5,0.29583333333333334,0.780083773001957,0.5386649637407104,0.13632142423739882,0.014999500966245081
taiwan,XGBoost,xgboost_scale_pos_weight_2.5,scale_pos_weight=2.5,isotonic,0.5707242999924347,5.0,1.0,0.5,calibration_val_from_train_only,validation,False,False,0.785097284001425,0.5395107372380147,0.13404794151988747,0.009630333460143818,3222.0,2723.0,0.2976666666666667,0.7845125681904529,0.5325664511401866,0.13461248511921925,1.1549403408947809e-17
taiwan,XGBoost,xgboost_scale_pos_weight_3,scale_pos_weight=3,uncalibrated,0.5659966999664903,5.0,1.0,0.5,calibration_val_from_train_only,validation,False,False,0.7855611554842704,0.564127208914699,0.16169761254602694,0.15253040245299537,3174.0,2692.5,0.2975,0.7794878905941979,0.5404044985711457,0.16662062958784804,0.15706484850211483
taiwan,XGBoost,xgboost_scale_pos_weight_3,scale_pos_weight=3,sigmoid,0.5659966999664903,5.0,1.0,0.5,calibration_val_from_train_only,validation,False,False,0.7855611554842704,0.564127208914699,0.1338154126717553,0.013176308073699215,3174.0,2702.5,0.2995,0.7794878905941979,0.5404044985711457,0.13618563403960418,0.015952062100934323
taiwan,XGBoost,xgboost_scale_pos_weight_3,scale_pos_weight=3,isotonic,0.5659966999664903,5.0,1.0,0.5,calibration_val_from_train_only,validation,False,False,0.7831986603604442,0.5349553346091097,0.13432215011326992,0.005844427926408557,3234.0,2709.5,0.2971666666666667,0.7841568308733398,0.5304854598569314,0.13424952584126634,3.7007434154171884e-18
taiwan,XGBoost,xgboost_scale_pos_weight_4,scale_pos_weight=4,uncalibrated,0.5755058000795543,5.0,1.0,0.5,calibration_val_from_train_only,validation,False,False,0.7857008087796447,0.5622618946870686,0.1802902014649109,0.19902662771505616,3162.0,2693.0,0.298,0.78097065211937,0.5430982221074878,0.18476916612425356,0.20243818893821702
taiwan,XGBoost,xgboost_scale_pos_weight_4,scale_pos_weight=4,sigmoid,0.5755058000795543,5.0,1.0,0.5,calibration_val_from_train_only,validation,False,False,0.7857008087796447,0.5622618946870686,0.13392022059235004,0.012927467712400944,3178.0,2704.5,0.2961666666666667,0.78097065211937,0.5430982221074878,0.13601517219381115,0.02216340834021734
taiwan,XGBoost,xgboost_scale_pos_weight_4,scale_pos_weight=4,isotonic,0.5755058000795543,5.0,1.0,0.5,calibration_val_from_train_only,validation,False,False,0.7842876657919252,0.537129440914753,0.13408542203078133,0.009694994828501283,3187.0,2738.0,0.26033333333333336,0.7860408049520069,0.5346165803994914,0.13409677880499346,2.5835814968881246e-17
taiwan,XGBoost,xgboost_scale_pos_weight_5,scale_pos_weight=5,uncalibrated,0.5547730000689626,5.0,1.0,0.5,calibration_val_from_train_only,validation,False,False,0.7877852067812158,0.5619349219397589,0.1978910450055928,0.2361248589552318,3138.0,2657.0,0.2986666666666667,0.7807558208302569,0.5363965616893007,0.20297783495107302,0.2394912437781588
taiwan,XGBoost,xgboost_scale_pos_weight_5,scale_pos_weight=5,sigmoid,0.5547730000689626,5.0,1.0,0.5,calibration_val_from_train_only,validation,False,False,0.7877852067812158,0.5619349219397589,0.13378976095488246,0.01342947105084995,3150.0,2648.5,0.2985,0.7807558208302569,0.5363965616893007,0.13625907925096384,0.013894216173256244
taiwan,XGBoost,xgboost_scale_pos_weight_5,scale_pos_weight=5,isotonic,0.5547730000689626,5.0,1.0,0.5,calibration_val_from_train_only,validation,False,False,0.7861297669386466,0.5416552496442455,0.13371603476423982,0.007838515359313639,3174.0,2661.0,0.2966666666666667,0.7850524466125206,0.5273784962051309,0.1345978931071605,3.854941057726238e-18
taiwan,XGBoost,xgboost_max_delta_step_0,max_delta_step=0,uncalibrated,0.5683268000138924,5.0,1.0,0.5,calibration_val_from_train_only,validation,False,False,0.7870155010319991,0.5601482601548518,0.13373358233523808,0.008567951455479493,3198.0,2694.5,0.2955,0.7808158571029182,0.5412839320635879,0.136798795899578,0.01949732756539662
taiwan,XGBoost,xgboost_max_delta_step_0,max_delta_step=0,sigmoid,0.5683268000138924,5.0,1.0,0.5,calibration_val_from_train_only,validation,False,False,0.7870155010319991,0.5601482601548518,0.13389436478747574,0.01038787207859343,3202.0,2704.5,0.2905,0.7808158571029182,0.5412839320635879,0.13627743739050038,0.014065860369185371
taiwan,XGBoost,xgboost_max_delta_step_0,max_delta_step=0,isotonic,0.5683268000138924,5.0,1.0,0.5,calibration_val_from_train_only,validation,False,False,0.7855876831598929,0.5377721135143584,0.13420816877777553,0.005453805418609447,3186.0,2716.0,0.2693333333333333,0.7856118144216087,0.5308333134419947,0.13445244470163442,1.2690465962034775e-17
taiwan,XGBoost,xgboost_max_delta_step_1,max_delta_step=1,uncalibrated,0.5436822000192478,5.0,1.0,0.5,calibration_val_from_train_only,validation,False,False,0.7875294445104725,0.563071252968743,0.13329451242175588,0.008276314164201427,3184.0,2695.0,0.2996666666666667,0.78073745152295,0.5391024308372105,0.13681982451943187,0.020120960817698187
taiwan,XGBoost,xgboost_max_delta_step_1,max_delta_step=1,sigmoid,0.5436822000192478,5.0,1.0,0.5,calibration_val_from_train_only,validation,False,False,0.7875294445104725,0.563071252968743,0.1334919847852677,0.013144957761423503,3195.0,2698.0,0.29433333333333334,0.78073745152295,0.5391024308372105,0.13632518465460153,0.008375822670477595
taiwan,XGBoost,xgboost_max_delta_step_1,max_delta_step=1,isotonic,0.5436822000192478,5.0,1.0,0.5,calibration_val_from_train_only,validation,False,False,0.7860521190613687,0.5426632015290143,0.13408377975573915,0.0101350597618481,3226.0,2736.5,0.2848333333333333,0.7848844346554456,0.5332881200782685,0.13461586433779682,1.480297366166875e-17
taiwan,XGBoost,xgboost_max_delta_step_3,max_delta_step=3,uncalibrated,0.5614969999296591,5.0,1.0,0.5,calibration_val_from_train_only,validation,False,False,0.7870155010319991,0.5601482601548518,0.13373358233523808,0.008567951455479493,3198.0,2694.5,0.2955,0.7808158571029182,0.5412839320635879,0.136798795899578,0.01949732756539662
taiwan,XGBoost,xgboost_max_delta_step_3,max_delta_step=3,sigmoid,0.5614969999296591,5.0,1.0,0.5,calibration_val_from_train_only,validation,False,False,0.7870155010319991,0.5601482601548518,0.13389436478747574,0.01038787207859343,3202.0,2704.5,0.2905,0.7808158571029182,0.5412839320635879,0.13627743739050038,0.014065860369185371
taiwan,XGBoost,xgboost_max_delta_step_3,max_delta_step=3,isotonic,0.5614969999296591,5.0,1.0,0.5,calibration_val_from_train_only,validation,False,False,0.7855876831598929,0.5377721135143584,0.13420816877777553,0.005453805418609447,3186.0,2716.0,0.2693333333333333,0.7856118144216087,0.5308333134419947,0.13445244470163442,1.2690465962034775e-17
taiwan,XGBoost,xgboost_max_delta_step_5,max_delta_step=5,uncalibrated,0.5634544999338686,5.0,1.0,0.5,calibration_val_from_train_only,validation,False,False,0.7870155010319991,0.5601482601548518,0.13373358233523808,0.008567951455479493,3198.0,2694.5,0.2955,0.7808158571029182,0.5412839320635879,0.136798795899578,0.01949732756539662
taiwan,XGBoost,xgboost_max_delta_step_5,max_delta_step=5,sigmoid,0.5634544999338686,5.0,1.0,0.5,calibration_val_from_train_only,validation,False,False,0.7870155010319991,0.5601482601548518,0.13389436478747574,0.01038787207859343,3202.0,2704.5,0.2905,0.7808158571029182,0.5412839320635879,0.13627743739050038,0.014065860369185371
taiwan,XGBoost,xgboost_max_delta_step_5,max_delta_step=5,isotonic,0.5634544999338686,5.0,1.0,0.5,calibration_val_from_train_only,validation,False,False,0.7855876831598929,0.5377721135143584,0.13420816877777553,0.005453805418609447,3186.0,2716.0,0.2693333333333333,0.7856118144216087,0.5308333134419947,0.13445244470163442,1.2690465962034775e-17
taiwan,XGBoost,xgboost_spw_1.25_mds_1,scale_pos_weight=1.25; max_delta_step=1,uncalibrated,0.5641987000126392,5.0,1.0,0.5,calibration_val_from_train_only,validation,False,False,0.787349878754815,0.5632945685789066,0.1344039485829686,0.025311840728080525,3183.0,2693.5,0.29783333333333334,0.7808516996537609,0.5394906901278989,0.13805473179998357,0.031325028466009014
taiwan,XGBoost,xgboost_spw_1.25_mds_1,scale_pos_weight=1.25; max_delta_step=1,sigmoid,0.5641987000126392,5.0,1.0,0.5,calibration_val_from_train_only,validation,False,False,0.787349878754815,0.5632945685789066,0.13361566408090816,0.010742060309307024,3180.0,2703.5,0.29383333333333334,0.7808516996537609,0.5394906901278989,0.13615777700338577,0.010181755150581949
taiwan,XGBoost,xgboost_spw_1.25_mds_1,scale_pos_weight=1.25; max_delta_step=1,isotonic,0.5641987000126392,5.0,1.0,0.5,calibration_val_from_train_only,validation,False,False,0.7853009584957178,0.5411791656343068,0.13452524477311897,0.013508355167829021,3201.0,2779.0,0.24433333333333335,0.7850815686850803,0.5313028083866628,0.1345063715771063,1.7119793237362224e-17
taiwan,XGBoost,xgboost_spw_1.25_mds_3,scale_pos_weight=1.25; max_delta_step=3,uncalibrated,0.5961470999754965,5.0,1.0,0.5,calibration_val_from_train_only,validation,False,False,0.7866309706823225,0.5609613298984225,0.13469517749673615,0.024751631263177847,3180.0,2682.0,0.294,0.7797764231284812,0.5414200089713359,0.13820828717790007,0.033001443095531116
taiwan,XGBoost,xgboost_spw_1.25_mds_3,scale_pos_weight=1.25; max_delta_step=3,sigmoid,0.5961470999754965,5.0,1.0,0.5,calibration_val_from_train_only,validation,False,False,0.7866309706823225,0.5609613298984225,0.13393201530933996,0.011644808421407771,3196.0,2690.5,0.29583333333333334,0.7797764231284812,0.5414200089713359,0.1362740195597242,0.017262789933605225
taiwan,XGBoost,xgboost_spw_1.25_mds_3,scale_pos_weight=1.25; max_delta_step=3,isotonic,0.5961470999754965,5.0,1.0,0.5,calibration_val_from_train_only,validation,False,False,0.7860613916531515,0.5375504767872286,0.13433571584947182,0.01203702976269213,3175.0,2689.0,0.292,0.7848799543365902,0.5296865093943738,0.1340724335609939,1.9197606467476665e-17
taiwan,XGBoost,xgboost_spw_1.25_mds_5,scale_pos_weight=1.25; max_delta_step=5,uncalibrated,0.55655000009574,5.0,1.0,0.5,calibration_val_from_train_only,validation,False,False,0.7866309706823225,0.5609613298984225,0.13469517749673615,0.024751631263177847,3180.0,2682.0,0.294,0.7797764231284812,0.5414200089713359,0.13820828717790007,0.033001443095531116
taiwan,XGBoost,xgboost_spw_1.25_mds_5,scale_pos_weight=1.25; max_delta_step=5,sigmoid,0.55655000009574,5.0,1.0,0.5,calibration_val_from_train_only,validation,False,False,0.7866309706823225,0.5609613298984225,0.13393201530933996,0.011644808421407771,3196.0,2690.5,0.29583333333333334,0.7797764231284812,0.5414200089713359,0.1362740195597242,0.017262789933605225
taiwan,XGBoost,xgboost_spw_1.25_mds_5,scale_pos_weight=1.25; max_delta_step=5,isotonic,0.55655000009574,5.0,1.0,0.5,calibration_val_from_train_only,validation,False,False,0.7860613916531515,0.5375504767872286,0.13433571584947182,0.01203702976269213,3175.0,2689.0,0.292,0.7848799543365902,0.5296865093943738,0.1340724335609939,1.9197606467476665e-17
taiwan,XGBoost,xgboost_spw_1.5_mds_1,scale_pos_weight=1.5; max_delta_step=1,uncalibrated,0.5473137999651954,5.0,1.0,0.5,calibration_val_from_train_only,validation,False,False,0.7867357106538532,0.5601474749649203,0.13680434625234922,0.04904163424523237,3191.0,2704.5,0.2951666666666667,0.7810586903848774,0.5419410042504247,0.14084804679282903,0.0555390103927089
taiwan,XGBoost,xgboost_spw_1.5_mds_1,scale_pos_weight=1.5; max_delta_step=1,sigmoid,0.5473137999651954,5.0,1.0,0.5,calibration_val_from_train_only,validation,False,False,0.7867357106538532,0.5601474749649203,0.1337181729506189,0.011552090980453154,3188.0,2701.5,0.2985,0.7810586903848774,0.5419410042504247,0.1361043938865452,0.010897030191933978
taiwan,XGBoost,xgboost_spw_1.5_mds_1,scale_pos_weight=1.5; max_delta_step=1,isotonic,0.5473137999651954,5.0,1.0,0.5,calibration_val_from_train_only,validation,False,False,0.7861280736827557,0.5431282853704823,0.13434549006674518,0.009886380182353304,3212.0,2706.5,0.2828333333333333,0.7847531613129844,0.534422771450842,0.13449129742489516,8.958883018155777e-18
taiwan,XGBoost,xgboost_spw_1.5_mds_3,scale_pos_weight=1.5; max_delta_step=3,uncalibrated,0.571396000101231,5.0,1.0,0.5,calibration_val_from_train_only,validation,False,False,0.7873415737378269,0.560761945441692,0.13684091574183302,0.04909839115214223,3182.0,2676.0,0.294,0.7805327009512613,0.5433743539964815,0.14072601136311433,0.05579412717967191
taiwan,XGBoost,xgboost_spw_1.5_mds_3,scale_pos_weight=1.5; max_delta_step=3,sigmoid,0.571396000101231,5.0,1.0,0.5,calibration_val_from_train_only,validation,False,False,0.7873415737378269,0.560761945441692,0.13378029351988638,0.008736900638700867,3184.0,2672.0,0.299,0.7805327009512613,0.5433743539964815,0.136004702810946,0.016531473533163255
taiwan,XGBoost,xgboost_spw_1.5_mds_3,scale_pos_weight=1.5; max_delta_step=3,isotonic,0.571396000101231,5.0,1.0,0.5,calibration_val_from_train_only,validation,False,False,0.7852599171981743,0.5368514293687167,0.1341703595715038,0.010565109658828183,3223.0,2695.5,0.29683333333333334,0.7855701474562543,0.5333474996839204,0.13413811964371272,1.4402059791665227e-17
taiwan,XGBoost,xgboost_spw_1.5_mds_5,scale_pos_weight=1.5; max_delta_step=5,uncalibrated,0.5810340000316501,5.0,1.0,0.5,calibration_val_from_train_only,validation,False,False,0.7873415737378269,0.560761945441692,0.13684091574183302,0.04909839115214223,3182.0,2676.0,0.294,0.7805327009512613,0.5433743539964815,0.14072601136311433,0.05579412717967191
taiwan,XGBoost,xgboost_spw_1.5_mds_5,scale_pos_weight=1.5; max_delta_step=5,sigmoid,0.5810340000316501,5.0,1.0,0.5,calibration_val_from_train_only,validation,False,False,0.7873415737378269,0.560761945441692,0.13378029351988638,0.008736900638700867,3184.0,2672.0,0.299,0.7805327009512613,0.5433743539964815,0.136004702810946,0.016531473533163255
taiwan,XGBoost,xgboost_spw_1.5_mds_5,scale_pos_weight=1.5; max_delta_step=5,isotonic,0.5810340000316501,5.0,1.0,0.5,calibration_val_from_train_only,validation,False,False,0.7852599171981743,0.5368514293687167,0.1341703595715038,0.010565109658828183,3223.0,2695.5,0.29683333333333334,0.7855701474562543,0.5333474996839204,0.13413811964371272,1.4402059791665227e-17
taiwan,XGBoost,xgboost_spw_2_mds_1,scale_pos_weight=2; max_delta_step=1,uncalibrated,0.5413661000784487,5.0,1.0,0.5,calibration_val_from_train_only,validation,False,False,0.7865830757299828,0.5611390298068629,0.14372703124680708,0.09013312553909297,3165.0,2650.5,0.29583333333333334,0.7799630284088058,0.540483845425067,0.14827226156232542,0.0952943883527122
taiwan,XGBoost,xgboost_spw_2_mds_1,scale_pos_weight=2; max_delta_step=1,sigmoid,0.5413661000784487,5.0,1.0,0.5,calibration_val_from_train_only,validation,False,False,0.7865830757299828,0.5611390298068629,0.13366310427956637,0.010582102492726172,3187.0,2685.5,0.2945,0.7799630284088058,0.540483845425067,0.13619425869621904,0.01714103578418074
taiwan,XGBoost,xgboost_spw_2_mds_1,scale_pos_weight=2; max_delta_step=1,isotonic,0.5413661000784487,5.0,1.0,0.5,calibration_val_from_train_only,validation,False,False,0.7857664426032213,0.5359245607572848,0.1346458462478785,0.012746801693754164,3166.0,2668.0,0.2853333333333333,0.7850766403343394,0.5316853963755293,0.13397529381757947,2.0354088784794535e-17
taiwan,XGBoost,xgboost_spw_2_mds_3,scale_pos_weight=2; max_delta_step=3,uncalibrated,0.5575453999917954,5.0,1.0,0.5,calibration_val_from_train_only,validation,False,False,0.787461472381142,0.5638825917893057,0.14353810923429194,0.08983773661420372,3167.0,2678.0,0.2936666666666667,0.7807891992057291,0.5421557414100805,0.14825256458803726,0.09543960496524556
taiwan,XGBoost,xgboost_spw_2_mds_3,scale_pos_weight=2; max_delta_step=3,sigmoid,0.5575453999917954,5.0,1.0,0.5,calibration_val_from_train_only,validation,False,False,0.787461472381142,0.5638825917893057,0.1335469597158125,0.012244253467246663,3168.0,2682.0,0.2936666666666667,0.7807891992057291,0.5421557414100805,0.1360638989125212,0.016708414011320987
taiwan,XGBoost,xgboost_spw_2_mds_3,scale_pos_weight=2; max_delta_step=3,isotonic,0.5575453999917954,5.0,1.0,0.5,calibration_val_from_train_only,validation,False,False,0.7857085493780027,0.5361290186732514,0.1342767474690046,0.00867020314343866,3192.0,2681.5,0.2991666666666667,0.7857993157657044,0.5339447174533056,0.1339932201658224,2.6882431466053923e-17
taiwan,XGBoost,xgboost_spw_2_mds_5,scale_pos_weight=2; max_delta_step=5,uncalibrated,0.5638861999614164,5.0,1.0,0.5,calibration_val_from_train_only,validation,False,False,0.787461472381142,0.5638825917893057,0.14353810923429194,0.08983773661420372,3167.0,2678.0,0.2936666666666667,0.7807891992057291,0.5421557414100805,0.14825256458803726,0.09543960496524556
taiwan,XGBoost,xgboost_spw_2_mds_5,scale_pos_weight=2; max_delta_step=5,sigmoid,0.5638861999614164,5.0,1.0,0.5,calibration_val_from_train_only,validation,False,False,0.787461472381142,0.5638825917893057,0.1335469597158125,0.012244253467246663,3168.0,2682.0,0.2936666666666667,0.7807891992057291,0.5421557414100805,0.1360638989125212,0.016708414011320987
taiwan,XGBoost,xgboost_spw_2_mds_5,scale_pos_weight=2; max_delta_step=5,isotonic,0.5638861999614164,5.0,1.0,0.5,calibration_val_from_train_only,validation,False,False,0.7857085493780027,0.5361290186732514,0.1342767474690046,0.00867020314343866,3192.0,2681.5,0.2991666666666667,0.7857993157657044,0.5339447174533056,0.1339932201658224,2.6882431466053923e-17
taiwan,XGBoost,xgboost_spw_2.5_mds_1,scale_pos_weight=2.5; max_delta_step=1,uncalibrated,0.551686100079678,5.0,1.0,0.5,calibration_val_from_train_only,validation,False,False,0.7869895377750069,0.5631363582848798,0.15217665470693903,0.12438798436010255,3191.0,2695.5,0.2961666666666667,0.7798494523258231,0.5396895514926119,0.1572397507466092,0.12919250019515555
taiwan,XGBoost,xgboost_spw_2.5_mds_1,scale_pos_weight=2.5; max_delta_step=1,sigmoid,0.551686100079678,5.0,1.0,0.5,calibration_val_from_train_only,validation,False,False,0.7869895377750069,0.5631363582848798,0.13357174272901168,0.011159296146236949,3194.0,2690.5,0.2995,0.7798494523258231,0.5396895514926119,0.13622271932532193,0.015593572342272433
taiwan,XGBoost,xgboost_spw_2.5_mds_1,scale_pos_weight=2.5; max_delta_step=1,isotonic,0.551686100079678,5.0,1.0,0.5,calibration_val_from_train_only,validation,False,False,0.7843414468242664,0.5357071440442716,0.13416125527268769,0.007369174898423625,3210.0,2695.5,0.2945,0.7849753851282087,0.5303312496306355,0.13420709738559117,3.515706244646329e-17
taiwan,XGBoost,xgboost_spw_2.5_mds_3,scale_pos_weight=2.5; max_delta_step=3,uncalibrated,0.5303223000373691,5.0,1.0,0.5,calibration_val_from_train_only,validation,False,False,0.7855982458514021,0.5613212312081797,0.15244264371894678,0.12361305774142964,3183.0,2719.5,0.29883333333333334,0.780083773001957,0.5386649637407104,0.1572026840254696,0.12867520720814354
taiwan,XGBoost,xgboost_spw_2.5_mds_3,scale_pos_weight=2.5; max_delta_step=3,sigmoid,0.5303223000373691,5.0,1.0,0.5,calibration_val_from_train_only,validation,False,False,0.7855982458514021,0.5613212312081797,0.13389650181363438,0.011734889784355986,3198.0,2729.5,0.29583333333333334,0.780083773001957,0.5386649637407104,0.13632142423739882,0.014999500966245081
taiwan,XGBoost,xgboost_spw_2.5_mds_3,scale_pos_weight=2.5; max_delta_step=3,isotonic,0.5303223000373691,5.0,1.0,0.5,calibration_val_from_train_only,validation,False,False,0.785097284001425,0.5395107372380147,0.13404794151988747,0.009630333460143818,3222.0,2723.0,0.2976666666666667,0.7845125681904529,0.5325664511401866,0.13461248511921925,1.1549403408947809e-17
taiwan,XGBoost,xgboost_spw_2.5_mds_5,scale_pos_weight=2.5; max_delta_step=5,uncalibrated,0.5697294999845326,5.0,1.0,0.5,calibration_val_from_train_only,validation,False,False,0.7855982458514021,0.5613212312081797,0.15244264371894678,0.12361305774142964,3183.0,2719.5,0.29883333333333334,0.780083773001957,0.5386649637407104,0.1572026840254696,0.12867520720814354
taiwan,XGBoost,xgboost_spw_2.5_mds_5,scale_pos_weight=2.5; max_delta_step=5,sigmoid,0.5697294999845326,5.0,1.0,0.5,calibration_val_from_train_only,validation,False,False,0.7855982458514021,0.5613212312081797,0.13389650181363438,0.011734889784355986,3198.0,2729.5,0.29583333333333334,0.780083773001957,0.5386649637407104,0.13632142423739882,0.014999500966245081
taiwan,XGBoost,xgboost_spw_2.5_mds_5,scale_pos_weight=2.5; max_delta_step=5,isotonic,0.5697294999845326,5.0,1.0,0.5,calibration_val_from_train_only,validation,False,False,0.785097284001425,0.5395107372380147,0.13404794151988747,0.009630333460143818,3222.0,2723.0,0.2976666666666667,0.7845125681904529,0.5325664511401866,0.13461248511921925,1.1549403408947809e-17
taiwan,XGBoost,xgboost_spw_3_mds_1,scale_pos_weight=3; max_delta_step=1,uncalibrated,0.5426331999478862,5.0,1.0,0.5,calibration_val_from_train_only,validation,False,False,0.7865702553639524,0.5632705422738767,0.1616634056265854,0.15332943727665896,3183.0,2695.5,0.2975,0.7811917558548807,0.5419420573371067,0.1660442025800596,0.1575044581270777
taiwan,XGBoost,xgboost_spw_3_mds_1,scale_pos_weight=3; max_delta_step=1,sigmoid,0.5426331999478862,5.0,1.0,0.5,calibration_val_from_train_only,validation,False,False,0.7865702553639524,0.5632705422738767,0.13372700393061576,0.011026584758930627,3185.0,2703.5,0.29283333333333333,0.7811917558548807,0.5419420573371067,0.1357863754677362,0.015176755958637145
taiwan,XGBoost,xgboost_spw_3_mds_1,scale_pos_weight=3; max_delta_step=1,isotonic,0.5426331999478862,5.0,1.0,0.5,calibration_val_from_train_only,validation,False,False,0.7842707332330173,0.5385433279064091,0.13416244871673652,0.010040311482871885,3212.0,2709.0,0.3,0.7861758865654951,0.534039540574192,0.13398606408462194,3.3306690738754695e-18
taiwan,XGBoost,xgboost_spw_3_mds_3,scale_pos_weight=3; max_delta_step=3,uncalibrated,0.5740600000135601,5.0,1.0,0.5,calibration_val_from_train_only,validation,False,False,0.7855611554842704,0.564127208914699,0.16169761254602694,0.15253040245299537,3174.0,2692.5,0.2975,0.7794878905941979,0.5404044985711457,0.16662062958784804,0.15706484850211483
taiwan,XGBoost,xgboost_spw_3_mds_3,scale_pos_weight=3; max_delta_step=3,sigmoid,0.5740600000135601,5.0,1.0,0.5,calibration_val_from_train_only,validation,False,False,0.7855611554842704,0.564127208914699,0.1338154126717553,0.013176308073699215,3174.0,2702.5,0.2995,0.7794878905941979,0.5404044985711457,0.13618563403960418,0.015952062100934323
taiwan,XGBoost,xgboost_spw_3_mds_3,scale_pos_weight=3; max_delta_step=3,isotonic,0.5740600000135601,5.0,1.0,0.5,calibration_val_from_train_only,validation,False,False,0.7831986603604442,0.5349553346091097,0.13432215011326992,0.005844427926408557,3234.0,2709.5,0.2971666666666667,0.7841568308733398,0.5304854598569314,0.13424952584126634,3.7007434154171884e-18
taiwan,XGBoost,xgboost_spw_3_mds_5,scale_pos_weight=3; max_delta_step=5,uncalibrated,0.5655054999515414,5.0,1.0,0.5,calibration_val_from_train_only,validation,False,False,0.7855611554842704,0.564127208914699,0.16169761254602694,0.15253040245299537,3174.0,2692.5,0.2975,0.7794878905941979,0.5404044985711457,0.16662062958784804,0.15706484850211483
taiwan,XGBoost,xgboost_spw_3_mds_5,scale_pos_weight=3; max_delta_step=5,sigmoid,0.5655054999515414,5.0,1.0,0.5,calibration_val_from_train_only,validation,False,False,0.7855611554842704,0.564127208914699,0.1338154126717553,0.013176308073699215,3174.0,2702.5,0.2995,0.7794878905941979,0.5404044985711457,0.13618563403960418,0.015952062100934323
taiwan,XGBoost,xgboost_spw_3_mds_5,scale_pos_weight=3; max_delta_step=5,isotonic,0.5655054999515414,5.0,1.0,0.5,calibration_val_from_train_only,validation,False,False,0.7831986603604442,0.5349553346091097,0.13432215011326992,0.005844427926408557,3234.0,2709.5,0.2971666666666667,0.7841568308733398,0.5304854598569314,0.13424952584126634,3.7007434154171884e-18
taiwan,XGBoost,xgboost_spw_4_mds_1,scale_pos_weight=4; max_delta_step=1,uncalibrated,0.5523843000410125,5.0,1.0,0.5,calibration_val_from_train_only,validation,False,False,0.7862373290033288,0.5631255538870827,0.18052274878583477,0.20018082069434848,3190.0,2675.0,0.297,0.7795918339916414,0.53777079575641,0.18604850113250138,0.20471642109694782
taiwan,XGBoost,xgboost_spw_4_mds_1,scale_pos_weight=4; max_delta_step=1,sigmoid,0.5523843000410125,5.0,1.0,0.5,calibration_val_from_train_only,validation,False,False,0.7862373290033288,0.5631255538870827,0.13383856788037765,0.012989878203812161,3197.0,2690.5,0.29983333333333334,0.7795918339916414,0.53777079575641,0.13638102335329041,0.012894300045041088
taiwan,XGBoost,xgboost_spw_4_mds_1,scale_pos_weight=4; max_delta_step=1,isotonic,0.5523843000410125,5.0,1.0,0.5,calibration_val_from_train_only,validation,False,False,0.7848505524287659,0.5409788390939796,0.13425436484744782,0.008860950772684291,3210.0,2738.0,0.2723333333333333,0.7848286546856966,0.532805904948617,0.13456714026076658,2.8218168542556063e-18
taiwan,XGBoost,xgboost_spw_4_mds_3,scale_pos_weight=4; max_delta_step=3,uncalibrated,0.5541125000454485,5.0,1.0,0.5,calibration_val_from_train_only,validation,False,False,0.7857008087796447,0.5622618946870686,0.1802902014649109,0.19902662771505616,3162.0,2693.0,0.298,0.78097065211937,0.5430982221074878,0.18476916612425356,0.20243818893821702
taiwan,XGBoost,xgboost_spw_4_mds_3,scale_pos_weight=4; max_delta_step=3,sigmoid,0.5541125000454485,5.0,1.0,0.5,calibration_val_from_train_only,validation,False,False,0.7857008087796447,0.5622618946870686,0.13392022059235004,0.012927467712400944,3178.0,2704.5,0.2961666666666667,0.78097065211937,0.5430982221074878,0.13601517219381115,0.02216340834021734
taiwan,XGBoost,xgboost_spw_4_mds_3,scale_pos_weight=4; max_delta_step=3,isotonic,0.5541125000454485,5.0,1.0,0.5,calibration_val_from_train_only,validation,False,False,0.7842876657919252,0.537129440914753,0.13408542203078133,0.009694994828501283,3187.0,2738.0,0.26033333333333336,0.7860408049520069,0.5346165803994914,0.13409677880499346,2.5835814968881246e-17
taiwan,XGBoost,xgboost_spw_4_mds_5,scale_pos_weight=4; max_delta_step=5,uncalibrated,0.5578841000096872,5.0,1.0,0.5,calibration_val_from_train_only,validation,False,False,0.7857008087796447,0.5622618946870686,0.1802902014649109,0.19902662771505616,3162.0,2693.0,0.298,0.78097065211937,0.5430982221074878,0.18476916612425356,0.20243818893821702
taiwan,XGBoost,xgboost_spw_4_mds_5,scale_pos_weight=4; max_delta_step=5,sigmoid,0.5578841000096872,5.0,1.0,0.5,calibration_val_from_train_only,validation,False,False,0.7857008087796447,0.5622618946870686,0.13392022059235004,0.012927467712400944,3178.0,2704.5,0.2961666666666667,0.78097065211937,0.5430982221074878,0.13601517219381115,0.02216340834021734
taiwan,XGBoost,xgboost_spw_4_mds_5,scale_pos_weight=4; max_delta_step=5,isotonic,0.5578841000096872,5.0,1.0,0.5,calibration_val_from_train_only,validation,False,False,0.7842876657919252,0.537129440914753,0.13408542203078133,0.009694994828501283,3187.0,2738.0,0.26033333333333336,0.7860408049520069,0.5346165803994914,0.13409677880499346,2.5835814968881246e-17
taiwan,XGBoost,xgboost_spw_5_mds_1,scale_pos_weight=5; max_delta_step=1,uncalibrated,0.5627863999688998,5.0,1.0,0.5,calibration_val_from_train_only,validation,False,False,0.7861859669079744,0.565282927443182,0.19874281518616455,0.23729398003996663,3171.0,2664.0,0.2936666666666667,0.7796048269163219,0.5417053855376852,0.2035574715867113,0.24064096412233385
taiwan,XGBoost,xgboost_spw_5_mds_1,scale_pos_weight=5; max_delta_step=1,sigmoid,0.5627863999688998,5.0,1.0,0.5,calibration_val_from_train_only,validation,False,False,0.7861859669079744,0.565282927443182,0.13383319014475772,0.01368096305195903,3186.0,2675.0,0.29933333333333334,0.7796048269163219,0.5417053855376852,0.13615688897475303,0.01285118974247918
taiwan,XGBoost,xgboost_spw_5_mds_1,scale_pos_weight=5; max_delta_step=1,isotonic,0.5627863999688998,5.0,1.0,0.5,calibration_val_from_train_only,validation,False,False,0.7847401682709327,0.5423439470919172,0.1342187270357976,0.011911904045731165,3180.0,2704.0,0.297,0.7845264571789045,0.5355224498049461,0.13411217621634128,1.575899904398486e-17
taiwan,XGBoost,xgboost_spw_5_mds_3,scale_pos_weight=5; max_delta_step=3,uncalibrated,0.543586099985987,5.0,1.0,0.5,calibration_val_from_train_only,validation,False,False,0.7877852067812158,0.5619349219397589,0.1978910450055928,0.2361248589552318,3138.0,2657.0,0.2986666666666667,0.7807558208302569,0.5363965616893007,0.20297783495107302,0.2394912437781588
taiwan,XGBoost,xgboost_spw_5_mds_3,scale_pos_weight=5; max_delta_step=3,sigmoid,0.543586099985987,5.0,1.0,0.5,calibration_val_from_train_only,validation,False,False,0.7877852067812158,0.5619349219397589,0.13378976095488246,0.01342947105084995,3150.0,2648.5,0.2985,0.7807558208302569,0.5363965616893007,0.13625907925096384,0.013894216173256244
taiwan,XGBoost,xgboost_spw_5_mds_3,scale_pos_weight=5; max_delta_step=3,isotonic,0.543586099985987,5.0,1.0,0.5,calibration_val_from_train_only,validation,False,False,0.7861297669386466,0.5416552496442455,0.13371603476423982,0.007838515359313639,3174.0,2661.0,0.2966666666666667,0.7850524466125206,0.5273784962051309,0.1345978931071605,3.854941057726238e-18
taiwan,XGBoost,xgboost_spw_5_mds_5,scale_pos_weight=5; max_delta_step=5,uncalibrated,0.5569372000172734,5.0,1.0,0.5,calibration_val_from_train_only,validation,False,False,0.7877852067812158,0.5619349219397589,0.1978910450055928,0.2361248589552318,3138.0,2657.0,0.2986666666666667,0.7807558208302569,0.5363965616893007,0.20297783495107302,0.2394912437781588
taiwan,XGBoost,xgboost_spw_5_mds_5,scale_pos_weight=5; max_delta_step=5,sigmoid,0.5569372000172734,5.0,1.0,0.5,calibration_val_from_train_only,validation,False,False,0.7877852067812158,0.5619349219397589,0.13378976095488246,0.01342947105084995,3150.0,2648.5,0.2985,0.7807558208302569,0.5363965616893007,0.13625907925096384,0.013894216173256244
taiwan,XGBoost,xgboost_spw_5_mds_5,scale_pos_weight=5; max_delta_step=5,isotonic,0.5569372000172734,5.0,1.0,0.5,calibration_val_from_train_only,validation,False,False,0.7861297669386466,0.5416552496442455,0.13371603476423982,0.007838515359313639,3174.0,2661.0,0.2966666666666667,0.7850524466125206,0.5273784962051309,0.1345978931071605,3.854941057726238e-18
taiwan,LightGBM,lightgbm_baseline,baseline,uncalibrated,0.9498937000753358,5.0,1.0,0.5,calibration_val_from_train_only,validation,False,False,0.7832938858464933,0.5542248554877209,0.1348248335182898,0.022115757336343946,3234.0,2729.5,0.2925,0.776051486032158,0.5365103147413225,0.13851628096339286,0.02865848400357275
taiwan,LightGBM,lightgbm_baseline,baseline,sigmoid,0.9498937000753358,5.0,1.0,0.5,calibration_val_from_train_only,validation,False,False,0.7832938858464933,0.5542248554877209,0.1348227585267573,0.017737438007565772,3237.0,2735.0,0.297,0.776051486032158,0.5365103147413225,0.13729650044010291,0.007023433070704171
taiwan,LightGBM,lightgbm_baseline,baseline,isotonic,0.9498937000753358,5.0,1.0,0.5,calibration_val_from_train_only,validation,False,False,0.781139741828468,0.5280402059666652,0.13502656417103065,0.007744533922755058,3262.0,2790.5,0.2951666666666667,0.7812038527157901,0.5256800568882315,0.13555877624504561,0.0
taiwan,LightGBM,lightgbm_is_unbalance,is_unbalance=True,uncalibrated,0.9454390000319108,5.0,1.0,0.5,calibration_val_from_train_only,validation,False,False,0.7821734342341831,0.5555240909457673,0.16165052177142145,0.13813694768707133,3225.0,2717.0,0.2986666666666667,0.7781308020129176,0.535679098192745,0.1662705572945059,0.1409846368509999
taiwan,LightGBM,lightgbm_is_unbalance,is_unbalance=True,sigmoid,0.9454390000319108,5.0,1.0,0.5,calibration_val_from_train_only,validation,False,False,0.7821734342341831,0.5555240909457673,0.1351183194160207,0.01591550597218897,3223.0,2719.0,0.29133333333333333,0.7781308020129176,0.535679098192745,0.13735301056052507,0.012470484017186458
taiwan,LightGBM,lightgbm_is_unbalance,is_unbalance=True,isotonic,0.9454390000319108,5.0,1.0,0.5,calibration_val_from_train_only,validation,False,False,0.780651761606987,0.5363273462763932,0.13552381245680464,0.014136355622731762,3242.0,2819.0,0.2613333333333333,0.7828281923167908,0.5292539113837307,0.135478459920055,8.06453669276329e-18
taiwan,LightGBM,lightgbm_class_weight_balanced,class_weight='balanced',uncalibrated,0.9569401999469846,5.0,1.0,0.5,calibration_val_from_train_only,validation,False,False,0.7815388664312988,0.5534390880794822,0.16181456539744302,0.139866315542706,3239.0,2746.0,0.2956666666666667,0.7781881500942658,0.5372230308390898,0.1667311634937664,0.14312753401109465
taiwan,LightGBM,lightgbm_class_weight_balanced,class_weight='balanced',sigmoid,0.9569401999469846,5.0,1.0,0.5,calibration_val_from_train_only,validation,False,False,0.7815388664312988,0.5534390880794822,0.13500286215149385,0.018810539909730736,3244.0,2758.0,0.297,0.7781881500942658,0.5372230308390898,0.1370129297620877,0.012660525095135827
taiwan,LightGBM,lightgbm_class_weight_balanced,class_weight='balanced',isotonic,0.9569401999469846,5.0,1.0,0.5,calibration_val_from_train_only,validation,False,False,0.7797233735914328,0.536821190474452,0.13504751010338933,0.011315906613313291,3251.0,2774.0,0.28833333333333333,0.7827950379572612,0.5317420043733971,0.13502890749640234,1.0292692624129056e-17
taiwan,LightGBM,lightgbm_scale_pos_weight_1,scale_pos_weight=1,uncalibrated,0.94561860000249,5.0,1.0,0.5,calibration_val_from_train_only,validation,False,False,0.7832938858464933,0.5542248554877209,0.1348248335182898,0.022115757336343946,3234.0,2729.5,0.2925,0.776051486032158,0.5365103147413225,0.13851628096339286,0.02865848400357275
taiwan,LightGBM,lightgbm_scale_pos_weight_1,scale_pos_weight=1,sigmoid,0.94561860000249,5.0,1.0,0.5,calibration_val_from_train_only,validation,False,False,0.7832938858464933,0.5542248554877209,0.1348227585267573,0.017737438007565772,3237.0,2735.0,0.297,0.776051486032158,0.5365103147413225,0.13729650044010291,0.007023433070704171
taiwan,LightGBM,lightgbm_scale_pos_weight_1,scale_pos_weight=1,isotonic,0.94561860000249,5.0,1.0,0.5,calibration_val_from_train_only,validation,False,False,0.781139741828468,0.5280402059666652,0.13502656417103065,0.007744533922755058,3262.0,2790.5,0.2951666666666667,0.7812038527157901,0.5256800568882315,0.13555877624504561,0.0
taiwan,LightGBM,lightgbm_scale_pos_weight_1.25,scale_pos_weight=1.25,uncalibrated,0.9537255999166518,5.0,1.0,0.5,calibration_val_from_train_only,validation,False,False,0.7830130472623198,0.5527431416834702,0.1355812201673715,0.026853203911216157,3222.0,2703.0,0.2936666666666667,0.7757445841905677,0.53764555735884,0.13973789158525368,0.03491939505149606
taiwan,LightGBM,lightgbm_scale_pos_weight_1.25,scale_pos_weight=1.25,sigmoid,0.9537255999166518,5.0,1.0,0.5,calibration_val_from_train_only,validation,False,False,0.7830130472623198,0.5527431416834702,0.13491289292940734,0.016238056985206317,3218.0,2708.5,0.29983333333333334,0.7757445841905677,0.53764555735884,0.13736960483952326,0.014724612639577677
taiwan,LightGBM,lightgbm_scale_pos_weight_1.25,scale_pos_weight=1.25,isotonic,0.9537255999166518,5.0,1.0,0.5,calibration_val_from_train_only,validation,False,False,0.7816871472685928,0.529174724273282,0.13496521783160145,0.009009272761691509,3209.0,2720.5,0.2945,0.7809182323887627,0.5307124303283717,0.13518361240943036,2.757053844485805e-17
taiwan,LightGBM,lightgbm_scale_pos_weight_1.5,scale_pos_weight=1.5,uncalibrated,0.9419563999399543,5.0,1.0,0.5,calibration_val_from_train_only,validation,False,False,0.7805091249559954,0.5537929377004102,0.137652546256042,0.04538044622902677,3227.0,2746.0,0.298,0.7741625836027498,0.5326460652518304,0.14245554641232075,0.051708777411821734
taiwan,LightGBM,lightgbm_scale_pos_weight_1.5,scale_pos_weight=1.5,sigmoid,0.9419563999399543,5.0,1.0,0.5,calibration_val_from_train_only,validation,False,False,0.7805091249559954,0.5537929377004102,0.1351648297174354,0.01907157496313902,3230.0,2742.5,0.2975,0.7741625836027498,0.5326460652518304,0.13779581338423333,0.009706144004783462
taiwan,LightGBM,lightgbm_scale_pos_weight_1.5,scale_pos_weight=1.5,isotonic,0.9419563999399543,5.0,1.0,0.5,calibration_val_from_train_only,validation,False,False,0.7791758068888425,0.5332372703784651,0.13524789460967504,0.01163051268045259,3252.0,2753.5,0.2931666666666667,0.7790615882551131,0.5249547822658073,0.13609524953119229,1.878127283324223e-17
taiwan,LightGBM,lightgbm_scale_pos_weight_2,scale_pos_weight=2,uncalibrated,0.9828774000052363,5.0,1.0,0.5,calibration_val_from_train_only,validation,False,False,0.7815553958340421,0.5534664848287142,0.14262032922152568,0.07343690635335294,3237.0,2695.5,0.2955,0.778256250940867,0.5373991086790143,0.14678282379068044,0.08022802085404347
taiwan,LightGBM,lightgbm_scale_pos_weight_2,scale_pos_weight=2,sigmoid,0.9828774000052363,5.0,1.0,0.5,calibration_val_from_train_only,validation,False,False,0.7815553958340421,0.5534664848287142,0.13511939187035985,0.01863021550169437,3228.0,2719.5,0.2871666666666667,0.778256250940867,0.5373991086790143,0.1369873894334809,0.01326581948671761
taiwan,LightGBM,lightgbm_scale_pos_weight_2,scale_pos_weight=2,isotonic,0.9828774000052363,5.0,1.0,0.5,calibration_val_from_train_only,validation,False,False,0.7792905451332519,0.5265540874219661,0.13560357459930897,0.010252837231391192,3231.0,2843.0,0.275,0.7829682022810198,0.5263211746883661,0.13485264767055033,5.2427198385076835e-18
taiwan,LightGBM,lightgbm_scale_pos_weight_2.5,scale_pos_weight=2.5,uncalibrated,0.9602862999308854,5.0,1.0,0.5,calibration_val_from_train_only,validation,False,False,0.7798973757920205,0.5517748167019808,0.14930598341327336,0.09914241111767391,3222.0,2717.5,0.29683333333333334,0.7793050935849002,0.5386205034361337,0.15272417122201654,0.10248219807287899
taiwan,LightGBM,lightgbm_scale_pos_weight_2.5,scale_pos_weight=2.5,sigmoid,0.9602862999308854,5.0,1.0,0.5,calibration_val_from_train_only,validation,False,False,0.7798973757920205,0.5517748167019808,0.135309411473829,0.020943602787395668,3236.0,2729.5,0.29683333333333334,0.7793050935849002,0.5386205034361337,0.13685072764807524,0.016458457307763307
taiwan,LightGBM,lightgbm_scale_pos_weight_2.5,scale_pos_weight=2.5,isotonic,0.9602862999308854,5.0,1.0,0.5,calibration_val_from_train_only,validation,False,False,0.778289024589462,0.5320303206909666,0.1352222541006139,0.009733271279724457,3248.0,2846.0,0.22866666666666666,0.7843696460189677,0.5293194542911815,0.13488703081543532,2.4209029842520775e-17
taiwan,LightGBM,lightgbm_scale_pos_weight_3,scale_pos_weight=3,uncalibrated,0.9502799999900162,5.0,1.0,0.5,calibration_val_from_train_only,validation,False,False,0.7794688207891831,0.5526291201527246,0.1557772202018661,0.12050218097454163,3236.0,2751.0,0.297,0.7748516566427,0.5323310210241059,0.16075104021365785,0.12409427986735254
taiwan,LightGBM,lightgbm_scale_pos_weight_3,scale_pos_weight=3,sigmoid,0.9502799999900162,5.0,1.0,0.5,calibration_val_from_train_only,validation,False,False,0.7794688207891831,0.5526291201527246,0.13552153816038193,0.02020352339700733,3249.0,2759.0,0.2936666666666667,0.7748516566427,0.5323310210241059,0.13776536301643905,0.016457265499720816
taiwan,LightGBM,lightgbm_scale_pos_weight_3,scale_pos_weight=3,isotonic,0.9502799999900162,5.0,1.0,0.5,calibration_val_from_train_only,validation,False,False,0.7776891282167225,0.5304749635078818,0.13519265732061608,0.006752132880176553,3296.0,2859.0,0.27066666666666667,0.7807446200331185,0.5247198191201733,0.13562875935971827,2.344575151309098e-17
taiwan,LightGBM,lightgbm_scale_pos_weight_4,scale_pos_weight=4,uncalibrated,0.9454825000138953,5.0,1.0,0.5,calibration_val_from_train_only,validation,False,False,0.7802853732847116,0.5554293342882122,0.16748530284787347,0.1545521010251315,3206.0,2767.0,0.298,0.7761711105455953,0.5327595284337252,0.1730187056755001,0.15773570968908524
taiwan,LightGBM,lightgbm_scale_pos_weight_4,scale_pos_weight=4,sigmoid,0.9454825000138953,5.0,1.0,0.5,calibration_val_from_train_only,validation,False,False,0.7802853732847116,0.5554293342882122,0.13525774814061853,0.02212651933170278,3209.0,2780.0,0.29633333333333334,0.7761711105455953,0.5327595284337252,0.13760909771431493,0.01628407500324726
taiwan,LightGBM,lightgbm_scale_pos_weight_4,scale_pos_weight=4,isotonic,0.9454825000138953,5.0,1.0,0.5,calibration_val_from_train_only,validation,False,False,0.7790194629282587,0.5350137248529483,0.1348830440164243,0.008266157997928717,3263.0,2771.0,0.29633333333333334,0.7811807790736852,0.5252744473366618,0.13566202412298556,1.5311825881288617e-17
taiwan,LightGBM,lightgbm_scale_pos_weight_5,scale_pos_weight=5,uncalibrated,0.9455257999943569,5.0,1.0,0.5,calibration_val_from_train_only,validation,False,False,0.779472691088362,0.5538769331340293,0.17997585078399989,0.18170302225413595,3252.0,2754.5,0.29683333333333334,0.7784406160617638,0.5314926543655661,0.1839805397371135,0.1848854831653872
taiwan,LightGBM,lightgbm_scale_pos_weight_5,scale_pos_weight=5,sigmoid,0.9455257999943569,5.0,1.0,0.5,calibration_val_from_train_only,validation,False,False,0.779472691088362,0.5538769331340293,0.13544093446912245,0.019468935484977693,3265.0,2750.5,0.2995,0.7784406160617638,0.5314926543655661,0.13726658443246428,0.022287340915177745
taiwan,LightGBM,lightgbm_scale_pos_weight_5,scale_pos_weight=5,isotonic,0.9455257999943569,5.0,1.0,0.5,calibration_val_from_train_only,validation,False,False,0.7779964944765188,0.5350469150416145,0.1350014272314024,0.0075662615136482,3259.0,2776.0,0.2836666666666667,0.7835165933089125,0.5269748216453031,0.13504375596532098,4.117077049651622e-18
heloc,CatBoost,catboost_baseline,baseline,uncalibrated,7.260099699953571,5.0,1.0,0.5,calibration_val_from_train_only,validation,False,False,0.8004892197880047,0.7955463022491567,0.1817084394740967,0.02130146824221457,893.0,751.5,0.2983789260385005,0.804788618257356,0.7894067985840029,0.1792547633691293,0.0313771257443343
heloc,CatBoost,catboost_baseline,baseline,sigmoid,7.260099699953571,5.0,1.0,0.5,calibration_val_from_train_only,validation,False,False,0.8004892197880047,0.7955463022491567,0.18160881568747833,0.02343684678050216,896.0,752.0,0.2988855116514691,0.804788618257356,0.7894067985840029,0.17911597630423332,0.030700431263940457
heloc,CatBoost,catboost_baseline,baseline,isotonic,7.260099699953571,5.0,1.0,0.5,calibration_val_from_train_only,validation,False,False,0.8007334184001341,0.7827352112078256,0.18195441307075536,0.022098085988591105,901.0,747.0,0.2998986828774063,0.8106381400232839,0.7887522513581836,0.17463595107349433,1.756682000989172e-17
heloc,CatBoost,catboost_auto_balanced,auto_class_weights='Balanced',uncalibrated,7.146802400005981,5.0,1.0,0.5,calibration_val_from_train_only,validation,False,False,0.799340715157485,0.792670919517737,0.18213745875710496,0.024560086782989276,881.0,757.5,0.29635258358662614,0.8041209167484649,0.7872931704108769,0.1798449291269754,0.042805238555745306
heloc,CatBoost,catboost_auto_balanced,auto_class_weights='Balanced',sigmoid,7.146802400005981,5.0,1.0,0.5,calibration_val_from_train_only,validation,False,False,0.799340715157485,0.792670919517737,0.18188949696471715,0.017512763438595272,890.0,755.0,0.2938196555217832,0.8041209167484649,0.7872931704108769,0.1797993596306191,0.0406900145386732
heloc,CatBoost,catboost_auto_balanced,auto_class_weights='Balanced',isotonic,7.146802400005981,5.0,1.0,0.5,calibration_val_from_train_only,validation,False,False,0.797916651672015,0.776056126455892,0.18295269578073473,0.024950159703164016,898.0,768.0,0.23910840932117527,0.8105668043919922,0.7874766106127247,0.17430646934003696,1.0062274501665975e-16
heloc,CatBoost,catboost_auto_sqrtbalanced,auto_class_weights='SqrtBalanced',uncalibrated,7.114427900058217,5.0,1.0,0.5,calibration_val_from_train_only,validation,False,False,0.8009426580530533,0.7928507034084682,0.18147939480729067,0.021659497582446383,880.0,751.5,0.29533941236068895,0.8049141689684297,0.7921715349722396,0.17935224585547221,0.04177798533384541
heloc,CatBoost,catboost_auto_sqrtbalanced,auto_class_weights='SqrtBalanced',sigmoid,7.114427900058217,5.0,1.0,0.5,calibration_val_from_train_only,validation,False,False,0.8009426580530533,0.7928507034084682,0.1813939507761899,0.018319452064063893,882.0,751.0,0.2978723404255319,0.8049141689684297,0.7921715349722396,0.17932347012048297,0.03287280524549147
heloc,CatBoost,catboost_auto_sqrtbalanced,auto_class_weights='SqrtBalanced',isotonic,7.114427900058217,5.0,1.0,0.5,calibration_val_from_train_only,validation,False,False,0.7977182081682637,0.7753598000915375,0.18305282613698204,0.024860979552222325,884.0,785.0,0.2998986828774063,0.8124001301161914,0.7926618865584556,0.17370933243591274,2.6888945828474255e-17
heloc,CatBoost,catboost_class_weight_pos_1.25,custom class_weights positive_weight=1.25,uncalibrated,7.016018399968743,5.0,1.0,0.5,calibration_val_from_train_only,validation,False,False,0.8011112836210079,0.7945016786697905,0.18290900545094255,0.03925943320653966,890.0,755.0,0.2938196555217832,0.802622868491337,0.7918134479461231,0.18268464657754913,0.04473379440836415
heloc,CatBoost,catboost_class_weight_pos_1.25,custom class_weights positive_weight=1.25,sigmoid,7.016018399968743,5.0,1.0,0.5,calibration_val_from_train_only,validation,False,False,0.8011112836210079,0.7945016786697905,0.18132535167687025,0.025683423760920608,888.0,754.5,0.2922998986828774,0.802622868491337,0.7918134479461231,0.18045576050643555,0.04368508702013067
heloc,CatBoost,catboost_class_weight_pos_1.25,custom class_weights positive_weight=1.25,isotonic,7.016018399968743,5.0,1.0,0.5,calibration_val_from_train_only,validation,False,False,0.7959702602077591,0.7733129577704944,0.18301363007656582,0.026460360205295425,909.0,791.5,0.20516717325227962,0.8095110370488734,0.7829078750004689,0.17460677637507852,4.799255226702417e-17
heloc,CatBoost,catboost_class_weight_pos_1.5,custom class_weights positive_weight=1.5,uncalibrated,6.9262743999715894,5.0,1.0,0.5,calibration_val_from_train_only,validation,False,False,0.8011801733347454,0.7965689743481539,0.1860809399640988,0.06596332545672293,889.0,757.5,0.29635258358662614,0.804414819549387,0.7910820768626419,0.18594447847452694,0.07351755217000139
heloc,CatBoost,catboost_class_weight_pos_1.5,custom class_weights positive_weight=1.5,sigmoid,6.9262743999715894,5.0,1.0,0.5,calibration_val_from_train_only,validation,False,False,0.8011801733347454,0.7965689743481539,0.18121361897229982,0.019362369615878595,887.0,754.5,0.29736575481256333,0.804414819549387,0.7910820768626419,0.17982928770238388,0.026942203067879485
heloc,CatBoost,catboost_class_weight_pos_1.5,custom class_weights positive_weight=1.5,isotonic,6.9262743999715894,5.0,1.0,0.5,calibration_val_from_train_only,validation,False,False,0.7985500257565274,0.7789969231810446,0.1830790669593614,0.0275908989793521,899.0,773.5,0.27811550151975684,0.8103927454516401,0.791869644951669,0.17501197822495845,1.0979262506182323e-17
heloc,CatBoost,catboost_class_weight_pos_2,custom class_weights positive_weight=2,uncalibrated,6.803066699998453,5.0,1.0,0.5,calibration_val_from_train_only,validation,False,False,0.8002465634828996,0.7954004707463362,0.19493955476379105,0.10798299541463446,885.0,757.5,0.2983789260385005,0.8010163900746455,0.7859870374094297,0.1965487625520133,0.1161099769528146
heloc,CatBoost,catboost_class_weight_pos_2,custom class_weights positive_weight=2,sigmoid,6.803066699998453,5.0,1.0,0.5,calibration_val_from_train_only,validation,False,False,0.8002465634828996,0.7954004707463362,0.18168699241129577,0.02017055411002006,888.0,757.0,0.2988855116514691,0.8010163900746455,0.7859870374094297,0.18123987070943792,0.03636909851372183
heloc,CatBoost,catboost_class_weight_pos_2,custom class_weights positive_weight=2,isotonic,6.803066699998453,5.0,1.0,0.5,calibration_val_from_train_only,validation,False,False,0.7971953660871363,0.7786169072730845,0.18376335697497734,0.03130009724606446,901.0,764.5,0.2801418439716312,0.8081428196406967,0.7867955323295538,0.17539845789874572,1.337420563419756e-17
heloc,CatBoost,catboost_class_weight_pos_2.5,custom class_weights positive_weight=2.5,uncalibrated,7.102876799996011,5.0,1.0,0.5,calibration_val_from_train_only,validation,False,False,0.7998805226158759,0.7985352584847398,0.20502679747931546,0.1429895682870087,903.0,757.0,0.2938196555217832,0.8028682630629809,0.7902442707597632,0.20586432749224118,0.14934741442984176
heloc,CatBoost,catboost_class_weight_pos_2.5,custom class_weights positive_weight=2.5,sigmoid,7.102876799996011,5.0,1.0,0.5,calibration_val_from_train_only,validation,False,False,0.7998805226158759,0.7985352584847398,0.1818223588837401,0.012952821420986972,900.0,758.0,0.2988855116514691,0.8028682630629809,0.7902442707597632,0.18043796565702092,0.04298794024426561
heloc,CatBoost,catboost_class_weight_pos_2.5,custom class_weights positive_weight=2.5,isotonic,7.102876799996011,5.0,1.0,0.5,calibration_val_from_train_only,validation,False,False,0.7974277403454151,0.7775810616174748,0.1834348001890197,0.02444427781896741,905.0,781.0,0.2684903748733536,0.811073287374164,0.7902153683645036,0.17437693502197593,4.6282715119394716e-17
heloc,CatBoost,catboost_class_weight_pos_3,custom class_weights positive_weight=3,uncalibrated,6.760129899950698,5.0,1.0,0.5,calibration_val_from_train_only,validation,False,False,0.7993129536310534,0.7946656602485246,0.21480693765128664,0.16903239869762757,902.0,756.5,0.29736575481256333,0.8016812381582852,0.7878391791612194,0.21687743127734266,0.17538571659678165
heloc,CatBoost,catboost_class_weight_pos_3,custom class_weights positive_weight=3,sigmoid,6.760129899950698,5.0,1.0,0.5,calibration_val_from_train_only,validation,False,False,0.7993129536310534,0.7946656602485246,0.18207742187021014,0.02023157471387216,905.0,761.0,0.2998986828774063,0.8016812381582852,0.7878391791612194,0.1812907253557509,0.025675089860147313
heloc,CatBoost,catboost_class_weight_pos_3,custom class_weights positive_weight=3,isotonic,6.760129899950698,5.0,1.0,0.5,calibration_val_from_train_only,validation,False,False,0.7976405787147236,0.7769321768971288,0.1818207361243316,0.021628444838256232,917.0,774.0,0.25227963525835867,0.8087177848289087,0.7922194684442647,0.17654220753807032,3.780379666128698e-17
heloc,CatBoost,catboost_class_weight_pos_4,custom class_weights positive_weight=4,uncalibrated,6.94696530001238,5.0,1.0,0.5,calibration_val_from_train_only,validation,False,False,0.7999720328326317,0.7961724801153671,0.23137057819544946,0.2086631388490253,881.0,768.0,0.2948328267477204,0.8000405186385737,0.7884472282655255,0.23402368439206025,0.21351153034764628
heloc,CatBoost,catboost_class_weight_pos_4,custom class_weights positive_weight=4,sigmoid,6.94696530001238,5.0,1.0,0.5,calibration_val_from_train_only,validation,False,False,0.7999720328326317,0.7961724801153671,0.1819733063812513,0.024682367314594462,882.0,768.5,0.28216818642350555,0.8000405186385737,0.7884472282655255,0.1817456504967976,0.02820232583690629
heloc,CatBoost,catboost_class_weight_pos_4,custom class_weights positive_weight=4,isotonic,6.94696530001238,5.0,1.0,0.5,calibration_val_from_train_only,validation,False,False,0.7984945027036643,0.779079327885979,0.18260650754709712,0.022046021726807502,905.0,783.0,0.28976697061803447,0.8068630584153218,0.7884655887918348,0.17715735066613494,5.355537860348989e-17
heloc,CatBoost,catboost_class_weight_pos_5,custom class_weights positive_weight=5,uncalibrated,6.7902505999663845,5.0,1.0,0.5,calibration_val_from_train_only,validation,False,False,0.7990404793901512,0.796892885424519,0.24794371931388756,0.23703160779430799,892.0,764.0,0.2948328267477204,0.8004485584495629,0.7876898072550521,0.25090731711498593,0.24330909116286215
heloc,CatBoost,catboost_class_weight_pos_5,custom class_weights positive_weight=5,sigmoid,6.7902505999663845,5.0,1.0,0.5,calibration_val_from_train_only,validation,False,False,0.7990404793901512,0.796892885424519,0.18249775704389198,0.029510930178428076,897.0,767.0,0.2948328267477204,0.8004485584495629,0.7876898072550521,0.18186307726761672,0.031733464519421856
heloc,CatBoost,catboost_class_weight_pos_5,custom class_weights positive_weight=5,isotonic,6.7902505999663845,5.0,1.0,0.5,calibration_val_from_train_only,validation,False,False,0.7965378291925818,0.7810393332682863,0.18293365614749282,0.014900587897422013,910.0,790.5,0.22036474164133737,0.8070913324354556,0.7895949267710497,0.1773403589664978,7.28905918277107e-17
heloc,XGBoost,xgboost_baseline,baseline,uncalibrated,0.3064174000173807,5.0,1.0,0.5,calibration_val_from_train_only,validation,False,False,0.7943230763061541,0.788320297812617,0.18503479253629407,0.030143575795681755,905.0,758.0,0.2978723404255319,0.7994698335882393,0.7840426482968894,0.18211042779878545,0.06359748730302361
heloc,XGBoost,xgboost_baseline,baseline,sigmoid,0.3064174000173807,5.0,1.0,0.5,calibration_val_from_train_only,validation,False,False,0.7943230763061541,0.788320297812617,0.18437332167133555,0.022965191255415435,909.0,762.0,0.2938196555217832,0.7994698335882393,0.7840426482968894,0.18170976118089463,0.05105504207264184
heloc,XGBoost,xgboost_baseline,baseline,isotonic,0.3064174000173807,5.0,1.0,0.5,calibration_val_from_train_only,validation,False,False,0.7910302508099684,0.7681873555380622,0.18729864565797305,0.034314509737889395,913.0,758.5,0.29128672745694023,0.8083782272239596,0.7858577041178775,0.17537418033182958,2.4359323747049846e-17
heloc,XGBoost,xgboost_scale_pos_weight_1,scale_pos_weight=1,uncalibrated,0.3125074999406934,5.0,1.0,0.5,calibration_val_from_train_only,validation,False,False,0.7943230763061541,0.788320297812617,0.18503479253629407,0.030143575795681755,905.0,758.0,0.2978723404255319,0.7994698335882393,0.7840426482968894,0.18211042779878545,0.06359748730302361
heloc,XGBoost,xgboost_scale_pos_weight_1,scale_pos_weight=1,sigmoid,0.3125074999406934,5.0,1.0,0.5,calibration_val_from_train_only,validation,False,False,0.7943230763061541,0.788320297812617,0.18437332167133555,0.022965191255415435,909.0,762.0,0.2938196555217832,0.7994698335882393,0.7840426482968894,0.18170976118089463,0.05105504207264184
heloc,XGBoost,xgboost_scale_pos_weight_1,scale_pos_weight=1,isotonic,0.3125074999406934,5.0,1.0,0.5,calibration_val_from_train_only,validation,False,False,0.7910302508099684,0.7681873555380622,0.18729864565797305,0.034314509737889395,913.0,758.5,0.29128672745694023,0.8083782272239596,0.7858577041178775,0.17537418033182958,2.4359323747049846e-17
heloc,XGBoost,xgboost_scale_pos_weight_1.25,scale_pos_weight=1.25,uncalibrated,0.31271820003166795,5.0,1.0,0.5,calibration_val_from_train_only,validation,False,False,0.7940485456558867,0.7889205377091747,0.18577601909610555,0.044981055452347776,911.0,761.0,0.29584599797365757,0.7993556965781725,0.7892502709733238,0.1833216885953195,0.04148670493110322
heloc,XGBoost,xgboost_scale_pos_weight_1.25,scale_pos_weight=1.25,sigmoid,0.31271820003166795,5.0,1.0,0.5,calibration_val_from_train_only,validation,False,False,0.7940485456558867,0.7889205377091747,0.18422268625200336,0.020352500657707558,911.0,761.5,0.29635258358662614,0.7993556965781725,0.7892502709733238,0.1817458509550423,0.044121036115602544
heloc,XGBoost,xgboost_scale_pos_weight_1.25,scale_pos_weight=1.25,isotonic,0.31271820003166795,5.0,1.0,0.5,calibration_val_from_train_only,validation,False,False,0.7885800390512138,0.761954457210581,0.1869541192452343,0.035112568502727315,919.0,789.5,0.2375886524822695,0.8080828977104116,0.783458421920042,0.17547485910069807,3.4290432659308636e-17
heloc,XGBoost,xgboost_scale_pos_weight_1.5,scale_pos_weight=1.5,uncalibrated,0.3118021000409499,5.0,1.0,0.5,calibration_val_from_train_only,validation,False,False,0.7938151431929252,0.7872190048051144,0.18836457947337656,0.060674520160364995,910.0,760.0,0.2988855116514691,0.7982228867532586,0.7857585781429992,0.18668996353814146,0.07150244078429946
heloc,XGBoost,xgboost_scale_pos_weight_1.5,scale_pos_weight=1.5,sigmoid,0.3118021000409499,5.0,1.0,0.5,calibration_val_from_train_only,validation,False,False,0.7938151431929252,0.7872190048051144,0.18436876018522033,0.014439991709801514,910.0,760.5,0.2933130699088146,0.7982228867532586,0.7857585781429992,0.18223170849154857,0.03258654537533785
heloc,XGBoost,xgboost_scale_pos_weight_1.5,scale_pos_weight=1.5,isotonic,0.3118021000409499,5.0,1.0,0.5,calibration_val_from_train_only,validation,False,False,0.7905639599863864,0.7683164490179485,0.1856773932045467,0.026057958223759406,927.0,785.0,0.22391084093211752,0.8066091035679229,0.7818669699277082,0.17648373228244607,9.844445933543319e-17
heloc,XGBoost,xgboost_scale_pos_weight_2,scale_pos_weight=2,uncalibrated,0.31436149997171015,5.0,1.0,0.5,calibration_val_from_train_only,validation,False,False,0.7947713735477895,0.7909730659177632,0.19510327306323566,0.09942861070258215,917.0,762.5,0.29128672745694023,0.797452461935307,0.781153238274555,0.1946700849232685,0.1059755679895858
heloc,XGBoost,xgboost_scale_pos_weight_2,scale_pos_weight=2,sigmoid,0.31436149997171015,5.0,1.0,0.5,calibration_val_from_train_only,validation,False,False,0.7947713735477895,0.7909730659177632,0.18397329893160605,0.026601761717654156,915.0,762.5,0.29635258358662614,0.797452461935307,0.781153238274555,0.18259037691016597,0.042275937577204326
heloc,XGBoost,xgboost_scale_pos_weight_2,scale_pos_weight=2,isotonic,0.31436149997171015,5.0,1.0,0.5,calibration_val_from_train_only,validation,False,False,0.7926064885884703,0.7698382209908907,0.18634620801781807,0.04506611970926191,934.0,760.5,0.29635258358662614,0.8070385440682996,0.7827132339465327,0.1756418053785002,1.3608429900996117e-17
heloc,XGBoost,xgboost_scale_pos_weight_2.5,scale_pos_weight=2.5,uncalibrated,0.30579669994767755,5.0,1.0,0.5,calibration_val_from_train_only,validation,False,False,0.7937606483447446,0.7919086548285668,0.20321251082277847,0.13159110651492106,911.0,763.5,0.2993920972644377,0.7956976054055288,0.7792115244415503,0.20289995791478793,0.13448460993007266
heloc,XGBoost,xgboost_scale_pos_weight_2.5,scale_pos_weight=2.5,sigmoid,0.30579669994767755,5.0,1.0,0.5,calibration_val_from_train_only,validation,False,False,0.7937606483447446,0.7919086548285668,0.18445923393194247,0.012553697253044319,912.0,768.0,0.2948328267477204,0.7956976054055288,0.7792115244415503,0.18322087288861602,0.034426377197070174
heloc,XGBoost,xgboost_scale_pos_weight_2.5,scale_pos_weight=2.5,isotonic,0.30579669994767755,5.0,1.0,0.5,calibration_val_from_train_only,validation,False,False,0.7911772840795872,0.7720778270670002,0.18583977938469712,0.020876485170136915,926.0,783.5,0.2689969604863222,0.80376281187938,0.7803460368026509,0.17790415395842735,1.545880160870471e-17
heloc,XGBoost,xgboost_scale_pos_weight_3,scale_pos_weight=3,uncalibrated,0.2985170000465587,5.0,1.0,0.5,calibration_val_from_train_only,validation,False,False,0.792958648692278,0.7905733237290161,0.2112770000314105,0.15310787669974624,912.0,762.5,0.29635258358662614,0.7958260095418541,0.7840406559396105,0.21060230957149517,0.15795852896219062
heloc,XGBoost,xgboost_scale_pos_weight_3,scale_pos_weight=3,sigmoid,0.2985170000465587,5.0,1.0,0.5,calibration_val_from_train_only,validation,False,False,0.792958648692278,0.7905733237290161,0.18484935863171723,0.008837746611639778,915.0,767.0,0.2938196555217832,0.7958260095418541,0.7840406559396105,0.1834150017252132,0.04717532193486842
heloc,XGBoost,xgboost_scale_pos_weight_3,scale_pos_weight=3,isotonic,0.2985170000465587,5.0,1.0,0.5,calibration_val_from_train_only,validation,False,False,0.7876741907257993,0.765583130145876,0.18788551243762996,0.03826127807613555,928.0,792.5,0.22948328267477203,0.8060983404478735,0.7847979531499217,0.1766869693712562,3.6538985620574776e-17
heloc,XGBoost,xgboost_scale_pos_weight_4,scale_pos_weight=4,uncalibrated,0.30386089999228716,5.0,1.0,0.5,calibration_val_from_train_only,validation,False,False,0.7926265385797819,0.7898885258946859,0.22493034518043872,0.18800473337749585,911.0,763.0,0.2948328267477204,0.7955121327641701,0.7830660819326083,0.22558216237254272,0.1942992117774638
heloc,XGBoost,xgboost_scale_pos_weight_4,scale_pos_weight=4,sigmoid,0.30386089999228716,5.0,1.0,0.5,calibration_val_from_train_only,validation,False,False,0.7926265385797819,0.7898885258946859,0.18508602437273752,0.01277144728432311,915.0,766.5,0.2993920972644377,0.7955121327641701,0.7830660819326083,0.18354685365785106,0.03095835667260366
heloc,XGBoost,xgboost_scale_pos_weight_4,scale_pos_weight=4,isotonic,0.30386089999228716,5.0,1.0,0.5,calibration_val_from_train_only,validation,False,False,0.7903459805936649,0.7689539124474349,0.18558575307653258,0.021813494889520543,933.0,785.0,0.24518743667679838,0.8053678635834456,0.7850153231531929,0.1777564461011227,2.3516116386575046e-17
heloc,XGBoost,xgboost_scale_pos_weight_5,scale_pos_weight=5,uncalibrated,0.29978660005144775,5.0,1.0,0.5,calibration_val_from_train_only,validation,False,False,0.7928928435925884,0.7901612529257029,0.23631534153438744,0.21323797310180698,921.0,758.5,0.2983789260385005,0.7977435113109776,0.7858688277905261,0.2371784551827066,0.21959982358453647
heloc,XGBoost,xgboost_scale_pos_weight_5,scale_pos_weight=5,sigmoid,0.29978660005144775,5.0,1.0,0.5,calibration_val_from_train_only,validation,False,False,0.7928928435925884,0.7901612529257029,0.18501515866292925,0.014727737665914904,920.0,765.0,0.2948328267477204,0.7977435113109776,0.7858688277905261,0.18257739845329282,0.04493776201150075
heloc,XGBoost,xgboost_scale_pos_weight_5,scale_pos_weight=5,isotonic,0.29978660005144775,5.0,1.0,0.5,calibration_val_from_train_only,validation,False,False,0.7886756620867004,0.76661901912849,0.1861137597522581,0.02801662221202102,924.0,781.0,0.26646403242147926,0.8066661720729563,0.7860258428789163,0.1763965588843896,2.2017081079064285e-17
heloc,XGBoost,xgboost_max_delta_step_0,max_delta_step=0,uncalibrated,0.30736859992612153,5.0,1.0,0.5,calibration_val_from_train_only,validation,False,False,0.7943230763061541,0.788320297812617,0.18503479253629407,0.030143575795681755,905.0,758.0,0.2978723404255319,0.7994698335882393,0.7840426482968894,0.18211042779878545,0.06359748730302361
heloc,XGBoost,xgboost_max_delta_step_0,max_delta_step=0,sigmoid,0.30736859992612153,5.0,1.0,0.5,calibration_val_from_train_only,validation,False,False,0.7943230763061541,0.788320297812617,0.18437332167133555,0.022965191255415435,909.0,762.0,0.2938196555217832,0.7994698335882393,0.7840426482968894,0.18170976118089463,0.05105504207264184
heloc,XGBoost,xgboost_max_delta_step_0,max_delta_step=0,isotonic,0.30736859992612153,5.0,1.0,0.5,calibration_val_from_train_only,validation,False,False,0.7910302508099684,0.7681873555380622,0.18729864565797305,0.034314509737889395,913.0,758.5,0.29128672745694023,0.8083782272239596,0.7858577041178775,0.17537418033182958,2.4359323747049846e-17
heloc,XGBoost,xgboost_max_delta_step_1,max_delta_step=1,uncalibrated,0.31006789999082685,5.0,1.0,0.5,calibration_val_from_train_only,validation,False,False,0.7948135299397782,0.7889005445322417,0.1847819789357418,0.028081591713799887,911.0,760.0,0.2978723404255319,0.7999634761567787,0.7832867162831547,0.1816644331989707,0.046692489040426055
heloc,XGBoost,xgboost_max_delta_step_1,max_delta_step=1,sigmoid,0.31006789999082685,5.0,1.0,0.5,calibration_val_from_train_only,validation,False,False,0.7948135299397782,0.7889005445322417,0.18413904059616143,0.023640749503581294,910.0,760.0,0.2978723404255319,0.7999634761567787,0.7832867162831547,0.1813451309417894,0.04393422822476432
heloc,XGBoost,xgboost_max_delta_step_1,max_delta_step=1,isotonic,0.31006789999082685,5.0,1.0,0.5,calibration_val_from_train_only,validation,False,False,0.7904313215823248,0.7674742809145193,0.18645518370148642,0.0334026336485274,922.0,756.0,0.2907801418439716,0.8089103910333966,0.7871680692522127,0.17520768194882247,4.9749234268013344e-17
heloc,XGBoost,xgboost_max_delta_step_3,max_delta_step=3,uncalibrated,0.2968705000821501,5.0,1.0,0.5,calibration_val_from_train_only,validation,False,False,0.7943230763061541,0.788320297812617,0.18503479253629407,0.030143575795681755,905.0,758.0,0.2978723404255319,0.7994698335882393,0.7840426482968894,0.18211042779878545,0.06359748730302361
heloc,XGBoost,xgboost_max_delta_step_3,max_delta_step=3,sigmoid,0.2968705000821501,5.0,1.0,0.5,calibration_val_from_train_only,validation,False,False,0.7943230763061541,0.788320297812617,0.18437332167133555,0.022965191255415435,909.0,762.0,0.2938196555217832,0.7994698335882393,0.7840426482968894,0.18170976118089463,0.05105504207264184
heloc,XGBoost,xgboost_max_delta_step_3,max_delta_step=3,isotonic,0.2968705000821501,5.0,1.0,0.5,calibration_val_from_train_only,validation,False,False,0.7910302508099684,0.7681873555380622,0.18729864565797305,0.034314509737889395,913.0,758.5,0.29128672745694023,0.8083782272239596,0.7858577041178775,0.17537418033182958,2.4359323747049846e-17
heloc,XGBoost,xgboost_max_delta_step_5,max_delta_step=5,uncalibrated,0.29876799997873604,5.0,1.0,0.5,calibration_val_from_train_only,validation,False,False,0.7943230763061541,0.788320297812617,0.18503479253629407,0.030143575795681755,905.0,758.0,0.2978723404255319,0.7994698335882393,0.7840426482968894,0.18211042779878545,0.06359748730302361
heloc,XGBoost,xgboost_max_delta_step_5,max_delta_step=5,sigmoid,0.29876799997873604,5.0,1.0,0.5,calibration_val_from_train_only,validation,False,False,0.7943230763061541,0.788320297812617,0.18437332167133555,0.022965191255415435,909.0,762.0,0.2938196555217832,0.7994698335882393,0.7840426482968894,0.18170976118089463,0.05105504207264184
heloc,XGBoost,xgboost_max_delta_step_5,max_delta_step=5,isotonic,0.29876799997873604,5.0,1.0,0.5,calibration_val_from_train_only,validation,False,False,0.7910302508099684,0.7681873555380622,0.18729864565797305,0.034314509737889395,913.0,758.5,0.29128672745694023,0.8083782272239596,0.7858577041178775,0.17537418033182958,2.4359323747049846e-17
heloc,XGBoost,xgboost_spw_1.25_mds_1,scale_pos_weight=1.25; max_delta_step=1,uncalibrated,0.31213829992339015,5.0,1.0,0.5,calibration_val_from_train_only,validation,False,False,0.7941184635743067,0.7877859262234359,0.18587536112854,0.040807033219990886,899.0,760.5,0.29736575481256333,0.7993756705549342,0.7855071465412592,0.18315843855979771,0.04029724188934903
heloc,XGBoost,xgboost_spw_1.25_mds_1,scale_pos_weight=1.25; max_delta_step=1,sigmoid,0.31213829992339015,5.0,1.0,0.5,calibration_val_from_train_only,validation,False,False,0.7941184635743067,0.7877859262234359,0.18433329062715295,0.023239729781970073,898.0,762.0,0.2917933130699088,0.7993756705549342,0.7855071465412592,0.18159178311554655,0.04301272839376774
heloc,XGBoost,xgboost_spw_1.25_mds_1,scale_pos_weight=1.25; max_delta_step=1,isotonic,0.31213829992339015,5.0,1.0,0.5,calibration_val_from_train_only,validation,False,False,0.7917957491962009,0.7701714384923801,0.18645356565434887,0.03359548171873187,921.0,786.0,0.2259371833839919,0.8091443719040337,0.7860035922667221,0.17524311933506684,3.908617452200907e-17
heloc,XGBoost,xgboost_spw_1.25_mds_3,scale_pos_weight=1.25; max_delta_step=3,uncalibrated,0.3009117000037804,5.0,1.0,0.5,calibration_val_from_train_only,validation,False,False,0.7940485456558867,0.7889205377091747,0.18577601909610555,0.044981055452347776,911.0,761.0,0.29584599797365757,0.7993556965781725,0.7892502709733238,0.1833216885953195,0.04148670493110322
heloc,XGBoost,xgboost_spw_1.25_mds_3,scale_pos_weight=1.25; max_delta_step=3,sigmoid,0.3009117000037804,5.0,1.0,0.5,calibration_val_from_train_only,validation,False,False,0.7940485456558867,0.7889205377091747,0.18422268625200336,0.020352500657707558,911.0,761.5,0.29635258358662614,0.7993556965781725,0.7892502709733238,0.1817458509550423,0.044121036115602544
heloc,XGBoost,xgboost_spw_1.25_mds_3,scale_pos_weight=1.25; max_delta_step=3,isotonic,0.3009117000037804,5.0,1.0,0.5,calibration_val_from_train_only,validation,False,False,0.7885800390512138,0.761954457210581,0.1869541192452343,0.035112568502727315,919.0,789.5,0.2375886524822695,0.8080828977104116,0.783458421920042,0.17547485910069807,3.4290432659308636e-17
heloc,XGBoost,xgboost_spw_1.25_mds_5,scale_pos_weight=1.25; max_delta_step=5,uncalibrated,0.30448369996156543,5.0,1.0,0.5,calibration_val_from_train_only,validation,False,False,0.7940485456558867,0.7889205377091747,0.18577601909610555,0.044981055452347776,911.0,761.0,0.29584599797365757,0.7993556965781725,0.7892502709733238,0.1833216885953195,0.04148670493110322
heloc,XGBoost,xgboost_spw_1.25_mds_5,scale_pos_weight=1.25; max_delta_step=5,sigmoid,0.30448369996156543,5.0,1.0,0.5,calibration_val_from_train_only,validation,False,False,0.7940485456558867,0.7889205377091747,0.18422268625200336,0.020352500657707558,911.0,761.5,0.29635258358662614,0.7993556965781725,0.7892502709733238,0.1817458509550423,0.044121036115602544
heloc,XGBoost,xgboost_spw_1.25_mds_5,scale_pos_weight=1.25; max_delta_step=5,isotonic,0.30448369996156543,5.0,1.0,0.5,calibration_val_from_train_only,validation,False,False,0.7885800390512138,0.761954457210581,0.1869541192452343,0.035112568502727315,919.0,789.5,0.2375886524822695,0.8080828977104116,0.783458421920042,0.17547485910069807,3.4290432659308636e-17
heloc,XGBoost,xgboost_spw_1.5_mds_1,scale_pos_weight=1.5; max_delta_step=1,uncalibrated,0.30516410002019256,5.0,1.0,0.5,calibration_val_from_train_only,validation,False,False,0.7932028473044073,0.7877976858267584,0.18878424068348065,0.05840448838523699,902.0,769.0,0.2907801418439716,0.8001774830506541,0.7863744167941482,0.18562603862469812,0.06975078427150279
heloc,XGBoost,xgboost_spw_1.5_mds_1,scale_pos_weight=1.5; max_delta_step=1,sigmoid,0.30516410002019256,5.0,1.0,0.5,calibration_val_from_train_only,validation,False,False,0.7932028473044073,0.7877976858267584,0.1847852687061226,0.014046930248458564,901.0,767.5,0.2862208713272543,0.8001774830506541,0.7863744167941482,0.1812887010576881,0.03817095772588958
heloc,XGBoost,xgboost_spw_1.5_mds_1,scale_pos_weight=1.5; max_delta_step=1,isotonic,0.30516410002019256,5.0,1.0,0.5,calibration_val_from_train_only,validation,False,False,0.7902071729615071,0.7684074127897058,0.18718746387502103,0.034359736010614095,903.0,793.0,0.22492401215805471,0.809401180176684,0.7866966875437326,0.1749257219750938,4.571472127240821e-17
heloc,XGBoost,xgboost_spw_1.5_mds_3,scale_pos_weight=1.5; max_delta_step=3,uncalibrated,0.3064860000740737,5.0,1.0,0.5,calibration_val_from_train_only,validation,False,False,0.7938151431929252,0.7872190048051144,0.18836457947337656,0.060674520160364995,910.0,760.0,0.2988855116514691,0.7982228867532586,0.7857585781429992,0.18668996353814146,0.07150244078429946
heloc,XGBoost,xgboost_spw_1.5_mds_3,scale_pos_weight=1.5; max_delta_step=3,sigmoid,0.3064860000740737,5.0,1.0,0.5,calibration_val_from_train_only,validation,False,False,0.7938151431929252,0.7872190048051144,0.18436876018522033,0.014439991709801514,910.0,760.5,0.2933130699088146,0.7982228867532586,0.7857585781429992,0.18223170849154857,0.03258654537533785
heloc,XGBoost,xgboost_spw_1.5_mds_3,scale_pos_weight=1.5; max_delta_step=3,isotonic,0.3064860000740737,5.0,1.0,0.5,calibration_val_from_train_only,validation,False,False,0.7905639599863864,0.7683164490179485,0.1856773932045467,0.026057958223759406,927.0,785.0,0.22391084093211752,0.8066091035679229,0.7818669699277082,0.17648373228244607,9.844445933543319e-17
heloc,XGBoost,xgboost_spw_1.5_mds_5,scale_pos_weight=1.5; max_delta_step=5,uncalibrated,0.2972010000376031,5.0,1.0,0.5,calibration_val_from_train_only,validation,False,False,0.7938151431929252,0.7872190048051144,0.18836457947337656,0.060674520160364995,910.0,760.0,0.2988855116514691,0.7982228867532586,0.7857585781429992,0.18668996353814146,0.07150244078429946
heloc,XGBoost,xgboost_spw_1.5_mds_5,scale_pos_weight=1.5; max_delta_step=5,sigmoid,0.2972010000376031,5.0,1.0,0.5,calibration_val_from_train_only,validation,False,False,0.7938151431929252,0.7872190048051144,0.18436876018522033,0.014439991709801514,910.0,760.5,0.2933130699088146,0.7982228867532586,0.7857585781429992,0.18223170849154857,0.03258654537533785
heloc,XGBoost,xgboost_spw_1.5_mds_5,scale_pos_weight=1.5; max_delta_step=5,isotonic,0.2972010000376031,5.0,1.0,0.5,calibration_val_from_train_only,validation,False,False,0.7905639599863864,0.7683164490179485,0.1856773932045467,0.026057958223759406,927.0,785.0,0.22391084093211752,0.8066091035679229,0.7818669699277082,0.17648373228244607,9.844445933543319e-17
heloc,XGBoost,xgboost_spw_2_mds_1,scale_pos_weight=2; max_delta_step=1,uncalibrated,0.2961513999616727,5.0,1.0,0.5,calibration_val_from_train_only,validation,False,False,0.7925535360473139,0.7886398951360383,0.19585042850051762,0.09939605114073802,913.0,754.0,0.2938196555217832,0.8018010820188555,0.7890770970578221,0.19223783844443187,0.10865607064233049
heloc,XGBoost,xgboost_spw_2_mds_1,scale_pos_weight=2; max_delta_step=1,sigmoid,0.2961513999616727,5.0,1.0,0.5,calibration_val_from_train_only,validation,False,False,0.7925535360473139,0.7886398951360383,0.18496418309821563,0.017311452644124477,908.0,754.0,0.2998986828774063,0.8018010820188555,0.7890770970578221,0.18038604421740312,0.04545196329620829
heloc,XGBoost,xgboost_spw_2_mds_1,scale_pos_weight=2; max_delta_step=1,isotonic,0.2961513999616727,5.0,1.0,0.5,calibration_val_from_train_only,validation,False,False,0.7881399674470398,0.7633230683418274,0.18717573699381046,0.03636287617361935,915.0,770.0,0.23809523809523808,0.8117267217567968,0.7853401637384823,0.17383148422687014,4.0848712129668205e-17
heloc,XGBoost,xgboost_spw_2_mds_3,scale_pos_weight=2; max_delta_step=3,uncalibrated,0.2996631000423804,5.0,1.0,0.5,calibration_val_from_train_only,validation,False,False,0.7947713735477895,0.7909730659177632,0.19510327306323566,0.09942861070258215,917.0,762.5,0.29128672745694023,0.797452461935307,0.781153238274555,0.1946700849232685,0.1059755679895858
heloc,XGBoost,xgboost_spw_2_mds_3,scale_pos_weight=2; max_delta_step=3,sigmoid,0.2996631000423804,5.0,1.0,0.5,calibration_val_from_train_only,validation,False,False,0.7947713735477895,0.7909730659177632,0.18397329893160605,0.026601761717654156,915.0,762.5,0.29635258358662614,0.797452461935307,0.781153238274555,0.18259037691016597,0.042275937577204326
heloc,XGBoost,xgboost_spw_2_mds_3,scale_pos_weight=2; max_delta_step=3,isotonic,0.2996631000423804,5.0,1.0,0.5,calibration_val_from_train_only,validation,False,False,0.7926064885884703,0.7698382209908907,0.18634620801781807,0.04506611970926191,934.0,760.5,0.29635258358662614,0.8070385440682996,0.7827132339465327,0.1756418053785002,1.3608429900996117e-17
heloc,XGBoost,xgboost_spw_2_mds_5,scale_pos_weight=2; max_delta_step=5,uncalibrated,0.29857410001568496,5.0,1.0,0.5,calibration_val_from_train_only,validation,False,False,0.7947713735477895,0.7909730659177632,0.19510327306323566,0.09942861070258215,917.0,762.5,0.29128672745694023,0.797452461935307,0.781153238274555,0.1946700849232685,0.1059755679895858
heloc,XGBoost,xgboost_spw_2_mds_5,scale_pos_weight=2; max_delta_step=5,sigmoid,0.29857410001568496,5.0,1.0,0.5,calibration_val_from_train_only,validation,False,False,0.7947713735477895,0.7909730659177632,0.18397329893160605,0.026601761717654156,915.0,762.5,0.29635258358662614,0.797452461935307,0.781153238274555,0.18259037691016597,0.042275937577204326
heloc,XGBoost,xgboost_spw_2_mds_5,scale_pos_weight=2; max_delta_step=5,isotonic,0.29857410001568496,5.0,1.0,0.5,calibration_val_from_train_only,validation,False,False,0.7926064885884703,0.7698382209908907,0.18634620801781807,0.04506611970926191,934.0,760.5,0.29635258358662614,0.8070385440682996,0.7827132339465327,0.1756418053785002,1.3608429900996117e-17
heloc,XGBoost,xgboost_spw_2.5_mds_1,scale_pos_weight=2.5; max_delta_step=1,uncalibrated,0.290833399980329,5.0,1.0,0.5,calibration_val_from_train_only,validation,False,False,0.7933668459512898,0.7887979342261033,0.2032423569091328,0.12985363760406365,910.0,760.0,0.29584599797365757,0.7998350720204535,0.7868902855001476,0.20155618399085842,0.13557324919393796
heloc,XGBoost,xgboost_spw_2.5_mds_1,scale_pos_weight=2.5; max_delta_step=1,sigmoid,0.290833399980329,5.0,1.0,0.5,calibration_val_from_train_only,validation,False,False,0.7933668459512898,0.7887979342261033,0.18462669945256469,0.011451303549462515,915.0,758.0,0.2968591691995947,0.7998350720204535,0.7868902855001476,0.18161619591723352,0.041658000615116805
heloc,XGBoost,xgboost_spw_2.5_mds_1,scale_pos_weight=2.5; max_delta_step=1,isotonic,0.290833399980329,5.0,1.0,0.5,calibration_val_from_train_only,validation,False,False,0.7902945703595323,0.7700317587161799,0.18616607738823118,0.029786388207387198,926.0,774.0,0.2613981762917933,0.808132832652316,0.7882028355225223,0.1757953233464757,2.8505093269384295e-17
heloc,XGBoost,xgboost_spw_2.5_mds_3,scale_pos_weight=2.5; max_delta_step=3,uncalibrated,0.292410199996084,5.0,1.0,0.5,calibration_val_from_train_only,validation,False,False,0.7937606483447446,0.7919086548285668,0.20321251082277847,0.13159110651492106,911.0,763.5,0.2993920972644377,0.7956976054055288,0.7792115244415503,0.20289995791478793,0.13448460993007266
heloc,XGBoost,xgboost_spw_2.5_mds_3,scale_pos_weight=2.5; max_delta_step=3,sigmoid,0.292410199996084,5.0,1.0,0.5,calibration_val_from_train_only,validation,False,False,0.7937606483447446,0.7919086548285668,0.18445923393194247,0.012553697253044319,912.0,768.0,0.2948328267477204,0.7956976054055288,0.7792115244415503,0.18322087288861602,0.034426377197070174
heloc,XGBoost,xgboost_spw_2.5_mds_3,scale_pos_weight=2.5; max_delta_step=3,isotonic,0.292410199996084,5.0,1.0,0.5,calibration_val_from_train_only,validation,False,False,0.7911772840795872,0.7720778270670002,0.18583977938469712,0.020876485170136915,926.0,783.5,0.2689969604863222,0.80376281187938,0.7803460368026509,0.17790415395842735,1.545880160870471e-17
heloc,XGBoost,xgboost_spw_2.5_mds_5,scale_pos_weight=2.5; max_delta_step=5,uncalibrated,0.29345760005526245,5.0,1.0,0.5,calibration_val_from_train_only,validation,False,False,0.7937606483447446,0.7919086548285668,0.20321251082277847,0.13159110651492106,911.0,763.5,0.2993920972644377,0.7956976054055288,0.7792115244415503,0.20289995791478793,0.13448460993007266
heloc,XGBoost,xgboost_spw_2.5_mds_5,scale_pos_weight=2.5; max_delta_step=5,sigmoid,0.29345760005526245,5.0,1.0,0.5,calibration_val_from_train_only,validation,False,False,0.7937606483447446,0.7919086548285668,0.18445923393194247,0.012553697253044319,912.0,768.0,0.2948328267477204,0.7956976054055288,0.7792115244415503,0.18322087288861602,0.034426377197070174
heloc,XGBoost,xgboost_spw_2.5_mds_5,scale_pos_weight=2.5; max_delta_step=5,isotonic,0.29345760005526245,5.0,1.0,0.5,calibration_val_from_train_only,validation,False,False,0.7911772840795872,0.7720778270670002,0.18583977938469712,0.020876485170136915,926.0,783.5,0.2689969604863222,0.80376281187938,0.7803460368026509,0.17790415395842735,1.545880160870471e-17
heloc,XGBoost,xgboost_spw_3_mds_1,scale_pos_weight=3; max_delta_step=1,uncalibrated,0.2930454999441281,5.0,1.0,0.5,calibration_val_from_train_only,validation,False,False,0.7913464237498831,0.7876016140492262,0.21141420375168232,0.15396075409279406,918.0,752.0,0.2968591691995947,0.7976550551281758,0.785160883585847,0.2092236753153054,0.15768026539796515
heloc,XGBoost,xgboost_spw_3_mds_1,scale_pos_weight=3; max_delta_step=1,sigmoid,0.2930454999441281,5.0,1.0,0.5,calibration_val_from_train_only,validation,False,False,0.7913464237498831,0.7876016140492262,0.1855067424694451,0.01646912577722733,921.0,763.0,0.2877406281661601,0.7976550551281758,0.785160883585847,0.1823679412840886,0.04458424419405067
heloc,XGBoost,xgboost_spw_3_mds_1,scale_pos_weight=3; max_delta_step=1,isotonic,0.2930454999441281,5.0,1.0,0.5,calibration_val_from_train_only,validation,False,False,0.7877153189131054,0.7645477487999882,0.18691885830362368,0.026870218735568437,933.0,775.0,0.2613981762917933,0.8067489214052548,0.7819577372954808,0.1762439557158445,1.0305867739136475e-17
heloc,XGBoost,xgboost_spw_3_mds_3,scale_pos_weight=3; max_delta_step=3,uncalibrated,0.297978000016883,5.0,1.0,0.5,calibration_val_from_train_only,validation,False,False,0.792958648692278,0.7905733237290161,0.2112770000314105,0.15310787669974624,912.0,762.5,0.29635258358662614,0.7958260095418541,0.7840406559396105,0.21060230957149517,0.15795852896219062
heloc,XGBoost,xgboost_spw_3_mds_3,scale_pos_weight=3; max_delta_step=3,sigmoid,0.297978000016883,5.0,1.0,0.5,calibration_val_from_train_only,validation,False,False,0.792958648692278,0.7905733237290161,0.18484935863171723,0.008837746611639778,915.0,767.0,0.2938196555217832,0.7958260095418541,0.7840406559396105,0.1834150017252132,0.04717532193486842
heloc,XGBoost,xgboost_spw_3_mds_3,scale_pos_weight=3; max_delta_step=3,isotonic,0.297978000016883,5.0,1.0,0.5,calibration_val_from_train_only,validation,False,False,0.7876741907257993,0.765583130145876,0.18788551243762996,0.03826127807613555,928.0,792.5,0.22948328267477203,0.8060983404478735,0.7847979531499217,0.1766869693712562,3.6538985620574776e-17
heloc,XGBoost,xgboost_spw_3_mds_5,scale_pos_weight=3; max_delta_step=5,uncalibrated,0.31236229999922216,5.0,1.0,0.5,calibration_val_from_train_only,validation,False,False,0.792958648692278,0.7905733237290161,0.2112770000314105,0.15310787669974624,912.0,762.5,0.29635258358662614,0.7958260095418541,0.7840406559396105,0.21060230957149517,0.15795852896219062
heloc,XGBoost,xgboost_spw_3_mds_5,scale_pos_weight=3; max_delta_step=5,sigmoid,0.31236229999922216,5.0,1.0,0.5,calibration_val_from_train_only,validation,False,False,0.792958648692278,0.7905733237290161,0.18484935863171723,0.008837746611639778,915.0,767.0,0.2938196555217832,0.7958260095418541,0.7840406559396105,0.1834150017252132,0.04717532193486842
heloc,XGBoost,xgboost_spw_3_mds_5,scale_pos_weight=3; max_delta_step=5,isotonic,0.31236229999922216,5.0,1.0,0.5,calibration_val_from_train_only,validation,False,False,0.7876741907257993,0.765583130145876,0.18788551243762996,0.03826127807613555,928.0,792.5,0.22948328267477203,0.8060983404478735,0.7847979531499217,0.1766869693712562,3.6538985620574776e-17
heloc,XGBoost,xgboost_spw_4_mds_1,scale_pos_weight=4; max_delta_step=1,uncalibrated,0.2935412999941036,5.0,1.0,0.5,calibration_val_from_train_only,validation,False,False,0.7928578846333781,0.79122362470184,0.22476955821233113,0.1882006167618156,903.0,757.5,0.2983789260385005,0.7986052457369825,0.7858599153276212,0.22363302588397665,0.1941386247674624
heloc,XGBoost,xgboost_spw_4_mds_1,scale_pos_weight=4; max_delta_step=1,sigmoid,0.2935412999941036,5.0,1.0,0.5,calibration_val_from_train_only,validation,False,False,0.7928578846333781,0.79122362470184,0.18492879348175403,0.01304427905234961,900.0,759.5,0.29533941236068895,0.7986052457369825,0.7858599153276212,0.1819277772529241,0.0393399690954307
heloc,XGBoost,xgboost_spw_4_mds_1,scale_pos_weight=4; max_delta_step=1,isotonic,0.2935412999941036,5.0,1.0,0.5,calibration_val_from_train_only,validation,False,False,0.787906050881737,0.7670929602367119,0.1871387981038171,0.024962520023532577,926.0,775.5,0.25278622087132724,0.8088090944369621,0.7857909199942104,0.17569053825828393,4.871864749409969e-17
heloc,XGBoost,xgboost_spw_4_mds_3,scale_pos_weight=4; max_delta_step=3,uncalibrated,0.29958660004194826,5.0,1.0,0.5,calibration_val_from_train_only,validation,False,False,0.7926265385797819,0.7898885258946859,0.22493034518043872,0.18800473337749585,911.0,763.0,0.2948328267477204,0.7955121327641701,0.7830660819326083,0.22558216237254272,0.1942992117774638
heloc,XGBoost,xgboost_spw_4_mds_3,scale_pos_weight=4; max_delta_step=3,sigmoid,0.29958660004194826,5.0,1.0,0.5,calibration_val_from_train_only,validation,False,False,0.7926265385797819,0.7898885258946859,0.18508602437273752,0.01277144728432311,915.0,766.5,0.2993920972644377,0.7955121327641701,0.7830660819326083,0.18354685365785106,0.03095835667260366
heloc,XGBoost,xgboost_spw_4_mds_3,scale_pos_weight=4; max_delta_step=3,isotonic,0.29958660004194826,5.0,1.0,0.5,calibration_val_from_train_only,validation,False,False,0.7903459805936649,0.7689539124474349,0.18558575307653258,0.021813494889520543,933.0,785.0,0.24518743667679838,0.8053678635834456,0.7850153231531929,0.1777564461011227,2.3516116386575046e-17
heloc,XGBoost,xgboost_spw_4_mds_5,scale_pos_weight=4; max_delta_step=5,uncalibrated,0.3069729999406263,5.0,1.0,0.5,calibration_val_from_train_only,validation,False,False,0.7926265385797819,0.7898885258946859,0.22493034518043872,0.18800473337749585,911.0,763.0,0.2948328267477204,0.7955121327641701,0.7830660819326083,0.22558216237254272,0.1942992117774638
heloc,XGBoost,xgboost_spw_4_mds_5,scale_pos_weight=4; max_delta_step=5,sigmoid,0.3069729999406263,5.0,1.0,0.5,calibration_val_from_train_only,validation,False,False,0.7926265385797819,0.7898885258946859,0.18508602437273752,0.01277144728432311,915.0,766.5,0.2993920972644377,0.7955121327641701,0.7830660819326083,0.18354685365785106,0.03095835667260366
heloc,XGBoost,xgboost_spw_4_mds_5,scale_pos_weight=4; max_delta_step=5,isotonic,0.3069729999406263,5.0,1.0,0.5,calibration_val_from_train_only,validation,False,False,0.7903459805936649,0.7689539124474349,0.18558575307653258,0.021813494889520543,933.0,785.0,0.24518743667679838,0.8053678635834456,0.7850153231531929,0.1777564461011227,2.3516116386575046e-17
heloc,XGBoost,xgboost_spw_5_mds_1,scale_pos_weight=5; max_delta_step=1,uncalibrated,0.29515150003135204,5.0,1.0,0.5,calibration_val_from_train_only,validation,False,False,0.7932758498368753,0.7890714462769838,0.23722615293529256,0.2156667371696614,908.0,763.0,0.2978723404255319,0.7989162690894149,0.7845224048928413,0.23670012934713403,0.2220470991378595
heloc,XGBoost,xgboost_spw_5_mds_1,scale_pos_weight=5; max_delta_step=1,sigmoid,0.29515150003135204,5.0,1.0,0.5,calibration_val_from_train_only,validation,False,False,0.7932758498368753,0.7890714462769838,0.18472202605634533,0.022124486261467333,908.0,766.5,0.2922998986828774,0.7989162690894149,0.7845224048928413,0.18197749226637208,0.0390920393507293
heloc,XGBoost,xgboost_spw_5_mds_1,scale_pos_weight=5; max_delta_step=1,isotonic,0.29515150003135204,5.0,1.0,0.5,calibration_val_from_train_only,validation,False,False,0.7918954850504181,0.7709493365188257,0.1852495590245986,0.02919237174825917,922.0,772.0,0.26038500506585616,0.8075293332115873,0.7849358645387522,0.17645042506773845,7.818406025735806e-17
heloc,XGBoost,xgboost_spw_5_mds_3,scale_pos_weight=5; max_delta_step=3,uncalibrated,0.31321059993933886,5.0,1.0,0.5,calibration_val_from_train_only,validation,False,False,0.7928928435925884,0.7901612529257029,0.23631534153438744,0.21323797310180698,921.0,758.5,0.2983789260385005,0.7977435113109776,0.7858688277905261,0.2371784551827066,0.21959982358453647
heloc,XGBoost,xgboost_spw_5_mds_3,scale_pos_weight=5; max_delta_step=3,sigmoid,0.31321059993933886,5.0,1.0,0.5,calibration_val_from_train_only,validation,False,False,0.7928928435925884,0.7901612529257029,0.18501515866292925,0.014727737665914904,920.0,765.0,0.2948328267477204,0.7977435113109776,0.7858688277905261,0.18257739845329282,0.04493776201150075
heloc,XGBoost,xgboost_spw_5_mds_3,scale_pos_weight=5; max_delta_step=3,isotonic,0.31321059993933886,5.0,1.0,0.5,calibration_val_from_train_only,validation,False,False,0.7886756620867004,0.76661901912849,0.1861137597522581,0.02801662221202102,924.0,781.0,0.26646403242147926,0.8066661720729563,0.7860258428789163,0.1763965588843896,2.2017081079064285e-17
heloc,XGBoost,xgboost_spw_5_mds_5,scale_pos_weight=5; max_delta_step=5,uncalibrated,0.3070750000188127,5.0,1.0,0.5,calibration_val_from_train_only,validation,False,False,0.7928928435925884,0.7901612529257029,0.23631534153438744,0.21323797310180698,921.0,758.5,0.2983789260385005,0.7977435113109776,0.7858688277905261,0.2371784551827066,0.21959982358453647
heloc,XGBoost,xgboost_spw_5_mds_5,scale_pos_weight=5; max_delta_step=5,sigmoid,0.3070750000188127,5.0,1.0,0.5,calibration_val_from_train_only,validation,False,False,0.7928928435925884,0.7901612529257029,0.18501515866292925,0.014727737665914904,920.0,765.0,0.2948328267477204,0.7977435113109776,0.7858688277905261,0.18257739845329282,0.04493776201150075
heloc,XGBoost,xgboost_spw_5_mds_5,scale_pos_weight=5; max_delta_step=5,isotonic,0.3070750000188127,5.0,1.0,0.5,calibration_val_from_train_only,validation,False,False,0.7886756620867004,0.76661901912849,0.1861137597522581,0.02801662221202102,924.0,781.0,0.26646403242147926,0.8066661720729563,0.7860258428789163,0.1763965588843896,2.2017081079064285e-17
heloc,LightGBM,lightgbm_baseline,baseline,uncalibrated,0.5661785999545828,5.0,1.0,0.5,calibration_val_from_train_only,validation,False,False,0.7817429920139343,0.7761863362574365,0.19348834219986874,0.07043949921162733,930.0,765.0,0.29584599797365757,0.7913689592987423,0.7716987123767893,0.18785462603008113,0.058126228522244014
heloc,LightGBM,lightgbm_baseline,baseline,sigmoid,0.5661785999545828,5.0,1.0,0.5,calibration_val_from_train_only,validation,False,False,0.7817429920139343,0.7761863362574365,0.18973708234613101,0.03616300671516264,927.0,765.5,0.2983789260385005,0.7913689592987423,0.7716987123767893,0.18536196477741368,0.0425823259840403
heloc,LightGBM,lightgbm_baseline,baseline,isotonic,0.5661785999545828,5.0,1.0,0.5,calibration_val_from_train_only,validation,False,False,0.777768980915493,0.7567922225792453,0.19311891084579422,0.0461001523032239,941.0,789.0,0.26443768996960487,0.7985538840824525,0.7718855479600141,0.17933556571431536,2.6724988841715266e-17
heloc,LightGBM,lightgbm_is_unbalance,is_unbalance=True,uncalibrated,0.5778087999206036,5.0,1.0,0.5,calibration_val_from_train_only,validation,False,False,0.7826611787955406,0.7776438045696651,0.19327628982406708,0.0625218738950696,919.0,770.0,0.29584599797365757,0.7939712831282671,0.7746405164089665,0.1866150592506131,0.05520079461043409
heloc,LightGBM,lightgbm_is_unbalance,is_unbalance=True,sigmoid,0.5778087999206036,5.0,1.0,0.5,calibration_val_from_train_only,validation,False,False,0.7826611787955406,0.7776438045696651,0.18930982058374402,0.025774610896034087,919.0,767.5,0.2983789260385005,0.7939712831282671,0.7746405164089665,0.1841620122516207,0.04279492302350391
heloc,LightGBM,lightgbm_is_unbalance,is_unbalance=True,isotonic,0.5778087999206036,5.0,1.0,0.5,calibration_val_from_train_only,validation,False,False,0.7814324741997741,0.7592345782317665,0.1903419695652285,0.031471240139739474,919.0,768.0,0.2907801418439716,0.8015984888259868,0.7768169128897727,0.17895750542657554,2.7755575615628914e-17
heloc,LightGBM,lightgbm_class_weight_balanced,class_weight='balanced',uncalibrated,0.5690527999540791,5.0,1.0,0.5,calibration_val_from_train_only,validation,False,False,0.7821450200448503,0.7735887751056163,0.1935543376532409,0.06455729985019651,922.0,771.0,0.2978723404255319,0.7950983861026777,0.77677080285997,0.18611003539547882,0.05062333881387348
heloc,LightGBM,lightgbm_class_weight_balanced,class_weight='balanced',sigmoid,0.5690527999540791,5.0,1.0,0.5,calibration_val_from_train_only,validation,False,False,0.7821450200448503,0.7735887751056163,0.1897284640658937,0.026758337062272177,915.0,769.5,0.29432624113475175,0.7950983861026777,0.77677080285997,0.18366696777026076,0.04072946563108443
heloc,LightGBM,lightgbm_class_weight_balanced,class_weight='balanced',isotonic,0.5690527999540791,5.0,1.0,0.5,calibration_val_from_train_only,validation,False,False,0.7798783428219488,0.7572519880105902,0.19208303756508932,0.04184324441592241,937.0,771.0,0.2907801418439716,0.8016056223891158,0.7801250690721927,0.1787291314819213,4.6124613739305683e-17
heloc,LightGBM,lightgbm_scale_pos_weight_1,scale_pos_weight=1,uncalibrated,0.5851742000086233,5.0,1.0,0.5,calibration_val_from_train_only,validation,False,False,0.7817429920139343,0.7761863362574365,0.19348834219986874,0.07043949921162733,930.0,765.0,0.29584599797365757,0.7913689592987423,0.7716987123767893,0.18785462603008113,0.058126228522244014
heloc,LightGBM,lightgbm_scale_pos_weight_1,scale_pos_weight=1,sigmoid,0.5851742000086233,5.0,1.0,0.5,calibration_val_from_train_only,validation,False,False,0.7817429920139343,0.7761863362574365,0.18973708234613101,0.03616300671516264,927.0,765.5,0.2983789260385005,0.7913689592987423,0.7716987123767893,0.18536196477741368,0.0425823259840403
heloc,LightGBM,lightgbm_scale_pos_weight_1,scale_pos_weight=1,isotonic,0.5851742000086233,5.0,1.0,0.5,calibration_val_from_train_only,validation,False,False,0.777768980915493,0.7567922225792453,0.19311891084579422,0.0461001523032239,941.0,789.0,0.26443768996960487,0.7985538840824525,0.7718855479600141,0.17933556571431536,2.6724988841715266e-17
heloc,LightGBM,lightgbm_scale_pos_weight_1.25,scale_pos_weight=1.25,uncalibrated,0.5494690999621525,5.0,1.0,0.5,calibration_val_from_train_only,validation,False,False,0.7846229933300362,0.7779411314456233,0.192467715089102,0.06266668793846379,920.0,768.5,0.29533941236068895,0.7921993060469789,0.7730594945689475,0.18829023386944332,0.06943430438755083
heloc,LightGBM,lightgbm_scale_pos_weight_1.25,scale_pos_weight=1.25,sigmoid,0.5494690999621525,5.0,1.0,0.5,calibration_val_from_train_only,validation,False,False,0.7846229933300362,0.7779411314456233,0.18861774881390853,0.0237344511834424,920.0,772.5,0.2983789260385005,0.7921993060469789,0.7730594945689475,0.18493237633786522,0.035046980090996466
heloc,LightGBM,lightgbm_scale_pos_weight_1.25,scale_pos_weight=1.25,isotonic,0.5494690999621525,5.0,1.0,0.5,calibration_val_from_train_only,validation,False,False,0.7823583725165001,0.7580027281322395,0.18982071892809932,0.031556210612922714,916.0,775.0,0.2847011144883485,0.8009721619832447,0.7735054421049818,0.17875800769318426,8.891153167673193e-17
heloc,LightGBM,lightgbm_scale_pos_weight_1.5,scale_pos_weight=1.5,uncalibrated,0.5849166999105364,5.0,1.0,0.5,calibration_val_from_train_only,validation,False,False,0.7802397567679002,0.773158576898809,0.19595430582665557,0.07252019942669696,929.0,763.0,0.2948328267477204,0.7921907457712238,0.7721180691136492,0.18994901097748212,0.06831316891461323
heloc,LightGBM,lightgbm_scale_pos_weight_1.5,scale_pos_weight=1.5,sigmoid,0.5849166999105364,5.0,1.0,0.5,calibration_val_from_train_only,validation,False,False,0.7802397567679002,0.773158576898809,0.1903735612539163,0.026025948851129164,929.0,764.5,0.29736575481256333,0.7921907457712238,0.7721180691136492,0.18495339680008194,0.0498972636280374
heloc,LightGBM,lightgbm_scale_pos_weight_1.5,scale_pos_weight=1.5,isotonic,0.5849166999105364,5.0,1.0,0.5,calibration_val_from_train_only,validation,False,False,0.775631343380264,0.7521018414689361,0.19277392736414556,0.03743597704645194,938.0,782.5,0.27203647416413373,0.8004984933914671,0.7766382958761864,0.17892447781727394,4.3565713624531463e-17
heloc,LightGBM,lightgbm_scale_pos_weight_2,scale_pos_weight=2,uncalibrated,0.5813769000815228,5.0,1.0,0.5,calibration_val_from_train_only,validation,False,False,0.7808813564898738,0.7725295437967126,0.19951560412020888,0.09305941306206238,931.0,765.5,0.29736575481256333,0.7881759764421211,0.7726900777761055,0.19695437207765565,0.10029161259281605
heloc,LightGBM,lightgbm_scale_pos_weight_2,scale_pos_weight=2,sigmoid,0.5813769000815228,5.0,1.0,0.5,calibration_val_from_train_only,validation,False,False,0.7808813564898738,0.7725295437967126,0.1901704727214371,0.02604674355472151,931.0,765.0,0.2998986828774063,0.7881759764421211,0.7726900777761055,0.18691315288122892,0.03793799717633909
heloc,LightGBM,lightgbm_scale_pos_weight_2,scale_pos_weight=2,isotonic,0.5813769000815228,5.0,1.0,0.5,calibration_val_from_train_only,validation,False,False,0.774615477153806,0.7461094179848572,0.19230094595346017,0.041302418259182426,932.0,769.5,0.29432624113475175,0.795626269774237,0.7719574146864783,0.18136889208376009,6.62854675039914e-17
heloc,LightGBM,lightgbm_scale_pos_weight_2.5,scale_pos_weight=2.5,uncalibrated,0.579948200029321,5.0,1.0,0.5,calibration_val_from_train_only,validation,False,False,0.7819280688568113,0.7719192901690649,0.20302722251337976,0.10562089731004393,930.0,769.0,0.2938196555217832,0.7910122811422831,0.7731171394702091,0.19941004667405696,0.10745940530800956
heloc,LightGBM,lightgbm_scale_pos_weight_2.5,scale_pos_weight=2.5,sigmoid,0.579948200029321,5.0,1.0,0.5,calibration_val_from_train_only,validation,False,False,0.7819280688568113,0.7719192901690649,0.1897732689286761,0.02166603134092209,933.0,769.5,0.2933130699088146,0.7910122811422831,0.7731171394702091,0.18545475937898462,0.040685979518384756
heloc,LightGBM,lightgbm_scale_pos_weight_2.5,scale_pos_weight=2.5,isotonic,0.579948200029321,5.0,1.0,0.5,calibration_val_from_train_only,validation,False,False,0.7761927431369908,0.7487557135351828,0.19184712863628786,0.030841202360785528,935.0,796.5,0.24468085106382978,0.7982457141552719,0.7723515317999504,0.17990141241827393,9.73553164948199e-17
heloc,LightGBM,lightgbm_scale_pos_weight_3,scale_pos_weight=3,uncalibrated,0.5760087999515235,5.0,1.0,0.5,calibration_val_from_train_only,validation,False,False,0.7787272676797226,0.7720343613824341,0.20880882269110274,0.1239819880955999,935.0,774.0,0.2978723404255319,0.7915658456411077,0.772607656114632,0.20348042377821665,0.12230098688632371
heloc,LightGBM,lightgbm_scale_pos_weight_3,scale_pos_weight=3,sigmoid,0.5760087999515235,5.0,1.0,0.5,calibration_val_from_train_only,validation,False,False,0.7787272676797226,0.7720343613824341,0.19115808916956045,0.018338824075354504,936.0,774.0,0.29584599797365757,0.7915658456411077,0.772607656114632,0.1855609924732727,0.03111696167603621
heloc,LightGBM,lightgbm_scale_pos_weight_3,scale_pos_weight=3,isotonic,0.5760087999515235,5.0,1.0,0.5,calibration_val_from_train_only,validation,False,False,0.7758745137877107,0.7539019893134612,0.1924579386461351,0.030117743253125155,939.0,786.0,0.26646403242147926,0.7987750245394573,0.778978080279124,0.1808923448720698,5.925873950003473e-17
heloc,LightGBM,lightgbm_scale_pos_weight_4,scale_pos_weight=4,uncalibrated,0.6029641999630257,5.0,1.0,0.5,calibration_val_from_train_only,validation,False,False,0.7819095611725235,0.7743343537032916,0.2144872317378242,0.1462650414635086,921.0,773.0,0.2988855116514691,0.794895792909809,0.775247585209567,0.21043380560481662,0.14761410919412293
heloc,LightGBM,lightgbm_scale_pos_weight_4,scale_pos_weight=4,sigmoid,0.6029641999630257,5.0,1.0,0.5,calibration_val_from_train_only,validation,False,False,0.7819095611725235,0.7743343537032916,0.18978531104733465,0.026017042396641293,921.0,773.0,0.2988855116514691,0.794895792909809,0.775247585209567,0.183743880978634,0.04470205001430834
heloc,LightGBM,lightgbm_scale_pos_weight_4,scale_pos_weight=4,isotonic,0.6029641999630257,5.0,1.0,0.5,calibration_val_from_train_only,validation,False,False,0.7786979638462671,0.7559759148220698,0.19218512806011695,0.03701564721024198,925.0,797.0,0.270516717325228,0.8024616499646176,0.7795583700743801,0.17778126006621142,2.663129913499584e-17
heloc,LightGBM,lightgbm_scale_pos_weight_5,scale_pos_weight=5,uncalibrated,0.5455964999273419,5.0,1.0,0.5,calibration_val_from_train_only,validation,False,False,0.7819661124300693,0.7746033800537567,0.22027123011245664,0.16696335379179178,923.0,765.0,0.2998986828774063,0.7908239550756727,0.7743282766330454,0.21979254926783603,0.1676417581910641
heloc,LightGBM,lightgbm_scale_pos_weight_5,scale_pos_weight=5,sigmoid,0.5455964999273419,5.0,1.0,0.5,calibration_val_from_train_only,validation,False,False,0.7819661124300693,0.7746033800537567,0.18961503306953464,0.01780388987788811,922.0,766.0,0.2978723404255319,0.7908239550756727,0.7743282766330454,0.18577506273569652,0.035465201026115604
heloc,LightGBM,lightgbm_scale_pos_weight_5,scale_pos_weight=5,isotonic,0.5455964999273419,5.0,1.0,0.5,calibration_val_from_train_only,validation,False,False,0.7791313521200038,0.7557182967714869,0.19126997889976247,0.03784246875518738,934.0,777.5,0.29533941236068895,0.7969502590910129,0.7769431977561148,0.18125758823562363,5.410580563046649e-17
