dataset,model,policy_type,threshold_or_band,precision,recall,specificity,f1,roc_auc,pr_auc,brier,ece,tn,fp,fn,tp,expected_cost,eligible_basic,eligible_strict,failed_criteria,rank_basic,rank_strict,winner_basic,winner_strict,decision_comment,source_file,source_comment,failed_criteria_basic,failed_criteria_strict
taiwan,SCRE-Optimized,manual_review_band:I_high_risk_recall_0_60,t_low=0.03; t_high=0.24,0.4951159951159951,0.6111529766390355,0.8230258934303445,0.5470489038785835,0.7846896124879075,0.5669357617133086,0.1337668360698752,0.0106719812128829,3846,827,516,811,832.0,True,True,,1.0,1.0,True,True,Strict winner: strongest operationally eligible policy under minimum acceptable criteria.,manual_review_band_optimized_taiwan.csv,"Three-way policy; expected_cost is remaining auto-decision cost. manual_review_rate=0.7178; low_risk_default_rate=0.0182. Precision and FP improve, but manual-review workload needs operational review.",,
taiwan,Best XGBoost,manual_review_band:I_high_risk_recall_0_60,t_low=0.03; t_high=0.23,0.4880810488676996,0.6171816126601356,0.8161780440830302,0.5450915141430949,0.7826485134584009,0.5624784540120215,0.1343163230559995,0.0095047983326949,3814,859,508,819,879.0,True,True,,2.0,2.0,False,False,"Strict eligible; usable candidate, but not the lowest-cost ranked winner.",manual_review_band_optimized_taiwan.csv,"Three-way policy; expected_cost is remaining auto-decision cost. manual_review_rate=0.6985; low_risk_default_rate=0.0305. Precision and FP improve, but manual-review workload needs operational review.",,
taiwan,SCRE-Pareto,manual_review_band:I_high_risk_recall_0_60,t_low=0.03; t_high=0.23,0.482798833819242,0.6239638281838734,0.8101861759041301,0.5443786982248521,0.7838847515211484,0.5661401114278397,0.1340166575484842,0.0112687581693097,3786,887,499,828,892.0,True,True,,3.0,3.0,False,False,"Strict eligible; usable candidate, but not the lowest-cost ranked winner.",manual_review_band_optimized_taiwan.csv,"Three-way policy; expected_cost is remaining auto-decision cost. manual_review_rate=0.7097; low_risk_default_rate=0.0370. Precision and FP improve, but manual-review workload needs operational review.",,
taiwan,Best CatBoost,manual_review_band:I_high_risk_recall_0_60,t_low=0.03; t_high=0.23,0.4779837775202781,0.6217030896759608,0.8071902418146801,0.5404520144120537,0.7853434511554537,0.5639167825429635,0.133690712785661,0.0077638887959482,3772,901,502,825,906.0,True,True,,4.0,4.0,False,False,"Strict eligible; usable candidate, but not the lowest-cost ranked winner.",manual_review_band_optimized_taiwan.csv,"Three-way policy; expected_cost is remaining auto-decision cost. manual_review_rate=0.6963; low_risk_default_rate=0.0104. Precision and FP improve, but manual-review workload needs operational review.",,
taiwan,Best Scorecard,manual_review_band:I_high_risk_recall_0_60,t_low=0.03; t_high=0.24,0.4619750283768445,0.613413715146948,0.7971324630858121,0.5270314017481386,0.772310218670291,0.5428529752936853,0.1369802354742906,0.013838796992413,3725,948,513,814,958.0,True,True,,5.0,5.0,False,False,"Strict eligible; usable candidate, but not the lowest-cost ranked winner.",manual_review_band_optimized_taiwan.csv,"Three-way policy; expected_cost is remaining auto-decision cost. manual_review_rate=0.6945; low_risk_default_rate=0.0282. Precision and FP improve, but manual-review workload needs operational review.",,
taiwan,Best XGBoost,manual_review_band:J_high_risk_recall_0_65,t_low=0.03; t_high=0.20,0.4476773864216437,0.6608892238131123,0.7684570939439332,0.5337796713329276,0.7826485134584009,0.5624784540120215,0.1343163230559995,0.0095047983326949,3591,1082,450,877,1102.0,True,False,,6.0,,False,False,Basic eligible three-way decision-support policy; not an automatic rejection rule.,manual_review_band_optimized_taiwan.csv,"Three-way policy; expected_cost is remaining auto-decision cost. manual_review_rate=0.6517; low_risk_default_rate=0.0305. Precision and FP improve, but manual-review workload needs operational review.",,precision<0.45
taiwan,Best Scorecard,manual_review_band:J_high_risk_recall_0_65,t_low=0.03; t_high=0.20,0.4290709290709291,0.6473247927656368,0.7554033811256152,0.5160708921598078,0.772310218670291,0.5428529752936853,0.1369802354742906,0.013838796992413,3530,1143,468,859,1153.0,True,False,,7.0,,False,False,Basic eligible three-way decision-support policy; not an automatic rejection rule.,manual_review_band_optimized_taiwan.csv,"Three-way policy; expected_cost is remaining auto-decision cost. manual_review_rate=0.6545; low_risk_default_rate=0.0282. Precision and FP improve, but manual-review workload needs operational review.",,precision<0.45
taiwan,SCRE-Optimized,manual_review_band:J_high_risk_recall_0_65,t_low=0.03; t_high=0.20,0.4345472440944882,0.6654107008289375,0.7541194093729938,0.5257517118189938,0.7846896124879075,0.5669357617133086,0.1337668360698752,0.0106719812128829,3524,1149,444,883,1154.0,True,False,,8.0,,False,False,Basic eligible three-way decision-support policy; not an automatic rejection rule.,manual_review_band_optimized_taiwan.csv,"Three-way policy; expected_cost is remaining auto-decision cost. manual_review_rate=0.6522; low_risk_default_rate=0.0182. Precision and FP improve, but manual-review workload needs operational review.",,precision<0.45
taiwan,SCRE-Pareto,manual_review_band:J_high_risk_recall_0_65,t_low=0.03; t_high=0.20,0.4308823529411765,0.6623963828183873,0.7515514658677509,0.5221265221265221,0.7838847515211484,0.5661401114278397,0.1340166575484842,0.0112687581693097,3512,1161,448,879,1166.0,True,False,,9.0,,False,False,Basic eligible three-way decision-support policy; not an automatic rejection rule.,manual_review_band_optimized_taiwan.csv,"Three-way policy; expected_cost is remaining auto-decision cost. manual_review_rate=0.6555; low_risk_default_rate=0.0370. Precision and FP improve, but manual-review workload needs operational review.",,precision<0.45
taiwan,Best CatBoost,manual_review_band:J_high_risk_recall_0_65,t_low=0.03; t_high=0.19,0.4311348205625606,0.6699321778447627,0.748983522362508,0.5246385364414281,0.7853434511554537,0.5639167825429635,0.133690712785661,0.0077638887959482,3500,1173,438,889,1178.0,True,False,,10.0,,False,False,Basic eligible three-way decision-support policy; not an automatic rejection rule.,manual_review_band_optimized_taiwan.csv,"Three-way policy; expected_cost is remaining auto-decision cost. manual_review_rate=0.6403; low_risk_default_rate=0.0104. Precision and FP improve, but manual-review workload needs operational review.",,precision<0.45
taiwan,Best XGBoost,manual_review_band:C_manual_review_rate_0_30,t_low=0.13; t_high=0.22,0.478735632183908,0.627731725697061,0.8059062700620586,0.5432018258884903,0.7826485134584009,0.5624784540120215,0.1343163230559995,0.0095047983326949,3766,907,494,833,1857.0,True,True,,11.0,10.0,False,False,"Strict eligible; usable candidate, but not the lowest-cost ranked winner.",manual_review_band_optimized_taiwan.csv,Three-way policy; expected_cost is remaining auto-decision cost. manual_review_rate=0.2942; low_risk_default_rate=0.0762. More defensible screening policy: precision and FP improve with bounded review load.,,
taiwan,Best XGBoost,manual_review_band:N_review_0_30_precision_0_45_low_default_0_10,t_low=0.13; t_high=0.22,0.478735632183908,0.627731725697061,0.8059062700620586,0.5432018258884903,0.7826485134584009,0.5624784540120215,0.1343163230559995,0.0095047983326949,3766,907,494,833,1857.0,True,True,,12.0,11.0,False,False,"Strict eligible; usable candidate, but not the lowest-cost ranked winner.",manual_review_band_optimized_taiwan.csv,Three-way policy; expected_cost is remaining auto-decision cost. manual_review_rate=0.2942; low_risk_default_rate=0.0762. More defensible screening policy: precision and FP improve with bounded review load.,,
taiwan,Best CatBoost,manual_review_band:B_manual_review_rate_0_25,t_low=0.15; t_high=0.25,0.5078963992419456,0.6058779201205727,0.8332976674513161,0.5525773195876288,0.7853434511554537,0.5639167825429635,0.133690712785661,0.0077638887959482,3894,779,523,804,2044.0,True,True,,13.0,12.0,False,False,"Strict eligible; usable candidate, but not the lowest-cost ranked winner.",manual_review_band_optimized_taiwan.csv,Three-way policy; expected_cost is remaining auto-decision cost. manual_review_rate=0.2455; low_risk_default_rate=0.0859. More defensible screening policy: precision and FP improve with bounded review load.,,
taiwan,Best CatBoost,manual_review_band:K_review_0_25_precision_0_40,t_low=0.15; t_high=0.25,0.5078963992419456,0.6058779201205727,0.8332976674513161,0.5525773195876288,0.7853434511554537,0.5639167825429635,0.133690712785661,0.0077638887959482,3894,779,523,804,2044.0,True,True,,14.0,13.0,False,False,"Strict eligible; usable candidate, but not the lowest-cost ranked winner.",manual_review_band_optimized_taiwan.csv,Three-way policy; expected_cost is remaining auto-decision cost. manual_review_rate=0.2455; low_risk_default_rate=0.0859. More defensible screening policy: precision and FP improve with bounded review load.,,
taiwan,Best CatBoost,manual_review_band:L_review_0_25_low_default_0_10,t_low=0.15; t_high=0.25,0.5078963992419456,0.6058779201205727,0.8332976674513161,0.5525773195876288,0.7853434511554537,0.5639167825429635,0.133690712785661,0.0077638887959482,3894,779,523,804,2044.0,True,True,,15.0,14.0,False,False,"Strict eligible; usable candidate, but not the lowest-cost ranked winner.",manual_review_band_optimized_taiwan.csv,Three-way policy; expected_cost is remaining auto-decision cost. manual_review_rate=0.2455; low_risk_default_rate=0.0859. More defensible screening policy: precision and FP improve with bounded review load.,,
taiwan,Best XGBoost,manual_review_band:B_manual_review_rate_0_25,t_low=0.14; t_high=0.21,0.4633749321758003,0.6435568952524491,0.7883586561095656,0.5388012618296529,0.7826485134584009,0.5624784540120215,0.1343163230559995,0.0095047983326949,3684,989,473,854,2074.0,True,True,,16.0,15.0,False,False,"Strict eligible; usable candidate, but not the lowest-cost ranked winner.",manual_review_band_optimized_taiwan.csv,Three-way policy; expected_cost is remaining auto-decision cost. manual_review_rate=0.2442; low_risk_default_rate=0.0806. More defensible screening policy: precision and FP improve with bounded review load.,,
taiwan,Best XGBoost,manual_review_band:K_review_0_25_precision_0_40,t_low=0.14; t_high=0.21,0.4633749321758003,0.6435568952524491,0.7883586561095656,0.5388012618296529,0.7826485134584009,0.5624784540120215,0.1343163230559995,0.0095047983326949,3684,989,473,854,2074.0,True,True,,17.0,16.0,False,False,"Strict eligible; usable candidate, but not the lowest-cost ranked winner.",manual_review_band_optimized_taiwan.csv,Three-way policy; expected_cost is remaining auto-decision cost. manual_review_rate=0.2442; low_risk_default_rate=0.0806. More defensible screening policy: precision and FP improve with bounded review load.,,
taiwan,Best XGBoost,manual_review_band:L_review_0_25_low_default_0_10,t_low=0.14; t_high=0.21,0.4633749321758003,0.6435568952524491,0.7883586561095656,0.5388012618296529,0.7826485134584009,0.5624784540120215,0.1343163230559995,0.0095047983326949,3684,989,473,854,2074.0,True,True,,18.0,17.0,False,False,"Strict eligible; usable candidate, but not the lowest-cost ranked winner.",manual_review_band_optimized_taiwan.csv,Three-way policy; expected_cost is remaining auto-decision cost. manual_review_rate=0.2442; low_risk_default_rate=0.0806. More defensible screening policy: precision and FP improve with bounded review load.,,
taiwan,SCRE-Pareto,manual_review_band:B_manual_review_rate_0_25,t_low=0.15; t_high=0.24,0.4944649446494465,0.6058779201205727,0.8240958698908624,0.5445309854385372,0.7838847515211484,0.5661401114278397,0.1340166575484842,0.0112687581693097,3851,822,523,804,2092.0,True,True,,19.0,18.0,False,False,"Strict eligible; usable candidate, but not the lowest-cost ranked winner.",manual_review_band_optimized_taiwan.csv,Three-way policy; expected_cost is remaining auto-decision cost. manual_review_rate=0.2467; low_risk_default_rate=0.0878. More defensible screening policy: precision and FP improve with bounded review load.,,
taiwan,SCRE-Pareto,manual_review_band:K_review_0_25_precision_0_40,t_low=0.15; t_high=0.24,0.4944649446494465,0.6058779201205727,0.8240958698908624,0.5445309854385372,0.7838847515211484,0.5661401114278397,0.1340166575484842,0.0112687581693097,3851,822,523,804,2092.0,True,True,,20.0,19.0,False,False,"Strict eligible; usable candidate, but not the lowest-cost ranked winner.",manual_review_band_optimized_taiwan.csv,Three-way policy; expected_cost is remaining auto-decision cost. manual_review_rate=0.2467; low_risk_default_rate=0.0878. More defensible screening policy: precision and FP improve with bounded review load.,,
taiwan,SCRE-Pareto,manual_review_band:L_review_0_25_low_default_0_10,t_low=0.15; t_high=0.24,0.4944649446494465,0.6058779201205727,0.8240958698908624,0.5445309854385372,0.7838847515211484,0.5661401114278397,0.1340166575484842,0.0112687581693097,3851,822,523,804,2092.0,True,True,,21.0,20.0,False,False,"Strict eligible; usable candidate, but not the lowest-cost ranked winner.",manual_review_band_optimized_taiwan.csv,Three-way policy; expected_cost is remaining auto-decision cost. manual_review_rate=0.2467; low_risk_default_rate=0.0878. More defensible screening policy: precision and FP improve with bounded review load.,,
taiwan,Best CatBoost,manual_review_band:A_manual_review_rate_0_20,t_low=0.14; t_high=0.19,0.4311348205625606,0.6699321778447627,0.748983522362508,0.5246385364414281,0.7853434511554537,0.5639167825429635,0.133690712785661,0.0077638887959482,3500,1173,438,889,2313.0,True,False,,22.0,,False,False,Basic eligible three-way decision-support policy; not an automatic rejection rule.,manual_review_band_optimized_taiwan.csv,Three-way policy; expected_cost is remaining auto-decision cost. manual_review_rate=0.1920; low_risk_default_rate=0.0818. More defensible screening policy: precision and FP improve with bounded review load.,,precision<0.45
taiwan,SCRE-Pareto,manual_review_band:A_manual_review_rate_0_20,t_low=0.14; t_high=0.19,0.4142468239564428,0.6880180859080633,0.7237320778942863,0.5171339563862929,0.7838847515211484,0.5661401114278397,0.1340166575484842,0.0112687581693097,3382,1291,414,913,2371.0,True,False,,23.0,,False,False,Basic eligible three-way decision-support policy; not an automatic rejection rule.,manual_review_band_optimized_taiwan.csv,Three-way policy; expected_cost is remaining auto-decision cost. manual_review_rate=0.1823; low_risk_default_rate=0.0799. More defensible screening policy: precision and FP improve with bounded review load.,,precision<0.45
taiwan,Old SCRE-Credit,cost_matrix:FN3_FP1,threshold=0.250,0.5025157232704403,0.6021100226073851,0.8307297239460731,0.5478231059307509,0.78157176397432,0.5444404951784547,0.1344745846625019,0.016134514337013,3882,791,528,799,2375.0,True,True,,24.0,24.0,False,False,"Strict eligible; usable candidate, but not the lowest-cost ranked winner.",cost_matrix_sensitivity_taiwan.csv,Reference-like cost tradeoff; use alongside precision/specificity constraints.,,
taiwan,SCRE-Optimized,manual_review_band:A_manual_review_rate_0_20,t_low=0.16; t_high=0.23,0.4802784222737819,0.6239638281838734,0.8082602182751979,0.5427728613569323,0.7846896124879075,0.5669357617133086,0.1337668360698752,0.0106719812128829,3777,896,499,828,2376.0,True,True,,25.0,25.0,False,False,"Strict eligible; usable candidate, but not the lowest-cost ranked winner.",manual_review_band_optimized_taiwan.csv,Three-way policy; expected_cost is remaining auto-decision cost. manual_review_rate=0.1898; low_risk_default_rate=0.0944. More defensible screening policy: precision and FP improve with bounded review load.,,
taiwan,SCRE-Pareto,cost_matrix:FN3_FP1,threshold=0.235,0.4909638554216867,0.6141672946495855,0.8191739781724802,0.5456980247740206,0.7838847515211484,0.5661401114278397,0.1340166575484842,0.0112687581693097,3828,845,512,815,2381.0,True,True,,26.0,27.0,False,False,"Strict eligible; usable candidate, but not the lowest-cost ranked winner.",cost_matrix_sensitivity_taiwan.csv,Reference-like cost tradeoff; use alongside precision/specificity constraints.,,
taiwan,Best Scorecard,manual_review_band:A_manual_review_rate_0_20,t_low=0.14; t_high=0.19,0.4194324194324194,0.6571213262999246,0.7417076824309865,0.5120375807398707,0.772310218670291,0.5428529752936853,0.1369802354742906,0.013838796992413,3466,1207,455,872,2452.0,True,False,,27.0,,False,False,Basic eligible three-way decision-support policy; not an automatic rejection rule.,manual_review_band_optimized_taiwan.csv,Three-way policy; expected_cost is remaining auto-decision cost. manual_review_rate=0.1847; low_risk_default_rate=0.0885. More defensible screening policy: precision and FP improve with bounded review load.,,precision<0.45
taiwan,LightGBM::lightgbm_scale_pos_weight_2.5,imbalance_training:uncalibrated:precision_0_40,threshold=0.315,0.4011824324324324,0.7159005275056518,0.6965546757971325,0.5142083897158322,0.7767228435217078,0.5520374225312856,0.151482967934668,0.1004888056528262,3255,1418,377,950,3303.0,True,False,,28.0,,False,False,Basic eligible binary policy; usable if its FP/review burden is acceptable.,imbalance_training_variants_taiwan.csv,scale_pos_weight=2.5; Reference uncalibrated probability.; More balanced than baseline CatBoost: precision improves and FP drops with tolerable recall loss.,,precision<0.45
taiwan,LightGBM::lightgbm_scale_pos_weight_3.5,imbalance_training:sigmoid:precision_0_40,threshold=0.205,0.4031637451902522,0.7106254709871892,0.701262572223411,0.514457174031642,0.7766913167096458,0.553542013148044,0.136213659451989,0.0113287244411339,3277,1396,384,943,3316.0,True,False,,29.0,,False,False,Basic eligible binary policy; usable if its FP/review burden is acceptable.,imbalance_training_variants_taiwan.csv,scale_pos_weight=3.5; Calibration improves validation Brier and ECE.; More balanced than baseline CatBoost: precision improves and FP drops with tolerable recall loss.,,precision<0.45
taiwan,LightGBM::lightgbm_scale_pos_weight_2.5,imbalance_training:sigmoid:precision_0_40,threshold=0.205,0.4073107049608355,0.7053504144687265,0.7085384121549326,0.5164137931034483,0.7767228435217078,0.5520374225312856,0.1360883276301708,0.0111950181480029,3311,1362,391,936,3317.0,True,False,,30.0,,False,False,Basic eligible binary policy; usable if its FP/review burden is acceptable.,imbalance_training_variants_taiwan.csv,scale_pos_weight=2.5; Calibration improves validation Brier and ECE.; More balanced than baseline CatBoost: precision improves and FP drops with tolerable recall loss.,,precision<0.45
taiwan,Best CatBoost,precision_constraint:B_min_precision_0_40,threshold=0.180,0.4176578225068618,0.6880180859080633,0.7275839931521506,0.5197836606888699,0.7853434511554537,0.5639167825429635,0.133690712785661,0.0077638887959482,3400,1273,414,913,3343.0,True,False,,31.0,,False,False,Basic eligible binary policy; usable if its FP/review burden is acceptable.,precision_constrained_test_results_taiwan.csv,"balanced FP reduction with tolerable recall loss; FP delta=-709, precision delta=0.0662, recall delta=-0.1213, cost delta=96; selected on validation.",,precision<0.45
taiwan,Best CatBoost,precision_constraint:G_min_specificity_0_70,threshold=0.180,0.4176578225068618,0.6880180859080633,0.7275839931521506,0.5197836606888699,0.7853434511554537,0.5639167825429635,0.133690712785661,0.0077638887959482,3400,1273,414,913,3343.0,True,False,,32.0,,False,False,Basic eligible binary policy; usable if its FP/review burden is acceptable.,precision_constrained_test_results_taiwan.csv,"balanced FP reduction with tolerable recall loss; FP delta=-709, precision delta=0.0662, recall delta=-0.1213, cost delta=96; selected on validation.",,precision<0.45
taiwan,Best CatBoost,precision_constraint:K_precision_0_40_recall_0_65,threshold=0.180,0.4176578225068618,0.6880180859080633,0.7275839931521506,0.5197836606888699,0.7853434511554537,0.5639167825429635,0.133690712785661,0.0077638887959482,3400,1273,414,913,3343.0,True,False,,33.0,,False,False,Basic eligible binary policy; usable if its FP/review burden is acceptable.,precision_constrained_test_results_taiwan.csv,"balanced FP reduction with tolerable recall loss; FP delta=-709, precision delta=0.0662, recall delta=-0.1213, cost delta=96; selected on validation.",,precision<0.45
taiwan,Best CatBoost,precision_constraint:M_precision_0_40_specificity_0_60,threshold=0.180,0.4176578225068618,0.6880180859080633,0.7275839931521506,0.5197836606888699,0.7853434511554537,0.5639167825429635,0.133690712785661,0.0077638887959482,3400,1273,414,913,3343.0,True,False,,34.0,,False,False,Basic eligible binary policy; usable if its FP/review burden is acceptable.,precision_constrained_test_results_taiwan.csv,"balanced FP reduction with tolerable recall loss; FP delta=-709, precision delta=0.0662, recall delta=-0.1213, cost delta=96; selected on validation.",,precision<0.45
taiwan,XGBoost::xgboost_sample_weight_pos_1.5,imbalance_training:isotonic:precision_0_45,threshold=0.235,0.4646739130434782,0.6443104747550866,0.7892146372779799,0.5399431638774866,0.7806457142645197,0.5474181493032805,0.1343197876605744,0.0095277965648395,3688,985,472,855,3345.0,True,True,,35.0,30.0,False,False,"Strict eligible; usable candidate, but not the lowest-cost ranked winner.",imbalance_training_variants_taiwan.csv,sample_weight positive class=1.5; Calibration improves validation Brier and ECE.; More balanced than baseline CatBoost: precision improves and FP drops with tolerable recall loss.,,
taiwan,SCRE-Optimized,precision_constraint:C_min_precision_0_45,threshold=0.205,0.4451219512195122,0.6601356443104748,0.7663171410228975,0.5317147192716237,0.7846896124879075,0.5669357617133086,0.1337668360698752,0.0106719812128829,3581,1092,451,876,3347.0,True,False,,36.0,,False,False,Basic eligible binary policy; usable if its FP/review burden is acceptable.,precision_constrained_test_results_taiwan.csv,"balanced FP reduction with tolerable recall loss; FP delta=-740, precision delta=0.0850, recall delta=-0.1168, cost delta=35; selected on validation.",,precision<0.45
taiwan,SCRE-Optimized,precision_constraint:L_precision_0_45_recall_0_60,threshold=0.205,0.4451219512195122,0.6601356443104748,0.7663171410228975,0.5317147192716237,0.7846896124879075,0.5669357617133086,0.1337668360698752,0.0106719812128829,3581,1092,451,876,3347.0,True,False,,37.0,,False,False,Basic eligible binary policy; usable if its FP/review burden is acceptable.,precision_constrained_test_results_taiwan.csv,"balanced FP reduction with tolerable recall loss; FP delta=-740, precision delta=0.0850, recall delta=-0.1168, cost delta=35; selected on validation.",,precision<0.45
taiwan,SCRE-Optimized,precision_constraint:N_precision_0_45_specificity_0_60,threshold=0.205,0.4451219512195122,0.6601356443104748,0.7663171410228975,0.5317147192716237,0.7846896124879075,0.5669357617133086,0.1337668360698752,0.0106719812128829,3581,1092,451,876,3347.0,True,False,,38.0,,False,False,Basic eligible binary policy; usable if its FP/review burden is acceptable.,precision_constrained_test_results_taiwan.csv,"balanced FP reduction with tolerable recall loss; FP delta=-740, precision delta=0.0850, recall delta=-0.1168, cost delta=35; selected on validation.",,precision<0.45
taiwan,Best XGBoost,precision_constraint:C_min_precision_0_45,threshold=0.205,0.4547844374342797,0.651846269781462,0.778086882088594,0.5357695881077733,0.7826485134584009,0.5624784540120215,0.1343163230559995,0.0095047983326949,3636,1037,462,865,3347.0,True,True,,39.0,31.0,False,False,"Strict eligible; usable candidate, but not the lowest-cost ranked winner.",precision_constrained_test_results_taiwan.csv,"balanced FP reduction with tolerable recall loss; FP delta=-1161, precision delta=0.1192, recall delta=-0.1846, cost delta=64; selected on validation.",,
taiwan,Best XGBoost,precision_constraint:L_precision_0_45_recall_0_60,threshold=0.205,0.4547844374342797,0.651846269781462,0.778086882088594,0.5357695881077733,0.7826485134584009,0.5624784540120215,0.1343163230559995,0.0095047983326949,3636,1037,462,865,3347.0,True,True,,40.0,32.0,False,False,"Strict eligible; usable candidate, but not the lowest-cost ranked winner.",precision_constrained_test_results_taiwan.csv,"balanced FP reduction with tolerable recall loss; FP delta=-1161, precision delta=0.1192, recall delta=-0.1846, cost delta=64; selected on validation.",,
taiwan,Best XGBoost,precision_constraint:N_precision_0_45_specificity_0_60,threshold=0.205,0.4547844374342797,0.651846269781462,0.778086882088594,0.5357695881077733,0.7826485134584009,0.5624784540120215,0.1343163230559995,0.0095047983326949,3636,1037,462,865,3347.0,True,True,,41.0,33.0,False,False,"Strict eligible; usable candidate, but not the lowest-cost ranked winner.",precision_constrained_test_results_taiwan.csv,"balanced FP reduction with tolerable recall loss; FP delta=-1161, precision delta=0.1192, recall delta=-0.1846, cost delta=64; selected on validation.",,
taiwan,XGBoost::xgboost_max_delta_step_1,imbalance_training:uncalibrated:precision_0_45,threshold=0.210,0.4417670682730923,0.6631499623210249,0.762037235180826,0.5302802048809883,0.7819856440927704,0.5607154702229495,0.1345293026565397,0.0139914080721015,3561,1112,447,880,3347.0,True,False,,42.0,,False,False,Basic eligible binary policy; usable if its FP/review burden is acceptable.,imbalance_training_variants_taiwan.csv,max_delta_step=1; Reference uncalibrated probability.; More balanced than baseline CatBoost: precision improves and FP drops with tolerable recall loss.,,precision<0.45
taiwan,XGBoost::xgboost_max_delta_step_1,imbalance_training:sigmoid:precision_0_45,threshold=0.215,0.4415454089312594,0.6631499623210249,0.7618232398887225,0.5301204819277109,0.7819856440927704,0.5607154702229495,0.1344621864068619,0.0120316362681072,3560,1113,447,880,3348.0,True,False,,43.0,,False,False,Basic eligible binary policy; usable if its FP/review burden is acceptable.,imbalance_training_variants_taiwan.csv,max_delta_step=1; Calibration improves validation Brier and ECE.; More balanced than baseline CatBoost: precision improves and FP drops with tolerable recall loss.,,precision<0.45
taiwan,XGBoost::xgboost_baseline,imbalance_training:uncalibrated:precision_0_45,threshold=0.215,0.4455193482688391,0.6593820648078372,0.7669591268992082,0.5317532664843513,0.7829107262277759,0.5631401607278714,0.1344234313557988,0.0135293461568653,3584,1089,452,875,3349.0,True,False,,44.0,,False,False,Basic eligible binary policy; usable if its FP/review burden is acceptable.,imbalance_training_variants_taiwan.csv,baseline XGBoost; Reference uncalibrated probability.; More balanced than baseline CatBoost: precision improves and FP drops with tolerable recall loss.,,precision<0.45
taiwan,XGBoost::xgboost_scale_pos_weight_1,imbalance_training:uncalibrated:precision_0_45,threshold=0.215,0.4455193482688391,0.6593820648078372,0.7669591268992082,0.5317532664843513,0.7829107262277759,0.5631401607278714,0.1344234313557988,0.0135293461568653,3584,1089,452,875,3349.0,True,False,,45.0,,False,False,Basic eligible binary policy; usable if its FP/review burden is acceptable.,imbalance_training_variants_taiwan.csv,scale_pos_weight=1; Reference uncalibrated probability.; More balanced than baseline CatBoost: precision improves and FP drops with tolerable recall loss.,,precision<0.45
taiwan,XGBoost::xgboost_max_delta_step_5,imbalance_training:uncalibrated:precision_0_45,threshold=0.215,0.4455193482688391,0.6593820648078372,0.7669591268992082,0.5317532664843513,0.7829107262277759,0.5631401607278714,0.1344234313557988,0.0135293461568653,3584,1089,452,875,3349.0,True,False,,46.0,,False,False,Basic eligible binary policy; usable if its FP/review burden is acceptable.,imbalance_training_variants_taiwan.csv,max_delta_step=5; Reference uncalibrated probability.; More balanced than baseline CatBoost: precision improves and FP drops with tolerable recall loss.,,precision<0.45
taiwan,LightGBM::lightgbm_baseline,imbalance_training:uncalibrated:precision_0_40,threshold=0.180,0.4035467128027681,0.7030896759608138,0.7049004921891718,0.5127782357790602,0.7785942944372028,0.5567928574197627,0.1363454323961647,0.0288197420089801,3294,1379,394,933,3349.0,True,False,,47.0,,False,False,Basic eligible binary policy; usable if its FP/review burden is acceptable.,imbalance_training_variants_taiwan.csv,baseline LightGBM; Reference uncalibrated probability.; More balanced than baseline CatBoost: precision improves and FP drops with tolerable recall loss.,,precision<0.45
taiwan,LightGBM::lightgbm_scale_pos_weight_1,imbalance_training:uncalibrated:precision_0_40,threshold=0.180,0.4035467128027681,0.7030896759608138,0.7049004921891718,0.5127782357790602,0.7785942944372028,0.5567928574197627,0.1363454323961647,0.0288197420089801,3294,1379,394,933,3349.0,True,False,,48.0,,False,False,Basic eligible binary policy; usable if its FP/review burden is acceptable.,imbalance_training_variants_taiwan.csv,scale_pos_weight=1; Reference uncalibrated probability.; More balanced than baseline CatBoost: precision improves and FP drops with tolerable recall loss.,,precision<0.45
taiwan,LightGBM::lightgbm_baseline,imbalance_training:sigmoid:precision_0_40,threshold=0.200,0.4009413778348309,0.706103993971364,0.7004065910549968,0.5114628820960699,0.7785942944372028,0.5567928574197627,0.1356935218151835,0.0105408182885294,3273,1400,390,937,3350.0,True,False,,49.0,,False,False,Basic eligible binary policy; usable if its FP/review burden is acceptable.,imbalance_training_variants_taiwan.csv,baseline LightGBM; Calibration improves validation Brier and ECE.; More balanced than baseline CatBoost: precision improves and FP drops with tolerable recall loss.,,precision<0.45
taiwan,LightGBM::lightgbm_scale_pos_weight_1,imbalance_training:sigmoid:precision_0_40,threshold=0.200,0.4009413778348309,0.706103993971364,0.7004065910549968,0.5114628820960699,0.7785942944372028,0.5567928574197627,0.1356935218151835,0.0105408182885294,3273,1400,390,937,3350.0,True,False,,50.0,,False,False,Basic eligible binary policy; usable if its FP/review burden is acceptable.,imbalance_training_variants_taiwan.csv,scale_pos_weight=1; Calibration improves validation Brier and ECE.; More balanced than baseline CatBoost: precision improves and FP drops with tolerable recall loss.,,precision<0.45
taiwan,XGBoost::xgboost_baseline,imbalance_training:sigmoid:precision_0_45,threshold=0.220,0.4450661241098677,0.6593820648078372,0.766531136315001,0.5314303067112056,0.7829107262277759,0.5631401607278714,0.1343525114510499,0.0106618641207046,3582,1091,452,875,3351.0,True,False,,51.0,,False,False,Basic eligible binary policy; usable if its FP/review burden is acceptable.,imbalance_training_variants_taiwan.csv,baseline XGBoost; Calibration improves validation Brier and ECE.; More balanced than baseline CatBoost: precision improves and FP drops with tolerable recall loss.,,precision<0.45
taiwan,XGBoost::xgboost_scale_pos_weight_1,imbalance_training:sigmoid:precision_0_45,threshold=0.220,0.4450661241098677,0.6593820648078372,0.766531136315001,0.5314303067112056,0.7829107262277759,0.5631401607278714,0.1343525114510499,0.0106618641207046,3582,1091,452,875,3351.0,True,False,,52.0,,False,False,Basic eligible binary policy; usable if its FP/review burden is acceptable.,imbalance_training_variants_taiwan.csv,scale_pos_weight=1; Calibration improves validation Brier and ECE.; More balanced than baseline CatBoost: precision improves and FP drops with tolerable recall loss.,,precision<0.45
taiwan,XGBoost::xgboost_max_delta_step_5,imbalance_training:sigmoid:precision_0_45,threshold=0.220,0.4450661241098677,0.6593820648078372,0.766531136315001,0.5314303067112056,0.7829107262277759,0.5631401607278714,0.1343525114510499,0.0106618641207046,3582,1091,452,875,3351.0,True,False,,53.0,,False,False,Basic eligible binary policy; usable if its FP/review burden is acceptable.,imbalance_training_variants_taiwan.csv,max_delta_step=5; Calibration improves validation Brier and ECE.; More balanced than baseline CatBoost: precision improves and FP drops with tolerable recall loss.,,precision<0.45
taiwan,XGBoost::xgboost_max_delta_step_1,imbalance_training:isotonic:precision_0_45,threshold=0.230,0.4485066941297631,0.6563677467972872,0.7708110421570725,0.5328846742122973,0.7811873948871092,0.5407232427184293,0.1351552047131088,0.0091878278808077,3602,1071,456,871,3351.0,True,False,,54.0,,False,False,Basic eligible binary policy; usable if its FP/review burden is acceptable.,imbalance_training_variants_taiwan.csv,max_delta_step=1; Calibration improves validation Brier and ECE.; More balanced than baseline CatBoost: precision improves and FP drops with tolerable recall loss.,,precision<0.45
taiwan,LightGBM::lightgbm_class_weight_balanced,imbalance_training:sigmoid:precision_0_40,threshold=0.205,0.4016323024054983,0.7045968349660889,0.7019045580997219,0.5116279069767442,0.7746808575486395,0.5543447194154771,0.1363067377901418,0.0126945335980887,3280,1393,392,935,3353.0,True,False,,55.0,,False,False,Basic eligible binary policy; usable if its FP/review burden is acceptable.,imbalance_training_variants_taiwan.csv,class_weight='balanced'; Calibration improves validation Brier and ECE.; More balanced than baseline CatBoost: precision improves and FP drops with tolerable recall loss.,,precision<0.45
taiwan,XGBoost::xgboost_sample_weight_pos_3,imbalance_training:uncalibrated:precision_0_45,threshold=0.445,0.452219321148825,0.6525998492840994,0.7755189385833512,0.5342381246144355,0.781371072835644,0.5620720201617713,0.1648130767281198,0.1589859433577706,3624,1049,461,866,3354.0,True,True,,56.0,34.0,False,False,"Strict eligible; usable candidate, but not the lowest-cost ranked winner.",imbalance_training_variants_taiwan.csv,sample_weight positive class=3; Reference uncalibrated probability.; More balanced than baseline CatBoost: precision improves and FP drops with tolerable recall loss.,,
taiwan,XGBoost::xgboost_sample_weight_pos_3,imbalance_training:sigmoid:precision_0_45,threshold=0.230,0.4524058577405858,0.651846269781462,0.7759469291675584,0.5341154677369558,0.781371072835644,0.5620720201617713,0.1345716344389958,0.0133491684037916,3626,1047,462,865,3357.0,True,True,,57.0,35.0,False,False,"Strict eligible; usable candidate, but not the lowest-cost ranked winner.",imbalance_training_variants_taiwan.csv,sample_weight positive class=3; Calibration improves validation Brier and ECE.; More balanced than baseline CatBoost: precision improves and FP drops with tolerable recall loss.,,
taiwan,XGBoost::xgboost_sample_weight_pos_1.5,imbalance_training:uncalibrated:precision_0_40,threshold=0.255,0.4112903225806452,0.691785983421251,0.7188101861759041,0.5158752458555774,0.7810780589353032,0.5646587892659928,0.13840760768624,0.0532343432651832,3359,1314,409,918,3359.0,True,False,,58.0,,False,False,Basic eligible binary policy; usable if its FP/review burden is acceptable.,imbalance_training_variants_taiwan.csv,sample_weight positive class=1.5; Reference uncalibrated probability.; More balanced than baseline CatBoost: precision improves and FP drops with tolerable recall loss.,,precision<0.45
taiwan,LightGBM::lightgbm_baseline,imbalance_training:sigmoid:precision_0_45,threshold=0.235,0.4475308641975308,0.6556141672946496,0.7701690562807618,0.5319474166921431,0.7785942944372028,0.5567928574197627,0.1356935218151835,0.0105408182885294,3599,1074,457,870,3359.0,True,False,,59.0,,False,False,Basic eligible binary policy; usable if its FP/review burden is acceptable.,imbalance_training_variants_taiwan.csv,baseline LightGBM; Calibration improves validation Brier and ECE.; More balanced than baseline CatBoost: precision improves and FP drops with tolerable recall loss.,,precision<0.45
taiwan,LightGBM::lightgbm_scale_pos_weight_1,imbalance_training:sigmoid:precision_0_45,threshold=0.235,0.4475308641975308,0.6556141672946496,0.7701690562807618,0.5319474166921431,0.7785942944372028,0.5567928574197627,0.1356935218151835,0.0105408182885294,3599,1074,457,870,3359.0,True,False,,60.0,,False,False,Basic eligible binary policy; usable if its FP/review burden is acceptable.,imbalance_training_variants_taiwan.csv,scale_pos_weight=1; Calibration improves validation Brier and ECE.; More balanced than baseline CatBoost: precision improves and FP drops with tolerable recall loss.,,precision<0.45
taiwan,XGBoost::xgboost_scale_pos_weight_2,imbalance_training:uncalibrated:precision_0_45,threshold=0.345,0.4447274579724911,0.6578749058025621,0.7667451316071047,0.5306990881458966,0.7827266451230763,0.561783606331061,0.1460299809728748,0.095138617745911,3583,1090,454,873,3360.0,True,False,,61.0,,False,False,Basic eligible binary policy; usable if its FP/review burden is acceptable.,imbalance_training_variants_taiwan.csv,scale_pos_weight=2; Reference uncalibrated probability.; More balanced than baseline CatBoost: precision improves and FP drops with tolerable recall loss.,,precision<0.45
taiwan,LightGBM::lightgbm_baseline,imbalance_training:uncalibrated:precision_0_45,threshold=0.220,0.4496887966804979,0.653353428786737,0.7729509950781083,0.5327188940092166,0.7785942944372028,0.5567928574197627,0.1363454323961647,0.0288197420089801,3612,1061,460,867,3361.0,True,False,,62.0,,False,False,Basic eligible binary policy; usable if its FP/review burden is acceptable.,imbalance_training_variants_taiwan.csv,baseline LightGBM; Reference uncalibrated probability.; More balanced than baseline CatBoost: precision improves and FP drops with tolerable recall loss.,,precision<0.45
taiwan,LightGBM::lightgbm_scale_pos_weight_1,imbalance_training:uncalibrated:precision_0_45,threshold=0.220,0.4496887966804979,0.653353428786737,0.7729509950781083,0.5327188940092166,0.7785942944372028,0.5567928574197627,0.1363454323961647,0.0288197420089801,3612,1061,460,867,3361.0,True,False,,63.0,,False,False,Basic eligible binary policy; usable if its FP/review burden is acceptable.,imbalance_training_variants_taiwan.csv,scale_pos_weight=1; Reference uncalibrated probability.; More balanced than baseline CatBoost: precision improves and FP drops with tolerable recall loss.,,precision<0.45
taiwan,CatBoost::catboost_class_weight_pos_1.5,imbalance_training:uncalibrated:precision_0_45,threshold=0.280,0.4478844169246646,0.6541070082893745,0.7710250374491762,0.5316998468606432,0.7838996682992342,0.5662219316902193,0.137800225964903,0.054851628572785,3603,1070,459,868,3365.0,True,False,,64.0,,False,False,Basic eligible binary policy; usable if its FP/review burden is acceptable.,imbalance_training_variants_taiwan.csv,custom class_weights positive_weight=1.5; Reference uncalibrated probability.; More balanced than baseline CatBoost: precision improves and FP drops with tolerable recall loss.,,precision<0.45
taiwan,SCRE-Pareto,precision_constraint:G_min_specificity_0_70,threshold=0.185,0.4040976460331299,0.6985681989449887,0.7074684356944148,0.512013256006628,0.7838847515211484,0.5661401114278397,0.1340166575484842,0.0112687581693097,3306,1367,400,927,3367.0,True,False,,65.0,,False,False,Basic eligible binary policy; usable if its FP/review burden is acceptable.,precision_constrained_test_results_taiwan.csv,"balanced FP reduction with tolerable recall loss; FP delta=-470, precision delta=0.0442, recall delta=-0.0799, cost delta=60; selected on validation.",,precision<0.45
taiwan,XGBoost::xgboost_scale_pos_weight_2,imbalance_training:sigmoid:precision_0_45,threshold=0.220,0.441473259334006,0.6593820648078372,0.7631072116413439,0.5288606829857962,0.7827266451230763,0.561783606331061,0.1345611969480564,0.0119252613782307,3566,1107,452,875,3367.0,True,False,,66.0,,False,False,Basic eligible binary policy; usable if its FP/review burden is acceptable.,imbalance_training_variants_taiwan.csv,scale_pos_weight=2; Calibration improves validation Brier and ECE.; More balanced than baseline CatBoost: precision improves and FP drops with tolerable recall loss.,,precision<0.45
taiwan,XGBoost::xgboost_sample_weight_pos_3,imbalance_training:isotonic:precision_0_45,threshold=0.245,0.4563829787234043,0.6465712132629993,0.7812968114701476,0.5350795135640786,0.7796487897010049,0.5422701875467248,0.1349182314992038,0.0153515165081331,3651,1022,469,858,3367.0,True,True,,67.0,36.0,False,False,"Strict eligible; usable candidate, but not the lowest-cost ranked winner.",imbalance_training_variants_taiwan.csv,sample_weight positive class=3; Calibration improves validation Brier and ECE.; More balanced than baseline CatBoost: precision improves and FP drops with tolerable recall loss.,,
taiwan,XGBoost::xgboost_sample_weight_pos_1.5,imbalance_training:sigmoid:precision_0_45,threshold=0.220,0.443765903307888,0.6571213262999246,0.766103145730794,0.5297691373025516,0.7810780589353032,0.5646587892659928,0.1344037545270218,0.0111111495960597,3580,1093,455,872,3368.0,True,False,,68.0,,False,False,Basic eligible binary policy; usable if its FP/review burden is acceptable.,imbalance_training_variants_taiwan.csv,sample_weight positive class=1.5; Calibration improves validation Brier and ECE.; More balanced than baseline CatBoost: precision improves and FP drops with tolerable recall loss.,,precision<0.45
taiwan,XGBoost::xgboost_sample_weight_pos_1.5,imbalance_training:uncalibrated:precision_0_45,threshold=0.285,0.4426977687626774,0.6578749058025621,0.7648191739781725,0.5292512882691724,0.7810780589353032,0.5646587892659928,0.13840760768624,0.0532343432651832,3574,1099,454,873,3369.0,True,False,,69.0,,False,False,Basic eligible binary policy; usable if its FP/review burden is acceptable.,imbalance_training_variants_taiwan.csv,sample_weight positive class=1.5; Reference uncalibrated probability.; More balanced than baseline CatBoost: precision improves and FP drops with tolerable recall loss.,,precision<0.45
taiwan,Best CatBoost,precision_constraint:C_min_precision_0_45,threshold=0.205,0.4487046632124352,0.6525998492840994,0.7723090092017976,0.5317777095486644,0.7853434511554537,0.5639167825429635,0.133690712785661,0.0077638887959482,3609,1064,461,866,3369.0,True,False,,70.0,,False,False,Basic eligible binary policy; usable if its FP/review burden is acceptable.,precision_constrained_test_results_taiwan.csv,"balanced FP reduction with tolerable recall loss; FP delta=-918, precision delta=0.0973, recall delta=-0.1567, cost delta=122; selected on validation.",,precision<0.45
taiwan,Best CatBoost,precision_constraint:L_precision_0_45_recall_0_60,threshold=0.205,0.4487046632124352,0.6525998492840994,0.7723090092017976,0.5317777095486644,0.7853434511554537,0.5639167825429635,0.133690712785661,0.0077638887959482,3609,1064,461,866,3369.0,True,False,,71.0,,False,False,Basic eligible binary policy; usable if its FP/review burden is acceptable.,precision_constrained_test_results_taiwan.csv,"balanced FP reduction with tolerable recall loss; FP delta=-918, precision delta=0.0973, recall delta=-0.1567, cost delta=122; selected on validation.",,precision<0.45
taiwan,Best CatBoost,precision_constraint:N_precision_0_45_specificity_0_60,threshold=0.205,0.4487046632124352,0.6525998492840994,0.7723090092017976,0.5317777095486644,0.7853434511554537,0.5639167825429635,0.133690712785661,0.0077638887959482,3609,1064,461,866,3369.0,True,False,,72.0,,False,False,Basic eligible binary policy; usable if its FP/review burden is acceptable.,precision_constrained_test_results_taiwan.csv,"balanced FP reduction with tolerable recall loss; FP delta=-918, precision delta=0.0973, recall delta=-0.1567, cost delta=122; selected on validation.",,precision<0.45
taiwan,XGBoost::xgboost_baseline,imbalance_training:sigmoid:cost_optimal_FN5_FP1,threshold=0.190,0.4029526704298741,0.6993217784476262,0.7057564733575862,0.5112947658402204,0.7829107262277759,0.5631401607278714,0.1343525114510499,0.0106618641207046,3298,1375,399,928,3370.0,True,False,,73.0,,False,False,Basic eligible binary policy; usable if its FP/review burden is acceptable.,imbalance_training_variants_taiwan.csv,baseline XGBoost; Calibration improves validation Brier and ECE.; More balanced than baseline CatBoost: precision improves and FP drops with tolerable recall loss.,,precision<0.45
taiwan,XGBoost::xgboost_baseline,imbalance_training:sigmoid:precision_0_40,threshold=0.190,0.4029526704298741,0.6993217784476262,0.7057564733575862,0.5112947658402204,0.7829107262277759,0.5631401607278714,0.1343525114510499,0.0106618641207046,3298,1375,399,928,3370.0,True,False,,74.0,,False,False,Basic eligible binary policy; usable if its FP/review burden is acceptable.,imbalance_training_variants_taiwan.csv,baseline XGBoost; Calibration improves validation Brier and ECE.; More balanced than baseline CatBoost: precision improves and FP drops with tolerable recall loss.,,precision<0.45
taiwan,XGBoost::xgboost_baseline,imbalance_training:sigmoid:specificity_0_65,threshold=0.190,0.4029526704298741,0.6993217784476262,0.7057564733575862,0.5112947658402204,0.7829107262277759,0.5631401607278714,0.1343525114510499,0.0106618641207046,3298,1375,399,928,3370.0,True,False,,75.0,,False,False,Basic eligible binary policy; usable if its FP/review burden is acceptable.,imbalance_training_variants_taiwan.csv,baseline XGBoost; Calibration improves validation Brier and ECE.; More balanced than baseline CatBoost: precision improves and FP drops with tolerable recall loss.,,precision<0.45
taiwan,XGBoost::xgboost_scale_pos_weight_1,imbalance_training:sigmoid:cost_optimal_FN5_FP1,threshold=0.190,0.4029526704298741,0.6993217784476262,0.7057564733575862,0.5112947658402204,0.7829107262277759,0.5631401607278714,0.1343525114510499,0.0106618641207046,3298,1375,399,928,3370.0,True,False,,76.0,,False,False,Basic eligible binary policy; usable if its FP/review burden is acceptable.,imbalance_training_variants_taiwan.csv,scale_pos_weight=1; Calibration improves validation Brier and ECE.; More balanced than baseline CatBoost: precision improves and FP drops with tolerable recall loss.,,precision<0.45
taiwan,XGBoost::xgboost_scale_pos_weight_1,imbalance_training:sigmoid:precision_0_40,threshold=0.190,0.4029526704298741,0.6993217784476262,0.7057564733575862,0.5112947658402204,0.7829107262277759,0.5631401607278714,0.1343525114510499,0.0106618641207046,3298,1375,399,928,3370.0,True,False,,77.0,,False,False,Basic eligible binary policy; usable if its FP/review burden is acceptable.,imbalance_training_variants_taiwan.csv,scale_pos_weight=1; Calibration improves validation Brier and ECE.; More balanced than baseline CatBoost: precision improves and FP drops with tolerable recall loss.,,precision<0.45
taiwan,XGBoost::xgboost_scale_pos_weight_1,imbalance_training:sigmoid:specificity_0_65,threshold=0.190,0.4029526704298741,0.6993217784476262,0.7057564733575862,0.5112947658402204,0.7829107262277759,0.5631401607278714,0.1343525114510499,0.0106618641207046,3298,1375,399,928,3370.0,True,False,,78.0,,False,False,Basic eligible binary policy; usable if its FP/review burden is acceptable.,imbalance_training_variants_taiwan.csv,scale_pos_weight=1; Calibration improves validation Brier and ECE.; More balanced than baseline CatBoost: precision improves and FP drops with tolerable recall loss.,,precision<0.45
taiwan,XGBoost::xgboost_max_delta_step_5,imbalance_training:sigmoid:cost_optimal_FN5_FP1,threshold=0.190,0.4029526704298741,0.6993217784476262,0.7057564733575862,0.5112947658402204,0.7829107262277759,0.5631401607278714,0.1343525114510499,0.0106618641207046,3298,1375,399,928,3370.0,True,False,,79.0,,False,False,Basic eligible binary policy; usable if its FP/review burden is acceptable.,imbalance_training_variants_taiwan.csv,max_delta_step=5; Calibration improves validation Brier and ECE.; More balanced than baseline CatBoost: precision improves and FP drops with tolerable recall loss.,,precision<0.45
taiwan,XGBoost::xgboost_max_delta_step_5,imbalance_training:sigmoid:precision_0_40,threshold=0.190,0.4029526704298741,0.6993217784476262,0.7057564733575862,0.5112947658402204,0.7829107262277759,0.5631401607278714,0.1343525114510499,0.0106618641207046,3298,1375,399,928,3370.0,True,False,,80.0,,False,False,Basic eligible binary policy; usable if its FP/review burden is acceptable.,imbalance_training_variants_taiwan.csv,max_delta_step=5; Calibration improves validation Brier and ECE.; More balanced than baseline CatBoost: precision improves and FP drops with tolerable recall loss.,,precision<0.45
taiwan,XGBoost::xgboost_max_delta_step_5,imbalance_training:sigmoid:specificity_0_65,threshold=0.190,0.4029526704298741,0.6993217784476262,0.7057564733575862,0.5112947658402204,0.7829107262277759,0.5631401607278714,0.1343525114510499,0.0106618641207046,3298,1375,399,928,3370.0,True,False,,81.0,,False,False,Basic eligible binary policy; usable if its FP/review burden is acceptable.,imbalance_training_variants_taiwan.csv,max_delta_step=5; Calibration improves validation Brier and ECE.; More balanced than baseline CatBoost: precision improves and FP drops with tolerable recall loss.,,precision<0.45
taiwan,XGBoost::xgboost_sample_weight_pos_1.5,imbalance_training:sigmoid:precision_0_40,threshold=0.205,0.4227871939736347,0.6767143933685004,0.7376417718810186,0.5204288611996524,0.7810780589353032,0.5646587892659928,0.1344037545270218,0.0111111495960597,3447,1226,429,898,3371.0,True,False,,82.0,,False,False,Basic eligible binary policy; usable if its FP/review burden is acceptable.,imbalance_training_variants_taiwan.csv,sample_weight positive class=1.5; Calibration improves validation Brier and ECE.; More balanced than baseline CatBoost: precision improves and FP drops with tolerable recall loss.,,precision<0.45
taiwan,CatBoost::catboost_class_weight_pos_1.5,imbalance_training:isotonic:precision_0_45,threshold=0.225,0.461038961038961,0.6420497362471741,0.7868606890648405,0.5366929133858268,0.7828687173554375,0.5449926291429422,0.1348249658853838,0.0130255490669569,3677,996,475,852,3371.0,True,True,,83.0,37.0,False,False,"Strict eligible; usable candidate, but not the lowest-cost ranked winner.",imbalance_training_variants_taiwan.csv,custom class_weights positive_weight=1.5; Calibration improves validation Brier and ECE.; More balanced than baseline CatBoost: precision improves and FP drops with tolerable recall loss.,,
taiwan,CatBoost::catboost_class_weight_pos_3,imbalance_training:uncalibrated:precision_0_45,threshold=0.430,0.4411913175164058,0.6586284853051997,0.7631072116413439,0.528415961305925,0.7831872913566059,0.5638330803548723,0.1661587467424007,0.1660489125967305,3566,1107,453,874,3372.0,True,False,,84.0,,False,False,Basic eligible binary policy; usable if its FP/review burden is acceptable.,imbalance_training_variants_taiwan.csv,custom class_weights positive_weight=3; Reference uncalibrated probability.; More balanced than baseline CatBoost: precision improves and FP drops with tolerable recall loss.,,precision<0.45
taiwan,XGBoost::xgboost_max_delta_step_1,imbalance_training:isotonic:precision_0_40,threshold=0.210,0.4247745609871856,0.6744536548605878,0.7406377059704686,0.5212580081537566,0.7811873948871092,0.5407232427184293,0.1351552047131088,0.0091878278808077,3461,1212,432,895,3372.0,True,False,,85.0,,False,False,Basic eligible binary policy; usable if its FP/review burden is acceptable.,imbalance_training_variants_taiwan.csv,max_delta_step=1; Calibration improves validation Brier and ECE.; More balanced than baseline CatBoost: precision improves and FP drops with tolerable recall loss.,,precision<0.45
taiwan,CatBoost::catboost_class_weight_pos_2,imbalance_training:sigmoid:precision_0_40,threshold=0.180,0.4012079378774806,0.7008289374529013,0.7029745345602397,0.5102880658436214,0.7848663561504132,0.5657364661000575,0.1341440182359731,0.0115450006144766,3285,1388,397,930,3373.0,True,False,,86.0,,False,False,Basic eligible binary policy; usable if its FP/review burden is acceptable.,imbalance_training_variants_taiwan.csv,custom class_weights positive_weight=2; Calibration improves validation Brier and ECE.; More balanced than baseline CatBoost: precision improves and FP drops with tolerable recall loss.,,precision<0.45
taiwan,XGBoost::xgboost_max_delta_step_3,imbalance_training:sigmoid:precision_0_45,threshold=0.220,0.4418016194331984,0.6578749058025621,0.7639631928097582,0.5286103542234333,0.7838193595912707,0.5638052687415147,0.1341995566120517,0.0103217971551757,3570,1103,454,873,3373.0,True,False,,87.0,,False,False,Basic eligible binary policy; usable if its FP/review burden is acceptable.,imbalance_training_variants_taiwan.csv,max_delta_step=3; Calibration improves validation Brier and ECE.; More balanced than baseline CatBoost: precision improves and FP drops with tolerable recall loss.,,precision<0.45
taiwan,XGBoost::xgboost_baseline,imbalance_training:uncalibrated:cost_optimal_FN5_FP1,threshold=0.185,0.4036617262423714,0.6978146194423511,0.7072544404023111,0.5114609223971278,0.7829107262277759,0.5631401607278714,0.1344234313557988,0.0135293461568653,3305,1368,401,926,3373.0,True,False,,88.0,,False,False,Basic eligible binary policy; usable if its FP/review burden is acceptable.,imbalance_training_variants_taiwan.csv,baseline XGBoost; Reference uncalibrated probability.; More balanced than baseline CatBoost: precision improves and FP drops with tolerable recall loss.,,precision<0.45
taiwan,XGBoost::xgboost_baseline,imbalance_training:uncalibrated:precision_0_40,threshold=0.185,0.4036617262423714,0.6978146194423511,0.7072544404023111,0.5114609223971278,0.7829107262277759,0.5631401607278714,0.1344234313557988,0.0135293461568653,3305,1368,401,926,3373.0,True,False,,89.0,,False,False,Basic eligible binary policy; usable if its FP/review burden is acceptable.,imbalance_training_variants_taiwan.csv,baseline XGBoost; Reference uncalibrated probability.; More balanced than baseline CatBoost: precision improves and FP drops with tolerable recall loss.,,precision<0.45
taiwan,XGBoost::xgboost_baseline,imbalance_training:uncalibrated:specificity_0_65,threshold=0.185,0.4036617262423714,0.6978146194423511,0.7072544404023111,0.5114609223971278,0.7829107262277759,0.5631401607278714,0.1344234313557988,0.0135293461568653,3305,1368,401,926,3373.0,True,False,,90.0,,False,False,Basic eligible binary policy; usable if its FP/review burden is acceptable.,imbalance_training_variants_taiwan.csv,baseline XGBoost; Reference uncalibrated probability.; More balanced than baseline CatBoost: precision improves and FP drops with tolerable recall loss.,,precision<0.45
taiwan,XGBoost::xgboost_scale_pos_weight_1,imbalance_training:uncalibrated:cost_optimal_FN5_FP1,threshold=0.185,0.4036617262423714,0.6978146194423511,0.7072544404023111,0.5114609223971278,0.7829107262277759,0.5631401607278714,0.1344234313557988,0.0135293461568653,3305,1368,401,926,3373.0,True,False,,91.0,,False,False,Basic eligible binary policy; usable if its FP/review burden is acceptable.,imbalance_training_variants_taiwan.csv,scale_pos_weight=1; Reference uncalibrated probability.; More balanced than baseline CatBoost: precision improves and FP drops with tolerable recall loss.,,precision<0.45
taiwan,XGBoost::xgboost_scale_pos_weight_1,imbalance_training:uncalibrated:precision_0_40,threshold=0.185,0.4036617262423714,0.6978146194423511,0.7072544404023111,0.5114609223971278,0.7829107262277759,0.5631401607278714,0.1344234313557988,0.0135293461568653,3305,1368,401,926,3373.0,True,False,,92.0,,False,False,Basic eligible binary policy; usable if its FP/review burden is acceptable.,imbalance_training_variants_taiwan.csv,scale_pos_weight=1; Reference uncalibrated probability.; More balanced than baseline CatBoost: precision improves and FP drops with tolerable recall loss.,,precision<0.45
taiwan,XGBoost::xgboost_scale_pos_weight_1,imbalance_training:uncalibrated:specificity_0_65,threshold=0.185,0.4036617262423714,0.6978146194423511,0.7072544404023111,0.5114609223971278,0.7829107262277759,0.5631401607278714,0.1344234313557988,0.0135293461568653,3305,1368,401,926,3373.0,True,False,,93.0,,False,False,Basic eligible binary policy; usable if its FP/review burden is acceptable.,imbalance_training_variants_taiwan.csv,scale_pos_weight=1; Reference uncalibrated probability.; More balanced than baseline CatBoost: precision improves and FP drops with tolerable recall loss.,,precision<0.45
taiwan,XGBoost::xgboost_max_delta_step_5,imbalance_training:uncalibrated:cost_optimal_FN5_FP1,threshold=0.185,0.4036617262423714,0.6978146194423511,0.7072544404023111,0.5114609223971278,0.7829107262277759,0.5631401607278714,0.1344234313557988,0.0135293461568653,3305,1368,401,926,3373.0,True,False,,94.0,,False,False,Basic eligible binary policy; usable if its FP/review burden is acceptable.,imbalance_training_variants_taiwan.csv,max_delta_step=5; Reference uncalibrated probability.; More balanced than baseline CatBoost: precision improves and FP drops with tolerable recall loss.,,precision<0.45
taiwan,XGBoost::xgboost_max_delta_step_5,imbalance_training:uncalibrated:precision_0_40,threshold=0.185,0.4036617262423714,0.6978146194423511,0.7072544404023111,0.5114609223971278,0.7829107262277759,0.5631401607278714,0.1344234313557988,0.0135293461568653,3305,1368,401,926,3373.0,True,False,,95.0,,False,False,Basic eligible binary policy; usable if its FP/review burden is acceptable.,imbalance_training_variants_taiwan.csv,max_delta_step=5; Reference uncalibrated probability.; More balanced than baseline CatBoost: precision improves and FP drops with tolerable recall loss.,,precision<0.45
taiwan,XGBoost::xgboost_max_delta_step_5,imbalance_training:uncalibrated:specificity_0_65,threshold=0.185,0.4036617262423714,0.6978146194423511,0.7072544404023111,0.5114609223971278,0.7829107262277759,0.5631401607278714,0.1344234313557988,0.0135293461568653,3305,1368,401,926,3373.0,True,False,,96.0,,False,False,Basic eligible binary policy; usable if its FP/review burden is acceptable.,imbalance_training_variants_taiwan.csv,max_delta_step=5; Reference uncalibrated probability.; More balanced than baseline CatBoost: precision improves and FP drops with tolerable recall loss.,,precision<0.45
taiwan,XGBoost::xgboost_baseline,imbalance_training:isotonic:cost_optimal_FN5_FP1,threshold=0.170,0.4036617262423714,0.6978146194423511,0.7072544404023111,0.5114609223971278,0.7809446142448618,0.5417637502546807,0.1348076891980928,0.0113366073617321,3305,1368,401,926,3373.0,True,False,,97.0,,False,False,Basic eligible binary policy; usable if its FP/review burden is acceptable.,imbalance_training_variants_taiwan.csv,baseline XGBoost; Calibration improves validation Brier and ECE.; More balanced than baseline CatBoost: precision improves and FP drops with tolerable recall loss.,,precision<0.45
taiwan,XGBoost::xgboost_baseline,imbalance_training:isotonic:precision_0_40,threshold=0.170,0.4036617262423714,0.6978146194423511,0.7072544404023111,0.5114609223971278,0.7809446142448618,0.5417637502546807,0.1348076891980928,0.0113366073617321,3305,1368,401,926,3373.0,True,False,,98.0,,False,False,Basic eligible binary policy; usable if its FP/review burden is acceptable.,imbalance_training_variants_taiwan.csv,baseline XGBoost; Calibration improves validation Brier and ECE.; More balanced than baseline CatBoost: precision improves and FP drops with tolerable recall loss.,,precision<0.45
taiwan,XGBoost::xgboost_baseline,imbalance_training:isotonic:specificity_0_65,threshold=0.170,0.4036617262423714,0.6978146194423511,0.7072544404023111,0.5114609223971278,0.7809446142448618,0.5417637502546807,0.1348076891980928,0.0113366073617321,3305,1368,401,926,3373.0,True,False,,99.0,,False,False,Basic eligible binary policy; usable if its FP/review burden is acceptable.,imbalance_training_variants_taiwan.csv,baseline XGBoost; Calibration improves validation Brier and ECE.; More balanced than baseline CatBoost: precision improves and FP drops with tolerable recall loss.,,precision<0.45
taiwan,XGBoost::xgboost_scale_pos_weight_1,imbalance_training:isotonic:cost_optimal_FN5_FP1,threshold=0.170,0.4036617262423714,0.6978146194423511,0.7072544404023111,0.5114609223971278,0.7809446142448618,0.5417637502546807,0.1348076891980928,0.0113366073617321,3305,1368,401,926,3373.0,True,False,,100.0,,False,False,Basic eligible binary policy; usable if its FP/review burden is acceptable.,imbalance_training_variants_taiwan.csv,scale_pos_weight=1; Calibration improves validation Brier and ECE.; More balanced than baseline CatBoost: precision improves and FP drops with tolerable recall loss.,,precision<0.45
taiwan,XGBoost::xgboost_scale_pos_weight_1,imbalance_training:isotonic:precision_0_40,threshold=0.170,0.4036617262423714,0.6978146194423511,0.7072544404023111,0.5114609223971278,0.7809446142448618,0.5417637502546807,0.1348076891980928,0.0113366073617321,3305,1368,401,926,3373.0,True,False,,101.0,,False,False,Basic eligible binary policy; usable if its FP/review burden is acceptable.,imbalance_training_variants_taiwan.csv,scale_pos_weight=1; Calibration improves validation Brier and ECE.; More balanced than baseline CatBoost: precision improves and FP drops with tolerable recall loss.,,precision<0.45
taiwan,XGBoost::xgboost_scale_pos_weight_1,imbalance_training:isotonic:specificity_0_65,threshold=0.170,0.4036617262423714,0.6978146194423511,0.7072544404023111,0.5114609223971278,0.7809446142448618,0.5417637502546807,0.1348076891980928,0.0113366073617321,3305,1368,401,926,3373.0,True,False,,102.0,,False,False,Basic eligible binary policy; usable if its FP/review burden is acceptable.,imbalance_training_variants_taiwan.csv,scale_pos_weight=1; Calibration improves validation Brier and ECE.; More balanced than baseline CatBoost: precision improves and FP drops with tolerable recall loss.,,precision<0.45
taiwan,XGBoost::xgboost_max_delta_step_5,imbalance_training:isotonic:cost_optimal_FN5_FP1,threshold=0.170,0.4036617262423714,0.6978146194423511,0.7072544404023111,0.5114609223971278,0.7809446142448618,0.5417637502546807,0.1348076891980928,0.0113366073617321,3305,1368,401,926,3373.0,True,False,,103.0,,False,False,Basic eligible binary policy; usable if its FP/review burden is acceptable.,imbalance_training_variants_taiwan.csv,max_delta_step=5; Calibration improves validation Brier and ECE.; More balanced than baseline CatBoost: precision improves and FP drops with tolerable recall loss.,,precision<0.45
taiwan,XGBoost::xgboost_max_delta_step_5,imbalance_training:isotonic:precision_0_40,threshold=0.170,0.4036617262423714,0.6978146194423511,0.7072544404023111,0.5114609223971278,0.7809446142448618,0.5417637502546807,0.1348076891980928,0.0113366073617321,3305,1368,401,926,3373.0,True,False,,104.0,,False,False,Basic eligible binary policy; usable if its FP/review burden is acceptable.,imbalance_training_variants_taiwan.csv,max_delta_step=5; Calibration improves validation Brier and ECE.; More balanced than baseline CatBoost: precision improves and FP drops with tolerable recall loss.,,precision<0.45
taiwan,XGBoost::xgboost_max_delta_step_5,imbalance_training:isotonic:specificity_0_65,threshold=0.170,0.4036617262423714,0.6978146194423511,0.7072544404023111,0.5114609223971278,0.7809446142448618,0.5417637502546807,0.1348076891980928,0.0113366073617321,3305,1368,401,926,3373.0,True,False,,105.0,,False,False,Basic eligible binary policy; usable if its FP/review burden is acceptable.,imbalance_training_variants_taiwan.csv,max_delta_step=5; Calibration improves validation Brier and ECE.; More balanced than baseline CatBoost: precision improves and FP drops with tolerable recall loss.,,precision<0.45
taiwan,XGBoost::xgboost_max_delta_step_3,imbalance_training:uncalibrated:precision_0_45,threshold=0.215,0.4424150177574835,0.6571213262999246,0.7648191739781725,0.5288053365676167,0.7838193595912707,0.5638052687415147,0.1342712350492949,0.0137524515250697,3574,1099,455,872,3374.0,True,False,,106.0,,False,False,Basic eligible binary policy; usable if its FP/review burden is acceptable.,imbalance_training_variants_taiwan.csv,max_delta_step=3; Reference uncalibrated probability.; More balanced than baseline CatBoost: precision improves and FP drops with tolerable recall loss.,,precision<0.45
taiwan,XGBoost::xgboost_sample_weight_pos_1.5,imbalance_training:isotonic:precision_0_40,threshold=0.205,0.4229137199434229,0.6759608138658628,0.7380697624652258,0.5203016241299303,0.7806457142645197,0.5474181493032805,0.1343197876605744,0.0095277965648395,3449,1224,430,897,3374.0,True,False,,107.0,,False,False,Basic eligible binary policy; usable if its FP/review burden is acceptable.,imbalance_training_variants_taiwan.csv,sample_weight positive class=1.5; Calibration improves validation Brier and ECE.; More balanced than baseline CatBoost: precision improves and FP drops with tolerable recall loss.,,precision<0.45
taiwan,CatBoost::catboost_class_weight_pos_1.5,imbalance_training:sigmoid:precision_0_45,threshold=0.220,0.4579088471849866,0.6435568952524491,0.783650759683287,0.5350877192982456,0.7838996682992342,0.5662219316902193,0.1340489791601124,0.0109789317485505,3662,1011,473,854,3376.0,True,True,,108.0,38.0,False,False,"Strict eligible; usable candidate, but not the lowest-cost ranked winner.",imbalance_training_variants_taiwan.csv,custom class_weights positive_weight=1.5; Calibration improves validation Brier and ECE.; More balanced than baseline CatBoost: precision improves and FP drops with tolerable recall loss.,,
taiwan,XGBoost::xgboost_scale_pos_weight_3,imbalance_training:sigmoid:precision_0_45,threshold=0.225,0.4503657262277952,0.6495855312735493,0.7748769527070405,0.5319345880900956,0.7814425121079891,0.562521540304657,0.1345877219810322,0.0126272988302193,3621,1052,465,862,3377.0,True,True,,109.0,39.0,False,False,"Strict eligible; usable candidate, but not the lowest-cost ranked winner.",imbalance_training_variants_taiwan.csv,scale_pos_weight=3; Calibration improves validation Brier and ECE.; More balanced than baseline CatBoost: precision improves and FP drops with tolerable recall loss.,,
taiwan,XGBoost::xgboost_scale_pos_weight_2,imbalance_training:isotonic:precision_0_40,threshold=0.250,0.4612045577862181,0.640542577241899,0.7875026749411513,0.5362776025236593,0.7828410608425543,0.5424150280852518,0.1347615987568765,0.0085306002520571,3680,993,477,850,3378.0,True,True,,110.0,40.0,False,False,"Strict eligible; usable candidate, but not the lowest-cost ranked winner.",imbalance_training_variants_taiwan.csv,scale_pos_weight=2; Calibration improves validation Brier and ECE.; More balanced than baseline CatBoost: precision improves and FP drops with tolerable recall loss.,,
taiwan,XGBoost::xgboost_scale_pos_weight_2,imbalance_training:isotonic:precision_0_45,threshold=0.250,0.4612045577862181,0.640542577241899,0.7875026749411513,0.5362776025236593,0.7828410608425543,0.5424150280852518,0.1347615987568765,0.0085306002520571,3680,993,477,850,3378.0,True,True,,111.0,41.0,False,False,"Strict eligible; usable candidate, but not the lowest-cost ranked winner.",imbalance_training_variants_taiwan.csv,scale_pos_weight=2; Calibration improves validation Brier and ECE.; More balanced than baseline CatBoost: precision improves and FP drops with tolerable recall loss.,,
taiwan,XGBoost::xgboost_scale_pos_weight_2,imbalance_training:isotonic:specificity_0_65,threshold=0.250,0.4612045577862181,0.640542577241899,0.7875026749411513,0.5362776025236593,0.7828410608425543,0.5424150280852518,0.1347615987568765,0.0085306002520571,3680,993,477,850,3378.0,True,True,,112.0,42.0,False,False,"Strict eligible; usable candidate, but not the lowest-cost ranked winner.",imbalance_training_variants_taiwan.csv,scale_pos_weight=2; Calibration improves validation Brier and ECE.; More balanced than baseline CatBoost: precision improves and FP drops with tolerable recall loss.,,
taiwan,XGBoost::xgboost_scale_pos_weight_3,imbalance_training:isotonic:precision_0_45,threshold=0.220,0.4498956158663883,0.6495855312735493,0.7744489621228333,0.5316065371569535,0.780587095358205,0.5465286863289036,0.1348937511676989,0.0149637501783544,3619,1054,465,862,3379.0,True,False,,113.0,,False,False,Basic eligible binary policy; usable if its FP/review burden is acceptable.,imbalance_training_variants_taiwan.csv,scale_pos_weight=3; Calibration improves validation Brier and ECE.; More balanced than baseline CatBoost: precision improves and FP drops with tolerable recall loss.,,precision<0.45
taiwan,CatBoost::catboost_class_weight_pos_3,imbalance_training:isotonic:precision_0_45,threshold=0.230,0.4394167923579688,0.6586284853051997,0.7613952493045153,0.5271411338962606,0.7815685387250042,0.5420605708428373,0.1347625363747242,0.0127471865168781,3558,1115,453,874,3380.0,True,False,,114.0,,False,False,Basic eligible binary policy; usable if its FP/review burden is acceptable.,imbalance_training_variants_taiwan.csv,custom class_weights positive_weight=3; Calibration improves validation Brier and ECE.; More balanced than baseline CatBoost: precision improves and FP drops with tolerable recall loss.,,precision<0.45
taiwan,XGBoost::xgboost_baseline,imbalance_training:isotonic:precision_0_45,threshold=0.250,0.4747302668938103,0.6299924642049737,0.8020543548041943,0.5414507772020726,0.7809446142448618,0.5417637502546807,0.1348076891980928,0.0113366073617321,3748,925,491,836,3380.0,True,True,,115.0,43.0,False,False,"Strict eligible; usable candidate, but not the lowest-cost ranked winner.",imbalance_training_variants_taiwan.csv,baseline XGBoost; Calibration improves validation Brier and ECE.; More balanced than baseline CatBoost: precision improves and FP drops with tolerable recall loss.,,
taiwan,XGBoost::xgboost_scale_pos_weight_1,imbalance_training:isotonic:precision_0_45,threshold=0.250,0.4747302668938103,0.6299924642049737,0.8020543548041943,0.5414507772020726,0.7809446142448618,0.5417637502546807,0.1348076891980928,0.0113366073617321,3748,925,491,836,3380.0,True,True,,116.0,44.0,False,False,"Strict eligible; usable candidate, but not the lowest-cost ranked winner.",imbalance_training_variants_taiwan.csv,scale_pos_weight=1; Calibration improves validation Brier and ECE.; More balanced than baseline CatBoost: precision improves and FP drops with tolerable recall loss.,,
taiwan,XGBoost::xgboost_max_delta_step_5,imbalance_training:isotonic:precision_0_45,threshold=0.250,0.4747302668938103,0.6299924642049737,0.8020543548041943,0.5414507772020726,0.7809446142448618,0.5417637502546807,0.1348076891980928,0.0113366073617321,3748,925,491,836,3380.0,True,True,,117.0,45.0,False,False,"Strict eligible; usable candidate, but not the lowest-cost ranked winner.",imbalance_training_variants_taiwan.csv,max_delta_step=5; Calibration improves validation Brier and ECE.; More balanced than baseline CatBoost: precision improves and FP drops with tolerable recall loss.,,
taiwan,CatBoost::catboost_class_weight_pos_3,imbalance_training:sigmoid:precision_0_45,threshold=0.210,0.435948361469712,0.6616428033157498,0.7569013481703403,0.5255911403771326,0.7831872913566059,0.5638330803548723,0.1343947231826908,0.0134054108149912,3537,1136,449,878,3381.0,True,False,,118.0,,False,False,Basic eligible binary policy; usable if its FP/review burden is acceptable.,imbalance_training_variants_taiwan.csv,custom class_weights positive_weight=3; Calibration improves validation Brier and ECE.; More balanced than baseline CatBoost: precision improves and FP drops with tolerable recall loss.,,precision<0.45
taiwan,XGBoost::xgboost_scale_pos_weight_1_5,imbalance_training:sigmoid:precision_0_45,threshold=0.225,0.446797520661157,0.651846269781462,0.7708110421570725,0.530186944529574,0.7809347772344487,0.5625288024780922,0.1345878864711424,0.0113343664163022,3602,1071,462,865,3381.0,True,False,,119.0,,False,False,Basic eligible binary policy; usable if its FP/review burden is acceptable.,imbalance_training_variants_taiwan.csv,scale_pos_weight=1.5; Calibration improves validation Brier and ECE.; More balanced than baseline CatBoost: precision improves and FP drops with tolerable recall loss.,,precision<0.45
taiwan,XGBoost::xgboost_sample_weight_pos_3,imbalance_training:sigmoid:precision_0_40,threshold=0.195,0.4041155866900175,0.6955538809344386,0.7087524074470362,0.5112157297147605,0.781371072835644,0.5620720201617713,0.1345716344389958,0.0133491684037916,3312,1361,404,923,3381.0,True,False,,120.0,,False,False,Basic eligible binary policy; usable if its FP/review burden is acceptable.,imbalance_training_variants_taiwan.csv,sample_weight positive class=3; Calibration improves validation Brier and ECE.; More balanced than baseline CatBoost: precision improves and FP drops with tolerable recall loss.,,precision<0.45
taiwan,CatBoost::catboost_auto_balanced,imbalance_training:uncalibrated:precision_0_40,threshold=0.430,0.4094982078853046,0.6887716654107008,0.7179542050074899,0.5136274234335487,0.782774459444183,0.5611587350156215,0.1776400242221756,0.1943753049275288,3355,1318,413,914,3383.0,True,False,,121.0,,False,False,Basic eligible binary policy; usable if its FP/review burden is acceptable.,imbalance_training_variants_taiwan.csv,auto_class_weights='Balanced'; Reference uncalibrated probability.; More balanced than baseline CatBoost: precision improves and FP drops with tolerable recall loss.,,precision<0.45
taiwan,CatBoost::catboost_auto_balanced,imbalance_training:uncalibrated:specificity_0_65,threshold=0.430,0.4094982078853046,0.6887716654107008,0.7179542050074899,0.5136274234335487,0.782774459444183,0.5611587350156215,0.1776400242221756,0.1943753049275288,3355,1318,413,914,3383.0,True,False,,122.0,,False,False,Basic eligible binary policy; usable if its FP/review burden is acceptable.,imbalance_training_variants_taiwan.csv,auto_class_weights='Balanced'; Reference uncalibrated probability.; More balanced than baseline CatBoost: precision improves and FP drops with tolerable recall loss.,,precision<0.45
taiwan,LightGBM::lightgbm_scale_pos_weight_1.5,imbalance_training:uncalibrated:precision_0_40,threshold=0.240,0.4037620297462817,0.6955538809344386,0.708324416862829,0.5109327428729588,0.7795704161426308,0.5562392112765332,0.1390290443614718,0.0435327623947206,3310,1363,404,923,3383.0,True,False,,123.0,,False,False,Basic eligible binary policy; usable if its FP/review burden is acceptable.,imbalance_training_variants_taiwan.csv,scale_pos_weight=1.5; Reference uncalibrated probability.; More balanced than baseline CatBoost: precision improves and FP drops with tolerable recall loss.,,precision<0.45
taiwan,SCRE-Pareto,precision_constraint:C_min_precision_0_45,threshold=0.210,0.4513925380977404,0.6473247927656368,0.7765889150438691,0.5318885448916408,0.7838847515211484,0.5661401114278397,0.1340166575484842,0.0112687581693097,3629,1044,468,859,3384.0,True,True,,124.0,46.0,False,False,"Strict eligible; usable candidate, but not the lowest-cost ranked winner.",precision_constrained_test_results_taiwan.csv,"balanced FP reduction with tolerable recall loss; FP delta=-793, precision delta=0.0915, recall delta=-0.1311, cost delta=77; selected on validation.",,
taiwan,SCRE-Pareto,precision_constraint:L_precision_0_45_recall_0_60,threshold=0.210,0.4513925380977404,0.6473247927656368,0.7765889150438691,0.5318885448916408,0.7838847515211484,0.5661401114278397,0.1340166575484842,0.0112687581693097,3629,1044,468,859,3384.0,True,True,,125.0,47.0,False,False,"Strict eligible; usable candidate, but not the lowest-cost ranked winner.",precision_constrained_test_results_taiwan.csv,"balanced FP reduction with tolerable recall loss; FP delta=-793, precision delta=0.0915, recall delta=-0.1311, cost delta=77; selected on validation.",,
taiwan,SCRE-Pareto,precision_constraint:N_precision_0_45_specificity_0_60,threshold=0.210,0.4513925380977404,0.6473247927656368,0.7765889150438691,0.5318885448916408,0.7838847515211484,0.5661401114278397,0.1340166575484842,0.0112687581693097,3629,1044,468,859,3384.0,True,True,,126.0,48.0,False,False,"Strict eligible; usable candidate, but not the lowest-cost ranked winner.",precision_constrained_test_results_taiwan.csv,"balanced FP reduction with tolerable recall loss; FP delta=-793, precision delta=0.0915, recall delta=-0.1311, cost delta=77; selected on validation.",,
taiwan,XGBoost::xgboost_sample_weight_pos_2,imbalance_training:uncalibrated:precision_0_45,threshold=0.345,0.4435360245273377,0.6541070082893745,0.7669591268992082,0.5286236297198539,0.7809917835161055,0.5612551197991238,0.1461541724083217,0.0949522826218356,3584,1089,459,868,3384.0,True,False,,127.0,,False,False,Basic eligible binary policy; usable if its FP/review burden is acceptable.,imbalance_training_variants_taiwan.csv,sample_weight positive class=2; Reference uncalibrated probability.; More balanced than baseline CatBoost: precision improves and FP drops with tolerable recall loss.,,precision<0.45
taiwan,CatBoost::catboost_auto_sqrtbalanced,imbalance_training:uncalibrated:precision_0_45,threshold=0.325,0.4433094994892748,0.6541070082893745,0.7667451316071047,0.5284627092846271,0.7843434626050887,0.5654415836439259,0.143788546374693,0.0889074276579161,3583,1090,459,868,3385.0,True,False,,128.0,,False,False,Basic eligible binary policy; usable if its FP/review burden is acceptable.,imbalance_training_variants_taiwan.csv,auto_class_weights='SqrtBalanced'; Reference uncalibrated probability.; More balanced than baseline CatBoost: precision improves and FP drops with tolerable recall loss.,,precision<0.45
taiwan,XGBoost::xgboost_scale_pos_weight_1_5,imbalance_training:isotonic:precision_0_45,threshold=0.235,0.4713160854893138,0.6314996232102487,0.7988444254226407,0.5397745571658615,0.7798789112396874,0.5431172359680133,0.1349584358501291,0.0098838165358676,3733,940,489,838,3385.0,True,True,,129.0,49.0,False,False,"Strict eligible; usable candidate, but not the lowest-cost ranked winner.",imbalance_training_variants_taiwan.csv,scale_pos_weight=1.5; Calibration improves validation Brier and ECE.; More balanced than baseline CatBoost: precision improves and FP drops with tolerable recall loss.,,
taiwan,XGBoost::xgboost_scale_pos_weight_3_5,imbalance_training:sigmoid:precision_0_40,threshold=0.195,0.4022638223770134,0.6963074604370761,0.7061844639417932,0.509933774834437,0.7808583388256641,0.5622854368895934,0.1347324018102395,0.010330634571418,3300,1373,403,924,3388.0,True,False,,130.0,,False,False,Basic eligible binary policy; usable if its FP/review burden is acceptable.,imbalance_training_variants_taiwan.csv,scale_pos_weight=3.5; Calibration improves validation Brier and ECE.; More balanced than baseline CatBoost: precision improves and FP drops with tolerable recall loss.,,precision<0.45
taiwan,XGBoost::xgboost_scale_pos_weight_3_5,imbalance_training:uncalibrated:precision_0_40,threshold=0.425,0.401650021710812,0.6970610399397137,0.7051144874812754,0.5096418732782368,0.7808583388256641,0.5622854368895934,0.1750757032518017,0.1848190897035723,3295,1378,402,925,3388.0,True,False,,131.0,,False,False,Basic eligible binary policy; usable if its FP/review burden is acceptable.,imbalance_training_variants_taiwan.csv,scale_pos_weight=3.5; Reference uncalibrated probability.; More balanced than baseline CatBoost: precision improves and FP drops with tolerable recall loss.,,precision<0.45
taiwan,XGBoost::xgboost_scale_pos_weight_3_5,imbalance_training:isotonic:precision_0_40,threshold=0.190,0.4004319654427646,0.6985681989449887,0.7029745345602397,0.5090609555189456,0.7798503677832426,0.5466007698590408,0.1347888353965116,0.0113616327714214,3285,1388,400,927,3388.0,True,False,,132.0,,False,False,Basic eligible binary policy; usable if its FP/review burden is acceptable.,imbalance_training_variants_taiwan.csv,scale_pos_weight=3.5; Calibration improves validation Brier and ECE.; More balanced than baseline CatBoost: precision improves and FP drops with tolerable recall loss.,,precision<0.45
taiwan,XGBoost::xgboost_scale_pos_weight_3_5,imbalance_training:isotonic:specificity_0_65,threshold=0.190,0.4004319654427646,0.6985681989449887,0.7029745345602397,0.5090609555189456,0.7798503677832426,0.5466007698590408,0.1347888353965116,0.0113616327714214,3285,1388,400,927,3388.0,True,False,,133.0,,False,False,Basic eligible binary policy; usable if its FP/review burden is acceptable.,imbalance_training_variants_taiwan.csv,scale_pos_weight=3.5; Calibration improves validation Brier and ECE.; More balanced than baseline CatBoost: precision improves and FP drops with tolerable recall loss.,,precision<0.45
taiwan,CatBoost::catboost_auto_balanced,imbalance_training:sigmoid:precision_0_40,threshold=0.185,0.4019138755980861,0.6963074604370761,0.7057564733575862,0.5096525096525096,0.782774459444183,0.5611587350156215,0.1345636802475142,0.0129127230415544,3298,1375,403,924,3390.0,True,False,,134.0,,False,False,Basic eligible binary policy; usable if its FP/review burden is acceptable.,imbalance_training_variants_taiwan.csv,auto_class_weights='Balanced'; Calibration improves validation Brier and ECE.; More balanced than baseline CatBoost: precision improves and FP drops with tolerable recall loss.,,precision<0.45
taiwan,CatBoost::catboost_auto_balanced,imbalance_training:sigmoid:specificity_0_65,threshold=0.185,0.4019138755980861,0.6963074604370761,0.7057564733575862,0.5096525096525096,0.782774459444183,0.5611587350156215,0.1345636802475142,0.0129127230415544,3298,1375,403,924,3390.0,True,False,,135.0,,False,False,Basic eligible binary policy; usable if its FP/review burden is acceptable.,imbalance_training_variants_taiwan.csv,auto_class_weights='Balanced'; Calibration improves validation Brier and ECE.; More balanced than baseline CatBoost: precision improves and FP drops with tolerable recall loss.,,precision<0.45
taiwan,XGBoost::xgboost_scale_pos_weight_1_5,imbalance_training:uncalibrated:precision_0_45,threshold=0.290,0.4436475409836065,0.6525998492840994,0.7676011127755189,0.5282098200670936,0.7809347772344487,0.5625288024780922,0.1386593927576449,0.053373399868297,3587,1086,461,866,3391.0,True,False,,136.0,,False,False,Basic eligible binary policy; usable if its FP/review burden is acceptable.,imbalance_training_variants_taiwan.csv,scale_pos_weight=1.5; Reference uncalibrated probability.; More balanced than baseline CatBoost: precision improves and FP drops with tolerable recall loss.,,precision<0.45
taiwan,XGBoost::xgboost_scale_pos_weight_3,imbalance_training:uncalibrated:precision_0_45,threshold=0.435,0.4445015416238437,0.651846269781462,0.7686710892360368,0.5285670638557898,0.7814425121079891,0.562521540304657,0.164784230363409,0.1585271937300761,3592,1081,462,865,3391.0,True,False,,137.0,,False,False,Basic eligible binary policy; usable if its FP/review burden is acceptable.,imbalance_training_variants_taiwan.csv,scale_pos_weight=3; Reference uncalibrated probability.; More balanced than baseline CatBoost: precision improves and FP drops with tolerable recall loss.,,precision<0.45
taiwan,CatBoost::catboost_class_weight_pos_2,imbalance_training:isotonic:precision_0_40,threshold=0.210,0.4091520861372812,0.6872645064054258,0.7181682002995934,0.5129358830146232,0.7845905973339121,0.5486484741767753,0.1343872346773984,0.0130135541846809,3356,1317,415,912,3392.0,True,False,,138.0,,False,False,Basic eligible binary policy; usable if its FP/review burden is acceptable.,imbalance_training_variants_taiwan.csv,custom class_weights positive_weight=2; Calibration improves validation Brier and ECE.; More balanced than baseline CatBoost: precision improves and FP drops with tolerable recall loss.,,precision<0.45
taiwan,CatBoost::catboost_class_weight_pos_2,imbalance_training:isotonic:specificity_0_65,threshold=0.210,0.4091520861372812,0.6872645064054258,0.7181682002995934,0.5129358830146232,0.7845905973339121,0.5486484741767753,0.1343872346773984,0.0130135541846809,3356,1317,415,912,3392.0,True,False,,139.0,,False,False,Basic eligible binary policy; usable if its FP/review burden is acceptable.,imbalance_training_variants_taiwan.csv,custom class_weights positive_weight=2; Calibration improves validation Brier and ECE.; More balanced than baseline CatBoost: precision improves and FP drops with tolerable recall loss.,,precision<0.45
taiwan,CatBoost::catboost_class_weight_pos_2,imbalance_training:uncalibrated:precision_0_45,threshold=0.340,0.4440451745379877,0.651846269781462,0.7682430986518297,0.5282442748091604,0.7848663561504132,0.5657364661000575,0.14574936170875,0.0987027654322339,3590,1083,462,865,3393.0,True,False,,140.0,,False,False,Basic eligible binary policy; usable if its FP/review burden is acceptable.,imbalance_training_variants_taiwan.csv,custom class_weights positive_weight=2; Reference uncalibrated probability.; More balanced than baseline CatBoost: precision improves and FP drops with tolerable recall loss.,,precision<0.45
taiwan,CatBoost::catboost_class_weight_pos_2,imbalance_training:sigmoid:precision_0_45,threshold=0.215,0.4455343314403717,0.6503391107761869,0.7701690562807618,0.5287990196078431,0.7848663561504132,0.5657364661000575,0.1341440182359731,0.0115450006144766,3599,1074,464,863,3394.0,True,False,,141.0,,False,False,Basic eligible binary policy; usable if its FP/review burden is acceptable.,imbalance_training_variants_taiwan.csv,custom class_weights positive_weight=2; Calibration improves validation Brier and ECE.; More balanced than baseline CatBoost: precision improves and FP drops with tolerable recall loss.,,precision<0.45
taiwan,CatBoost::catboost_class_weight_pos_4,imbalance_training:uncalibrated:default_0_50,threshold=0.500,0.4393939393939394,0.6556141672946496,0.7624652257650332,0.5261566374357424,0.7817122235820232,0.5621287026739918,0.1875058109419519,0.2162095710369689,3563,1110,457,870,3395.0,True,False,,142.0,,False,False,Basic eligible binary policy; usable if its FP/review burden is acceptable.,imbalance_training_variants_taiwan.csv,custom class_weights positive_weight=4; Reference uncalibrated probability.; More balanced than baseline CatBoost: precision improves and FP drops with tolerable recall loss.,,precision<0.45
taiwan,CatBoost::catboost_class_weight_pos_4,imbalance_training:uncalibrated:precision_0_45,threshold=0.500,0.4393939393939394,0.6556141672946496,0.7624652257650332,0.5261566374357424,0.7817122235820232,0.5621287026739918,0.1875058109419519,0.2162095710369689,3563,1110,457,870,3395.0,True,False,,143.0,,False,False,Basic eligible binary policy; usable if its FP/review burden is acceptable.,imbalance_training_variants_taiwan.csv,custom class_weights positive_weight=4; Reference uncalibrated probability.; More balanced than baseline CatBoost: precision improves and FP drops with tolerable recall loss.,,precision<0.45
taiwan,CatBoost::catboost_class_weight_pos_4,imbalance_training:sigmoid:precision_0_45,threshold=0.215,0.4391721352852095,0.6556141672946496,0.7622512304729296,0.5259975816203145,0.7817122235820232,0.5621287026739918,0.134547281521838,0.0112858442193325,3562,1111,457,870,3396.0,True,False,,144.0,,False,False,Basic eligible binary policy; usable if its FP/review burden is acceptable.,imbalance_training_variants_taiwan.csv,custom class_weights positive_weight=4; Calibration improves validation Brier and ECE.; More balanced than baseline CatBoost: precision improves and FP drops with tolerable recall loss.,,precision<0.45
taiwan,XGBoost::xgboost_sample_weight_pos_2,imbalance_training:sigmoid:precision_0_45,threshold=0.220,0.4408329101066531,0.6541070082893745,0.7643911833939653,0.5266990291262137,0.7809917835161055,0.5612551197991238,0.1346612358440934,0.0125171303481197,3572,1101,459,868,3396.0,True,False,,145.0,,False,False,Basic eligible binary policy; usable if its FP/review burden is acceptable.,imbalance_training_variants_taiwan.csv,sample_weight positive class=2; Calibration improves validation Brier and ECE.; More balanced than baseline CatBoost: precision improves and FP drops with tolerable recall loss.,,precision<0.45
taiwan,XGBoost::xgboost_scale_pos_weight_3_5,imbalance_training:isotonic:precision_0_45,threshold=0.215,0.4694335389792484,0.6307460437076111,0.7975604536700193,0.5382636655948553,0.7798503677832426,0.5466007698590408,0.1347888353965116,0.0113616327714214,3727,946,490,837,3396.0,True,True,,146.0,50.0,False,False,"Strict eligible; usable candidate, but not the lowest-cost ranked winner.",imbalance_training_variants_taiwan.csv,scale_pos_weight=3.5; Calibration improves validation Brier and ECE.; More balanced than baseline CatBoost: precision improves and FP drops with tolerable recall loss.,,
taiwan,XGBoost::xgboost_scale_pos_weight_4,imbalance_training:sigmoid:precision_0_40,threshold=0.195,0.401304347826087,0.6955538809344386,0.705328482773379,0.5089605734767025,0.7819599227294769,0.5630047228945264,0.1345267816812368,0.0116168409466323,3296,1377,404,923,3397.0,True,False,,147.0,,False,False,Basic eligible binary policy; usable if its FP/review burden is acceptable.,imbalance_training_variants_taiwan.csv,scale_pos_weight=4; Calibration improves validation Brier and ECE.; More balanced than baseline CatBoost: precision improves and FP drops with tolerable recall loss.,,precision<0.45
taiwan,CatBoost::catboost_class_weight_pos_2,imbalance_training:isotonic:precision_0_45,threshold=0.235,0.4743443557582668,0.6269781461944235,0.802696340680505,0.5400843881856541,0.7845905973339121,0.5486484741767753,0.1343872346773984,0.0130135541846809,3751,922,495,832,3397.0,True,True,,148.0,51.0,False,False,"Strict eligible; usable candidate, but not the lowest-cost ranked winner.",imbalance_training_variants_taiwan.csv,custom class_weights positive_weight=2; Calibration improves validation Brier and ECE.; More balanced than baseline CatBoost: precision improves and FP drops with tolerable recall loss.,,
taiwan,CatBoost::catboost_class_weight_pos_2,imbalance_training:uncalibrated:precision_0_40,threshold=0.305,0.4106739032112166,0.6842501883948756,0.7211641343890435,0.5132843414358395,0.7848663561504132,0.5657364661000575,0.14574936170875,0.0987027654322339,3370,1303,419,908,3398.0,True,False,,149.0,,False,False,Basic eligible binary policy; usable if its FP/review burden is acceptable.,imbalance_training_variants_taiwan.csv,custom class_weights positive_weight=2; Reference uncalibrated probability.; More balanced than baseline CatBoost: precision improves and FP drops with tolerable recall loss.,,precision<0.45
taiwan,CatBoost::catboost_auto_sqrtbalanced,imbalance_training:sigmoid:precision_0_45,threshold=0.215,0.4446161772282329,0.6503391107761869,0.7693130751123475,0.5281517747858017,0.7843434626050887,0.5654415836439259,0.1342759241160024,0.0107334007019902,3595,1078,464,863,3398.0,True,False,,150.0,,False,False,Basic eligible binary policy; usable if its FP/review burden is acceptable.,imbalance_training_variants_taiwan.csv,auto_class_weights='SqrtBalanced'; Calibration improves validation Brier and ECE.; More balanced than baseline CatBoost: precision improves and FP drops with tolerable recall loss.,,precision<0.45
taiwan,CatBoost::catboost_class_weight_pos_1.5,imbalance_training:isotonic:precision_0_40,threshold=0.210,0.4017429193899782,0.694800301431801,0.7061844639417932,0.5091109884041967,0.7828687173554375,0.5449926291429422,0.1348249658853838,0.0130255490669569,3300,1373,405,922,3398.0,True,False,,151.0,,False,False,Basic eligible binary policy; usable if its FP/review burden is acceptable.,imbalance_training_variants_taiwan.csv,custom class_weights positive_weight=1.5; Calibration improves validation Brier and ECE.; More balanced than baseline CatBoost: precision improves and FP drops with tolerable recall loss.,,precision<0.45
taiwan,LightGBM::lightgbm_scale_pos_weight_1.5,imbalance_training:uncalibrated:precision_0_45,threshold=0.285,0.4478623566214807,0.6473247927656368,0.7733789856623154,0.5294298921417566,0.7795704161426308,0.5562392112765332,0.1390290443614718,0.0435327623947206,3614,1059,468,859,3399.0,True,False,,152.0,,False,False,Basic eligible binary policy; usable if its FP/review burden is acceptable.,imbalance_training_variants_taiwan.csv,scale_pos_weight=1.5; Reference uncalibrated probability.; More balanced than baseline CatBoost: precision improves and FP drops with tolerable recall loss.,,precision<0.45
taiwan,XGBoost::xgboost_scale_pos_weight_4,imbalance_training:isotonic:precision_0_40,threshold=0.210,0.4228028503562945,0.6706857573474001,0.7399957200941579,0.5186480186480187,0.7806366029352027,0.5406605401577071,0.1346338996653695,0.0113003942740538,3458,1215,437,890,3400.0,True,False,,153.0,,False,False,Basic eligible binary policy; usable if its FP/review burden is acceptable.,imbalance_training_variants_taiwan.csv,scale_pos_weight=4; Calibration improves validation Brier and ECE.; More balanced than baseline CatBoost: precision improves and FP drops with tolerable recall loss.,,precision<0.45
taiwan,XGBoost::xgboost_scale_pos_weight_4,imbalance_training:isotonic:specificity_0_65,threshold=0.210,0.4228028503562945,0.6706857573474001,0.7399957200941579,0.5186480186480187,0.7806366029352027,0.5406605401577071,0.1346338996653695,0.0113003942740538,3458,1215,437,890,3400.0,True,False,,154.0,,False,False,Basic eligible binary policy; usable if its FP/review burden is acceptable.,imbalance_training_variants_taiwan.csv,scale_pos_weight=4; Calibration improves validation Brier and ECE.; More balanced than baseline CatBoost: precision improves and FP drops with tolerable recall loss.,,precision<0.45
taiwan,XGBoost::xgboost_scale_pos_weight_3_5,imbalance_training:uncalibrated:default_0_50,threshold=0.500,0.4658523042754025,0.6322532027128862,0.7941365289963621,0.5364450127877237,0.7808583388256641,0.5622854368895934,0.1750757032518017,0.1848190897035723,3711,962,488,839,3402.0,True,True,,155.0,52.0,False,False,"Strict eligible; usable candidate, but not the lowest-cost ranked winner.",imbalance_training_variants_taiwan.csv,scale_pos_weight=3.5; Reference uncalibrated probability.; More balanced than baseline CatBoost: precision improves and FP drops with tolerable recall loss.,,
taiwan,XGBoost::xgboost_scale_pos_weight_3_5,imbalance_training:uncalibrated:precision_0_45,threshold=0.475,0.4449612403100775,0.6488319517709118,0.7701690562807618,0.5278969957081544,0.7808583388256641,0.5622854368895934,0.1750757032518017,0.1848190897035723,3599,1074,466,861,3404.0,True,False,,156.0,,False,False,Basic eligible binary policy; usable if its FP/review burden is acceptable.,imbalance_training_variants_taiwan.csv,scale_pos_weight=3.5; Reference uncalibrated probability.; More balanced than baseline CatBoost: precision improves and FP drops with tolerable recall loss.,,precision<0.45
taiwan,LightGBM::lightgbm_scale_pos_weight_1.5,imbalance_training:sigmoid:precision_0_45,threshold=0.240,0.45,0.6443104747550866,0.7763749197517654,0.5299039355438487,0.7795704161426308,0.5562392112765332,0.1356158476140904,0.0094137027011882,3628,1045,472,855,3405.0,True,True,,157.0,53.0,False,False,"Strict eligible; usable candidate, but not the lowest-cost ranked winner.",imbalance_training_variants_taiwan.csv,scale_pos_weight=1.5; Calibration improves validation Brier and ECE.; More balanced than baseline CatBoost: precision improves and FP drops with tolerable recall loss.,,
taiwan,XGBoost::xgboost_max_delta_step_3,imbalance_training:isotonic:precision_0_45,threshold=0.285,0.4921402660217654,0.613413715146948,0.820243954632998,0.5461254612546125,0.782574816511535,0.5416550812126801,0.1346587550203838,0.0092321174639623,3833,840,513,814,3405.0,True,True,,158.0,54.0,False,False,"Strict eligible; usable candidate, but not the lowest-cost ranked winner.",imbalance_training_variants_taiwan.csv,max_delta_step=3; Calibration improves validation Brier and ECE.; More balanced than baseline CatBoost: precision improves and FP drops with tolerable recall loss.,,
taiwan,CatBoost::catboost_baseline,imbalance_training:uncalibrated:precision_0_45,threshold=0.210,0.4464099895941727,0.6465712132629993,0.7723090092017976,0.528162511542013,0.7846999332857179,0.5645652938868492,0.1341180612097842,0.0130564575085794,3609,1064,469,858,3409.0,True,False,,159.0,,False,False,Basic eligible binary policy; usable if its FP/review burden is acceptable.,imbalance_training_variants_taiwan.csv,baseline CatBoost; Reference uncalibrated probability.; More balanced than baseline CatBoost: precision improves and FP drops with tolerable recall loss.,,precision<0.45
taiwan,CatBoost::catboost_auto_none,imbalance_training:uncalibrated:precision_0_45,threshold=0.210,0.4464099895941727,0.6465712132629993,0.7723090092017976,0.528162511542013,0.7846999332857179,0.5645652938868492,0.1341180612097842,0.0130564575085794,3609,1064,469,858,3409.0,True,False,,160.0,,False,False,Basic eligible binary policy; usable if its FP/review burden is acceptable.,imbalance_training_variants_taiwan.csv,auto_class_weights=None; Reference uncalibrated probability.; More balanced than baseline CatBoost: precision improves and FP drops with tolerable recall loss.,,precision<0.45
taiwan,XGBoost::xgboost_scale_pos_weight_3_5,imbalance_training:sigmoid:precision_0_45,threshold=0.225,0.4427324088341037,0.6495855312735493,0.7678151080676225,0.5265729993891264,0.7808583388256641,0.5622854368895934,0.1347324018102395,0.010330634571418,3588,1085,465,862,3410.0,True,False,,161.0,,False,False,Basic eligible binary policy; usable if its FP/review burden is acceptable.,imbalance_training_variants_taiwan.csv,scale_pos_weight=3.5; Calibration improves validation Brier and ECE.; More balanced than baseline CatBoost: precision improves and FP drops with tolerable recall loss.,,precision<0.45
taiwan,CatBoost::catboost_baseline,imbalance_training:sigmoid:precision_0_45,threshold=0.215,0.4474647151071615,0.6450640542577242,0.7738069762465226,0.528395061728395,0.7846999332857179,0.5645652938868492,0.134113689752387,0.0137249057336244,3616,1057,471,856,3412.0,True,False,,162.0,,False,False,Basic eligible binary policy; usable if its FP/review burden is acceptable.,imbalance_training_variants_taiwan.csv,baseline CatBoost; Calibration improves Brier but not ECE.; More balanced than baseline CatBoost: precision improves and FP drops with tolerable recall loss.,,precision<0.45
taiwan,CatBoost::catboost_auto_none,imbalance_training:sigmoid:precision_0_45,threshold=0.215,0.4474647151071615,0.6450640542577242,0.7738069762465226,0.528395061728395,0.7846999332857179,0.5645652938868492,0.134113689752387,0.0137249057336244,3616,1057,471,856,3412.0,True,False,,163.0,,False,False,Basic eligible binary policy; usable if its FP/review burden is acceptable.,imbalance_training_variants_taiwan.csv,auto_class_weights=None; Calibration improves Brier but not ECE.; More balanced than baseline CatBoost: precision improves and FP drops with tolerable recall loss.,,precision<0.45
taiwan,CatBoost::catboost_auto_sqrtbalanced,imbalance_training:isotonic:precision_0_45,threshold=0.225,0.4584464964693102,0.6360211002260738,0.786646693772737,0.5328282828282828,0.7838747532482696,0.5462807326041442,0.1342334123953468,0.01464313522346,3676,997,483,844,3412.0,True,True,,164.0,55.0,False,False,"Strict eligible; usable candidate, but not the lowest-cost ranked winner.",imbalance_training_variants_taiwan.csv,auto_class_weights='SqrtBalanced'; Calibration improves validation Brier and ECE.; More balanced than baseline CatBoost: precision improves and FP drops with tolerable recall loss.,,
taiwan,LightGBM::lightgbm_class_weight_balanced,imbalance_training:uncalibrated:precision_0_45,threshold=0.450,0.4437564499484004,0.6480783722682742,0.7693130751123475,0.5267993874425727,0.7746808575486395,0.5543447194154771,0.1660538794497068,0.1458032945480291,3595,1078,467,860,3413.0,True,False,,165.0,,False,False,Basic eligible binary policy; usable if its FP/review burden is acceptable.,imbalance_training_variants_taiwan.csv,class_weight='balanced'; Reference uncalibrated probability.; More balanced than baseline CatBoost: precision improves and FP drops with tolerable recall loss.,,precision<0.45
taiwan,XGBoost::xgboost_sample_weight_pos_3,imbalance_training:isotonic:precision_0_40,threshold=0.215,0.4330357142857143,0.6578749058025621,0.7554033811256152,0.5222853724199822,0.7796487897010049,0.5422701875467248,0.1349182314992038,0.0153515165081331,3530,1143,454,873,3413.0,True,False,,166.0,,False,False,Basic eligible binary policy; usable if its FP/review burden is acceptable.,imbalance_training_variants_taiwan.csv,sample_weight positive class=3; Calibration improves validation Brier and ECE.; More balanced than baseline CatBoost: precision improves and FP drops with tolerable recall loss.,,precision<0.45
taiwan,SCRE-Optimized,precision_constraint:D_min_precision_0_50,threshold=0.245,0.5003107520198882,0.6066314996232103,0.8279477851487267,0.5483651226158038,0.7846896124879075,0.5669357617133086,0.1337668360698752,0.0106719812128829,3869,804,522,805,3414.0,True,True,,167.0,56.0,False,False,"Strict eligible; usable candidate, but not the lowest-cost ranked winner.",precision_constrained_test_results_taiwan.csv,"balanced FP reduction with tolerable recall loss; FP delta=-1028, precision delta=0.1402, recall delta=-0.1703, cost delta=102; selected on validation.",,
taiwan,LightGBM::lightgbm_class_weight_balanced,imbalance_training:sigmoid:precision_0_45,threshold=0.240,0.4418247052793439,0.6495855312735493,0.7669591268992082,0.5259304453935326,0.7746808575486395,0.5543447194154771,0.1363067377901418,0.0126945335980887,3584,1089,465,862,3414.0,True,False,,168.0,,False,False,Basic eligible binary policy; usable if its FP/review burden is acceptable.,imbalance_training_variants_taiwan.csv,class_weight='balanced'; Calibration improves validation Brier and ECE.; More balanced than baseline CatBoost: precision improves and FP drops with tolerable recall loss.,,precision<0.45
taiwan,Best LightGBM,precision_constraint:C_min_precision_0_45,threshold=0.215,0.438037430450177,0.6525998492840994,0.7622512304729296,0.5242130750605327,0.7779753690935001,0.5552375587431584,0.1356135837556778,0.0084868821264251,3562,1111,461,866,3416.0,True,False,,169.0,,False,False,Basic eligible binary policy; usable if its FP/review burden is acceptable.,precision_constrained_test_results_taiwan.csv,"balanced FP reduction with tolerable recall loss; FP delta=-536, precision delta=0.0626, recall delta=-0.0934, cost delta=84; selected on validation.",,precision<0.45
taiwan,Best LightGBM,precision_constraint:L_precision_0_45_recall_0_60,threshold=0.215,0.438037430450177,0.6525998492840994,0.7622512304729296,0.5242130750605327,0.7779753690935001,0.5552375587431584,0.1356135837556778,0.0084868821264251,3562,1111,461,866,3416.0,True,False,,170.0,,False,False,Basic eligible binary policy; usable if its FP/review burden is acceptable.,precision_constrained_test_results_taiwan.csv,"balanced FP reduction with tolerable recall loss; FP delta=-536, precision delta=0.0626, recall delta=-0.0934, cost delta=84; selected on validation.",,precision<0.45
taiwan,Best LightGBM,precision_constraint:N_precision_0_45_specificity_0_60,threshold=0.215,0.438037430450177,0.6525998492840994,0.7622512304729296,0.5242130750605327,0.7779753690935001,0.5552375587431584,0.1356135837556778,0.0084868821264251,3562,1111,461,866,3416.0,True,False,,171.0,,False,False,Basic eligible binary policy; usable if its FP/review burden is acceptable.,precision_constrained_test_results_taiwan.csv,"balanced FP reduction with tolerable recall loss; FP delta=-536, precision delta=0.0626, recall delta=-0.0934, cost delta=84; selected on validation.",,precision<0.45
taiwan,CatBoost::catboost_class_weight_pos_3,imbalance_training:isotonic:precision_0_40,threshold=0.205,0.4165890027958993,0.6737000753579503,0.7320778942863257,0.5148286783760437,0.7815685387250042,0.5420605708428373,0.1347625363747242,0.0127471865168781,3421,1252,433,894,3417.0,True,False,,172.0,,False,False,Basic eligible binary policy; usable if its FP/review burden is acceptable.,imbalance_training_variants_taiwan.csv,custom class_weights positive_weight=3; Calibration improves validation Brier and ECE.; More balanced than baseline CatBoost: precision improves and FP drops with tolerable recall loss.,,precision<0.45
taiwan,CatBoost::catboost_class_weight_pos_3,imbalance_training:isotonic:specificity_0_65,threshold=0.205,0.4165890027958993,0.6737000753579503,0.7320778942863257,0.5148286783760437,0.7815685387250042,0.5420605708428373,0.1347625363747242,0.0127471865168781,3421,1252,433,894,3417.0,True,False,,173.0,,False,False,Basic eligible binary policy; usable if its FP/review burden is acceptable.,imbalance_training_variants_taiwan.csv,custom class_weights positive_weight=3; Calibration improves validation Brier and ECE.; More balanced than baseline CatBoost: precision improves and FP drops with tolerable recall loss.,,precision<0.45
taiwan,CatBoost::catboost_class_weight_pos_5,imbalance_training:sigmoid:precision_0_40,threshold=0.200,0.4163949697251979,0.6737000753579503,0.7318638989942221,0.5146804835924008,0.7821351343985579,0.5616887814117245,0.1348228116396817,0.0119271204764018,3420,1253,433,894,3418.0,True,False,,174.0,,False,False,Basic eligible binary policy; usable if its FP/review burden is acceptable.,imbalance_training_variants_taiwan.csv,custom class_weights positive_weight=5; Calibration improves validation Brier and ECE.; More balanced than baseline CatBoost: precision improves and FP drops with tolerable recall loss.,,precision<0.45
taiwan,CatBoost::catboost_class_weight_pos_5,imbalance_training:sigmoid:specificity_0_65,threshold=0.200,0.4163949697251979,0.6737000753579503,0.7318638989942221,0.5146804835924008,0.7821351343985579,0.5616887814117245,0.1348228116396817,0.0119271204764018,3420,1253,433,894,3418.0,True,False,,175.0,,False,False,Basic eligible binary policy; usable if its FP/review burden is acceptable.,imbalance_training_variants_taiwan.csv,custom class_weights positive_weight=5; Calibration improves validation Brier and ECE.; More balanced than baseline CatBoost: precision improves and FP drops with tolerable recall loss.,,precision<0.45
taiwan,CatBoost::catboost_class_weight_pos_5,imbalance_training:uncalibrated:precision_0_40,threshold=0.530,0.4163949697251979,0.6737000753579503,0.7318638989942221,0.5146804835924008,0.7821351343985579,0.5616887814117245,0.2090304415462086,0.2580610699290762,3420,1253,433,894,3418.0,True,False,,176.0,,False,False,Basic eligible binary policy; usable if its FP/review burden is acceptable.,imbalance_training_variants_taiwan.csv,custom class_weights positive_weight=5; Reference uncalibrated probability.; More balanced than baseline CatBoost: precision improves and FP drops with tolerable recall loss.,,precision<0.45
taiwan,CatBoost::catboost_class_weight_pos_5,imbalance_training:uncalibrated:specificity_0_65,threshold=0.530,0.4163949697251979,0.6737000753579503,0.7318638989942221,0.5146804835924008,0.7821351343985579,0.5616887814117245,0.2090304415462086,0.2580610699290762,3420,1253,433,894,3418.0,True,False,,177.0,,False,False,Basic eligible binary policy; usable if its FP/review burden is acceptable.,imbalance_training_variants_taiwan.csv,custom class_weights positive_weight=5; Reference uncalibrated probability.; More balanced than baseline CatBoost: precision improves and FP drops with tolerable recall loss.,,precision<0.45
taiwan,CatBoost::catboost_auto_balanced,imbalance_training:sigmoid:precision_0_45,threshold=0.215,0.4375316135558927,0.651846269781462,0.762037235180826,0.5236077481840195,0.782774459444183,0.5611587350156215,0.1345636802475142,0.0129127230415544,3561,1112,462,865,3422.0,True,False,,178.0,,False,False,Basic eligible binary policy; usable if its FP/review burden is acceptable.,imbalance_training_variants_taiwan.csv,auto_class_weights='Balanced'; Calibration improves validation Brier and ECE.; More balanced than baseline CatBoost: precision improves and FP drops with tolerable recall loss.,,precision<0.45
taiwan,LightGBM::lightgbm_is_unbalance,imbalance_training:uncalibrated:precision_0_45,threshold=0.450,0.4434108527131783,0.6465712132629993,0.7695270704044511,0.5260576333537706,0.7756255330732384,0.5524902637772384,0.1657363850233998,0.144475037331712,3596,1077,469,858,3422.0,True,False,,179.0,,False,False,Basic eligible binary policy; usable if its FP/review burden is acceptable.,imbalance_training_variants_taiwan.csv,is_unbalance=True; Reference uncalibrated probability.; More balanced than baseline CatBoost: precision improves and FP drops with tolerable recall loss.,,precision<0.45
taiwan,CatBoost::catboost_auto_balanced,imbalance_training:uncalibrated:precision_0_45,threshold=0.470,0.4373104145601618,0.651846269781462,0.7618232398887225,0.5234493192133132,0.782774459444183,0.5611587350156215,0.1776400242221756,0.1943753049275288,3560,1113,462,865,3423.0,True,False,,180.0,,False,False,Basic eligible binary policy; usable if its FP/review burden is acceptable.,imbalance_training_variants_taiwan.csv,auto_class_weights='Balanced'; Reference uncalibrated probability.; More balanced than baseline CatBoost: precision improves and FP drops with tolerable recall loss.,,precision<0.45
taiwan,LightGBM::lightgbm_scale_pos_weight_2,imbalance_training:uncalibrated:precision_0_45,threshold=0.335,0.4431818181818182,0.6465712132629993,0.7693130751123475,0.5258964143426296,0.7791419417710264,0.5537490189711668,0.1447929345054303,0.0745844215299317,3595,1078,469,858,3423.0,True,False,,181.0,,False,False,Basic eligible binary policy; usable if its FP/review burden is acceptable.,imbalance_training_variants_taiwan.csv,scale_pos_weight=2; Reference uncalibrated probability.; More balanced than baseline CatBoost: precision improves and FP drops with tolerable recall loss.,,precision<0.45
taiwan,XGBoost::xgboost_scale_pos_weight_4,imbalance_training:isotonic:precision_0_45,threshold=0.280,0.4938875305623472,0.6088922381311228,0.822811898138241,0.5453931825852177,0.7806366029352027,0.5406605401577071,0.1346338996653695,0.0113003942740538,3845,828,519,808,3423.0,True,True,,182.0,57.0,False,False,"Strict eligible; usable candidate, but not the lowest-cost ranked winner.",imbalance_training_variants_taiwan.csv,scale_pos_weight=4; Calibration improves validation Brier and ECE.; More balanced than baseline CatBoost: precision improves and FP drops with tolerable recall loss.,,
taiwan,XGBoost::xgboost_scale_pos_weight_4,imbalance_training:uncalibrated:default_0_50,threshold=0.500,0.4378488077118214,0.6503391107761869,0.7628932163492403,0.5233474833232261,0.7819599227294769,0.5630047228945264,0.1843173179968907,0.206805329015168,3565,1108,464,863,3428.0,True,False,,183.0,,False,False,Basic eligible binary policy; usable if its FP/review burden is acceptable.,imbalance_training_variants_taiwan.csv,scale_pos_weight=4; Reference uncalibrated probability.; More balanced than baseline CatBoost: precision improves and FP drops with tolerable recall loss.,,precision<0.45
taiwan,XGBoost::xgboost_scale_pos_weight_4,imbalance_training:uncalibrated:precision_0_45,threshold=0.500,0.4378488077118214,0.6503391107761869,0.7628932163492403,0.5233474833232261,0.7819599227294769,0.5630047228945264,0.1843173179968907,0.206805329015168,3565,1108,464,863,3428.0,True,False,,184.0,,False,False,Basic eligible binary policy; usable if its FP/review burden is acceptable.,imbalance_training_variants_taiwan.csv,scale_pos_weight=4; Reference uncalibrated probability.; More balanced than baseline CatBoost: precision improves and FP drops with tolerable recall loss.,,precision<0.45
taiwan,LightGBM::lightgbm_scale_pos_weight_3,imbalance_training:uncalibrated:precision_0_45,threshold=0.415,0.4420401854714065,0.6465712132629993,0.7682430986518297,0.5250917992656059,0.7767025244510182,0.5525147620351946,0.1584898115510419,0.123609596796006,3590,1083,469,858,3428.0,True,False,,185.0,,False,False,Basic eligible binary policy; usable if its FP/review burden is acceptable.,imbalance_training_variants_taiwan.csv,scale_pos_weight=3; Reference uncalibrated probability.; More balanced than baseline CatBoost: precision improves and FP drops with tolerable recall loss.,,precision<0.45
taiwan,XGBoost::xgboost_scale_pos_weight_2_5,imbalance_training:isotonic:precision_0_45,threshold=0.235,0.4345864661654135,0.653353428786737,0.7586133105071688,0.5219747140276941,0.7808549523138826,0.5434676948143063,0.1349077860763149,0.0106594290560496,3545,1128,460,867,3428.0,True,False,,186.0,,False,False,Basic eligible binary policy; usable if its FP/review burden is acceptable.,imbalance_training_variants_taiwan.csv,scale_pos_weight=2.5; Calibration improves validation Brier and ECE.; More balanced than baseline CatBoost: precision improves and FP drops with tolerable recall loss.,,precision<0.45
taiwan,LightGBM::lightgbm_scale_pos_weight_3,imbalance_training:sigmoid:precision_0_45,threshold=0.240,0.440965092402464,0.6473247927656368,0.7669591268992082,0.5245801526717557,0.7767025244510182,0.5525147620351946,0.1361103444682003,0.011563991211086,3584,1089,468,859,3429.0,True,False,,187.0,,False,False,Basic eligible binary policy; usable if its FP/review burden is acceptable.,imbalance_training_variants_taiwan.csv,scale_pos_weight=3; Calibration improves validation Brier and ECE.; More balanced than baseline CatBoost: precision improves and FP drops with tolerable recall loss.,,precision<0.45
taiwan,Old SCRE-Credit,precision_constraint:C_min_precision_0_45,threshold=0.250,0.5025157232704403,0.6021100226073851,0.8307297239460731,0.5478231059307508,0.78157176397432,0.5444404951784547,0.1344745846625019,0.016134514337013,3882,791,528,799,3431.0,True,True,,188.0,58.0,False,False,"Strict eligible; usable candidate, but not the lowest-cost ranked winner.",precision_constrained_test_results_taiwan.csv,"balanced FP reduction with tolerable recall loss; FP delta=-959, precision delta=0.1382, recall delta=-0.1537, cost delta=61; selected on validation.",,
taiwan,Old SCRE-Credit,precision_constraint:D_min_precision_0_50,threshold=0.250,0.5025157232704403,0.6021100226073851,0.8307297239460731,0.5478231059307508,0.78157176397432,0.5444404951784547,0.1344745846625019,0.016134514337013,3882,791,528,799,3431.0,True,True,,189.0,59.0,False,False,"Strict eligible; usable candidate, but not the lowest-cost ranked winner.",precision_constrained_test_results_taiwan.csv,"balanced FP reduction with tolerable recall loss; FP delta=-959, precision delta=0.1382, recall delta=-0.1537, cost delta=61; selected on validation.",,
taiwan,Old SCRE-Credit,precision_constraint:N_precision_0_45_specificity_0_60,threshold=0.250,0.5025157232704403,0.6021100226073851,0.8307297239460731,0.5478231059307508,0.78157176397432,0.5444404951784547,0.1344745846625019,0.016134514337013,3882,791,528,799,3431.0,True,True,,190.0,60.0,False,False,"Strict eligible; usable candidate, but not the lowest-cost ranked winner.",precision_constrained_test_results_taiwan.csv,"balanced FP reduction with tolerable recall loss; FP delta=-959, precision delta=0.1382, recall delta=-0.1537, cost delta=61; selected on validation.",,
taiwan,LightGBM::lightgbm_scale_pos_weight_3.5,imbalance_training:sigmoid:precision_0_45,threshold=0.255,0.4620918649695628,0.6292388847023361,0.7919965760753264,0.5328653477983408,0.7766913167096458,0.553542013148044,0.136213659451989,0.0113287244411339,3701,972,492,835,3432.0,True,True,,191.0,61.0,False,False,"Strict eligible; usable candidate, but not the lowest-cost ranked winner.",imbalance_training_variants_taiwan.csv,scale_pos_weight=3.5; Calibration improves validation Brier and ECE.; More balanced than baseline CatBoost: precision improves and FP drops with tolerable recall loss.,,
taiwan,XGBoost::xgboost_scale_pos_weight_4,imbalance_training:sigmoid:precision_0_45,threshold=0.225,0.4400614754098361,0.6473247927656368,0.766103145730794,0.5239402256785606,0.7819599227294769,0.5630047228945264,0.1345267816812368,0.0116168409466323,3580,1093,468,859,3433.0,True,False,,192.0,,False,False,Basic eligible binary policy; usable if its FP/review burden is acceptable.,imbalance_training_variants_taiwan.csv,scale_pos_weight=4; Calibration improves validation Brier and ECE.; More balanced than baseline CatBoost: precision improves and FP drops with tolerable recall loss.,,precision<0.45
taiwan,XGBoost::xgboost_scale_pos_weight_2_5,imbalance_training:uncalibrated:precision_0_45,threshold=0.390,0.4348919054801408,0.651846269781462,0.7594692916755832,0.5217129071170085,0.7825756228238638,0.5631724895846492,0.1551029687741119,0.1298231390331251,3549,1124,462,865,3434.0,True,False,,193.0,,False,False,Basic eligible binary policy; usable if its FP/review burden is acceptable.,imbalance_training_variants_taiwan.csv,scale_pos_weight=2.5; Reference uncalibrated probability.; More balanced than baseline CatBoost: precision improves and FP drops with tolerable recall loss.,,precision<0.45
taiwan,XGBoost::xgboost_scale_pos_weight_2_5,imbalance_training:sigmoid:precision_0_45,threshold=0.220,0.4350453172205438,0.6510926902788244,0.7598972822597903,0.521581648053124,0.7825756228238638,0.5631724895846492,0.1344336238320014,0.0095620674595354,3551,1122,463,864,3437.0,True,False,,194.0,,False,False,Basic eligible binary policy; usable if its FP/review burden is acceptable.,imbalance_training_variants_taiwan.csv,scale_pos_weight=2.5; Calibration improves validation Brier and ECE.; More balanced than baseline CatBoost: precision improves and FP drops with tolerable recall loss.,,precision<0.45
taiwan,LightGBM::lightgbm_scale_pos_weight_3.5,imbalance_training:uncalibrated:precision_0_45,threshold=0.470,0.4617940199335548,0.6284853051996986,0.7919965760753264,0.5323970635173955,0.7766913167096458,0.553542013148044,0.1654375767503664,0.1440997805714843,3701,972,493,834,3437.0,True,True,,195.0,62.0,False,False,"Strict eligible; usable candidate, but not the lowest-cost ranked winner.",imbalance_training_variants_taiwan.csv,scale_pos_weight=3.5; Reference uncalibrated probability.; More balanced than baseline CatBoost: precision improves and FP drops with tolerable recall loss.,,
taiwan,LightGBM::lightgbm_scale_pos_weight_4,imbalance_training:sigmoid:precision_0_45,threshold=0.245,0.4439812402292861,0.6420497362471741,0.7716670233254869,0.5249537892791127,0.7768512084444767,0.5570202713013589,0.1359954653687684,0.0123031401369611,3606,1067,475,852,3442.0,True,False,,196.0,,False,False,Basic eligible binary policy; usable if its FP/review burden is acceptable.,imbalance_training_variants_taiwan.csv,scale_pos_weight=4; Calibration improves validation Brier and ECE.; More balanced than baseline CatBoost: precision improves and FP drops with tolerable recall loss.,,precision<0.45
taiwan,LightGBM::lightgbm_is_unbalance,imbalance_training:sigmoid:precision_0_45,threshold=0.245,0.4452592980618124,0.640542577241899,0.7733789856623154,0.5253399258343634,0.7756255330732384,0.5524902637772384,0.136188927996911,0.0150444404006833,3614,1059,477,850,3444.0,True,False,,197.0,,False,False,Basic eligible binary policy; usable if its FP/review burden is acceptable.,imbalance_training_variants_taiwan.csv,is_unbalance=True; Calibration improves validation Brier and ECE.; More balanced than baseline CatBoost: precision improves and FP drops with tolerable recall loss.,,precision<0.45
taiwan,LightGBM::lightgbm_scale_pos_weight_4,imbalance_training:uncalibrated:precision_0_45,threshold=0.480,0.4430577223088923,0.6420497362471741,0.7708110421570725,0.5243076923076923,0.7768512084444767,0.5570202713013589,0.1720953041212135,0.1614482847480534,3602,1071,475,852,3446.0,True,False,,198.0,,False,False,Basic eligible binary policy; usable if its FP/review burden is acceptable.,imbalance_training_variants_taiwan.csv,scale_pos_weight=4; Reference uncalibrated probability.; More balanced than baseline CatBoost: precision improves and FP drops with tolerable recall loss.,,precision<0.45
taiwan,Best XGBoost,precision_constraint:D_min_precision_0_50,threshold=0.240,0.4962779156327543,0.6028636021100227,0.8262358228118981,0.5444028581150051,0.7826485134584009,0.5624784540120215,0.1343163230559995,0.0095047983326949,3861,812,527,800,3447.0,True,True,,199.0,63.0,False,False,"Strict eligible; usable candidate, but not the lowest-cost ranked winner.",precision_constrained_test_results_taiwan.csv,"precision/FP improves but recall loss is material; FP delta=-1386, precision delta=0.1607, recall delta=-0.2336, cost delta=164; selected on validation.",,
taiwan,CatBoost::catboost_auto_balanced,imbalance_training:uncalibrated:default_0_50,threshold=0.500,0.4629113218070273,0.6254709871891485,0.7939225337042585,0.532051282051282,0.782774459444183,0.5611587350156215,0.1776400242221756,0.1943753049275288,3710,963,497,830,3448.0,True,True,,200.0,64.0,False,False,"Strict eligible; usable candidate, but not the lowest-cost ranked winner.",imbalance_training_variants_taiwan.csv,auto_class_weights='Balanced'; Reference uncalibrated probability.; More balanced than baseline CatBoost: precision improves and FP drops with tolerable recall loss.,,
taiwan,CatBoost::catboost_class_weight_pos_5,imbalance_training:sigmoid:precision_0_45,threshold=0.220,0.4410548086866597,0.6428033157498116,0.7686710892360368,0.5231524072370438,0.7821351343985579,0.5616887814117245,0.1348228116396817,0.0119271204764018,3592,1081,474,853,3451.0,True,False,,201.0,,False,False,Basic eligible binary policy; usable if its FP/review burden is acceptable.,imbalance_training_variants_taiwan.csv,custom class_weights positive_weight=5; Calibration improves validation Brier and ECE.; More balanced than baseline CatBoost: precision improves and FP drops with tolerable recall loss.,,precision<0.45
taiwan,LightGBM::lightgbm_scale_pos_weight_2,imbalance_training:sigmoid:precision_0_45,threshold=0.245,0.4489361702127659,0.6360211002260738,0.7783008773806976,0.5263486124103524,0.7791419417710264,0.5537490189711668,0.135825431990535,0.0095527013664718,3637,1036,483,844,3451.0,True,False,,202.0,,False,False,Basic eligible binary policy; usable if its FP/review burden is acceptable.,imbalance_training_variants_taiwan.csv,scale_pos_weight=2; Calibration improves validation Brier and ECE.; More balanced than baseline CatBoost: precision improves and FP drops with tolerable recall loss.,,precision<0.45
taiwan,LightGBM::lightgbm_scale_pos_weight_2.5,imbalance_training:uncalibrated:precision_0_45,threshold=0.385,0.4462592202318229,0.6382818387339865,0.775090947999144,0.5252713178294575,0.7767228435217078,0.5520374225312856,0.151482967934668,0.1004888056528262,3622,1051,480,847,3451.0,True,False,,203.0,,False,False,Basic eligible binary policy; usable if its FP/review burden is acceptable.,imbalance_training_variants_taiwan.csv,scale_pos_weight=2.5; Reference uncalibrated probability.; More balanced than baseline CatBoost: precision improves and FP drops with tolerable recall loss.,,precision<0.45
taiwan,XGBoost::xgboost_scale_pos_weight_3,imbalance_training:uncalibrated:default_0_50,threshold=0.500,0.4968827930174563,0.60060286360211,0.827305799272416,0.5438416922552031,0.7814425121079891,0.562521540304657,0.164784230363409,0.1585271937300761,3866,807,530,797,3457.0,True,True,,204.0,66.0,False,False,"Strict eligible; usable candidate, but not the lowest-cost ranked winner.",imbalance_training_variants_taiwan.csv,scale_pos_weight=3; Reference uncalibrated probability.; More balanced than baseline CatBoost: precision improves and FP drops with tolerable recall loss.,,
taiwan,CatBoost::catboost_class_weight_pos_5,imbalance_training:uncalibrated:precision_0_45,threshold=0.565,0.4441531200839014,0.6382818387339865,0.7731649903702118,0.5238095238095238,0.7821351343985579,0.5616887814117245,0.2090304415462086,0.2580610699290762,3613,1060,480,847,3460.0,True,False,,205.0,,False,False,Basic eligible binary policy; usable if its FP/review burden is acceptable.,imbalance_training_variants_taiwan.csv,custom class_weights positive_weight=5; Reference uncalibrated probability.; More balanced than baseline CatBoost: precision improves and FP drops with tolerable recall loss.,,precision<0.45
taiwan,LightGBM::lightgbm_scale_pos_weight_2.5,imbalance_training:sigmoid:precision_0_45,threshold=0.245,0.447452229299363,0.6352675207234363,0.7772309009201798,0.5250700716287761,0.7767228435217078,0.5520374225312856,0.1360883276301708,0.0111950181480029,3632,1041,484,843,3461.0,True,False,,206.0,,False,False,Basic eligible binary policy; usable if its FP/review burden is acceptable.,imbalance_training_variants_taiwan.csv,scale_pos_weight=2.5; Calibration improves validation Brier and ECE.; More balanced than baseline CatBoost: precision improves and FP drops with tolerable recall loss.,,precision<0.45
taiwan,Best Scorecard,precision_constraint:B_min_precision_0_40,threshold=0.170,0.4016903914590747,0.680482290881688,0.7121763321206933,0.5051748251748251,0.772310218670291,0.5428529752936853,0.1369802354742906,0.013838796992413,3328,1345,424,903,3465.0,True,False,,207.0,,False,False,Basic eligible binary policy; usable if its FP/review burden is acceptable.,precision_constrained_test_results_taiwan.csv,"balanced FP reduction with tolerable recall loss; FP delta=-335, precision delta=0.0323, recall delta=-0.0610, cost delta=70; selected on validation.",,precision<0.45
taiwan,Best Scorecard,precision_constraint:G_min_specificity_0_70,threshold=0.170,0.4016903914590747,0.680482290881688,0.7121763321206933,0.5051748251748251,0.772310218670291,0.5428529752936853,0.1369802354742906,0.013838796992413,3328,1345,424,903,3465.0,True,False,,208.0,,False,False,Basic eligible binary policy; usable if its FP/review burden is acceptable.,precision_constrained_test_results_taiwan.csv,"balanced FP reduction with tolerable recall loss; FP delta=-335, precision delta=0.0323, recall delta=-0.0610, cost delta=70; selected on validation.",,precision<0.45
taiwan,Best Scorecard,precision_constraint:K_precision_0_40_recall_0_65,threshold=0.170,0.4016903914590747,0.680482290881688,0.7121763321206933,0.5051748251748251,0.772310218670291,0.5428529752936853,0.1369802354742906,0.013838796992413,3328,1345,424,903,3465.0,True,False,,209.0,,False,False,Basic eligible binary policy; usable if its FP/review burden is acceptable.,precision_constrained_test_results_taiwan.csv,"balanced FP reduction with tolerable recall loss; FP delta=-335, precision delta=0.0323, recall delta=-0.0610, cost delta=70; selected on validation.",,precision<0.45
taiwan,Best Scorecard,precision_constraint:M_precision_0_40_specificity_0_60,threshold=0.170,0.4016903914590747,0.680482290881688,0.7121763321206933,0.5051748251748251,0.772310218670291,0.5428529752936853,0.1369802354742906,0.013838796992413,3328,1345,424,903,3465.0,True,False,,210.0,,False,False,Basic eligible binary policy; usable if its FP/review burden is acceptable.,precision_constrained_test_results_taiwan.csv,"balanced FP reduction with tolerable recall loss; FP delta=-335, precision delta=0.0323, recall delta=-0.0610, cost delta=70; selected on validation.",,precision<0.45
taiwan,LightGBM::lightgbm_scale_pos_weight_4,imbalance_training:uncalibrated:default_0_50,threshold=0.500,0.4588431590656285,0.6217030896759608,0.7917825807832227,0.5279999999999999,0.7768512084444767,0.5570202713013589,0.1720953041212135,0.1614482847480534,3700,973,502,825,3483.0,True,True,,211.0,70.0,False,False,"Strict eligible; usable candidate, but not the lowest-cost ranked winner.",imbalance_training_variants_taiwan.csv,scale_pos_weight=4; Reference uncalibrated probability.; More balanced than baseline CatBoost: precision improves and FP drops with tolerable recall loss.,,
taiwan,Best Scorecard,precision_constraint:C_min_precision_0_45,threshold=0.220,0.4422459893048128,0.6232102486812359,0.7768029103359726,0.5173600250234595,0.772310218670291,0.5428529752936853,0.1369802354742906,0.013838796992413,3630,1043,500,827,3543.0,True,False,,212.0,,False,False,Basic eligible binary policy; usable if its FP/review burden is acceptable.,precision_constrained_test_results_taiwan.csv,"balanced FP reduction with tolerable recall loss; FP delta=-637, precision delta=0.0729, recall delta=-0.1183, cost delta=148; selected on validation.",,precision<0.45
taiwan,Best Scorecard,precision_constraint:L_precision_0_45_recall_0_60,threshold=0.220,0.4422459893048128,0.6232102486812359,0.7768029103359726,0.5173600250234595,0.772310218670291,0.5428529752936853,0.1369802354742906,0.013838796992413,3630,1043,500,827,3543.0,True,False,,213.0,,False,False,Basic eligible binary policy; usable if its FP/review burden is acceptable.,precision_constrained_test_results_taiwan.csv,"balanced FP reduction with tolerable recall loss; FP delta=-637, precision delta=0.0729, recall delta=-0.1183, cost delta=148; selected on validation.",,precision<0.45
taiwan,Best Scorecard,precision_constraint:N_precision_0_45_specificity_0_60,threshold=0.220,0.4422459893048128,0.6232102486812359,0.7768029103359726,0.5173600250234595,0.772310218670291,0.5428529752936853,0.1369802354742906,0.013838796992413,3630,1043,500,827,3543.0,True,False,,214.0,,False,False,Basic eligible binary policy; usable if its FP/review burden is acceptable.,precision_constrained_test_results_taiwan.csv,"balanced FP reduction with tolerable recall loss; FP delta=-637, precision delta=0.0729, recall delta=-0.1183, cost delta=148; selected on validation.",,precision<0.45
taiwan,Old SCRE-Credit,cost_matrix:FN10_FP3,threshold=0.250,0.5025157232704403,0.6021100226073851,0.8307297239460731,0.5478231059307509,0.78157176397432,0.5444404951784547,0.1344745846625019,0.016134514337013,3882,791,528,799,7653.0,True,True,,215.0,80.0,False,False,"Strict eligible; usable candidate, but not the lowest-cost ranked winner.",cost_matrix_sensitivity_taiwan.csv,Higher FP cost pushes threshold upward; precision/specificity improve at the cost of recall.,,
taiwan,Best XGBoost,cost_matrix:FN10_FP3,threshold=0.210,0.4633749321758003,0.6435568952524491,0.7883586561095656,0.538801261829653,0.7826485134584009,0.5624784540120215,0.1343163230559995,0.0095047983326949,3684,989,473,854,7697.0,True,True,,216.0,82.0,False,False,"Strict eligible; usable candidate, but not the lowest-cost ranked winner.",cost_matrix_sensitivity_taiwan.csv,Higher FP cost pushes threshold upward; precision/specificity improve at the cost of recall.,,
taiwan,SCRE-Pareto,cost_matrix:FN10_FP3,threshold=0.210,0.4513925380977404,0.6473247927656368,0.7765889150438691,0.531888544891641,0.7838847515211484,0.5661401114278397,0.1340166575484842,0.0112687581693097,3629,1044,468,859,7812.0,True,True,,217.0,83.0,False,False,"Strict eligible; usable candidate, but not the lowest-cost ranked winner.",cost_matrix_sensitivity_taiwan.csv,Higher FP cost pushes threshold upward; precision/specificity improve at the cost of recall.,,
taiwan,SCRE-Optimized,cost_matrix:FN10_FP3,threshold=0.210,0.4488517745302714,0.6480783722682742,0.7740209715386261,0.530373111316682,0.7846896124879075,0.5669357617133086,0.1337668360698752,0.0106719812128829,3617,1056,467,860,7838.0,True,False,,218.0,,False,False,Basic eligible binary policy; usable if its FP/review burden is acceptable.,cost_matrix_sensitivity_taiwan.csv,Higher FP cost pushes threshold upward; precision/specificity improve at the cost of recall.,,precision<0.45
taiwan,Best LightGBM,cost_matrix:FN10_FP3,threshold=0.215,0.438037430450177,0.6525998492840994,0.7622512304729296,0.5242130750605326,0.7779753690935001,0.5552375587431584,0.1356135837556778,0.0084868821264251,3562,1111,461,866,7943.0,True,False,,219.0,,False,False,Basic eligible binary policy; usable if its FP/review burden is acceptable.,cost_matrix_sensitivity_taiwan.csv,Higher FP cost pushes threshold upward; precision/specificity improve at the cost of recall.,,precision<0.45
taiwan,Best Scorecard,cost_matrix:FN10_FP3,threshold=0.210,0.434224049331963,0.6367746797287114,0.7643911833939653,0.5163458600672166,0.772310218670291,0.5428529752936853,0.1369802354742906,0.013838796992413,3572,1101,482,845,8123.0,True,False,,220.0,,False,False,Basic eligible binary policy; usable if its FP/review burden is acceptable.,cost_matrix_sensitivity_taiwan.csv,Higher FP cost pushes threshold upward; precision/specificity improve at the cost of recall.,,precision<0.45
taiwan,SCRE-Optimized,manual_review_band:D_high_risk_precision_0_40,t_low=0.03; t_high=0.80,0.925925925925926,0.0188394875659382,0.9995720094157928,0.036927621861152136,0.7846896124879075,0.5669357617133086,0.1337668360698752,0.0106719812128829,4671,2,1302,25,7.0,False,False,recall<0.6,,,False,False,Not eligible: recall is too low for screening/default capture.,manual_review_band_optimized_taiwan.csv,"Three-way policy; expected_cost is remaining auto-decision cost. manual_review_rate=0.9863; low_risk_default_rate=0.0182. Precision and FP improve, but manual-review workload needs operational review.",recall<0.6,recall<0.55
taiwan,SCRE-Optimized,manual_review_band:E_high_risk_precision_0_45,t_low=0.03; t_high=0.80,0.925925925925926,0.0188394875659382,0.9995720094157928,0.036927621861152136,0.7846896124879075,0.5669357617133086,0.1337668360698752,0.0106719812128829,4671,2,1302,25,7.0,False,False,recall<0.6,,,False,False,Not eligible: recall is too low for screening/default capture.,manual_review_band_optimized_taiwan.csv,"Three-way policy; expected_cost is remaining auto-decision cost. manual_review_rate=0.9863; low_risk_default_rate=0.0182. Precision and FP improve, but manual-review workload needs operational review.",recall<0.6,recall<0.55
taiwan,SCRE-Optimized,manual_review_band:F_high_risk_precision_0_50,t_low=0.03; t_high=0.80,0.925925925925926,0.0188394875659382,0.9995720094157928,0.036927621861152136,0.7846896124879075,0.5669357617133086,0.1337668360698752,0.0106719812128829,4671,2,1302,25,7.0,False,False,recall<0.6,,,False,False,Not eligible: recall is too low for screening/default capture.,manual_review_band_optimized_taiwan.csv,"Three-way policy; expected_cost is remaining auto-decision cost. manual_review_rate=0.9863; low_risk_default_rate=0.0182. Precision and FP improve, but manual-review workload needs operational review.",recall<0.6,recall<0.55
taiwan,SCRE-Optimized,manual_review_band:G_low_risk_default_rate_0_10,t_low=0.03; t_high=0.80,0.925925925925926,0.0188394875659382,0.9995720094157928,0.036927621861152136,0.7846896124879075,0.5669357617133086,0.1337668360698752,0.0106719812128829,4671,2,1302,25,7.0,False,False,recall<0.6,,,False,False,Not eligible: recall is too low for screening/default capture.,manual_review_band_optimized_taiwan.csv,"Three-way policy; expected_cost is remaining auto-decision cost. manual_review_rate=0.9863; low_risk_default_rate=0.0182. Precision and FP improve, but manual-review workload needs operational review.",recall<0.6,recall<0.55
taiwan,SCRE-Optimized,manual_review_band:H_low_risk_default_rate_0_08,t_low=0.03; t_high=0.80,0.925925925925926,0.0188394875659382,0.9995720094157928,0.036927621861152136,0.7846896124879075,0.5669357617133086,0.1337668360698752,0.0106719812128829,4671,2,1302,25,7.0,False,False,recall<0.6,,,False,False,Not eligible: recall is too low for screening/default capture.,manual_review_band_optimized_taiwan.csv,"Three-way policy; expected_cost is remaining auto-decision cost. manual_review_rate=0.9863; low_risk_default_rate=0.0182. Precision and FP improve, but manual-review workload needs operational review.",recall<0.6,recall<0.55
taiwan,SCRE-Optimized,manual_review_band:M_precision_0_45_low_default_0_10,t_low=0.03; t_high=0.80,0.925925925925926,0.0188394875659382,0.9995720094157928,0.036927621861152136,0.7846896124879075,0.5669357617133086,0.1337668360698752,0.0106719812128829,4671,2,1302,25,7.0,False,False,recall<0.6,,,False,False,Not eligible: recall is too low for screening/default capture.,manual_review_band_optimized_taiwan.csv,"Three-way policy; expected_cost is remaining auto-decision cost. manual_review_rate=0.9863; low_risk_default_rate=0.0182. Precision and FP improve, but manual-review workload needs operational review.",recall<0.6,recall<0.55
taiwan,SCRE-Pareto,manual_review_band:D_high_risk_precision_0_40,t_low=0.03; t_high=0.80,0.9230769230769232,0.0180859080633006,0.9995720094157928,0.03547671840354752,0.7838847515211484,0.5661401114278397,0.1340166575484842,0.0112687581693097,4671,2,1303,24,7.0,False,False,recall<0.6,,,False,False,Not eligible: recall is too low for screening/default capture.,manual_review_band_optimized_taiwan.csv,"Three-way policy; expected_cost is remaining auto-decision cost. manual_review_rate=0.9912; low_risk_default_rate=0.0370. Precision and FP improve, but manual-review workload needs operational review.",recall<0.6,recall<0.55
taiwan,SCRE-Pareto,manual_review_band:E_high_risk_precision_0_45,t_low=0.03; t_high=0.80,0.9230769230769232,0.0180859080633006,0.9995720094157928,0.03547671840354752,0.7838847515211484,0.5661401114278397,0.1340166575484842,0.0112687581693097,4671,2,1303,24,7.0,False,False,recall<0.6,,,False,False,Not eligible: recall is too low for screening/default capture.,manual_review_band_optimized_taiwan.csv,"Three-way policy; expected_cost is remaining auto-decision cost. manual_review_rate=0.9912; low_risk_default_rate=0.0370. Precision and FP improve, but manual-review workload needs operational review.",recall<0.6,recall<0.55
taiwan,SCRE-Pareto,manual_review_band:F_high_risk_precision_0_50,t_low=0.03; t_high=0.80,0.9230769230769232,0.0180859080633006,0.9995720094157928,0.03547671840354752,0.7838847515211484,0.5661401114278397,0.1340166575484842,0.0112687581693097,4671,2,1303,24,7.0,False,False,recall<0.6,,,False,False,Not eligible: recall is too low for screening/default capture.,manual_review_band_optimized_taiwan.csv,"Three-way policy; expected_cost is remaining auto-decision cost. manual_review_rate=0.9912; low_risk_default_rate=0.0370. Precision and FP improve, but manual-review workload needs operational review.",recall<0.6,recall<0.55
taiwan,SCRE-Pareto,manual_review_band:G_low_risk_default_rate_0_10,t_low=0.03; t_high=0.80,0.9230769230769232,0.0180859080633006,0.9995720094157928,0.03547671840354752,0.7838847515211484,0.5661401114278397,0.1340166575484842,0.0112687581693097,4671,2,1303,24,7.0,False,False,recall<0.6,,,False,False,Not eligible: recall is too low for screening/default capture.,manual_review_band_optimized_taiwan.csv,"Three-way policy; expected_cost is remaining auto-decision cost. manual_review_rate=0.9912; low_risk_default_rate=0.0370. Precision and FP improve, but manual-review workload needs operational review.",recall<0.6,recall<0.55
taiwan,SCRE-Pareto,manual_review_band:H_low_risk_default_rate_0_08,t_low=0.03; t_high=0.80,0.9230769230769232,0.0180859080633006,0.9995720094157928,0.03547671840354752,0.7838847515211484,0.5661401114278397,0.1340166575484842,0.0112687581693097,4671,2,1303,24,7.0,False,False,recall<0.6,,,False,False,Not eligible: recall is too low for screening/default capture.,manual_review_band_optimized_taiwan.csv,"Three-way policy; expected_cost is remaining auto-decision cost. manual_review_rate=0.9912; low_risk_default_rate=0.0370. Precision and FP improve, but manual-review workload needs operational review.",recall<0.6,recall<0.55
taiwan,SCRE-Pareto,manual_review_band:M_precision_0_45_low_default_0_10,t_low=0.03; t_high=0.80,0.9230769230769232,0.0180859080633006,0.9995720094157928,0.03547671840354752,0.7838847515211484,0.5661401114278397,0.1340166575484842,0.0112687581693097,4671,2,1303,24,7.0,False,False,recall<0.6,,,False,False,Not eligible: recall is too low for screening/default capture.,manual_review_band_optimized_taiwan.csv,"Three-way policy; expected_cost is remaining auto-decision cost. manual_review_rate=0.9912; low_risk_default_rate=0.0370. Precision and FP improve, but manual-review workload needs operational review.",recall<0.6,recall<0.55
taiwan,Best CatBoost,manual_review_band:D_high_risk_precision_0_40,t_low=0.03; t_high=0.80,0.8571428571428571,0.0180859080633006,0.9991440188315857,0.03542435424354228,0.7853434511554537,0.5639167825429635,0.133690712785661,0.0077638887959482,4669,4,1303,24,9.0,False,False,recall<0.6,,,False,False,Not eligible: recall is too low for screening/default capture.,manual_review_band_optimized_taiwan.csv,"Three-way policy; expected_cost is remaining auto-decision cost. manual_review_rate=0.9793; low_risk_default_rate=0.0104. Precision and FP improve, but manual-review workload needs operational review.",recall<0.6,recall<0.55
taiwan,Best CatBoost,manual_review_band:E_high_risk_precision_0_45,t_low=0.03; t_high=0.80,0.8571428571428571,0.0180859080633006,0.9991440188315857,0.03542435424354228,0.7853434511554537,0.5639167825429635,0.133690712785661,0.0077638887959482,4669,4,1303,24,9.0,False,False,recall<0.6,,,False,False,Not eligible: recall is too low for screening/default capture.,manual_review_band_optimized_taiwan.csv,"Three-way policy; expected_cost is remaining auto-decision cost. manual_review_rate=0.9793; low_risk_default_rate=0.0104. Precision and FP improve, but manual-review workload needs operational review.",recall<0.6,recall<0.55
taiwan,Best CatBoost,manual_review_band:F_high_risk_precision_0_50,t_low=0.03; t_high=0.80,0.8571428571428571,0.0180859080633006,0.9991440188315857,0.03542435424354228,0.7853434511554537,0.5639167825429635,0.133690712785661,0.0077638887959482,4669,4,1303,24,9.0,False,False,recall<0.6,,,False,False,Not eligible: recall is too low for screening/default capture.,manual_review_band_optimized_taiwan.csv,"Three-way policy; expected_cost is remaining auto-decision cost. manual_review_rate=0.9793; low_risk_default_rate=0.0104. Precision and FP improve, but manual-review workload needs operational review.",recall<0.6,recall<0.55
taiwan,Best CatBoost,manual_review_band:G_low_risk_default_rate_0_10,t_low=0.03; t_high=0.80,0.8571428571428571,0.0180859080633006,0.9991440188315857,0.03542435424354228,0.7853434511554537,0.5639167825429635,0.133690712785661,0.0077638887959482,4669,4,1303,24,9.0,False,False,recall<0.6,,,False,False,Not eligible: recall is too low for screening/default capture.,manual_review_band_optimized_taiwan.csv,"Three-way policy; expected_cost is remaining auto-decision cost. manual_review_rate=0.9793; low_risk_default_rate=0.0104. Precision and FP improve, but manual-review workload needs operational review.",recall<0.6,recall<0.55
taiwan,Best CatBoost,manual_review_band:H_low_risk_default_rate_0_08,t_low=0.03; t_high=0.80,0.8571428571428571,0.0180859080633006,0.9991440188315857,0.03542435424354228,0.7853434511554537,0.5639167825429635,0.133690712785661,0.0077638887959482,4669,4,1303,24,9.0,False,False,recall<0.6,,,False,False,Not eligible: recall is too low for screening/default capture.,manual_review_band_optimized_taiwan.csv,"Three-way policy; expected_cost is remaining auto-decision cost. manual_review_rate=0.9793; low_risk_default_rate=0.0104. Precision and FP improve, but manual-review workload needs operational review.",recall<0.6,recall<0.55
taiwan,Best CatBoost,manual_review_band:M_precision_0_45_low_default_0_10,t_low=0.03; t_high=0.80,0.8571428571428571,0.0180859080633006,0.9991440188315857,0.03542435424354228,0.7853434511554537,0.5639167825429635,0.133690712785661,0.0077638887959482,4669,4,1303,24,9.0,False,False,recall<0.6,,,False,False,Not eligible: recall is too low for screening/default capture.,manual_review_band_optimized_taiwan.csv,"Three-way policy; expected_cost is remaining auto-decision cost. manual_review_rate=0.9793; low_risk_default_rate=0.0104. Precision and FP improve, but manual-review workload needs operational review.",recall<0.6,recall<0.55
taiwan,Best Scorecard,manual_review_band:D_high_risk_precision_0_40,t_low=0.03; t_high=0.80,0.8857142857142857,0.0233609645817633,0.9991440188315857,0.045521292217327314,0.772310218670291,0.5428529752936853,0.1369802354742906,0.013838796992413,4669,4,1296,31,14.0,False,False,recall<0.6,,,False,False,Not eligible: recall is too low for screening/default capture.,manual_review_band_optimized_taiwan.csv,"Three-way policy; expected_cost is remaining auto-decision cost. manual_review_rate=0.9823; low_risk_default_rate=0.0282. Precision and FP improve, but manual-review workload needs operational review.",recall<0.6,recall<0.55
taiwan,Best Scorecard,manual_review_band:E_high_risk_precision_0_45,t_low=0.03; t_high=0.80,0.8857142857142857,0.0233609645817633,0.9991440188315857,0.045521292217327314,0.772310218670291,0.5428529752936853,0.1369802354742906,0.013838796992413,4669,4,1296,31,14.0,False,False,recall<0.6,,,False,False,Not eligible: recall is too low for screening/default capture.,manual_review_band_optimized_taiwan.csv,"Three-way policy; expected_cost is remaining auto-decision cost. manual_review_rate=0.9823; low_risk_default_rate=0.0282. Precision and FP improve, but manual-review workload needs operational review.",recall<0.6,recall<0.55
taiwan,Best Scorecard,manual_review_band:F_high_risk_precision_0_50,t_low=0.03; t_high=0.80,0.8857142857142857,0.0233609645817633,0.9991440188315857,0.045521292217327314,0.772310218670291,0.5428529752936853,0.1369802354742906,0.013838796992413,4669,4,1296,31,14.0,False,False,recall<0.6,,,False,False,Not eligible: recall is too low for screening/default capture.,manual_review_band_optimized_taiwan.csv,"Three-way policy; expected_cost is remaining auto-decision cost. manual_review_rate=0.9823; low_risk_default_rate=0.0282. Precision and FP improve, but manual-review workload needs operational review.",recall<0.6,recall<0.55
taiwan,Best Scorecard,manual_review_band:G_low_risk_default_rate_0_10,t_low=0.03; t_high=0.80,0.8857142857142857,0.0233609645817633,0.9991440188315857,0.045521292217327314,0.772310218670291,0.5428529752936853,0.1369802354742906,0.013838796992413,4669,4,1296,31,14.0,False,False,recall<0.6,,,False,False,Not eligible: recall is too low for screening/default capture.,manual_review_band_optimized_taiwan.csv,"Three-way policy; expected_cost is remaining auto-decision cost. manual_review_rate=0.9823; low_risk_default_rate=0.0282. Precision and FP improve, but manual-review workload needs operational review.",recall<0.6,recall<0.55
taiwan,Best Scorecard,manual_review_band:H_low_risk_default_rate_0_08,t_low=0.03; t_high=0.80,0.8857142857142857,0.0233609645817633,0.9991440188315857,0.045521292217327314,0.772310218670291,0.5428529752936853,0.1369802354742906,0.013838796992413,4669,4,1296,31,14.0,False,False,recall<0.6,,,False,False,Not eligible: recall is too low for screening/default capture.,manual_review_band_optimized_taiwan.csv,"Three-way policy; expected_cost is remaining auto-decision cost. manual_review_rate=0.9823; low_risk_default_rate=0.0282. Precision and FP improve, but manual-review workload needs operational review.",recall<0.6,recall<0.55
taiwan,Best Scorecard,manual_review_band:M_precision_0_45_low_default_0_10,t_low=0.03; t_high=0.80,0.8857142857142857,0.0233609645817633,0.9991440188315857,0.045521292217327314,0.772310218670291,0.5428529752936853,0.1369802354742906,0.013838796992413,4669,4,1296,31,14.0,False,False,recall<0.6,,,False,False,Not eligible: recall is too low for screening/default capture.,manual_review_band_optimized_taiwan.csv,"Three-way policy; expected_cost is remaining auto-decision cost. manual_review_rate=0.9823; low_risk_default_rate=0.0282. Precision and FP improve, but manual-review workload needs operational review.",recall<0.6,recall<0.55
taiwan,Best XGBoost,manual_review_band:D_high_risk_precision_0_40,t_low=0.03; t_high=0.80,0.9117647058823528,0.0467219291635267,0.9987160282473786,0.0888888888888888,0.7826485134584009,0.5624784540120215,0.1343163230559995,0.0095047983326949,4667,6,1265,62,26.0,False,False,recall<0.6,,,False,False,Not eligible: recall is too low for screening/default capture.,manual_review_band_optimized_taiwan.csv,"Three-way policy; expected_cost is remaining auto-decision cost. manual_review_rate=0.9668; low_risk_default_rate=0.0305. Precision and FP improve, but manual-review workload needs operational review.",recall<0.6,recall<0.55
taiwan,Best XGBoost,manual_review_band:E_high_risk_precision_0_45,t_low=0.03; t_high=0.80,0.9117647058823528,0.0467219291635267,0.9987160282473786,0.0888888888888888,0.7826485134584009,0.5624784540120215,0.1343163230559995,0.0095047983326949,4667,6,1265,62,26.0,False,False,recall<0.6,,,False,False,Not eligible: recall is too low for screening/default capture.,manual_review_band_optimized_taiwan.csv,"Three-way policy; expected_cost is remaining auto-decision cost. manual_review_rate=0.9668; low_risk_default_rate=0.0305. Precision and FP improve, but manual-review workload needs operational review.",recall<0.6,recall<0.55
taiwan,Best XGBoost,manual_review_band:F_high_risk_precision_0_50,t_low=0.03; t_high=0.80,0.9117647058823528,0.0467219291635267,0.9987160282473786,0.0888888888888888,0.7826485134584009,0.5624784540120215,0.1343163230559995,0.0095047983326949,4667,6,1265,62,26.0,False,False,recall<0.6,,,False,False,Not eligible: recall is too low for screening/default capture.,manual_review_band_optimized_taiwan.csv,"Three-way policy; expected_cost is remaining auto-decision cost. manual_review_rate=0.9668; low_risk_default_rate=0.0305. Precision and FP improve, but manual-review workload needs operational review.",recall<0.6,recall<0.55
taiwan,Best XGBoost,manual_review_band:G_low_risk_default_rate_0_10,t_low=0.03; t_high=0.80,0.9117647058823528,0.0467219291635267,0.9987160282473786,0.0888888888888888,0.7826485134584009,0.5624784540120215,0.1343163230559995,0.0095047983326949,4667,6,1265,62,26.0,False,False,recall<0.6,,,False,False,Not eligible: recall is too low for screening/default capture.,manual_review_band_optimized_taiwan.csv,"Three-way policy; expected_cost is remaining auto-decision cost. manual_review_rate=0.9668; low_risk_default_rate=0.0305. Precision and FP improve, but manual-review workload needs operational review.",recall<0.6,recall<0.55
taiwan,Best XGBoost,manual_review_band:H_low_risk_default_rate_0_08,t_low=0.03; t_high=0.80,0.9117647058823528,0.0467219291635267,0.9987160282473786,0.0888888888888888,0.7826485134584009,0.5624784540120215,0.1343163230559995,0.0095047983326949,4667,6,1265,62,26.0,False,False,recall<0.6,,,False,False,Not eligible: recall is too low for screening/default capture.,manual_review_band_optimized_taiwan.csv,"Three-way policy; expected_cost is remaining auto-decision cost. manual_review_rate=0.9668; low_risk_default_rate=0.0305. Precision and FP improve, but manual-review workload needs operational review.",recall<0.6,recall<0.55
taiwan,Best XGBoost,manual_review_band:M_precision_0_45_low_default_0_10,t_low=0.03; t_high=0.80,0.9117647058823528,0.0467219291635267,0.9987160282473786,0.0888888888888888,0.7826485134584009,0.5624784540120215,0.1343163230559995,0.0095047983326949,4667,6,1265,62,26.0,False,False,recall<0.6,,,False,False,Not eligible: recall is too low for screening/default capture.,manual_review_band_optimized_taiwan.csv,"Three-way policy; expected_cost is remaining auto-decision cost. manual_review_rate=0.9668; low_risk_default_rate=0.0305. Precision and FP improve, but manual-review workload needs operational review.",recall<0.6,recall<0.55
taiwan,Best CatBoost,cost_matrix:FN2_FP1,threshold=0.340,0.5716709075487701,0.5079125847776941,0.8919323774876953,0.5379090183559457,0.7853434511554537,0.5639167825429635,0.133690712785661,0.0077638887959482,4168,505,653,674,1811.0,False,False,recall<0.6,,,False,False,Not eligible: recall is too low for screening/default capture.,cost_matrix_sensitivity_taiwan.csv,More conservative cost ratio; lower FP burden is prioritized.,recall<0.6,recall<0.55
taiwan,SCRE-Optimized,cost_matrix:FN2_FP1,threshold=0.330,0.569502948609941,0.5094197437829691,0.8906484057350739,0.5377883850437549,0.7846896124879075,0.5669357617133086,0.1337668360698752,0.0106719812128829,4162,511,651,676,1813.0,False,False,recall<0.6,,,False,False,Not eligible: recall is too low for screening/default capture.,cost_matrix_sensitivity_taiwan.csv,More conservative cost ratio; lower FP burden is prioritized.,recall<0.6,recall<0.55
taiwan,Best XGBoost,cost_matrix:FN2_FP1,threshold=0.290,0.5415108451757666,0.5455915599095704,0.8688208859405093,0.5435435435435435,0.7826485134584009,0.5624784540120215,0.1343163230559995,0.0095047983326949,4060,613,603,724,1819.0,False,False,recall<0.6,,,False,False,Not eligible: recall is too low for screening/default capture.,cost_matrix_sensitivity_taiwan.csv,More conservative cost ratio; lower FP burden is prioritized.,recall<0.6,recall<0.55
taiwan,Best CatBoost,manual_review_band:C_manual_review_rate_0_30,t_low=0.14; t_high=0.28,0.5287595287595288,0.5749811605124341,0.8544832013695699,0.5509025270758124,0.7853434511554537,0.5639167825429635,0.133690712785661,0.0077638887959482,3993,680,564,763,1820.0,False,True,recall<0.6,,6.0,False,False,"Strict eligible; usable candidate, but not the lowest-cost ranked winner.",manual_review_band_optimized_taiwan.csv,Three-way policy; expected_cost is remaining auto-decision cost. manual_review_rate=0.2952; low_risk_default_rate=0.0818. More defensible screening policy: precision and FP improve with bounded review load.,recall<0.6,
taiwan,Best CatBoost,manual_review_band:N_review_0_30_precision_0_45_low_default_0_10,t_low=0.14; t_high=0.28,0.5287595287595288,0.5749811605124341,0.8544832013695699,0.5509025270758124,0.7853434511554537,0.5639167825429635,0.133690712785661,0.0077638887959482,3993,680,564,763,1820.0,False,True,recall<0.6,,7.0,False,False,"Strict eligible; usable candidate, but not the lowest-cost ranked winner.",manual_review_band_optimized_taiwan.csv,Three-way policy; expected_cost is remaining auto-decision cost. manual_review_rate=0.2952; low_risk_default_rate=0.0818. More defensible screening policy: precision and FP improve with bounded review load.,recall<0.6,
taiwan,Old SCRE-Credit,cost_matrix:FN2_FP1,threshold=0.340,0.5797872340425532,0.4928409947249434,0.898566231542906,0.5327902240325866,0.78157176397432,0.5444404951784547,0.1344745846625019,0.016134514337013,4199,474,673,654,1820.0,False,False,recall<0.6,,,False,False,Not eligible: recall is too low for screening/default capture.,cost_matrix_sensitivity_taiwan.csv,More conservative cost ratio; lower FP burden is prioritized.,recall<0.6,recall<0.55
taiwan,SCRE-Pareto,cost_matrix:FN2_FP1,threshold=0.350,0.5834101382488479,0.4770158251695554,0.9032741279691848,0.5248756218905473,0.7838847515211484,0.5661401114278397,0.1340166575484842,0.0112687581693097,4221,452,694,633,1840.0,False,False,recall<0.6,,,False,False,Not eligible: recall is too low for screening/default capture.,cost_matrix_sensitivity_taiwan.csv,More conservative cost ratio; lower FP burden is prioritized.,recall<0.6,recall<0.55
taiwan,SCRE-Pareto,manual_review_band:C_manual_review_rate_0_30,t_low=0.14; t_high=0.25,0.5061014771997431,0.5938206480783723,0.8354376203723518,0.5464632454923717,0.7838847515211484,0.5661401114278397,0.1340166575484842,0.0112687581693097,3904,769,539,788,1849.0,False,True,recall<0.6,,8.0,False,False,"Strict eligible; usable candidate, but not the lowest-cost ranked winner.",manual_review_band_optimized_taiwan.csv,Three-way policy; expected_cost is remaining auto-decision cost. manual_review_rate=0.2902; low_risk_default_rate=0.0799. More defensible screening policy: precision and FP improve with bounded review load.,recall<0.6,
taiwan,SCRE-Pareto,manual_review_band:N_review_0_30_precision_0_45_low_default_0_10,t_low=0.14; t_high=0.25,0.5061014771997431,0.5938206480783723,0.8354376203723518,0.5464632454923717,0.7838847515211484,0.5661401114278397,0.1340166575484842,0.0112687581693097,3904,769,539,788,1849.0,False,True,recall<0.6,,9.0,False,False,"Strict eligible; usable candidate, but not the lowest-cost ranked winner.",manual_review_band_optimized_taiwan.csv,Three-way policy; expected_cost is remaining auto-decision cost. manual_review_rate=0.2902; low_risk_default_rate=0.0799. More defensible screening policy: precision and FP improve with bounded review load.,recall<0.6,
taiwan,Best LightGBM,cost_matrix:FN2_FP1,threshold=0.315,0.5490519373454246,0.5018839487565938,0.8829445752193452,0.5244094488188976,0.7779753690935001,0.5552375587431584,0.1356135837556778,0.0084868821264251,4126,547,661,666,1869.0,False,False,recall<0.6,,,False,False,Not eligible: recall is too low for screening/default capture.,cost_matrix_sensitivity_taiwan.csv,More conservative cost ratio; lower FP burden is prioritized.,recall<0.6,recall<0.55
taiwan,Best Scorecard,cost_matrix:FN2_FP1,threshold=0.400,0.6044303797468354,0.4318010550113036,0.91975176546116,0.5037362637362637,0.772310218670291,0.5428529752936853,0.1369802354742906,0.013838796992413,4298,375,754,573,1883.0,False,False,recall<0.6,,,False,False,Not eligible: recall is too low for screening/default capture.,cost_matrix_sensitivity_taiwan.csv,More conservative cost ratio; lower FP burden is prioritized.,recall<0.6,recall<0.55
taiwan,SCRE-Optimized,manual_review_band:C_manual_review_rate_0_30,t_low=0.16; t_high=0.36,0.5903041825095057,0.467972871137905,0.9077680291033597,0.5220680958385876,0.7846896124879075,0.5669357617133086,0.1337668360698752,0.0106719812128829,4242,431,706,621,1911.0,False,False,recall<0.6,,,False,False,Not eligible: recall is too low for screening/default capture.,manual_review_band_optimized_taiwan.csv,"Three-way policy; expected_cost is remaining auto-decision cost. manual_review_rate=0.3018; low_risk_default_rate=0.0944. Precision and FP improve, but manual-review workload needs operational review.",recall<0.6,recall<0.55
taiwan,SCRE-Optimized,manual_review_band:N_review_0_30_precision_0_45_low_default_0_10,t_low=0.16; t_high=0.36,0.5903041825095057,0.467972871137905,0.9077680291033597,0.5220680958385876,0.7846896124879075,0.5669357617133086,0.1337668360698752,0.0106719812128829,4242,431,706,621,1911.0,False,False,recall<0.6,,,False,False,Not eligible: recall is too low for screening/default capture.,manual_review_band_optimized_taiwan.csv,"Three-way policy; expected_cost is remaining auto-decision cost. manual_review_rate=0.3018; low_risk_default_rate=0.0944. Precision and FP improve, but manual-review workload needs operational review.",recall<0.6,recall<0.55
taiwan,Best Scorecard,manual_review_band:C_manual_review_rate_0_30,t_low=0.15; t_high=0.34,0.5477430555555556,0.4755086661642803,0.8885084528140381,0.5090762404195239,0.772310218670291,0.5428529752936853,0.1369802354742906,0.013838796992413,4152,521,696,631,2026.0,False,False,recall<0.6,,,False,False,Not eligible: recall is too low for screening/default capture.,manual_review_band_optimized_taiwan.csv,Three-way policy; expected_cost is remaining auto-decision cost. manual_review_rate=0.2917; low_risk_default_rate=0.0972. More defensible screening policy: precision and FP improve with bounded review load.,recall<0.6,recall<0.55
taiwan,Best Scorecard,manual_review_band:N_review_0_30_precision_0_45_low_default_0_10,t_low=0.15; t_high=0.34,0.5477430555555556,0.4755086661642803,0.8885084528140381,0.5090762404195239,0.772310218670291,0.5428529752936853,0.1369802354742906,0.013838796992413,4152,521,696,631,2026.0,False,False,recall<0.6,,,False,False,Not eligible: recall is too low for screening/default capture.,manual_review_band_optimized_taiwan.csv,Three-way policy; expected_cost is remaining auto-decision cost. manual_review_rate=0.2917; low_risk_default_rate=0.0972. More defensible screening policy: precision and FP improve with bounded review load.,recall<0.6,recall<0.55
taiwan,SCRE-Optimized,manual_review_band:B_manual_review_rate_0_25,t_low=0.16; t_high=0.29,0.5416666666666666,0.5584024114544084,0.8658249518510592,0.5499072356215213,0.7846896124879075,0.5669357617133086,0.1337668360698752,0.0106719812128829,4046,627,586,741,2107.0,False,True,recall<0.6,,21.0,False,False,"Strict eligible; usable candidate, but not the lowest-cost ranked winner.",manual_review_band_optimized_taiwan.csv,Three-way policy; expected_cost is remaining auto-decision cost. manual_review_rate=0.2492; low_risk_default_rate=0.0944. More defensible screening policy: precision and FP improve with bounded review load.,recall<0.6,
taiwan,SCRE-Optimized,manual_review_band:K_review_0_25_precision_0_40,t_low=0.16; t_high=0.29,0.5416666666666666,0.5584024114544084,0.8658249518510592,0.5499072356215213,0.7846896124879075,0.5669357617133086,0.1337668360698752,0.0106719812128829,4046,627,586,741,2107.0,False,True,recall<0.6,,22.0,False,False,"Strict eligible; usable candidate, but not the lowest-cost ranked winner.",manual_review_band_optimized_taiwan.csv,Three-way policy; expected_cost is remaining auto-decision cost. manual_review_rate=0.2492; low_risk_default_rate=0.0944. More defensible screening policy: precision and FP improve with bounded review load.,recall<0.6,
taiwan,SCRE-Optimized,manual_review_band:L_review_0_25_low_default_0_10,t_low=0.16; t_high=0.29,0.5416666666666666,0.5584024114544084,0.8658249518510592,0.5499072356215213,0.7846896124879075,0.5669357617133086,0.1337668360698752,0.0106719812128829,4046,627,586,741,2107.0,False,True,recall<0.6,,23.0,False,False,"Strict eligible; usable candidate, but not the lowest-cost ranked winner.",manual_review_band_optimized_taiwan.csv,Three-way policy; expected_cost is remaining auto-decision cost. manual_review_rate=0.2492; low_risk_default_rate=0.0944. More defensible screening policy: precision and FP improve with bounded review load.,recall<0.6,
taiwan,Best CatBoost,cost_matrix:FN2_FP2,threshold=0.475,0.6689373297002725,0.3700075357950264,0.9479991440188316,0.4764677341096555,0.7853434511554537,0.5639167825429635,0.133690712785661,0.0077638887959482,4430,243,836,491,2158.0,False,False,recall<0.6,,,False,False,Not eligible: recall is too low for screening/default capture.,cost_matrix_sensitivity_taiwan.csv,Higher FP cost pushes threshold upward; precision/specificity improve at the cost of recall.,recall<0.6,recall<0.55
taiwan,Old SCRE-Credit,cost_matrix:FN2_FP2,threshold=0.545,0.6613119143239625,0.3722682743029389,0.9458591910977958,0.476374156219865,0.78157176397432,0.5444404951784547,0.1344745846625019,0.016134514337013,4420,253,833,494,2172.0,False,False,recall<0.6,,,False,False,Not eligible: recall is too low for screening/default capture.,cost_matrix_sensitivity_taiwan.csv,Higher FP cost pushes threshold upward; precision/specificity improve at the cost of recall.,recall<0.6,recall<0.55
taiwan,SCRE-Pareto,cost_matrix:FN2_FP2,threshold=0.480,0.6657458563535912,0.3632253202712886,0.9482131393109352,0.470014627011214,0.7838847515211484,0.5661401114278397,0.1340166575484842,0.0112687581693097,4431,242,845,482,2174.0,False,False,recall<0.6,,,False,False,Not eligible: recall is too low for screening/default capture.,cost_matrix_sensitivity_taiwan.csv,Higher FP cost pushes threshold upward; precision/specificity improve at the cost of recall.,recall<0.6,recall<0.55
taiwan,SCRE-Optimized,cost_matrix:FN2_FP2,threshold=0.465,0.6582109479305741,0.3715146948003014,0.9452172052214852,0.4749518304431598,0.7846896124879075,0.5669357617133086,0.1337668360698752,0.0106719812128829,4417,256,834,493,2180.0,False,False,recall<0.6,,,False,False,Not eligible: recall is too low for screening/default capture.,cost_matrix_sensitivity_taiwan.csv,Higher FP cost pushes threshold upward; precision/specificity improve at the cost of recall.,recall<0.6,recall<0.55
taiwan,Best XGBoost,cost_matrix:FN2_FP2,threshold=0.460,0.6371571072319202,0.3850791258477769,0.93772736999786,0.480037576326914,0.7826485134584009,0.5624784540120215,0.1343163230559995,0.0095047983326949,4382,291,816,511,2214.0,False,False,recall<0.6,,,False,False,Not eligible: recall is too low for screening/default capture.,cost_matrix_sensitivity_taiwan.csv,Higher FP cost pushes threshold upward; precision/specificity improve at the cost of recall.,recall<0.6,recall<0.55
taiwan,Best LightGBM,cost_matrix:FN2_FP2,threshold=0.390,0.6100766703176341,0.4197437829691032,0.9238176760111276,0.4973214285714285,0.7779753690935001,0.5552375587431584,0.1356135837556778,0.0084868821264251,4317,356,770,557,2252.0,False,False,recall<0.6,,,False,False,Not eligible: recall is too low for screening/default capture.,cost_matrix_sensitivity_taiwan.csv,Higher FP cost pushes threshold upward; precision/specificity improve at the cost of recall.,recall<0.6,recall<0.55
taiwan,Best Scorecard,manual_review_band:B_manual_review_rate_0_25,t_low=0.16; t_high=0.33,0.5452240067624683,0.4860587792012057,0.8848705328482773,0.5139442231075697,0.772310218670291,0.5428529752936853,0.1369802354742906,0.013838796992413,4135,538,682,645,2253.0,False,False,recall<0.6,,,False,False,Not eligible: recall is too low for screening/default capture.,manual_review_band_optimized_taiwan.csv,Three-way policy; expected_cost is remaining auto-decision cost. manual_review_rate=0.2468; low_risk_default_rate=0.1028. More defensible screening policy: precision and FP improve with bounded review load.,recall<0.6,recall<0.55
taiwan,Best Scorecard,manual_review_band:K_review_0_25_precision_0_40,t_low=0.16; t_high=0.33,0.5452240067624683,0.4860587792012057,0.8848705328482773,0.5139442231075697,0.772310218670291,0.5428529752936853,0.1369802354742906,0.013838796992413,4135,538,682,645,2253.0,False,False,recall<0.6,,,False,False,Not eligible: recall is too low for screening/default capture.,manual_review_band_optimized_taiwan.csv,Three-way policy; expected_cost is remaining auto-decision cost. manual_review_rate=0.2468; low_risk_default_rate=0.1028. More defensible screening policy: precision and FP improve with bounded review load.,recall<0.6,recall<0.55
taiwan,Best Scorecard,manual_review_band:L_review_0_25_low_default_0_10,t_low=0.16; t_high=0.33,0.5452240067624683,0.4860587792012057,0.8848705328482773,0.5139442231075697,0.772310218670291,0.5428529752936853,0.1369802354742906,0.013838796992413,4135,538,682,645,2253.0,False,False,recall<0.6,,,False,False,Not eligible: recall is too low for screening/default capture.,manual_review_band_optimized_taiwan.csv,Three-way policy; expected_cost is remaining auto-decision cost. manual_review_rate=0.2468; low_risk_default_rate=0.1028. More defensible screening policy: precision and FP improve with bounded review load.,recall<0.6,recall<0.55
taiwan,Best Scorecard,cost_matrix:FN2_FP2,threshold=0.400,0.6044303797468354,0.4318010550113036,0.91975176546116,0.5037362637362637,0.772310218670291,0.5428529752936853,0.1369802354742906,0.013838796992413,4298,375,754,573,2258.0,False,False,recall<0.6,,,False,False,Not eligible: recall is too low for screening/default capture.,cost_matrix_sensitivity_taiwan.csv,Higher FP cost pushes threshold upward; precision/specificity improve at the cost of recall.,recall<0.6,recall<0.55
taiwan,Best CatBoost,cost_matrix:FN3_FP1,threshold=0.265,0.5173333333333333,0.584777694046722,0.8450674085170127,0.5489918641669614,0.7853434511554537,0.5639167825429635,0.133690712785661,0.0077638887959482,3949,724,551,776,2377.0,False,True,recall<0.6,,26.0,False,False,"Strict eligible; usable candidate, but not the lowest-cost ranked winner.",cost_matrix_sensitivity_taiwan.csv,Reference-like cost tradeoff; use alongside precision/specificity constraints.,recall<0.6,
taiwan,SCRE-Optimized,cost_matrix:FN3_FP1,threshold=0.280,0.5311173974540311,0.5659382064807837,0.8581211213353306,0.5479751915359359,0.7846896124879075,0.5669357617133086,0.1337668360698752,0.0106719812128829,4010,663,576,751,2391.0,False,True,recall<0.6,,28.0,False,False,"Strict eligible; usable candidate, but not the lowest-cost ranked winner.",cost_matrix_sensitivity_taiwan.csv,Reference-like cost tradeoff; use alongside precision/specificity constraints.,recall<0.6,
taiwan,Best XGBoost,manual_review_band:A_manual_review_rate_0_20,t_low=0.13; t_high=0.18,0.3927227101631116,0.707611152976639,0.689278835865611,0.5051102743410435,0.7826485134584009,0.5624784540120215,0.1343163230559995,0.0095047983326949,3221,1452,388,939,2402.0,False,False,precision<0.4,,,False,False,Not eligible: precision is below the minimum acceptable operational threshold.,manual_review_band_optimized_taiwan.csv,Three-way policy; expected_cost is remaining auto-decision cost. manual_review_rate=0.1857; low_risk_default_rate=0.0762. More defensible screening policy: precision and FP improve with bounded review load.,precision<0.4,precision<0.45
taiwan,Best XGBoost,cost_matrix:FN3_FP1,threshold=0.290,0.5415108451757666,0.5455915599095704,0.8688208859405093,0.5435435435435435,0.7826485134584009,0.5624784540120215,0.1343163230559995,0.0095047983326949,4060,613,603,724,2422.0,False,False,recall<0.6,,,False,False,Not eligible: recall is too low for screening/default capture.,cost_matrix_sensitivity_taiwan.csv,Reference-like cost tradeoff; use alongside precision/specificity constraints.,recall<0.6,recall<0.55
taiwan,Best LightGBM,cost_matrix:FN3_FP1,threshold=0.255,0.4943109987357775,0.5892991710625471,0.828803766317141,0.5376418013062908,0.7779753690935001,0.5552375587431584,0.1356135837556778,0.0084868821264251,3873,800,545,782,2435.0,False,True,recall<0.6,,29.0,False,False,"Strict eligible; usable candidate, but not the lowest-cost ranked winner.",cost_matrix_sensitivity_taiwan.csv,Reference-like cost tradeoff; use alongside precision/specificity constraints.,recall<0.6,
taiwan,Best Scorecard,cost_matrix:FN3_FP1,threshold=0.305,0.5347003154574133,0.5109269027882442,0.8737427776588915,0.5225433526011561,0.772310218670291,0.5428529752936853,0.1369802354742906,0.013838796992413,4083,590,649,678,2537.0,False,False,recall<0.6,,,False,False,Not eligible: recall is too low for screening/default capture.,cost_matrix_sensitivity_taiwan.csv,Reference-like cost tradeoff; use alongside precision/specificity constraints.,recall<0.6,recall<0.55
taiwan,Old SCRE-Credit,cost_matrix:FN3_FP2,threshold=0.465,0.6011787819253438,0.4611906556141673,0.9131179114059492,0.521961620469083,0.78157176397432,0.5444404951784547,0.1344745846625019,0.016134514337013,4267,406,715,612,2957.0,False,False,recall<0.6,,,False,False,Not eligible: recall is too low for screening/default capture.,cost_matrix_sensitivity_taiwan.csv,Higher FP cost pushes threshold upward; precision/specificity improve at the cost of recall.,recall<0.6,recall<0.55
taiwan,Best CatBoost,cost_matrix:FN3_FP2,threshold=0.340,0.5716709075487701,0.5079125847776941,0.8919323774876953,0.5379090183559457,0.7853434511554537,0.5639167825429635,0.133690712785661,0.0077638887959482,4168,505,653,674,2969.0,False,False,recall<0.6,,,False,False,Not eligible: recall is too low for screening/default capture.,cost_matrix_sensitivity_taiwan.csv,Higher FP cost pushes threshold upward; precision/specificity improve at the cost of recall.,recall<0.6,recall<0.55
taiwan,SCRE-Optimized,cost_matrix:FN3_FP2,threshold=0.390,0.6059063136456212,0.4483798040693293,0.917183821955917,0.5153746210480729,0.7846896124879075,0.5669357617133086,0.1337668360698752,0.0106719812128829,4286,387,732,595,2970.0,False,False,recall<0.6,,,False,False,Not eligible: recall is too low for screening/default capture.,cost_matrix_sensitivity_taiwan.csv,Higher FP cost pushes threshold upward; precision/specificity improve at the cost of recall.,recall<0.6,recall<0.55
taiwan,SCRE-Pareto,cost_matrix:FN3_FP2,threshold=0.350,0.5834101382488479,0.4770158251695554,0.9032741279691848,0.5248756218905473,0.7838847515211484,0.5661401114278397,0.1340166575484842,0.0112687581693097,4221,452,694,633,2986.0,False,False,recall<0.6,,,False,False,Not eligible: recall is too low for screening/default capture.,cost_matrix_sensitivity_taiwan.csv,Higher FP cost pushes threshold upward; precision/specificity improve at the cost of recall.,recall<0.6,recall<0.55
taiwan,Best Scorecard,cost_matrix:FN3_FP2,threshold=0.400,0.6044303797468354,0.4318010550113036,0.91975176546116,0.5037362637362637,0.772310218670291,0.5428529752936853,0.1369802354742906,0.013838796992413,4298,375,754,573,3012.0,False,False,recall<0.6,,,False,False,Not eligible: recall is too low for screening/default capture.,cost_matrix_sensitivity_taiwan.csv,Higher FP cost pushes threshold upward; precision/specificity improve at the cost of recall.,recall<0.6,recall<0.55
taiwan,Best XGBoost,cost_matrix:FN3_FP2,threshold=0.325,0.5629251700680272,0.4988696307460437,0.890006419858763,0.5289652417099481,0.7826485134584009,0.5624784540120215,0.1343163230559995,0.0095047983326949,4159,514,665,662,3023.0,False,False,recall<0.6,,,False,False,Not eligible: recall is too low for screening/default capture.,cost_matrix_sensitivity_taiwan.csv,Higher FP cost pushes threshold upward; precision/specificity improve at the cost of recall.,recall<0.6,recall<0.55
taiwan,Best LightGBM,cost_matrix:FN3_FP2,threshold=0.325,0.5555555555555556,0.493594574227581,0.8878664669377274,0.5227454110135674,0.7779753690935001,0.5552375587431584,0.1356135837556778,0.0084868821264251,4149,524,672,655,3064.0,False,False,recall<0.6,,,False,False,Not eligible: recall is too low for screening/default capture.,cost_matrix_sensitivity_taiwan.csv,Higher FP cost pushes threshold upward; precision/specificity improve at the cost of recall.,recall<0.6,recall<0.55
taiwan,CatBoost::catboost_class_weight_pos_2,imbalance_training:isotonic:cost_optimal_FN5_FP1,threshold=0.175,0.3547219480092136,0.8123587038432555,0.5803552321848919,0.4938158497480532,0.7845905973339121,0.5486484741767753,0.1343872346773984,0.0130135541846809,2712,1961,249,1078,3206.0,False,False,precision<0.4,,,False,False,Not eligible: precision is below the minimum acceptable operational threshold.,imbalance_training_variants_taiwan.csv,custom class_weights positive_weight=2; Calibration improves validation Brier and ECE.; Weighting mainly increases recall and may worsen FP burden.,precision<0.4,precision<0.45; specificity<0.6
taiwan,CatBoost::catboost_class_weight_pos_2,imbalance_training:sigmoid:cost_optimal_FN5_FP1,threshold=0.140,0.3494053359048537,0.8191409193669932,0.5668735287823667,0.4898602974312753,0.7848663561504132,0.5657364661000575,0.1341440182359731,0.0115450006144766,2649,2024,240,1087,3224.0,False,False,precision<0.4,,,False,False,Not eligible: precision is below the minimum acceptable operational threshold.,imbalance_training_variants_taiwan.csv,custom class_weights positive_weight=2; Calibration improves validation Brier and ECE.; Weighting mainly increases recall and may worsen FP burden.,precision<0.4,precision<0.45; specificity<0.6
taiwan,CatBoost::catboost_class_weight_pos_2,imbalance_training:uncalibrated:cost_optimal_FN5_FP1,threshold=0.235,0.3486209108402822,0.8191409193669932,0.5653755617376418,0.4890888638920134,0.7848663561504132,0.5657364661000575,0.14574936170875,0.0987027654322339,2642,2031,240,1087,3231.0,False,False,precision<0.4,,,False,False,Not eligible: precision is below the minimum acceptable operational threshold.,imbalance_training_variants_taiwan.csv,custom class_weights positive_weight=2; Reference uncalibrated probability.; Weighting mainly increases recall and may worsen FP burden.,precision<0.4,precision<0.45; specificity<0.6
taiwan,CatBoost::catboost_class_weight_pos_4,imbalance_training:uncalibrated:cost_optimal_FN5_FP1,threshold=0.400,0.3683648022800142,0.7792012057272042,0.6205863471003638,0.5002418964683116,0.7817122235820232,0.5621287026739918,0.1875058109419519,0.2162095710369689,2900,1773,293,1034,3238.0,False,False,precision<0.4,,,False,False,Not eligible: precision is below the minimum acceptable operational threshold.,imbalance_training_variants_taiwan.csv,custom class_weights positive_weight=4; Reference uncalibrated probability.; More balanced than baseline CatBoost: precision improves and FP drops with tolerable recall loss.,precision<0.4,precision<0.45
taiwan,CatBoost::catboost_auto_none,imbalance_training:uncalibrated:cost_optimal_FN5_FP1,threshold=0.145,0.3615994484660462,0.7905048982667672,0.6036807190241815,0.4962157048249764,0.7846999332857179,0.5645652938868492,0.1341180612097842,0.0130564575085794,2821,1852,278,1049,3242.0,False,False,precision<0.4,,,False,False,Not eligible: precision is below the minimum acceptable operational threshold.,imbalance_training_variants_taiwan.csv,auto_class_weights=None; Reference uncalibrated probability.; No clear operational improvement over baseline CatBoost.,precision<0.4,precision<0.45
taiwan,CatBoost::catboost_baseline,imbalance_training:uncalibrated:cost_optimal_FN5_FP1,threshold=0.145,0.3615994484660462,0.7905048982667672,0.6036807190241815,0.4962157048249764,0.7846999332857179,0.5645652938868492,0.1341180612097842,0.0130564575085794,2821,1852,278,1049,3242.0,False,False,precision<0.4,,,False,False,Not eligible: precision is below the minimum acceptable operational threshold.,imbalance_training_variants_taiwan.csv,baseline CatBoost; Reference uncalibrated probability.; No clear operational improvement over baseline CatBoost.,precision<0.4,precision<0.45
taiwan,Best CatBoost,precision_constraint:A_min_precision_0_35,threshold=0.155,0.3601506333447449,0.7927656367746797,0.6000427990584207,0.4952919020715631,0.7853434511554537,0.5639167825429635,0.133690712785661,0.0077638887959482,2804,1869,275,1052,3244.0,False,False,precision<0.4,,,False,False,Not eligible: precision is below the minimum acceptable operational threshold.,precision_constrained_test_results_taiwan.csv,"balanced FP reduction with tolerable recall loss; FP delta=-113, precision delta=0.0087, recall delta=-0.0166, cost delta=-3; selected on validation.",precision<0.4,precision<0.45
taiwan,Best CatBoost,precision_constraint:E_min_specificity_0_60,threshold=0.155,0.3601506333447449,0.7927656367746797,0.6000427990584207,0.4952919020715631,0.7853434511554537,0.5639167825429635,0.133690712785661,0.0077638887959482,2804,1869,275,1052,3244.0,False,False,precision<0.4,,,False,False,Not eligible: precision is below the minimum acceptable operational threshold.,precision_constrained_test_results_taiwan.csv,"balanced FP reduction with tolerable recall loss; FP delta=-113, precision delta=0.0087, recall delta=-0.0166, cost delta=-3; selected on validation.",precision<0.4,precision<0.45
taiwan,Best CatBoost,precision_constraint:H_fp_budget_2000,threshold=0.155,0.3601506333447449,0.7927656367746797,0.6000427990584207,0.4952919020715631,0.7853434511554537,0.5639167825429635,0.133690712785661,0.0077638887959482,2804,1869,275,1052,3244.0,False,False,precision<0.4,,,False,False,Not eligible: precision is below the minimum acceptable operational threshold.,precision_constrained_test_results_taiwan.csv,"balanced FP reduction with tolerable recall loss; FP delta=-113, precision delta=0.0087, recall delta=-0.0166, cost delta=-3; selected on validation.",precision<0.4,precision<0.45
taiwan,Best CatBoost,cost_matrix:FN5_FP1,threshold=0.155,0.3601506333447449,0.7927656367746797,0.6000427990584207,0.4952919020715631,0.7853434511554537,0.5639167825429635,0.133690712785661,0.0077638887959482,2804,1869,275,1052,3244.0,False,False,precision<0.4,,,False,False,Not eligible: precision is below the minimum acceptable operational threshold.,cost_matrix_sensitivity_taiwan.csv,Reference-like cost tradeoff; use alongside precision/specificity constraints.,precision<0.4,precision<0.45
taiwan,CatBoost::catboost_auto_balanced,imbalance_training:isotonic:cost_optimal_FN5_FP1,threshold=0.175,0.3600273785078713,0.7927656367746797,0.5998288037663171,0.4951753353730289,0.7817414120883311,0.5383820562004489,0.1350826791740959,0.0129876729346579,2803,1870,275,1052,3245.0,False,False,precision<0.4; pr_auc<0.54,,,False,False,Not eligible: precision is below the minimum acceptable operational threshold.,imbalance_training_variants_taiwan.csv,auto_class_weights='Balanced'; Calibration improves validation Brier and ECE.; Weighting mainly increases recall and may worsen FP burden.,precision<0.4; pr_auc<0.54,precision<0.45; specificity<0.6; pr_auc<0.54
taiwan,CatBoost::catboost_class_weight_pos_4,imbalance_training:sigmoid:cost_optimal_FN5_FP1,threshold=0.155,0.3661723163841808,0.7814619442351168,0.6158784506740852,0.4986775667227698,0.7817122235820232,0.5621287026739918,0.134547281521838,0.0112858442193325,2878,1795,290,1037,3245.0,False,False,precision<0.4,,,False,False,Not eligible: precision is below the minimum acceptable operational threshold.,imbalance_training_variants_taiwan.csv,custom class_weights positive_weight=4; Calibration improves validation Brier and ECE.; More balanced than baseline CatBoost: precision improves and FP drops with tolerable recall loss.,precision<0.4,precision<0.45
taiwan,Best CatBoost,current_threshold:cost_optimal_current,threshold=0.150,0.3514397905759162,0.8093443858327054,0.5758613310507169,0.4900752908966461,0.7853434511554537,0.5639167825429635,0.133690712785661,0.0077638887959482,2691,1982,253,1074,3247.0,False,False,precision<0.4,,,False,False,Not eligible: precision is below the minimum acceptable operational threshold.,current_threshold_baseline_taiwan.csv,frozen final test row read from existing result table; source_model=catboost; selected on validation within family,precision<0.4,precision<0.45; specificity<0.6
taiwan,Best CatBoost,current_threshold:operational_current,threshold=0.150,0.3514397905759162,0.8093443858327054,0.5758613310507169,0.4900752908966461,0.7853434511554537,0.5639167825429635,0.133690712785661,0.0077638887959482,2691,1982,253,1074,3247.0,False,False,precision<0.4,,,False,False,Not eligible: precision is below the minimum acceptable operational threshold.,current_threshold_baseline_taiwan.csv,"threshold-only anchor from manual-review revision; manual band also uses low=0.14, high=0.28, selected on validation; source_model=catboost; selected on validation within family",precision<0.4,precision<0.45; specificity<0.6
taiwan,CatBoost::catboost_auto_sqrtbalanced,imbalance_training:uncalibrated:cost_optimal_FN5_FP1,threshold=0.245,0.3705308775731311,0.773172569706104,0.627006205863471,0.5009765625,0.7843434626050887,0.5654415836439259,0.143788546374693,0.0889074276579161,2930,1743,301,1026,3248.0,False,False,precision<0.4,,,False,False,Not eligible: precision is below the minimum acceptable operational threshold.,imbalance_training_variants_taiwan.csv,auto_class_weights='SqrtBalanced'; Reference uncalibrated probability.; More balanced than baseline CatBoost: precision improves and FP drops with tolerable recall loss.,precision<0.4,precision<0.45
taiwan,CatBoost::catboost_auto_sqrtbalanced,imbalance_training:sigmoid:cost_optimal_FN5_FP1,threshold=0.155,0.3705308775731311,0.773172569706104,0.627006205863471,0.5009765625,0.7843434626050887,0.5654415836439259,0.1342759241160024,0.0107334007019902,2930,1743,301,1026,3248.0,False,False,precision<0.4,,,False,False,Not eligible: precision is below the minimum acceptable operational threshold.,imbalance_training_variants_taiwan.csv,auto_class_weights='SqrtBalanced'; Calibration improves validation Brier and ECE.; More balanced than baseline CatBoost: precision improves and FP drops with tolerable recall loss.,precision<0.4,precision<0.45
taiwan,CatBoost::catboost_auto_none,imbalance_training:isotonic:cost_optimal_FN5_FP1,threshold=0.185,0.3626259117749218,0.7867370007535796,0.6073186389899422,0.4964336661911556,0.7836066543988934,0.5375669820858844,0.1344570596664352,0.0122990604588821,2838,1835,283,1044,3250.0,False,False,precision<0.4; pr_auc<0.54,,,False,False,Not eligible: precision is below the minimum acceptable operational threshold.,imbalance_training_variants_taiwan.csv,auto_class_weights=None; Calibration improves validation Brier and ECE.; More balanced than baseline CatBoost: precision improves and FP drops with tolerable recall loss.,precision<0.4; pr_auc<0.54,precision<0.45; pr_auc<0.54
taiwan,CatBoost::catboost_baseline,imbalance_training:isotonic:cost_optimal_FN5_FP1,threshold=0.185,0.3626259117749218,0.7867370007535796,0.6073186389899422,0.4964336661911556,0.7836066543988934,0.5375669820858844,0.1344570596664352,0.0122990604588821,2838,1835,283,1044,3250.0,False,False,precision<0.4; pr_auc<0.54,,,False,False,Not eligible: precision is below the minimum acceptable operational threshold.,imbalance_training_variants_taiwan.csv,baseline CatBoost; Calibration improves validation Brier and ECE.; More balanced than baseline CatBoost: precision improves and FP drops with tolerable recall loss.,precision<0.4; pr_auc<0.54,precision<0.45; pr_auc<0.54
taiwan,CatBoost::catboost_class_weight_pos_5,imbalance_training:uncalibrated:cost_optimal_FN5_FP1,threshold=0.440,0.3582342954159592,0.7950263752825923,0.5955488979242457,0.4939138576779027,0.7821351343985579,0.5616887814117245,0.2090304415462086,0.2580610699290762,2783,1890,272,1055,3250.0,False,False,precision<0.4,,,False,False,Not eligible: precision is below the minimum acceptable operational threshold.,imbalance_training_variants_taiwan.csv,custom class_weights positive_weight=5; Reference uncalibrated probability.; Weighting mainly increases recall and may worsen FP burden.,precision<0.4,precision<0.45; specificity<0.6
taiwan,CatBoost::catboost_auto_sqrtbalanced,imbalance_training:isotonic:cost_optimal_FN5_FP1,threshold=0.185,0.3728070175438596,0.7686510926902789,0.6327840787502675,0.502092050209205,0.7838747532482696,0.5462807326041442,0.1342334123953468,0.01464313522346,2957,1716,307,1020,3251.0,False,False,precision<0.4,,,False,False,Not eligible: precision is below the minimum acceptable operational threshold.,imbalance_training_variants_taiwan.csv,auto_class_weights='SqrtBalanced'; Calibration improves validation Brier and ECE.; More balanced than baseline CatBoost: precision improves and FP drops with tolerable recall loss.,precision<0.4,precision<0.45
taiwan,CatBoost::catboost_auto_balanced,imbalance_training:uncalibrated:cost_optimal_FN5_FP1,threshold=0.360,0.3572152754308888,0.7965335342878673,0.5929809544190028,0.4932337844143723,0.782774459444183,0.5611587350156215,0.1776400242221756,0.1943753049275288,2771,1902,270,1057,3252.0,False,False,precision<0.4,,,False,False,Not eligible: precision is below the minimum acceptable operational threshold.,imbalance_training_variants_taiwan.csv,auto_class_weights='Balanced'; Reference uncalibrated probability.; Weighting mainly increases recall and may worsen FP burden.,precision<0.4,precision<0.45; specificity<0.6
taiwan,CatBoost::catboost_class_weight_pos_5,imbalance_training:sigmoid:cost_optimal_FN5_FP1,threshold=0.150,0.3586512261580381,0.7935192162773173,0.5970468649689706,0.494018296973962,0.7821351343985579,0.5616887814117245,0.1348228116396817,0.0119271204764018,2790,1883,274,1053,3253.0,False,False,precision<0.4,,,False,False,Not eligible: precision is below the minimum acceptable operational threshold.,imbalance_training_variants_taiwan.csv,custom class_weights positive_weight=5; Calibration improves validation Brier and ECE.; Weighting mainly increases recall and may worsen FP burden.,precision<0.4,precision<0.45; specificity<0.6
taiwan,CatBoost::catboost_auto_balanced,imbalance_training:sigmoid:cost_optimal_FN5_FP1,threshold=0.145,0.3504078303425775,0.8093443858327054,0.5739353734217847,0.4890710382513661,0.782774459444183,0.5611587350156215,0.1345636802475142,0.0129127230415544,2682,1991,253,1074,3256.0,False,False,precision<0.4,,,False,False,Not eligible: precision is below the minimum acceptable operational threshold.,imbalance_training_variants_taiwan.csv,auto_class_weights='Balanced'; Calibration improves validation Brier and ECE.; Weighting mainly increases recall and may worsen FP burden.,precision<0.4,precision<0.45; specificity<0.6
taiwan,CatBoost::catboost_class_weight_pos_5,imbalance_training:isotonic:cost_optimal_FN5_FP1,threshold=0.175,0.3558467741935484,0.7980406932931424,0.5897710250374492,0.4922147339065768,0.7805588744266918,0.5381823869655036,0.1352791494873034,0.0172413143216977,2756,1917,268,1059,3257.0,False,False,precision<0.4; pr_auc<0.54,,,False,False,Not eligible: precision is below the minimum acceptable operational threshold.,imbalance_training_variants_taiwan.csv,custom class_weights positive_weight=5; Calibration improves validation Brier and ECE.; Weighting mainly increases recall and may worsen FP burden.,precision<0.4; pr_auc<0.54,precision<0.45; specificity<0.6; pr_auc<0.54
taiwan,CatBoost::catboost_class_weight_pos_1.5,imbalance_training:uncalibrated:cost_optimal_FN5_FP1,threshold=0.195,0.353468304015931,0.8025621703089676,0.5831371709822384,0.4907834101382489,0.7838996682992342,0.5662219316902193,0.137800225964903,0.054851628572785,2725,1948,262,1065,3258.0,False,False,precision<0.4,,,False,False,Not eligible: precision is below the minimum acceptable operational threshold.,imbalance_training_variants_taiwan.csv,custom class_weights positive_weight=1.5; Reference uncalibrated probability.; Weighting mainly increases recall and may worsen FP burden.,precision<0.4,precision<0.45; specificity<0.6
taiwan,CatBoost::catboost_class_weight_pos_4,imbalance_training:isotonic:cost_optimal_FN5_FP1,threshold=0.195,0.3691975530766462,0.773172569706104,0.6248662529424353,0.4997564539698003,0.7793747241403945,0.5372741150172207,0.1349478268890698,0.013447456403262,2920,1753,301,1026,3258.0,False,False,precision<0.4; pr_auc<0.54,,,False,False,Not eligible: precision is below the minimum acceptable operational threshold.,imbalance_training_variants_taiwan.csv,custom class_weights positive_weight=4; Calibration improves validation Brier and ECE.; More balanced than baseline CatBoost: precision improves and FP drops with tolerable recall loss.,precision<0.4; pr_auc<0.54,precision<0.45; pr_auc<0.54
taiwan,CatBoost::catboost_auto_none,imbalance_training:sigmoid:cost_optimal_FN5_FP1,threshold=0.150,0.3627485176142309,0.7837226827430294,0.6090306013267708,0.4959465903671912,0.7846999332857179,0.5645652938868492,0.134113689752387,0.0137249057336244,2846,1827,287,1040,3262.0,False,False,precision<0.4,,,False,False,Not eligible: precision is below the minimum acceptable operational threshold.,imbalance_training_variants_taiwan.csv,auto_class_weights=None; Calibration improves Brier but not ECE.; More balanced than baseline CatBoost: precision improves and FP drops with tolerable recall loss.,precision<0.4,precision<0.45
taiwan,CatBoost::catboost_baseline,imbalance_training:sigmoid:cost_optimal_FN5_FP1,threshold=0.150,0.3627485176142309,0.7837226827430294,0.6090306013267708,0.4959465903671912,0.7846999332857179,0.5645652938868492,0.134113689752387,0.0137249057336244,2846,1827,287,1040,3262.0,False,False,precision<0.4,,,False,False,Not eligible: precision is below the minimum acceptable operational threshold.,imbalance_training_variants_taiwan.csv,baseline CatBoost; Calibration improves Brier but not ECE.; More balanced than baseline CatBoost: precision improves and FP drops with tolerable recall loss.,precision<0.4,precision<0.45
taiwan,CatBoost::catboost_class_weight_pos_1.5,imbalance_training:sigmoid:cost_optimal_FN5_FP1,threshold=0.145,0.3537641572285143,0.8003014318010551,0.584849133319067,0.4906444906444906,0.7838996682992342,0.5662219316902193,0.1340489791601124,0.0109789317485505,2733,1940,265,1062,3265.0,False,False,precision<0.4,,,False,False,Not eligible: precision is below the minimum acceptable operational threshold.,imbalance_training_variants_taiwan.csv,custom class_weights positive_weight=1.5; Calibration improves validation Brier and ECE.; Weighting mainly increases recall and may worsen FP burden.,precision<0.4,precision<0.45; specificity<0.6
taiwan,CatBoost::catboost_class_weight_pos_1.5,imbalance_training:isotonic:cost_optimal_FN5_FP1,threshold=0.175,0.3541388518024032,0.7995478522984175,0.5859191097795848,0.4908628267406894,0.7828687173554375,0.5449926291429422,0.1348249658853838,0.0130255490669569,2738,1935,266,1061,3265.0,False,False,precision<0.4,,,False,False,Not eligible: precision is below the minimum acceptable operational threshold.,imbalance_training_variants_taiwan.csv,custom class_weights positive_weight=1.5; Calibration improves validation Brier and ECE.; Weighting mainly increases recall and may worsen FP burden.,precision<0.4,precision<0.45; specificity<0.6
taiwan,CatBoost::catboost_auto_sqrtbalanced,imbalance_training:sigmoid:specificity_0_65,threshold=0.160,0.3761227544910179,0.7573474001507159,0.6432698480633426,0.5026256564141035,0.7843434626050887,0.5654415836439259,0.1342759241160024,0.0107334007019902,3006,1667,322,1005,3277.0,False,False,precision<0.4,,,False,False,Not eligible: precision is below the minimum acceptable operational threshold.,imbalance_training_variants_taiwan.csv,auto_class_weights='SqrtBalanced'; Calibration improves validation Brier and ECE.; More balanced than baseline CatBoost: precision improves and FP drops with tolerable recall loss.,precision<0.4,precision<0.45
taiwan,CatBoost::catboost_class_weight_pos_3,imbalance_training:isotonic:cost_optimal_FN5_FP1,threshold=0.175,0.3648600779312788,0.7761868877166541,0.6163064412582924,0.4963855421686747,0.7815685387250042,0.5420605708428373,0.1347625363747242,0.0127471865168781,2880,1793,297,1030,3278.0,False,False,precision<0.4,,,False,False,Not eligible: precision is below the minimum acceptable operational threshold.,imbalance_training_variants_taiwan.csv,custom class_weights positive_weight=3; Calibration improves validation Brier and ECE.; More balanced than baseline CatBoost: precision improves and FP drops with tolerable recall loss.,precision<0.4,precision<0.45
taiwan,CatBoost::catboost_class_weight_pos_3,imbalance_training:uncalibrated:cost_optimal_FN5_FP1,threshold=0.335,0.3664640686449767,0.7724189902034665,0.6208003423924674,0.497090203685742,0.7831872913566059,0.5638330803548723,0.1661587467424007,0.1660489125967305,2901,1772,302,1025,3282.0,False,False,precision<0.4,,,False,False,Not eligible: precision is below the minimum acceptable operational threshold.,imbalance_training_variants_taiwan.csv,custom class_weights positive_weight=3; Reference uncalibrated probability.; More balanced than baseline CatBoost: precision improves and FP drops with tolerable recall loss.,precision<0.4,precision<0.45
taiwan,XGBoost::xgboost_max_delta_step_3,imbalance_training:sigmoid:cost_optimal_FN5_FP1,threshold=0.140,0.3403792353124029,0.8251695553880934,0.5459019901562165,0.4819542253521126,0.7838193595912707,0.5638052687415147,0.1341995566120517,0.0103217971551757,2551,2122,232,1095,3282.0,False,False,precision<0.4; specificity<0.55,,,False,False,Not eligible: precision is below the minimum acceptable operational threshold.,imbalance_training_variants_taiwan.csv,max_delta_step=3; Calibration improves validation Brier and ECE.; Weighting mainly increases recall and may worsen FP burden.,precision<0.4; specificity<0.55,precision<0.45; specificity<0.6
taiwan,Best XGBoost,current_threshold:cost_optimal_current,threshold=0.140,0.3355501813784764,0.8364732479276563,0.529638347956345,0.4789644012944983,0.7826485134584009,0.5624784540120215,0.1343163230559995,0.0095047983326949,2475,2198,217,1110,3283.0,False,False,precision<0.4; specificity<0.55,,,False,False,Not eligible: precision is below the minimum acceptable operational threshold.,current_threshold_baseline_taiwan.csv,frozen final test row read from existing result table; source_model=xgboost; selected on validation within family,precision<0.4; specificity<0.55,precision<0.45; specificity<0.6
taiwan,Best XGBoost,current_threshold:operational_current,threshold=0.140,0.3355501813784764,0.8364732479276563,0.529638347956345,0.4789644012944983,0.7826485134584009,0.5624784540120215,0.1343163230559995,0.0095047983326949,2475,2198,217,1110,3283.0,False,False,precision<0.4; specificity<0.55,,,False,False,Not eligible: precision is below the minimum acceptable operational threshold.,current_threshold_baseline_taiwan.csv,no manual-review band row for this model; operational threshold falls back to current cost-optimal threshold; same numeric threshold as cost_optimal_current; source_model=xgboost; selected on validation within family,precision<0.4; specificity<0.55,precision<0.45; specificity<0.6
taiwan,Best XGBoost,cost_matrix:FN5_FP1,threshold=0.140,0.3355501813784764,0.8364732479276563,0.529638347956345,0.4789644012944984,0.7826485134584009,0.5624784540120215,0.1343163230559995,0.0095047983326949,2475,2198,217,1110,3283.0,False,False,precision<0.4; specificity<0.55,,,False,False,Not eligible: precision is below the minimum acceptable operational threshold.,cost_matrix_sensitivity_taiwan.csv,Reference-like cost tradeoff; use alongside precision/specificity constraints.,precision<0.4; specificity<0.55,precision<0.45; specificity<0.6
taiwan,Best CatBoost,precision_constraint:I_fp_budget_1750,threshold=0.160,0.3653504091070793,0.7739261492087415,0.6182323988872245,0.4963750604156597,0.7853434511554537,0.5639167825429635,0.133690712785661,0.0077638887959482,2889,1784,300,1027,3284.0,False,False,precision<0.4,,,False,False,Not eligible: precision is below the minimum acceptable operational threshold.,precision_constrained_test_results_taiwan.csv,"balanced FP reduction with tolerable recall loss; FP delta=-198, precision delta=0.0139, recall delta=-0.0354, cost delta=37; selected on validation.",precision<0.4,precision<0.45
taiwan,CatBoost::catboost_class_weight_pos_3,imbalance_training:sigmoid:cost_optimal_FN5_FP1,threshold=0.160,0.3754215061820907,0.7550866616428034,0.6432698480633426,0.5015015015015015,0.7831872913566059,0.5638330803548723,0.1343947231826908,0.0134054108149912,3006,1667,325,1002,3292.0,False,False,precision<0.4,,,False,False,Not eligible: precision is below the minimum acceptable operational threshold.,imbalance_training_variants_taiwan.csv,custom class_weights positive_weight=3; Calibration improves validation Brier and ECE.; More balanced than baseline CatBoost: precision improves and FP drops with tolerable recall loss.,precision<0.4,precision<0.45
taiwan,CatBoost::catboost_class_weight_pos_2,imbalance_training:sigmoid:specificity_0_65,threshold=0.165,0.3847962382445141,0.7400150715900528,0.6640273913973893,0.5063160608404228,0.7848663561504132,0.5657364661000575,0.1341440182359731,0.0115450006144766,3103,1570,345,982,3295.0,False,False,precision<0.4,,,False,False,Not eligible: precision is below the minimum acceptable operational threshold.,imbalance_training_variants_taiwan.csv,custom class_weights positive_weight=2; Calibration improves validation Brier and ECE.; More balanced than baseline CatBoost: precision improves and FP drops with tolerable recall loss.,precision<0.4,precision<0.45
taiwan,LightGBM::lightgbm_baseline,imbalance_training:sigmoid:cost_optimal_FN5_FP1,threshold=0.180,0.3781832003040669,0.7498116051243406,0.6499037021185534,0.50277918140475,0.7785942944372028,0.5567928574197627,0.1356935218151835,0.0105408182885294,3037,1636,332,995,3296.0,False,False,precision<0.4,,,False,False,Not eligible: precision is below the minimum acceptable operational threshold.,imbalance_training_variants_taiwan.csv,baseline LightGBM; Calibration improves validation Brier and ECE.; More balanced than baseline CatBoost: precision improves and FP drops with tolerable recall loss.,precision<0.4,precision<0.45
taiwan,LightGBM::lightgbm_scale_pos_weight_1,imbalance_training:sigmoid:cost_optimal_FN5_FP1,threshold=0.180,0.3781832003040669,0.7498116051243406,0.6499037021185534,0.50277918140475,0.7785942944372028,0.5567928574197627,0.1356935218151835,0.0105408182885294,3037,1636,332,995,3296.0,False,False,precision<0.4,,,False,False,Not eligible: precision is below the minimum acceptable operational threshold.,imbalance_training_variants_taiwan.csv,scale_pos_weight=1; Calibration improves validation Brier and ECE.; More balanced than baseline CatBoost: precision improves and FP drops with tolerable recall loss.,precision<0.4,precision<0.45
taiwan,LightGBM::lightgbm_scale_pos_weight_1.5,imbalance_training:isotonic:cost_optimal_FN5_FP1,threshold=0.175,0.3796402602372751,0.747550866616428,0.653113631500107,0.5035532994923858,0.7781741250825865,0.5308030972376593,0.1360499354335005,0.0095806116370736,3052,1621,335,992,3296.0,False,False,precision<0.4; pr_auc<0.54,,,False,False,Not eligible: precision is below the minimum acceptable operational threshold.,imbalance_training_variants_taiwan.csv,scale_pos_weight=1.5; Calibration improves validation Brier and ECE.; More balanced than baseline CatBoost: precision improves and FP drops with tolerable recall loss.,precision<0.4; pr_auc<0.54,precision<0.45; pr_auc<0.54
taiwan,LightGBM::lightgbm_scale_pos_weight_1.5,imbalance_training:isotonic:specificity_0_65,threshold=0.175,0.3796402602372751,0.747550866616428,0.653113631500107,0.5035532994923858,0.7781741250825865,0.5308030972376593,0.1360499354335005,0.0095806116370736,3052,1621,335,992,3296.0,False,False,precision<0.4; pr_auc<0.54,,,False,False,Not eligible: precision is below the minimum acceptable operational threshold.,imbalance_training_variants_taiwan.csv,scale_pos_weight=1.5; Calibration improves validation Brier and ECE.; More balanced than baseline CatBoost: precision improves and FP drops with tolerable recall loss.,precision<0.4; pr_auc<0.54,precision<0.45; pr_auc<0.54
taiwan,XGBoost::xgboost_scale_pos_weight_2,imbalance_training:sigmoid:cost_optimal_FN5_FP1,threshold=0.155,0.3565336062777209,0.787490580256217,0.5964048790926599,0.4908407703147017,0.7827266451230763,0.561783606331061,0.1345611969480564,0.0119252613782307,2787,1886,282,1045,3296.0,False,False,precision<0.4,,,False,False,Not eligible: precision is below the minimum acceptable operational threshold.,imbalance_training_variants_taiwan.csv,scale_pos_weight=2; Calibration improves validation Brier and ECE.; No clear operational improvement over baseline CatBoost.,precision<0.4,precision<0.45; specificity<0.6
taiwan,LightGBM::lightgbm_scale_pos_weight_1.5,imbalance_training:sigmoid:cost_optimal_FN5_FP1,threshold=0.180,0.3783783783783784,0.7490580256217031,0.6505456879948641,0.5027819929185635,0.7795704161426308,0.5562392112765332,0.1356158476140904,0.0094137027011882,3040,1633,333,994,3298.0,False,False,precision<0.4,,,False,False,Not eligible: precision is below the minimum acceptable operational threshold.,imbalance_training_variants_taiwan.csv,scale_pos_weight=1.5; Calibration improves validation Brier and ECE.; More balanced than baseline CatBoost: precision improves and FP drops with tolerable recall loss.,precision<0.4,precision<0.45
taiwan,CatBoost::catboost_class_weight_pos_4,imbalance_training:sigmoid:specificity_0_65,threshold=0.165,0.3781416603198781,0.7483044461190655,0.6505456879948641,0.5024032380470528,0.7817122235820232,0.5621287026739918,0.134547281521838,0.0112858442193325,3040,1633,334,993,3303.0,False,False,precision<0.4,,,False,False,Not eligible: precision is below the minimum acceptable operational threshold.,imbalance_training_variants_taiwan.csv,custom class_weights positive_weight=4; Calibration improves validation Brier and ECE.; More balanced than baseline CatBoost: precision improves and FP drops with tolerable recall loss.,precision<0.4,precision<0.45
taiwan,CatBoost::catboost_class_weight_pos_2,imbalance_training:uncalibrated:specificity_0_65,threshold=0.270,0.3814313346228239,0.7430293896006028,0.6578215279263856,0.5040899795501023,0.7848663561504132,0.5657364661000575,0.14574936170875,0.0987027654322339,3074,1599,341,986,3304.0,False,False,precision<0.4,,,False,False,Not eligible: precision is below the minimum acceptable operational threshold.,imbalance_training_variants_taiwan.csv,custom class_weights positive_weight=2; Reference uncalibrated probability.; More balanced than baseline CatBoost: precision improves and FP drops with tolerable recall loss.,precision<0.4,precision<0.45
taiwan,XGBoost::xgboost_scale_pos_weight_2,imbalance_training:isotonic:cost_optimal_FN5_FP1,threshold=0.195,0.3745318352059925,0.7535795026375283,0.6426278621870319,0.5003752814610958,0.7828410608425543,0.5424150280852518,0.1347615987568765,0.0085306002520571,3003,1670,327,1000,3305.0,False,False,precision<0.4,,,False,False,Not eligible: precision is below the minimum acceptable operational threshold.,imbalance_training_variants_taiwan.csv,scale_pos_weight=2; Calibration improves validation Brier and ECE.; More balanced than baseline CatBoost: precision improves and FP drops with tolerable recall loss.,precision<0.4,precision<0.45
taiwan,LightGBM::lightgbm_scale_pos_weight_3.5,imbalance_training:uncalibrated:precision_0_40,threshold=0.375,0.3994964330675619,0.7174076865109269,0.693772736999786,0.5132075471698113,0.7766913167096458,0.553542013148044,0.1654375767503664,0.1440997805714843,3242,1431,375,952,3306.0,False,False,precision<0.4,,,False,False,Not eligible: precision is below the minimum acceptable operational threshold.,imbalance_training_variants_taiwan.csv,scale_pos_weight=3.5; Reference uncalibrated probability.; More balanced than baseline CatBoost: precision improves and FP drops with tolerable recall loss.,precision<0.4,precision<0.45
taiwan,LightGBM::lightgbm_scale_pos_weight_3.5,imbalance_training:uncalibrated:specificity_0_65,threshold=0.375,0.3994964330675619,0.7174076865109269,0.693772736999786,0.5132075471698113,0.7766913167096458,0.553542013148044,0.1654375767503664,0.1440997805714843,3242,1431,375,952,3306.0,False,False,precision<0.4,,,False,False,Not eligible: precision is below the minimum acceptable operational threshold.,imbalance_training_variants_taiwan.csv,scale_pos_weight=3.5; Reference uncalibrated probability.; More balanced than baseline CatBoost: precision improves and FP drops with tolerable recall loss.,precision<0.4,precision<0.45
taiwan,LightGBM::lightgbm_scale_pos_weight_3.5,imbalance_training:sigmoid:specificity_0_65,threshold=0.200,0.3977509371095377,0.7196684250188395,0.6905628076182324,0.5123390557939914,0.7766913167096458,0.553542013148044,0.136213659451989,0.0113287244411339,3227,1446,372,955,3306.0,False,False,precision<0.4,,,False,False,Not eligible: precision is below the minimum acceptable operational threshold.,imbalance_training_variants_taiwan.csv,scale_pos_weight=3.5; Calibration improves validation Brier and ECE.; More balanced than baseline CatBoost: precision improves and FP drops with tolerable recall loss.,precision<0.4,precision<0.45
taiwan,LightGBM::lightgbm_scale_pos_weight_3.5,imbalance_training:isotonic:precision_0_40,threshold=0.215,0.3994964330675619,0.7174076865109269,0.693772736999786,0.5132075471698113,0.7751069936144901,0.5312988096853148,0.1367056708952432,0.0108558934990673,3242,1431,375,952,3306.0,False,False,precision<0.4; pr_auc<0.54,,,False,False,Not eligible: precision is below the minimum acceptable operational threshold.,imbalance_training_variants_taiwan.csv,scale_pos_weight=3.5; Calibration improves validation Brier and ECE.; More balanced than baseline CatBoost: precision improves and FP drops with tolerable recall loss.,precision<0.4; pr_auc<0.54,precision<0.45; pr_auc<0.54
taiwan,LightGBM::lightgbm_scale_pos_weight_3.5,imbalance_training:isotonic:specificity_0_65,threshold=0.200,0.3977509371095377,0.7196684250188395,0.6905628076182324,0.5123390557939914,0.7751069936144901,0.5312988096853148,0.1367056708952432,0.0108558934990673,3227,1446,372,955,3306.0,False,False,precision<0.4; pr_auc<0.54,,,False,False,Not eligible: precision is below the minimum acceptable operational threshold.,imbalance_training_variants_taiwan.csv,scale_pos_weight=3.5; Calibration improves validation Brier and ECE.; More balanced than baseline CatBoost: precision improves and FP drops with tolerable recall loss.,precision<0.4; pr_auc<0.54,precision<0.45; pr_auc<0.54
taiwan,SCRE-Pareto,current_threshold:cost_optimal_current,threshold=0.160,0.3599303135888502,0.7784476262245666,0.606890648405735,0.4922563736001906,0.7838847515211484,0.5661401114278397,0.1340166575484842,0.0112687581693097,2836,1837,294,1033,3307.0,False,False,precision<0.4,,,False,False,Not eligible: precision is below the minimum acceptable operational threshold.,current_threshold_baseline_taiwan.csv,frozen final test row read from existing result table; SCRE weights/objective/threshold selected on validation only,precision<0.4,precision<0.45
taiwan,SCRE-Pareto,current_threshold:operational_current,threshold=0.160,0.3599303135888502,0.7784476262245666,0.606890648405735,0.4922563736001906,0.7838847515211484,0.5661401114278397,0.1340166575484842,0.0112687581693097,2836,1837,294,1033,3307.0,False,False,precision<0.4,,,False,False,Not eligible: precision is below the minimum acceptable operational threshold.,current_threshold_baseline_taiwan.csv,"threshold-only anchor from manual-review revision; manual band also uses low=0.14, high=0.25, selected on validation; SCRE weights/objective/threshold selected on validation only",precision<0.4,precision<0.45
taiwan,SCRE-Pareto,current_threshold:scre_saved_threshold,threshold=0.160,0.3599303135888502,0.7784476262245666,0.606890648405735,0.4922563736001906,0.7838847515211484,0.5661401114278397,0.1340166575484842,0.0112687581693097,2836,1837,294,1033,3307.0,False,False,precision<0.4,,,False,False,Not eligible: precision is below the minimum acceptable operational threshold.,current_threshold_baseline_taiwan.csv,saved SCRE-Pareto threshold from scre_pareto joblib bundle; SCRE weights/objective/threshold selected on validation only,precision<0.4,precision<0.45
taiwan,XGBoost::xgboost_scale_pos_weight_2_5,imbalance_training:uncalibrated:specificity_0_65,threshold=0.315,0.3766086298258895,0.7498116051243406,0.647549753905414,0.5013857394809775,0.7825756228238638,0.5631724895846492,0.1551029687741119,0.1298231390331251,3026,1647,332,995,3307.0,False,False,precision<0.4,,,False,False,Not eligible: precision is below the minimum acceptable operational threshold.,imbalance_training_variants_taiwan.csv,scale_pos_weight=2.5; Reference uncalibrated probability.; More balanced than baseline CatBoost: precision improves and FP drops with tolerable recall loss.,precision<0.4,precision<0.45
taiwan,XGBoost::xgboost_scale_pos_weight_2_5,imbalance_training:isotonic:cost_optimal_FN5_FP1,threshold=0.180,0.3636686811233559,0.7709118311981914,0.6169484271346031,0.4942028985507246,0.7808549523138826,0.5434676948143063,0.1349077860763149,0.0106594290560496,2883,1790,304,1023,3310.0,False,False,precision<0.4,,,False,False,Not eligible: precision is below the minimum acceptable operational threshold.,imbalance_training_variants_taiwan.csv,scale_pos_weight=2.5; Calibration improves validation Brier and ECE.; More balanced than baseline CatBoost: precision improves and FP drops with tolerable recall loss.,precision<0.4,precision<0.45
taiwan,LightGBM::lightgbm_baseline,imbalance_training:sigmoid:specificity_0_65,threshold=0.190,0.390076643807987,0.7287113790504898,0.6764391183393965,0.5081450341565948,0.7785942944372028,0.5567928574197627,0.1356935218151835,0.0105408182885294,3161,1512,360,967,3312.0,False,False,precision<0.4,,,False,False,Not eligible: precision is below the minimum acceptable operational threshold.,imbalance_training_variants_taiwan.csv,baseline LightGBM; Calibration improves validation Brier and ECE.; More balanced than baseline CatBoost: precision improves and FP drops with tolerable recall loss.,precision<0.4,precision<0.45
taiwan,LightGBM::lightgbm_scale_pos_weight_1,imbalance_training:sigmoid:specificity_0_65,threshold=0.190,0.390076643807987,0.7287113790504898,0.6764391183393965,0.5081450341565948,0.7785942944372028,0.5567928574197627,0.1356935218151835,0.0105408182885294,3161,1512,360,967,3312.0,False,False,precision<0.4,,,False,False,Not eligible: precision is below the minimum acceptable operational threshold.,imbalance_training_variants_taiwan.csv,scale_pos_weight=1; Calibration improves validation Brier and ECE.; More balanced than baseline CatBoost: precision improves and FP drops with tolerable recall loss.,precision<0.4,precision<0.45
taiwan,SCRE-Optimized,current_threshold:cost_optimal_current,threshold=0.160,0.3601117708697171,0.7769404672192917,0.6079606248662529,0.4921241050119331,0.7846896124879075,0.5669357617133086,0.1337668360698752,0.0106719812128829,2841,1832,296,1031,3312.0,False,False,precision<0.4,,,False,False,Not eligible: precision is below the minimum acceptable operational threshold.,current_threshold_baseline_taiwan.csv,frozen final test row read from existing result table; SCRE weights/objective/threshold selected on validation only,precision<0.4,precision<0.45
taiwan,SCRE-Optimized,current_threshold:operational_current,threshold=0.160,0.3601117708697171,0.7769404672192917,0.6079606248662529,0.4921241050119331,0.7846896124879075,0.5669357617133086,0.1337668360698752,0.0106719812128829,2841,1832,296,1031,3312.0,False,False,precision<0.4,,,False,False,Not eligible: precision is below the minimum acceptable operational threshold.,current_threshold_baseline_taiwan.csv,"threshold-only anchor from manual-review revision; manual band also uses low=0.15, high=0.29, selected on validation; SCRE weights/objective/threshold selected on validation only",precision<0.4,precision<0.45
taiwan,SCRE-Optimized,current_threshold:scre_saved_threshold,threshold=0.160,0.3601117708697171,0.7769404672192917,0.6079606248662529,0.4921241050119331,0.7846896124879075,0.5669357617133086,0.1337668360698752,0.0106719812128829,2841,1832,296,1031,3312.0,False,False,precision<0.4,,,False,False,Not eligible: precision is below the minimum acceptable operational threshold.,current_threshold_baseline_taiwan.csv,saved SCRE-Optimized threshold from scre_optimized joblib bundle; SCRE weights/objective/threshold selected on validation only,precision<0.4,precision<0.45
taiwan,SCRE-Optimized,precision_constraint:A_min_precision_0_35,threshold=0.160,0.3601117708697171,0.7769404672192917,0.6079606248662529,0.4921241050119331,0.7846896124879075,0.5669357617133086,0.1337668360698752,0.0106719812128829,2841,1832,296,1031,3312.0,False,False,precision<0.4,,,False,False,Not eligible: precision is below the minimum acceptable operational threshold.,precision_constrained_test_results_taiwan.csv,"constraint keeps or improves FN5/FP1 cost; FP delta=0, precision delta=0.0000, recall delta=0.0000, cost delta=0; selected on validation.",precision<0.4,precision<0.45
taiwan,SCRE-Optimized,precision_constraint:E_min_specificity_0_60,threshold=0.160,0.3601117708697171,0.7769404672192917,0.6079606248662529,0.4921241050119331,0.7846896124879075,0.5669357617133086,0.1337668360698752,0.0106719812128829,2841,1832,296,1031,3312.0,False,False,precision<0.4,,,False,False,Not eligible: precision is below the minimum acceptable operational threshold.,precision_constrained_test_results_taiwan.csv,"constraint keeps or improves FN5/FP1 cost; FP delta=0, precision delta=0.0000, recall delta=0.0000, cost delta=0; selected on validation.",precision<0.4,precision<0.45
taiwan,SCRE-Optimized,precision_constraint:H_fp_budget_2000,threshold=0.160,0.3601117708697171,0.7769404672192917,0.6079606248662529,0.4921241050119331,0.7846896124879075,0.5669357617133086,0.1337668360698752,0.0106719812128829,2841,1832,296,1031,3312.0,False,False,precision<0.4,,,False,False,Not eligible: precision is below the minimum acceptable operational threshold.,precision_constrained_test_results_taiwan.csv,"constraint keeps or improves FN5/FP1 cost; FP delta=0, precision delta=0.0000, recall delta=0.0000, cost delta=0; selected on validation.",precision<0.4,precision<0.45
taiwan,SCRE-Optimized,cost_matrix:FN5_FP1,threshold=0.160,0.3601117708697171,0.7769404672192917,0.6079606248662529,0.4921241050119332,0.7846896124879075,0.5669357617133086,0.1337668360698752,0.0106719812128829,2841,1832,296,1031,3312.0,False,False,precision<0.4,,,False,False,Not eligible: precision is below the minimum acceptable operational threshold.,cost_matrix_sensitivity_taiwan.csv,Reference-like cost tradeoff; use alongside precision/specificity constraints.,precision<0.4,precision<0.45
taiwan,XGBoost::xgboost_scale_pos_weight_2,imbalance_training:sigmoid:precision_0_40,threshold=0.185,0.3967594515995014,0.7196684250188395,0.689278835865611,0.5115158007498661,0.7827266451230763,0.561783606331061,0.1345611969480564,0.0119252613782307,3221,1452,372,955,3312.0,False,False,precision<0.4,,,False,False,Not eligible: precision is below the minimum acceptable operational threshold.,imbalance_training_variants_taiwan.csv,scale_pos_weight=2; Calibration improves validation Brier and ECE.; More balanced than baseline CatBoost: precision improves and FP drops with tolerable recall loss.,precision<0.4,precision<0.45
taiwan,XGBoost::xgboost_scale_pos_weight_2,imbalance_training:uncalibrated:cost_optimal_FN5_FP1,threshold=0.270,0.3743435858964741,0.7520723436322532,0.643055852771239,0.4998747808665163,0.7827266451230763,0.561783606331061,0.1460299809728748,0.095138617745911,3005,1668,329,998,3313.0,False,False,precision<0.4,,,False,False,Not eligible: precision is below the minimum acceptable operational threshold.,imbalance_training_variants_taiwan.csv,scale_pos_weight=2; Reference uncalibrated probability.; More balanced than baseline CatBoost: precision improves and FP drops with tolerable recall loss.,precision<0.4,precision<0.45
taiwan,XGBoost::xgboost_scale_pos_weight_2,imbalance_training:uncalibrated:specificity_0_65,threshold=0.270,0.3743435858964741,0.7520723436322532,0.643055852771239,0.4998747808665163,0.7827266451230763,0.561783606331061,0.1460299809728748,0.095138617745911,3005,1668,329,998,3313.0,False,False,precision<0.4,,,False,False,Not eligible: precision is below the minimum acceptable operational threshold.,imbalance_training_variants_taiwan.csv,scale_pos_weight=2; Reference uncalibrated probability.; More balanced than baseline CatBoost: precision improves and FP drops with tolerable recall loss.,precision<0.4,precision<0.45
taiwan,XGBoost::xgboost_scale_pos_weight_4,imbalance_training:sigmoid:cost_optimal_FN5_FP1,threshold=0.155,0.3522117962466488,0.7920120572720422,0.586347100363792,0.4875898863372767,0.7819599227294769,0.5630047228945264,0.1345267816812368,0.0116168409466323,2740,1933,276,1051,3313.0,False,False,precision<0.4,,,False,False,Not eligible: precision is below the minimum acceptable operational threshold.,imbalance_training_variants_taiwan.csv,scale_pos_weight=4; Calibration improves validation Brier and ECE.; Weighting mainly increases recall and may worsen FP burden.,precision<0.4,precision<0.45; specificity<0.6
taiwan,XGBoost::xgboost_scale_pos_weight_4,imbalance_training:isotonic:cost_optimal_FN5_FP1,threshold=0.175,0.353596757852077,0.7889977392614921,0.5904130109137599,0.488339552238806,0.7806366029352027,0.5406605401577071,0.1346338996653695,0.0113003942740538,2759,1914,280,1047,3314.0,False,False,precision<0.4,,,False,False,Not eligible: precision is below the minimum acceptable operational threshold.,imbalance_training_variants_taiwan.csv,scale_pos_weight=4; Calibration improves validation Brier and ECE.; No clear operational improvement over baseline CatBoost.,precision<0.4,precision<0.45; specificity<0.6
taiwan,XGBoost::xgboost_scale_pos_weight_2,imbalance_training:sigmoid:specificity_0_65,threshold=0.170,0.3759455370650529,0.7490580256217031,0.6469077680291033,0.5006295643414758,0.7827266451230763,0.561783606331061,0.1345611969480564,0.0119252613782307,3023,1650,333,994,3315.0,False,False,precision<0.4,,,False,False,Not eligible: precision is below the minimum acceptable operational threshold.,imbalance_training_variants_taiwan.csv,scale_pos_weight=2; Calibration improves validation Brier and ECE.; More balanced than baseline CatBoost: precision improves and FP drops with tolerable recall loss.,precision<0.4,precision<0.45
taiwan,XGBoost::xgboost_scale_pos_weight_2_5,imbalance_training:uncalibrated:cost_optimal_FN5_FP1,threshold=0.300,0.3621908127208481,0.7724189902034665,0.6137384977530495,0.4931440942987731,0.7825756228238638,0.5631724895846492,0.1551029687741119,0.1298231390331251,2868,1805,302,1025,3315.0,False,False,precision<0.4,,,False,False,Not eligible: precision is below the minimum acceptable operational threshold.,imbalance_training_variants_taiwan.csv,scale_pos_weight=2.5; Reference uncalibrated probability.; More balanced than baseline CatBoost: precision improves and FP drops with tolerable recall loss.,precision<0.4,precision<0.45
taiwan,LightGBM::lightgbm_baseline,imbalance_training:uncalibrated:specificity_0_65,threshold=0.160,0.3806576402321083,0.7415222305953278,0.6573935373421784,0.5030674846625767,0.7785942944372028,0.5567928574197627,0.1363454323961647,0.0288197420089801,3072,1601,343,984,3316.0,False,False,precision<0.4,,,False,False,Not eligible: precision is below the minimum acceptable operational threshold.,imbalance_training_variants_taiwan.csv,baseline LightGBM; Reference uncalibrated probability.; More balanced than baseline CatBoost: precision improves and FP drops with tolerable recall loss.,precision<0.4,precision<0.45
taiwan,LightGBM::lightgbm_scale_pos_weight_1,imbalance_training:uncalibrated:specificity_0_65,threshold=0.160,0.3806576402321083,0.7415222305953278,0.6573935373421784,0.5030674846625767,0.7785942944372028,0.5567928574197627,0.1363454323961647,0.0288197420089801,3072,1601,343,984,3316.0,False,False,precision<0.4,,,False,False,Not eligible: precision is below the minimum acceptable operational threshold.,imbalance_training_variants_taiwan.csv,scale_pos_weight=1; Reference uncalibrated probability.; More balanced than baseline CatBoost: precision improves and FP drops with tolerable recall loss.,precision<0.4,precision<0.45
taiwan,LightGBM::lightgbm_scale_pos_weight_1.5,imbalance_training:uncalibrated:cost_optimal_FN5_FP1,threshold=0.215,0.3836798744605728,0.7370007535795027,0.6638133961052857,0.5046439628482973,0.7795704161426308,0.5562392112765332,0.1390290443614718,0.0435327623947206,3102,1571,349,978,3316.0,False,False,precision<0.4,,,False,False,Not eligible: precision is below the minimum acceptable operational threshold.,imbalance_training_variants_taiwan.csv,scale_pos_weight=1.5; Reference uncalibrated probability.; More balanced than baseline CatBoost: precision improves and FP drops with tolerable recall loss.,precision<0.4,precision<0.45
taiwan,LightGBM::lightgbm_scale_pos_weight_1.5,imbalance_training:uncalibrated:specificity_0_65,threshold=0.215,0.3836798744605728,0.7370007535795027,0.6638133961052857,0.5046439628482973,0.7795704161426308,0.5562392112765332,0.1390290443614718,0.0435327623947206,3102,1571,349,978,3316.0,False,False,precision<0.4,,,False,False,Not eligible: precision is below the minimum acceptable operational threshold.,imbalance_training_variants_taiwan.csv,scale_pos_weight=1.5; Reference uncalibrated probability.; More balanced than baseline CatBoost: precision improves and FP drops with tolerable recall loss.,precision<0.4,precision<0.45
taiwan,CatBoost::catboost_class_weight_pos_4,imbalance_training:uncalibrated:specificity_0_65,threshold=0.420,0.3810077519379845,0.7407686510926903,0.6582495185105928,0.5031993857179421,0.7817122235820232,0.5621287026739918,0.1875058109419519,0.2162095710369689,3076,1597,344,983,3317.0,False,False,precision<0.4,,,False,False,Not eligible: precision is below the minimum acceptable operational threshold.,imbalance_training_variants_taiwan.csv,custom class_weights positive_weight=4; Reference uncalibrated probability.; More balanced than baseline CatBoost: precision improves and FP drops with tolerable recall loss.,precision<0.4,precision<0.45
taiwan,LightGBM::lightgbm_scale_pos_weight_1.5,imbalance_training:sigmoid:specificity_0_65,threshold=0.185,0.3830203442879499,0.7377543330821401,0.6625294243526643,0.5042492917847025,0.7795704161426308,0.5562392112765332,0.1356158476140904,0.0094137027011882,3096,1577,348,979,3317.0,False,False,precision<0.4,,,False,False,Not eligible: precision is below the minimum acceptable operational threshold.,imbalance_training_variants_taiwan.csv,scale_pos_weight=1.5; Calibration improves validation Brier and ECE.; More balanced than baseline CatBoost: precision improves and FP drops with tolerable recall loss.,precision<0.4,precision<0.45
taiwan,XGBoost::xgboost_scale_pos_weight_3_5,imbalance_training:uncalibrated:cost_optimal_FN5_FP1,threshold=0.345,0.3465668727627725,0.8025621703089676,0.570297453456024,0.484090909090909,0.7808583388256641,0.5622854368895934,0.1750757032518017,0.1848190897035723,2665,2008,262,1065,3318.0,False,False,precision<0.4,,,False,False,Not eligible: precision is below the minimum acceptable operational threshold.,imbalance_training_variants_taiwan.csv,scale_pos_weight=3.5; Reference uncalibrated probability.; Weighting mainly increases recall and may worsen FP burden.,precision<0.4,precision<0.45; specificity<0.6
taiwan,CatBoost::catboost_class_weight_pos_3,imbalance_training:uncalibrated:specificity_0_65,threshold=0.350,0.3776250477281405,0.7452901281085155,0.6511876738711748,0.5012671059300557,0.7831872913566059,0.5638330803548723,0.1661587467424007,0.1660489125967305,3043,1630,338,989,3320.0,False,False,precision<0.4,,,False,False,Not eligible: precision is below the minimum acceptable operational threshold.,imbalance_training_variants_taiwan.csv,custom class_weights positive_weight=3; Reference uncalibrated probability.; More balanced than baseline CatBoost: precision improves and FP drops with tolerable recall loss.,precision<0.4,precision<0.45
taiwan,XGBoost::xgboost_scale_pos_weight_4,imbalance_training:uncalibrated:cost_optimal_FN5_FP1,threshold=0.385,0.3528816986855409,0.7889977392614921,0.5891290391611385,0.487657196087564,0.7819599227294769,0.5630047228945264,0.1843173179968907,0.206805329015168,2753,1920,280,1047,3320.0,False,False,precision<0.4,,,False,False,Not eligible: precision is below the minimum acceptable operational threshold.,imbalance_training_variants_taiwan.csv,scale_pos_weight=4; Reference uncalibrated probability.; No clear operational improvement over baseline CatBoost.,precision<0.4,precision<0.45; specificity<0.6
taiwan,CatBoost::catboost_class_weight_pos_3,imbalance_training:sigmoid:specificity_0_65,threshold=0.165,0.3804179566563467,0.7407686510926903,0.6573935373421784,0.5026847353618,0.7831872913566059,0.5638330803548723,0.1343947231826908,0.0134054108149912,3072,1601,344,983,3321.0,False,False,precision<0.4,,,False,False,Not eligible: precision is below the minimum acceptable operational threshold.,imbalance_training_variants_taiwan.csv,custom class_weights positive_weight=3; Calibration improves validation Brier and ECE.; More balanced than baseline CatBoost: precision improves and FP drops with tolerable recall loss.,precision<0.4,precision<0.45
taiwan,XGBoost::xgboost_sample_weight_pos_2,imbalance_training:sigmoid:specificity_0_65,threshold=0.170,0.3749528479818936,0.7490580256217031,0.6454098009843784,0.4997486173956761,0.7809917835161055,0.5612551197991238,0.1346612358440934,0.0125171303481197,3016,1657,333,994,3322.0,False,False,precision<0.4,,,False,False,Not eligible: precision is below the minimum acceptable operational threshold.,imbalance_training_variants_taiwan.csv,sample_weight positive class=2; Calibration improves validation Brier and ECE.; More balanced than baseline CatBoost: precision improves and FP drops with tolerable recall loss.,precision<0.4,precision<0.45
taiwan,CatBoost::catboost_auto_none,imbalance_training:uncalibrated:specificity_0_65,threshold=0.155,0.3734082397003745,0.7513187641296156,0.6419858763107211,0.4988741556167124,0.7846999332857179,0.5645652938868492,0.1341180612097842,0.0130564575085794,3000,1673,330,997,3323.0,False,False,precision<0.4,,,False,False,Not eligible: precision is below the minimum acceptable operational threshold.,imbalance_training_variants_taiwan.csv,auto_class_weights=None; Reference uncalibrated probability.; More balanced than baseline CatBoost: precision improves and FP drops with tolerable recall loss.,precision<0.4,precision<0.45
taiwan,CatBoost::catboost_baseline,imbalance_training:uncalibrated:specificity_0_65,threshold=0.155,0.3734082397003745,0.7513187641296156,0.6419858763107211,0.4988741556167124,0.7846999332857179,0.5645652938868492,0.1341180612097842,0.0130564575085794,3000,1673,330,997,3323.0,False,False,precision<0.4,,,False,False,Not eligible: precision is below the minimum acceptable operational threshold.,imbalance_training_variants_taiwan.csv,baseline CatBoost; Reference uncalibrated probability.; More balanced than baseline CatBoost: precision improves and FP drops with tolerable recall loss.,precision<0.4,precision<0.45
taiwan,LightGBM::lightgbm_scale_pos_weight_4,imbalance_training:sigmoid:cost_optimal_FN5_FP1,threshold=0.180,0.3720238095238095,0.7535795026375283,0.6387759469291675,0.49813200498132,0.7768512084444767,0.5570202713013589,0.1359954653687684,0.0123031401369611,2985,1688,327,1000,3323.0,False,False,precision<0.4,,,False,False,Not eligible: precision is below the minimum acceptable operational threshold.,imbalance_training_variants_taiwan.csv,scale_pos_weight=4; Calibration improves validation Brier and ECE.; More balanced than baseline CatBoost: precision improves and FP drops with tolerable recall loss.,precision<0.4,precision<0.45
taiwan,XGBoost::xgboost_scale_pos_weight_2_5,imbalance_training:sigmoid:cost_optimal_FN5_FP1,threshold=0.165,0.3669691470054446,0.7618688771665411,0.6267922105713675,0.4953454189122978,0.7825756228238638,0.5631724895846492,0.1344336238320014,0.0095620674595354,2929,1744,316,1011,3324.0,False,False,precision<0.4,,,False,False,Not eligible: precision is below the minimum acceptable operational threshold.,imbalance_training_variants_taiwan.csv,scale_pos_weight=2.5; Calibration improves validation Brier and ECE.; More balanced than baseline CatBoost: precision improves and FP drops with tolerable recall loss.,precision<0.4,precision<0.45
taiwan,XGBoost::xgboost_scale_pos_weight_3_5,imbalance_training:isotonic:cost_optimal_FN5_FP1,threshold=0.170,0.3475409836065574,0.79879427279578,0.5741493687138883,0.4843500114233494,0.7798503677832426,0.5466007698590408,0.1347888353965116,0.0113616327714214,2683,1990,267,1060,3325.0,False,False,precision<0.4,,,False,False,Not eligible: precision is below the minimum acceptable operational threshold.,imbalance_training_variants_taiwan.csv,scale_pos_weight=3.5; Calibration improves validation Brier and ECE.; Weighting mainly increases recall and may worsen FP burden.,precision<0.4,precision<0.45; specificity<0.6
taiwan,CatBoost::catboost_auto_none,imbalance_training:sigmoid:specificity_0_65,threshold=0.160,0.3753310631857737,0.747550866616428,0.6466937727369998,0.4997481108312342,0.7846999332857179,0.5645652938868492,0.134113689752387,0.0137249057336244,3022,1651,335,992,3326.0,False,False,precision<0.4,,,False,False,Not eligible: precision is below the minimum acceptable operational threshold.,imbalance_training_variants_taiwan.csv,auto_class_weights=None; Calibration improves Brier but not ECE.; More balanced than baseline CatBoost: precision improves and FP drops with tolerable recall loss.,precision<0.4,precision<0.45
taiwan,CatBoost::catboost_baseline,imbalance_training:sigmoid:specificity_0_65,threshold=0.160,0.3753310631857737,0.747550866616428,0.6466937727369998,0.4997481108312342,0.7846999332857179,0.5645652938868492,0.134113689752387,0.0137249057336244,3022,1651,335,992,3326.0,False,False,precision<0.4,,,False,False,Not eligible: precision is below the minimum acceptable operational threshold.,imbalance_training_variants_taiwan.csv,baseline CatBoost; Calibration improves Brier but not ECE.; More balanced than baseline CatBoost: precision improves and FP drops with tolerable recall loss.,precision<0.4,precision<0.45
taiwan,XGBoost::xgboost_scale_pos_weight_3_5,imbalance_training:sigmoid:cost_optimal_FN5_FP1,threshold=0.150,0.3474270730907899,0.79879427279578,0.5739353734217847,0.4842393787117405,0.7808583388256641,0.5622854368895934,0.1347324018102395,0.010330634571418,2682,1991,267,1060,3326.0,False,False,precision<0.4,,,False,False,Not eligible: precision is below the minimum acceptable operational threshold.,imbalance_training_variants_taiwan.csv,scale_pos_weight=3.5; Calibration improves validation Brier and ECE.; Weighting mainly increases recall and may worsen FP burden.,precision<0.4,precision<0.45; specificity<0.6
taiwan,LightGBM::lightgbm_scale_pos_weight_3,imbalance_training:sigmoid:precision_0_40,threshold=0.200,0.3983193277310924,0.7143933685003768,0.6935587417076824,0.5114647963312652,0.7767025244510182,0.5525147620351946,0.1361103444682003,0.011563991211086,3241,1432,379,948,3327.0,False,False,precision<0.4,,,False,False,Not eligible: precision is below the minimum acceptable operational threshold.,imbalance_training_variants_taiwan.csv,scale_pos_weight=3; Calibration improves validation Brier and ECE.; More balanced than baseline CatBoost: precision improves and FP drops with tolerable recall loss.,precision<0.4,precision<0.45
taiwan,LightGBM::lightgbm_is_unbalance,imbalance_training:sigmoid:cost_optimal_FN5_FP1,threshold=0.175,0.3634416279900035,0.7671439336850038,0.618446394179328,0.4932170542635659,0.7756255330732384,0.5524902637772384,0.136188927996911,0.0150444404006833,2890,1783,309,1018,3328.0,False,False,precision<0.4,,,False,False,Not eligible: precision is below the minimum acceptable operational threshold.,imbalance_training_variants_taiwan.csv,is_unbalance=True; Calibration improves validation Brier and ECE.; More balanced than baseline CatBoost: precision improves and FP drops with tolerable recall loss.,precision<0.4,precision<0.45
taiwan,LightGBM::lightgbm_scale_pos_weight_3,imbalance_training:uncalibrated:cost_optimal_FN5_FP1,threshold=0.320,0.3803799922450562,0.7392614920874152,0.6580355232184892,0.5023041474654378,0.7767025244510182,0.5525147620351946,0.1584898115510419,0.123609596796006,3075,1598,346,981,3328.0,False,False,precision<0.4,,,False,False,Not eligible: precision is below the minimum acceptable operational threshold.,imbalance_training_variants_taiwan.csv,scale_pos_weight=3; Reference uncalibrated probability.; More balanced than baseline CatBoost: precision improves and FP drops with tolerable recall loss.,precision<0.4,precision<0.45
taiwan,LightGBM::lightgbm_scale_pos_weight_3,imbalance_training:uncalibrated:specificity_0_65,threshold=0.320,0.3803799922450562,0.7392614920874152,0.6580355232184892,0.5023041474654378,0.7767025244510182,0.5525147620351946,0.1584898115510419,0.123609596796006,3075,1598,346,981,3328.0,False,False,precision<0.4,,,False,False,Not eligible: precision is below the minimum acceptable operational threshold.,imbalance_training_variants_taiwan.csv,scale_pos_weight=3; Reference uncalibrated probability.; More balanced than baseline CatBoost: precision improves and FP drops with tolerable recall loss.,precision<0.4,precision<0.45
taiwan,XGBoost::xgboost_max_delta_step_3,imbalance_training:uncalibrated:cost_optimal_FN5_FP1,threshold=0.145,0.3519327731092437,0.7889977392614921,0.5874170768243099,0.4867503486750348,0.7838193595912707,0.5638052687415147,0.1342712350492949,0.0137524515250697,2745,1928,280,1047,3328.0,False,False,precision<0.4,,,False,False,Not eligible: precision is below the minimum acceptable operational threshold.,imbalance_training_variants_taiwan.csv,max_delta_step=3; Reference uncalibrated probability.; No clear operational improvement over baseline CatBoost.,precision<0.4,precision<0.45; specificity<0.6
taiwan,CatBoost::catboost_auto_sqrtbalanced,imbalance_training:uncalibrated:specificity_0_65,threshold=0.255,0.3763318112633181,0.7452901281085155,0.6492617162422427,0.500126422250316,0.7843434626050887,0.5654415836439259,0.143788546374693,0.0889074276579161,3034,1639,338,989,3329.0,False,False,precision<0.4,,,False,False,Not eligible: precision is below the minimum acceptable operational threshold.,imbalance_training_variants_taiwan.csv,auto_class_weights='SqrtBalanced'; Reference uncalibrated probability.; More balanced than baseline CatBoost: precision improves and FP drops with tolerable recall loss.,precision<0.4,precision<0.45
taiwan,XGBoost::xgboost_sample_weight_pos_2,imbalance_training:uncalibrated:specificity_0_65,threshold=0.270,0.3730337078651685,0.7505651846269782,0.6417718810186176,0.4983737803352515,0.7809917835161055,0.5612551197991238,0.1461541724083217,0.0949522826218356,2999,1674,331,996,3329.0,False,False,precision<0.4,,,False,False,Not eligible: precision is below the minimum acceptable operational threshold.,imbalance_training_variants_taiwan.csv,sample_weight positive class=2; Reference uncalibrated probability.; More balanced than baseline CatBoost: precision improves and FP drops with tolerable recall loss.,precision<0.4,precision<0.45
taiwan,LightGBM::lightgbm_scale_pos_weight_3,imbalance_training:isotonic:precision_0_40,threshold=0.215,0.3994082840236686,0.7121326299924642,0.6959126899208218,0.511779041429732,0.775103203946544,0.5307309733650738,0.1366859877114185,0.0096913796388588,3252,1421,382,945,3331.0,False,False,precision<0.4; pr_auc<0.54,,,False,False,Not eligible: precision is below the minimum acceptable operational threshold.,imbalance_training_variants_taiwan.csv,scale_pos_weight=3; Calibration improves validation Brier and ECE.; More balanced than baseline CatBoost: precision improves and FP drops with tolerable recall loss.,precision<0.4; pr_auc<0.54,precision<0.45; pr_auc<0.54
taiwan,XGBoost::xgboost_max_delta_step_1,imbalance_training:sigmoid:cost_optimal_FN5_FP1,threshold=0.160,0.3634739099356683,0.7663903541823662,0.6188743847635352,0.4930909090909091,0.7819856440927704,0.5607154702229495,0.1344621864068619,0.0120316362681072,2892,1781,310,1017,3331.0,False,False,precision<0.4,,,False,False,Not eligible: precision is below the minimum acceptable operational threshold.,imbalance_training_variants_taiwan.csv,max_delta_step=1; Calibration improves validation Brier and ECE.; More balanced than baseline CatBoost: precision improves and FP drops with tolerable recall loss.,precision<0.4,precision<0.45
taiwan,Best LightGBM,current_threshold:cost_optimal_current,threshold=0.170,0.3754266211604095,0.746043707611153,0.647549753905414,0.4994954591321897,0.7779753690935001,0.5552375587431584,0.1356135837556778,0.0084868821264251,3026,1647,337,990,3332.0,False,False,precision<0.4,,,False,False,Not eligible: precision is below the minimum acceptable operational threshold.,current_threshold_baseline_taiwan.csv,frozen final test row read from existing result table; source_model=lightgbm; selected on validation within family,precision<0.4,precision<0.45
taiwan,Best LightGBM,current_threshold:operational_current,threshold=0.170,0.3754266211604095,0.746043707611153,0.647549753905414,0.4994954591321897,0.7779753690935001,0.5552375587431584,0.1356135837556778,0.0084868821264251,3026,1647,337,990,3332.0,False,False,precision<0.4,,,False,False,Not eligible: precision is below the minimum acceptable operational threshold.,current_threshold_baseline_taiwan.csv,no manual-review band row for this model; operational threshold falls back to current cost-optimal threshold; same numeric threshold as cost_optimal_current; source_model=lightgbm; selected on validation within family,precision<0.4,precision<0.45
taiwan,Best LightGBM,precision_constraint:A_min_precision_0_35,threshold=0.170,0.3754266211604095,0.746043707611153,0.647549753905414,0.4994954591321897,0.7779753690935001,0.5552375587431584,0.1356135837556778,0.0084868821264251,3026,1647,337,990,3332.0,False,False,precision<0.4,,,False,False,Not eligible: precision is below the minimum acceptable operational threshold.,precision_constrained_test_results_taiwan.csv,"constraint keeps or improves FN5/FP1 cost; FP delta=0, precision delta=0.0000, recall delta=0.0000, cost delta=0; selected on validation.",precision<0.4,precision<0.45
taiwan,Best LightGBM,precision_constraint:E_min_specificity_0_60,threshold=0.170,0.3754266211604095,0.746043707611153,0.647549753905414,0.4994954591321897,0.7779753690935001,0.5552375587431584,0.1356135837556778,0.0084868821264251,3026,1647,337,990,3332.0,False,False,precision<0.4,,,False,False,Not eligible: precision is below the minimum acceptable operational threshold.,precision_constrained_test_results_taiwan.csv,"constraint keeps or improves FN5/FP1 cost; FP delta=0, precision delta=0.0000, recall delta=0.0000, cost delta=0; selected on validation.",precision<0.4,precision<0.45
taiwan,Best LightGBM,precision_constraint:F_min_specificity_0_65,threshold=0.170,0.3754266211604095,0.746043707611153,0.647549753905414,0.4994954591321897,0.7779753690935001,0.5552375587431584,0.1356135837556778,0.0084868821264251,3026,1647,337,990,3332.0,False,False,precision<0.4,,,False,False,Not eligible: precision is below the minimum acceptable operational threshold.,precision_constrained_test_results_taiwan.csv,"constraint keeps or improves FN5/FP1 cost; FP delta=0, precision delta=0.0000, recall delta=0.0000, cost delta=0; selected on validation.",precision<0.4,precision<0.45
taiwan,Best LightGBM,precision_constraint:H_fp_budget_2000,threshold=0.170,0.3754266211604095,0.746043707611153,0.647549753905414,0.4994954591321897,0.7779753690935001,0.5552375587431584,0.1356135837556778,0.0084868821264251,3026,1647,337,990,3332.0,False,False,precision<0.4,,,False,False,Not eligible: precision is below the minimum acceptable operational threshold.,precision_constrained_test_results_taiwan.csv,"constraint keeps or improves FN5/FP1 cost; FP delta=0, precision delta=0.0000, recall delta=0.0000, cost delta=0; selected on validation.",precision<0.4,precision<0.45
taiwan,Best LightGBM,precision_constraint:I_fp_budget_1750,threshold=0.170,0.3754266211604095,0.746043707611153,0.647549753905414,0.4994954591321897,0.7779753690935001,0.5552375587431584,0.1356135837556778,0.0084868821264251,3026,1647,337,990,3332.0,False,False,precision<0.4,,,False,False,Not eligible: precision is below the minimum acceptable operational threshold.,precision_constrained_test_results_taiwan.csv,"constraint keeps or improves FN5/FP1 cost; FP delta=0, precision delta=0.0000, recall delta=0.0000, cost delta=0; selected on validation.",precision<0.4,precision<0.45
taiwan,Best LightGBM,cost_matrix:FN5_FP1,threshold=0.170,0.3754266211604095,0.746043707611153,0.647549753905414,0.4994954591321897,0.7779753690935001,0.5552375587431584,0.1356135837556778,0.0084868821264251,3026,1647,337,990,3332.0,False,False,precision<0.4,,,False,False,Not eligible: precision is below the minimum acceptable operational threshold.,cost_matrix_sensitivity_taiwan.csv,Reference-like cost tradeoff; use alongside precision/specificity constraints.,precision<0.4,precision<0.45
taiwan,LightGBM::lightgbm_baseline,imbalance_training:uncalibrated:cost_optimal_FN5_FP1,threshold=0.145,0.3616719801629472,0.7694046721929163,0.6143804836293602,0.4920481927710843,0.7785942944372028,0.5567928574197627,0.1363454323961647,0.0288197420089801,2871,1802,306,1021,3332.0,False,False,precision<0.4,,,False,False,Not eligible: precision is below the minimum acceptable operational threshold.,imbalance_training_variants_taiwan.csv,baseline LightGBM; Reference uncalibrated probability.; More balanced than baseline CatBoost: precision improves and FP drops with tolerable recall loss.,precision<0.4,precision<0.45
taiwan,LightGBM::lightgbm_scale_pos_weight_1,imbalance_training:uncalibrated:cost_optimal_FN5_FP1,threshold=0.145,0.3616719801629472,0.7694046721929163,0.6143804836293602,0.4920481927710843,0.7785942944372028,0.5567928574197627,0.1363454323961647,0.0288197420089801,2871,1802,306,1021,3332.0,False,False,precision<0.4,,,False,False,Not eligible: precision is below the minimum acceptable operational threshold.,imbalance_training_variants_taiwan.csv,scale_pos_weight=1; Reference uncalibrated probability.; More balanced than baseline CatBoost: precision improves and FP drops with tolerable recall loss.,precision<0.4,precision<0.45
taiwan,LightGBM::lightgbm_scale_pos_weight_2,imbalance_training:sigmoid:cost_optimal_FN5_FP1,threshold=0.175,0.3672131147540983,0.7596081386586285,0.6282901776160924,0.4950884086444008,0.7791419417710264,0.5537490189711668,0.135825431990535,0.0095527013664718,2936,1737,319,1008,3332.0,False,False,precision<0.4,,,False,False,Not eligible: precision is below the minimum acceptable operational threshold.,imbalance_training_variants_taiwan.csv,scale_pos_weight=2; Calibration improves validation Brier and ECE.; More balanced than baseline CatBoost: precision improves and FP drops with tolerable recall loss.,precision<0.4,precision<0.45
taiwan,LightGBM::lightgbm_scale_pos_weight_2.5,imbalance_training:uncalibrated:cost_optimal_FN5_FP1,threshold=0.255,0.355258650222679,0.7814619442351168,0.5972608602610743,0.4884597268016957,0.7767228435217078,0.5520374225312856,0.151482967934668,0.1004888056528262,2791,1882,290,1037,3332.0,False,False,precision<0.4,,,False,False,Not eligible: precision is below the minimum acceptable operational threshold.,imbalance_training_variants_taiwan.csv,scale_pos_weight=2.5; Reference uncalibrated probability.; No clear operational improvement over baseline CatBoost.,precision<0.4,precision<0.45; specificity<0.6
taiwan,LightGBM::lightgbm_scale_pos_weight_4,imbalance_training:uncalibrated:cost_optimal_FN5_FP1,threshold=0.360,0.3703292637809841,0.7543330821401658,0.6357800128397175,0.4967741935483871,0.7768512084444767,0.5570202713013589,0.1720953041212135,0.1614482847480534,2971,1702,326,1001,3332.0,False,False,precision<0.4,,,False,False,Not eligible: precision is below the minimum acceptable operational threshold.,imbalance_training_variants_taiwan.csv,scale_pos_weight=4; Reference uncalibrated probability.; More balanced than baseline CatBoost: precision improves and FP drops with tolerable recall loss.,precision<0.4,precision<0.45
taiwan,LightGBM::lightgbm_scale_pos_weight_2.5,imbalance_training:uncalibrated:specificity_0_65,threshold=0.290,0.3786594761171032,0.7407686510926903,0.6548255938369356,0.5011470813153198,0.7767228435217078,0.5520374225312856,0.151482967934668,0.1004888056528262,3060,1613,344,983,3333.0,False,False,precision<0.4,,,False,False,Not eligible: precision is below the minimum acceptable operational threshold.,imbalance_training_variants_taiwan.csv,scale_pos_weight=2.5; Reference uncalibrated probability.; More balanced than baseline CatBoost: precision improves and FP drops with tolerable recall loss.,precision<0.4,precision<0.45
taiwan,SCRE-Optimized,precision_constraint:I_fp_budget_1750,threshold=0.165,0.367959034381858,0.7581009796533534,0.6302161352450246,0.4954444718049741,0.7846896124879075,0.5669357617133086,0.1337668360698752,0.0106719812128829,2945,1728,321,1006,3333.0,False,False,precision<0.4,,,False,False,Not eligible: precision is below the minimum acceptable operational threshold.,precision_constrained_test_results_taiwan.csv,"balanced FP reduction with tolerable recall loss; FP delta=-104, precision delta=0.0078, recall delta=-0.0188, cost delta=21; selected on validation.",precision<0.4,precision<0.45
taiwan,XGBoost::xgboost_scale_pos_weight_2,imbalance_training:uncalibrated:precision_0_40,threshold=0.290,0.3927691043549712,0.720422004521477,0.683714958270918,0.5083754320659398,0.7827266451230763,0.561783606331061,0.1460299809728748,0.095138617745911,3195,1478,371,956,3333.0,False,False,precision<0.4,,,False,False,Not eligible: precision is below the minimum acceptable operational threshold.,imbalance_training_variants_taiwan.csv,scale_pos_weight=2; Reference uncalibrated probability.; More balanced than baseline CatBoost: precision improves and FP drops with tolerable recall loss.,precision<0.4,precision<0.45
taiwan,LightGBM::lightgbm_scale_pos_weight_3,imbalance_training:sigmoid:cost_optimal_FN5_FP1,threshold=0.185,0.3794970986460348,0.7392614920874152,0.6567515514658677,0.5015337423312883,0.7767025244510182,0.5525147620351946,0.1361103444682003,0.011563991211086,3069,1604,346,981,3334.0,False,False,precision<0.4,,,False,False,Not eligible: precision is below the minimum acceptable operational threshold.,imbalance_training_variants_taiwan.csv,scale_pos_weight=3; Calibration improves validation Brier and ECE.; More balanced than baseline CatBoost: precision improves and FP drops with tolerable recall loss.,precision<0.4,precision<0.45
taiwan,LightGBM::lightgbm_scale_pos_weight_3,imbalance_training:sigmoid:specificity_0_65,threshold=0.185,0.3794970986460348,0.7392614920874152,0.6567515514658677,0.5015337423312883,0.7767025244510182,0.5525147620351946,0.1361103444682003,0.011563991211086,3069,1604,346,981,3334.0,False,False,precision<0.4,,,False,False,Not eligible: precision is below the minimum acceptable operational threshold.,imbalance_training_variants_taiwan.csv,scale_pos_weight=3; Calibration improves validation Brier and ECE.; More balanced than baseline CatBoost: precision improves and FP drops with tolerable recall loss.,precision<0.4,precision<0.45
taiwan,XGBoost::xgboost_max_delta_step_3,imbalance_training:isotonic:cost_optimal_FN5_FP1,threshold=0.170,0.3512244213351224,0.7889977392614921,0.5861331050716885,0.4860724233983287,0.782574816511535,0.5416550812126801,0.1346587550203838,0.0092321174639623,2739,1934,280,1047,3334.0,False,False,precision<0.4,,,False,False,Not eligible: precision is below the minimum acceptable operational threshold.,imbalance_training_variants_taiwan.csv,max_delta_step=3; Calibration improves validation Brier and ECE.; No clear operational improvement over baseline CatBoost.,precision<0.4,precision<0.45; specificity<0.6
taiwan,XGBoost::xgboost_sample_weight_pos_2,imbalance_training:uncalibrated:cost_optimal_FN5_FP1,threshold=0.255,0.3585629577956051,0.774679728711379,0.606462657821528,0.4902241297091082,0.7809917835161055,0.5612551197991238,0.1461541724083217,0.0949522826218356,2834,1839,299,1028,3334.0,False,False,precision<0.4,,,False,False,Not eligible: precision is below the minimum acceptable operational threshold.,imbalance_training_variants_taiwan.csv,sample_weight positive class=2; Reference uncalibrated probability.; No clear operational improvement over baseline CatBoost.,precision<0.4,precision<0.45
taiwan,XGBoost::xgboost_max_delta_step_3,imbalance_training:isotonic:precision_0_40,threshold=0.185,0.3886198547215496,0.7256970610399397,0.6757971324630858,0.5061760840998686,0.782574816511535,0.5416550812126801,0.1346587550203838,0.0092321174639623,3158,1515,364,963,3335.0,False,False,precision<0.4,,,False,False,Not eligible: precision is below the minimum acceptable operational threshold.,imbalance_training_variants_taiwan.csv,max_delta_step=3; Calibration improves validation Brier and ECE.; More balanced than baseline CatBoost: precision improves and FP drops with tolerable recall loss.,precision<0.4,precision<0.45
taiwan,XGBoost::xgboost_max_delta_step_3,imbalance_training:isotonic:specificity_0_65,threshold=0.185,0.3886198547215496,0.7256970610399397,0.6757971324630858,0.5061760840998686,0.782574816511535,0.5416550812126801,0.1346587550203838,0.0092321174639623,3158,1515,364,963,3335.0,False,False,precision<0.4,,,False,False,Not eligible: precision is below the minimum acceptable operational threshold.,imbalance_training_variants_taiwan.csv,max_delta_step=3; Calibration improves validation Brier and ECE.; More balanced than baseline CatBoost: precision improves and FP drops with tolerable recall loss.,precision<0.4,precision<0.45
taiwan,LightGBM::lightgbm_scale_pos_weight_2.5,imbalance_training:sigmoid:cost_optimal_FN5_FP1,threshold=0.165,0.3547724940130003,0.7814619442351168,0.5964048790926599,0.488,0.7767228435217078,0.5520374225312856,0.1360883276301708,0.0111950181480029,2787,1886,290,1037,3336.0,False,False,precision<0.4,,,False,False,Not eligible: precision is below the minimum acceptable operational threshold.,imbalance_training_variants_taiwan.csv,scale_pos_weight=2.5; Calibration improves validation Brier and ECE.; No clear operational improvement over baseline CatBoost.,precision<0.4,precision<0.45; specificity<0.6
taiwan,LightGBM::lightgbm_scale_pos_weight_2.5,imbalance_training:isotonic:specificity_0_65,threshold=0.200,0.3782223932281647,0.7407686510926903,0.6541836079606249,0.5007641365257259,0.7760906946558103,0.5307762351853427,0.1368045450342468,0.0128927250396334,3057,1616,344,983,3336.0,False,False,precision<0.4; pr_auc<0.54,,,False,False,Not eligible: precision is below the minimum acceptable operational threshold.,imbalance_training_variants_taiwan.csv,scale_pos_weight=2.5; Calibration improves validation Brier and ECE.; More balanced than baseline CatBoost: precision improves and FP drops with tolerable recall loss.,precision<0.4; pr_auc<0.54,precision<0.45; pr_auc<0.54
taiwan,LightGBM::lightgbm_scale_pos_weight_4,imbalance_training:isotonic:cost_optimal_FN5_FP1,threshold=0.195,0.3753320683111954,0.7452901281085155,0.6477637491975177,0.4992428066633013,0.7762559886832452,0.5396243758609711,0.1364026688283639,0.0157739782416891,3027,1646,338,989,3336.0,False,False,precision<0.4; pr_auc<0.54,,,False,False,Not eligible: precision is below the minimum acceptable operational threshold.,imbalance_training_variants_taiwan.csv,scale_pos_weight=4; Calibration improves validation Brier and ECE.; More balanced than baseline CatBoost: precision improves and FP drops with tolerable recall loss.,precision<0.4; pr_auc<0.54,precision<0.45; pr_auc<0.54
taiwan,XGBoost::xgboost_max_delta_step_1,imbalance_training:uncalibrated:cost_optimal_FN5_FP1,threshold=0.155,0.3645196113709967,0.7633760361718162,0.6220843141450888,0.4934242571846079,0.7819856440927704,0.5607154702229495,0.1345293026565397,0.0139914080721015,2907,1766,314,1013,3336.0,False,False,precision<0.4,,,False,False,Not eligible: precision is below the minimum acceptable operational threshold.,imbalance_training_variants_taiwan.csv,max_delta_step=1; Reference uncalibrated probability.; More balanced than baseline CatBoost: precision improves and FP drops with tolerable recall loss.,precision<0.4,precision<0.45
taiwan,LightGBM::lightgbm_baseline,imbalance_training:isotonic:cost_optimal_FN5_FP1,threshold=0.170,0.3451298701298701,0.8010550113036925,0.5683714958270918,0.4824143408214204,0.7780687400611928,0.5394869110200905,0.136415700350804,0.0137949900018827,2656,2017,264,1063,3337.0,False,False,precision<0.4; pr_auc<0.54,,,False,False,Not eligible: precision is below the minimum acceptable operational threshold.,imbalance_training_variants_taiwan.csv,baseline LightGBM; Calibration improves validation Brier and ECE.; Weighting mainly increases recall and may worsen FP burden.,precision<0.4; pr_auc<0.54,precision<0.45; specificity<0.6; pr_auc<0.54
taiwan,LightGBM::lightgbm_scale_pos_weight_1,imbalance_training:isotonic:cost_optimal_FN5_FP1,threshold=0.170,0.3451298701298701,0.8010550113036925,0.5683714958270918,0.4824143408214204,0.7780687400611928,0.5394869110200905,0.136415700350804,0.0137949900018827,2656,2017,264,1063,3337.0,False,False,precision<0.4; pr_auc<0.54,,,False,False,Not eligible: precision is below the minimum acceptable operational threshold.,imbalance_training_variants_taiwan.csv,scale_pos_weight=1; Calibration improves validation Brier and ECE.; Weighting mainly increases recall and may worsen FP burden.,precision<0.4; pr_auc<0.54,precision<0.45; specificity<0.6; pr_auc<0.54
taiwan,XGBoost::xgboost_sample_weight_pos_2,imbalance_training:isotonic:cost_optimal_FN5_FP1,threshold=0.180,0.3584642233856893,0.7739261492087415,0.6066766531136315,0.4899809160305343,0.778540352142396,0.539954287359745,0.1352473024396937,0.0084371180451051,2835,1838,300,1027,3338.0,False,False,precision<0.4; pr_auc<0.54,,,False,False,Not eligible: precision is below the minimum acceptable operational threshold.,imbalance_training_variants_taiwan.csv,sample_weight positive class=2; Calibration improves validation Brier and ECE.; No clear operational improvement over baseline CatBoost.,precision<0.4; pr_auc<0.54,precision<0.45; pr_auc<0.54
taiwan,XGBoost::xgboost_scale_pos_weight_2_5,imbalance_training:sigmoid:specificity_0_65,threshold=0.175,0.380896686159844,0.7362471740768651,0.6601754761395249,0.5020554984583762,0.7825756228238638,0.5631724895846492,0.1344336238320014,0.0095620674595354,3085,1588,350,977,3338.0,False,False,precision<0.4,,,False,False,Not eligible: precision is below the minimum acceptable operational threshold.,imbalance_training_variants_taiwan.csv,scale_pos_weight=2.5; Calibration improves validation Brier and ECE.; More balanced than baseline CatBoost: precision improves and FP drops with tolerable recall loss.,precision<0.4,precision<0.45
taiwan,LightGBM::lightgbm_scale_pos_weight_3,imbalance_training:uncalibrated:precision_0_40,threshold=0.350,0.3996605854900297,0.7098718914845517,0.6971966616734432,0.511400651465798,0.7767025244510182,0.5525147620351946,0.1584898115510419,0.123609596796006,3258,1415,385,942,3340.0,False,False,precision<0.4,,,False,False,Not eligible: precision is below the minimum acceptable operational threshold.,imbalance_training_variants_taiwan.csv,scale_pos_weight=3; Reference uncalibrated probability.; More balanced than baseline CatBoost: precision improves and FP drops with tolerable recall loss.,precision<0.4,precision<0.45
taiwan,LightGBM::lightgbm_scale_pos_weight_3,imbalance_training:isotonic:cost_optimal_FN5_FP1,threshold=0.185,0.378618294094944,0.7392614920874152,0.6554675797132463,0.5007656967840735,0.775103203946544,0.5307309733650738,0.1366859877114185,0.0096913796388588,3063,1610,346,981,3340.0,False,False,precision<0.4; pr_auc<0.54,,,False,False,Not eligible: precision is below the minimum acceptable operational threshold.,imbalance_training_variants_taiwan.csv,scale_pos_weight=3; Calibration improves validation Brier and ECE.; More balanced than baseline CatBoost: precision improves and FP drops with tolerable recall loss.,precision<0.4; pr_auc<0.54,precision<0.45; pr_auc<0.54
taiwan,LightGBM::lightgbm_scale_pos_weight_3,imbalance_training:isotonic:specificity_0_65,threshold=0.185,0.378618294094944,0.7392614920874152,0.6554675797132463,0.5007656967840735,0.775103203946544,0.5307309733650738,0.1366859877114185,0.0096913796388588,3063,1610,346,981,3340.0,False,False,precision<0.4; pr_auc<0.54,,,False,False,Not eligible: precision is below the minimum acceptable operational threshold.,imbalance_training_variants_taiwan.csv,scale_pos_weight=3; Calibration improves validation Brier and ECE.; More balanced than baseline CatBoost: precision improves and FP drops with tolerable recall loss.,precision<0.4; pr_auc<0.54,precision<0.45; pr_auc<0.54
taiwan,LightGBM::lightgbm_is_unbalance,imbalance_training:uncalibrated:cost_optimal_FN5_FP1,threshold=0.320,0.358089260808926,0.7739261492087415,0.6060346672373208,0.4896305125148986,0.7756255330732384,0.5524902637772384,0.1657363850233998,0.144475037331712,2832,1841,300,1027,3341.0,False,False,precision<0.4,,,False,False,Not eligible: precision is below the minimum acceptable operational threshold.,imbalance_training_variants_taiwan.csv,is_unbalance=True; Reference uncalibrated probability.; No clear operational improvement over baseline CatBoost.,precision<0.4,precision<0.45
taiwan,LightGBM::lightgbm_scale_pos_weight_2.5,imbalance_training:isotonic:cost_optimal_FN5_FP1,threshold=0.180,0.3557162534435262,0.7784476262245666,0.5996148084742136,0.4883006381470102,0.7760906946558103,0.5307762351853427,0.1368045450342468,0.0128927250396334,2802,1871,294,1033,3341.0,False,False,precision<0.4; pr_auc<0.54,,,False,False,Not eligible: precision is below the minimum acceptable operational threshold.,imbalance_training_variants_taiwan.csv,scale_pos_weight=2.5; Calibration improves validation Brier and ECE.; No clear operational improvement over baseline CatBoost.,precision<0.4; pr_auc<0.54,precision<0.45; specificity<0.6; pr_auc<0.54
taiwan,Best LightGBM,precision_constraint:B_min_precision_0_40,threshold=0.180,0.3917145200984413,0.7196684250188395,0.6826449818104001,0.5073041168658698,0.7779753690935001,0.5552375587431584,0.1356135837556778,0.0084868821264251,3190,1483,372,955,3343.0,False,False,precision<0.4,,,False,False,Not eligible: precision is below the minimum acceptable operational threshold.,precision_constrained_test_results_taiwan.csv,"balanced FP reduction with tolerable recall loss; FP delta=-164, precision delta=0.0163, recall delta=-0.0264, cost delta=11; selected on validation.",precision<0.4,precision<0.45
taiwan,Best LightGBM,precision_constraint:J_fp_budget_1500,threshold=0.180,0.3917145200984413,0.7196684250188395,0.6826449818104001,0.5073041168658698,0.7779753690935001,0.5552375587431584,0.1356135837556778,0.0084868821264251,3190,1483,372,955,3343.0,False,False,precision<0.4,,,False,False,Not eligible: precision is below the minimum acceptable operational threshold.,precision_constrained_test_results_taiwan.csv,"balanced FP reduction with tolerable recall loss; FP delta=-164, precision delta=0.0163, recall delta=-0.0264, cost delta=11; selected on validation.",precision<0.4,precision<0.45
taiwan,Best LightGBM,precision_constraint:K_precision_0_40_recall_0_65,threshold=0.180,0.3917145200984413,0.7196684250188395,0.6826449818104001,0.5073041168658698,0.7779753690935001,0.5552375587431584,0.1356135837556778,0.0084868821264251,3190,1483,372,955,3343.0,False,False,precision<0.4,,,False,False,Not eligible: precision is below the minimum acceptable operational threshold.,precision_constrained_test_results_taiwan.csv,"balanced FP reduction with tolerable recall loss; FP delta=-164, precision delta=0.0163, recall delta=-0.0264, cost delta=11; selected on validation.",precision<0.4,precision<0.45
taiwan,Best LightGBM,precision_constraint:M_precision_0_40_specificity_0_60,threshold=0.180,0.3917145200984413,0.7196684250188395,0.6826449818104001,0.5073041168658698,0.7779753690935001,0.5552375587431584,0.1356135837556778,0.0084868821264251,3190,1483,372,955,3343.0,False,False,precision<0.4,,,False,False,Not eligible: precision is below the minimum acceptable operational threshold.,precision_constrained_test_results_taiwan.csv,"balanced FP reduction with tolerable recall loss; FP delta=-164, precision delta=0.0163, recall delta=-0.0264, cost delta=11; selected on validation.",precision<0.4,precision<0.45
taiwan,LightGBM::lightgbm_is_unbalance,imbalance_training:isotonic:cost_optimal_FN5_FP1,threshold=0.170,0.3586424072778166,0.7724189902034665,0.6077466295741494,0.4898446833930705,0.7747894678193492,0.5369948600291842,0.1362776186813121,0.0125160169999064,2840,1833,302,1025,3343.0,False,False,precision<0.4; pr_auc<0.54,,,False,False,Not eligible: precision is below the minimum acceptable operational threshold.,imbalance_training_variants_taiwan.csv,is_unbalance=True; Calibration improves validation Brier and ECE.; No clear operational improvement over baseline CatBoost.,precision<0.4; pr_auc<0.54,precision<0.45; pr_auc<0.54
taiwan,LightGBM::lightgbm_scale_pos_weight_2.5,imbalance_training:sigmoid:specificity_0_65,threshold=0.185,0.3767228177641654,0.7415222305953278,0.651615664455382,0.4996191926884996,0.7767228435217078,0.5520374225312856,0.1360883276301708,0.0111950181480029,3045,1628,343,984,3343.0,False,False,precision<0.4,,,False,False,Not eligible: precision is below the minimum acceptable operational threshold.,imbalance_training_variants_taiwan.csv,scale_pos_weight=2.5; Calibration improves validation Brier and ECE.; More balanced than baseline CatBoost: precision improves and FP drops with tolerable recall loss.,precision<0.4,precision<0.45
taiwan,XGBoost::xgboost_max_delta_step_3,imbalance_training:sigmoid:precision_0_40,threshold=0.185,0.3968120805369127,0.7128862094951017,0.692274769955061,0.5098356238210725,0.7838193595912707,0.5638052687415147,0.1341995566120517,0.0103217971551757,3235,1438,381,946,3343.0,False,False,precision<0.4,,,False,False,Not eligible: precision is below the minimum acceptable operational threshold.,imbalance_training_variants_taiwan.csv,max_delta_step=3; Calibration improves validation Brier and ECE.; More balanced than baseline CatBoost: precision improves and FP drops with tolerable recall loss.,precision<0.4,precision<0.45
taiwan,XGBoost::xgboost_max_delta_step_3,imbalance_training:sigmoid:specificity_0_65,threshold=0.185,0.3968120805369127,0.7128862094951017,0.692274769955061,0.5098356238210725,0.7838193595912707,0.5638052687415147,0.1341995566120517,0.0103217971551757,3235,1438,381,946,3343.0,False,False,precision<0.4,,,False,False,Not eligible: precision is below the minimum acceptable operational threshold.,imbalance_training_variants_taiwan.csv,max_delta_step=3; Calibration improves validation Brier and ECE.; More balanced than baseline CatBoost: precision improves and FP drops with tolerable recall loss.,precision<0.4,precision<0.45
taiwan,LightGBM::lightgbm_is_unbalance,imbalance_training:isotonic:specificity_0_65,threshold=0.190,0.3872135102533172,0.7256970610399397,0.6738711748341536,0.5049816465652858,0.7747894678193492,0.5369948600291842,0.1362776186813121,0.0125160169999064,3149,1524,364,963,3344.0,False,False,precision<0.4; pr_auc<0.54,,,False,False,Not eligible: precision is below the minimum acceptable operational threshold.,imbalance_training_variants_taiwan.csv,is_unbalance=True; Calibration improves validation Brier and ECE.; More balanced than baseline CatBoost: precision improves and FP drops with tolerable recall loss.,precision<0.4; pr_auc<0.54,precision<0.45; pr_auc<0.54
taiwan,XGBoost::xgboost_sample_weight_pos_2,imbalance_training:sigmoid:cost_optimal_FN5_FP1,threshold=0.160,0.359732488560366,0.7701582516955539,0.6107425636635994,0.4904030710172745,0.7809917835161055,0.5612551197991238,0.1346612358440934,0.0125171303481197,2854,1819,305,1022,3344.0,False,False,precision<0.4,,,False,False,Not eligible: precision is below the minimum acceptable operational threshold.,imbalance_training_variants_taiwan.csv,sample_weight positive class=2; Calibration improves validation Brier and ECE.; No clear operational improvement over baseline CatBoost.,precision<0.4,precision<0.45
taiwan,LightGBM::lightgbm_scale_pos_weight_3.5,imbalance_training:sigmoid:cost_optimal_FN5_FP1,threshold=0.160,0.3459777632439503,0.7972871137905049,0.5720094157928526,0.4825541619156214,0.7766913167096458,0.553542013148044,0.136213659451989,0.0113287244411339,2673,2000,269,1058,3345.0,False,False,precision<0.4,,,False,False,Not eligible: precision is below the minimum acceptable operational threshold.,imbalance_training_variants_taiwan.csv,scale_pos_weight=3.5; Calibration improves validation Brier and ECE.; Weighting mainly increases recall and may worsen FP burden.,precision<0.4,precision<0.45; specificity<0.6
taiwan,LightGBM::lightgbm_baseline,imbalance_training:isotonic:precision_0_40,threshold=0.185,0.4020618556701031,0.7053504144687265,0.7021185533918254,0.5121751025991792,0.7780687400611928,0.5394869110200905,0.136415700350804,0.0137949900018827,3281,1392,391,936,3347.0,False,False,pr_auc<0.54,,,False,False,Not eligible: ranking quality is below dataset minimum.,imbalance_training_variants_taiwan.csv,baseline LightGBM; Calibration improves validation Brier and ECE.; More balanced than baseline CatBoost: precision improves and FP drops with tolerable recall loss.,pr_auc<0.54,precision<0.45; pr_auc<0.54
taiwan,LightGBM::lightgbm_baseline,imbalance_training:isotonic:specificity_0_65,threshold=0.185,0.4020618556701031,0.7053504144687265,0.7021185533918254,0.5121751025991792,0.7780687400611928,0.5394869110200905,0.136415700350804,0.0137949900018827,3281,1392,391,936,3347.0,False,False,pr_auc<0.54,,,False,False,Not eligible: ranking quality is below dataset minimum.,imbalance_training_variants_taiwan.csv,baseline LightGBM; Calibration improves validation Brier and ECE.; More balanced than baseline CatBoost: precision improves and FP drops with tolerable recall loss.,pr_auc<0.54,precision<0.45; pr_auc<0.54
taiwan,LightGBM::lightgbm_is_unbalance,imbalance_training:sigmoid:specificity_0_65,threshold=0.195,0.3872785829307568,0.7249434815373021,0.6742991654183608,0.5048543689320388,0.7756255330732384,0.5524902637772384,0.136188927996911,0.0150444404006833,3151,1522,365,962,3347.0,False,False,precision<0.4,,,False,False,Not eligible: precision is below the minimum acceptable operational threshold.,imbalance_training_variants_taiwan.csv,is_unbalance=True; Calibration improves validation Brier and ECE.; More balanced than baseline CatBoost: precision improves and FP drops with tolerable recall loss.,precision<0.4,precision<0.45
taiwan,LightGBM::lightgbm_scale_pos_weight_1,imbalance_training:isotonic:precision_0_40,threshold=0.185,0.4020618556701031,0.7053504144687265,0.7021185533918254,0.5121751025991792,0.7780687400611928,0.5394869110200905,0.136415700350804,0.0137949900018827,3281,1392,391,936,3347.0,False,False,pr_auc<0.54,,,False,False,Not eligible: ranking quality is below dataset minimum.,imbalance_training_variants_taiwan.csv,scale_pos_weight=1; Calibration improves validation Brier and ECE.; More balanced than baseline CatBoost: precision improves and FP drops with tolerable recall loss.,pr_auc<0.54,precision<0.45; pr_auc<0.54
taiwan,LightGBM::lightgbm_scale_pos_weight_1,imbalance_training:isotonic:specificity_0_65,threshold=0.185,0.4020618556701031,0.7053504144687265,0.7021185533918254,0.5121751025991792,0.7780687400611928,0.5394869110200905,0.136415700350804,0.0137949900018827,3281,1392,391,936,3347.0,False,False,pr_auc<0.54,,,False,False,Not eligible: ranking quality is below dataset minimum.,imbalance_training_variants_taiwan.csv,scale_pos_weight=1; Calibration improves validation Brier and ECE.; More balanced than baseline CatBoost: precision improves and FP drops with tolerable recall loss.,pr_auc<0.54,precision<0.45; pr_auc<0.54
taiwan,XGBoost::xgboost_max_delta_step_1,imbalance_training:isotonic:cost_optimal_FN5_FP1,threshold=0.175,0.3604527767951892,0.7678975131876413,0.6130965118767387,0.4906114588348579,0.7811873948871092,0.5407232427184293,0.1351552047131088,0.0091878278808077,2865,1808,308,1019,3348.0,False,False,precision<0.4,,,False,False,Not eligible: precision is below the minimum acceptable operational threshold.,imbalance_training_variants_taiwan.csv,max_delta_step=1; Calibration improves validation Brier and ECE.; No clear operational improvement over baseline CatBoost.,precision<0.4,precision<0.45
taiwan,LightGBM::lightgbm_scale_pos_weight_3.5,imbalance_training:isotonic:cost_optimal_FN5_FP1,threshold=0.180,0.3483742534837425,0.7912584777694047,0.5797132463085812,0.4837595024187975,0.7751069936144901,0.5312988096853148,0.1367056708952432,0.0108558934990673,2709,1964,277,1050,3349.0,False,False,precision<0.4; pr_auc<0.54,,,False,False,Not eligible: precision is below the minimum acceptable operational threshold.,imbalance_training_variants_taiwan.csv,scale_pos_weight=3.5; Calibration improves validation Brier and ECE.; Weighting mainly increases recall and may worsen FP burden.,precision<0.4; pr_auc<0.54,precision<0.45; specificity<0.6; pr_auc<0.54
taiwan,XGBoost::xgboost_scale_pos_weight_4,imbalance_training:sigmoid:specificity_0_65,threshold=0.185,0.3907528641571194,0.7196684250188395,0.6813610100577787,0.5064969504110315,0.7819599227294769,0.5630047228945264,0.1345267816812368,0.0116168409466323,3184,1489,372,955,3349.0,False,False,precision<0.4,,,False,False,Not eligible: precision is below the minimum acceptable operational threshold.,imbalance_training_variants_taiwan.csv,scale_pos_weight=4; Calibration improves validation Brier and ECE.; More balanced than baseline CatBoost: precision improves and FP drops with tolerable recall loss.,precision<0.4,precision<0.45
taiwan,LightGBM::lightgbm_is_unbalance,imbalance_training:uncalibrated:specificity_0_65,threshold=0.365,0.3873438129786376,0.7241899020346647,0.6747271560025679,0.5047268907563024,0.7756255330732384,0.5524902637772384,0.1657363850233998,0.144475037331712,3153,1520,366,961,3350.0,False,False,precision<0.4,,,False,False,Not eligible: precision is below the minimum acceptable operational threshold.,imbalance_training_variants_taiwan.csv,is_unbalance=True; Reference uncalibrated probability.; More balanced than baseline CatBoost: precision improves and FP drops with tolerable recall loss.,precision<0.4,precision<0.45
taiwan,XGBoost::xgboost_scale_pos_weight_2_5,imbalance_training:isotonic:precision_0_40,threshold=0.195,0.3911439114391143,0.718914845516202,0.6822169912261931,0.5066383430695698,0.7808549523138826,0.5434676948143063,0.1349077860763149,0.0106594290560496,3188,1485,373,954,3350.0,False,False,precision<0.4,,,False,False,Not eligible: precision is below the minimum acceptable operational threshold.,imbalance_training_variants_taiwan.csv,scale_pos_weight=2.5; Calibration improves validation Brier and ECE.; More balanced than baseline CatBoost: precision improves and FP drops with tolerable recall loss.,precision<0.4,precision<0.45
taiwan,XGBoost::xgboost_scale_pos_weight_2_5,imbalance_training:isotonic:specificity_0_65,threshold=0.195,0.3911439114391143,0.718914845516202,0.6822169912261931,0.5066383430695698,0.7808549523138826,0.5434676948143063,0.1349077860763149,0.0106594290560496,3188,1485,373,954,3350.0,False,False,precision<0.4,,,False,False,Not eligible: precision is below the minimum acceptable operational threshold.,imbalance_training_variants_taiwan.csv,scale_pos_weight=2.5; Calibration improves validation Brier and ECE.; More balanced than baseline CatBoost: precision improves and FP drops with tolerable recall loss.,precision<0.4,precision<0.45
taiwan,LightGBM::lightgbm_class_weight_balanced,imbalance_training:isotonic:cost_optimal_FN5_FP1,threshold=0.170,0.3629842180774749,0.7626224566691786,0.619944361224053,0.4918590522478736,0.7733185928688769,0.5271714804349623,0.1366810742076968,0.0082638529273807,2897,1776,315,1012,3351.0,False,False,precision<0.4; pr_auc<0.54,,,False,False,Not eligible: precision is below the minimum acceptable operational threshold.,imbalance_training_variants_taiwan.csv,class_weight='balanced'; Calibration improves validation Brier and ECE.; More balanced than baseline CatBoost: precision improves and FP drops with tolerable recall loss.,precision<0.4; pr_auc<0.54,precision<0.45; pr_auc<0.54
taiwan,LightGBM::lightgbm_scale_pos_weight_3.5,imbalance_training:uncalibrated:cost_optimal_FN5_FP1,threshold=0.300,0.3470665787738958,0.7935192162773173,0.5760753263428204,0.4829167622105021,0.7766913167096458,0.553542013148044,0.1654375767503664,0.1440997805714843,2692,1981,274,1053,3351.0,False,False,precision<0.4,,,False,False,Not eligible: precision is below the minimum acceptable operational threshold.,imbalance_training_variants_taiwan.csv,scale_pos_weight=3.5; Reference uncalibrated probability.; Weighting mainly increases recall and may worsen FP burden.,precision<0.4,precision<0.45; specificity<0.6
taiwan,XGBoost::xgboost_scale_pos_weight_4,imbalance_training:uncalibrated:precision_0_40,threshold=0.440,0.3919308357348703,0.7174076865109269,0.6839289535630216,0.5069222577209798,0.7819599227294769,0.5630047228945264,0.1843173179968907,0.206805329015168,3196,1477,375,952,3352.0,False,False,precision<0.4,,,False,False,Not eligible: precision is below the minimum acceptable operational threshold.,imbalance_training_variants_taiwan.csv,scale_pos_weight=4; Reference uncalibrated probability.; More balanced than baseline CatBoost: precision improves and FP drops with tolerable recall loss.,precision<0.4,precision<0.45
taiwan,XGBoost::xgboost_scale_pos_weight_4,imbalance_training:uncalibrated:specificity_0_65,threshold=0.440,0.3919308357348703,0.7174076865109269,0.6839289535630216,0.5069222577209798,0.7819599227294769,0.5630047228945264,0.1843173179968907,0.206805329015168,3196,1477,375,952,3352.0,False,False,precision<0.4,,,False,False,Not eligible: precision is below the minimum acceptable operational threshold.,imbalance_training_variants_taiwan.csv,scale_pos_weight=4; Reference uncalibrated probability.; More balanced than baseline CatBoost: precision improves and FP drops with tolerable recall loss.,precision<0.4,precision<0.45
taiwan,XGBoost::xgboost_max_delta_step_3,imbalance_training:uncalibrated:precision_0_40,threshold=0.180,0.3980541455160744,0.7091183119819141,0.6954846993366146,0.509888918992143,0.7838193595912707,0.5638052687415147,0.1342712350492949,0.0137524515250697,3250,1423,386,941,3353.0,False,False,precision<0.4,,,False,False,Not eligible: precision is below the minimum acceptable operational threshold.,imbalance_training_variants_taiwan.csv,max_delta_step=3; Reference uncalibrated probability.; More balanced than baseline CatBoost: precision improves and FP drops with tolerable recall loss.,precision<0.4,precision<0.45
taiwan,XGBoost::xgboost_max_delta_step_3,imbalance_training:uncalibrated:specificity_0_65,threshold=0.180,0.3980541455160744,0.7091183119819141,0.6954846993366146,0.509888918992143,0.7838193595912707,0.5638052687415147,0.1342712350492949,0.0137524515250697,3250,1423,386,941,3353.0,False,False,precision<0.4,,,False,False,Not eligible: precision is below the minimum acceptable operational threshold.,imbalance_training_variants_taiwan.csv,max_delta_step=3; Reference uncalibrated probability.; More balanced than baseline CatBoost: precision improves and FP drops with tolerable recall loss.,precision<0.4,precision<0.45
taiwan,CatBoost::catboost_auto_sqrtbalanced,imbalance_training:uncalibrated:precision_0_40,threshold=0.275,0.3961393201846412,0.7113790504898266,0.6920607746629575,0.5088948787061995,0.7843434626050887,0.5654415836439259,0.143788546374693,0.0889074276579161,3234,1439,383,944,3354.0,False,False,precision<0.4,,,False,False,Not eligible: precision is below the minimum acceptable operational threshold.,imbalance_training_variants_taiwan.csv,auto_class_weights='SqrtBalanced'; Reference uncalibrated probability.; More balanced than baseline CatBoost: precision improves and FP drops with tolerable recall loss.,precision<0.4,precision<0.45
taiwan,CatBoost::catboost_auto_sqrtbalanced,imbalance_training:sigmoid:precision_0_40,threshold=0.175,0.3944189920866305,0.7136397889977393,0.6888508452814038,0.5080472103004292,0.7843434626050887,0.5654415836439259,0.1342759241160024,0.0107334007019902,3219,1454,380,947,3354.0,False,False,precision<0.4,,,False,False,Not eligible: precision is below the minimum acceptable operational threshold.,imbalance_training_variants_taiwan.csv,auto_class_weights='SqrtBalanced'; Calibration improves validation Brier and ECE.; More balanced than baseline CatBoost: precision improves and FP drops with tolerable recall loss.,precision<0.4,precision<0.45
taiwan,LightGBM::lightgbm_class_weight_balanced,imbalance_training:sigmoid:cost_optimal_FN5_FP1,threshold=0.200,0.3955629970699037,0.7121326299924642,0.6909907982024396,0.5086114101184068,0.7746808575486395,0.5543447194154771,0.1363067377901418,0.0126945335980887,3229,1444,382,945,3354.0,False,False,precision<0.4,,,False,False,Not eligible: precision is below the minimum acceptable operational threshold.,imbalance_training_variants_taiwan.csv,class_weight='balanced'; Calibration improves validation Brier and ECE.; More balanced than baseline CatBoost: precision improves and FP drops with tolerable recall loss.,precision<0.4,precision<0.45
taiwan,LightGBM::lightgbm_class_weight_balanced,imbalance_training:sigmoid:specificity_0_65,threshold=0.200,0.3955629970699037,0.7121326299924642,0.6909907982024396,0.5086114101184068,0.7746808575486395,0.5543447194154771,0.1363067377901418,0.0126945335980887,3229,1444,382,945,3354.0,False,False,precision<0.4,,,False,False,Not eligible: precision is below the minimum acceptable operational threshold.,imbalance_training_variants_taiwan.csv,class_weight='balanced'; Calibration improves validation Brier and ECE.; More balanced than baseline CatBoost: precision improves and FP drops with tolerable recall loss.,precision<0.4,precision<0.45
taiwan,LightGBM::lightgbm_scale_pos_weight_2,imbalance_training:uncalibrated:cost_optimal_FN5_FP1,threshold=0.240,0.3673394495412844,0.7543330821401658,0.6310721164134389,0.4940769990128331,0.7791419417710264,0.5537490189711668,0.1447929345054303,0.0745844215299317,2949,1724,326,1001,3354.0,False,False,precision<0.4,,,False,False,Not eligible: precision is below the minimum acceptable operational threshold.,imbalance_training_variants_taiwan.csv,scale_pos_weight=2; Reference uncalibrated probability.; More balanced than baseline CatBoost: precision improves and FP drops with tolerable recall loss.,precision<0.4,precision<0.45
taiwan,CatBoost::catboost_auto_sqrtbalanced,imbalance_training:isotonic:precision_0_40,threshold=0.205,0.3944954128440367,0.7128862094951017,0.689278835865611,0.5079194630872484,0.7838747532482696,0.5462807326041442,0.1342334123953468,0.01464313522346,3221,1452,381,946,3357.0,False,False,precision<0.4,,,False,False,Not eligible: precision is below the minimum acceptable operational threshold.,imbalance_training_variants_taiwan.csv,auto_class_weights='SqrtBalanced'; Calibration improves validation Brier and ECE.; More balanced than baseline CatBoost: precision improves and FP drops with tolerable recall loss.,precision<0.4,precision<0.45
taiwan,CatBoost::catboost_auto_sqrtbalanced,imbalance_training:isotonic:specificity_0_65,threshold=0.205,0.3944954128440367,0.7128862094951017,0.689278835865611,0.5079194630872484,0.7838747532482696,0.5462807326041442,0.1342334123953468,0.01464313522346,3221,1452,381,946,3357.0,False,False,precision<0.4,,,False,False,Not eligible: precision is below the minimum acceptable operational threshold.,imbalance_training_variants_taiwan.csv,auto_class_weights='SqrtBalanced'; Calibration improves validation Brier and ECE.; More balanced than baseline CatBoost: precision improves and FP drops with tolerable recall loss.,precision<0.4,precision<0.45
taiwan,LightGBM::lightgbm_scale_pos_weight_2,imbalance_training:isotonic:cost_optimal_FN5_FP1,threshold=0.195,0.3673769287288758,0.7535795026375283,0.631500106997646,0.4939491232403062,0.7778502294200469,0.531245403559525,0.1364629939435367,0.0125817748145801,2951,1722,327,1000,3357.0,False,False,precision<0.4; pr_auc<0.54,,,False,False,Not eligible: precision is below the minimum acceptable operational threshold.,imbalance_training_variants_taiwan.csv,scale_pos_weight=2; Calibration improves validation Brier and ECE.; More balanced than baseline CatBoost: precision improves and FP drops with tolerable recall loss.,precision<0.4; pr_auc<0.54,precision<0.45; pr_auc<0.54
taiwan,LightGBM::lightgbm_baseline,imbalance_training:isotonic:precision_0_45,threshold=0.220,0.4503896103896104,0.653353428786737,0.773592980954419,0.533210332103321,0.7780687400611928,0.5394869110200905,0.136415700350804,0.0137949900018827,3615,1058,460,867,3358.0,False,False,pr_auc<0.54,,,False,False,Not eligible: ranking quality is below dataset minimum.,imbalance_training_variants_taiwan.csv,baseline LightGBM; Calibration improves validation Brier and ECE.; More balanced than baseline CatBoost: precision improves and FP drops with tolerable recall loss.,pr_auc<0.54,pr_auc<0.54
taiwan,LightGBM::lightgbm_scale_pos_weight_1,imbalance_training:isotonic:precision_0_45,threshold=0.220,0.4503896103896104,0.653353428786737,0.773592980954419,0.533210332103321,0.7780687400611928,0.5394869110200905,0.136415700350804,0.0137949900018827,3615,1058,460,867,3358.0,False,False,pr_auc<0.54,,,False,False,Not eligible: ranking quality is below dataset minimum.,imbalance_training_variants_taiwan.csv,scale_pos_weight=1; Calibration improves validation Brier and ECE.; More balanced than baseline CatBoost: precision improves and FP drops with tolerable recall loss.,pr_auc<0.54,pr_auc<0.54
taiwan,LightGBM::lightgbm_class_weight_balanced,imbalance_training:isotonic:precision_0_40,threshold=0.180,0.4036458333333333,0.7008289374529013,0.7059704686496897,0.5122555769760396,0.7733185928688769,0.5271714804349623,0.1366810742076968,0.0082638529273807,3299,1374,397,930,3359.0,False,False,pr_auc<0.54,,,False,False,Not eligible: ranking quality is below dataset minimum.,imbalance_training_variants_taiwan.csv,class_weight='balanced'; Calibration improves validation Brier and ECE.; More balanced than baseline CatBoost: precision improves and FP drops with tolerable recall loss.,pr_auc<0.54,precision<0.45; pr_auc<0.54
taiwan,LightGBM::lightgbm_class_weight_balanced,imbalance_training:isotonic:specificity_0_65,threshold=0.180,0.4036458333333333,0.7008289374529013,0.7059704686496897,0.5122555769760396,0.7733185928688769,0.5271714804349623,0.1366810742076968,0.0082638529273807,3299,1374,397,930,3359.0,False,False,pr_auc<0.54,,,False,False,Not eligible: ranking quality is below dataset minimum.,imbalance_training_variants_taiwan.csv,class_weight='balanced'; Calibration improves validation Brier and ECE.; More balanced than baseline CatBoost: precision improves and FP drops with tolerable recall loss.,pr_auc<0.54,precision<0.45; pr_auc<0.54
taiwan,LightGBM::lightgbm_scale_pos_weight_1.5,imbalance_training:sigmoid:precision_0_40,threshold=0.200,0.3988095238095238,0.7068575734740015,0.6974106569655467,0.5099211742321283,0.7795704161426308,0.5562392112765332,0.1356158476140904,0.0094137027011882,3259,1414,389,938,3359.0,False,False,precision<0.4,,,False,False,Not eligible: precision is below the minimum acceptable operational threshold.,imbalance_training_variants_taiwan.csv,scale_pos_weight=1.5; Calibration improves validation Brier and ECE.; More balanced than baseline CatBoost: precision improves and FP drops with tolerable recall loss.,precision<0.4,precision<0.45
taiwan,XGBoost::xgboost_scale_pos_weight_2_5,imbalance_training:uncalibrated:precision_0_40,threshold=0.335,0.3897058823529412,0.718914845516202,0.6802910335972608,0.505430463576159,0.7825756228238638,0.5631724895846492,0.1551029687741119,0.1298231390331251,3179,1494,373,954,3359.0,False,False,precision<0.4,,,False,False,Not eligible: precision is below the minimum acceptable operational threshold.,imbalance_training_variants_taiwan.csv,scale_pos_weight=2.5; Reference uncalibrated probability.; More balanced than baseline CatBoost: precision improves and FP drops with tolerable recall loss.,precision<0.4,precision<0.45
taiwan,XGBoost::xgboost_scale_pos_weight_2_5,imbalance_training:sigmoid:precision_0_40,threshold=0.185,0.3919141914191419,0.7159005275056518,0.6845709394393323,0.5065315915755798,0.7825756228238638,0.5631724895846492,0.1344336238320014,0.0095620674595354,3199,1474,377,950,3359.0,False,False,precision<0.4,,,False,False,Not eligible: precision is below the minimum acceptable operational threshold.,imbalance_training_variants_taiwan.csv,scale_pos_weight=2.5; Calibration improves validation Brier and ECE.; More balanced than baseline CatBoost: precision improves and FP drops with tolerable recall loss.,precision<0.4,precision<0.45
taiwan,XGBoost::xgboost_max_delta_step_1,imbalance_training:uncalibrated:precision_0_40,threshold=0.175,0.3940024989587671,0.7128862094951017,0.6886368499893002,0.5075107296137339,0.7819856440927704,0.5607154702229495,0.1345293026565397,0.0139914080721015,3218,1455,381,946,3360.0,False,False,precision<0.4,,,False,False,Not eligible: precision is below the minimum acceptable operational threshold.,imbalance_training_variants_taiwan.csv,max_delta_step=1; Reference uncalibrated probability.; More balanced than baseline CatBoost: precision improves and FP drops with tolerable recall loss.,precision<0.4,precision<0.45
taiwan,XGBoost::xgboost_scale_pos_weight_1_5,imbalance_training:uncalibrated:cost_optimal_FN5_FP1,threshold=0.225,0.3757181156644963,0.7392614920874152,0.6511876738711748,0.4982224479431182,0.7809347772344487,0.5625288024780922,0.1386593927576449,0.053373399868297,3043,1630,346,981,3360.0,False,False,precision<0.4,,,False,False,Not eligible: precision is below the minimum acceptable operational threshold.,imbalance_training_variants_taiwan.csv,scale_pos_weight=1.5; Reference uncalibrated probability.; More balanced than baseline CatBoost: precision improves and FP drops with tolerable recall loss.,precision<0.4,precision<0.45
taiwan,XGBoost::xgboost_scale_pos_weight_1_5,imbalance_training:uncalibrated:specificity_0_65,threshold=0.225,0.3757181156644963,0.7392614920874152,0.6511876738711748,0.4982224479431182,0.7809347772344487,0.5625288024780922,0.1386593927576449,0.053373399868297,3043,1630,346,981,3360.0,False,False,precision<0.4,,,False,False,Not eligible: precision is below the minimum acceptable operational threshold.,imbalance_training_variants_taiwan.csv,scale_pos_weight=1.5; Reference uncalibrated probability.; More balanced than baseline CatBoost: precision improves and FP drops with tolerable recall loss.,precision<0.4,precision<0.45
taiwan,CatBoost::catboost_class_weight_pos_1.5,imbalance_training:sigmoid:specificity_0_65,threshold=0.165,0.3794851794071763,0.7332328560663149,0.6595334902632142,0.5001285016705217,0.7838996682992342,0.5662219316902193,0.1340489791601124,0.0109789317485505,3082,1591,354,973,3361.0,False,False,precision<0.4,,,False,False,Not eligible: precision is below the minimum acceptable operational threshold.,imbalance_training_variants_taiwan.csv,custom class_weights positive_weight=1.5; Calibration improves validation Brier and ECE.; More balanced than baseline CatBoost: precision improves and FP drops with tolerable recall loss.,precision<0.4,precision<0.45
taiwan,LightGBM::lightgbm_is_unbalance,imbalance_training:sigmoid:precision_0_40,threshold=0.205,0.3978813559322033,0.707611152976639,0.6959126899208218,0.5093572009764036,0.7756255330732384,0.5524902637772384,0.136188927996911,0.0150444404006833,3252,1421,388,939,3361.0,False,False,precision<0.4,,,False,False,Not eligible: precision is below the minimum acceptable operational threshold.,imbalance_training_variants_taiwan.csv,is_unbalance=True; Calibration improves validation Brier and ECE.; More balanced than baseline CatBoost: precision improves and FP drops with tolerable recall loss.,precision<0.4,precision<0.45
taiwan,XGBoost::xgboost_max_delta_step_1,imbalance_training:sigmoid:precision_0_40,threshold=0.180,0.3932724252491694,0.7136397889977393,0.6873528782366788,0.507095046854083,0.7819856440927704,0.5607154702229495,0.1344621864068619,0.0120316362681072,3212,1461,380,947,3361.0,False,False,precision<0.4,,,False,False,Not eligible: precision is below the minimum acceptable operational threshold.,imbalance_training_variants_taiwan.csv,max_delta_step=1; Calibration improves validation Brier and ECE.; More balanced than baseline CatBoost: precision improves and FP drops with tolerable recall loss.,precision<0.4,precision<0.45
taiwan,XGBoost::xgboost_max_delta_step_1,imbalance_training:sigmoid:specificity_0_65,threshold=0.170,0.3763936947327951,0.7377543330821401,0.6528996362080034,0.4984725050916497,0.7819856440927704,0.5607154702229495,0.1344621864068619,0.0120316362681072,3051,1622,348,979,3362.0,False,False,precision<0.4,,,False,False,Not eligible: precision is below the minimum acceptable operational threshold.,imbalance_training_variants_taiwan.csv,max_delta_step=1; Calibration improves validation Brier and ECE.; More balanced than baseline CatBoost: precision improves and FP drops with tolerable recall loss.,precision<0.4,precision<0.45
taiwan,LightGBM::lightgbm_scale_pos_weight_4,imbalance_training:uncalibrated:specificity_0_65,threshold=0.380,0.3817034700315457,0.7294649585531273,0.6644553819815964,0.5011648977478644,0.7768512084444767,0.5570202713013589,0.1720953041212135,0.1614482847480534,3105,1568,359,968,3363.0,False,False,precision<0.4,,,False,False,Not eligible: precision is below the minimum acceptable operational threshold.,imbalance_training_variants_taiwan.csv,scale_pos_weight=4; Reference uncalibrated probability.; More balanced than baseline CatBoost: precision improves and FP drops with tolerable recall loss.,precision<0.4,precision<0.45
taiwan,XGBoost::xgboost_scale_pos_weight_3_5,imbalance_training:sigmoid:specificity_0_65,threshold=0.175,0.3772200772200772,0.7362471740768651,0.6548255938369356,0.4988511616032678,0.7808583388256641,0.5622854368895934,0.1347324018102395,0.010330634571418,3060,1613,350,977,3363.0,False,False,precision<0.4,,,False,False,Not eligible: precision is below the minimum acceptable operational threshold.,imbalance_training_variants_taiwan.csv,scale_pos_weight=3.5; Calibration improves validation Brier and ECE.; More balanced than baseline CatBoost: precision improves and FP drops with tolerable recall loss.,precision<0.4,precision<0.45
taiwan,CatBoost::catboost_class_weight_pos_1.5,imbalance_training:isotonic:specificity_0_65,threshold=0.200,0.3805413887799136,0.7309721175584024,0.6621014337684571,0.500515995872033,0.7828687173554375,0.5449926291429422,0.1348249658853838,0.0130255490669569,3094,1579,357,970,3364.0,False,False,precision<0.4,,,False,False,Not eligible: precision is below the minimum acceptable operational threshold.,imbalance_training_variants_taiwan.csv,custom class_weights positive_weight=1.5; Calibration improves validation Brier and ECE.; More balanced than baseline CatBoost: precision improves and FP drops with tolerable recall loss.,precision<0.4,precision<0.45
taiwan,LightGBM::lightgbm_scale_pos_weight_2,imbalance_training:sigmoid:precision_0_40,threshold=0.200,0.3967918953144786,0.7083647324792766,0.6942007275839932,0.5086580086580087,0.7791419417710264,0.5537490189711668,0.135825431990535,0.0095527013664718,3244,1429,387,940,3364.0,False,False,precision<0.4,,,False,False,Not eligible: precision is below the minimum acceptable operational threshold.,imbalance_training_variants_taiwan.csv,scale_pos_weight=2; Calibration improves validation Brier and ECE.; More balanced than baseline CatBoost: precision improves and FP drops with tolerable recall loss.,precision<0.4,precision<0.45
taiwan,XGBoost::xgboost_max_delta_step_1,imbalance_training:isotonic:specificity_0_65,threshold=0.190,0.3758157389635316,0.7377543330821401,0.6520436550395892,0.4979654120040691,0.7811873948871092,0.5407232427184293,0.1351552047131088,0.0091878278808077,3047,1626,348,979,3366.0,False,False,precision<0.4,,,False,False,Not eligible: precision is below the minimum acceptable operational threshold.,imbalance_training_variants_taiwan.csv,max_delta_step=1; Calibration improves validation Brier and ECE.; More balanced than baseline CatBoost: precision improves and FP drops with tolerable recall loss.,precision<0.4,precision<0.45
taiwan,XGBoost::xgboost_sample_weight_pos_3,imbalance_training:isotonic:cost_optimal_FN5_FP1,threshold=0.190,0.3686943620178041,0.7490580256217031,0.6357800128397175,0.4941585881183196,0.7796487897010049,0.5422701875467248,0.1349182314992038,0.0153515165081331,2971,1702,333,994,3367.0,False,False,precision<0.4,,,False,False,Not eligible: precision is below the minimum acceptable operational threshold.,imbalance_training_variants_taiwan.csv,sample_weight positive class=3; Calibration improves validation Brier and ECE.; More balanced than baseline CatBoost: precision improves and FP drops with tolerable recall loss.,precision<0.4,precision<0.45
taiwan,XGBoost::xgboost_scale_pos_weight_3_5,imbalance_training:uncalibrated:specificity_0_65,threshold=0.390,0.3751914241960183,0.7385079125847777,0.6507596832869676,0.4975882203604975,0.7808583388256641,0.5622854368895934,0.1750757032518017,0.1848190897035723,3041,1632,347,980,3367.0,False,False,precision<0.4,,,False,False,Not eligible: precision is below the minimum acceptable operational threshold.,imbalance_training_variants_taiwan.csv,scale_pos_weight=3.5; Reference uncalibrated probability.; More balanced than baseline CatBoost: precision improves and FP drops with tolerable recall loss.,precision<0.4,precision<0.45
taiwan,CatBoost::catboost_auto_none,imbalance_training:isotonic:specificity_0_65,threshold=0.200,0.3824811732065002,0.7272042200452148,0.6665953349026321,0.5012987012987014,0.7836066543988934,0.5375669820858844,0.1344570596664352,0.0122990604588821,3115,1558,362,965,3368.0,False,False,precision<0.4; pr_auc<0.54,,,False,False,Not eligible: precision is below the minimum acceptable operational threshold.,imbalance_training_variants_taiwan.csv,auto_class_weights=None; Calibration improves validation Brier and ECE.; More balanced than baseline CatBoost: precision improves and FP drops with tolerable recall loss.,precision<0.4; pr_auc<0.54,precision<0.45; pr_auc<0.54
taiwan,CatBoost::catboost_baseline,imbalance_training:isotonic:specificity_0_65,threshold=0.200,0.3824811732065002,0.7272042200452148,0.6665953349026321,0.5012987012987014,0.7836066543988934,0.5375669820858844,0.1344570596664352,0.0122990604588821,3115,1558,362,965,3368.0,False,False,precision<0.4; pr_auc<0.54,,,False,False,Not eligible: precision is below the minimum acceptable operational threshold.,imbalance_training_variants_taiwan.csv,baseline CatBoost; Calibration improves validation Brier and ECE.; More balanced than baseline CatBoost: precision improves and FP drops with tolerable recall loss.,precision<0.4; pr_auc<0.54,precision<0.45; pr_auc<0.54
taiwan,LightGBM::lightgbm_class_weight_balanced,imbalance_training:uncalibrated:cost_optimal_FN5_FP1,threshold=0.380,0.3967046894803548,0.707611152976639,0.6944147228760967,0.5083919870059556,0.7746808575486395,0.5543447194154771,0.1660538794497068,0.1458032945480291,3245,1428,388,939,3368.0,False,False,precision<0.4,,,False,False,Not eligible: precision is below the minimum acceptable operational threshold.,imbalance_training_variants_taiwan.csv,class_weight='balanced'; Reference uncalibrated probability.; More balanced than baseline CatBoost: precision improves and FP drops with tolerable recall loss.,precision<0.4,precision<0.45
taiwan,LightGBM::lightgbm_class_weight_balanced,imbalance_training:uncalibrated:precision_0_40,threshold=0.380,0.3967046894803548,0.707611152976639,0.6944147228760967,0.5083919870059556,0.7746808575486395,0.5543447194154771,0.1660538794497068,0.1458032945480291,3245,1428,388,939,3368.0,False,False,precision<0.4,,,False,False,Not eligible: precision is below the minimum acceptable operational threshold.,imbalance_training_variants_taiwan.csv,class_weight='balanced'; Reference uncalibrated probability.; More balanced than baseline CatBoost: precision improves and FP drops with tolerable recall loss.,precision<0.4,precision<0.45
taiwan,LightGBM::lightgbm_class_weight_balanced,imbalance_training:uncalibrated:specificity_0_65,threshold=0.380,0.3967046894803548,0.707611152976639,0.6944147228760967,0.5083919870059556,0.7746808575486395,0.5543447194154771,0.1660538794497068,0.1458032945480291,3245,1428,388,939,3368.0,False,False,precision<0.4,,,False,False,Not eligible: precision is below the minimum acceptable operational threshold.,imbalance_training_variants_taiwan.csv,class_weight='balanced'; Reference uncalibrated probability.; More balanced than baseline CatBoost: precision improves and FP drops with tolerable recall loss.,precision<0.4,precision<0.45
taiwan,XGBoost::xgboost_scale_pos_weight_1_5,imbalance_training:isotonic:cost_optimal_FN5_FP1,threshold=0.185,0.3753834355828221,0.7377543330821401,0.6514016691632785,0.4975857687420585,0.7798789112396874,0.5431172359680133,0.1349584358501291,0.0098838165358676,3044,1629,348,979,3369.0,False,False,precision<0.4,,,False,False,Not eligible: precision is below the minimum acceptable operational threshold.,imbalance_training_variants_taiwan.csv,scale_pos_weight=1.5; Calibration improves validation Brier and ECE.; More balanced than baseline CatBoost: precision improves and FP drops with tolerable recall loss.,precision<0.4,precision<0.45
taiwan,XGBoost::xgboost_scale_pos_weight_1_5,imbalance_training:isotonic:specificity_0_65,threshold=0.185,0.3753834355828221,0.7377543330821401,0.6514016691632785,0.4975857687420585,0.7798789112396874,0.5431172359680133,0.1349584358501291,0.0098838165358676,3044,1629,348,979,3369.0,False,False,precision<0.4,,,False,False,Not eligible: precision is below the minimum acceptable operational threshold.,imbalance_training_variants_taiwan.csv,scale_pos_weight=1.5; Calibration improves validation Brier and ECE.; More balanced than baseline CatBoost: precision improves and FP drops with tolerable recall loss.,precision<0.4,precision<0.45
taiwan,XGBoost::xgboost_scale_pos_weight_3,imbalance_training:sigmoid:precision_0_40,threshold=0.185,0.3919701986754967,0.7136397889977393,0.6856409158998502,0.5060112209457656,0.7814425121079891,0.562521540304657,0.1345877219810322,0.0126272988302193,3204,1469,380,947,3369.0,False,False,precision<0.4,,,False,False,Not eligible: precision is below the minimum acceptable operational threshold.,imbalance_training_variants_taiwan.csv,scale_pos_weight=3; Calibration improves validation Brier and ECE.; More balanced than baseline CatBoost: precision improves and FP drops with tolerable recall loss.,precision<0.4,precision<0.45
taiwan,Best LightGBM,precision_constraint:G_min_specificity_0_70,threshold=0.185,0.3957894736842105,0.7083647324792766,0.6929167558313717,0.5078336034575905,0.7779753690935001,0.5552375587431584,0.1356135837556778,0.0084868821264251,3238,1435,387,940,3370.0,False,False,precision<0.4,,,False,False,Not eligible: precision is below the minimum acceptable operational threshold.,precision_constrained_test_results_taiwan.csv,"balanced FP reduction with tolerable recall loss; FP delta=-212, precision delta=0.0204, recall delta=-0.0377, cost delta=38; selected on validation.",precision<0.4,precision<0.45
taiwan,LightGBM::lightgbm_scale_pos_weight_4,imbalance_training:sigmoid:specificity_0_65,threshold=0.190,0.3816673251679178,0.7279577995478523,0.6650973678579071,0.5007776049766719,0.7768512084444767,0.5570202713013589,0.1359954653687684,0.0123031401369611,3108,1565,361,966,3370.0,False,False,precision<0.4,,,False,False,Not eligible: precision is below the minimum acceptable operational threshold.,imbalance_training_variants_taiwan.csv,scale_pos_weight=4; Calibration improves validation Brier and ECE.; More balanced than baseline CatBoost: precision improves and FP drops with tolerable recall loss.,precision<0.4,precision<0.45
taiwan,Old SCRE-Credit,current_threshold:cost_optimal_current,threshold=0.160,0.3643298220123501,0.7558402411454408,0.625508238818746,0.4916666666666666,0.78157176397432,0.5444404951784547,0.1344745846625019,0.016134514337013,2923,1750,324,1003,3370.0,False,False,precision<0.4,,,False,False,Not eligible: precision is below the minimum acceptable operational threshold.,current_threshold_baseline_taiwan.csv,frozen final test row read from existing result table; source_model=SCRE-Credit; selected on validation within family,precision<0.4,precision<0.45
taiwan,Old SCRE-Credit,current_threshold:operational_current,threshold=0.160,0.3643298220123501,0.7558402411454408,0.625508238818746,0.4916666666666666,0.78157176397432,0.5444404951784547,0.1344745846625019,0.016134514337013,2923,1750,324,1003,3370.0,False,False,precision<0.4,,,False,False,Not eligible: precision is below the minimum acceptable operational threshold.,current_threshold_baseline_taiwan.csv,"threshold-only anchor from manual-review revision; manual band also uses low=0.11, high=0.23, selected on validation; source_model=SCRE-Credit; selected on validation within family",precision<0.4,precision<0.45
taiwan,Old SCRE-Credit,current_threshold:scre_saved_threshold,threshold=0.160,0.3643298220123501,0.7558402411454408,0.625508238818746,0.4916666666666666,0.78157176397432,0.5444404951784547,0.1344745846625019,0.016134514337013,2923,1750,324,1003,3370.0,False,False,precision<0.4,,,False,False,Not eligible: precision is below the minimum acceptable operational threshold.,current_threshold_baseline_taiwan.csv,saved Old SCRE-Credit threshold from scre_credit_model.joblib; source_model=SCRE-Credit; selected on validation within family,precision<0.4,precision<0.45
taiwan,Old SCRE-Credit,precision_constraint:A_min_precision_0_35,threshold=0.190,0.3643298220123501,0.7558402411454408,0.625508238818746,0.4916666666666666,0.78157176397432,0.5444404951784547,0.1344745846625019,0.016134514337013,2923,1750,324,1003,3370.0,False,False,precision<0.4,,,False,False,Not eligible: precision is below the minimum acceptable operational threshold.,precision_constrained_test_results_taiwan.csv,"constraint keeps or improves FN5/FP1 cost; FP delta=0, precision delta=0.0000, recall delta=0.0000, cost delta=0; selected on validation.",precision<0.4,precision<0.45
taiwan,Old SCRE-Credit,precision_constraint:E_min_specificity_0_60,threshold=0.190,0.3643298220123501,0.7558402411454408,0.625508238818746,0.4916666666666666,0.78157176397432,0.5444404951784547,0.1344745846625019,0.016134514337013,2923,1750,324,1003,3370.0,False,False,precision<0.4,,,False,False,Not eligible: precision is below the minimum acceptable operational threshold.,precision_constrained_test_results_taiwan.csv,"constraint keeps or improves FN5/FP1 cost; FP delta=0, precision delta=0.0000, recall delta=0.0000, cost delta=0; selected on validation.",precision<0.4,precision<0.45
taiwan,Old SCRE-Credit,precision_constraint:H_fp_budget_2000,threshold=0.190,0.3643298220123501,0.7558402411454408,0.625508238818746,0.4916666666666666,0.78157176397432,0.5444404951784547,0.1344745846625019,0.016134514337013,2923,1750,324,1003,3370.0,False,False,precision<0.4,,,False,False,Not eligible: precision is below the minimum acceptable operational threshold.,precision_constrained_test_results_taiwan.csv,"constraint keeps or improves FN5/FP1 cost; FP delta=0, precision delta=0.0000, recall delta=0.0000, cost delta=0; selected on validation.",precision<0.4,precision<0.45
taiwan,Old SCRE-Credit,precision_constraint:I_fp_budget_1750,threshold=0.190,0.3643298220123501,0.7558402411454408,0.625508238818746,0.4916666666666666,0.78157176397432,0.5444404951784547,0.1344745846625019,0.016134514337013,2923,1750,324,1003,3370.0,False,False,precision<0.4,,,False,False,Not eligible: precision is below the minimum acceptable operational threshold.,precision_constrained_test_results_taiwan.csv,"constraint keeps or improves FN5/FP1 cost; FP delta=0, precision delta=0.0000, recall delta=0.0000, cost delta=0; selected on validation.",precision<0.4,precision<0.45
taiwan,Old SCRE-Credit,cost_matrix:FN5_FP1,threshold=0.190,0.3643298220123501,0.7558402411454408,0.625508238818746,0.4916666666666666,0.78157176397432,0.5444404951784547,0.1344745846625019,0.016134514337013,2923,1750,324,1003,3370.0,False,False,precision<0.4,,,False,False,Not eligible: precision is below the minimum acceptable operational threshold.,cost_matrix_sensitivity_taiwan.csv,Reference-like cost tradeoff; use alongside precision/specificity constraints.,precision<0.4,precision<0.45
taiwan,XGBoost::xgboost_scale_pos_weight_1_5,imbalance_training:uncalibrated:precision_0_40,threshold=0.235,0.3868878996357749,0.720422004521477,0.6757971324630858,0.5034228541337545,0.7809347772344487,0.5625288024780922,0.1386593927576449,0.053373399868297,3158,1515,371,956,3370.0,False,False,precision<0.4,,,False,False,Not eligible: precision is below the minimum acceptable operational threshold.,imbalance_training_variants_taiwan.csv,scale_pos_weight=1.5; Reference uncalibrated probability.; More balanced than baseline CatBoost: precision improves and FP drops with tolerable recall loss.,precision<0.4,precision<0.45
taiwan,XGBoost::xgboost_scale_pos_weight_1_5,imbalance_training:isotonic:precision_0_40,threshold=0.200,0.3879625864172428,0.718914845516202,0.6779370853841216,0.5039619651347067,0.7798789112396874,0.5431172359680133,0.1349584358501291,0.0098838165358676,3168,1505,373,954,3370.0,False,False,precision<0.4,,,False,False,Not eligible: precision is below the minimum acceptable operational threshold.,imbalance_training_variants_taiwan.csv,scale_pos_weight=1.5; Calibration improves validation Brier and ECE.; More balanced than baseline CatBoost: precision improves and FP drops with tolerable recall loss.,precision<0.4,precision<0.45
taiwan,CatBoost::catboost_class_weight_pos_1.5,imbalance_training:uncalibrated:specificity_0_65,threshold=0.220,0.378010878010878,0.7332328560663149,0.6573935373421784,0.4988464496283004,0.7838996682992342,0.5662219316902193,0.137800225964903,0.054851628572785,3072,1601,354,973,3371.0,False,False,precision<0.4,,,False,False,Not eligible: precision is below the minimum acceptable operational threshold.,imbalance_training_variants_taiwan.csv,custom class_weights positive_weight=1.5; Reference uncalibrated probability.; More balanced than baseline CatBoost: precision improves and FP drops with tolerable recall loss.,precision<0.4,precision<0.45
taiwan,Best CatBoost,precision_constraint:F_min_specificity_0_65,threshold=0.165,0.3730550284629981,0.7407686510926903,0.6464797774448963,0.4962140333165068,0.7853434511554537,0.5639167825429635,0.133690712785661,0.0077638887959482,3021,1652,344,983,3372.0,False,False,precision<0.4,,,False,False,Not eligible: precision is below the minimum acceptable operational threshold.,precision_constrained_test_results_taiwan.csv,"balanced FP reduction with tolerable recall loss; FP delta=-330, precision delta=0.0216, recall delta=-0.0686, cost delta=125; selected on validation.",precision<0.4,precision<0.45
taiwan,XGBoost::xgboost_scale_pos_weight_1_5,imbalance_training:sigmoid:precision_0_40,threshold=0.180,0.3865750101091791,0.720422004521477,0.6753691418788786,0.5031578947368421,0.7809347772344487,0.5625288024780922,0.1345878864711424,0.0113343664163022,3156,1517,371,956,3372.0,False,False,precision<0.4,,,False,False,Not eligible: precision is below the minimum acceptable operational threshold.,imbalance_training_variants_taiwan.csv,scale_pos_weight=1.5; Calibration improves validation Brier and ECE.; More balanced than baseline CatBoost: precision improves and FP drops with tolerable recall loss.,precision<0.4,precision<0.45
taiwan,SCRE-Optimized,precision_constraint:J_fp_budget_1500,threshold=0.175,0.3848314606741573,0.7226827430293896,0.6719452172052215,0.5022257135375753,0.7846896124879075,0.5669357617133086,0.1337668360698752,0.0106719812128829,3140,1533,368,959,3373.0,False,False,precision<0.4,,,False,False,Not eligible: precision is below the minimum acceptable operational threshold.,precision_constrained_test_results_taiwan.csv,"balanced FP reduction with tolerable recall loss; FP delta=-299, precision delta=0.0247, recall delta=-0.0543, cost delta=61; selected on validation.",precision<0.4,precision<0.45
taiwan,CatBoost::catboost_class_weight_pos_3,imbalance_training:sigmoid:precision_0_40,threshold=0.180,0.3980417198808003,0.7045968349660889,0.6974106569655467,0.5087051142546245,0.7831872913566059,0.5638330803548723,0.1343947231826908,0.0134054108149912,3259,1414,392,935,3374.0,False,False,precision<0.4,,,False,False,Not eligible: precision is below the minimum acceptable operational threshold.,imbalance_training_variants_taiwan.csv,custom class_weights positive_weight=3; Calibration improves validation Brier and ECE.; More balanced than baseline CatBoost: precision improves and FP drops with tolerable recall loss.,precision<0.4,precision<0.45
taiwan,CatBoost::catboost_class_weight_pos_4,imbalance_training:uncalibrated:precision_0_40,threshold=0.435,0.3895038950389504,0.7159005275056518,0.6813610100577787,0.5045140732873075,0.7817122235820232,0.5621287026739918,0.1875058109419519,0.2162095710369689,3184,1489,377,950,3374.0,False,False,precision<0.4,,,False,False,Not eligible: precision is below the minimum acceptable operational threshold.,imbalance_training_variants_taiwan.csv,custom class_weights positive_weight=4; Reference uncalibrated probability.; More balanced than baseline CatBoost: precision improves and FP drops with tolerable recall loss.,precision<0.4,precision<0.45
taiwan,XGBoost::xgboost_sample_weight_pos_2,imbalance_training:isotonic:precision_0_45,threshold=0.205,0.445814072932717,0.6541070082893745,0.769099079820244,0.5302382406841785,0.778540352142396,0.539954287359745,0.1352473024396937,0.0084371180451051,3594,1079,459,868,3374.0,False,False,pr_auc<0.54,,,False,False,Not eligible: ranking quality is below dataset minimum.,imbalance_training_variants_taiwan.csv,sample_weight positive class=2; Calibration improves validation Brier and ECE.; More balanced than baseline CatBoost: precision improves and FP drops with tolerable recall loss.,pr_auc<0.54,precision<0.45; pr_auc<0.54
taiwan,CatBoost::catboost_class_weight_pos_3,imbalance_training:uncalibrated:precision_0_40,threshold=0.375,0.3949579831932773,0.7083647324792766,0.6918467793708538,0.507148637712436,0.7831872913566059,0.5638330803548723,0.1661587467424007,0.1660489125967305,3233,1440,387,940,3375.0,False,False,precision<0.4,,,False,False,Not eligible: precision is below the minimum acceptable operational threshold.,imbalance_training_variants_taiwan.csv,custom class_weights positive_weight=3; Reference uncalibrated probability.; More balanced than baseline CatBoost: precision improves and FP drops with tolerable recall loss.,precision<0.4,precision<0.45
taiwan,CatBoost::catboost_class_weight_pos_4,imbalance_training:sigmoid:precision_0_40,threshold=0.175,0.3887980376124285,0.7166541070082894,0.6800770383051573,0.504108136761198,0.7817122235820232,0.5621287026739918,0.134547281521838,0.0112858442193325,3178,1495,376,951,3375.0,False,False,precision<0.4,,,False,False,Not eligible: precision is below the minimum acceptable operational threshold.,imbalance_training_variants_taiwan.csv,custom class_weights positive_weight=4; Calibration improves validation Brier and ECE.; More balanced than baseline CatBoost: precision improves and FP drops with tolerable recall loss.,precision<0.4,precision<0.45
taiwan,SCRE-Optimized,precision_constraint:B_min_precision_0_40,threshold=0.180,0.397283531409168,0.7053504144687265,0.6961266852129253,0.5082812924246538,0.7846896124879075,0.5669357617133086,0.1337668360698752,0.0106719812128829,3253,1420,391,936,3375.0,False,False,precision<0.4,,,False,False,Not eligible: precision is below the minimum acceptable operational threshold.,precision_constrained_test_results_taiwan.csv,"balanced FP reduction with tolerable recall loss; FP delta=-412, precision delta=0.0372, recall delta=-0.0716, cost delta=63; selected on validation.",precision<0.4,precision<0.45
taiwan,SCRE-Optimized,precision_constraint:G_min_specificity_0_70,threshold=0.180,0.397283531409168,0.7053504144687265,0.6961266852129253,0.5082812924246538,0.7846896124879075,0.5669357617133086,0.1337668360698752,0.0106719812128829,3253,1420,391,936,3375.0,False,False,precision<0.4,,,False,False,Not eligible: precision is below the minimum acceptable operational threshold.,precision_constrained_test_results_taiwan.csv,"balanced FP reduction with tolerable recall loss; FP delta=-412, precision delta=0.0372, recall delta=-0.0716, cost delta=63; selected on validation.",precision<0.4,precision<0.45
taiwan,SCRE-Optimized,precision_constraint:K_precision_0_40_recall_0_65,threshold=0.180,0.397283531409168,0.7053504144687265,0.6961266852129253,0.5082812924246538,0.7846896124879075,0.5669357617133086,0.1337668360698752,0.0106719812128829,3253,1420,391,936,3375.0,False,False,precision<0.4,,,False,False,Not eligible: precision is below the minimum acceptable operational threshold.,precision_constrained_test_results_taiwan.csv,"balanced FP reduction with tolerable recall loss; FP delta=-412, precision delta=0.0372, recall delta=-0.0716, cost delta=63; selected on validation.",precision<0.4,precision<0.45
taiwan,SCRE-Optimized,precision_constraint:M_precision_0_40_specificity_0_60,threshold=0.180,0.397283531409168,0.7053504144687265,0.6961266852129253,0.5082812924246538,0.7846896124879075,0.5669357617133086,0.1337668360698752,0.0106719812128829,3253,1420,391,936,3375.0,False,False,precision<0.4,,,False,False,Not eligible: precision is below the minimum acceptable operational threshold.,precision_constrained_test_results_taiwan.csv,"balanced FP reduction with tolerable recall loss; FP delta=-412, precision delta=0.0372, recall delta=-0.0716, cost delta=63; selected on validation.",precision<0.4,precision<0.45
taiwan,SCRE-Pareto,precision_constraint:B_min_precision_0_40,threshold=0.180,0.3943839061190277,0.7091183119819141,0.6907768029103359,0.5068677619175869,0.7838847515211484,0.5661401114278397,0.1340166575484842,0.0112687581693097,3228,1445,386,941,3375.0,False,False,precision<0.4,,,False,False,Not eligible: precision is below the minimum acceptable operational threshold.,precision_constrained_test_results_taiwan.csv,"balanced FP reduction with tolerable recall loss; FP delta=-392, precision delta=0.0345, recall delta=-0.0693, cost delta=68; selected on validation.",precision<0.4,precision<0.45
taiwan,SCRE-Pareto,precision_constraint:J_fp_budget_1500,threshold=0.180,0.3943839061190277,0.7091183119819141,0.6907768029103359,0.5068677619175869,0.7838847515211484,0.5661401114278397,0.1340166575484842,0.0112687581693097,3228,1445,386,941,3375.0,False,False,precision<0.4,,,False,False,Not eligible: precision is below the minimum acceptable operational threshold.,precision_constrained_test_results_taiwan.csv,"balanced FP reduction with tolerable recall loss; FP delta=-392, precision delta=0.0345, recall delta=-0.0693, cost delta=68; selected on validation.",precision<0.4,precision<0.45
taiwan,SCRE-Pareto,precision_constraint:K_precision_0_40_recall_0_65,threshold=0.180,0.3943839061190277,0.7091183119819141,0.6907768029103359,0.5068677619175869,0.7838847515211484,0.5661401114278397,0.1340166575484842,0.0112687581693097,3228,1445,386,941,3375.0,False,False,precision<0.4,,,False,False,Not eligible: precision is below the minimum acceptable operational threshold.,precision_constrained_test_results_taiwan.csv,"balanced FP reduction with tolerable recall loss; FP delta=-392, precision delta=0.0345, recall delta=-0.0693, cost delta=68; selected on validation.",precision<0.4,precision<0.45
taiwan,SCRE-Pareto,precision_constraint:M_precision_0_40_specificity_0_60,threshold=0.180,0.3943839061190277,0.7091183119819141,0.6907768029103359,0.5068677619175869,0.7838847515211484,0.5661401114278397,0.1340166575484842,0.0112687581693097,3228,1445,386,941,3375.0,False,False,precision<0.4,,,False,False,Not eligible: precision is below the minimum acceptable operational threshold.,precision_constrained_test_results_taiwan.csv,"balanced FP reduction with tolerable recall loss; FP delta=-392, precision delta=0.0345, recall delta=-0.0693, cost delta=68; selected on validation.",precision<0.4,precision<0.45
taiwan,XGBoost::xgboost_sample_weight_pos_3,imbalance_training:uncalibrated:cost_optimal_FN5_FP1,threshold=0.350,0.3698578908002992,0.7452901281085155,0.6394179328054783,0.4943764058985254,0.781371072835644,0.5620720201617713,0.1648130767281198,0.1589859433577706,2988,1685,338,989,3375.0,False,False,precision<0.4,,,False,False,Not eligible: precision is below the minimum acceptable operational threshold.,imbalance_training_variants_taiwan.csv,sample_weight positive class=3; Reference uncalibrated probability.; More balanced than baseline CatBoost: precision improves and FP drops with tolerable recall loss.,precision<0.4,precision<0.45
taiwan,XGBoost::xgboost_sample_weight_pos_3,imbalance_training:uncalibrated:specificity_0_65,threshold=0.350,0.3698578908002992,0.7452901281085155,0.6394179328054783,0.4943764058985254,0.781371072835644,0.5620720201617713,0.1648130767281198,0.1589859433577706,2988,1685,338,989,3375.0,False,False,precision<0.4,,,False,False,Not eligible: precision is below the minimum acceptable operational threshold.,imbalance_training_variants_taiwan.csv,sample_weight positive class=3; Reference uncalibrated probability.; More balanced than baseline CatBoost: precision improves and FP drops with tolerable recall loss.,precision<0.4,precision<0.45
taiwan,Best CatBoost,precision_constraint:J_fp_budget_1500,threshold=0.170,0.3838464614154338,0.7234363225320272,0.6702332548683929,0.5015673981191222,0.7853434511554537,0.5639167825429635,0.133690712785661,0.0077638887959482,3132,1541,367,960,3376.0,False,False,precision<0.4,,,False,False,Not eligible: precision is below the minimum acceptable operational threshold.,precision_constrained_test_results_taiwan.csv,"balanced FP reduction with tolerable recall loss; FP delta=-441, precision delta=0.0324, recall delta=-0.0859, cost delta=129; selected on validation.",precision<0.4,precision<0.45
taiwan,LightGBM::lightgbm_scale_pos_weight_2,imbalance_training:uncalibrated:specificity_0_65,threshold=0.250,0.373429767795965,0.7392614920874152,0.6477637491975177,0.4962063732928679,0.7791419417710264,0.5537490189711668,0.1447929345054303,0.0745844215299317,3027,1646,346,981,3376.0,False,False,precision<0.4,,,False,False,Not eligible: precision is below the minimum acceptable operational threshold.,imbalance_training_variants_taiwan.csv,scale_pos_weight=2; Reference uncalibrated probability.; More balanced than baseline CatBoost: precision improves and FP drops with tolerable recall loss.,precision<0.4,precision<0.45
taiwan,SCRE-Pareto,precision_constraint:A_min_precision_0_35,threshold=0.165,0.3651315789473684,0.7528259231348907,0.6282901776160924,0.491754860940192,0.7838847515211484,0.5661401114278397,0.1340166575484842,0.0112687581693097,2936,1737,328,999,3377.0,False,False,precision<0.4,,,False,False,Not eligible: precision is below the minimum acceptable operational threshold.,precision_constrained_test_results_taiwan.csv,"balanced FP reduction with tolerable recall loss; FP delta=-100, precision delta=0.0052, recall delta=-0.0256, cost delta=70; selected on validation.",precision<0.4,precision<0.45
taiwan,SCRE-Pareto,precision_constraint:E_min_specificity_0_60,threshold=0.165,0.3651315789473684,0.7528259231348907,0.6282901776160924,0.491754860940192,0.7838847515211484,0.5661401114278397,0.1340166575484842,0.0112687581693097,2936,1737,328,999,3377.0,False,False,precision<0.4,,,False,False,Not eligible: precision is below the minimum acceptable operational threshold.,precision_constrained_test_results_taiwan.csv,"balanced FP reduction with tolerable recall loss; FP delta=-100, precision delta=0.0052, recall delta=-0.0256, cost delta=70; selected on validation.",precision<0.4,precision<0.45
taiwan,SCRE-Pareto,precision_constraint:H_fp_budget_2000,threshold=0.165,0.3651315789473684,0.7528259231348907,0.6282901776160924,0.491754860940192,0.7838847515211484,0.5661401114278397,0.1340166575484842,0.0112687581693097,2936,1737,328,999,3377.0,False,False,precision<0.4,,,False,False,Not eligible: precision is below the minimum acceptable operational threshold.,precision_constrained_test_results_taiwan.csv,"balanced FP reduction with tolerable recall loss; FP delta=-100, precision delta=0.0052, recall delta=-0.0256, cost delta=70; selected on validation.",precision<0.4,precision<0.45
taiwan,SCRE-Pareto,precision_constraint:I_fp_budget_1750,threshold=0.165,0.3651315789473684,0.7528259231348907,0.6282901776160924,0.491754860940192,0.7838847515211484,0.5661401114278397,0.1340166575484842,0.0112687581693097,2936,1737,328,999,3377.0,False,False,precision<0.4,,,False,False,Not eligible: precision is below the minimum acceptable operational threshold.,precision_constrained_test_results_taiwan.csv,"balanced FP reduction with tolerable recall loss; FP delta=-100, precision delta=0.0052, recall delta=-0.0256, cost delta=70; selected on validation.",precision<0.4,precision<0.45
taiwan,SCRE-Pareto,cost_matrix:FN5_FP1,threshold=0.165,0.3651315789473684,0.7528259231348907,0.6282901776160924,0.4917548609401919,0.7838847515211484,0.5661401114278397,0.1340166575484842,0.0112687581693097,2936,1737,328,999,3377.0,False,False,precision<0.4,,,False,False,Not eligible: precision is below the minimum acceptable operational threshold.,cost_matrix_sensitivity_taiwan.csv,Reference-like cost tradeoff; use alongside precision/specificity constraints.,precision<0.4,precision<0.45
taiwan,SCRE-Optimized,precision_constraint:F_min_specificity_0_65,threshold=0.170,0.3739495798319328,0.7377543330821401,0.6492617162422427,0.4963244613434727,0.7846896124879075,0.5669357617133086,0.1337668360698752,0.0106719812128829,3034,1639,348,979,3379.0,False,False,precision<0.4,,,False,False,Not eligible: precision is below the minimum acceptable operational threshold.,precision_constrained_test_results_taiwan.csv,"balanced FP reduction with tolerable recall loss; FP delta=-193, precision delta=0.0138, recall delta=-0.0392, cost delta=67; selected on validation.",precision<0.4,precision<0.45
taiwan,XGBoost::xgboost_sample_weight_pos_3,imbalance_training:uncalibrated:precision_0_40,threshold=0.380,0.3931552587646076,0.7098718914845517,0.6888508452814038,0.5060435132957293,0.781371072835644,0.5620720201617713,0.1648130767281198,0.1589859433577706,3219,1454,385,942,3379.0,False,False,precision<0.4,,,False,False,Not eligible: precision is below the minimum acceptable operational threshold.,imbalance_training_variants_taiwan.csv,sample_weight positive class=3; Reference uncalibrated probability.; More balanced than baseline CatBoost: precision improves and FP drops with tolerable recall loss.,precision<0.4,precision<0.45
taiwan,XGBoost::xgboost_scale_pos_weight_1_5,imbalance_training:sigmoid:cost_optimal_FN5_FP1,threshold=0.175,0.3793103448275862,0.7294649585531273,0.6610314573079392,0.4990977055942253,0.7809347772344487,0.5625288024780922,0.1345878864711424,0.0113343664163022,3089,1584,359,968,3379.0,False,False,precision<0.4,,,False,False,Not eligible: precision is below the minimum acceptable operational threshold.,imbalance_training_variants_taiwan.csv,scale_pos_weight=1.5; Calibration improves validation Brier and ECE.; More balanced than baseline CatBoost: precision improves and FP drops with tolerable recall loss.,precision<0.4,precision<0.45
taiwan,XGBoost::xgboost_scale_pos_weight_1_5,imbalance_training:sigmoid:specificity_0_65,threshold=0.175,0.3793103448275862,0.7294649585531273,0.6610314573079392,0.4990977055942253,0.7809347772344487,0.5625288024780922,0.1345878864711424,0.0113343664163022,3089,1584,359,968,3379.0,False,False,precision<0.4,,,False,False,Not eligible: precision is below the minimum acceptable operational threshold.,imbalance_training_variants_taiwan.csv,scale_pos_weight=1.5; Calibration improves validation Brier and ECE.; More balanced than baseline CatBoost: precision improves and FP drops with tolerable recall loss.,precision<0.4,precision<0.45
taiwan,LightGBM::lightgbm_scale_pos_weight_2,imbalance_training:uncalibrated:precision_0_40,threshold=0.280,0.3986313088109495,0.7023360964581763,0.6991226193023754,0.5085948158253751,0.7791419417710264,0.5537490189711668,0.1447929345054303,0.0745844215299317,3267,1406,395,932,3381.0,False,False,precision<0.4,,,False,False,Not eligible: precision is below the minimum acceptable operational threshold.,imbalance_training_variants_taiwan.csv,scale_pos_weight=2; Reference uncalibrated probability.; More balanced than baseline CatBoost: precision improves and FP drops with tolerable recall loss.,precision<0.4,precision<0.45
taiwan,XGBoost::xgboost_sample_weight_pos_3,imbalance_training:sigmoid:cost_optimal_FN5_FP1,threshold=0.170,0.369801423754215,0.7437829691032404,0.640059918681789,0.4939939939939939,0.781371072835644,0.5620720201617713,0.1345716344389958,0.0133491684037916,2991,1682,340,987,3382.0,False,False,precision<0.4,,,False,False,Not eligible: precision is below the minimum acceptable operational threshold.,imbalance_training_variants_taiwan.csv,sample_weight positive class=3; Calibration improves validation Brier and ECE.; More balanced than baseline CatBoost: precision improves and FP drops with tolerable recall loss.,precision<0.4,precision<0.45
taiwan,XGBoost::xgboost_sample_weight_pos_3,imbalance_training:sigmoid:specificity_0_65,threshold=0.170,0.369801423754215,0.7437829691032404,0.640059918681789,0.4939939939939939,0.781371072835644,0.5620720201617713,0.1345716344389958,0.0133491684037916,2991,1682,340,987,3382.0,False,False,precision<0.4,,,False,False,Not eligible: precision is below the minimum acceptable operational threshold.,imbalance_training_variants_taiwan.csv,sample_weight positive class=3; Calibration improves validation Brier and ECE.; More balanced than baseline CatBoost: precision improves and FP drops with tolerable recall loss.,precision<0.4,precision<0.45
taiwan,XGBoost::xgboost_sample_weight_pos_3,imbalance_training:isotonic:specificity_0_65,threshold=0.200,0.3702591062711228,0.7430293896006028,0.6411298951423069,0.4942355889724311,0.7796487897010049,0.5422701875467248,0.1349182314992038,0.0153515165081331,2996,1677,341,986,3382.0,False,False,precision<0.4,,,False,False,Not eligible: precision is below the minimum acceptable operational threshold.,imbalance_training_variants_taiwan.csv,sample_weight positive class=3; Calibration improves validation Brier and ECE.; More balanced than baseline CatBoost: precision improves and FP drops with tolerable recall loss.,precision<0.4,precision<0.45
taiwan,LightGBM::lightgbm_is_unbalance,imbalance_training:isotonic:precision_0_40,threshold=0.215,0.3982905982905982,0.7023360964581763,0.6986946287181682,0.5083174256885737,0.7747894678193492,0.5369948600291842,0.1362776186813121,0.0125160169999064,3265,1408,395,932,3383.0,False,False,precision<0.4; pr_auc<0.54,,,False,False,Not eligible: precision is below the minimum acceptable operational threshold.,imbalance_training_variants_taiwan.csv,is_unbalance=True; Calibration improves validation Brier and ECE.; More balanced than baseline CatBoost: precision improves and FP drops with tolerable recall loss.,precision<0.4; pr_auc<0.54,precision<0.45; pr_auc<0.54
taiwan,XGBoost::xgboost_scale_pos_weight_3,imbalance_training:uncalibrated:precision_0_40,threshold=0.380,0.3936348408710218,0.7083647324792766,0.6901348170340252,0.506056527590848,0.7814425121079891,0.562521540304657,0.164784230363409,0.1585271937300761,3225,1448,387,940,3383.0,False,False,precision<0.4,,,False,False,Not eligible: precision is below the minimum acceptable operational threshold.,imbalance_training_variants_taiwan.csv,scale_pos_weight=3; Reference uncalibrated probability.; More balanced than baseline CatBoost: precision improves and FP drops with tolerable recall loss.,precision<0.4,precision<0.45
taiwan,LightGBM::lightgbm_is_unbalance,imbalance_training:uncalibrated:precision_0_40,threshold=0.385,0.3975287601193012,0.7030896759608138,0.6974106569655467,0.50789330430049,0.7756255330732384,0.5524902637772384,0.1657363850233998,0.144475037331712,3259,1414,394,933,3384.0,False,False,precision<0.4,,,False,False,Not eligible: precision is below the minimum acceptable operational threshold.,imbalance_training_variants_taiwan.csv,is_unbalance=True; Reference uncalibrated probability.; More balanced than baseline CatBoost: precision improves and FP drops with tolerable recall loss.,precision<0.4,precision<0.45
taiwan,LightGBM::lightgbm_scale_pos_weight_2,imbalance_training:isotonic:precision_0_40,threshold=0.205,0.399313009875483,0.7008289374529013,0.7006205863471003,0.5087527352297592,0.7778502294200469,0.531245403559525,0.1364629939435367,0.0125817748145801,3274,1399,397,930,3384.0,False,False,precision<0.4; pr_auc<0.54,,,False,False,Not eligible: precision is below the minimum acceptable operational threshold.,imbalance_training_variants_taiwan.csv,scale_pos_weight=2; Calibration improves validation Brier and ECE.; More balanced than baseline CatBoost: precision improves and FP drops with tolerable recall loss.,precision<0.4; pr_auc<0.54,precision<0.45; pr_auc<0.54
taiwan,LightGBM::lightgbm_scale_pos_weight_2,imbalance_training:isotonic:specificity_0_65,threshold=0.205,0.399313009875483,0.7008289374529013,0.7006205863471003,0.5087527352297592,0.7778502294200469,0.531245403559525,0.1364629939435367,0.0125817748145801,3274,1399,397,930,3384.0,False,False,precision<0.4; pr_auc<0.54,,,False,False,Not eligible: precision is below the minimum acceptable operational threshold.,imbalance_training_variants_taiwan.csv,scale_pos_weight=2; Calibration improves validation Brier and ECE.; More balanced than baseline CatBoost: precision improves and FP drops with tolerable recall loss.,precision<0.4; pr_auc<0.54,precision<0.45; pr_auc<0.54
taiwan,LightGBM::lightgbm_scale_pos_weight_4,imbalance_training:isotonic:precision_0_40,threshold=0.205,0.3997418244406196,0.7000753579502638,0.7014765675155147,0.5089016707751302,0.7762559886832452,0.5396243758609711,0.1364026688283639,0.0157739782416891,3278,1395,398,929,3385.0,False,False,precision<0.4; pr_auc<0.54,,,False,False,Not eligible: precision is below the minimum acceptable operational threshold.,imbalance_training_variants_taiwan.csv,scale_pos_weight=4; Calibration improves validation Brier and ECE.; More balanced than baseline CatBoost: precision improves and FP drops with tolerable recall loss.,precision<0.4; pr_auc<0.54,precision<0.45; pr_auc<0.54
taiwan,LightGBM::lightgbm_scale_pos_weight_4,imbalance_training:isotonic:specificity_0_65,threshold=0.205,0.3997418244406196,0.7000753579502638,0.7014765675155147,0.5089016707751302,0.7762559886832452,0.5396243758609711,0.1364026688283639,0.0157739782416891,3278,1395,398,929,3385.0,False,False,precision<0.4; pr_auc<0.54,,,False,False,Not eligible: precision is below the minimum acceptable operational threshold.,imbalance_training_variants_taiwan.csv,scale_pos_weight=4; Calibration improves validation Brier and ECE.; More balanced than baseline CatBoost: precision improves and FP drops with tolerable recall loss.,precision<0.4; pr_auc<0.54,precision<0.45; pr_auc<0.54
taiwan,XGBoost::xgboost_sample_weight_pos_1.5,imbalance_training:uncalibrated:cost_optimal_FN5_FP1,threshold=0.215,0.3639344262295082,0.7528259231348907,0.6263642199871603,0.4906679764243615,0.7810780589353032,0.5646587892659928,0.13840760768624,0.0532343432651832,2927,1746,328,999,3386.0,False,False,precision<0.4,,,False,False,Not eligible: precision is below the minimum acceptable operational threshold.,imbalance_training_variants_taiwan.csv,sample_weight positive class=1.5; Reference uncalibrated probability.; More balanced than baseline CatBoost: precision improves and FP drops with tolerable recall loss.,precision<0.4,precision<0.45
taiwan,XGBoost::xgboost_sample_weight_pos_2,imbalance_training:isotonic:precision_0_40,threshold=0.185,0.3912863070539419,0.7106254709871892,0.6860689064840574,0.5046829007225048,0.778540352142396,0.539954287359745,0.1352473024396937,0.0084371180451051,3206,1467,384,943,3387.0,False,False,precision<0.4; pr_auc<0.54,,,False,False,Not eligible: precision is below the minimum acceptable operational threshold.,imbalance_training_variants_taiwan.csv,sample_weight positive class=2; Calibration improves validation Brier and ECE.; More balanced than baseline CatBoost: precision improves and FP drops with tolerable recall loss.,precision<0.4; pr_auc<0.54,precision<0.45; pr_auc<0.54
taiwan,XGBoost::xgboost_sample_weight_pos_2,imbalance_training:isotonic:specificity_0_65,threshold=0.185,0.3912863070539419,0.7106254709871892,0.6860689064840574,0.5046829007225048,0.778540352142396,0.539954287359745,0.1352473024396937,0.0084371180451051,3206,1467,384,943,3387.0,False,False,precision<0.4; pr_auc<0.54,,,False,False,Not eligible: precision is below the minimum acceptable operational threshold.,imbalance_training_variants_taiwan.csv,sample_weight positive class=2; Calibration improves validation Brier and ECE.; More balanced than baseline CatBoost: precision improves and FP drops with tolerable recall loss.,precision<0.4; pr_auc<0.54,precision<0.45; pr_auc<0.54
taiwan,XGBoost::xgboost_sample_weight_pos_2,imbalance_training:sigmoid:precision_0_40,threshold=0.185,0.3926482873851294,0.7083647324792766,0.6888508452814038,0.5052405267401235,0.7809917835161055,0.5612551197991238,0.1346612358440934,0.0125171303481197,3219,1454,387,940,3389.0,False,False,precision<0.4,,,False,False,Not eligible: precision is below the minimum acceptable operational threshold.,imbalance_training_variants_taiwan.csv,sample_weight positive class=2; Calibration improves validation Brier and ECE.; More balanced than baseline CatBoost: precision improves and FP drops with tolerable recall loss.,precision<0.4,precision<0.45
taiwan,CatBoost::catboost_class_weight_pos_1.5,imbalance_training:sigmoid:precision_0_40,threshold=0.180,0.3994834266035299,0.6993217784476262,0.7014765675155147,0.5084931506849315,0.7838996682992342,0.5662219316902193,0.1340489791601124,0.0109789317485505,3278,1395,399,928,3390.0,False,False,precision<0.4,,,False,False,Not eligible: precision is below the minimum acceptable operational threshold.,imbalance_training_variants_taiwan.csv,custom class_weights positive_weight=1.5; Calibration improves validation Brier and ECE.; More balanced than baseline CatBoost: precision improves and FP drops with tolerable recall loss.,precision<0.4,precision<0.45
taiwan,XGBoost::xgboost_sample_weight_pos_2,imbalance_training:uncalibrated:precision_0_40,threshold=0.290,0.3891402714932127,0.7128862094951017,0.6822169912261931,0.50345928685471,0.7809917835161055,0.5612551197991238,0.1461541724083217,0.0949522826218356,3188,1485,381,946,3390.0,False,False,precision<0.4,,,False,False,Not eligible: precision is below the minimum acceptable operational threshold.,imbalance_training_variants_taiwan.csv,sample_weight positive class=2; Reference uncalibrated probability.; More balanced than baseline CatBoost: precision improves and FP drops with tolerable recall loss.,precision<0.4,precision<0.45
taiwan,XGBoost::xgboost_scale_pos_weight_3,imbalance_training:isotonic:cost_optimal_FN5_FP1,threshold=0.180,0.3762107710189848,0.73172569706104,0.6554675797132463,0.4969293756397134,0.780587095358205,0.5465286863289036,0.1348937511676989,0.0149637501783544,3063,1610,356,971,3390.0,False,False,precision<0.4,,,False,False,Not eligible: precision is below the minimum acceptable operational threshold.,imbalance_training_variants_taiwan.csv,scale_pos_weight=3; Calibration improves validation Brier and ECE.; More balanced than baseline CatBoost: precision improves and FP drops with tolerable recall loss.,precision<0.4,precision<0.45
taiwan,XGBoost::xgboost_scale_pos_weight_3,imbalance_training:isotonic:specificity_0_65,threshold=0.180,0.3762107710189848,0.73172569706104,0.6554675797132463,0.4969293756397134,0.780587095358205,0.5465286863289036,0.1348937511676989,0.0149637501783544,3063,1610,356,971,3390.0,False,False,precision<0.4,,,False,False,Not eligible: precision is below the minimum acceptable operational threshold.,imbalance_training_variants_taiwan.csv,scale_pos_weight=3; Calibration improves validation Brier and ECE.; More balanced than baseline CatBoost: precision improves and FP drops with tolerable recall loss.,precision<0.4,precision<0.45
taiwan,CatBoost::catboost_class_weight_pos_1.5,imbalance_training:uncalibrated:precision_0_40,threshold=0.240,0.3999137187230371,0.6985681989449887,0.7023325486839289,0.508641975308642,0.7838996682992342,0.5662219316902193,0.137800225964903,0.054851628572785,3282,1391,400,927,3391.0,False,False,precision<0.4,,,False,False,Not eligible: precision is below the minimum acceptable operational threshold.,imbalance_training_variants_taiwan.csv,custom class_weights positive_weight=1.5; Reference uncalibrated probability.; More balanced than baseline CatBoost: precision improves and FP drops with tolerable recall loss.,precision<0.4,precision<0.45
taiwan,SCRE-Pareto,precision_constraint:F_min_specificity_0_65,threshold=0.170,0.3727134146341463,0.7370007535795027,0.6477637491975177,0.4950645406226271,0.7838847515211484,0.5661401114278397,0.1340166575484842,0.0112687581693097,3027,1646,349,978,3391.0,False,False,precision<0.4,,,False,False,Not eligible: precision is below the minimum acceptable operational threshold.,precision_constrained_test_results_taiwan.csv,"balanced FP reduction with tolerable recall loss; FP delta=-191, precision delta=0.0128, recall delta=-0.0414, cost delta=84; selected on validation.",precision<0.4,precision<0.45
taiwan,Best XGBoost,precision_constraint:A_min_precision_0_35,threshold=0.180,0.3927227101631116,0.707611152976639,0.689278835865611,0.5051102743410436,0.7826485134584009,0.5624784540120215,0.1343163230559995,0.0095047983326949,3221,1452,388,939,3392.0,False,False,precision<0.4,,,False,False,Not eligible: precision is below the minimum acceptable operational threshold.,precision_constrained_test_results_taiwan.csv,"balanced FP reduction with tolerable recall loss; FP delta=-746, precision delta=0.0572, recall delta=-0.1289, cost delta=109; selected on validation.",precision<0.4,precision<0.45
taiwan,Best XGBoost,precision_constraint:B_min_precision_0_40,threshold=0.180,0.3927227101631116,0.707611152976639,0.689278835865611,0.5051102743410436,0.7826485134584009,0.5624784540120215,0.1343163230559995,0.0095047983326949,3221,1452,388,939,3392.0,False,False,precision<0.4,,,False,False,Not eligible: precision is below the minimum acceptable operational threshold.,precision_constrained_test_results_taiwan.csv,"balanced FP reduction with tolerable recall loss; FP delta=-746, precision delta=0.0572, recall delta=-0.1289, cost delta=109; selected on validation.",precision<0.4,precision<0.45
taiwan,Best XGBoost,precision_constraint:E_min_specificity_0_60,threshold=0.180,0.3927227101631116,0.707611152976639,0.689278835865611,0.5051102743410436,0.7826485134584009,0.5624784540120215,0.1343163230559995,0.0095047983326949,3221,1452,388,939,3392.0,False,False,precision<0.4,,,False,False,Not eligible: precision is below the minimum acceptable operational threshold.,precision_constrained_test_results_taiwan.csv,"balanced FP reduction with tolerable recall loss; FP delta=-746, precision delta=0.0572, recall delta=-0.1289, cost delta=109; selected on validation.",precision<0.4,precision<0.45
taiwan,Best XGBoost,precision_constraint:F_min_specificity_0_65,threshold=0.180,0.3927227101631116,0.707611152976639,0.689278835865611,0.5051102743410436,0.7826485134584009,0.5624784540120215,0.1343163230559995,0.0095047983326949,3221,1452,388,939,3392.0,False,False,precision<0.4,,,False,False,Not eligible: precision is below the minimum acceptable operational threshold.,precision_constrained_test_results_taiwan.csv,"balanced FP reduction with tolerable recall loss; FP delta=-746, precision delta=0.0572, recall delta=-0.1289, cost delta=109; selected on validation.",precision<0.4,precision<0.45
taiwan,Best XGBoost,precision_constraint:G_min_specificity_0_70,threshold=0.180,0.3927227101631116,0.707611152976639,0.689278835865611,0.5051102743410436,0.7826485134584009,0.5624784540120215,0.1343163230559995,0.0095047983326949,3221,1452,388,939,3392.0,False,False,precision<0.4,,,False,False,Not eligible: precision is below the minimum acceptable operational threshold.,precision_constrained_test_results_taiwan.csv,"balanced FP reduction with tolerable recall loss; FP delta=-746, precision delta=0.0572, recall delta=-0.1289, cost delta=109; selected on validation.",precision<0.4,precision<0.45
taiwan,Best XGBoost,precision_constraint:H_fp_budget_2000,threshold=0.180,0.3927227101631116,0.707611152976639,0.689278835865611,0.5051102743410436,0.7826485134584009,0.5624784540120215,0.1343163230559995,0.0095047983326949,3221,1452,388,939,3392.0,False,False,precision<0.4,,,False,False,Not eligible: precision is below the minimum acceptable operational threshold.,precision_constrained_test_results_taiwan.csv,"balanced FP reduction with tolerable recall loss; FP delta=-746, precision delta=0.0572, recall delta=-0.1289, cost delta=109; selected on validation.",precision<0.4,precision<0.45
taiwan,Best XGBoost,precision_constraint:I_fp_budget_1750,threshold=0.180,0.3927227101631116,0.707611152976639,0.689278835865611,0.5051102743410436,0.7826485134584009,0.5624784540120215,0.1343163230559995,0.0095047983326949,3221,1452,388,939,3392.0,False,False,precision<0.4,,,False,False,Not eligible: precision is below the minimum acceptable operational threshold.,precision_constrained_test_results_taiwan.csv,"balanced FP reduction with tolerable recall loss; FP delta=-746, precision delta=0.0572, recall delta=-0.1289, cost delta=109; selected on validation.",precision<0.4,precision<0.45
taiwan,Best XGBoost,precision_constraint:J_fp_budget_1500,threshold=0.180,0.3927227101631116,0.707611152976639,0.689278835865611,0.5051102743410436,0.7826485134584009,0.5624784540120215,0.1343163230559995,0.0095047983326949,3221,1452,388,939,3392.0,False,False,precision<0.4,,,False,False,Not eligible: precision is below the minimum acceptable operational threshold.,precision_constrained_test_results_taiwan.csv,"balanced FP reduction with tolerable recall loss; FP delta=-746, precision delta=0.0572, recall delta=-0.1289, cost delta=109; selected on validation.",precision<0.4,precision<0.45
taiwan,Best XGBoost,precision_constraint:K_precision_0_40_recall_0_65,threshold=0.180,0.3927227101631116,0.707611152976639,0.689278835865611,0.5051102743410436,0.7826485134584009,0.5624784540120215,0.1343163230559995,0.0095047983326949,3221,1452,388,939,3392.0,False,False,precision<0.4,,,False,False,Not eligible: precision is below the minimum acceptable operational threshold.,precision_constrained_test_results_taiwan.csv,"balanced FP reduction with tolerable recall loss; FP delta=-746, precision delta=0.0572, recall delta=-0.1289, cost delta=109; selected on validation.",precision<0.4,precision<0.45
taiwan,Best XGBoost,precision_constraint:M_precision_0_40_specificity_0_60,threshold=0.180,0.3927227101631116,0.707611152976639,0.689278835865611,0.5051102743410436,0.7826485134584009,0.5624784540120215,0.1343163230559995,0.0095047983326949,3221,1452,388,939,3392.0,False,False,precision<0.4,,,False,False,Not eligible: precision is below the minimum acceptable operational threshold.,precision_constrained_test_results_taiwan.csv,"balanced FP reduction with tolerable recall loss; FP delta=-746, precision delta=0.0572, recall delta=-0.1289, cost delta=109; selected on validation.",precision<0.4,precision<0.45
taiwan,XGBoost::xgboost_scale_pos_weight_3,imbalance_training:isotonic:precision_0_40,threshold=0.215,0.3944374209860936,0.7053504144687265,0.6924887652471645,0.505945945945946,0.780587095358205,0.5465286863289036,0.1348937511676989,0.0149637501783544,3236,1437,391,936,3392.0,False,False,precision<0.4,,,False,False,Not eligible: precision is below the minimum acceptable operational threshold.,imbalance_training_variants_taiwan.csv,scale_pos_weight=3; Calibration improves validation Brier and ECE.; More balanced than baseline CatBoost: precision improves and FP drops with tolerable recall loss.,precision<0.4,precision<0.45
taiwan,XGBoost::xgboost_scale_pos_weight_3,imbalance_training:uncalibrated:cost_optimal_FN5_FP1,threshold=0.360,0.3762606671838635,0.7309721175584024,0.6558955702974535,0.4967989756722151,0.7814425121079891,0.562521540304657,0.164784230363409,0.1585271937300761,3065,1608,357,970,3393.0,False,False,precision<0.4,,,False,False,Not eligible: precision is below the minimum acceptable operational threshold.,imbalance_training_variants_taiwan.csv,scale_pos_weight=3; Reference uncalibrated probability.; More balanced than baseline CatBoost: precision improves and FP drops with tolerable recall loss.,precision<0.4,precision<0.45
taiwan,XGBoost::xgboost_scale_pos_weight_3,imbalance_training:uncalibrated:specificity_0_65,threshold=0.360,0.3762606671838635,0.7309721175584024,0.6558955702974535,0.4967989756722151,0.7814425121079891,0.562521540304657,0.164784230363409,0.1585271937300761,3065,1608,357,970,3393.0,False,False,precision<0.4,,,False,False,Not eligible: precision is below the minimum acceptable operational threshold.,imbalance_training_variants_taiwan.csv,scale_pos_weight=3; Reference uncalibrated probability.; More balanced than baseline CatBoost: precision improves and FP drops with tolerable recall loss.,precision<0.4,precision<0.45
taiwan,XGBoost::xgboost_scale_pos_weight_3,imbalance_training:sigmoid:cost_optimal_FN5_FP1,threshold=0.175,0.3762606671838635,0.7309721175584024,0.6558955702974535,0.4967989756722151,0.7814425121079891,0.562521540304657,0.1345877219810322,0.0126272988302193,3065,1608,357,970,3393.0,False,False,precision<0.4,,,False,False,Not eligible: precision is below the minimum acceptable operational threshold.,imbalance_training_variants_taiwan.csv,scale_pos_weight=3; Calibration improves validation Brier and ECE.; More balanced than baseline CatBoost: precision improves and FP drops with tolerable recall loss.,precision<0.4,precision<0.45
taiwan,XGBoost::xgboost_scale_pos_weight_3,imbalance_training:sigmoid:specificity_0_65,threshold=0.175,0.3762606671838635,0.7309721175584024,0.6558955702974535,0.4967989756722151,0.7814425121079891,0.562521540304657,0.1345877219810322,0.0126272988302193,3065,1608,357,970,3393.0,False,False,precision<0.4,,,False,False,Not eligible: precision is below the minimum acceptable operational threshold.,imbalance_training_variants_taiwan.csv,scale_pos_weight=3; Calibration improves validation Brier and ECE.; More balanced than baseline CatBoost: precision improves and FP drops with tolerable recall loss.,precision<0.4,precision<0.45
taiwan,XGBoost::xgboost_max_delta_step_1,imbalance_training:uncalibrated:specificity_0_65,threshold=0.160,0.3690520794304983,0.7422758100979653,0.6396319280975818,0.4929929929929931,0.7819856440927704,0.5607154702229495,0.1345293026565397,0.0139914080721015,2989,1684,342,985,3394.0,False,False,precision<0.4,,,False,False,Not eligible: precision is below the minimum acceptable operational threshold.,imbalance_training_variants_taiwan.csv,max_delta_step=1; Reference uncalibrated probability.; More balanced than baseline CatBoost: precision improves and FP drops with tolerable recall loss.,precision<0.4,precision<0.45
taiwan,Best Scorecard,current_threshold:cost_optimal_current,threshold=0.160,0.3693693693693693,0.7415222305953278,0.6404879092659962,0.4931094963668254,0.772310218670291,0.5428529752936853,0.1369802354742906,0.013838796992413,2993,1680,343,984,3395.0,False,False,precision<0.4,,,False,False,Not eligible: precision is below the minimum acceptable operational threshold.,current_threshold_baseline_taiwan.csv,frozen final test row read from existing result table; source_model=woe_scorecard_logistic_regression; selected on validation within family,precision<0.4,precision<0.45
taiwan,Best Scorecard,current_threshold:operational_current,threshold=0.160,0.3693693693693693,0.7415222305953278,0.6404879092659962,0.4931094963668254,0.772310218670291,0.5428529752936853,0.1369802354742906,0.013838796992413,2993,1680,343,984,3395.0,False,False,precision<0.4,,,False,False,Not eligible: precision is below the minimum acceptable operational threshold.,current_threshold_baseline_taiwan.csv,"threshold-only anchor from manual-review revision; manual band also uses low=0.13, high=0.26, selected on validation; source_model=woe_scorecard_logistic_regression; selected on validation within family",precision<0.4,precision<0.45
taiwan,LightGBM::lightgbm_scale_pos_weight_4,imbalance_training:uncalibrated:precision_0_40,threshold=0.410,0.3965884861407249,0.7008289374529013,0.6971966616734432,0.5065359477124183,0.7768512084444767,0.5570202713013589,0.1720953041212135,0.1614482847480534,3258,1415,397,930,3400.0,False,False,precision<0.4,,,False,False,Not eligible: precision is below the minimum acceptable operational threshold.,imbalance_training_variants_taiwan.csv,scale_pos_weight=4; Reference uncalibrated probability.; More balanced than baseline CatBoost: precision improves and FP drops with tolerable recall loss.,precision<0.4,precision<0.45
taiwan,LightGBM::lightgbm_scale_pos_weight_2,imbalance_training:sigmoid:specificity_0_65,threshold=0.185,0.3746141975308642,0.73172569706104,0.653113631500107,0.4955345751467211,0.7791419417710264,0.5537490189711668,0.135825431990535,0.0095527013664718,3052,1621,356,971,3401.0,False,False,precision<0.4,,,False,False,Not eligible: precision is below the minimum acceptable operational threshold.,imbalance_training_variants_taiwan.csv,scale_pos_weight=2; Calibration improves validation Brier and ECE.; More balanced than baseline CatBoost: precision improves and FP drops with tolerable recall loss.,precision<0.4,precision<0.45
taiwan,XGBoost::xgboost_sample_weight_pos_1.5,imbalance_training:isotonic:specificity_0_65,threshold=0.185,0.3720930232558139,0.7354935945742276,0.647549753905414,0.4941772151898734,0.7806457142645197,0.5474181493032805,0.1343197876605744,0.0095277965648395,3026,1647,351,976,3402.0,False,False,precision<0.4,,,False,False,Not eligible: precision is below the minimum acceptable operational threshold.,imbalance_training_variants_taiwan.csv,sample_weight positive class=1.5; Calibration improves validation Brier and ECE.; More balanced than baseline CatBoost: precision improves and FP drops with tolerable recall loss.,precision<0.4,precision<0.45
taiwan,CatBoost::catboost_auto_balanced,imbalance_training:isotonic:precision_0_40,threshold=0.215,0.411070780399274,0.6827430293896006,0.7222341108495614,0.5131690739167375,0.7817414120883311,0.5383820562004489,0.1350826791740959,0.0129876729346579,3375,1298,421,906,3403.0,False,False,pr_auc<0.54,,,False,False,Not eligible: ranking quality is below dataset minimum.,imbalance_training_variants_taiwan.csv,auto_class_weights='Balanced'; Calibration improves validation Brier and ECE.; More balanced than baseline CatBoost: precision improves and FP drops with tolerable recall loss.,pr_auc<0.54,precision<0.45; pr_auc<0.54
taiwan,CatBoost::catboost_auto_balanced,imbalance_training:isotonic:specificity_0_65,threshold=0.215,0.411070780399274,0.6827430293896006,0.7222341108495614,0.5131690739167375,0.7817414120883311,0.5383820562004489,0.1350826791740959,0.0129876729346579,3375,1298,421,906,3403.0,False,False,pr_auc<0.54,,,False,False,Not eligible: ranking quality is below dataset minimum.,imbalance_training_variants_taiwan.csv,auto_class_weights='Balanced'; Calibration improves validation Brier and ECE.; More balanced than baseline CatBoost: precision improves and FP drops with tolerable recall loss.,pr_auc<0.54,precision<0.45; pr_auc<0.54
taiwan,CatBoost::catboost_auto_none,imbalance_training:isotonic:precision_0_40,threshold=0.205,0.4513742071881607,0.6435568952524491,0.7778728867964905,0.5305995650823238,0.7836066543988934,0.5375669820858844,0.1344570596664352,0.0122990604588821,3635,1038,473,854,3403.0,False,False,pr_auc<0.54,,,False,False,Not eligible: ranking quality is below dataset minimum.,imbalance_training_variants_taiwan.csv,auto_class_weights=None; Calibration improves validation Brier and ECE.; More balanced than baseline CatBoost: precision improves and FP drops with tolerable recall loss.,pr_auc<0.54,pr_auc<0.54
taiwan,CatBoost::catboost_auto_none,imbalance_training:isotonic:precision_0_45,threshold=0.205,0.4513742071881607,0.6435568952524491,0.7778728867964905,0.5305995650823238,0.7836066543988934,0.5375669820858844,0.1344570596664352,0.0122990604588821,3635,1038,473,854,3403.0,False,False,pr_auc<0.54,,,False,False,Not eligible: ranking quality is below dataset minimum.,imbalance_training_variants_taiwan.csv,auto_class_weights=None; Calibration improves validation Brier and ECE.; More balanced than baseline CatBoost: precision improves and FP drops with tolerable recall loss.,pr_auc<0.54,pr_auc<0.54
taiwan,CatBoost::catboost_baseline,imbalance_training:isotonic:precision_0_40,threshold=0.205,0.4513742071881607,0.6435568952524491,0.7778728867964905,0.5305995650823238,0.7836066543988934,0.5375669820858844,0.1344570596664352,0.0122990604588821,3635,1038,473,854,3403.0,False,False,pr_auc<0.54,,,False,False,Not eligible: ranking quality is below dataset minimum.,imbalance_training_variants_taiwan.csv,baseline CatBoost; Calibration improves validation Brier and ECE.; More balanced than baseline CatBoost: precision improves and FP drops with tolerable recall loss.,pr_auc<0.54,pr_auc<0.54
taiwan,CatBoost::catboost_baseline,imbalance_training:isotonic:precision_0_45,threshold=0.205,0.4513742071881607,0.6435568952524491,0.7778728867964905,0.5305995650823238,0.7836066543988934,0.5375669820858844,0.1344570596664352,0.0122990604588821,3635,1038,473,854,3403.0,False,False,pr_auc<0.54,,,False,False,Not eligible: ranking quality is below dataset minimum.,imbalance_training_variants_taiwan.csv,baseline CatBoost; Calibration improves validation Brier and ECE.; More balanced than baseline CatBoost: precision improves and FP drops with tolerable recall loss.,pr_auc<0.54,pr_auc<0.54
taiwan,XGBoost::xgboost_sample_weight_pos_1.5,imbalance_training:sigmoid:cost_optimal_FN5_FP1,threshold=0.170,0.3718095238095238,0.7354935945742276,0.647121763321207,0.4939271255060729,0.7810780589353032,0.5646587892659928,0.1344037545270218,0.0111111495960597,3024,1649,351,976,3404.0,False,False,precision<0.4,,,False,False,Not eligible: precision is below the minimum acceptable operational threshold.,imbalance_training_variants_taiwan.csv,sample_weight positive class=1.5; Calibration improves validation Brier and ECE.; More balanced than baseline CatBoost: precision improves and FP drops with tolerable recall loss.,precision<0.4,precision<0.45
taiwan,XGBoost::xgboost_sample_weight_pos_1.5,imbalance_training:sigmoid:specificity_0_65,threshold=0.170,0.3718095238095238,0.7354935945742276,0.647121763321207,0.4939271255060729,0.7810780589353032,0.5646587892659928,0.1344037545270218,0.0111111495960597,3024,1649,351,976,3404.0,False,False,precision<0.4,,,False,False,Not eligible: precision is below the minimum acceptable operational threshold.,imbalance_training_variants_taiwan.csv,sample_weight positive class=1.5; Calibration improves validation Brier and ECE.; More balanced than baseline CatBoost: precision improves and FP drops with tolerable recall loss.,precision<0.4,precision<0.45
taiwan,LightGBM::lightgbm_scale_pos_weight_4,imbalance_training:sigmoid:precision_0_40,threshold=0.205,0.3957446808510638,0.7008289374529013,0.6961266852129253,0.5058471580092467,0.7768512084444767,0.5570202713013589,0.1359954653687684,0.0123031401369611,3253,1420,397,930,3405.0,False,False,precision<0.4,,,False,False,Not eligible: precision is below the minimum acceptable operational threshold.,imbalance_training_variants_taiwan.csv,scale_pos_weight=4; Calibration improves validation Brier and ECE.; More balanced than baseline CatBoost: precision improves and FP drops with tolerable recall loss.,precision<0.4,precision<0.45
taiwan,XGBoost::xgboost_sample_weight_pos_1.5,imbalance_training:uncalibrated:specificity_0_65,threshold=0.220,0.3682039745031871,0.7400150715900528,0.6394179328054783,0.4917376064096144,0.7810780589353032,0.5646587892659928,0.13840760768624,0.0532343432651832,2988,1685,345,982,3410.0,False,False,precision<0.4,,,False,False,Not eligible: precision is below the minimum acceptable operational threshold.,imbalance_training_variants_taiwan.csv,sample_weight positive class=1.5; Reference uncalibrated probability.; More balanced than baseline CatBoost: precision improves and FP drops with tolerable recall loss.,precision<0.4,precision<0.45
taiwan,CatBoost::catboost_auto_none,imbalance_training:uncalibrated:precision_0_40,threshold=0.170,0.391304347826087,0.7053504144687265,0.6884228546971967,0.5033611185802636,0.7846999332857179,0.5645652938868492,0.1341180612097842,0.0130564575085794,3217,1456,391,936,3411.0,False,False,precision<0.4,,,False,False,Not eligible: precision is below the minimum acceptable operational threshold.,imbalance_training_variants_taiwan.csv,auto_class_weights=None; Reference uncalibrated probability.; More balanced than baseline CatBoost: precision improves and FP drops with tolerable recall loss.,precision<0.4,precision<0.45
taiwan,CatBoost::catboost_baseline,imbalance_training:uncalibrated:precision_0_40,threshold=0.170,0.391304347826087,0.7053504144687265,0.6884228546971967,0.5033611185802636,0.7846999332857179,0.5645652938868492,0.1341180612097842,0.0130564575085794,3217,1456,391,936,3411.0,False,False,precision<0.4,,,False,False,Not eligible: precision is below the minimum acceptable operational threshold.,imbalance_training_variants_taiwan.csv,baseline CatBoost; Reference uncalibrated probability.; More balanced than baseline CatBoost: precision improves and FP drops with tolerable recall loss.,precision<0.4,precision<0.45
taiwan,XGBoost::xgboost_sample_weight_pos_1.5,imbalance_training:isotonic:cost_optimal_FN5_FP1,threshold=0.180,0.3667163067758749,0.7422758100979653,0.635994008131821,0.4909045601794169,0.7806457142645197,0.5474181493032805,0.1343197876605744,0.0095277965648395,2972,1701,342,985,3411.0,False,False,precision<0.4,,,False,False,Not eligible: precision is below the minimum acceptable operational threshold.,imbalance_training_variants_taiwan.csv,sample_weight positive class=1.5; Calibration improves validation Brier and ECE.; More balanced than baseline CatBoost: precision improves and FP drops with tolerable recall loss.,precision<0.4,precision<0.45
taiwan,LightGBM::lightgbm_class_weight_balanced,imbalance_training:isotonic:precision_0_45,threshold=0.225,0.4437564499484004,0.6480783722682742,0.7693130751123475,0.5267993874425727,0.7733185928688769,0.5271714804349623,0.1366810742076968,0.0082638529273807,3595,1078,467,860,3413.0,False,False,pr_auc<0.54,,,False,False,Not eligible: ranking quality is below dataset minimum.,imbalance_training_variants_taiwan.csv,class_weight='balanced'; Calibration improves validation Brier and ECE.; More balanced than baseline CatBoost: precision improves and FP drops with tolerable recall loss.,pr_auc<0.54,precision<0.45; pr_auc<0.54
taiwan,CatBoost::catboost_class_weight_pos_5,imbalance_training:uncalibrated:default_0_50,threshold=0.500,0.39447983014862,0.7000753579502638,0.6948427134603039,0.5046170559478544,0.7821351343985579,0.5616887814117245,0.2090304415462086,0.2580610699290762,3247,1426,398,929,3416.0,False,False,precision<0.4,,,False,False,Not eligible: precision is below the minimum acceptable operational threshold.,imbalance_training_variants_taiwan.csv,custom class_weights positive_weight=5; Reference uncalibrated probability.; More balanced than baseline CatBoost: precision improves and FP drops with tolerable recall loss.,precision<0.4,precision<0.45
taiwan,Best Scorecard,precision_constraint:A_min_precision_0_35,threshold=0.165,0.3831247476786435,0.7151469480030144,0.6730151936657394,0.4989484752891693,0.772310218670291,0.5428529752936853,0.1369802354742906,0.013838796992413,3145,1528,378,949,3418.0,False,False,precision<0.4,,,False,False,Not eligible: precision is below the minimum acceptable operational threshold.,precision_constrained_test_results_taiwan.csv,"balanced FP reduction with tolerable recall loss; FP delta=-152, precision delta=0.0138, recall delta=-0.0264, cost delta=23; selected on validation.",precision<0.4,precision<0.45
taiwan,Best Scorecard,precision_constraint:E_min_specificity_0_60,threshold=0.165,0.3831247476786435,0.7151469480030144,0.6730151936657394,0.4989484752891693,0.772310218670291,0.5428529752936853,0.1369802354742906,0.013838796992413,3145,1528,378,949,3418.0,False,False,precision<0.4,,,False,False,Not eligible: precision is below the minimum acceptable operational threshold.,precision_constrained_test_results_taiwan.csv,"balanced FP reduction with tolerable recall loss; FP delta=-152, precision delta=0.0138, recall delta=-0.0264, cost delta=23; selected on validation.",precision<0.4,precision<0.45
taiwan,Best Scorecard,precision_constraint:F_min_specificity_0_65,threshold=0.165,0.3831247476786435,0.7151469480030144,0.6730151936657394,0.4989484752891693,0.772310218670291,0.5428529752936853,0.1369802354742906,0.013838796992413,3145,1528,378,949,3418.0,False,False,precision<0.4,,,False,False,Not eligible: precision is below the minimum acceptable operational threshold.,precision_constrained_test_results_taiwan.csv,"balanced FP reduction with tolerable recall loss; FP delta=-152, precision delta=0.0138, recall delta=-0.0264, cost delta=23; selected on validation.",precision<0.4,precision<0.45
taiwan,Best Scorecard,precision_constraint:H_fp_budget_2000,threshold=0.165,0.3831247476786435,0.7151469480030144,0.6730151936657394,0.4989484752891693,0.772310218670291,0.5428529752936853,0.1369802354742906,0.013838796992413,3145,1528,378,949,3418.0,False,False,precision<0.4,,,False,False,Not eligible: precision is below the minimum acceptable operational threshold.,precision_constrained_test_results_taiwan.csv,"balanced FP reduction with tolerable recall loss; FP delta=-152, precision delta=0.0138, recall delta=-0.0264, cost delta=23; selected on validation.",precision<0.4,precision<0.45
taiwan,Best Scorecard,precision_constraint:I_fp_budget_1750,threshold=0.165,0.3831247476786435,0.7151469480030144,0.6730151936657394,0.4989484752891693,0.772310218670291,0.5428529752936853,0.1369802354742906,0.013838796992413,3145,1528,378,949,3418.0,False,False,precision<0.4,,,False,False,Not eligible: precision is below the minimum acceptable operational threshold.,precision_constrained_test_results_taiwan.csv,"balanced FP reduction with tolerable recall loss; FP delta=-152, precision delta=0.0138, recall delta=-0.0264, cost delta=23; selected on validation.",precision<0.4,precision<0.45
taiwan,Best Scorecard,precision_constraint:J_fp_budget_1500,threshold=0.165,0.3831247476786435,0.7151469480030144,0.6730151936657394,0.4989484752891693,0.772310218670291,0.5428529752936853,0.1369802354742906,0.013838796992413,3145,1528,378,949,3418.0,False,False,precision<0.4,,,False,False,Not eligible: precision is below the minimum acceptable operational threshold.,precision_constrained_test_results_taiwan.csv,"balanced FP reduction with tolerable recall loss; FP delta=-152, precision delta=0.0138, recall delta=-0.0264, cost delta=23; selected on validation.",precision<0.4,precision<0.45
taiwan,Best Scorecard,cost_matrix:FN5_FP1,threshold=0.165,0.3831247476786435,0.7151469480030144,0.6730151936657394,0.4989484752891693,0.772310218670291,0.5428529752936853,0.1369802354742906,0.013838796992413,3145,1528,378,949,3418.0,False,False,precision<0.4,,,False,False,Not eligible: precision is below the minimum acceptable operational threshold.,cost_matrix_sensitivity_taiwan.csv,Reference-like cost tradeoff; use alongside precision/specificity constraints.,precision<0.4,precision<0.45
taiwan,CatBoost::catboost_class_weight_pos_5,imbalance_training:isotonic:precision_0_40,threshold=0.190,0.4145437702640111,0.6744536548605878,0.7295099507810828,0.5134825014343086,0.7805588744266918,0.5381823869655036,0.1352791494873034,0.0172413143216977,3409,1264,432,895,3424.0,False,False,pr_auc<0.54,,,False,False,Not eligible: ranking quality is below dataset minimum.,imbalance_training_variants_taiwan.csv,custom class_weights positive_weight=5; Calibration improves validation Brier and ECE.; More balanced than baseline CatBoost: precision improves and FP drops with tolerable recall loss.,pr_auc<0.54,precision<0.45; pr_auc<0.54
taiwan,CatBoost::catboost_class_weight_pos_5,imbalance_training:isotonic:specificity_0_65,threshold=0.190,0.4145437702640111,0.6744536548605878,0.7295099507810828,0.5134825014343086,0.7805588744266918,0.5381823869655036,0.1352791494873034,0.0172413143216977,3409,1264,432,895,3424.0,False,False,pr_auc<0.54,,,False,False,Not eligible: ranking quality is below dataset minimum.,imbalance_training_variants_taiwan.csv,custom class_weights positive_weight=5; Calibration improves validation Brier and ECE.; More balanced than baseline CatBoost: precision improves and FP drops with tolerable recall loss.,pr_auc<0.54,precision<0.45; pr_auc<0.54
taiwan,CatBoost::catboost_auto_none,imbalance_training:sigmoid:precision_0_40,threshold=0.175,0.3918350168350168,0.7015825169555389,0.6907768029103359,0.502835538752363,0.7846999332857179,0.5645652938868492,0.134113689752387,0.0137249057336244,3228,1445,396,931,3425.0,False,False,precision<0.4,,,False,False,Not eligible: precision is below the minimum acceptable operational threshold.,imbalance_training_variants_taiwan.csv,auto_class_weights=None; Calibration improves Brier but not ECE.; More balanced than baseline CatBoost: precision improves and FP drops with tolerable recall loss.,precision<0.4,precision<0.45
taiwan,CatBoost::catboost_baseline,imbalance_training:sigmoid:precision_0_40,threshold=0.175,0.3918350168350168,0.7015825169555389,0.6907768029103359,0.502835538752363,0.7846999332857179,0.5645652938868492,0.134113689752387,0.0137249057336244,3228,1445,396,931,3425.0,False,False,precision<0.4,,,False,False,Not eligible: precision is below the minimum acceptable operational threshold.,imbalance_training_variants_taiwan.csv,baseline CatBoost; Calibration improves Brier but not ECE.; More balanced than baseline CatBoost: precision improves and FP drops with tolerable recall loss.,precision<0.4,precision<0.45
taiwan,CatBoost::catboost_class_weight_pos_4,imbalance_training:isotonic:precision_0_40,threshold=0.230,0.4178403755868544,0.6706857573474001,0.7346458377915686,0.5148973098061903,0.7793747241403945,0.5372741150172207,0.1349478268890698,0.013447456403262,3433,1240,437,890,3425.0,False,False,pr_auc<0.54,,,False,False,Not eligible: ranking quality is below dataset minimum.,imbalance_training_variants_taiwan.csv,custom class_weights positive_weight=4; Calibration improves validation Brier and ECE.; More balanced than baseline CatBoost: precision improves and FP drops with tolerable recall loss.,pr_auc<0.54,precision<0.45; pr_auc<0.54
taiwan,CatBoost::catboost_class_weight_pos_4,imbalance_training:isotonic:specificity_0_65,threshold=0.230,0.4178403755868544,0.6706857573474001,0.7346458377915686,0.5148973098061903,0.7793747241403945,0.5372741150172207,0.1349478268890698,0.013447456403262,3433,1240,437,890,3425.0,False,False,pr_auc<0.54,,,False,False,Not eligible: ranking quality is below dataset minimum.,imbalance_training_variants_taiwan.csv,custom class_weights positive_weight=4; Calibration improves validation Brier and ECE.; More balanced than baseline CatBoost: precision improves and FP drops with tolerable recall loss.,pr_auc<0.54,precision<0.45; pr_auc<0.54
taiwan,Old SCRE-Credit,precision_constraint:B_min_precision_0_40,threshold=0.200,0.3920741989881956,0.7008289374529013,0.6914187887866466,0.5028386050283861,0.78157176397432,0.5444404951784547,0.1344745846625019,0.016134514337013,3231,1442,397,930,3427.0,False,False,precision<0.4,,,False,False,Not eligible: precision is below the minimum acceptable operational threshold.,precision_constrained_test_results_taiwan.csv,"balanced FP reduction with tolerable recall loss; FP delta=-308, precision delta=0.0277, recall delta=-0.0550, cost delta=57; selected on validation.",precision<0.4,precision<0.45
taiwan,Old SCRE-Credit,precision_constraint:F_min_specificity_0_65,threshold=0.200,0.3920741989881956,0.7008289374529013,0.6914187887866466,0.5028386050283861,0.78157176397432,0.5444404951784547,0.1344745846625019,0.016134514337013,3231,1442,397,930,3427.0,False,False,precision<0.4,,,False,False,Not eligible: precision is below the minimum acceptable operational threshold.,precision_constrained_test_results_taiwan.csv,"balanced FP reduction with tolerable recall loss; FP delta=-308, precision delta=0.0277, recall delta=-0.0550, cost delta=57; selected on validation.",precision<0.4,precision<0.45
taiwan,Old SCRE-Credit,precision_constraint:G_min_specificity_0_70,threshold=0.200,0.3920741989881956,0.7008289374529013,0.6914187887866466,0.5028386050283861,0.78157176397432,0.5444404951784547,0.1344745846625019,0.016134514337013,3231,1442,397,930,3427.0,False,False,precision<0.4,,,False,False,Not eligible: precision is below the minimum acceptable operational threshold.,precision_constrained_test_results_taiwan.csv,"balanced FP reduction with tolerable recall loss; FP delta=-308, precision delta=0.0277, recall delta=-0.0550, cost delta=57; selected on validation.",precision<0.4,precision<0.45
taiwan,Old SCRE-Credit,precision_constraint:J_fp_budget_1500,threshold=0.200,0.3920741989881956,0.7008289374529013,0.6914187887866466,0.5028386050283861,0.78157176397432,0.5444404951784547,0.1344745846625019,0.016134514337013,3231,1442,397,930,3427.0,False,False,precision<0.4,,,False,False,Not eligible: precision is below the minimum acceptable operational threshold.,precision_constrained_test_results_taiwan.csv,"balanced FP reduction with tolerable recall loss; FP delta=-308, precision delta=0.0277, recall delta=-0.0550, cost delta=57; selected on validation.",precision<0.4,precision<0.45
taiwan,Old SCRE-Credit,precision_constraint:K_precision_0_40_recall_0_65,threshold=0.200,0.3920741989881956,0.7008289374529013,0.6914187887866466,0.5028386050283861,0.78157176397432,0.5444404951784547,0.1344745846625019,0.016134514337013,3231,1442,397,930,3427.0,False,False,precision<0.4,,,False,False,Not eligible: precision is below the minimum acceptable operational threshold.,precision_constrained_test_results_taiwan.csv,"balanced FP reduction with tolerable recall loss; FP delta=-308, precision delta=0.0277, recall delta=-0.0550, cost delta=57; selected on validation.",precision<0.4,precision<0.45
taiwan,Old SCRE-Credit,precision_constraint:M_precision_0_40_specificity_0_60,threshold=0.200,0.3920741989881956,0.7008289374529013,0.6914187887866466,0.5028386050283861,0.78157176397432,0.5444404951784547,0.1344745846625019,0.016134514337013,3231,1442,397,930,3427.0,False,False,precision<0.4,,,False,False,Not eligible: precision is below the minimum acceptable operational threshold.,precision_constrained_test_results_taiwan.csv,"balanced FP reduction with tolerable recall loss; FP delta=-308, precision delta=0.0277, recall delta=-0.0550, cost delta=57; selected on validation.",precision<0.4,precision<0.45
taiwan,LightGBM::lightgbm_scale_pos_weight_3.5,imbalance_training:isotonic:precision_0_45,threshold=0.225,0.4617940199335548,0.6284853051996986,0.7919965760753264,0.5323970635173955,0.7751069936144901,0.5312988096853148,0.1367056708952432,0.0108558934990673,3701,972,493,834,3437.0,False,False,pr_auc<0.54,,,False,False,Not eligible: ranking quality is below dataset minimum.,imbalance_training_variants_taiwan.csv,scale_pos_weight=3.5; Calibration improves validation Brier and ECE.; More balanced than baseline CatBoost: precision improves and FP drops with tolerable recall loss.,pr_auc<0.54,pr_auc<0.54
taiwan,LightGBM::lightgbm_scale_pos_weight_4,imbalance_training:isotonic:precision_0_45,threshold=0.225,0.4435190005205622,0.6420497362471741,0.7712390327412797,0.5246305418719213,0.7762559886832452,0.5396243758609711,0.1364026688283639,0.0157739782416891,3604,1069,475,852,3444.0,False,False,pr_auc<0.54,,,False,False,Not eligible: ranking quality is below dataset minimum.,imbalance_training_variants_taiwan.csv,scale_pos_weight=4; Calibration improves validation Brier and ECE.; More balanced than baseline CatBoost: precision improves and FP drops with tolerable recall loss.,pr_auc<0.54,precision<0.45; pr_auc<0.54
taiwan,CatBoost::catboost_class_weight_pos_5,imbalance_training:isotonic:precision_0_45,threshold=0.240,0.4585392641405821,0.6292388847023361,0.7890006419858763,0.5304955527318933,0.7805588744266918,0.5381823869655036,0.1352791494873034,0.0172413143216977,3687,986,492,835,3446.0,False,False,pr_auc<0.54,,,False,False,Not eligible: ranking quality is below dataset minimum.,imbalance_training_variants_taiwan.csv,custom class_weights positive_weight=5; Calibration improves validation Brier and ECE.; More balanced than baseline CatBoost: precision improves and FP drops with tolerable recall loss.,pr_auc<0.54,pr_auc<0.54
taiwan,LightGBM::lightgbm_scale_pos_weight_2,imbalance_training:isotonic:precision_0_45,threshold=0.225,0.4535637149028078,0.6330067822155238,0.7834367643911834,0.5284680717206669,0.7778502294200469,0.531245403559525,0.1364629939435367,0.0125817748145801,3661,1012,487,840,3447.0,False,False,pr_auc<0.54,,,False,False,Not eligible: ranking quality is below dataset minimum.,imbalance_training_variants_taiwan.csv,scale_pos_weight=2; Calibration improves validation Brier and ECE.; More balanced than baseline CatBoost: precision improves and FP drops with tolerable recall loss.,pr_auc<0.54,pr_auc<0.54
taiwan,SCRE-Pareto,precision_constraint:D_min_precision_0_50,threshold=0.245,0.500314663310258,0.5990957045968349,0.8300877380697624,0.5452674897119342,0.7838847515211484,0.5661401114278397,0.1340166575484842,0.0112687581693097,3879,794,532,795,3454.0,False,True,recall<0.6,,65.0,False,False,"Strict eligible; usable candidate, but not the lowest-cost ranked winner.",precision_constrained_test_results_taiwan.csv,"balanced FP reduction with tolerable recall loss; FP delta=-1043, precision delta=0.1404, recall delta=-0.1794, cost delta=147; selected on validation.",recall<0.6,
taiwan,CatBoost::catboost_class_weight_pos_3,imbalance_training:uncalibrated:default_0_50,threshold=0.500,0.4981203007518797,0.5990957045968349,0.8285897710250375,0.5439616832021895,0.7831872913566059,0.5638330803548723,0.1661587467424007,0.1660489125967305,3872,801,532,795,3461.0,False,True,recall<0.6,,67.0,False,False,"Strict eligible; usable candidate, but not the lowest-cost ranked winner.",imbalance_training_variants_taiwan.csv,custom class_weights positive_weight=3; Reference uncalibrated probability.; More balanced than baseline CatBoost: precision improves and FP drops with tolerable recall loss.,recall<0.6,
taiwan,XGBoost::xgboost_sample_weight_pos_3,imbalance_training:uncalibrated:default_0_50,threshold=0.500,0.4968789013732834,0.5998492840994725,0.8275197945645196,0.5435302150904745,0.781371072835644,0.5620720201617713,0.1648130767281198,0.1589859433577706,3867,806,531,796,3461.0,False,True,recall<0.6,,68.0,False,False,"Strict eligible; usable candidate, but not the lowest-cost ranked winner.",imbalance_training_variants_taiwan.csv,sample_weight positive class=3; Reference uncalibrated probability.; More balanced than baseline CatBoost: precision improves and FP drops with tolerable recall loss.,recall<0.6,
taiwan,CatBoost::catboost_class_weight_pos_4,imbalance_training:isotonic:precision_0_45,threshold=0.260,0.5003158559696779,0.5968349660889224,0.8307297239460731,0.5443298969072164,0.7793747241403945,0.5372741150172207,0.1349478268890698,0.013447456403262,3882,791,535,792,3466.0,False,False,recall<0.6; pr_auc<0.54,,,False,False,Not eligible: recall is too low for screening/default capture.,imbalance_training_variants_taiwan.csv,custom class_weights positive_weight=4; Calibration improves validation Brier and ECE.; More balanced than baseline CatBoost: precision improves and FP drops with tolerable recall loss.,recall<0.6; pr_auc<0.54,pr_auc<0.54
taiwan,LightGBM::lightgbm_is_unbalance,imbalance_training:isotonic:precision_0_45,threshold=0.225,0.4489031567683253,0.6322532027128862,0.779584849133319,0.5250312891113892,0.7747894678193492,0.5369948600291842,0.1362776186813121,0.0125160169999064,3643,1030,488,839,3470.0,False,False,pr_auc<0.54,,,False,False,Not eligible: ranking quality is below dataset minimum.,imbalance_training_variants_taiwan.csv,is_unbalance=True; Calibration improves validation Brier and ECE.; More balanced than baseline CatBoost: precision improves and FP drops with tolerable recall loss.,pr_auc<0.54,precision<0.45; pr_auc<0.54
taiwan,CatBoost::catboost_auto_balanced,imbalance_training:isotonic:precision_0_45,threshold=0.235,0.4823035392921416,0.6058779201205727,0.8153220629146158,0.5370741482965932,0.7817414120883311,0.5383820562004489,0.1350826791740959,0.0129876729346579,3810,863,523,804,3478.0,False,False,pr_auc<0.54,,,False,False,Not eligible: ranking quality is below dataset minimum.,imbalance_training_variants_taiwan.csv,auto_class_weights='Balanced'; Calibration improves validation Brier and ECE.; More balanced than baseline CatBoost: precision improves and FP drops with tolerable recall loss.,pr_auc<0.54,pr_auc<0.54
taiwan,Best CatBoost,precision_constraint:D_min_precision_0_50,threshold=0.265,0.5173333333333333,0.584777694046722,0.8450674085170127,0.5489918641669614,0.7853434511554537,0.5639167825429635,0.133690712785661,0.0077638887959482,3949,724,551,776,3479.0,False,True,recall<0.6,,69.0,False,False,"Strict eligible; usable candidate, but not the lowest-cost ranked winner.",precision_constrained_test_results_taiwan.csv,"precision/FP improves but recall loss is material; FP delta=-1258, precision delta=0.1659, recall delta=-0.2246, cost delta=232; selected on validation.",recall<0.6,
taiwan,LightGBM::lightgbm_scale_pos_weight_1.5,imbalance_training:isotonic:precision_0_40,threshold=0.225,0.4731621936989498,0.6111529766390355,0.806762251230473,0.5333771785596845,0.7781741250825865,0.5308030972376593,0.1360499354335005,0.0095806116370736,3770,903,516,811,3483.0,False,False,pr_auc<0.54,,,False,False,Not eligible: ranking quality is below dataset minimum.,imbalance_training_variants_taiwan.csv,scale_pos_weight=1.5; Calibration improves validation Brier and ECE.; More balanced than baseline CatBoost: precision improves and FP drops with tolerable recall loss.,pr_auc<0.54,pr_auc<0.54
taiwan,LightGBM::lightgbm_scale_pos_weight_1.5,imbalance_training:isotonic:precision_0_45,threshold=0.225,0.4731621936989498,0.6111529766390355,0.806762251230473,0.5333771785596845,0.7781741250825865,0.5308030972376593,0.1360499354335005,0.0095806116370736,3770,903,516,811,3483.0,False,False,pr_auc<0.54,,,False,False,Not eligible: ranking quality is below dataset minimum.,imbalance_training_variants_taiwan.csv,scale_pos_weight=1.5; Calibration improves validation Brier and ECE.; More balanced than baseline CatBoost: precision improves and FP drops with tolerable recall loss.,pr_auc<0.54,pr_auc<0.54
taiwan,Best LightGBM,precision_constraint:D_min_precision_0_50,threshold=0.255,0.4943109987357775,0.5892991710625471,0.828803766317141,0.5376418013062908,0.7779753690935001,0.5552375587431584,0.1356135837556778,0.0084868821264251,3873,800,545,782,3525.0,False,True,recall<0.6,,71.0,False,False,"Strict eligible; usable candidate, but not the lowest-cost ranked winner.",precision_constrained_test_results_taiwan.csv,"balanced FP reduction with tolerable recall loss; FP delta=-847, precision delta=0.1189, recall delta=-0.1567, cost delta=193; selected on validation.",recall<0.6,
taiwan,LightGBM::lightgbm_is_unbalance,imbalance_training:uncalibrated:default_0_50,threshold=0.500,0.4771908763505402,0.5990957045968349,0.8136101005777873,0.5312395589709321,0.7756255330732384,0.5524902637772384,0.1657363850233998,0.144475037331712,3802,871,532,795,3531.0,False,True,recall<0.6,,72.0,False,False,"Strict eligible; usable candidate, but not the lowest-cost ranked winner.",imbalance_training_variants_taiwan.csv,is_unbalance=True; Reference uncalibrated probability.; More balanced than baseline CatBoost: precision improves and FP drops with tolerable recall loss.,recall<0.6,
taiwan,LightGBM::lightgbm_scale_pos_weight_3.5,imbalance_training:uncalibrated:default_0_50,threshold=0.500,0.4785757392878696,0.5975885455915599,0.8151080676225123,0.5315013404825738,0.7766913167096458,0.553542013148044,0.1654375767503664,0.1440997805714843,3809,864,534,793,3534.0,False,True,recall<0.6,,73.0,False,False,"Strict eligible; usable candidate, but not the lowest-cost ranked winner.",imbalance_training_variants_taiwan.csv,scale_pos_weight=3.5; Reference uncalibrated probability.; More balanced than baseline CatBoost: precision improves and FP drops with tolerable recall loss.,recall<0.6,
taiwan,LightGBM::lightgbm_class_weight_balanced,imbalance_training:uncalibrated:default_0_50,threshold=0.500,0.4782345828295042,0.5960813865862848,0.8153220629146158,0.5306943978530694,0.7746808575486395,0.5543447194154771,0.1660538794497068,0.1458032945480291,3810,863,536,791,3543.0,False,True,recall<0.6,,74.0,False,False,"Strict eligible; usable candidate, but not the lowest-cost ranked winner.",imbalance_training_variants_taiwan.csv,class_weight='balanced'; Reference uncalibrated probability.; More balanced than baseline CatBoost: precision improves and FP drops with tolerable recall loss.,recall<0.6,
taiwan,XGBoost::xgboost_scale_pos_weight_2_5,imbalance_training:uncalibrated:default_0_50,threshold=0.500,0.5298719772403983,0.5614167294649586,0.8585491119195378,0.5451884376143432,0.7825756228238638,0.5631724895846492,0.1551029687741119,0.1298231390331251,4012,661,582,745,3571.0,False,True,recall<0.6,,75.0,False,False,"Strict eligible; usable candidate, but not the lowest-cost ranked winner.",imbalance_training_variants_taiwan.csv,scale_pos_weight=2.5; Reference uncalibrated probability.; Precision/FP improve but recall loss is material.,recall<0.6,
taiwan,LightGBM::lightgbm_scale_pos_weight_3,imbalance_training:uncalibrated:default_0_50,threshold=0.500,0.4970453053184504,0.5704596834966089,0.8360796062486625,0.5312280701754386,0.7767025244510182,0.5525147620351946,0.1584898115510419,0.123609596796006,3907,766,570,757,3616.0,False,True,recall<0.6,,76.0,False,False,"Strict eligible; usable candidate, but not the lowest-cost ranked winner.",imbalance_training_variants_taiwan.csv,scale_pos_weight=3; Reference uncalibrated probability.; Precision/FP improve but recall loss is material.,recall<0.6,
taiwan,Best Scorecard,precision_constraint:D_min_precision_0_50,threshold=0.275,0.5016812373907196,0.5621703089675961,0.8414294885512519,0.5302061122956645,0.772310218670291,0.5428529752936853,0.1369802354742906,0.013838796992413,3932,741,581,746,3646.0,False,True,recall<0.6,,77.0,False,False,"Strict eligible; usable candidate, but not the lowest-cost ranked winner.",precision_constrained_test_results_taiwan.csv,"balanced FP reduction with tolerable recall loss; FP delta=-939, precision delta=0.1323, recall delta=-0.1794, cost delta=251; selected on validation.",recall<0.6,
taiwan,LightGBM::lightgbm_scale_pos_weight_2.5,imbalance_training:isotonic:precision_0_40,threshold=0.235,0.51931330472103,0.5470987189148455,0.8561951637063985,0.5328440366972477,0.7760906946558103,0.5307762351853427,0.1368045450342468,0.0128927250396334,4001,672,601,726,3677.0,False,False,recall<0.6; pr_auc<0.54,,,False,False,Not eligible: recall is too low for screening/default capture.,imbalance_training_variants_taiwan.csv,scale_pos_weight=2.5; Calibration improves validation Brier and ECE.; Precision/FP improve but recall loss is material.,recall<0.6; pr_auc<0.54,recall<0.55; pr_auc<0.54
taiwan,LightGBM::lightgbm_scale_pos_weight_2.5,imbalance_training:isotonic:precision_0_45,threshold=0.235,0.51931330472103,0.5470987189148455,0.8561951637063985,0.5328440366972477,0.7760906946558103,0.5307762351853427,0.1368045450342468,0.0128927250396334,4001,672,601,726,3677.0,False,False,recall<0.6; pr_auc<0.54,,,False,False,Not eligible: recall is too low for screening/default capture.,imbalance_training_variants_taiwan.csv,scale_pos_weight=2.5; Calibration improves validation Brier and ECE.; Precision/FP improve but recall loss is material.,recall<0.6; pr_auc<0.54,recall<0.55; pr_auc<0.54
taiwan,LightGBM::lightgbm_scale_pos_weight_3,imbalance_training:isotonic:precision_0_45,threshold=0.285,0.5097765363128491,0.5501130369253956,0.8497753049432912,0.5291772381297571,0.775103203946544,0.5307309733650738,0.1366859877114185,0.0096913796388588,3971,702,597,730,3687.0,False,False,recall<0.6; pr_auc<0.54,,,False,False,Not eligible: recall is too low for screening/default capture.,imbalance_training_variants_taiwan.csv,scale_pos_weight=3; Calibration improves validation Brier and ECE.; Precision/FP improve but recall loss is material.,recall<0.6; pr_auc<0.54,pr_auc<0.54
taiwan,LightGBM::lightgbm_scale_pos_weight_2.5,imbalance_training:uncalibrated:default_0_50,threshold=0.500,0.5220264317180616,0.5357950263752826,0.8606890648405735,0.528821123094087,0.7767228435217078,0.5520374225312856,0.151482967934668,0.1004888056528262,4022,651,616,711,3731.0,False,False,recall<0.6,,,False,False,Not eligible: recall is too low for screening/default capture.,imbalance_training_variants_taiwan.csv,scale_pos_weight=2.5; Reference uncalibrated probability.; Precision/FP improve but recall loss is material.,recall<0.6,recall<0.55
taiwan,CatBoost::catboost_class_weight_pos_2,imbalance_training:uncalibrated:default_0_50,threshold=0.500,0.5566502463054187,0.5109269027882442,0.8844425422640702,0.5328094302554028,0.7848663561504132,0.5657364661000575,0.14574936170875,0.0987027654322339,4133,540,649,678,3785.0,False,False,recall<0.6,,,False,False,Not eligible: recall is too low for screening/default capture.,imbalance_training_variants_taiwan.csv,custom class_weights positive_weight=2; Reference uncalibrated probability.; Precision/FP improve but recall loss is material.,recall<0.6,recall<0.55
taiwan,CatBoost::catboost_auto_sqrtbalanced,imbalance_training:uncalibrated:default_0_50,threshold=0.500,0.5726569217540842,0.5018839487565938,0.8936443398245238,0.5349397590361445,0.7843434626050887,0.5654415836439259,0.143788546374693,0.0889074276579161,4176,497,661,666,3802.0,False,False,recall<0.6,,,False,False,Not eligible: recall is too low for screening/default capture.,imbalance_training_variants_taiwan.csv,auto_class_weights='SqrtBalanced'; Reference uncalibrated probability.; Precision/FP improve but recall loss is material.,recall<0.6,recall<0.55
taiwan,XGBoost::xgboost_sample_weight_pos_2,imbalance_training:uncalibrated:default_0_50,threshold=0.500,0.5601001669449082,0.5056518462697814,0.8872244810614166,0.5314851485148515,0.7809917835161055,0.5612551197991238,0.1461541724083217,0.0949522826218356,4146,527,656,671,3807.0,False,False,recall<0.6,,,False,False,Not eligible: recall is too low for screening/default capture.,imbalance_training_variants_taiwan.csv,sample_weight positive class=2; Reference uncalibrated probability.; Precision/FP improve but recall loss is material.,recall<0.6,recall<0.55
taiwan,XGBoost::xgboost_scale_pos_weight_2,imbalance_training:uncalibrated:default_0_50,threshold=0.500,0.5596330275229358,0.5056518462697814,0.8870104857693131,0.5312747426761678,0.7827266451230763,0.561783606331061,0.1460299809728748,0.095138617745911,4145,528,656,671,3808.0,False,False,recall<0.6,,,False,False,Not eligible: recall is too low for screening/default capture.,imbalance_training_variants_taiwan.csv,scale_pos_weight=2; Reference uncalibrated probability.; Precision/FP improve but recall loss is material.,recall<0.6,recall<0.55
taiwan,LightGBM::lightgbm_scale_pos_weight_2,imbalance_training:uncalibrated:default_0_50,threshold=0.500,0.5645021645021645,0.4913338357196684,0.8923603680719024,0.5253827558420628,0.7791419417710264,0.5537490189711668,0.1447929345054303,0.0745844215299317,4170,503,675,652,3878.0,False,False,recall<0.6,,,False,False,Not eligible: recall is too low for screening/default capture.,imbalance_training_variants_taiwan.csv,scale_pos_weight=2; Reference uncalibrated probability.; Precision/FP improve but recall loss is material.,recall<0.6,recall<0.55
taiwan,CatBoost::catboost_class_weight_pos_1.5,imbalance_training:uncalibrated:default_0_50,threshold=0.500,0.6146596858638743,0.4423511680482291,0.9212497325058848,0.5144609991235758,0.7838996682992342,0.5662219316902193,0.137800225964903,0.054851628572785,4305,368,740,587,4068.0,False,False,recall<0.6,,,False,False,Not eligible: recall is too low for screening/default capture.,imbalance_training_variants_taiwan.csv,custom class_weights positive_weight=1.5; Reference uncalibrated probability.; Precision/FP improve but recall loss is material.,recall<0.6,recall<0.55
taiwan,SCRE-Optimized,cost_matrix:FN10_FP1,threshold=0.115,0.3082120582120582,0.8937452901281085,0.4303445324202867,0.4583574879227054,0.7846896124879075,0.5669357617133086,0.1337668360698752,0.0106719812128829,2011,2662,141,1186,4072.0,False,False,precision<0.4; specificity<0.55,,,False,False,Not eligible: precision is below the minimum acceptable operational threshold.,cost_matrix_sensitivity_taiwan.csv,Higher FN cost keeps an aggressive screening threshold and protects recall.,precision<0.4; specificity<0.55,precision<0.45; specificity<0.6
taiwan,XGBoost::xgboost_sample_weight_pos_1.5,imbalance_training:uncalibrated:default_0_50,threshold=0.500,0.614572333685322,0.4385832705350414,0.9218917183821956,0.5118733509234829,0.7810780589353032,0.5646587892659928,0.13840760768624,0.0532343432651832,4308,365,745,582,4090.0,False,False,recall<0.6,,,False,False,Not eligible: recall is too low for screening/default capture.,imbalance_training_variants_taiwan.csv,sample_weight positive class=1.5; Reference uncalibrated probability.; Precision/FP improve but recall loss is material.,recall<0.6,recall<0.55
taiwan,SCRE-Pareto,cost_matrix:FN10_FP1,threshold=0.120,0.3111463285789752,0.8877166541070083,0.4419002781938797,0.4607862311754352,0.7838847515211484,0.5661401114278397,0.1340166575484842,0.0112687581693097,2065,2608,149,1178,4098.0,False,False,precision<0.4; specificity<0.55,,,False,False,Not eligible: precision is below the minimum acceptable operational threshold.,cost_matrix_sensitivity_taiwan.csv,Higher FN cost keeps an aggressive screening threshold and protects recall.,precision<0.4; specificity<0.55,precision<0.45; specificity<0.6
taiwan,XGBoost::xgboost_scale_pos_weight_1_5,imbalance_training:uncalibrated:default_0_50,threshold=0.500,0.6047717842323651,0.4393368500376789,0.9184677937085384,0.5089480576167613,0.7809347772344487,0.5625288024780922,0.1386593927576449,0.053373399868297,4292,381,744,583,4101.0,False,False,recall<0.6,,,False,False,Not eligible: recall is too low for screening/default capture.,imbalance_training_variants_taiwan.csv,scale_pos_weight=1.5; Reference uncalibrated probability.; Precision/FP improve but recall loss is material.,recall<0.6,recall<0.55
taiwan,Best CatBoost,cost_matrix:FN10_FP1,threshold=0.110,0.3055698813821557,0.892991710625471,0.423710678365076,0.4553314121037464,0.7853434511554537,0.5639167825429635,0.133690712785661,0.0077638887959482,1980,2693,142,1185,4113.0,False,False,precision<0.4; specificity<0.55,,,False,False,Not eligible: precision is below the minimum acceptable operational threshold.,cost_matrix_sensitivity_taiwan.csv,Higher FN cost keeps an aggressive screening threshold and protects recall.,precision<0.4; specificity<0.55,precision<0.45; specificity<0.6
taiwan,CatBoost::catboost_class_weight_pos_5,imbalance_training:isotonic:default_0_50,threshold=0.500,0.6181229773462783,0.4318010550113036,0.9242456665953348,0.5084294587400177,0.7805588744266918,0.5381823869655036,0.1352791494873034,0.0172413143216977,4319,354,754,573,4124.0,False,False,recall<0.6; pr_auc<0.54,,,False,False,Not eligible: recall is too low for screening/default capture.,imbalance_training_variants_taiwan.csv,custom class_weights positive_weight=5; Calibration improves validation Brier and ECE.; Precision/FP improve but recall loss is material.,recall<0.6; pr_auc<0.54,recall<0.55; pr_auc<0.54
taiwan,Best XGBoost,cost_matrix:FN10_FP1,threshold=0.120,0.3107643480560698,0.8854559155990958,0.4423282687780869,0.4600626468285043,0.7826485134584009,0.5624784540120215,0.1343163230559995,0.0095047983326949,2067,2606,152,1175,4126.0,False,False,precision<0.4; specificity<0.55,,,False,False,Not eligible: precision is below the minimum acceptable operational threshold.,cost_matrix_sensitivity_taiwan.csv,Higher FN cost keeps an aggressive screening threshold and protects recall.,precision<0.4; specificity<0.55,precision<0.45; specificity<0.6
taiwan,Old SCRE-Credit,cost_matrix:FN10_FP1,threshold=0.100,0.3099630996309963,0.8862094951017332,0.439760325272844,0.4592852958406561,0.78157176397432,0.5444404951784547,0.1344745846625019,0.016134514337013,2055,2618,151,1176,4128.0,False,False,precision<0.4; specificity<0.55,,,False,False,Not eligible: precision is below the minimum acceptable operational threshold.,cost_matrix_sensitivity_taiwan.csv,Higher FN cost keeps an aggressive screening threshold and protects recall.,precision<0.4; specificity<0.55,precision<0.45; specificity<0.6
taiwan,LightGBM::lightgbm_scale_pos_weight_2,imbalance_training:isotonic:default_0_50,threshold=0.500,0.6074866310160428,0.428033157498116,0.9214637277979884,0.502210433244916,0.7778502294200469,0.531245403559525,0.1364629939435367,0.0125817748145801,4306,367,759,568,4162.0,False,False,recall<0.6; pr_auc<0.54,,,False,False,Not eligible: recall is too low for screening/default capture.,imbalance_training_variants_taiwan.csv,scale_pos_weight=2; Calibration improves validation Brier and ECE.; Precision/FP improve but recall loss is material.,recall<0.6; pr_auc<0.54,recall<0.55; pr_auc<0.54
taiwan,LightGBM::lightgbm_class_weight_balanced,imbalance_training:isotonic:default_0_50,threshold=0.500,0.6121343445287107,0.4257724189902034,0.9233896854269206,0.5022222222222221,0.7733185928688769,0.5271714804349623,0.1366810742076968,0.0082638529273807,4315,358,762,565,4168.0,False,False,recall<0.6; pr_auc<0.54,,,False,False,Not eligible: recall is too low for screening/default capture.,imbalance_training_variants_taiwan.csv,class_weight='balanced'; Calibration improves validation Brier and ECE.; Precision/FP improve but recall loss is material.,recall<0.6; pr_auc<0.54,recall<0.55; pr_auc<0.54
taiwan,LightGBM::lightgbm_scale_pos_weight_1.5,imbalance_training:uncalibrated:default_0_50,threshold=0.500,0.6103896103896104,0.4250188394875659,0.9229616948427136,0.5011106175033317,0.7795704161426308,0.5562392112765332,0.1390290443614718,0.0435327623947206,4313,360,763,564,4175.0,False,False,recall<0.6,,,False,False,Not eligible: recall is too low for screening/default capture.,imbalance_training_variants_taiwan.csv,scale_pos_weight=1.5; Reference uncalibrated probability.; Precision/FP improve but recall loss is material.,recall<0.6,recall<0.55
taiwan,SCRE-Optimized,cost_matrix:FN5_FP2,threshold=0.280,0.5311173974540311,0.5659382064807837,0.8581211213353306,0.5479751915359359,0.7846896124879075,0.5669357617133086,0.1337668360698752,0.0106719812128829,4010,663,576,751,4206.0,False,True,recall<0.6,,78.0,False,False,"Strict eligible; usable candidate, but not the lowest-cost ranked winner.",cost_matrix_sensitivity_taiwan.csv,Higher FP cost pushes threshold upward; precision/specificity improve at the cost of recall.,recall<0.6,
taiwan,Best CatBoost,cost_matrix:FN5_FP2,threshold=0.305,0.5439642324888226,0.5501130369253956,0.8690348812326129,0.5470213563132259,0.7853434511554537,0.5639167825429635,0.133690712785661,0.0077638887959482,4061,612,597,730,4209.0,False,True,recall<0.6,,79.0,False,False,"Strict eligible; usable candidate, but not the lowest-cost ranked winner.",cost_matrix_sensitivity_taiwan.csv,Higher FP cost pushes threshold upward; precision/specificity improve at the cost of recall.,recall<0.6,
taiwan,XGBoost::xgboost_scale_pos_weight_4,imbalance_training:isotonic:default_0_50,threshold=0.500,0.6310344827586207,0.413715146948003,0.9313075112347527,0.4997724169321803,0.7806366029352027,0.5406605401577071,0.1346338996653695,0.0113003942740538,4352,321,778,549,4211.0,False,False,recall<0.6,,,False,False,Not eligible: recall is too low for screening/default capture.,imbalance_training_variants_taiwan.csv,scale_pos_weight=4; Calibration improves validation Brier and ECE.; Precision/FP improve but recall loss is material.,recall<0.6,recall<0.55
taiwan,Best XGBoost,cost_matrix:FN5_FP2,threshold=0.290,0.5415108451757666,0.5455915599095704,0.8688208859405093,0.5435435435435435,0.7826485134584009,0.5624784540120215,0.1343163230559995,0.0095047983326949,4060,613,603,724,4241.0,False,False,recall<0.6,,,False,False,Not eligible: recall is too low for screening/default capture.,cost_matrix_sensitivity_taiwan.csv,Higher FP cost pushes threshold upward; precision/specificity improve at the cost of recall.,recall<0.6,recall<0.55
taiwan,LightGBM::lightgbm_is_unbalance,imbalance_training:isotonic:default_0_50,threshold=0.500,0.6321974148061105,0.4054257724189902,0.9330194735715814,0.4940312213039485,0.7747894678193492,0.5369948600291842,0.1362776186813121,0.0125160169999064,4360,313,789,538,4258.0,False,False,recall<0.6; pr_auc<0.54,,,False,False,Not eligible: recall is too low for screening/default capture.,imbalance_training_variants_taiwan.csv,is_unbalance=True; Calibration improves validation Brier and ECE.; Precision/FP improve but recall loss is material.,recall<0.6; pr_auc<0.54,recall<0.55; pr_auc<0.54
taiwan,LightGBM::lightgbm_scale_pos_weight_4,imbalance_training:isotonic:default_0_50,threshold=0.500,0.6317647058823529,0.4046721929163527,0.9330194735715814,0.4933394579696831,0.7762559886832452,0.5396243758609711,0.1364026688283639,0.0157739782416891,4360,313,790,537,4263.0,False,False,recall<0.6; pr_auc<0.54,,,False,False,Not eligible: recall is too low for screening/default capture.,imbalance_training_variants_taiwan.csv,scale_pos_weight=4; Calibration improves validation Brier and ECE.; Precision/FP improve but recall loss is material.,recall<0.6; pr_auc<0.54,recall<0.55; pr_auc<0.54
taiwan,Old SCRE-Credit,cost_matrix:FN5_FP2,threshold=0.325,0.5579710144927537,0.5222305953278071,0.882516584635138,0.5395095367847411,0.78157176397432,0.5444404951784547,0.1344745846625019,0.016134514337013,4124,549,634,693,4268.0,False,False,recall<0.6,,,False,False,Not eligible: recall is too low for screening/default capture.,cost_matrix_sensitivity_taiwan.csv,Higher FP cost pushes threshold upward; precision/specificity improve at the cost of recall.,recall<0.6,recall<0.55
taiwan,LightGBM::lightgbm_scale_pos_weight_2.5,imbalance_training:isotonic:default_0_50,threshold=0.500,0.6323877068557919,0.4031650339110776,0.9334474641557886,0.4924068108605614,0.7760906946558103,0.5307762351853427,0.1368045450342468,0.0128927250396334,4362,311,792,535,4271.0,False,False,recall<0.6; pr_auc<0.54,,,False,False,Not eligible: recall is too low for screening/default capture.,imbalance_training_variants_taiwan.csv,scale_pos_weight=2.5; Calibration improves validation Brier and ECE.; Precision/FP improve but recall loss is material.,recall<0.6; pr_auc<0.54,recall<0.55; pr_auc<0.54
taiwan,Best LightGBM,cost_matrix:FN10_FP1,threshold=0.125,0.3103355704697986,0.8711379050489827,0.4502460945859191,0.4576405384006335,0.7779753690935001,0.5552375587431584,0.1356135837556778,0.0084868821264251,2104,2569,171,1156,4279.0,False,False,precision<0.4; specificity<0.55,,,False,False,Not eligible: precision is below the minimum acceptable operational threshold.,cost_matrix_sensitivity_taiwan.csv,Higher FN cost keeps an aggressive screening threshold and protects recall.,precision<0.4; specificity<0.55,precision<0.45; specificity<0.6
taiwan,SCRE-Pareto,cost_matrix:FN5_FP2,threshold=0.315,0.5583468395461912,0.519216277317257,0.8833725658035523,0.5380710659898477,0.7838847515211484,0.5661401114278397,0.1340166575484842,0.0112687581693097,4128,545,638,689,4280.0,False,False,recall<0.6,,,False,False,Not eligible: recall is too low for screening/default capture.,cost_matrix_sensitivity_taiwan.csv,Higher FP cost pushes threshold upward; precision/specificity improve at the cost of recall.,recall<0.6,recall<0.55
taiwan,LightGBM::lightgbm_scale_pos_weight_1.5,imbalance_training:isotonic:default_0_50,threshold=0.500,0.6337349397590362,0.3963828183873398,0.9349454312005137,0.4877144181733889,0.7781741250825865,0.5308030972376593,0.1360499354335005,0.0095806116370736,4369,304,801,526,4309.0,False,False,recall<0.6; pr_auc<0.54,,,False,False,Not eligible: recall is too low for screening/default capture.,imbalance_training_variants_taiwan.csv,scale_pos_weight=1.5; Calibration improves validation Brier and ECE.; Precision/FP improve but recall loss is material.,recall<0.6; pr_auc<0.54,recall<0.55; pr_auc<0.54
taiwan,LightGBM::lightgbm_scale_pos_weight_3.5,imbalance_training:isotonic:default_0_50,threshold=0.500,0.6287425149700598,0.3956292388847023,0.933661459447892,0.4856614246068456,0.7751069936144901,0.5312988096853148,0.1367056708952432,0.0108558934990673,4363,310,802,525,4320.0,False,False,recall<0.6; pr_auc<0.54,,,False,False,Not eligible: recall is too low for screening/default capture.,imbalance_training_variants_taiwan.csv,scale_pos_weight=3.5; Calibration improves validation Brier and ECE.; Precision/FP improve but recall loss is material.,recall<0.6; pr_auc<0.54,recall<0.55; pr_auc<0.54
taiwan,LightGBM::lightgbm_baseline,imbalance_training:isotonic:default_0_50,threshold=0.500,0.6133177570093458,0.3956292388847023,0.9291675583137172,0.4809894640403115,0.7780687400611928,0.5394869110200905,0.136415700350804,0.0137949900018827,4342,331,802,525,4341.0,False,False,recall<0.6; pr_auc<0.54,,,False,False,Not eligible: recall is too low for screening/default capture.,imbalance_training_variants_taiwan.csv,baseline LightGBM; Calibration improves validation Brier and ECE.; Precision/FP improve but recall loss is material.,recall<0.6; pr_auc<0.54,recall<0.55; pr_auc<0.54
taiwan,LightGBM::lightgbm_scale_pos_weight_1,imbalance_training:isotonic:default_0_50,threshold=0.500,0.6133177570093458,0.3956292388847023,0.9291675583137172,0.4809894640403115,0.7780687400611928,0.5394869110200905,0.136415700350804,0.0137949900018827,4342,331,802,525,4341.0,False,False,recall<0.6; pr_auc<0.54,,,False,False,Not eligible: recall is too low for screening/default capture.,imbalance_training_variants_taiwan.csv,scale_pos_weight=1; Calibration improves validation Brier and ECE.; Precision/FP improve but recall loss is material.,recall<0.6; pr_auc<0.54,recall<0.55; pr_auc<0.54
taiwan,Best Scorecard,cost_matrix:FN10_FP1,threshold=0.110,0.2956609485368315,0.8831951770911831,0.4025251444468222,0.443016443016443,0.772310218670291,0.5428529752936853,0.1369802354742906,0.013838796992413,1881,2792,155,1172,4342.0,False,False,precision<0.4; specificity<0.55,,,False,False,Not eligible: precision is below the minimum acceptable operational threshold.,cost_matrix_sensitivity_taiwan.csv,Higher FN cost keeps an aggressive screening threshold and protects recall.,precision<0.4; specificity<0.55,precision<0.45; specificity<0.6
taiwan,XGBoost::xgboost_scale_pos_weight_2,imbalance_training:isotonic:default_0_50,threshold=0.500,0.6479591836734694,0.3828183873398643,0.9409372993794136,0.4812884888678351,0.7828410608425543,0.5424150280852518,0.1347615987568765,0.0085306002520571,4397,276,819,508,4371.0,False,False,recall<0.6,,,False,False,Not eligible: recall is too low for screening/default capture.,imbalance_training_variants_taiwan.csv,scale_pos_weight=2; Calibration improves validation Brier and ECE.; Precision/FP improve but recall loss is material.,recall<0.6,recall<0.55
taiwan,Best LightGBM,cost_matrix:FN5_FP2,threshold=0.300,0.5364134690681285,0.5162019593067069,0.8733147870746844,0.5261136712749616,0.7779753690935001,0.5552375587431584,0.1356135837556778,0.0084868821264251,4081,592,642,685,4394.0,False,False,recall<0.6,,,False,False,Not eligible: recall is too low for screening/default capture.,cost_matrix_sensitivity_taiwan.csv,Higher FP cost pushes threshold upward; precision/specificity improve at the cost of recall.,recall<0.6,recall<0.55
taiwan,LightGBM::lightgbm_scale_pos_weight_3,imbalance_training:isotonic:default_0_50,threshold=0.500,0.638432364096081,0.3805576488319517,0.938797346458378,0.4768649669499528,0.775103203946544,0.5307309733650738,0.1366859877114185,0.0096913796388588,4387,286,822,505,4396.0,False,False,recall<0.6; pr_auc<0.54,,,False,False,Not eligible: recall is too low for screening/default capture.,imbalance_training_variants_taiwan.csv,scale_pos_weight=3; Calibration improves validation Brier and ECE.; Precision/FP improve but recall loss is material.,recall<0.6; pr_auc<0.54,recall<0.55; pr_auc<0.54
taiwan,XGBoost::xgboost_scale_pos_weight_3,imbalance_training:isotonic:default_0_50,threshold=0.500,0.6596026490066225,0.3752825923134891,0.9450032099293816,0.4783861671469741,0.780587095358205,0.5465286863289036,0.1348937511676989,0.0149637501783544,4416,257,829,498,4402.0,False,False,recall<0.6,,,False,False,Not eligible: recall is too low for screening/default capture.,imbalance_training_variants_taiwan.csv,scale_pos_weight=3; Calibration improves validation Brier and ECE.; Precision/FP improve but recall loss is material.,recall<0.6,recall<0.55
taiwan,Old SCRE-Credit,current_threshold:fixed_0_50,threshold=0.500,0.6617647058823529,0.3730218538055765,0.9458591910977958,0.4771084337349398,0.78157176397432,0.5444404951784547,0.1344745846625019,0.016134514337013,4420,253,832,495,4413.0,False,False,recall<0.6,,,False,False,Not eligible: recall is too low for screening/default capture.,current_threshold_baseline_taiwan.csv,inference-only recomputation from saved model probabilities; source_model=SCRE-Credit; selected on validation within family,recall<0.6,recall<0.55
taiwan,Best Scorecard,cost_matrix:FN5_FP2,threshold=0.305,0.5347003154574133,0.5109269027882442,0.8737427776588915,0.5225433526011561,0.772310218670291,0.5428529752936853,0.1369802354742906,0.013838796992413,4083,590,649,678,4425.0,False,False,recall<0.6,,,False,False,Not eligible: recall is too low for screening/default capture.,cost_matrix_sensitivity_taiwan.csv,Higher FP cost pushes threshold upward; precision/specificity improve at the cost of recall.,recall<0.6,recall<0.55
taiwan,CatBoost::catboost_auto_sqrtbalanced,imbalance_training:sigmoid:default_0_50,threshold=0.500,0.6657608695652174,0.3692539562923888,0.9473571581425207,0.4750363548230732,0.7843434626050887,0.5654415836439259,0.1342759241160024,0.0107334007019902,4427,246,837,490,4431.0,False,False,recall<0.6,,,False,False,Not eligible: recall is too low for screening/default capture.,imbalance_training_variants_taiwan.csv,auto_class_weights='SqrtBalanced'; Calibration improves validation Brier and ECE.; Precision/FP improve but recall loss is material.,recall<0.6,recall<0.55
taiwan,XGBoost::xgboost_sample_weight_pos_1.5,imbalance_training:isotonic:default_0_50,threshold=0.500,0.64453125,0.3730218538055765,0.9415792852557244,0.4725536992840096,0.7806457142645197,0.5474181493032805,0.1343197876605744,0.0095277965648395,4400,273,832,495,4433.0,False,False,recall<0.6,,,False,False,Not eligible: recall is too low for screening/default capture.,imbalance_training_variants_taiwan.csv,sample_weight positive class=1.5; Calibration improves validation Brier and ECE.; Precision/FP improve but recall loss is material.,recall<0.6,recall<0.55
taiwan,XGBoost::xgboost_sample_weight_pos_2,imbalance_training:isotonic:default_0_50,threshold=0.500,0.6599462365591398,0.3700075357950264,0.9458591910977958,0.4741670690487687,0.778540352142396,0.539954287359745,0.1352473024396937,0.0084371180451051,4420,253,836,491,4433.0,False,False,recall<0.6; pr_auc<0.54,,,False,False,Not eligible: recall is too low for screening/default capture.,imbalance_training_variants_taiwan.csv,sample_weight positive class=2; Calibration improves validation Brier and ECE.; Precision/FP improve but recall loss is material.,recall<0.6; pr_auc<0.54,recall<0.55; pr_auc<0.54
taiwan,CatBoost::catboost_auto_balanced,imbalance_training:sigmoid:default_0_50,threshold=0.500,0.6644021739130435,0.3685003767897513,0.9471431628504172,0.4740668928744546,0.782774459444183,0.5611587350156215,0.1345636802475142,0.0129127230415544,4426,247,838,489,4437.0,False,False,recall<0.6,,,False,False,Not eligible: recall is too low for screening/default capture.,imbalance_training_variants_taiwan.csv,auto_class_weights='Balanced'; Calibration improves validation Brier and ECE.; Precision/FP improve but recall loss is material.,recall<0.6,recall<0.55
taiwan,CatBoost::catboost_class_weight_pos_2,imbalance_training:sigmoid:default_0_50,threshold=0.500,0.6635006784260515,0.3685003767897513,0.9469291675583136,0.4738372093023256,0.7848663561504132,0.5657364661000575,0.1341440182359731,0.0115450006144766,4425,248,838,489,4438.0,False,False,recall<0.6,,,False,False,Not eligible: recall is too low for screening/default capture.,imbalance_training_variants_taiwan.csv,custom class_weights positive_weight=2; Calibration improves validation Brier and ECE.; Precision/FP improve but recall loss is material.,recall<0.6,recall<0.55
taiwan,Best Scorecard,current_threshold:fixed_0_50,threshold=0.500,0.6653005464480874,0.3669932177844762,0.9475711534346244,0.4730451675570665,0.772310218670291,0.5428529752936853,0.1369802354742906,0.013838796992413,4428,245,840,487,4445.0,False,False,recall<0.6,,,False,False,Not eligible: recall is too low for screening/default capture.,current_threshold_baseline_taiwan.csv,inference-only recomputation from saved model probabilities; source_model=woe_scorecard_logistic_regression; selected on validation within family,recall<0.6,recall<0.55
taiwan,CatBoost::catboost_class_weight_pos_1.5,imbalance_training:sigmoid:default_0_50,threshold=0.500,0.66078697421981,0.3669932177844762,0.9465011769741064,0.4718992248062016,0.7838996682992342,0.5662219316902193,0.1340489791601124,0.0109789317485505,4423,250,840,487,4450.0,False,False,recall<0.6,,,False,False,Not eligible: recall is too low for screening/default capture.,imbalance_training_variants_taiwan.csv,custom class_weights positive_weight=1.5; Calibration improves validation Brier and ECE.; Precision/FP improve but recall loss is material.,recall<0.6,recall<0.55
taiwan,CatBoost::catboost_class_weight_pos_3,imbalance_training:sigmoid:default_0_50,threshold=0.500,0.6589986468200271,0.3669932177844762,0.9460731863898996,0.4714424007744432,0.7831872913566059,0.5638330803548723,0.1343947231826908,0.0134054108149912,4421,252,840,487,4452.0,False,False,recall<0.6,,,False,False,Not eligible: recall is too low for screening/default capture.,imbalance_training_variants_taiwan.csv,custom class_weights positive_weight=3; Calibration improves validation Brier and ECE.; Precision/FP improve but recall loss is material.,recall<0.6,recall<0.55
taiwan,XGBoost::xgboost_max_delta_step_3,imbalance_training:uncalibrated:default_0_50,threshold=0.500,0.6671251719394773,0.3654860587792012,0.9482131393109352,0.4722492697176241,0.7838193595912707,0.5638052687415147,0.1342712350492949,0.0137524515250697,4431,242,842,485,4452.0,False,False,recall<0.6,,,False,False,Not eligible: recall is too low for screening/default capture.,imbalance_training_variants_taiwan.csv,max_delta_step=3; Reference uncalibrated probability.; Precision/FP improve but recall loss is material.,recall<0.6,recall<0.55
taiwan,CatBoost::catboost_auto_none,imbalance_training:isotonic:default_0_50,threshold=0.500,0.6652949245541838,0.3654860587792012,0.947785148726728,0.4717898832684825,0.7836066543988934,0.5375669820858844,0.1344570596664352,0.0122990604588821,4429,244,842,485,4454.0,False,False,recall<0.6; pr_auc<0.54,,,False,False,Not eligible: recall is too low for screening/default capture.,imbalance_training_variants_taiwan.csv,auto_class_weights=None; Calibration improves validation Brier and ECE.; Precision/FP improve but recall loss is material.,recall<0.6; pr_auc<0.54,recall<0.55; pr_auc<0.54
taiwan,CatBoost::catboost_baseline,imbalance_training:isotonic:default_0_50,threshold=0.500,0.6652949245541838,0.3654860587792012,0.947785148726728,0.4717898832684825,0.7836066543988934,0.5375669820858844,0.1344570596664352,0.0122990604588821,4429,244,842,485,4454.0,False,False,recall<0.6; pr_auc<0.54,,,False,False,Not eligible: recall is too low for screening/default capture.,imbalance_training_variants_taiwan.csv,baseline CatBoost; Calibration improves validation Brier and ECE.; Precision/FP improve but recall loss is material.,recall<0.6; pr_auc<0.54,recall<0.55; pr_auc<0.54
taiwan,CatBoost::catboost_class_weight_pos_4,imbalance_training:sigmoid:default_0_50,threshold=0.500,0.6607629427792916,0.3654860587792012,0.9467151722662102,0.4706453178068898,0.7817122235820232,0.5621287026739918,0.134547281521838,0.0112858442193325,4424,249,842,485,4459.0,False,False,recall<0.6,,,False,False,Not eligible: recall is too low for screening/default capture.,imbalance_training_variants_taiwan.csv,custom class_weights positive_weight=4; Calibration improves validation Brier and ECE.; Precision/FP improve but recall loss is material.,recall<0.6,recall<0.55
taiwan,CatBoost::catboost_class_weight_pos_5,imbalance_training:sigmoid:default_0_50,threshold=0.500,0.6545209176788124,0.3654860587792012,0.9452172052214852,0.4690522243713733,0.7821351343985579,0.5616887814117245,0.1348228116396817,0.0119271204764018,4417,256,842,485,4466.0,False,False,recall<0.6,,,False,False,Not eligible: recall is too low for screening/default capture.,imbalance_training_variants_taiwan.csv,custom class_weights positive_weight=5; Calibration improves validation Brier and ECE.; Precision/FP improve but recall loss is material.,recall<0.6,recall<0.55
taiwan,XGBoost::xgboost_sample_weight_pos_3,imbalance_training:isotonic:default_0_50,threshold=0.500,0.6506024096385542,0.3662396382818387,0.9441472287609672,0.4686595949855351,0.7796487897010049,0.5422701875467248,0.1349182314992038,0.0153515165081331,4412,261,841,486,4466.0,False,False,recall<0.6,,,False,False,Not eligible: recall is too low for screening/default capture.,imbalance_training_variants_taiwan.csv,sample_weight positive class=3; Calibration improves validation Brier and ECE.; Precision/FP improve but recall loss is material.,recall<0.6,recall<0.55
taiwan,XGBoost::xgboost_baseline,imbalance_training:sigmoid:default_0_50,threshold=0.500,0.6689847009735744,0.3624717407686511,0.9490691204793494,0.4701857282502444,0.7829107262277759,0.5631401607278714,0.1343525114510499,0.0106618641207046,4435,238,846,481,4468.0,False,False,recall<0.6,,,False,False,Not eligible: recall is too low for screening/default capture.,imbalance_training_variants_taiwan.csv,baseline XGBoost; Calibration improves validation Brier and ECE.; Precision/FP improve but recall loss is material.,recall<0.6,recall<0.55
taiwan,XGBoost::xgboost_baseline,imbalance_training:isotonic:default_0_50,threshold=0.500,0.6689847009735744,0.3624717407686511,0.9490691204793494,0.4701857282502444,0.7809446142448618,0.5417637502546807,0.1348076891980928,0.0113366073617321,4435,238,846,481,4468.0,False,False,recall<0.6,,,False,False,Not eligible: recall is too low for screening/default capture.,imbalance_training_variants_taiwan.csv,baseline XGBoost; Calibration improves validation Brier and ECE.; Precision/FP improve but recall loss is material.,recall<0.6,recall<0.55
taiwan,XGBoost::xgboost_max_delta_step_5,imbalance_training:sigmoid:default_0_50,threshold=0.500,0.6689847009735744,0.3624717407686511,0.9490691204793494,0.4701857282502444,0.7829107262277759,0.5631401607278714,0.1343525114510499,0.0106618641207046,4435,238,846,481,4468.0,False,False,recall<0.6,,,False,False,Not eligible: recall is too low for screening/default capture.,imbalance_training_variants_taiwan.csv,max_delta_step=5; Calibration improves validation Brier and ECE.; Precision/FP improve but recall loss is material.,recall<0.6,recall<0.55
taiwan,XGBoost::xgboost_max_delta_step_5,imbalance_training:isotonic:default_0_50,threshold=0.500,0.6689847009735744,0.3624717407686511,0.9490691204793494,0.4701857282502444,0.7809446142448618,0.5417637502546807,0.1348076891980928,0.0113366073617321,4435,238,846,481,4468.0,False,False,recall<0.6,,,False,False,Not eligible: recall is too low for screening/default capture.,imbalance_training_variants_taiwan.csv,max_delta_step=5; Calibration improves validation Brier and ECE.; Precision/FP improve but recall loss is material.,recall<0.6,recall<0.55
taiwan,XGBoost::xgboost_scale_pos_weight_1,imbalance_training:sigmoid:default_0_50,threshold=0.500,0.6689847009735744,0.3624717407686511,0.9490691204793494,0.4701857282502444,0.7829107262277759,0.5631401607278714,0.1343525114510499,0.0106618641207046,4435,238,846,481,4468.0,False,False,recall<0.6,,,False,False,Not eligible: recall is too low for screening/default capture.,imbalance_training_variants_taiwan.csv,scale_pos_weight=1; Calibration improves validation Brier and ECE.; Precision/FP improve but recall loss is material.,recall<0.6,recall<0.55
taiwan,XGBoost::xgboost_scale_pos_weight_1,imbalance_training:isotonic:default_0_50,threshold=0.500,0.6689847009735744,0.3624717407686511,0.9490691204793494,0.4701857282502444,0.7809446142448618,0.5417637502546807,0.1348076891980928,0.0113366073617321,4435,238,846,481,4468.0,False,False,recall<0.6,,,False,False,Not eligible: recall is too low for screening/default capture.,imbalance_training_variants_taiwan.csv,scale_pos_weight=1; Calibration improves validation Brier and ECE.; Precision/FP improve but recall loss is material.,recall<0.6,recall<0.55
taiwan,XGBoost::xgboost_baseline,imbalance_training:uncalibrated:default_0_50,threshold=0.500,0.6639118457300276,0.3632253202712886,0.947785148726728,0.4695567462250365,0.7829107262277759,0.5631401607278714,0.1344234313557988,0.0135293461568653,4429,244,845,482,4469.0,False,False,recall<0.6,,,False,False,Not eligible: recall is too low for screening/default capture.,imbalance_training_variants_taiwan.csv,baseline XGBoost; Reference uncalibrated probability.; Precision/FP improve but recall loss is material.,recall<0.6,recall<0.55
taiwan,XGBoost::xgboost_max_delta_step_5,imbalance_training:uncalibrated:default_0_50,threshold=0.500,0.6639118457300276,0.3632253202712886,0.947785148726728,0.4695567462250365,0.7829107262277759,0.5631401607278714,0.1344234313557988,0.0135293461568653,4429,244,845,482,4469.0,False,False,recall<0.6,,,False,False,Not eligible: recall is too low for screening/default capture.,imbalance_training_variants_taiwan.csv,max_delta_step=5; Reference uncalibrated probability.; Precision/FP improve but recall loss is material.,recall<0.6,recall<0.55
taiwan,XGBoost::xgboost_scale_pos_weight_1,imbalance_training:uncalibrated:default_0_50,threshold=0.500,0.6639118457300276,0.3632253202712886,0.947785148726728,0.4695567462250365,0.7829107262277759,0.5631401607278714,0.1344234313557988,0.0135293461568653,4429,244,845,482,4469.0,False,False,recall<0.6,,,False,False,Not eligible: recall is too low for screening/default capture.,imbalance_training_variants_taiwan.csv,scale_pos_weight=1; Reference uncalibrated probability.; Precision/FP improve but recall loss is material.,recall<0.6,recall<0.55
taiwan,XGBoost::xgboost_max_delta_step_1,imbalance_training:uncalibrated:default_0_50,threshold=0.500,0.6616231086657497,0.3624717407686511,0.9473571581425207,0.4683544303797468,0.7819856440927704,0.5607154702229495,0.1345293026565397,0.0139914080721015,4427,246,846,481,4476.0,False,False,recall<0.6,,,False,False,Not eligible: recall is too low for screening/default capture.,imbalance_training_variants_taiwan.csv,max_delta_step=1; Reference uncalibrated probability.; Precision/FP improve but recall loss is material.,recall<0.6,recall<0.55
taiwan,XGBoost::xgboost_scale_pos_weight_1_5,imbalance_training:sigmoid:default_0_50,threshold=0.500,0.66993006993007,0.360964581763376,0.9494971110635566,0.4691478942213516,0.7809347772344487,0.5625288024780922,0.1345878864711424,0.0113343664163022,4437,236,848,479,4476.0,False,False,recall<0.6,,,False,False,Not eligible: recall is too low for screening/default capture.,imbalance_training_variants_taiwan.csv,scale_pos_weight=1.5; Calibration improves validation Brier and ECE.; Precision/FP improve but recall loss is material.,recall<0.6,recall<0.55
taiwan,XGBoost::xgboost_scale_pos_weight_3_5,imbalance_training:isotonic:default_0_50,threshold=0.500,0.6648199445983379,0.3617181612660136,0.9482131393109352,0.4685212298682284,0.7798503677832426,0.5466007698590408,0.1347888353965116,0.0113616327714214,4431,242,847,480,4477.0,False,False,recall<0.6,,,False,False,Not eligible: recall is too low for screening/default capture.,imbalance_training_variants_taiwan.csv,scale_pos_weight=3.5; Calibration improves validation Brier and ECE.; Precision/FP improve but recall loss is material.,recall<0.6,recall<0.55
taiwan,XGBoost::xgboost_max_delta_step_3,imbalance_training:sigmoid:default_0_50,threshold=0.500,0.6680613668061367,0.360964581763376,0.9490691204793494,0.4686888454011741,0.7838193595912707,0.5638052687415147,0.1341995566120517,0.0103217971551757,4435,238,848,479,4478.0,False,False,recall<0.6,,,False,False,Not eligible: recall is too low for screening/default capture.,imbalance_training_variants_taiwan.csv,max_delta_step=3; Calibration improves validation Brier and ECE.; Precision/FP improve but recall loss is material.,recall<0.6,recall<0.55
taiwan,Best XGBoost,current_threshold:fixed_0_50,threshold=0.500,0.6671309192200557,0.360964581763376,0.948855125187246,0.4684596577017115,0.7826485134584009,0.5624784540120215,0.1343163230559995,0.0095047983326949,4434,239,848,479,4479.0,False,False,recall<0.6,,,False,False,Not eligible: recall is too low for screening/default capture.,current_threshold_baseline_taiwan.csv,inference-only recomputation from saved model probabilities; source_model=xgboost; selected on validation within family,recall<0.6,recall<0.55
taiwan,CatBoost::catboost_auto_none,imbalance_training:sigmoid:default_0_50,threshold=0.500,0.6671309192200557,0.360964581763376,0.948855125187246,0.4684596577017115,0.7846999332857179,0.5645652938868492,0.134113689752387,0.0137249057336244,4434,239,848,479,4479.0,False,False,recall<0.6,,,False,False,Not eligible: recall is too low for screening/default capture.,imbalance_training_variants_taiwan.csv,auto_class_weights=None; Calibration improves Brier but not ECE.; Precision/FP improve but recall loss is material.,recall<0.6,recall<0.55
taiwan,CatBoost::catboost_baseline,imbalance_training:sigmoid:default_0_50,threshold=0.500,0.6671309192200557,0.360964581763376,0.948855125187246,0.4684596577017115,0.7846999332857179,0.5645652938868492,0.134113689752387,0.0137249057336244,4434,239,848,479,4479.0,False,False,recall<0.6,,,False,False,Not eligible: recall is too low for screening/default capture.,imbalance_training_variants_taiwan.csv,baseline CatBoost; Calibration improves Brier but not ECE.; Precision/FP improve but recall loss is material.,recall<0.6,recall<0.55
taiwan,XGBoost::xgboost_scale_pos_weight_2_5,imbalance_training:sigmoid:default_0_50,threshold=0.500,0.6671309192200557,0.360964581763376,0.948855125187246,0.4684596577017115,0.7825756228238638,0.5631724895846492,0.1344336238320014,0.0095620674595354,4434,239,848,479,4479.0,False,False,recall<0.6,,,False,False,Not eligible: recall is too low for screening/default capture.,imbalance_training_variants_taiwan.csv,scale_pos_weight=2.5; Calibration improves validation Brier and ECE.; Precision/FP improve but recall loss is material.,recall<0.6,recall<0.55
taiwan,CatBoost::catboost_class_weight_pos_2,imbalance_training:isotonic:default_0_50,threshold=0.500,0.6638888888888889,0.3602110022607385,0.9482131393109352,0.4670249145090376,0.7845905973339121,0.5486484741767753,0.1343872346773984,0.0130135541846809,4431,242,849,478,4487.0,False,False,recall<0.6,,,False,False,Not eligible: recall is too low for screening/default capture.,imbalance_training_variants_taiwan.csv,custom class_weights positive_weight=2; Calibration improves validation Brier and ECE.; Precision/FP improve but recall loss is material.,recall<0.6,recall<0.55
taiwan,XGBoost::xgboost_max_delta_step_1,imbalance_training:sigmoid:default_0_50,threshold=0.500,0.6638888888888889,0.3602110022607385,0.9482131393109352,0.4670249145090376,0.7819856440927704,0.5607154702229495,0.1344621864068619,0.0120316362681072,4431,242,849,478,4487.0,False,False,recall<0.6,,,False,False,Not eligible: recall is too low for screening/default capture.,imbalance_training_variants_taiwan.csv,max_delta_step=1; Calibration improves validation Brier and ECE.; Precision/FP improve but recall loss is material.,recall<0.6,recall<0.55
taiwan,XGBoost::xgboost_sample_weight_pos_3,imbalance_training:sigmoid:default_0_50,threshold=0.500,0.6680672268907563,0.359457422758101,0.9492831157714532,0.4674179323860852,0.781371072835644,0.5620720201617713,0.1345716344389958,0.0133491684037916,4436,237,850,477,4487.0,False,False,recall<0.6,,,False,False,Not eligible: recall is too low for screening/default capture.,imbalance_training_variants_taiwan.csv,sample_weight positive class=3; Calibration improves validation Brier and ECE.; Precision/FP improve but recall loss is material.,recall<0.6,recall<0.55
taiwan,LightGBM::lightgbm_baseline,imbalance_training:uncalibrated:default_0_50,threshold=0.500,0.6504065040650406,0.3617181612660136,0.944789214637278,0.4648910411622275,0.7785942944372028,0.5567928574197627,0.1363454323961647,0.0288197420089801,4415,258,847,480,4493.0,False,False,recall<0.6,,,False,False,Not eligible: recall is too low for screening/default capture.,imbalance_training_variants_taiwan.csv,baseline LightGBM; Reference uncalibrated probability.; Precision/FP improve but recall loss is material.,recall<0.6,recall<0.55
taiwan,LightGBM::lightgbm_scale_pos_weight_1,imbalance_training:uncalibrated:default_0_50,threshold=0.500,0.6504065040650406,0.3617181612660136,0.944789214637278,0.4648910411622275,0.7785942944372028,0.5567928574197627,0.1363454323961647,0.0288197420089801,4415,258,847,480,4493.0,False,False,recall<0.6,,,False,False,Not eligible: recall is too low for screening/default capture.,imbalance_training_variants_taiwan.csv,scale_pos_weight=1; Reference uncalibrated probability.; Precision/FP improve but recall loss is material.,recall<0.6,recall<0.55
taiwan,CatBoost::catboost_auto_none,imbalance_training:uncalibrated:default_0_50,threshold=0.500,0.6657342657342658,0.3587038432554634,0.948855125187246,0.4662095984329089,0.7846999332857179,0.5645652938868492,0.1341180612097842,0.0130564575085794,4434,239,851,476,4494.0,False,False,recall<0.6,,,False,False,Not eligible: recall is too low for screening/default capture.,imbalance_training_variants_taiwan.csv,auto_class_weights=None; Reference uncalibrated probability.; Precision/FP improve but recall loss is material.,recall<0.6,recall<0.55
taiwan,CatBoost::catboost_baseline,imbalance_training:uncalibrated:default_0_50,threshold=0.500,0.6657342657342658,0.3587038432554634,0.948855125187246,0.4662095984329089,0.7846999332857179,0.5645652938868492,0.1341180612097842,0.0130564575085794,4434,239,851,476,4494.0,False,False,recall<0.6,,,False,False,Not eligible: recall is too low for screening/default capture.,imbalance_training_variants_taiwan.csv,baseline CatBoost; Reference uncalibrated probability.; Precision/FP improve but recall loss is material.,recall<0.6,recall<0.55
taiwan,XGBoost::xgboost_max_delta_step_3,imbalance_training:isotonic:default_0_50,threshold=0.500,0.6742532005689901,0.3571966842501884,0.9509950781082817,0.4669950738916256,0.782574816511535,0.5416550812126801,0.1346587550203838,0.0092321174639623,4444,229,853,474,4494.0,False,False,recall<0.6,,,False,False,Not eligible: recall is too low for screening/default capture.,imbalance_training_variants_taiwan.csv,max_delta_step=3; Calibration improves validation Brier and ECE.; Precision/FP improve but recall loss is material.,recall<0.6,recall<0.55
taiwan,XGBoost::xgboost_sample_weight_pos_1.5,imbalance_training:sigmoid:default_0_50,threshold=0.500,0.6629526462395543,0.3587038432554634,0.9482131393109352,0.4655256723716381,0.7810780589353032,0.5646587892659928,0.1344037545270218,0.0111111495960597,4431,242,851,476,4497.0,False,False,recall<0.6,,,False,False,Not eligible: recall is too low for screening/default capture.,imbalance_training_variants_taiwan.csv,sample_weight positive class=1.5; Calibration improves validation Brier and ECE.; Precision/FP improve but recall loss is material.,recall<0.6,recall<0.55
taiwan,XGBoost::xgboost_scale_pos_weight_3_5,imbalance_training:sigmoid:default_0_50,threshold=0.500,0.6704384724186704,0.3571966842501884,0.9501390969398672,0.4660766961651917,0.7808583388256641,0.5622854368895934,0.1347324018102395,0.010330634571418,4440,233,853,474,4498.0,False,False,recall<0.6,,,False,False,Not eligible: recall is too low for screening/default capture.,imbalance_training_variants_taiwan.csv,scale_pos_weight=3.5; Calibration improves validation Brier and ECE.; Precision/FP improve but recall loss is material.,recall<0.6,recall<0.55
taiwan,XGBoost::xgboost_scale_pos_weight_2,imbalance_training:sigmoid:default_0_50,threshold=0.500,0.6601941747572816,0.3587038432554634,0.9475711534346244,0.4648437499999999,0.7827266451230763,0.561783606331061,0.1345611969480564,0.0119252613782307,4428,245,851,476,4500.0,False,False,recall<0.6,,,False,False,Not eligible: recall is too low for screening/default capture.,imbalance_training_variants_taiwan.csv,scale_pos_weight=2; Calibration improves validation Brier and ECE.; Precision/FP improve but recall loss is material.,recall<0.6,recall<0.55
taiwan,XGBoost::xgboost_scale_pos_weight_3,imbalance_training:sigmoid:default_0_50,threshold=0.500,0.6685472496473907,0.3571966842501884,0.94971110635566,0.4656188605108055,0.7814425121079891,0.562521540304657,0.1345877219810322,0.0126272988302193,4438,235,853,474,4500.0,False,False,recall<0.6,,,False,False,Not eligible: recall is too low for screening/default capture.,imbalance_training_variants_taiwan.csv,scale_pos_weight=3; Calibration improves validation Brier and ECE.; Precision/FP improve but recall loss is material.,recall<0.6,recall<0.55
taiwan,XGBoost::xgboost_sample_weight_pos_2,imbalance_training:sigmoid:default_0_50,threshold=0.500,0.6657303370786517,0.3571966842501884,0.9490691204793494,0.4649337910740558,0.7809917835161055,0.5612551197991238,0.1346612358440934,0.0125171303481197,4435,238,853,474,4503.0,False,False,recall<0.6,,,False,False,Not eligible: recall is too low for screening/default capture.,imbalance_training_variants_taiwan.csv,sample_weight positive class=2; Calibration improves validation Brier and ECE.; Precision/FP improve but recall loss is material.,recall<0.6,recall<0.55
taiwan,CatBoost::catboost_class_weight_pos_4,imbalance_training:isotonic:default_0_50,threshold=0.500,0.669024045261669,0.3564431047475508,0.9499251016477638,0.4650934119960669,0.7793747241403945,0.5372741150172207,0.1349478268890698,0.013447456403262,4439,234,854,473,4504.0,False,False,recall<0.6; pr_auc<0.54,,,False,False,Not eligible: recall is too low for screening/default capture.,imbalance_training_variants_taiwan.csv,custom class_weights positive_weight=4; Calibration improves validation Brier and ECE.; Precision/FP improve but recall loss is material.,recall<0.6; pr_auc<0.54,recall<0.55; pr_auc<0.54
taiwan,CatBoost::catboost_class_weight_pos_1.5,imbalance_training:isotonic:default_0_50,threshold=0.500,0.6680790960451978,0.3564431047475508,0.94971110635566,0.4648648648648649,0.7828687173554375,0.5449926291429422,0.1348249658853838,0.0130255490669569,4438,235,854,473,4505.0,False,False,recall<0.6,,,False,False,Not eligible: recall is too low for screening/default capture.,imbalance_training_variants_taiwan.csv,custom class_weights positive_weight=1.5; Calibration improves validation Brier and ECE.; Precision/FP improve but recall loss is material.,recall<0.6,recall<0.55
taiwan,XGBoost::xgboost_scale_pos_weight_2_5,imbalance_training:isotonic:default_0_50,threshold=0.500,0.6714082503556188,0.3556895252449133,0.9505670875240744,0.4650246305418719,0.7808549523138826,0.5434676948143063,0.1349077860763149,0.0106594290560496,4442,231,855,472,4506.0,False,False,recall<0.6,,,False,False,Not eligible: recall is too low for screening/default capture.,imbalance_training_variants_taiwan.csv,scale_pos_weight=2.5; Calibration improves validation Brier and ECE.; Precision/FP improve but recall loss is material.,recall<0.6,recall<0.55
taiwan,XGBoost::xgboost_scale_pos_weight_4,imbalance_training:sigmoid:default_0_50,threshold=0.500,0.6671368124118476,0.3564431047475508,0.9494971110635566,0.4646365422396857,0.7819599227294769,0.5630047228945264,0.1345267816812368,0.0116168409466323,4437,236,854,473,4506.0,False,False,recall<0.6,,,False,False,Not eligible: recall is too low for screening/default capture.,imbalance_training_variants_taiwan.csv,scale_pos_weight=4; Calibration improves validation Brier and ECE.; Precision/FP improve but recall loss is material.,recall<0.6,recall<0.55
taiwan,CatBoost::catboost_auto_balanced,imbalance_training:isotonic:default_0_50,threshold=0.500,0.6652601969057665,0.3564431047475508,0.9490691204793494,0.4641805691854759,0.7817414120883311,0.5383820562004489,0.1350826791740959,0.0129876729346579,4435,238,854,473,4508.0,False,False,recall<0.6; pr_auc<0.54,,,False,False,Not eligible: recall is too low for screening/default capture.,imbalance_training_variants_taiwan.csv,auto_class_weights='Balanced'; Calibration improves validation Brier and ECE.; Precision/FP improve but recall loss is material.,recall<0.6; pr_auc<0.54,recall<0.55; pr_auc<0.54
taiwan,CatBoost::catboost_class_weight_pos_3,imbalance_training:isotonic:default_0_50,threshold=0.500,0.6633941093969145,0.3564431047475508,0.9486411298951424,0.4637254901960784,0.7815685387250042,0.5420605708428373,0.1347625363747242,0.0127471865168781,4433,240,854,473,4510.0,False,False,recall<0.6,,,False,False,Not eligible: recall is too low for screening/default capture.,imbalance_training_variants_taiwan.csv,custom class_weights positive_weight=3; Calibration improves validation Brier and ECE.; Precision/FP improve but recall loss is material.,recall<0.6,recall<0.55
taiwan,SCRE-Pareto,current_threshold:fixed_0_50,threshold=0.500,0.6777456647398844,0.3534287867370007,0.9522790498609032,0.4645864289252105,0.7838847515211484,0.5661401114278397,0.1340166575484842,0.0112687581693097,4450,223,858,469,4513.0,False,False,recall<0.6,,,False,False,Not eligible: recall is too low for screening/default capture.,current_threshold_baseline_taiwan.csv,inference-only recomputation from saved model probabilities; SCRE weights/objective/threshold selected on validation only,recall<0.6,recall<0.55
taiwan,CatBoost::catboost_auto_sqrtbalanced,imbalance_training:isotonic:default_0_50,threshold=0.500,0.67,0.3534287867370007,0.9505670875240744,0.4627528367044893,0.7838747532482696,0.5462807326041442,0.1342334123953468,0.01464313522346,4442,231,858,469,4521.0,False,False,recall<0.6,,,False,False,Not eligible: recall is too low for screening/default capture.,imbalance_training_variants_taiwan.csv,auto_class_weights='SqrtBalanced'; Calibration improves validation Brier and ECE.; Precision/FP improve but recall loss is material.,recall<0.6,recall<0.55
taiwan,Best CatBoost,current_threshold:fixed_0_50,threshold=0.500,0.6738816738816739,0.3519216277317257,0.9516370639845924,0.4623762376237624,0.7853434511554537,0.5639167825429635,0.133690712785661,0.0077638887959482,4447,226,860,467,4526.0,False,False,recall<0.6,,,False,False,Not eligible: recall is too low for screening/default capture.,current_threshold_baseline_taiwan.csv,inference-only recomputation from saved model probabilities; source_model=catboost; selected on validation within family,recall<0.6,recall<0.55
taiwan,SCRE-Optimized,current_threshold:fixed_0_50,threshold=0.500,0.6768558951965066,0.3504144687264506,0.9524930451530066,0.4617676266137041,0.7846896124879075,0.5669357617133086,0.1337668360698752,0.0106719812128829,4451,222,862,465,4532.0,False,False,recall<0.6,,,False,False,Not eligible: recall is too low for screening/default capture.,current_threshold_baseline_taiwan.csv,inference-only recomputation from saved model probabilities; SCRE weights/objective/threshold selected on validation only,recall<0.6,recall<0.55
taiwan,XGBoost::xgboost_scale_pos_weight_1_5,imbalance_training:isotonic:default_0_50,threshold=0.500,0.6685962373371924,0.348153730218538,0.9509950781082817,0.4578790882061446,0.7798789112396874,0.5431172359680133,0.1349584358501291,0.0098838165358676,4444,229,865,462,4554.0,False,False,recall<0.6,,,False,False,Not eligible: recall is too low for screening/default capture.,imbalance_training_variants_taiwan.csv,scale_pos_weight=1.5; Calibration improves validation Brier and ECE.; Precision/FP improve but recall loss is material.,recall<0.6,recall<0.55
taiwan,XGBoost::xgboost_max_delta_step_1,imbalance_training:isotonic:default_0_50,threshold=0.500,0.6690856313497823,0.3474001507159005,0.9512090734003852,0.4573412698412699,0.7811873948871092,0.5407232427184293,0.1351552047131088,0.0091878278808077,4445,228,866,461,4558.0,False,False,recall<0.6,,,False,False,Not eligible: recall is too low for screening/default capture.,imbalance_training_variants_taiwan.csv,max_delta_step=1; Calibration improves validation Brier and ECE.; Precision/FP improve but recall loss is material.,recall<0.6,recall<0.55
taiwan,LightGBM::lightgbm_baseline,imbalance_training:sigmoid:default_0_50,threshold=0.500,0.6722054380664653,0.3353428786737,0.9535630216135244,0.4474610356963298,0.7785942944372028,0.5567928574197627,0.1356935218151835,0.0105408182885294,4456,217,882,445,4627.0,False,False,recall<0.6,,,False,False,Not eligible: recall is too low for screening/default capture.,imbalance_training_variants_taiwan.csv,baseline LightGBM; Calibration improves validation Brier and ECE.; Precision/FP improve but recall loss is material.,recall<0.6,recall<0.55
taiwan,LightGBM::lightgbm_scale_pos_weight_1,imbalance_training:sigmoid:default_0_50,threshold=0.500,0.6722054380664653,0.3353428786737,0.9535630216135244,0.4474610356963298,0.7785942944372028,0.5567928574197627,0.1356935218151835,0.0105408182885294,4456,217,882,445,4627.0,False,False,recall<0.6,,,False,False,Not eligible: recall is too low for screening/default capture.,imbalance_training_variants_taiwan.csv,scale_pos_weight=1; Calibration improves validation Brier and ECE.; Precision/FP improve but recall loss is material.,recall<0.6,recall<0.55
taiwan,LightGBM::lightgbm_scale_pos_weight_2,imbalance_training:sigmoid:default_0_50,threshold=0.500,0.6748091603053435,0.3330821401657874,0.9544190027819388,0.4460141271442987,0.7791419417710264,0.5537490189711668,0.135825431990535,0.0095527013664718,4460,213,885,442,4638.0,False,False,recall<0.6,,,False,False,Not eligible: recall is too low for screening/default capture.,imbalance_training_variants_taiwan.csv,scale_pos_weight=2; Calibration improves validation Brier and ECE.; Precision/FP improve but recall loss is material.,recall<0.6,recall<0.55
taiwan,LightGBM::lightgbm_scale_pos_weight_2.5,imbalance_training:sigmoid:default_0_50,threshold=0.500,0.6774193548387096,0.33232856066315,0.9550609886582496,0.4459049544994944,0.7767228435217078,0.5520374225312856,0.1360883276301708,0.0111950181480029,4463,210,886,441,4640.0,False,False,recall<0.6,,,False,False,Not eligible: recall is too low for screening/default capture.,imbalance_training_variants_taiwan.csv,scale_pos_weight=2.5; Calibration improves validation Brier and ECE.; Precision/FP improve but recall loss is material.,recall<0.6,recall<0.55
taiwan,Best LightGBM,current_threshold:fixed_0_50,threshold=0.500,0.6763803680981595,0.33232856066315,0.954846993366146,0.4456796361798888,0.7779753690935001,0.5552375587431584,0.1356135837556778,0.0084868821264251,4462,211,886,441,4641.0,False,False,recall<0.6,,,False,False,Not eligible: recall is too low for screening/default capture.,current_threshold_baseline_taiwan.csv,inference-only recomputation from saved model probabilities; source_model=lightgbm; selected on validation within family,recall<0.6,recall<0.55
taiwan,LightGBM::lightgbm_scale_pos_weight_3,imbalance_training:sigmoid:default_0_50,threshold=0.500,0.6702127659574468,0.33232856066315,0.9535630216135244,0.4443324937027708,0.7767025244510182,0.5525147620351946,0.1361103444682003,0.011563991211086,4456,217,886,441,4647.0,False,False,recall<0.6,,,False,False,Not eligible: recall is too low for screening/default capture.,imbalance_training_variants_taiwan.csv,scale_pos_weight=3; Calibration improves validation Brier and ECE.; Precision/FP improve but recall loss is material.,recall<0.6,recall<0.55
taiwan,LightGBM::lightgbm_scale_pos_weight_1.5,imbalance_training:sigmoid:default_0_50,threshold=0.500,0.6790697674418604,0.3300678221552374,0.9557029745345602,0.4442190669371197,0.7795704161426308,0.5562392112765332,0.1356158476140904,0.0094137027011882,4466,207,889,438,4652.0,False,False,recall<0.6,,,False,False,Not eligible: recall is too low for screening/default capture.,imbalance_training_variants_taiwan.csv,scale_pos_weight=1.5; Calibration improves validation Brier and ECE.; Precision/FP improve but recall loss is material.,recall<0.6,recall<0.55
taiwan,LightGBM::lightgbm_scale_pos_weight_4,imbalance_training:sigmoid:default_0_50,threshold=0.500,0.6770670826833073,0.3270535041446872,0.9557029745345602,0.4410569105691057,0.7768512084444767,0.5570202713013589,0.1359954653687684,0.0123031401369611,4466,207,893,434,4672.0,False,False,recall<0.6,,,False,False,Not eligible: recall is too low for screening/default capture.,imbalance_training_variants_taiwan.csv,scale_pos_weight=4; Calibration improves validation Brier and ECE.; Precision/FP improve but recall loss is material.,recall<0.6,recall<0.55
taiwan,LightGBM::lightgbm_is_unbalance,imbalance_training:sigmoid:default_0_50,threshold=0.500,0.6797488226059655,0.3262999246420497,0.9563449604108708,0.4409368635437881,0.7756255330732384,0.5524902637772384,0.136188927996911,0.0150444404006833,4469,204,894,433,4674.0,False,False,recall<0.6,,,False,False,Not eligible: recall is too low for screening/default capture.,imbalance_training_variants_taiwan.csv,is_unbalance=True; Calibration improves validation Brier and ECE.; Precision/FP improve but recall loss is material.,recall<0.6,recall<0.55
taiwan,LightGBM::lightgbm_class_weight_balanced,imbalance_training:sigmoid:default_0_50,threshold=0.500,0.6687306501547987,0.3255463451394122,0.9542050074898352,0.4379118094272681,0.7746808575486395,0.5543447194154771,0.1363067377901418,0.0126945335980887,4459,214,895,432,4689.0,False,False,recall<0.6,,,False,False,Not eligible: recall is too low for screening/default capture.,imbalance_training_variants_taiwan.csv,class_weight='balanced'; Calibration improves validation Brier and ECE.; Precision/FP improve but recall loss is material.,recall<0.6,recall<0.55
taiwan,LightGBM::lightgbm_scale_pos_weight_3.5,imbalance_training:sigmoid:default_0_50,threshold=0.500,0.6767036450079239,0.3217784476262245,0.9563449604108708,0.4361593462717058,0.7766913167096458,0.553542013148044,0.136213659451989,0.0113287244411339,4469,204,900,427,4704.0,False,False,recall<0.6,,,False,False,Not eligible: recall is too low for screening/default capture.,imbalance_training_variants_taiwan.csv,scale_pos_weight=3.5; Calibration improves validation Brier and ECE.; Precision/FP improve but recall loss is material.,recall<0.6,recall<0.55
taiwan,Best CatBoost,cost_matrix:FN5_FP3,threshold=0.340,0.5716709075487701,0.5079125847776941,0.8919323774876953,0.5379090183559457,0.7853434511554537,0.5639167825429635,0.133690712785661,0.0077638887959482,4168,505,653,674,4780.0,False,False,recall<0.6,,,False,False,Not eligible: recall is too low for screening/default capture.,cost_matrix_sensitivity_taiwan.csv,Higher FP cost pushes threshold upward; precision/specificity improve at the cost of recall.,recall<0.6,recall<0.55
taiwan,Old SCRE-Credit,cost_matrix:FN5_FP3,threshold=0.465,0.6011787819253438,0.4611906556141673,0.9131179114059492,0.521961620469083,0.78157176397432,0.5444404951784547,0.1344745846625019,0.016134514337013,4267,406,715,612,4793.0,False,False,recall<0.6,,,False,False,Not eligible: recall is too low for screening/default capture.,cost_matrix_sensitivity_taiwan.csv,Higher FP cost pushes threshold upward; precision/specificity improve at the cost of recall.,recall<0.6,recall<0.55
taiwan,SCRE-Optimized,cost_matrix:FN5_FP3,threshold=0.355,0.5881801125703565,0.4724943481537302,0.9060560667665312,0.5240284162139575,0.7846896124879075,0.5669357617133086,0.1337668360698752,0.0106719812128829,4234,439,700,627,4817.0,False,False,recall<0.6,,,False,False,Not eligible: recall is too low for screening/default capture.,cost_matrix_sensitivity_taiwan.csv,Higher FP cost pushes threshold upward; precision/specificity improve at the cost of recall.,recall<0.6,recall<0.55
taiwan,SCRE-Pareto,cost_matrix:FN5_FP3,threshold=0.350,0.5834101382488479,0.4770158251695554,0.9032741279691848,0.5248756218905473,0.7838847515211484,0.5661401114278397,0.1340166575484842,0.0112687581693097,4221,452,694,633,4826.0,False,False,recall<0.6,,,False,False,Not eligible: recall is too low for screening/default capture.,cost_matrix_sensitivity_taiwan.csv,Higher FP cost pushes threshold upward; precision/specificity improve at the cost of recall.,recall<0.6,recall<0.55
taiwan,Best XGBoost,cost_matrix:FN5_FP3,threshold=0.325,0.5629251700680272,0.4988696307460437,0.890006419858763,0.5289652417099481,0.7826485134584009,0.5624784540120215,0.1343163230559995,0.0095047983326949,4159,514,665,662,4867.0,False,False,recall<0.6,,,False,False,Not eligible: recall is too low for screening/default capture.,cost_matrix_sensitivity_taiwan.csv,Higher FP cost pushes threshold upward; precision/specificity improve at the cost of recall.,recall<0.6,recall<0.55
taiwan,Best Scorecard,cost_matrix:FN5_FP3,threshold=0.400,0.6044303797468354,0.4318010550113036,0.91975176546116,0.5037362637362637,0.772310218670291,0.5428529752936853,0.1369802354742906,0.013838796992413,4298,375,754,573,4895.0,False,False,recall<0.6,,,False,False,Not eligible: recall is too low for screening/default capture.,cost_matrix_sensitivity_taiwan.csv,Higher FP cost pushes threshold upward; precision/specificity improve at the cost of recall.,recall<0.6,recall<0.55
taiwan,Best LightGBM,cost_matrix:FN5_FP3,threshold=0.325,0.5555555555555556,0.493594574227581,0.8878664669377274,0.5227454110135674,0.7779753690935001,0.5552375587431584,0.1356135837556778,0.0084868821264251,4149,524,672,655,4932.0,False,False,recall<0.6,,,False,False,Not eligible: recall is too low for screening/default capture.,cost_matrix_sensitivity_taiwan.csv,Higher FP cost pushes threshold upward; precision/specificity improve at the cost of recall.,recall<0.6,recall<0.55
taiwan,Best CatBoost,cost_matrix:FN10_FP2,threshold=0.155,0.3601506333447449,0.7927656367746797,0.6000427990584207,0.4952919020715631,0.7853434511554537,0.5639167825429635,0.133690712785661,0.0077638887959482,2804,1869,275,1052,6488.0,False,False,precision<0.4,,,False,False,Not eligible: precision is below the minimum acceptable operational threshold.,cost_matrix_sensitivity_taiwan.csv,Reference-like cost tradeoff; use alongside precision/specificity constraints.,precision<0.4,precision<0.45
taiwan,Best XGBoost,cost_matrix:FN10_FP2,threshold=0.140,0.3355501813784764,0.8364732479276563,0.529638347956345,0.4789644012944984,0.7826485134584009,0.5624784540120215,0.1343163230559995,0.0095047983326949,2475,2198,217,1110,6566.0,False,False,precision<0.4; specificity<0.55,,,False,False,Not eligible: precision is below the minimum acceptable operational threshold.,cost_matrix_sensitivity_taiwan.csv,Reference-like cost tradeoff; use alongside precision/specificity constraints.,precision<0.4; specificity<0.55,precision<0.45; specificity<0.6
taiwan,SCRE-Optimized,cost_matrix:FN10_FP2,threshold=0.160,0.3601117708697171,0.7769404672192917,0.6079606248662529,0.4921241050119332,0.7846896124879075,0.5669357617133086,0.1337668360698752,0.0106719812128829,2841,1832,296,1031,6624.0,False,False,precision<0.4,,,False,False,Not eligible: precision is below the minimum acceptable operational threshold.,cost_matrix_sensitivity_taiwan.csv,Reference-like cost tradeoff; use alongside precision/specificity constraints.,precision<0.4,precision<0.45
taiwan,Best LightGBM,cost_matrix:FN10_FP2,threshold=0.170,0.3754266211604095,0.746043707611153,0.647549753905414,0.4994954591321897,0.7779753690935001,0.5552375587431584,0.1356135837556778,0.0084868821264251,3026,1647,337,990,6664.0,False,False,precision<0.4,,,False,False,Not eligible: precision is below the minimum acceptable operational threshold.,cost_matrix_sensitivity_taiwan.csv,Reference-like cost tradeoff; use alongside precision/specificity constraints.,precision<0.4,precision<0.45
taiwan,Old SCRE-Credit,cost_matrix:FN10_FP2,threshold=0.190,0.3643298220123501,0.7558402411454408,0.625508238818746,0.4916666666666666,0.78157176397432,0.5444404951784547,0.1344745846625019,0.016134514337013,2923,1750,324,1003,6740.0,False,False,precision<0.4,,,False,False,Not eligible: precision is below the minimum acceptable operational threshold.,cost_matrix_sensitivity_taiwan.csv,Reference-like cost tradeoff; use alongside precision/specificity constraints.,precision<0.4,precision<0.45
taiwan,SCRE-Pareto,cost_matrix:FN10_FP2,threshold=0.165,0.3651315789473684,0.7528259231348907,0.6282901776160924,0.4917548609401919,0.7838847515211484,0.5661401114278397,0.1340166575484842,0.0112687581693097,2936,1737,328,999,6754.0,False,False,precision<0.4,,,False,False,Not eligible: precision is below the minimum acceptable operational threshold.,cost_matrix_sensitivity_taiwan.csv,Reference-like cost tradeoff; use alongside precision/specificity constraints.,precision<0.4,precision<0.45
taiwan,Best Scorecard,cost_matrix:FN10_FP2,threshold=0.165,0.3831247476786435,0.7151469480030144,0.6730151936657394,0.4989484752891693,0.772310218670291,0.5428529752936853,0.1369802354742906,0.013838796992413,3145,1528,378,949,6836.0,False,False,precision<0.4,,,False,False,Not eligible: precision is below the minimum acceptable operational threshold.,cost_matrix_sensitivity_taiwan.csv,Reference-like cost tradeoff; use alongside precision/specificity constraints.,precision<0.4,precision<0.45
taiwan,Best CatBoost,cost_matrix:FN10_FP3,threshold=0.265,0.5173333333333333,0.584777694046722,0.8450674085170127,0.5489918641669614,0.7853434511554537,0.5639167825429635,0.133690712785661,0.0077638887959482,3949,724,551,776,7682.0,False,True,recall<0.6,,81.0,False,False,"Strict eligible; usable candidate, but not the lowest-cost ranked winner.",cost_matrix_sensitivity_taiwan.csv,Higher FP cost pushes threshold upward; precision/specificity improve at the cost of recall.,recall<0.6,
