dataset,model,policy_type,threshold_or_band,precision,recall,specificity,f1,roc_auc,pr_auc,brier,ece,tn,fp,fn,tp,expected_cost,eligible_basic,eligible_strict,failed_criteria,rank_basic,rank_strict,winner_basic,winner_strict,decision_comment,source_file,source_comment,failed_criteria_basic,failed_criteria_strict
heloc,SCRE-Pareto,manual_review_band:L_review_0_25_low_default_0_10,t_low=0.12; t_high=0.29,0.6344086021505376,0.9182879377431906,0.42555438225976766,0.7503974562798091,0.8055450552430572,0.8104075742041918,0.180072497474567,0.0276944558030183,403,544,84,944,544.0,True,True,,1.0,12.0,True,False,Basic winner: lowest-cost eligible policy under minimum acceptable criteria.,manual_review_band_optimized_heloc.csv,Three-way policy; expected_cost is remaining auto-decision cost. manual_review_rate=0.2309; low_risk_default_rate=0.0000. More defensible screening policy: precision and FP improve with bounded review load.,,
heloc,Best XGBoost,manual_review_band:B_manual_review_rate_0_25,t_low=0.09; t_high=0.28,0.637661454792658,0.9124513618677044,0.4371700105596621,0.7507002801120448,0.8034243915867845,0.8049379257181238,0.1805361226302977,0.0204289726453994,414,533,90,938,568.0,True,True,,2.0,19.0,False,False,"Strict eligible; usable candidate, but not the lowest-cost ranked winner.",manual_review_band_optimized_heloc.csv,Three-way policy; expected_cost is remaining auto-decision cost. manual_review_rate=0.2349; low_risk_default_rate=0.1750. More defensible screening policy: precision and FP improve with bounded review load.,,
heloc,Best XGBoost,manual_review_band:K_review_0_25_precision_0_40,t_low=0.09; t_high=0.28,0.637661454792658,0.9124513618677044,0.4371700105596621,0.7507002801120448,0.8034243915867845,0.8049379257181238,0.1805361226302977,0.0204289726453994,414,533,90,938,568.0,True,True,,3.0,20.0,False,False,"Strict eligible; usable candidate, but not the lowest-cost ranked winner.",manual_review_band_optimized_heloc.csv,Three-way policy; expected_cost is remaining auto-decision cost. manual_review_rate=0.2349; low_risk_default_rate=0.1750. More defensible screening policy: precision and FP improve with bounded review load.,,
heloc,Best XGBoost,manual_review_band:L_review_0_25_low_default_0_10,t_low=0.09; t_high=0.28,0.637661454792658,0.9124513618677044,0.4371700105596621,0.7507002801120448,0.8034243915867845,0.8049379257181238,0.1805361226302977,0.0204289726453994,414,533,90,938,568.0,True,True,,4.0,21.0,False,False,"Strict eligible; usable candidate, but not the lowest-cost ranked winner.",manual_review_band_optimized_heloc.csv,Three-way policy; expected_cost is remaining auto-decision cost. manual_review_rate=0.2349; low_risk_default_rate=0.1750. More defensible screening policy: precision and FP improve with bounded review load.,,
heloc,SCRE-Pareto,manual_review_band:A_manual_review_rate_0_20,t_low=0.17; t_high=0.31,0.6434962147281487,0.9095330739299612,0.4530095036958817,0.7537283353486498,0.8055450552430572,0.8104075742041918,0.180072497474567,0.0276944558030183,429,518,93,935,603.0,True,True,,5.0,22.0,False,False,"Strict eligible; usable candidate, but not the lowest-cost ranked winner.",manual_review_band_optimized_heloc.csv,Three-way policy; expected_cost is remaining auto-decision cost. manual_review_rate=0.1838; low_risk_default_rate=0.1069. More defensible screening policy: precision and FP improve with bounded review load.,,
heloc,Best CatBoost,manual_review_band:A_manual_review_rate_0_20,t_low=0.14; t_high=0.30,0.6460791117279667,0.9056420233463036,0.4614572333685322,0.7541514783313084,0.8040936153078122,0.8115982528808503,0.1802440277917598,0.0107832103485953,437,510,97,931,610.0,True,True,,6.0,23.0,False,False,"Strict eligible; usable candidate, but not the lowest-cost ranked winner.",manual_review_band_optimized_heloc.csv,Three-way policy; expected_cost is remaining auto-decision cost. manual_review_rate=0.1848; low_risk_default_rate=0.1183. More defensible screening policy: precision and FP improve with bounded review load.,,
heloc,Best Scorecard,manual_review_band:A_manual_review_rate_0_20,t_low=0.16; t_high=0.29,0.6392318244170097,0.906614785992218,0.44456177402323127,0.7497988736926792,0.801480407101681,0.8038770280230678,0.1816523806088388,0.014207949481563,421,526,96,932,621.0,True,True,,7.0,24.0,False,False,"Strict eligible; usable candidate, but not the lowest-cost ranked winner.",manual_review_band_optimized_heloc.csv,Three-way policy; expected_cost is remaining auto-decision cost. manual_review_rate=0.1762; low_risk_default_rate=0.1124. More defensible screening policy: precision and FP improve with bounded review load.,,
heloc,SCRE-Optimized,manual_review_band:A_manual_review_rate_0_20,t_low=0.22; t_high=0.35,0.6456310679611651,0.9056420233463036,0.4604012671594509,0.7538461538461538,0.8054618516798903,0.8130412263027302,0.1826624630703946,0.0461492617621134,436,511,97,931,626.0,True,True,,8.0,25.0,False,False,"Strict eligible; usable candidate, but not the lowest-cost ranked winner.",manual_review_band_optimized_heloc.csv,Three-way policy; expected_cost is remaining auto-decision cost. manual_review_rate=0.1762; low_risk_default_rate=0.1243. More defensible screening policy: precision and FP improve with bounded review load.,,
heloc,Best XGBoost,manual_review_band:A_manual_review_rate_0_20,t_low=0.13; t_high=0.29,0.6431022649279341,0.91147859922179,0.4508975712777191,0.7541247484909458,0.8034243915867845,0.8049379257181238,0.1805361226302977,0.0204289726453994,427,520,91,937,630.0,True,True,,9.0,26.0,False,False,"Strict eligible; usable candidate, but not the lowest-cost ranked winner.",manual_review_band_optimized_heloc.csv,Three-way policy; expected_cost is remaining auto-decision cost. manual_review_rate=0.1727; low_risk_default_rate=0.1243. More defensible screening policy: precision and FP improve with bounded review load.,,
heloc,Best XGBoost,cost_matrix:FN2_FP1,threshold=0.305,0.6503153468815698,0.9027237354085604,0.4730728616684266,0.7560081466395112,0.8034243915867845,0.8049379257181238,0.1805361226302977,0.0204289726453994,448,499,100,928,699.0,True,True,,10.0,27.0,False,False,"Strict eligible; usable candidate, but not the lowest-cost ranked winner.",cost_matrix_sensitivity_heloc.csv,More conservative cost ratio; lower FP burden is prioritized.,,
heloc,SCRE-Pareto,cost_matrix:FN2_FP1,threshold=0.315,0.6459197786998617,0.9085603112840468,0.4593453009503696,0.7550525464834277,0.8055450552430572,0.8104075742041918,0.180072497474567,0.0276944558030183,435,512,94,934,700.0,True,True,,11.0,28.0,False,False,"Strict eligible; usable candidate, but not the lowest-cost ranked winner.",cost_matrix_sensitivity_heloc.csv,More conservative cost ratio; lower FP burden is prioritized.,,
heloc,Old SCRE-Credit,cost_matrix:FN2_FP1,threshold=0.340,0.6428571428571429,0.9105058365758756,0.4508975712777191,0.7536231884057971,0.8031069854013699,0.7939090859748776,0.1816509604613032,0.0221286246684385,427,520,92,936,704.0,True,True,,12.0,29.0,False,False,"Strict eligible; usable candidate, but not the lowest-cost ranked winner.",cost_matrix_sensitivity_heloc.csv,More conservative cost ratio; lower FP burden is prioritized.,,
heloc,SCRE-Pareto,cost_matrix:FN3_FP1,threshold=0.265,0.62426614481409,0.9309338521400778,0.3917634635691658,0.7473643108160876,0.8055450552430572,0.8104075742041918,0.180072497474567,0.0276944558030183,371,576,71,957,789.0,True,True,,13.0,34.0,False,False,"Strict eligible; usable candidate, but not the lowest-cost ranked winner.",cost_matrix_sensitivity_heloc.csv,Reference-like cost tradeoff; use alongside precision/specificity constraints.,,
heloc,Old SCRE-Credit,cost_matrix:FN3_FP1,threshold=0.305,0.6250820748522653,0.926070038910506,0.3970432946145723,0.7463739709917679,0.8031069854013699,0.7939090859748776,0.1816509604613032,0.0221286246684385,376,571,76,952,799.0,True,True,,14.0,35.0,False,False,"Strict eligible; usable candidate, but not the lowest-cost ranked winner.",cost_matrix_sensitivity_heloc.csv,Reference-like cost tradeoff; use alongside precision/specificity constraints.,,
heloc,SCRE-Optimized,cost_matrix:FN3_FP1,threshold=0.295,0.6207792207792208,0.9299610894941636,0.3833157338965153,0.7445482866043615,0.8054618516798903,0.8130412263027302,0.1826624630703945,0.0461492617621134,363,584,72,956,800.0,True,True,,15.0,36.0,False,False,"Strict eligible; usable candidate, but not the lowest-cost ranked winner.",cost_matrix_sensitivity_heloc.csv,Reference-like cost tradeoff; use alongside precision/specificity constraints.,,
heloc,Best XGBoost,cost_matrix:FN3_FP1,threshold=0.280,0.637661454792658,0.9124513618677044,0.4371700105596621,0.7507002801120447,0.8034243915867845,0.8049379257181238,0.1805361226302977,0.0204289726453994,414,533,90,938,803.0,True,True,,16.0,37.0,False,False,"Strict eligible; usable candidate, but not the lowest-cost ranked winner.",cost_matrix_sensitivity_heloc.csv,Reference-like cost tradeoff; use alongside precision/specificity constraints.,,
heloc,Best CatBoost,cost_matrix:FN3_FP1,threshold=0.265,0.6259087904824852,0.9212062256809338,0.4023231256599788,0.7453758362849272,0.8040936153078122,0.8115982528808503,0.1802440277917598,0.0107832103485953,381,566,81,947,809.0,True,True,,17.0,38.0,False,False,"Strict eligible; usable candidate, but not the lowest-cost ranked winner.",cost_matrix_sensitivity_heloc.csv,Reference-like cost tradeoff; use alongside precision/specificity constraints.,,
heloc,Best Scorecard,cost_matrix:FN3_FP1,threshold=0.260,0.6219751471550032,0.9250972762645916,0.3896515311510031,0.7438404380132968,0.801480407101681,0.8038770280230678,0.1816523806088388,0.014207949481563,369,578,77,951,809.0,True,True,,18.0,39.0,False,False,"Strict eligible; usable candidate, but not the lowest-cost ranked winner.",cost_matrix_sensitivity_heloc.csv,Reference-like cost tradeoff; use alongside precision/specificity constraints.,,
heloc,Best LightGBM,cost_matrix:FN3_FP1,threshold=0.250,0.601875,0.9367704280155642,0.3273495248152059,0.7328767123287672,0.7873327197498552,0.7932806208861143,0.1882896306735732,0.0282064278391865,310,637,65,963,832.0,True,True,,19.0,40.0,False,False,"Strict eligible; usable candidate, but not the lowest-cost ranked winner.",cost_matrix_sensitivity_heloc.csv,Reference-like cost tradeoff; use alongside precision/specificity constraints.,,
heloc,XGBoost::xgboost_scale_pos_weight_2,imbalance_training:sigmoid:cost_optimal_FN5_FP1,threshold=0.215,0.5940892641737032,0.958171206225681,0.2893347412882788,0.7334326135517498,0.7958395136803093,0.7981492288927658,0.1838075677646492,0.0178054343590313,274,673,43,985,888.0,True,False,,20.0,,False,False,Basic eligible binary policy; usable if its FP/review burden is acceptable.,imbalance_training_variants_heloc.csv,scale_pos_weight=2; Calibration improves validation Brier and ECE.; More balanced than baseline CatBoost: precision improves and FP drops with tolerable recall loss.,,precision<0.6
heloc,XGBoost::xgboost_scale_pos_weight_2,imbalance_training:sigmoid:precision_0_40,threshold=0.215,0.5940892641737032,0.958171206225681,0.2893347412882788,0.7334326135517498,0.7958395136803093,0.7981492288927658,0.1838075677646492,0.0178054343590313,274,673,43,985,888.0,True,False,,21.0,,False,False,Basic eligible binary policy; usable if its FP/review burden is acceptable.,imbalance_training_variants_heloc.csv,scale_pos_weight=2; Calibration improves validation Brier and ECE.; More balanced than baseline CatBoost: precision improves and FP drops with tolerable recall loss.,,precision<0.6
heloc,XGBoost::xgboost_scale_pos_weight_2,imbalance_training:sigmoid:precision_0_45,threshold=0.215,0.5940892641737032,0.958171206225681,0.2893347412882788,0.7334326135517498,0.7958395136803093,0.7981492288927658,0.1838075677646492,0.0178054343590313,274,673,43,985,888.0,True,False,,22.0,,False,False,Basic eligible binary policy; usable if its FP/review burden is acceptable.,imbalance_training_variants_heloc.csv,scale_pos_weight=2; Calibration improves validation Brier and ECE.; More balanced than baseline CatBoost: precision improves and FP drops with tolerable recall loss.,,precision<0.6
heloc,SCRE-Pareto,precision_constraint:A_min_precision_0_35,threshold=0.175,0.5609348914858097,0.980544747081712,0.1668426610348468,0.7136283185840708,0.8055450552430572,0.8104075742041918,0.180072497474567,0.0276944558030183,158,789,20,1008,889.0,True,False,,23.0,,False,False,Basic eligible binary policy; usable if its FP/review burden is acceptable.,precision_constrained_test_results_heloc.csv,"constraint keeps or improves FN5/FP1 cost; FP delta=45, precision delta=-0.0115, recall delta=0.0117, cost delta=-15; selected on validation.",,precision<0.6; specificity<0.2
heloc,SCRE-Pareto,precision_constraint:B_min_precision_0_40,threshold=0.175,0.5609348914858097,0.980544747081712,0.1668426610348468,0.7136283185840708,0.8055450552430572,0.8104075742041918,0.180072497474567,0.0276944558030183,158,789,20,1008,889.0,True,False,,24.0,,False,False,Basic eligible binary policy; usable if its FP/review burden is acceptable.,precision_constrained_test_results_heloc.csv,"constraint keeps or improves FN5/FP1 cost; FP delta=45, precision delta=-0.0115, recall delta=0.0117, cost delta=-15; selected on validation.",,precision<0.6; specificity<0.2
heloc,SCRE-Pareto,precision_constraint:C_min_precision_0_45,threshold=0.175,0.5609348914858097,0.980544747081712,0.1668426610348468,0.7136283185840708,0.8055450552430572,0.8104075742041918,0.180072497474567,0.0276944558030183,158,789,20,1008,889.0,True,False,,25.0,,False,False,Basic eligible binary policy; usable if its FP/review burden is acceptable.,precision_constrained_test_results_heloc.csv,"constraint keeps or improves FN5/FP1 cost; FP delta=45, precision delta=-0.0115, recall delta=0.0117, cost delta=-15; selected on validation.",,precision<0.6; specificity<0.2
heloc,SCRE-Pareto,precision_constraint:D_min_precision_0_50,threshold=0.175,0.5609348914858097,0.980544747081712,0.1668426610348468,0.7136283185840708,0.8055450552430572,0.8104075742041918,0.180072497474567,0.0276944558030183,158,789,20,1008,889.0,True,False,,26.0,,False,False,Basic eligible binary policy; usable if its FP/review burden is acceptable.,precision_constrained_test_results_heloc.csv,"constraint keeps or improves FN5/FP1 cost; FP delta=45, precision delta=-0.0115, recall delta=0.0117, cost delta=-15; selected on validation.",,precision<0.6; specificity<0.2
heloc,SCRE-Pareto,precision_constraint:H_fp_budget_2000,threshold=0.175,0.5609348914858097,0.980544747081712,0.1668426610348468,0.7136283185840708,0.8055450552430572,0.8104075742041918,0.180072497474567,0.0276944558030183,158,789,20,1008,889.0,True,False,,27.0,,False,False,Basic eligible binary policy; usable if its FP/review burden is acceptable.,precision_constrained_test_results_heloc.csv,"constraint keeps or improves FN5/FP1 cost; FP delta=45, precision delta=-0.0115, recall delta=0.0117, cost delta=-15; selected on validation.",,precision<0.6; specificity<0.2
heloc,SCRE-Pareto,precision_constraint:I_fp_budget_1750,threshold=0.175,0.5609348914858097,0.980544747081712,0.1668426610348468,0.7136283185840708,0.8055450552430572,0.8104075742041918,0.180072497474567,0.0276944558030183,158,789,20,1008,889.0,True,False,,28.0,,False,False,Basic eligible binary policy; usable if its FP/review burden is acceptable.,precision_constrained_test_results_heloc.csv,"constraint keeps or improves FN5/FP1 cost; FP delta=45, precision delta=-0.0115, recall delta=0.0117, cost delta=-15; selected on validation.",,precision<0.6; specificity<0.2
heloc,SCRE-Pareto,precision_constraint:J_fp_budget_1500,threshold=0.175,0.5609348914858097,0.980544747081712,0.1668426610348468,0.7136283185840708,0.8055450552430572,0.8104075742041918,0.180072497474567,0.0276944558030183,158,789,20,1008,889.0,True,False,,29.0,,False,False,Basic eligible binary policy; usable if its FP/review burden is acceptable.,precision_constrained_test_results_heloc.csv,"constraint keeps or improves FN5/FP1 cost; FP delta=45, precision delta=-0.0115, recall delta=0.0117, cost delta=-15; selected on validation.",,precision<0.6; specificity<0.2
heloc,SCRE-Pareto,precision_constraint:K_precision_0_40_recall_0_65,threshold=0.175,0.5609348914858097,0.980544747081712,0.1668426610348468,0.7136283185840708,0.8055450552430572,0.8104075742041918,0.180072497474567,0.0276944558030183,158,789,20,1008,889.0,True,False,,30.0,,False,False,Basic eligible binary policy; usable if its FP/review burden is acceptable.,precision_constrained_test_results_heloc.csv,"constraint keeps or improves FN5/FP1 cost; FP delta=45, precision delta=-0.0115, recall delta=0.0117, cost delta=-15; selected on validation.",,precision<0.6; specificity<0.2
heloc,SCRE-Pareto,precision_constraint:L_precision_0_45_recall_0_60,threshold=0.175,0.5609348914858097,0.980544747081712,0.1668426610348468,0.7136283185840708,0.8055450552430572,0.8104075742041918,0.180072497474567,0.0276944558030183,158,789,20,1008,889.0,True,False,,31.0,,False,False,Basic eligible binary policy; usable if its FP/review burden is acceptable.,precision_constrained_test_results_heloc.csv,"constraint keeps or improves FN5/FP1 cost; FP delta=45, precision delta=-0.0115, recall delta=0.0117, cost delta=-15; selected on validation.",,precision<0.6; specificity<0.2
heloc,SCRE-Pareto,cost_matrix:FN5_FP1,threshold=0.175,0.5609348914858097,0.980544747081712,0.1668426610348468,0.7136283185840707,0.8055450552430572,0.8104075742041918,0.180072497474567,0.0276944558030183,158,789,20,1008,889.0,True,False,,32.0,,False,False,Basic eligible binary policy; usable if its FP/review burden is acceptable.,cost_matrix_sensitivity_heloc.csv,Reference-like cost tradeoff; use alongside precision/specificity constraints.,,precision<0.6; specificity<0.2
heloc,XGBoost::xgboost_sample_weight_pos_1.5,imbalance_training:uncalibrated:cost_optimal_FN5_FP1,threshold=0.230,0.5952813067150635,0.9571984435797666,0.293558606124604,0.7340544572920552,0.795389084514276,0.7993501612837668,0.1889998091235448,0.0671201120562191,278,669,44,984,889.0,True,False,,33.0,,False,False,Basic eligible binary policy; usable if its FP/review burden is acceptable.,imbalance_training_variants_heloc.csv,sample_weight positive class=1.5; Reference uncalibrated probability.; More balanced than baseline CatBoost: precision improves and FP drops with tolerable recall loss.,,precision<0.6
heloc,XGBoost::xgboost_sample_weight_pos_1.5,imbalance_training:uncalibrated:precision_0_40,threshold=0.230,0.5952813067150635,0.9571984435797666,0.293558606124604,0.7340544572920552,0.795389084514276,0.7993501612837668,0.1889998091235448,0.0671201120562191,278,669,44,984,889.0,True,False,,34.0,,False,False,Basic eligible binary policy; usable if its FP/review burden is acceptable.,imbalance_training_variants_heloc.csv,sample_weight positive class=1.5; Reference uncalibrated probability.; More balanced than baseline CatBoost: precision improves and FP drops with tolerable recall loss.,,precision<0.6
heloc,XGBoost::xgboost_sample_weight_pos_1.5,imbalance_training:uncalibrated:precision_0_45,threshold=0.230,0.5952813067150635,0.9571984435797666,0.293558606124604,0.7340544572920552,0.795389084514276,0.7993501612837668,0.1889998091235448,0.0671201120562191,278,669,44,984,889.0,True,False,,35.0,,False,False,Basic eligible binary policy; usable if its FP/review burden is acceptable.,imbalance_training_variants_heloc.csv,sample_weight positive class=1.5; Reference uncalibrated probability.; More balanced than baseline CatBoost: precision improves and FP drops with tolerable recall loss.,,precision<0.6
heloc,XGBoost::xgboost_sample_weight_pos_2,imbalance_training:isotonic:cost_optimal_FN5_FP1,threshold=0.170,0.5759676487579434,0.9698443579766536,0.2249208025343189,0.7227256252265313,0.7944774405351324,0.7881858630684351,0.1850881321795869,0.0289005037689594,213,734,31,997,889.0,True,False,,36.0,,False,False,Basic eligible binary policy; usable if its FP/review burden is acceptable.,imbalance_training_variants_heloc.csv,sample_weight positive class=2; Calibration improves validation Brier and ECE.; More balanced than baseline CatBoost: precision improves and FP drops with tolerable recall loss.,,precision<0.6
heloc,XGBoost::xgboost_sample_weight_pos_2,imbalance_training:isotonic:precision_0_40,threshold=0.170,0.5759676487579434,0.9698443579766536,0.2249208025343189,0.7227256252265313,0.7944774405351324,0.7881858630684351,0.1850881321795869,0.0289005037689594,213,734,31,997,889.0,True,False,,37.0,,False,False,Basic eligible binary policy; usable if its FP/review burden is acceptable.,imbalance_training_variants_heloc.csv,sample_weight positive class=2; Calibration improves validation Brier and ECE.; More balanced than baseline CatBoost: precision improves and FP drops with tolerable recall loss.,,precision<0.6
heloc,XGBoost::xgboost_sample_weight_pos_2,imbalance_training:isotonic:precision_0_45,threshold=0.170,0.5759676487579434,0.9698443579766536,0.2249208025343189,0.7227256252265313,0.7944774405351324,0.7881858630684351,0.1850881321795869,0.0289005037689594,213,734,31,997,889.0,True,False,,38.0,,False,False,Basic eligible binary policy; usable if its FP/review burden is acceptable.,imbalance_training_variants_heloc.csv,sample_weight positive class=2; Calibration improves validation Brier and ECE.; More balanced than baseline CatBoost: precision improves and FP drops with tolerable recall loss.,,precision<0.6
heloc,XGBoost::xgboost_sample_weight_pos_2,imbalance_training:sigmoid:cost_optimal_FN5_FP1,threshold=0.190,0.575635103926097,0.9698443579766536,0.2238648363252376,0.722463768115942,0.7949740939029251,0.7982609528675195,0.1840998396444213,0.0300728141561287,212,735,31,997,890.0,True,False,,39.0,,False,False,Basic eligible binary policy; usable if its FP/review burden is acceptable.,imbalance_training_variants_heloc.csv,sample_weight positive class=2; Calibration improves validation Brier and ECE.; More balanced than baseline CatBoost: precision improves and FP drops with tolerable recall loss.,,precision<0.6
heloc,XGBoost::xgboost_sample_weight_pos_2,imbalance_training:sigmoid:precision_0_40,threshold=0.190,0.575635103926097,0.9698443579766536,0.2238648363252376,0.722463768115942,0.7949740939029251,0.7982609528675195,0.1840998396444213,0.0300728141561287,212,735,31,997,890.0,True,False,,40.0,,False,False,Basic eligible binary policy; usable if its FP/review burden is acceptable.,imbalance_training_variants_heloc.csv,sample_weight positive class=2; Calibration improves validation Brier and ECE.; More balanced than baseline CatBoost: precision improves and FP drops with tolerable recall loss.,,precision<0.6
heloc,XGBoost::xgboost_sample_weight_pos_2,imbalance_training:sigmoid:precision_0_45,threshold=0.190,0.575635103926097,0.9698443579766536,0.2238648363252376,0.722463768115942,0.7949740939029251,0.7982609528675195,0.1840998396444213,0.0300728141561287,212,735,31,997,890.0,True,False,,41.0,,False,False,Basic eligible binary policy; usable if its FP/review burden is acceptable.,imbalance_training_variants_heloc.csv,sample_weight positive class=2; Calibration improves validation Brier and ECE.; More balanced than baseline CatBoost: precision improves and FP drops with tolerable recall loss.,,precision<0.6
heloc,XGBoost::xgboost_sample_weight_pos_2,imbalance_training:uncalibrated:cost_optimal_FN5_FP1,threshold=0.240,0.575635103926097,0.9698443579766536,0.2238648363252376,0.722463768115942,0.7949740939029251,0.7982609528675195,0.1968823718510823,0.1068133759724942,212,735,31,997,890.0,True,False,,42.0,,False,False,Basic eligible binary policy; usable if its FP/review burden is acceptable.,imbalance_training_variants_heloc.csv,sample_weight positive class=2; Reference uncalibrated probability.; More balanced than baseline CatBoost: precision improves and FP drops with tolerable recall loss.,,precision<0.6
heloc,XGBoost::xgboost_sample_weight_pos_2,imbalance_training:uncalibrated:precision_0_40,threshold=0.240,0.575635103926097,0.9698443579766536,0.2238648363252376,0.722463768115942,0.7949740939029251,0.7982609528675195,0.1968823718510823,0.1068133759724942,212,735,31,997,890.0,True,False,,43.0,,False,False,Basic eligible binary policy; usable if its FP/review burden is acceptable.,imbalance_training_variants_heloc.csv,sample_weight positive class=2; Reference uncalibrated probability.; More balanced than baseline CatBoost: precision improves and FP drops with tolerable recall loss.,,precision<0.6
heloc,XGBoost::xgboost_sample_weight_pos_2,imbalance_training:uncalibrated:precision_0_45,threshold=0.240,0.575635103926097,0.9698443579766536,0.2238648363252376,0.722463768115942,0.7949740939029251,0.7982609528675195,0.1968823718510823,0.1068133759724942,212,735,31,997,890.0,True,False,,44.0,,False,False,Basic eligible binary policy; usable if its FP/review burden is acceptable.,imbalance_training_variants_heloc.csv,sample_weight positive class=2; Reference uncalibrated probability.; More balanced than baseline CatBoost: precision improves and FP drops with tolerable recall loss.,,precision<0.6
heloc,XGBoost::xgboost_scale_pos_weight_3_5,imbalance_training:sigmoid:cost_optimal_FN5_FP1,threshold=0.205,0.5839717147908073,0.9640077821011672,0.2544878563885955,0.7273394495412845,0.7960680666778974,0.8000824240367475,0.184017741024032,0.0165315752578613,241,706,37,991,891.0,True,False,,45.0,,False,False,Basic eligible binary policy; usable if its FP/review burden is acceptable.,imbalance_training_variants_heloc.csv,scale_pos_weight=3.5; Calibration improves validation Brier and ECE.; More balanced than baseline CatBoost: precision improves and FP drops with tolerable recall loss.,,precision<0.6
heloc,XGBoost::xgboost_scale_pos_weight_3_5,imbalance_training:sigmoid:precision_0_40,threshold=0.205,0.5839717147908073,0.9640077821011672,0.2544878563885955,0.7273394495412845,0.7960680666778974,0.8000824240367475,0.184017741024032,0.0165315752578613,241,706,37,991,891.0,True,False,,46.0,,False,False,Basic eligible binary policy; usable if its FP/review burden is acceptable.,imbalance_training_variants_heloc.csv,scale_pos_weight=3.5; Calibration improves validation Brier and ECE.; More balanced than baseline CatBoost: precision improves and FP drops with tolerable recall loss.,,precision<0.6
heloc,XGBoost::xgboost_scale_pos_weight_3_5,imbalance_training:sigmoid:precision_0_45,threshold=0.205,0.5839717147908073,0.9640077821011672,0.2544878563885955,0.7273394495412845,0.7960680666778974,0.8000824240367475,0.184017741024032,0.0165315752578613,241,706,37,991,891.0,True,False,,47.0,,False,False,Basic eligible binary policy; usable if its FP/review burden is acceptable.,imbalance_training_variants_heloc.csv,scale_pos_weight=3.5; Calibration improves validation Brier and ECE.; More balanced than baseline CatBoost: precision improves and FP drops with tolerable recall loss.,,precision<0.6
heloc,XGBoost::xgboost_sample_weight_pos_1.5,imbalance_training:sigmoid:cost_optimal_FN5_FP1,threshold=0.210,0.5914817036592681,0.9591439688715954,0.2808870116156283,0.7317254174397031,0.795389084514276,0.7993501612837668,0.1840443229415192,0.0204671320928929,266,681,42,986,891.0,True,False,,48.0,,False,False,Basic eligible binary policy; usable if its FP/review burden is acceptable.,imbalance_training_variants_heloc.csv,sample_weight positive class=1.5; Calibration improves validation Brier and ECE.; More balanced than baseline CatBoost: precision improves and FP drops with tolerable recall loss.,,precision<0.6
heloc,XGBoost::xgboost_sample_weight_pos_1.5,imbalance_training:sigmoid:precision_0_40,threshold=0.210,0.5914817036592681,0.9591439688715954,0.2808870116156283,0.7317254174397031,0.795389084514276,0.7993501612837668,0.1840443229415192,0.0204671320928929,266,681,42,986,891.0,True,False,,49.0,,False,False,Basic eligible binary policy; usable if its FP/review burden is acceptable.,imbalance_training_variants_heloc.csv,sample_weight positive class=1.5; Calibration improves validation Brier and ECE.; More balanced than baseline CatBoost: precision improves and FP drops with tolerable recall loss.,,precision<0.6
heloc,XGBoost::xgboost_sample_weight_pos_1.5,imbalance_training:sigmoid:precision_0_45,threshold=0.210,0.5914817036592681,0.9591439688715954,0.2808870116156283,0.7317254174397031,0.795389084514276,0.7993501612837668,0.1840443229415192,0.0204671320928929,266,681,42,986,891.0,True,False,,50.0,,False,False,Basic eligible binary policy; usable if its FP/review burden is acceptable.,imbalance_training_variants_heloc.csv,sample_weight positive class=1.5; Calibration improves validation Brier and ECE.; More balanced than baseline CatBoost: precision improves and FP drops with tolerable recall loss.,,precision<0.6
heloc,Best Scorecard,current_threshold:cost_optimal_current,threshold=0.160,0.5586932447397563,0.9815175097276264,0.1583949313621964,0.7120677487649965,0.801480407101681,0.8038770280230678,0.1816523806088388,0.014207949481563,150,797,19,1009,892.0,True,False,,51.0,,False,False,Basic eligible binary policy; usable if its FP/review burden is acceptable.,current_threshold_baseline_heloc.csv,frozen final test row read from existing result table; source_model=woe_scorecard_logistic_regression; selected on validation within family,,precision<0.6; specificity<0.2
heloc,Best Scorecard,current_threshold:operational_current,threshold=0.160,0.5586932447397563,0.9815175097276264,0.1583949313621964,0.7120677487649965,0.801480407101681,0.8038770280230678,0.1816523806088388,0.014207949481563,150,797,19,1009,892.0,True,False,,52.0,,False,False,Basic eligible binary policy; usable if its FP/review burden is acceptable.,current_threshold_baseline_heloc.csv,"threshold-only anchor from manual-review revision; manual band also uses low=0.16, high=0.39, selected on validation; source_model=woe_scorecard_logistic_regression; selected on validation within family",,precision<0.6; specificity<0.2
heloc,Best Scorecard,precision_constraint:A_min_precision_0_35,threshold=0.160,0.5586932447397563,0.9815175097276264,0.1583949313621964,0.7120677487649965,0.801480407101681,0.8038770280230678,0.1816523806088388,0.014207949481563,150,797,19,1009,892.0,True,False,,53.0,,False,False,Basic eligible binary policy; usable if its FP/review burden is acceptable.,precision_constrained_test_results_heloc.csv,"constraint keeps or improves FN5/FP1 cost; FP delta=0, precision delta=0.0000, recall delta=0.0000, cost delta=0; selected on validation.",,precision<0.6; specificity<0.2
heloc,Best Scorecard,precision_constraint:B_min_precision_0_40,threshold=0.160,0.5586932447397563,0.9815175097276264,0.1583949313621964,0.7120677487649965,0.801480407101681,0.8038770280230678,0.1816523806088388,0.014207949481563,150,797,19,1009,892.0,True,False,,54.0,,False,False,Basic eligible binary policy; usable if its FP/review burden is acceptable.,precision_constrained_test_results_heloc.csv,"constraint keeps or improves FN5/FP1 cost; FP delta=0, precision delta=0.0000, recall delta=0.0000, cost delta=0; selected on validation.",,precision<0.6; specificity<0.2
heloc,Best Scorecard,precision_constraint:C_min_precision_0_45,threshold=0.160,0.5586932447397563,0.9815175097276264,0.1583949313621964,0.7120677487649965,0.801480407101681,0.8038770280230678,0.1816523806088388,0.014207949481563,150,797,19,1009,892.0,True,False,,55.0,,False,False,Basic eligible binary policy; usable if its FP/review burden is acceptable.,precision_constrained_test_results_heloc.csv,"constraint keeps or improves FN5/FP1 cost; FP delta=0, precision delta=0.0000, recall delta=0.0000, cost delta=0; selected on validation.",,precision<0.6; specificity<0.2
heloc,Best Scorecard,precision_constraint:D_min_precision_0_50,threshold=0.160,0.5586932447397563,0.9815175097276264,0.1583949313621964,0.7120677487649965,0.801480407101681,0.8038770280230678,0.1816523806088388,0.014207949481563,150,797,19,1009,892.0,True,False,,56.0,,False,False,Basic eligible binary policy; usable if its FP/review burden is acceptable.,precision_constrained_test_results_heloc.csv,"constraint keeps or improves FN5/FP1 cost; FP delta=0, precision delta=0.0000, recall delta=0.0000, cost delta=0; selected on validation.",,precision<0.6; specificity<0.2
heloc,Best Scorecard,precision_constraint:H_fp_budget_2000,threshold=0.160,0.5586932447397563,0.9815175097276264,0.1583949313621964,0.7120677487649965,0.801480407101681,0.8038770280230678,0.1816523806088388,0.014207949481563,150,797,19,1009,892.0,True,False,,57.0,,False,False,Basic eligible binary policy; usable if its FP/review burden is acceptable.,precision_constrained_test_results_heloc.csv,"constraint keeps or improves FN5/FP1 cost; FP delta=0, precision delta=0.0000, recall delta=0.0000, cost delta=0; selected on validation.",,precision<0.6; specificity<0.2
heloc,Best Scorecard,precision_constraint:I_fp_budget_1750,threshold=0.160,0.5586932447397563,0.9815175097276264,0.1583949313621964,0.7120677487649965,0.801480407101681,0.8038770280230678,0.1816523806088388,0.014207949481563,150,797,19,1009,892.0,True,False,,58.0,,False,False,Basic eligible binary policy; usable if its FP/review burden is acceptable.,precision_constrained_test_results_heloc.csv,"constraint keeps or improves FN5/FP1 cost; FP delta=0, precision delta=0.0000, recall delta=0.0000, cost delta=0; selected on validation.",,precision<0.6; specificity<0.2
heloc,Best Scorecard,precision_constraint:J_fp_budget_1500,threshold=0.160,0.5586932447397563,0.9815175097276264,0.1583949313621964,0.7120677487649965,0.801480407101681,0.8038770280230678,0.1816523806088388,0.014207949481563,150,797,19,1009,892.0,True,False,,59.0,,False,False,Basic eligible binary policy; usable if its FP/review burden is acceptable.,precision_constrained_test_results_heloc.csv,"constraint keeps or improves FN5/FP1 cost; FP delta=0, precision delta=0.0000, recall delta=0.0000, cost delta=0; selected on validation.",,precision<0.6; specificity<0.2
heloc,Best Scorecard,precision_constraint:K_precision_0_40_recall_0_65,threshold=0.160,0.5586932447397563,0.9815175097276264,0.1583949313621964,0.7120677487649965,0.801480407101681,0.8038770280230678,0.1816523806088388,0.014207949481563,150,797,19,1009,892.0,True,False,,60.0,,False,False,Basic eligible binary policy; usable if its FP/review burden is acceptable.,precision_constrained_test_results_heloc.csv,"constraint keeps or improves FN5/FP1 cost; FP delta=0, precision delta=0.0000, recall delta=0.0000, cost delta=0; selected on validation.",,precision<0.6; specificity<0.2
heloc,Best Scorecard,precision_constraint:L_precision_0_45_recall_0_60,threshold=0.160,0.5586932447397563,0.9815175097276264,0.1583949313621964,0.7120677487649965,0.801480407101681,0.8038770280230678,0.1816523806088388,0.014207949481563,150,797,19,1009,892.0,True,False,,61.0,,False,False,Basic eligible binary policy; usable if its FP/review burden is acceptable.,precision_constrained_test_results_heloc.csv,"constraint keeps or improves FN5/FP1 cost; FP delta=0, precision delta=0.0000, recall delta=0.0000, cost delta=0; selected on validation.",,precision<0.6; specificity<0.2
heloc,Best Scorecard,cost_matrix:FN5_FP1,threshold=0.160,0.5586932447397563,0.9815175097276264,0.1583949313621964,0.7120677487649963,0.801480407101681,0.8038770280230678,0.1816523806088388,0.014207949481563,150,797,19,1009,892.0,True,False,,62.0,,False,False,Basic eligible binary policy; usable if its FP/review burden is acceptable.,cost_matrix_sensitivity_heloc.csv,Reference-like cost tradeoff; use alongside precision/specificity constraints.,,precision<0.6; specificity<0.2
heloc,XGBoost::xgboost_scale_pos_weight_1_5,imbalance_training:uncalibrated:cost_optimal_FN5_FP1,threshold=0.215,0.5862477771191464,0.9620622568093384,0.262935586061246,0.7285451197053406,0.7958646801901561,0.8014824380929075,0.1888410067296109,0.0685243778817261,249,698,39,989,893.0,True,False,,63.0,,False,False,Basic eligible binary policy; usable if its FP/review burden is acceptable.,imbalance_training_variants_heloc.csv,scale_pos_weight=1.5; Reference uncalibrated probability.; More balanced than baseline CatBoost: precision improves and FP drops with tolerable recall loss.,,precision<0.6
heloc,XGBoost::xgboost_scale_pos_weight_1_5,imbalance_training:uncalibrated:precision_0_40,threshold=0.215,0.5862477771191464,0.9620622568093384,0.262935586061246,0.7285451197053406,0.7958646801901561,0.8014824380929075,0.1888410067296109,0.0685243778817261,249,698,39,989,893.0,True,False,,64.0,,False,False,Basic eligible binary policy; usable if its FP/review burden is acceptable.,imbalance_training_variants_heloc.csv,scale_pos_weight=1.5; Reference uncalibrated probability.; More balanced than baseline CatBoost: precision improves and FP drops with tolerable recall loss.,,precision<0.6
heloc,XGBoost::xgboost_scale_pos_weight_1_5,imbalance_training:uncalibrated:precision_0_45,threshold=0.215,0.5862477771191464,0.9620622568093384,0.262935586061246,0.7285451197053406,0.7958646801901561,0.8014824380929075,0.1888410067296109,0.0685243778817261,249,698,39,989,893.0,True,False,,65.0,,False,False,Basic eligible binary policy; usable if its FP/review burden is acceptable.,imbalance_training_variants_heloc.csv,scale_pos_weight=1.5; Reference uncalibrated probability.; More balanced than baseline CatBoost: precision improves and FP drops with tolerable recall loss.,,precision<0.6
heloc,CatBoost::catboost_baseline,imbalance_training:isotonic:cost_optimal_FN5_FP1,threshold=0.165,0.5529475982532751,0.985408560311284,0.1351636747624076,0.7083916083916084,0.8025302100838609,0.7951406232790449,0.1814690921969097,0.0200111525035121,128,819,15,1013,894.0,True,False,,66.0,,False,False,Basic eligible binary policy; usable if its FP/review burden is acceptable.,imbalance_training_variants_heloc.csv,baseline CatBoost; Calibration improves validation Brier and ECE.; More balanced than baseline CatBoost: precision improves and FP drops with tolerable recall loss.,,precision<0.6; specificity<0.2
heloc,CatBoost::catboost_baseline,imbalance_training:isotonic:precision_0_40,threshold=0.165,0.5529475982532751,0.985408560311284,0.1351636747624076,0.7083916083916084,0.8025302100838609,0.7951406232790449,0.1814690921969097,0.0200111525035121,128,819,15,1013,894.0,True,False,,67.0,,False,False,Basic eligible binary policy; usable if its FP/review burden is acceptable.,imbalance_training_variants_heloc.csv,baseline CatBoost; Calibration improves validation Brier and ECE.; More balanced than baseline CatBoost: precision improves and FP drops with tolerable recall loss.,,precision<0.6; specificity<0.2
heloc,CatBoost::catboost_baseline,imbalance_training:isotonic:precision_0_45,threshold=0.165,0.5529475982532751,0.985408560311284,0.1351636747624076,0.7083916083916084,0.8025302100838609,0.7951406232790449,0.1814690921969097,0.0200111525035121,128,819,15,1013,894.0,True,False,,68.0,,False,False,Basic eligible binary policy; usable if its FP/review burden is acceptable.,imbalance_training_variants_heloc.csv,baseline CatBoost; Calibration improves validation Brier and ECE.; More balanced than baseline CatBoost: precision improves and FP drops with tolerable recall loss.,,precision<0.6; specificity<0.2
heloc,CatBoost::catboost_auto_none,imbalance_training:isotonic:cost_optimal_FN5_FP1,threshold=0.165,0.5529475982532751,0.985408560311284,0.1351636747624076,0.7083916083916084,0.8025302100838609,0.7951406232790449,0.1814690921969097,0.0200111525035121,128,819,15,1013,894.0,True,False,,69.0,,False,False,Basic eligible binary policy; usable if its FP/review burden is acceptable.,imbalance_training_variants_heloc.csv,auto_class_weights=None; Calibration improves validation Brier and ECE.; More balanced than baseline CatBoost: precision improves and FP drops with tolerable recall loss.,,precision<0.6; specificity<0.2
heloc,CatBoost::catboost_auto_none,imbalance_training:isotonic:precision_0_40,threshold=0.165,0.5529475982532751,0.985408560311284,0.1351636747624076,0.7083916083916084,0.8025302100838609,0.7951406232790449,0.1814690921969097,0.0200111525035121,128,819,15,1013,894.0,True,False,,70.0,,False,False,Basic eligible binary policy; usable if its FP/review burden is acceptable.,imbalance_training_variants_heloc.csv,auto_class_weights=None; Calibration improves validation Brier and ECE.; More balanced than baseline CatBoost: precision improves and FP drops with tolerable recall loss.,,precision<0.6; specificity<0.2
heloc,CatBoost::catboost_auto_none,imbalance_training:isotonic:precision_0_45,threshold=0.165,0.5529475982532751,0.985408560311284,0.1351636747624076,0.7083916083916084,0.8025302100838609,0.7951406232790449,0.1814690921969097,0.0200111525035121,128,819,15,1013,894.0,True,False,,71.0,,False,False,Basic eligible binary policy; usable if its FP/review burden is acceptable.,imbalance_training_variants_heloc.csv,auto_class_weights=None; Calibration improves validation Brier and ECE.; More balanced than baseline CatBoost: precision improves and FP drops with tolerable recall loss.,,precision<0.6; specificity<0.2
heloc,Old SCRE-Credit,current_threshold:cost_optimal_current,threshold=0.170,0.6009821976672806,0.9523346303501944,0.3136219640971489,0.7369213398569816,0.8031069854013699,0.7939090859748776,0.1816509604613032,0.0221286246684385,297,650,49,979,895.0,True,True,,72.0,41.0,False,False,"Strict eligible; usable candidate, but not the lowest-cost ranked winner.",current_threshold_baseline_heloc.csv,frozen final test row read from existing result table; source_model=SCRE-Credit; selected on validation within family,,
heloc,Old SCRE-Credit,current_threshold:operational_current,threshold=0.170,0.6009821976672806,0.9523346303501944,0.3136219640971489,0.7369213398569816,0.8031069854013699,0.7939090859748776,0.1816509604613032,0.0221286246684385,297,650,49,979,895.0,True,True,,73.0,42.0,False,False,"Strict eligible; usable candidate, but not the lowest-cost ranked winner.",current_threshold_baseline_heloc.csv,"threshold-only anchor from manual-review revision; manual band also uses low=0.10, high=0.35, selected on validation; source_model=SCRE-Credit; selected on validation within family",,
heloc,Old SCRE-Credit,current_threshold:scre_saved_threshold,threshold=0.170,0.6009821976672806,0.9523346303501944,0.3136219640971489,0.7369213398569816,0.8031069854013699,0.7939090859748776,0.1816509604613032,0.0221286246684385,297,650,49,979,895.0,True,True,,74.0,43.0,False,False,"Strict eligible; usable candidate, but not the lowest-cost ranked winner.",current_threshold_baseline_heloc.csv,saved Old SCRE-Credit threshold from scre_credit_model.joblib; source_model=SCRE-Credit; selected on validation within family,,
heloc,Old SCRE-Credit,precision_constraint:A_min_precision_0_35,threshold=0.205,0.6009821976672806,0.9523346303501944,0.3136219640971489,0.7369213398569816,0.8031069854013699,0.7939090859748776,0.1816509604613032,0.0221286246684385,297,650,49,979,895.0,True,True,,75.0,44.0,False,False,"Strict eligible; usable candidate, but not the lowest-cost ranked winner.",precision_constrained_test_results_heloc.csv,"constraint keeps or improves FN5/FP1 cost; FP delta=0, precision delta=0.0000, recall delta=0.0000, cost delta=0; selected on validation.",,
heloc,Old SCRE-Credit,precision_constraint:B_min_precision_0_40,threshold=0.205,0.6009821976672806,0.9523346303501944,0.3136219640971489,0.7369213398569816,0.8031069854013699,0.7939090859748776,0.1816509604613032,0.0221286246684385,297,650,49,979,895.0,True,True,,76.0,45.0,False,False,"Strict eligible; usable candidate, but not the lowest-cost ranked winner.",precision_constrained_test_results_heloc.csv,"constraint keeps or improves FN5/FP1 cost; FP delta=0, precision delta=0.0000, recall delta=0.0000, cost delta=0; selected on validation.",,
heloc,Old SCRE-Credit,precision_constraint:C_min_precision_0_45,threshold=0.205,0.6009821976672806,0.9523346303501944,0.3136219640971489,0.7369213398569816,0.8031069854013699,0.7939090859748776,0.1816509604613032,0.0221286246684385,297,650,49,979,895.0,True,True,,77.0,46.0,False,False,"Strict eligible; usable candidate, but not the lowest-cost ranked winner.",precision_constrained_test_results_heloc.csv,"constraint keeps or improves FN5/FP1 cost; FP delta=0, precision delta=0.0000, recall delta=0.0000, cost delta=0; selected on validation.",,
heloc,Old SCRE-Credit,precision_constraint:D_min_precision_0_50,threshold=0.205,0.6009821976672806,0.9523346303501944,0.3136219640971489,0.7369213398569816,0.8031069854013699,0.7939090859748776,0.1816509604613032,0.0221286246684385,297,650,49,979,895.0,True,True,,78.0,47.0,False,False,"Strict eligible; usable candidate, but not the lowest-cost ranked winner.",precision_constrained_test_results_heloc.csv,"constraint keeps or improves FN5/FP1 cost; FP delta=0, precision delta=0.0000, recall delta=0.0000, cost delta=0; selected on validation.",,
heloc,Old SCRE-Credit,precision_constraint:H_fp_budget_2000,threshold=0.205,0.6009821976672806,0.9523346303501944,0.3136219640971489,0.7369213398569816,0.8031069854013699,0.7939090859748776,0.1816509604613032,0.0221286246684385,297,650,49,979,895.0,True,True,,79.0,48.0,False,False,"Strict eligible; usable candidate, but not the lowest-cost ranked winner.",precision_constrained_test_results_heloc.csv,"constraint keeps or improves FN5/FP1 cost; FP delta=0, precision delta=0.0000, recall delta=0.0000, cost delta=0; selected on validation.",,
heloc,Old SCRE-Credit,precision_constraint:I_fp_budget_1750,threshold=0.205,0.6009821976672806,0.9523346303501944,0.3136219640971489,0.7369213398569816,0.8031069854013699,0.7939090859748776,0.1816509604613032,0.0221286246684385,297,650,49,979,895.0,True,True,,80.0,49.0,False,False,"Strict eligible; usable candidate, but not the lowest-cost ranked winner.",precision_constrained_test_results_heloc.csv,"constraint keeps or improves FN5/FP1 cost; FP delta=0, precision delta=0.0000, recall delta=0.0000, cost delta=0; selected on validation.",,
heloc,Old SCRE-Credit,precision_constraint:J_fp_budget_1500,threshold=0.205,0.6009821976672806,0.9523346303501944,0.3136219640971489,0.7369213398569816,0.8031069854013699,0.7939090859748776,0.1816509604613032,0.0221286246684385,297,650,49,979,895.0,True,True,,81.0,50.0,False,False,"Strict eligible; usable candidate, but not the lowest-cost ranked winner.",precision_constrained_test_results_heloc.csv,"constraint keeps or improves FN5/FP1 cost; FP delta=0, precision delta=0.0000, recall delta=0.0000, cost delta=0; selected on validation.",,
heloc,Old SCRE-Credit,precision_constraint:K_precision_0_40_recall_0_65,threshold=0.205,0.6009821976672806,0.9523346303501944,0.3136219640971489,0.7369213398569816,0.8031069854013699,0.7939090859748776,0.1816509604613032,0.0221286246684385,297,650,49,979,895.0,True,True,,82.0,51.0,False,False,"Strict eligible; usable candidate, but not the lowest-cost ranked winner.",precision_constrained_test_results_heloc.csv,"constraint keeps or improves FN5/FP1 cost; FP delta=0, precision delta=0.0000, recall delta=0.0000, cost delta=0; selected on validation.",,
heloc,Old SCRE-Credit,precision_constraint:L_precision_0_45_recall_0_60,threshold=0.205,0.6009821976672806,0.9523346303501944,0.3136219640971489,0.7369213398569816,0.8031069854013699,0.7939090859748776,0.1816509604613032,0.0221286246684385,297,650,49,979,895.0,True,True,,83.0,52.0,False,False,"Strict eligible; usable candidate, but not the lowest-cost ranked winner.",precision_constrained_test_results_heloc.csv,"constraint keeps or improves FN5/FP1 cost; FP delta=0, precision delta=0.0000, recall delta=0.0000, cost delta=0; selected on validation.",,
heloc,Old SCRE-Credit,cost_matrix:FN5_FP1,threshold=0.205,0.6009821976672806,0.9523346303501944,0.3136219640971489,0.7369213398569815,0.8031069854013699,0.7939090859748776,0.1816509604613032,0.0221286246684385,297,650,49,979,895.0,True,True,,84.0,53.0,False,False,"Strict eligible; usable candidate, but not the lowest-cost ranked winner.",cost_matrix_sensitivity_heloc.csv,Reference-like cost tradeoff; use alongside precision/specificity constraints.,,
heloc,CatBoost::catboost_baseline,imbalance_training:sigmoid:cost_optimal_FN5_FP1,threshold=0.140,0.5523446019629226,0.985408560311284,0.133051742344245,0.7078965758211041,0.8043134370672901,0.8109210726618248,0.1800428911401449,0.0137848518094282,126,821,15,1013,896.0,True,False,,85.0,,False,False,Basic eligible binary policy; usable if its FP/review burden is acceptable.,imbalance_training_variants_heloc.csv,baseline CatBoost; Calibration improves validation Brier and ECE.; No clear operational improvement over baseline CatBoost.,,precision<0.6; specificity<0.2
heloc,CatBoost::catboost_baseline,imbalance_training:sigmoid:precision_0_40,threshold=0.140,0.5523446019629226,0.985408560311284,0.133051742344245,0.7078965758211041,0.8043134370672901,0.8109210726618248,0.1800428911401449,0.0137848518094282,126,821,15,1013,896.0,True,False,,86.0,,False,False,Basic eligible binary policy; usable if its FP/review burden is acceptable.,imbalance_training_variants_heloc.csv,baseline CatBoost; Calibration improves validation Brier and ECE.; No clear operational improvement over baseline CatBoost.,,precision<0.6; specificity<0.2
heloc,CatBoost::catboost_baseline,imbalance_training:sigmoid:precision_0_45,threshold=0.140,0.5523446019629226,0.985408560311284,0.133051742344245,0.7078965758211041,0.8043134370672901,0.8109210726618248,0.1800428911401449,0.0137848518094282,126,821,15,1013,896.0,True,False,,87.0,,False,False,Basic eligible binary policy; usable if its FP/review burden is acceptable.,imbalance_training_variants_heloc.csv,baseline CatBoost; Calibration improves validation Brier and ECE.; No clear operational improvement over baseline CatBoost.,,precision<0.6; specificity<0.2
heloc,CatBoost::catboost_auto_none,imbalance_training:sigmoid:cost_optimal_FN5_FP1,threshold=0.140,0.5523446019629226,0.985408560311284,0.133051742344245,0.7078965758211041,0.8043134370672901,0.8109210726618248,0.1800428911401449,0.0137848518094282,126,821,15,1013,896.0,True,False,,88.0,,False,False,Basic eligible binary policy; usable if its FP/review burden is acceptable.,imbalance_training_variants_heloc.csv,auto_class_weights=None; Calibration improves validation Brier and ECE.; No clear operational improvement over baseline CatBoost.,,precision<0.6; specificity<0.2
heloc,CatBoost::catboost_auto_none,imbalance_training:sigmoid:precision_0_40,threshold=0.140,0.5523446019629226,0.985408560311284,0.133051742344245,0.7078965758211041,0.8043134370672901,0.8109210726618248,0.1800428911401449,0.0137848518094282,126,821,15,1013,896.0,True,False,,89.0,,False,False,Basic eligible binary policy; usable if its FP/review burden is acceptable.,imbalance_training_variants_heloc.csv,auto_class_weights=None; Calibration improves validation Brier and ECE.; No clear operational improvement over baseline CatBoost.,,precision<0.6; specificity<0.2
heloc,CatBoost::catboost_auto_none,imbalance_training:sigmoid:precision_0_45,threshold=0.140,0.5523446019629226,0.985408560311284,0.133051742344245,0.7078965758211041,0.8043134370672901,0.8109210726618248,0.1800428911401449,0.0137848518094282,126,821,15,1013,896.0,True,False,,90.0,,False,False,Basic eligible binary policy; usable if its FP/review burden is acceptable.,imbalance_training_variants_heloc.csv,auto_class_weights=None; Calibration improves validation Brier and ECE.; No clear operational improvement over baseline CatBoost.,,precision<0.6; specificity<0.2
heloc,CatBoost::catboost_baseline,imbalance_training:uncalibrated:cost_optimal_FN5_FP1,threshold=0.125,0.5523446019629226,0.985408560311284,0.133051742344245,0.7078965758211041,0.8043134370672901,0.8109210726618248,0.1800462707161693,0.0214533419239653,126,821,15,1013,896.0,True,False,,91.0,,False,False,Basic eligible binary policy; usable if its FP/review burden is acceptable.,imbalance_training_variants_heloc.csv,baseline CatBoost; Reference uncalibrated probability.; No clear operational improvement over baseline CatBoost.,,precision<0.6; specificity<0.2
heloc,CatBoost::catboost_baseline,imbalance_training:uncalibrated:precision_0_40,threshold=0.125,0.5523446019629226,0.985408560311284,0.133051742344245,0.7078965758211041,0.8043134370672901,0.8109210726618248,0.1800462707161693,0.0214533419239653,126,821,15,1013,896.0,True,False,,92.0,,False,False,Basic eligible binary policy; usable if its FP/review burden is acceptable.,imbalance_training_variants_heloc.csv,baseline CatBoost; Reference uncalibrated probability.; No clear operational improvement over baseline CatBoost.,,precision<0.6; specificity<0.2
heloc,CatBoost::catboost_baseline,imbalance_training:uncalibrated:precision_0_45,threshold=0.125,0.5523446019629226,0.985408560311284,0.133051742344245,0.7078965758211041,0.8043134370672901,0.8109210726618248,0.1800462707161693,0.0214533419239653,126,821,15,1013,896.0,True,False,,93.0,,False,False,Basic eligible binary policy; usable if its FP/review burden is acceptable.,imbalance_training_variants_heloc.csv,baseline CatBoost; Reference uncalibrated probability.; No clear operational improvement over baseline CatBoost.,,precision<0.6; specificity<0.2
heloc,CatBoost::catboost_auto_none,imbalance_training:uncalibrated:cost_optimal_FN5_FP1,threshold=0.125,0.5523446019629226,0.985408560311284,0.133051742344245,0.7078965758211041,0.8043134370672901,0.8109210726618248,0.1800462707161693,0.0214533419239653,126,821,15,1013,896.0,True,False,,94.0,,False,False,Basic eligible binary policy; usable if its FP/review burden is acceptable.,imbalance_training_variants_heloc.csv,auto_class_weights=None; Reference uncalibrated probability.; No clear operational improvement over baseline CatBoost.,,precision<0.6; specificity<0.2
heloc,CatBoost::catboost_auto_none,imbalance_training:uncalibrated:precision_0_40,threshold=0.125,0.5523446019629226,0.985408560311284,0.133051742344245,0.7078965758211041,0.8043134370672901,0.8109210726618248,0.1800462707161693,0.0214533419239653,126,821,15,1013,896.0,True,False,,95.0,,False,False,Basic eligible binary policy; usable if its FP/review burden is acceptable.,imbalance_training_variants_heloc.csv,auto_class_weights=None; Reference uncalibrated probability.; No clear operational improvement over baseline CatBoost.,,precision<0.6; specificity<0.2
heloc,CatBoost::catboost_auto_none,imbalance_training:uncalibrated:precision_0_45,threshold=0.125,0.5523446019629226,0.985408560311284,0.133051742344245,0.7078965758211041,0.8043134370672901,0.8109210726618248,0.1800462707161693,0.0214533419239653,126,821,15,1013,896.0,True,False,,96.0,,False,False,Basic eligible binary policy; usable if its FP/review burden is acceptable.,imbalance_training_variants_heloc.csv,auto_class_weights=None; Reference uncalibrated probability.; No clear operational improvement over baseline CatBoost.,,precision<0.6; specificity<0.2
heloc,XGBoost::xgboost_scale_pos_weight_1_5,imbalance_training:isotonic:cost_optimal_FN5_FP1,threshold=0.200,0.5848610289769367,0.9620622568093384,0.2587117212249208,0.7274733357852152,0.7939884912009665,0.7849306788008921,0.1847245741478621,0.0161776668597092,245,702,39,989,897.0,True,False,,97.0,,False,False,Basic eligible binary policy; usable if its FP/review burden is acceptable.,imbalance_training_variants_heloc.csv,scale_pos_weight=1.5; Calibration improves validation Brier and ECE.; More balanced than baseline CatBoost: precision improves and FP drops with tolerable recall loss.,,precision<0.6
heloc,XGBoost::xgboost_scale_pos_weight_1_5,imbalance_training:isotonic:precision_0_40,threshold=0.200,0.5848610289769367,0.9620622568093384,0.2587117212249208,0.7274733357852152,0.7939884912009665,0.7849306788008921,0.1847245741478621,0.0161776668597092,245,702,39,989,897.0,True,False,,98.0,,False,False,Basic eligible binary policy; usable if its FP/review burden is acceptable.,imbalance_training_variants_heloc.csv,scale_pos_weight=1.5; Calibration improves validation Brier and ECE.; More balanced than baseline CatBoost: precision improves and FP drops with tolerable recall loss.,,precision<0.6
heloc,XGBoost::xgboost_scale_pos_weight_1_5,imbalance_training:isotonic:precision_0_45,threshold=0.200,0.5848610289769367,0.9620622568093384,0.2587117212249208,0.7274733357852152,0.7939884912009665,0.7849306788008921,0.1847245741478621,0.0161776668597092,245,702,39,989,897.0,True,False,,99.0,,False,False,Basic eligible binary policy; usable if its FP/review burden is acceptable.,imbalance_training_variants_heloc.csv,scale_pos_weight=1.5; Calibration improves validation Brier and ECE.; More balanced than baseline CatBoost: precision improves and FP drops with tolerable recall loss.,,precision<0.6
heloc,Best CatBoost,current_threshold:cost_optimal_current,threshold=0.140,0.5581395348837209,0.980544747081712,0.1573389651531151,0.7113620324629499,0.8040936153078122,0.8115982528808503,0.1802440277917598,0.0107832103485953,149,798,20,1008,898.0,True,False,,100.0,,False,False,Basic eligible binary policy; usable if its FP/review burden is acceptable.,current_threshold_baseline_heloc.csv,frozen final test row read from existing result table; source_model=catboost; selected on validation within family,,precision<0.6; specificity<0.2
heloc,Best CatBoost,current_threshold:operational_current,threshold=0.140,0.5581395348837209,0.980544747081712,0.1573389651531151,0.7113620324629499,0.8040936153078122,0.8115982528808503,0.1802440277917598,0.0107832103485953,149,798,20,1008,898.0,True,False,,101.0,,False,False,Basic eligible binary policy; usable if its FP/review burden is acceptable.,current_threshold_baseline_heloc.csv,"threshold-only anchor from manual-review revision; manual band also uses low=0.13, high=0.36, selected on validation; source_model=catboost; selected on validation within family",,precision<0.6; specificity<0.2
heloc,XGBoost::xgboost_scale_pos_weight_3_5,imbalance_training:isotonic:cost_optimal_FN5_FP1,threshold=0.220,0.5875,0.9601167315175098,0.2682154171066526,0.7289512555391433,0.7940490962654955,0.7851182203256988,0.1848380107451417,0.0211809475455745,254,693,41,987,898.0,True,False,,102.0,,False,False,Basic eligible binary policy; usable if its FP/review burden is acceptable.,imbalance_training_variants_heloc.csv,scale_pos_weight=3.5; Calibration improves validation Brier and ECE.; More balanced than baseline CatBoost: precision improves and FP drops with tolerable recall loss.,,precision<0.6
heloc,XGBoost::xgboost_scale_pos_weight_3_5,imbalance_training:isotonic:precision_0_40,threshold=0.220,0.5875,0.9601167315175098,0.2682154171066526,0.7289512555391433,0.7940490962654955,0.7851182203256988,0.1848380107451417,0.0211809475455745,254,693,41,987,898.0,True,False,,103.0,,False,False,Basic eligible binary policy; usable if its FP/review burden is acceptable.,imbalance_training_variants_heloc.csv,scale_pos_weight=3.5; Calibration improves validation Brier and ECE.; More balanced than baseline CatBoost: precision improves and FP drops with tolerable recall loss.,,precision<0.6
heloc,XGBoost::xgboost_scale_pos_weight_3_5,imbalance_training:isotonic:precision_0_45,threshold=0.220,0.5875,0.9601167315175098,0.2682154171066526,0.7289512555391433,0.7940490962654955,0.7851182203256988,0.1848380107451417,0.0211809475455745,254,693,41,987,898.0,True,False,,104.0,,False,False,Basic eligible binary policy; usable if its FP/review burden is acceptable.,imbalance_training_variants_heloc.csv,scale_pos_weight=3.5; Calibration improves validation Brier and ECE.; More balanced than baseline CatBoost: precision improves and FP drops with tolerable recall loss.,,precision<0.6
heloc,SCRE-Optimized,current_threshold:cost_optimal_current,threshold=0.220,0.5614525139664804,0.9776264591439688,0.1710665258711721,0.7132718239886444,0.8054618516798903,0.8130412263027302,0.1826624630703945,0.0461492617621134,162,785,23,1005,900.0,True,False,,105.0,,False,False,Basic eligible binary policy; usable if its FP/review burden is acceptable.,current_threshold_baseline_heloc.csv,frozen final test row read from existing result table; SCRE weights/objective/threshold selected on validation only,,precision<0.6; specificity<0.2
heloc,SCRE-Optimized,current_threshold:operational_current,threshold=0.220,0.5614525139664804,0.9776264591439688,0.1710665258711721,0.7132718239886444,0.8054618516798903,0.8130412263027302,0.1826624630703946,0.0461492617621134,162,785,23,1005,900.0,True,False,,106.0,,False,False,Basic eligible binary policy; usable if its FP/review burden is acceptable.,current_threshold_baseline_heloc.csv,"threshold-only anchor from manual-review revision; manual band also uses low=0.22, high=0.41, selected on validation; SCRE weights/objective/threshold selected on validation only",,precision<0.6; specificity<0.2
heloc,SCRE-Optimized,current_threshold:scre_saved_threshold,threshold=0.220,0.5614525139664804,0.9776264591439688,0.1710665258711721,0.7132718239886444,0.8054618516798903,0.8130412263027302,0.1826624630703946,0.0461492617621134,162,785,23,1005,900.0,True,False,,107.0,,False,False,Basic eligible binary policy; usable if its FP/review burden is acceptable.,current_threshold_baseline_heloc.csv,saved SCRE-Optimized threshold from scre_optimized joblib bundle; SCRE weights/objective/threshold selected on validation only,,precision<0.6; specificity<0.2
heloc,SCRE-Optimized,precision_constraint:A_min_precision_0_35,threshold=0.220,0.5614525139664804,0.9776264591439688,0.1710665258711721,0.7132718239886444,0.8054618516798903,0.8130412263027302,0.1826624630703945,0.0461492617621134,162,785,23,1005,900.0,True,False,,108.0,,False,False,Basic eligible binary policy; usable if its FP/review burden is acceptable.,precision_constrained_test_results_heloc.csv,"constraint keeps or improves FN5/FP1 cost; FP delta=0, precision delta=0.0000, recall delta=0.0000, cost delta=0; selected on validation.",,precision<0.6; specificity<0.2
heloc,SCRE-Optimized,precision_constraint:B_min_precision_0_40,threshold=0.220,0.5614525139664804,0.9776264591439688,0.1710665258711721,0.7132718239886444,0.8054618516798903,0.8130412263027302,0.1826624630703945,0.0461492617621134,162,785,23,1005,900.0,True,False,,109.0,,False,False,Basic eligible binary policy; usable if its FP/review burden is acceptable.,precision_constrained_test_results_heloc.csv,"constraint keeps or improves FN5/FP1 cost; FP delta=0, precision delta=0.0000, recall delta=0.0000, cost delta=0; selected on validation.",,precision<0.6; specificity<0.2
heloc,SCRE-Optimized,precision_constraint:C_min_precision_0_45,threshold=0.220,0.5614525139664804,0.9776264591439688,0.1710665258711721,0.7132718239886444,0.8054618516798903,0.8130412263027302,0.1826624630703945,0.0461492617621134,162,785,23,1005,900.0,True,False,,110.0,,False,False,Basic eligible binary policy; usable if its FP/review burden is acceptable.,precision_constrained_test_results_heloc.csv,"constraint keeps or improves FN5/FP1 cost; FP delta=0, precision delta=0.0000, recall delta=0.0000, cost delta=0; selected on validation.",,precision<0.6; specificity<0.2
heloc,SCRE-Optimized,precision_constraint:D_min_precision_0_50,threshold=0.220,0.5614525139664804,0.9776264591439688,0.1710665258711721,0.7132718239886444,0.8054618516798903,0.8130412263027302,0.1826624630703945,0.0461492617621134,162,785,23,1005,900.0,True,False,,111.0,,False,False,Basic eligible binary policy; usable if its FP/review burden is acceptable.,precision_constrained_test_results_heloc.csv,"constraint keeps or improves FN5/FP1 cost; FP delta=0, precision delta=0.0000, recall delta=0.0000, cost delta=0; selected on validation.",,precision<0.6; specificity<0.2
heloc,SCRE-Optimized,precision_constraint:H_fp_budget_2000,threshold=0.220,0.5614525139664804,0.9776264591439688,0.1710665258711721,0.7132718239886444,0.8054618516798903,0.8130412263027302,0.1826624630703945,0.0461492617621134,162,785,23,1005,900.0,True,False,,112.0,,False,False,Basic eligible binary policy; usable if its FP/review burden is acceptable.,precision_constrained_test_results_heloc.csv,"constraint keeps or improves FN5/FP1 cost; FP delta=0, precision delta=0.0000, recall delta=0.0000, cost delta=0; selected on validation.",,precision<0.6; specificity<0.2
heloc,SCRE-Optimized,precision_constraint:I_fp_budget_1750,threshold=0.220,0.5614525139664804,0.9776264591439688,0.1710665258711721,0.7132718239886444,0.8054618516798903,0.8130412263027302,0.1826624630703945,0.0461492617621134,162,785,23,1005,900.0,True,False,,113.0,,False,False,Basic eligible binary policy; usable if its FP/review burden is acceptable.,precision_constrained_test_results_heloc.csv,"constraint keeps or improves FN5/FP1 cost; FP delta=0, precision delta=0.0000, recall delta=0.0000, cost delta=0; selected on validation.",,precision<0.6; specificity<0.2
heloc,SCRE-Optimized,precision_constraint:J_fp_budget_1500,threshold=0.220,0.5614525139664804,0.9776264591439688,0.1710665258711721,0.7132718239886444,0.8054618516798903,0.8130412263027302,0.1826624630703945,0.0461492617621134,162,785,23,1005,900.0,True,False,,114.0,,False,False,Basic eligible binary policy; usable if its FP/review burden is acceptable.,precision_constrained_test_results_heloc.csv,"constraint keeps or improves FN5/FP1 cost; FP delta=0, precision delta=0.0000, recall delta=0.0000, cost delta=0; selected on validation.",,precision<0.6; specificity<0.2
heloc,SCRE-Optimized,precision_constraint:K_precision_0_40_recall_0_65,threshold=0.220,0.5614525139664804,0.9776264591439688,0.1710665258711721,0.7132718239886444,0.8054618516798903,0.8130412263027302,0.1826624630703945,0.0461492617621134,162,785,23,1005,900.0,True,False,,115.0,,False,False,Basic eligible binary policy; usable if its FP/review burden is acceptable.,precision_constrained_test_results_heloc.csv,"constraint keeps or improves FN5/FP1 cost; FP delta=0, precision delta=0.0000, recall delta=0.0000, cost delta=0; selected on validation.",,precision<0.6; specificity<0.2
heloc,SCRE-Optimized,precision_constraint:L_precision_0_45_recall_0_60,threshold=0.220,0.5614525139664804,0.9776264591439688,0.1710665258711721,0.7132718239886444,0.8054618516798903,0.8130412263027302,0.1826624630703945,0.0461492617621134,162,785,23,1005,900.0,True,False,,116.0,,False,False,Basic eligible binary policy; usable if its FP/review burden is acceptable.,precision_constrained_test_results_heloc.csv,"constraint keeps or improves FN5/FP1 cost; FP delta=0, precision delta=0.0000, recall delta=0.0000, cost delta=0; selected on validation.",,precision<0.6; specificity<0.2
heloc,SCRE-Optimized,cost_matrix:FN5_FP1,threshold=0.220,0.5614525139664804,0.9776264591439688,0.1710665258711721,0.7132718239886444,0.8054618516798903,0.8130412263027302,0.1826624630703945,0.0461492617621134,162,785,23,1005,900.0,True,False,,117.0,,False,False,Basic eligible binary policy; usable if its FP/review burden is acceptable.,cost_matrix_sensitivity_heloc.csv,Reference-like cost tradeoff; use alongside precision/specificity constraints.,,precision<0.6; specificity<0.2
heloc,CatBoost::catboost_class_weight_pos_2,imbalance_training:isotonic:cost_optimal_FN5_FP1,threshold=0.170,0.5562293274531422,0.9815175097276264,0.1499472016895459,0.7100633356790992,0.801278047818423,0.7956438600224107,0.1811001003377576,0.0159971280403359,142,805,19,1009,900.0,True,False,,118.0,,False,False,Basic eligible binary policy; usable if its FP/review burden is acceptable.,imbalance_training_variants_heloc.csv,custom class_weights positive_weight=2; Calibration improves validation Brier and ECE.; More balanced than baseline CatBoost: precision improves and FP drops with tolerable recall loss.,,precision<0.6; specificity<0.2
heloc,CatBoost::catboost_class_weight_pos_2,imbalance_training:isotonic:precision_0_40,threshold=0.170,0.5562293274531422,0.9815175097276264,0.1499472016895459,0.7100633356790992,0.801278047818423,0.7956438600224107,0.1811001003377576,0.0159971280403359,142,805,19,1009,900.0,True,False,,119.0,,False,False,Basic eligible binary policy; usable if its FP/review burden is acceptable.,imbalance_training_variants_heloc.csv,custom class_weights positive_weight=2; Calibration improves validation Brier and ECE.; More balanced than baseline CatBoost: precision improves and FP drops with tolerable recall loss.,,precision<0.6; specificity<0.2
heloc,CatBoost::catboost_class_weight_pos_2,imbalance_training:isotonic:precision_0_45,threshold=0.170,0.5562293274531422,0.9815175097276264,0.1499472016895459,0.7100633356790992,0.801278047818423,0.7956438600224107,0.1811001003377576,0.0159971280403359,142,805,19,1009,900.0,True,False,,120.0,,False,False,Basic eligible binary policy; usable if its FP/review burden is acceptable.,imbalance_training_variants_heloc.csv,custom class_weights positive_weight=2; Calibration improves validation Brier and ECE.; More balanced than baseline CatBoost: precision improves and FP drops with tolerable recall loss.,,precision<0.6; specificity<0.2
heloc,CatBoost::catboost_class_weight_pos_5,imbalance_training:uncalibrated:cost_optimal_FN5_FP1,threshold=0.435,0.5734024179620034,0.9688715953307392,0.2175290390707497,0.7204339963833635,0.8051187653823872,0.8139810930653841,0.2508965767670249,0.2441426790264566,206,741,32,996,901.0,True,False,,121.0,,False,False,Basic eligible binary policy; usable if its FP/review burden is acceptable.,imbalance_training_variants_heloc.csv,custom class_weights positive_weight=5; Reference uncalibrated probability.; More balanced than baseline CatBoost: precision improves and FP drops with tolerable recall loss.,,precision<0.6
heloc,CatBoost::catboost_class_weight_pos_5,imbalance_training:uncalibrated:precision_0_40,threshold=0.435,0.5734024179620034,0.9688715953307392,0.2175290390707497,0.7204339963833635,0.8051187653823872,0.8139810930653841,0.2508965767670249,0.2441426790264566,206,741,32,996,901.0,True,False,,122.0,,False,False,Basic eligible binary policy; usable if its FP/review burden is acceptable.,imbalance_training_variants_heloc.csv,custom class_weights positive_weight=5; Reference uncalibrated probability.; More balanced than baseline CatBoost: precision improves and FP drops with tolerable recall loss.,,precision<0.6
heloc,CatBoost::catboost_class_weight_pos_5,imbalance_training:uncalibrated:precision_0_45,threshold=0.435,0.5734024179620034,0.9688715953307392,0.2175290390707497,0.7204339963833635,0.8051187653823872,0.8139810930653841,0.2508965767670249,0.2441426790264566,206,741,32,996,901.0,True,False,,123.0,,False,False,Basic eligible binary policy; usable if its FP/review burden is acceptable.,imbalance_training_variants_heloc.csv,custom class_weights positive_weight=5; Reference uncalibrated probability.; More balanced than baseline CatBoost: precision improves and FP drops with tolerable recall loss.,,precision<0.6
heloc,CatBoost::catboost_auto_balanced,imbalance_training:sigmoid:cost_optimal_FN5_FP1,threshold=0.170,0.5706117781589479,0.970817120622568,0.2069693769799366,0.7187612531508822,0.8017854868332928,0.8086179460042939,0.181151469674265,0.0115577421042146,196,751,30,998,901.0,True,False,,124.0,,False,False,Basic eligible binary policy; usable if its FP/review burden is acceptable.,imbalance_training_variants_heloc.csv,auto_class_weights='Balanced'; Calibration improves validation Brier and ECE.; More balanced than baseline CatBoost: precision improves and FP drops with tolerable recall loss.,,precision<0.6
heloc,CatBoost::catboost_auto_balanced,imbalance_training:sigmoid:precision_0_40,threshold=0.170,0.5706117781589479,0.970817120622568,0.2069693769799366,0.7187612531508822,0.8017854868332928,0.8086179460042939,0.181151469674265,0.0115577421042146,196,751,30,998,901.0,True,False,,125.0,,False,False,Basic eligible binary policy; usable if its FP/review burden is acceptable.,imbalance_training_variants_heloc.csv,auto_class_weights='Balanced'; Calibration improves validation Brier and ECE.; More balanced than baseline CatBoost: precision improves and FP drops with tolerable recall loss.,,precision<0.6
heloc,CatBoost::catboost_auto_balanced,imbalance_training:sigmoid:precision_0_45,threshold=0.170,0.5706117781589479,0.970817120622568,0.2069693769799366,0.7187612531508822,0.8017854868332928,0.8086179460042939,0.181151469674265,0.0115577421042146,196,751,30,998,901.0,True,False,,126.0,,False,False,Basic eligible binary policy; usable if its FP/review burden is acceptable.,imbalance_training_variants_heloc.csv,auto_class_weights='Balanced'; Calibration improves validation Brier and ECE.; More balanced than baseline CatBoost: precision improves and FP drops with tolerable recall loss.,,precision<0.6
heloc,XGBoost::xgboost_scale_pos_weight_3_5,imbalance_training:uncalibrated:cost_optimal_FN5_FP1,threshold=0.365,0.5864527629233511,0.9601167315175098,0.2650475184794086,0.7281445960900037,0.7960680666778974,0.8000824240367475,0.2210853817893033,0.1808387183124505,251,696,41,987,901.0,True,False,,127.0,,False,False,Basic eligible binary policy; usable if its FP/review burden is acceptable.,imbalance_training_variants_heloc.csv,scale_pos_weight=3.5; Reference uncalibrated probability.; More balanced than baseline CatBoost: precision improves and FP drops with tolerable recall loss.,,precision<0.6
heloc,XGBoost::xgboost_scale_pos_weight_3_5,imbalance_training:uncalibrated:precision_0_40,threshold=0.365,0.5864527629233511,0.9601167315175098,0.2650475184794086,0.7281445960900037,0.7960680666778974,0.8000824240367475,0.2210853817893033,0.1808387183124505,251,696,41,987,901.0,True,False,,128.0,,False,False,Basic eligible binary policy; usable if its FP/review burden is acceptable.,imbalance_training_variants_heloc.csv,scale_pos_weight=3.5; Reference uncalibrated probability.; More balanced than baseline CatBoost: precision improves and FP drops with tolerable recall loss.,,precision<0.6
heloc,XGBoost::xgboost_scale_pos_weight_3_5,imbalance_training:uncalibrated:precision_0_45,threshold=0.365,0.5864527629233511,0.9601167315175098,0.2650475184794086,0.7281445960900037,0.7960680666778974,0.8000824240367475,0.2210853817893033,0.1808387183124505,251,696,41,987,901.0,True,False,,129.0,,False,False,Basic eligible binary policy; usable if its FP/review burden is acceptable.,imbalance_training_variants_heloc.csv,scale_pos_weight=3.5; Reference uncalibrated probability.; More balanced than baseline CatBoost: precision improves and FP drops with tolerable recall loss.,,precision<0.6
heloc,CatBoost::catboost_class_weight_pos_5,imbalance_training:sigmoid:cost_optimal_FN5_FP1,threshold=0.165,0.57307249712313,0.9688715953307392,0.2164730728616684,0.720173535791757,0.8051187653823872,0.8139810930653841,0.1806739349373728,0.0276513699235312,205,742,32,996,902.0,True,False,,130.0,,False,False,Basic eligible binary policy; usable if its FP/review burden is acceptable.,imbalance_training_variants_heloc.csv,custom class_weights positive_weight=5; Calibration improves validation Brier and ECE.; More balanced than baseline CatBoost: precision improves and FP drops with tolerable recall loss.,,precision<0.6
heloc,CatBoost::catboost_class_weight_pos_5,imbalance_training:sigmoid:precision_0_40,threshold=0.165,0.57307249712313,0.9688715953307392,0.2164730728616684,0.720173535791757,0.8051187653823872,0.8139810930653841,0.1806739349373728,0.0276513699235312,205,742,32,996,902.0,True,False,,131.0,,False,False,Basic eligible binary policy; usable if its FP/review burden is acceptable.,imbalance_training_variants_heloc.csv,custom class_weights positive_weight=5; Calibration improves validation Brier and ECE.; More balanced than baseline CatBoost: precision improves and FP drops with tolerable recall loss.,,precision<0.6
heloc,CatBoost::catboost_class_weight_pos_5,imbalance_training:sigmoid:precision_0_45,threshold=0.165,0.57307249712313,0.9688715953307392,0.2164730728616684,0.720173535791757,0.8051187653823872,0.8139810930653841,0.1806739349373728,0.0276513699235312,205,742,32,996,902.0,True,False,,132.0,,False,False,Basic eligible binary policy; usable if its FP/review burden is acceptable.,imbalance_training_variants_heloc.csv,custom class_weights positive_weight=5; Calibration improves validation Brier and ECE.; More balanced than baseline CatBoost: precision improves and FP drops with tolerable recall loss.,,precision<0.6
heloc,XGBoost::xgboost_scale_pos_weight_1_5,imbalance_training:sigmoid:cost_optimal_FN5_FP1,threshold=0.205,0.5876042908224076,0.9591439688715954,0.2692713833157339,0.7287509238728751,0.7958646801901561,0.8014824380929075,0.1838681330367529,0.0199877431131512,255,692,42,986,902.0,True,False,,133.0,,False,False,Basic eligible binary policy; usable if its FP/review burden is acceptable.,imbalance_training_variants_heloc.csv,scale_pos_weight=1.5; Calibration improves validation Brier and ECE.; More balanced than baseline CatBoost: precision improves and FP drops with tolerable recall loss.,,precision<0.6
heloc,XGBoost::xgboost_scale_pos_weight_1_5,imbalance_training:sigmoid:precision_0_40,threshold=0.205,0.5876042908224076,0.9591439688715954,0.2692713833157339,0.7287509238728751,0.7958646801901561,0.8014824380929075,0.1838681330367529,0.0199877431131512,255,692,42,986,902.0,True,False,,134.0,,False,False,Basic eligible binary policy; usable if its FP/review burden is acceptable.,imbalance_training_variants_heloc.csv,scale_pos_weight=1.5; Calibration improves validation Brier and ECE.; More balanced than baseline CatBoost: precision improves and FP drops with tolerable recall loss.,,precision<0.6
heloc,XGBoost::xgboost_scale_pos_weight_1_5,imbalance_training:sigmoid:precision_0_45,threshold=0.205,0.5876042908224076,0.9591439688715954,0.2692713833157339,0.7287509238728751,0.7958646801901561,0.8014824380929075,0.1838681330367529,0.0199877431131512,255,692,42,986,902.0,True,False,,135.0,,False,False,Basic eligible binary policy; usable if its FP/review burden is acceptable.,imbalance_training_variants_heloc.csv,scale_pos_weight=1.5; Calibration improves validation Brier and ECE.; More balanced than baseline CatBoost: precision improves and FP drops with tolerable recall loss.,,precision<0.6
heloc,XGBoost::xgboost_scale_pos_weight_2,imbalance_training:uncalibrated:cost_optimal_FN5_FP1,threshold=0.235,0.5744803695150116,0.9678988326848248,0.2217529039070749,0.7210144927536233,0.7958395136803093,0.7981492288927658,0.1965284272399996,0.1081380347171916,210,737,33,995,902.0,True,False,,136.0,,False,False,Basic eligible binary policy; usable if its FP/review burden is acceptable.,imbalance_training_variants_heloc.csv,scale_pos_weight=2; Reference uncalibrated probability.; More balanced than baseline CatBoost: precision improves and FP drops with tolerable recall loss.,,precision<0.6
heloc,XGBoost::xgboost_scale_pos_weight_2,imbalance_training:uncalibrated:precision_0_40,threshold=0.235,0.5744803695150116,0.9678988326848248,0.2217529039070749,0.7210144927536233,0.7958395136803093,0.7981492288927658,0.1965284272399996,0.1081380347171916,210,737,33,995,902.0,True,False,,137.0,,False,False,Basic eligible binary policy; usable if its FP/review burden is acceptable.,imbalance_training_variants_heloc.csv,scale_pos_weight=2; Reference uncalibrated probability.; More balanced than baseline CatBoost: precision improves and FP drops with tolerable recall loss.,,precision<0.6
heloc,XGBoost::xgboost_scale_pos_weight_2,imbalance_training:uncalibrated:precision_0_45,threshold=0.235,0.5744803695150116,0.9678988326848248,0.2217529039070749,0.7210144927536233,0.7958395136803093,0.7981492288927658,0.1965284272399996,0.1081380347171916,210,737,33,995,902.0,True,False,,138.0,,False,False,Basic eligible binary policy; usable if its FP/review burden is acceptable.,imbalance_training_variants_heloc.csv,scale_pos_weight=2; Reference uncalibrated probability.; More balanced than baseline CatBoost: precision improves and FP drops with tolerable recall loss.,,precision<0.6
heloc,XGBoost::xgboost_scale_pos_weight_2,imbalance_training:isotonic:cost_optimal_FN5_FP1,threshold=0.175,0.5758980301274623,0.9669260700389104,0.2270327349524815,0.7218591140159767,0.7944558692409781,0.7804554993708247,0.1848360289984925,0.02417207783197,215,732,34,994,902.0,True,False,,139.0,,False,False,Basic eligible binary policy; usable if its FP/review burden is acceptable.,imbalance_training_variants_heloc.csv,scale_pos_weight=2; Calibration improves validation Brier and ECE.; More balanced than baseline CatBoost: precision improves and FP drops with tolerable recall loss.,,precision<0.6
heloc,XGBoost::xgboost_scale_pos_weight_2,imbalance_training:isotonic:precision_0_40,threshold=0.175,0.5758980301274623,0.9669260700389104,0.2270327349524815,0.7218591140159767,0.7944558692409781,0.7804554993708247,0.1848360289984925,0.02417207783197,215,732,34,994,902.0,True,False,,140.0,,False,False,Basic eligible binary policy; usable if its FP/review burden is acceptable.,imbalance_training_variants_heloc.csv,scale_pos_weight=2; Calibration improves validation Brier and ECE.; More balanced than baseline CatBoost: precision improves and FP drops with tolerable recall loss.,,precision<0.6
heloc,XGBoost::xgboost_scale_pos_weight_2,imbalance_training:isotonic:precision_0_45,threshold=0.175,0.5758980301274623,0.9669260700389104,0.2270327349524815,0.7218591140159767,0.7944558692409781,0.7804554993708247,0.1848360289984925,0.02417207783197,215,732,34,994,902.0,True,False,,141.0,,False,False,Basic eligible binary policy; usable if its FP/review burden is acceptable.,imbalance_training_variants_heloc.csv,scale_pos_weight=2; Calibration improves validation Brier and ECE.; More balanced than baseline CatBoost: precision improves and FP drops with tolerable recall loss.,,precision<0.6
heloc,XGBoost::xgboost_scale_pos_weight_2_5,imbalance_training:sigmoid:cost_optimal_FN5_FP1,threshold=0.220,0.5949060036385688,0.9542801556420234,0.2946145723336853,0.7329099738513261,0.7972092908591127,0.7998966925441662,0.1833833560738273,0.027285500954868,279,668,47,981,903.0,True,False,,142.0,,False,False,Basic eligible binary policy; usable if its FP/review burden is acceptable.,imbalance_training_variants_heloc.csv,scale_pos_weight=2.5; Calibration improves validation Brier and ECE.; More balanced than baseline CatBoost: precision improves and FP drops with tolerable recall loss.,,precision<0.6
heloc,XGBoost::xgboost_scale_pos_weight_2_5,imbalance_training:sigmoid:precision_0_40,threshold=0.220,0.5949060036385688,0.9542801556420234,0.2946145723336853,0.7329099738513261,0.7972092908591127,0.7998966925441662,0.1833833560738273,0.027285500954868,279,668,47,981,903.0,True,False,,143.0,,False,False,Basic eligible binary policy; usable if its FP/review burden is acceptable.,imbalance_training_variants_heloc.csv,scale_pos_weight=2.5; Calibration improves validation Brier and ECE.; More balanced than baseline CatBoost: precision improves and FP drops with tolerable recall loss.,,precision<0.6
heloc,XGBoost::xgboost_scale_pos_weight_2_5,imbalance_training:sigmoid:precision_0_45,threshold=0.220,0.5949060036385688,0.9542801556420234,0.2946145723336853,0.7329099738513261,0.7972092908591127,0.7998966925441662,0.1833833560738273,0.027285500954868,279,668,47,981,903.0,True,False,,144.0,,False,False,Basic eligible binary policy; usable if its FP/review burden is acceptable.,imbalance_training_variants_heloc.csv,scale_pos_weight=2.5; Calibration improves validation Brier and ECE.; More balanced than baseline CatBoost: precision improves and FP drops with tolerable recall loss.,,precision<0.6
heloc,CatBoost::catboost_auto_balanced,imbalance_training:isotonic:cost_optimal_FN5_FP1,threshold=0.170,0.5713467048710602,0.9698443579766536,0.2101372756071805,0.7190768121168409,0.7998743728916627,0.7918462201901947,0.1825749461539749,0.0296319562996153,199,748,31,997,903.0,True,False,,145.0,,False,False,Basic eligible binary policy; usable if its FP/review burden is acceptable.,imbalance_training_variants_heloc.csv,auto_class_weights='Balanced'; Calibration improves validation Brier and ECE.; More balanced than baseline CatBoost: precision improves and FP drops with tolerable recall loss.,,precision<0.6
heloc,CatBoost::catboost_auto_balanced,imbalance_training:isotonic:precision_0_40,threshold=0.170,0.5713467048710602,0.9698443579766536,0.2101372756071805,0.7190768121168409,0.7998743728916627,0.7918462201901947,0.1825749461539749,0.0296319562996153,199,748,31,997,903.0,True,False,,146.0,,False,False,Basic eligible binary policy; usable if its FP/review burden is acceptable.,imbalance_training_variants_heloc.csv,auto_class_weights='Balanced'; Calibration improves validation Brier and ECE.; More balanced than baseline CatBoost: precision improves and FP drops with tolerable recall loss.,,precision<0.6
heloc,CatBoost::catboost_auto_balanced,imbalance_training:isotonic:precision_0_45,threshold=0.170,0.5713467048710602,0.9698443579766536,0.2101372756071805,0.7190768121168409,0.7998743728916627,0.7918462201901947,0.1825749461539749,0.0296319562996153,199,748,31,997,903.0,True,False,,147.0,,False,False,Basic eligible binary policy; usable if its FP/review burden is acceptable.,imbalance_training_variants_heloc.csv,auto_class_weights='Balanced'; Calibration improves validation Brier and ECE.; More balanced than baseline CatBoost: precision improves and FP drops with tolerable recall loss.,,precision<0.6
heloc,SCRE-Pareto,current_threshold:cost_optimal_current,threshold=0.190,0.5724137931034483,0.9688715953307392,0.2143611404435058,0.7196531791907514,0.8055450552430572,0.8104075742041918,0.1800724974745671,0.0276944558030183,203,744,32,996,904.0,True,False,,148.0,,False,False,Basic eligible binary policy; usable if its FP/review burden is acceptable.,current_threshold_baseline_heloc.csv,frozen final test row read from existing result table; SCRE weights/objective/threshold selected on validation only,,precision<0.6
heloc,SCRE-Pareto,current_threshold:operational_current,threshold=0.190,0.5724137931034483,0.9688715953307392,0.2143611404435058,0.7196531791907514,0.8055450552430572,0.8104075742041918,0.180072497474567,0.0276944558030183,203,744,32,996,904.0,True,False,,149.0,,False,False,Basic eligible binary policy; usable if its FP/review burden is acceptable.,current_threshold_baseline_heloc.csv,"threshold-only anchor from manual-review revision; manual band also uses low=0.13, high=0.34, selected on validation; SCRE weights/objective/threshold selected on validation only",,precision<0.6
heloc,SCRE-Pareto,current_threshold:scre_saved_threshold,threshold=0.190,0.5724137931034483,0.9688715953307392,0.2143611404435058,0.7196531791907514,0.8055450552430572,0.8104075742041918,0.180072497474567,0.0276944558030183,203,744,32,996,904.0,True,False,,150.0,,False,False,Basic eligible binary policy; usable if its FP/review burden is acceptable.,current_threshold_baseline_heloc.csv,saved SCRE-Pareto threshold from scre_pareto joblib bundle; SCRE weights/objective/threshold selected on validation only,,precision<0.6
heloc,CatBoost::catboost_auto_balanced,imbalance_training:uncalibrated:cost_optimal_FN5_FP1,threshold=0.145,0.5710194730813287,0.9698443579766536,0.2090813093980992,0.718817591925018,0.8017854868332928,0.8086179460042939,0.1812768438091222,0.0199079677030077,198,749,31,997,904.0,True,False,,151.0,,False,False,Basic eligible binary policy; usable if its FP/review burden is acceptable.,imbalance_training_variants_heloc.csv,auto_class_weights='Balanced'; Reference uncalibrated probability.; More balanced than baseline CatBoost: precision improves and FP drops with tolerable recall loss.,,precision<0.6
heloc,CatBoost::catboost_auto_balanced,imbalance_training:uncalibrated:precision_0_40,threshold=0.145,0.5710194730813287,0.9698443579766536,0.2090813093980992,0.718817591925018,0.8017854868332928,0.8086179460042939,0.1812768438091222,0.0199079677030077,198,749,31,997,904.0,True,False,,152.0,,False,False,Basic eligible binary policy; usable if its FP/review burden is acceptable.,imbalance_training_variants_heloc.csv,auto_class_weights='Balanced'; Reference uncalibrated probability.; More balanced than baseline CatBoost: precision improves and FP drops with tolerable recall loss.,,precision<0.6
heloc,CatBoost::catboost_auto_balanced,imbalance_training:uncalibrated:precision_0_45,threshold=0.145,0.5710194730813287,0.9698443579766536,0.2090813093980992,0.718817591925018,0.8017854868332928,0.8086179460042939,0.1812768438091222,0.0199079677030077,198,749,31,997,904.0,True,False,,153.0,,False,False,Basic eligible binary policy; usable if its FP/review burden is acceptable.,imbalance_training_variants_heloc.csv,auto_class_weights='Balanced'; Reference uncalibrated probability.; More balanced than baseline CatBoost: precision improves and FP drops with tolerable recall loss.,,precision<0.6
heloc,CatBoost::catboost_class_weight_pos_3,imbalance_training:isotonic:cost_optimal_FN5_FP1,threshold=0.275,0.6053449347420758,0.9474708171206224,0.3294614572333685,0.738718240424725,0.8040427686858768,0.7985202224193131,0.1804106929450678,0.0209079291213108,312,635,54,974,905.0,True,True,,154.0,54.0,False,False,"Strict eligible; usable candidate, but not the lowest-cost ranked winner.",imbalance_training_variants_heloc.csv,custom class_weights positive_weight=3; Calibration improves validation Brier and ECE.; More balanced than baseline CatBoost: precision improves and FP drops with tolerable recall loss.,,
heloc,CatBoost::catboost_class_weight_pos_3,imbalance_training:isotonic:precision_0_40,threshold=0.275,0.6053449347420758,0.9474708171206224,0.3294614572333685,0.738718240424725,0.8040427686858768,0.7985202224193131,0.1804106929450678,0.0209079291213108,312,635,54,974,905.0,True,True,,155.0,55.0,False,False,"Strict eligible; usable candidate, but not the lowest-cost ranked winner.",imbalance_training_variants_heloc.csv,custom class_weights positive_weight=3; Calibration improves validation Brier and ECE.; More balanced than baseline CatBoost: precision improves and FP drops with tolerable recall loss.,,
heloc,CatBoost::catboost_class_weight_pos_3,imbalance_training:isotonic:precision_0_45,threshold=0.275,0.6053449347420758,0.9474708171206224,0.3294614572333685,0.738718240424725,0.8040427686858768,0.7985202224193131,0.1804106929450678,0.0209079291213108,312,635,54,974,905.0,True,True,,156.0,56.0,False,False,"Strict eligible; usable candidate, but not the lowest-cost ranked winner.",imbalance_training_variants_heloc.csv,custom class_weights positive_weight=3; Calibration improves validation Brier and ECE.; More balanced than baseline CatBoost: precision improves and FP drops with tolerable recall loss.,,
heloc,CatBoost::catboost_class_weight_pos_2,imbalance_training:uncalibrated:cost_optimal_FN5_FP1,threshold=0.265,0.5781796966161027,0.9640077821011672,0.2365364308342133,0.7228300510576222,0.8023227147781855,0.8119937893258402,0.1968632020810656,0.1145162579112792,224,723,37,991,908.0,True,False,,157.0,,False,False,Basic eligible binary policy; usable if its FP/review burden is acceptable.,imbalance_training_variants_heloc.csv,custom class_weights positive_weight=2; Reference uncalibrated probability.; More balanced than baseline CatBoost: precision improves and FP drops with tolerable recall loss.,,precision<0.6
heloc,CatBoost::catboost_class_weight_pos_2,imbalance_training:uncalibrated:precision_0_40,threshold=0.265,0.5781796966161027,0.9640077821011672,0.2365364308342133,0.7228300510576222,0.8023227147781855,0.8119937893258402,0.1968632020810656,0.1145162579112792,224,723,37,991,908.0,True,False,,158.0,,False,False,Basic eligible binary policy; usable if its FP/review burden is acceptable.,imbalance_training_variants_heloc.csv,custom class_weights positive_weight=2; Reference uncalibrated probability.; More balanced than baseline CatBoost: precision improves and FP drops with tolerable recall loss.,,precision<0.6
heloc,CatBoost::catboost_class_weight_pos_2,imbalance_training:uncalibrated:precision_0_45,threshold=0.265,0.5781796966161027,0.9640077821011672,0.2365364308342133,0.7228300510576222,0.8023227147781855,0.8119937893258402,0.1968632020810656,0.1145162579112792,224,723,37,991,908.0,True,False,,159.0,,False,False,Basic eligible binary policy; usable if its FP/review burden is acceptable.,imbalance_training_variants_heloc.csv,custom class_weights positive_weight=2; Reference uncalibrated probability.; More balanced than baseline CatBoost: precision improves and FP drops with tolerable recall loss.,,precision<0.6
heloc,CatBoost::catboost_class_weight_pos_5,imbalance_training:isotonic:cost_optimal_FN5_FP1,threshold=0.185,0.5885167464114832,0.9571984435797666,0.2734952481520591,0.7288888888888888,0.8042595088319041,0.8016402597944756,0.1811165442248792,0.0212452811348148,259,688,44,984,908.0,True,False,,160.0,,False,False,Basic eligible binary policy; usable if its FP/review burden is acceptable.,imbalance_training_variants_heloc.csv,custom class_weights positive_weight=5; Calibration improves validation Brier and ECE.; More balanced than baseline CatBoost: precision improves and FP drops with tolerable recall loss.,,precision<0.6
heloc,CatBoost::catboost_class_weight_pos_5,imbalance_training:isotonic:precision_0_40,threshold=0.185,0.5885167464114832,0.9571984435797666,0.2734952481520591,0.7288888888888888,0.8042595088319041,0.8016402597944756,0.1811165442248792,0.0212452811348148,259,688,44,984,908.0,True,False,,161.0,,False,False,Basic eligible binary policy; usable if its FP/review burden is acceptable.,imbalance_training_variants_heloc.csv,custom class_weights positive_weight=5; Calibration improves validation Brier and ECE.; More balanced than baseline CatBoost: precision improves and FP drops with tolerable recall loss.,,precision<0.6
heloc,CatBoost::catboost_class_weight_pos_5,imbalance_training:isotonic:precision_0_45,threshold=0.185,0.5885167464114832,0.9571984435797666,0.2734952481520591,0.7288888888888888,0.8042595088319041,0.8016402597944756,0.1811165442248792,0.0212452811348148,259,688,44,984,908.0,True,False,,162.0,,False,False,Basic eligible binary policy; usable if its FP/review burden is acceptable.,imbalance_training_variants_heloc.csv,custom class_weights positive_weight=5; Calibration improves validation Brier and ECE.; More balanced than baseline CatBoost: precision improves and FP drops with tolerable recall loss.,,precision<0.6
heloc,CatBoost::catboost_class_weight_pos_2,imbalance_training:sigmoid:cost_optimal_FN5_FP1,threshold=0.140,0.5534832693362589,0.9815175097276264,0.1404435058078141,0.7078218169063486,0.8023227147781855,0.8119937893258402,0.1815173204057608,0.018274535010905,133,814,19,1009,909.0,True,False,,163.0,,False,False,Basic eligible binary policy; usable if its FP/review burden is acceptable.,imbalance_training_variants_heloc.csv,custom class_weights positive_weight=2; Calibration improves validation Brier and ECE.; More balanced than baseline CatBoost: precision improves and FP drops with tolerable recall loss.,,precision<0.6; specificity<0.2
heloc,CatBoost::catboost_class_weight_pos_2,imbalance_training:sigmoid:precision_0_40,threshold=0.140,0.5534832693362589,0.9815175097276264,0.1404435058078141,0.7078218169063486,0.8023227147781855,0.8119937893258402,0.1815173204057608,0.018274535010905,133,814,19,1009,909.0,True,False,,164.0,,False,False,Basic eligible binary policy; usable if its FP/review burden is acceptable.,imbalance_training_variants_heloc.csv,custom class_weights positive_weight=2; Calibration improves validation Brier and ECE.; More balanced than baseline CatBoost: precision improves and FP drops with tolerable recall loss.,,precision<0.6; specificity<0.2
heloc,CatBoost::catboost_class_weight_pos_2,imbalance_training:sigmoid:precision_0_45,threshold=0.140,0.5534832693362589,0.9815175097276264,0.1404435058078141,0.7078218169063486,0.8023227147781855,0.8119937893258402,0.1815173204057608,0.018274535010905,133,814,19,1009,909.0,True,False,,165.0,,False,False,Basic eligible binary policy; usable if its FP/review burden is acceptable.,imbalance_training_variants_heloc.csv,custom class_weights positive_weight=2; Calibration improves validation Brier and ECE.; More balanced than baseline CatBoost: precision improves and FP drops with tolerable recall loss.,,precision<0.6; specificity<0.2
heloc,XGBoost::xgboost_scale_pos_weight_3,imbalance_training:uncalibrated:cost_optimal_FN5_FP1,threshold=0.325,0.5836782968657599,0.9601167315175098,0.2565997888067582,0.7260022066936374,0.7956859466100198,0.7994346019765769,0.2135358524495555,0.1612400600842282,243,704,41,987,909.0,True,False,,166.0,,False,False,Basic eligible binary policy; usable if its FP/review burden is acceptable.,imbalance_training_variants_heloc.csv,scale_pos_weight=3; Reference uncalibrated probability.; More balanced than baseline CatBoost: precision improves and FP drops with tolerable recall loss.,,precision<0.6
heloc,XGBoost::xgboost_scale_pos_weight_3,imbalance_training:uncalibrated:precision_0_40,threshold=0.325,0.5836782968657599,0.9601167315175098,0.2565997888067582,0.7260022066936374,0.7956859466100198,0.7994346019765769,0.2135358524495555,0.1612400600842282,243,704,41,987,909.0,True,False,,167.0,,False,False,Basic eligible binary policy; usable if its FP/review burden is acceptable.,imbalance_training_variants_heloc.csv,scale_pos_weight=3; Reference uncalibrated probability.; More balanced than baseline CatBoost: precision improves and FP drops with tolerable recall loss.,,precision<0.6
heloc,XGBoost::xgboost_scale_pos_weight_3,imbalance_training:uncalibrated:precision_0_45,threshold=0.325,0.5836782968657599,0.9601167315175098,0.2565997888067582,0.7260022066936374,0.7956859466100198,0.7994346019765769,0.2135358524495555,0.1612400600842282,243,704,41,987,909.0,True,False,,168.0,,False,False,Basic eligible binary policy; usable if its FP/review burden is acceptable.,imbalance_training_variants_heloc.csv,scale_pos_weight=3; Reference uncalibrated probability.; More balanced than baseline CatBoost: precision improves and FP drops with tolerable recall loss.,,precision<0.6
heloc,Best CatBoost,precision_constraint:A_min_precision_0_35,threshold=0.145,0.5622895622895623,0.9747081712062255,0.1763463569165786,0.7131672597864769,0.8040936153078122,0.8115982528808503,0.1802440277917598,0.0107832103485953,167,780,26,1002,910.0,True,False,,169.0,,False,False,Basic eligible binary policy; usable if its FP/review burden is acceptable.,precision_constrained_test_results_heloc.csv,"balanced FP reduction with tolerable recall loss; FP delta=-18, precision delta=0.0042, recall delta=-0.0058, cost delta=12; selected on validation.",,precision<0.6; specificity<0.2
heloc,Best CatBoost,precision_constraint:B_min_precision_0_40,threshold=0.145,0.5622895622895623,0.9747081712062255,0.1763463569165786,0.7131672597864769,0.8040936153078122,0.8115982528808503,0.1802440277917598,0.0107832103485953,167,780,26,1002,910.0,True,False,,170.0,,False,False,Basic eligible binary policy; usable if its FP/review burden is acceptable.,precision_constrained_test_results_heloc.csv,"balanced FP reduction with tolerable recall loss; FP delta=-18, precision delta=0.0042, recall delta=-0.0058, cost delta=12; selected on validation.",,precision<0.6; specificity<0.2
heloc,Best CatBoost,precision_constraint:C_min_precision_0_45,threshold=0.145,0.5622895622895623,0.9747081712062255,0.1763463569165786,0.7131672597864769,0.8040936153078122,0.8115982528808503,0.1802440277917598,0.0107832103485953,167,780,26,1002,910.0,True,False,,171.0,,False,False,Basic eligible binary policy; usable if its FP/review burden is acceptable.,precision_constrained_test_results_heloc.csv,"balanced FP reduction with tolerable recall loss; FP delta=-18, precision delta=0.0042, recall delta=-0.0058, cost delta=12; selected on validation.",,precision<0.6; specificity<0.2
heloc,Best CatBoost,precision_constraint:D_min_precision_0_50,threshold=0.145,0.5622895622895623,0.9747081712062255,0.1763463569165786,0.7131672597864769,0.8040936153078122,0.8115982528808503,0.1802440277917598,0.0107832103485953,167,780,26,1002,910.0,True,False,,172.0,,False,False,Basic eligible binary policy; usable if its FP/review burden is acceptable.,precision_constrained_test_results_heloc.csv,"balanced FP reduction with tolerable recall loss; FP delta=-18, precision delta=0.0042, recall delta=-0.0058, cost delta=12; selected on validation.",,precision<0.6; specificity<0.2
heloc,Best CatBoost,precision_constraint:H_fp_budget_2000,threshold=0.145,0.5622895622895623,0.9747081712062255,0.1763463569165786,0.7131672597864769,0.8040936153078122,0.8115982528808503,0.1802440277917598,0.0107832103485953,167,780,26,1002,910.0,True,False,,173.0,,False,False,Basic eligible binary policy; usable if its FP/review burden is acceptable.,precision_constrained_test_results_heloc.csv,"balanced FP reduction with tolerable recall loss; FP delta=-18, precision delta=0.0042, recall delta=-0.0058, cost delta=12; selected on validation.",,precision<0.6; specificity<0.2
heloc,Best CatBoost,precision_constraint:I_fp_budget_1750,threshold=0.145,0.5622895622895623,0.9747081712062255,0.1763463569165786,0.7131672597864769,0.8040936153078122,0.8115982528808503,0.1802440277917598,0.0107832103485953,167,780,26,1002,910.0,True,False,,174.0,,False,False,Basic eligible binary policy; usable if its FP/review burden is acceptable.,precision_constrained_test_results_heloc.csv,"balanced FP reduction with tolerable recall loss; FP delta=-18, precision delta=0.0042, recall delta=-0.0058, cost delta=12; selected on validation.",,precision<0.6; specificity<0.2
heloc,Best CatBoost,precision_constraint:J_fp_budget_1500,threshold=0.145,0.5622895622895623,0.9747081712062255,0.1763463569165786,0.7131672597864769,0.8040936153078122,0.8115982528808503,0.1802440277917598,0.0107832103485953,167,780,26,1002,910.0,True,False,,175.0,,False,False,Basic eligible binary policy; usable if its FP/review burden is acceptable.,precision_constrained_test_results_heloc.csv,"balanced FP reduction with tolerable recall loss; FP delta=-18, precision delta=0.0042, recall delta=-0.0058, cost delta=12; selected on validation.",,precision<0.6; specificity<0.2
heloc,Best CatBoost,precision_constraint:K_precision_0_40_recall_0_65,threshold=0.145,0.5622895622895623,0.9747081712062255,0.1763463569165786,0.7131672597864769,0.8040936153078122,0.8115982528808503,0.1802440277917598,0.0107832103485953,167,780,26,1002,910.0,True,False,,176.0,,False,False,Basic eligible binary policy; usable if its FP/review burden is acceptable.,precision_constrained_test_results_heloc.csv,"balanced FP reduction with tolerable recall loss; FP delta=-18, precision delta=0.0042, recall delta=-0.0058, cost delta=12; selected on validation.",,precision<0.6; specificity<0.2
heloc,Best CatBoost,precision_constraint:L_precision_0_45_recall_0_60,threshold=0.145,0.5622895622895623,0.9747081712062255,0.1763463569165786,0.7131672597864769,0.8040936153078122,0.8115982528808503,0.1802440277917598,0.0107832103485953,167,780,26,1002,910.0,True,False,,177.0,,False,False,Basic eligible binary policy; usable if its FP/review burden is acceptable.,precision_constrained_test_results_heloc.csv,"balanced FP reduction with tolerable recall loss; FP delta=-18, precision delta=0.0042, recall delta=-0.0058, cost delta=12; selected on validation.",,precision<0.6; specificity<0.2
heloc,Best CatBoost,cost_matrix:FN5_FP1,threshold=0.145,0.5622895622895623,0.9747081712062255,0.1763463569165786,0.7131672597864768,0.8040936153078122,0.8115982528808503,0.1802440277917598,0.0107832103485953,167,780,26,1002,910.0,True,False,,178.0,,False,False,Basic eligible binary policy; usable if its FP/review burden is acceptable.,cost_matrix_sensitivity_heloc.csv,Reference-like cost tradeoff; use alongside precision/specificity constraints.,,precision<0.6; specificity<0.2
heloc,XGBoost::xgboost_scale_pos_weight_3,imbalance_training:sigmoid:cost_optimal_FN5_FP1,threshold=0.205,0.5863095238095238,0.958171206225681,0.26610348468849,0.7274741506646972,0.7956859466100198,0.7994346019765769,0.1840941908021343,0.0130415569917582,252,695,43,985,910.0,True,False,,179.0,,False,False,Basic eligible binary policy; usable if its FP/review burden is acceptable.,imbalance_training_variants_heloc.csv,scale_pos_weight=3; Calibration improves validation Brier and ECE.; More balanced than baseline CatBoost: precision improves and FP drops with tolerable recall loss.,,precision<0.6
heloc,XGBoost::xgboost_scale_pos_weight_3,imbalance_training:sigmoid:precision_0_40,threshold=0.205,0.5863095238095238,0.958171206225681,0.26610348468849,0.7274741506646972,0.7956859466100198,0.7994346019765769,0.1840941908021343,0.0130415569917582,252,695,43,985,910.0,True,False,,180.0,,False,False,Basic eligible binary policy; usable if its FP/review burden is acceptable.,imbalance_training_variants_heloc.csv,scale_pos_weight=3; Calibration improves validation Brier and ECE.; More balanced than baseline CatBoost: precision improves and FP drops with tolerable recall loss.,,precision<0.6
heloc,XGBoost::xgboost_scale_pos_weight_3,imbalance_training:sigmoid:precision_0_45,threshold=0.205,0.5863095238095238,0.958171206225681,0.26610348468849,0.7274741506646972,0.7956859466100198,0.7994346019765769,0.1840941908021343,0.0130415569917582,252,695,43,985,910.0,True,False,,181.0,,False,False,Basic eligible binary policy; usable if its FP/review burden is acceptable.,imbalance_training_variants_heloc.csv,scale_pos_weight=3; Calibration improves validation Brier and ECE.; More balanced than baseline CatBoost: precision improves and FP drops with tolerable recall loss.,,precision<0.6
heloc,CatBoost::catboost_class_weight_pos_5,imbalance_training:uncalibrated:default_0_50,threshold=0.500,0.5928614640048396,0.953307392996109,0.2893347412882788,0.7310704960835509,0.8051187653823872,0.8139810930653841,0.2508965767670249,0.2441426790264566,274,673,48,980,913.0,True,False,,182.0,,False,False,Basic eligible binary policy; usable if its FP/review burden is acceptable.,imbalance_training_variants_heloc.csv,custom class_weights positive_weight=5; Reference uncalibrated probability.; More balanced than baseline CatBoost: precision improves and FP drops with tolerable recall loss.,,precision<0.6
heloc,LightGBM::lightgbm_scale_pos_weight_3,imbalance_training:sigmoid:cost_optimal_FN5_FP1,threshold=0.195,0.5626756604834177,0.9737354085603112,0.1784582893347412,0.713216957605985,0.7844318942883322,0.7968643164240395,0.1895162693489003,0.0166183129876559,169,778,27,1001,913.0,True,False,,183.0,,False,False,Basic eligible binary policy; usable if its FP/review burden is acceptable.,imbalance_training_variants_heloc.csv,scale_pos_weight=3; Calibration improves validation Brier and ECE.; More balanced than baseline CatBoost: precision improves and FP drops with tolerable recall loss.,,precision<0.6; specificity<0.2
heloc,LightGBM::lightgbm_scale_pos_weight_3,imbalance_training:sigmoid:precision_0_40,threshold=0.195,0.5626756604834177,0.9737354085603112,0.1784582893347412,0.713216957605985,0.7844318942883322,0.7968643164240395,0.1895162693489003,0.0166183129876559,169,778,27,1001,913.0,True,False,,184.0,,False,False,Basic eligible binary policy; usable if its FP/review burden is acceptable.,imbalance_training_variants_heloc.csv,scale_pos_weight=3; Calibration improves validation Brier and ECE.; More balanced than baseline CatBoost: precision improves and FP drops with tolerable recall loss.,,precision<0.6; specificity<0.2
heloc,LightGBM::lightgbm_scale_pos_weight_3,imbalance_training:sigmoid:precision_0_45,threshold=0.195,0.5626756604834177,0.9737354085603112,0.1784582893347412,0.713216957605985,0.7844318942883322,0.7968643164240395,0.1895162693489003,0.0166183129876559,169,778,27,1001,913.0,True,False,,185.0,,False,False,Basic eligible binary policy; usable if its FP/review burden is acceptable.,imbalance_training_variants_heloc.csv,scale_pos_weight=3; Calibration improves validation Brier and ECE.; More balanced than baseline CatBoost: precision improves and FP drops with tolerable recall loss.,,precision<0.6; specificity<0.2
heloc,CatBoost::catboost_class_weight_pos_3,imbalance_training:sigmoid:cost_optimal_FN5_FP1,threshold=0.220,0.6019777503090235,0.9474708171206224,0.3199577613516367,0.7362055933484505,0.8061726771825014,0.8160850821336437,0.1799963597450893,0.0206487181122049,303,644,54,974,914.0,True,True,,186.0,57.0,False,False,"Strict eligible; usable candidate, but not the lowest-cost ranked winner.",imbalance_training_variants_heloc.csv,custom class_weights positive_weight=3; Calibration improves validation Brier and ECE.; More balanced than baseline CatBoost: precision improves and FP drops with tolerable recall loss.,,
heloc,CatBoost::catboost_class_weight_pos_3,imbalance_training:sigmoid:precision_0_40,threshold=0.220,0.6019777503090235,0.9474708171206224,0.3199577613516367,0.7362055933484505,0.8061726771825014,0.8160850821336437,0.1799963597450893,0.0206487181122049,303,644,54,974,914.0,True,True,,187.0,58.0,False,False,"Strict eligible; usable candidate, but not the lowest-cost ranked winner.",imbalance_training_variants_heloc.csv,custom class_weights positive_weight=3; Calibration improves validation Brier and ECE.; More balanced than baseline CatBoost: precision improves and FP drops with tolerable recall loss.,,
heloc,CatBoost::catboost_class_weight_pos_3,imbalance_training:sigmoid:precision_0_45,threshold=0.220,0.6019777503090235,0.9474708171206224,0.3199577613516367,0.7362055933484505,0.8061726771825014,0.8160850821336437,0.1799963597450893,0.0206487181122049,303,644,54,974,914.0,True,True,,188.0,59.0,False,False,"Strict eligible; usable candidate, but not the lowest-cost ranked winner.",imbalance_training_variants_heloc.csv,custom class_weights positive_weight=3; Calibration improves validation Brier and ECE.; More balanced than baseline CatBoost: precision improves and FP drops with tolerable recall loss.,,
heloc,XGBoost::xgboost_sample_weight_pos_3,imbalance_training:isotonic:cost_optimal_FN5_FP1,threshold=0.165,0.5529347229840922,0.980544747081712,0.1393875395987328,0.7071203086636267,0.7956818377920857,0.7832222458745128,0.1853166999513883,0.0213911355453082,132,815,20,1008,915.0,True,False,,189.0,,False,False,Basic eligible binary policy; usable if its FP/review burden is acceptable.,imbalance_training_variants_heloc.csv,sample_weight positive class=3; Calibration improves validation Brier and ECE.; More balanced than baseline CatBoost: precision improves and FP drops with tolerable recall loss.,,precision<0.6; specificity<0.2
heloc,XGBoost::xgboost_sample_weight_pos_3,imbalance_training:isotonic:precision_0_40,threshold=0.165,0.5529347229840922,0.980544747081712,0.1393875395987328,0.7071203086636267,0.7956818377920857,0.7832222458745128,0.1853166999513883,0.0213911355453082,132,815,20,1008,915.0,True,False,,190.0,,False,False,Basic eligible binary policy; usable if its FP/review burden is acceptable.,imbalance_training_variants_heloc.csv,sample_weight positive class=3; Calibration improves validation Brier and ECE.; More balanced than baseline CatBoost: precision improves and FP drops with tolerable recall loss.,,precision<0.6; specificity<0.2
heloc,XGBoost::xgboost_sample_weight_pos_3,imbalance_training:isotonic:precision_0_45,threshold=0.165,0.5529347229840922,0.980544747081712,0.1393875395987328,0.7071203086636267,0.7956818377920857,0.7832222458745128,0.1853166999513883,0.0213911355453082,132,815,20,1008,915.0,True,False,,191.0,,False,False,Basic eligible binary policy; usable if its FP/review burden is acceptable.,imbalance_training_variants_heloc.csv,sample_weight positive class=3; Calibration improves validation Brier and ECE.; More balanced than baseline CatBoost: precision improves and FP drops with tolerable recall loss.,,precision<0.6; specificity<0.2
heloc,CatBoost::catboost_class_weight_pos_3,imbalance_training:uncalibrated:cost_optimal_FN5_FP1,threshold=0.405,0.6012345679012345,0.9474708171206224,0.3178458289334741,0.7356495468277946,0.8061726771825014,0.8160850821336437,0.2158321551606778,0.1752901744859665,301,646,54,974,916.0,True,True,,192.0,60.0,False,False,"Strict eligible; usable candidate, but not the lowest-cost ranked winner.",imbalance_training_variants_heloc.csv,custom class_weights positive_weight=3; Reference uncalibrated probability.; More balanced than baseline CatBoost: precision improves and FP drops with tolerable recall loss.,,
heloc,CatBoost::catboost_class_weight_pos_3,imbalance_training:uncalibrated:precision_0_40,threshold=0.405,0.6012345679012345,0.9474708171206224,0.3178458289334741,0.7356495468277946,0.8061726771825014,0.8160850821336437,0.2158321551606778,0.1752901744859665,301,646,54,974,916.0,True,True,,193.0,61.0,False,False,"Strict eligible; usable candidate, but not the lowest-cost ranked winner.",imbalance_training_variants_heloc.csv,custom class_weights positive_weight=3; Reference uncalibrated probability.; More balanced than baseline CatBoost: precision improves and FP drops with tolerable recall loss.,,
heloc,CatBoost::catboost_class_weight_pos_3,imbalance_training:uncalibrated:precision_0_45,threshold=0.405,0.6012345679012345,0.9474708171206224,0.3178458289334741,0.7356495468277946,0.8061726771825014,0.8160850821336437,0.2158321551606778,0.1752901744859665,301,646,54,974,916.0,True,True,,194.0,62.0,False,False,"Strict eligible; usable candidate, but not the lowest-cost ranked winner.",imbalance_training_variants_heloc.csv,custom class_weights positive_weight=3; Reference uncalibrated probability.; More balanced than baseline CatBoost: precision improves and FP drops with tolerable recall loss.,,
heloc,Best XGBoost,current_threshold:cost_optimal_current,threshold=0.220,0.6111111111111112,0.9416342412451362,0.3495248152059134,0.7411944869831547,0.8034243915867845,0.8049379257181238,0.1805361226302977,0.0204289726453994,331,616,60,968,916.0,True,True,,195.0,63.0,False,False,"Strict eligible; usable candidate, but not the lowest-cost ranked winner.",current_threshold_baseline_heloc.csv,frozen final test row read from existing result table; source_model=optuna_best_xgboost; selected on validation within family,,
heloc,Best XGBoost,current_threshold:operational_current,threshold=0.220,0.6111111111111112,0.9416342412451362,0.3495248152059134,0.7411944869831547,0.8034243915867845,0.8049379257181238,0.1805361226302977,0.0204289726453994,331,616,60,968,916.0,True,True,,196.0,64.0,False,False,"Strict eligible; usable candidate, but not the lowest-cost ranked winner.",current_threshold_baseline_heloc.csv,no manual-review band row for this model; operational threshold falls back to current cost-optimal threshold; same numeric threshold as cost_optimal_current; source_model=optuna_best_xgboost; selected on validation within family,,
heloc,Best XGBoost,precision_constraint:A_min_precision_0_35,threshold=0.220,0.6111111111111112,0.9416342412451362,0.3495248152059134,0.7411944869831547,0.8034243915867845,0.8049379257181238,0.1805361226302977,0.0204289726453994,331,616,60,968,916.0,True,True,,197.0,65.0,False,False,"Strict eligible; usable candidate, but not the lowest-cost ranked winner.",precision_constrained_test_results_heloc.csv,"constraint keeps or improves FN5/FP1 cost; FP delta=0, precision delta=0.0000, recall delta=0.0000, cost delta=0; selected on validation.",,
heloc,Best XGBoost,precision_constraint:B_min_precision_0_40,threshold=0.220,0.6111111111111112,0.9416342412451362,0.3495248152059134,0.7411944869831547,0.8034243915867845,0.8049379257181238,0.1805361226302977,0.0204289726453994,331,616,60,968,916.0,True,True,,198.0,66.0,False,False,"Strict eligible; usable candidate, but not the lowest-cost ranked winner.",precision_constrained_test_results_heloc.csv,"constraint keeps or improves FN5/FP1 cost; FP delta=0, precision delta=0.0000, recall delta=0.0000, cost delta=0; selected on validation.",,
heloc,Best XGBoost,precision_constraint:C_min_precision_0_45,threshold=0.220,0.6111111111111112,0.9416342412451362,0.3495248152059134,0.7411944869831547,0.8034243915867845,0.8049379257181238,0.1805361226302977,0.0204289726453994,331,616,60,968,916.0,True,True,,199.0,67.0,False,False,"Strict eligible; usable candidate, but not the lowest-cost ranked winner.",precision_constrained_test_results_heloc.csv,"constraint keeps or improves FN5/FP1 cost; FP delta=0, precision delta=0.0000, recall delta=0.0000, cost delta=0; selected on validation.",,
heloc,Best XGBoost,precision_constraint:D_min_precision_0_50,threshold=0.220,0.6111111111111112,0.9416342412451362,0.3495248152059134,0.7411944869831547,0.8034243915867845,0.8049379257181238,0.1805361226302977,0.0204289726453994,331,616,60,968,916.0,True,True,,200.0,68.0,False,False,"Strict eligible; usable candidate, but not the lowest-cost ranked winner.",precision_constrained_test_results_heloc.csv,"constraint keeps or improves FN5/FP1 cost; FP delta=0, precision delta=0.0000, recall delta=0.0000, cost delta=0; selected on validation.",,
heloc,Best XGBoost,precision_constraint:H_fp_budget_2000,threshold=0.220,0.6111111111111112,0.9416342412451362,0.3495248152059134,0.7411944869831547,0.8034243915867845,0.8049379257181238,0.1805361226302977,0.0204289726453994,331,616,60,968,916.0,True,True,,201.0,69.0,False,False,"Strict eligible; usable candidate, but not the lowest-cost ranked winner.",precision_constrained_test_results_heloc.csv,"constraint keeps or improves FN5/FP1 cost; FP delta=0, precision delta=0.0000, recall delta=0.0000, cost delta=0; selected on validation.",,
heloc,Best XGBoost,precision_constraint:I_fp_budget_1750,threshold=0.220,0.6111111111111112,0.9416342412451362,0.3495248152059134,0.7411944869831547,0.8034243915867845,0.8049379257181238,0.1805361226302977,0.0204289726453994,331,616,60,968,916.0,True,True,,202.0,70.0,False,False,"Strict eligible; usable candidate, but not the lowest-cost ranked winner.",precision_constrained_test_results_heloc.csv,"constraint keeps or improves FN5/FP1 cost; FP delta=0, precision delta=0.0000, recall delta=0.0000, cost delta=0; selected on validation.",,
heloc,Best XGBoost,precision_constraint:J_fp_budget_1500,threshold=0.220,0.6111111111111112,0.9416342412451362,0.3495248152059134,0.7411944869831547,0.8034243915867845,0.8049379257181238,0.1805361226302977,0.0204289726453994,331,616,60,968,916.0,True,True,,203.0,71.0,False,False,"Strict eligible; usable candidate, but not the lowest-cost ranked winner.",precision_constrained_test_results_heloc.csv,"constraint keeps or improves FN5/FP1 cost; FP delta=0, precision delta=0.0000, recall delta=0.0000, cost delta=0; selected on validation.",,
heloc,Best XGBoost,precision_constraint:K_precision_0_40_recall_0_65,threshold=0.220,0.6111111111111112,0.9416342412451362,0.3495248152059134,0.7411944869831547,0.8034243915867845,0.8049379257181238,0.1805361226302977,0.0204289726453994,331,616,60,968,916.0,True,True,,204.0,72.0,False,False,"Strict eligible; usable candidate, but not the lowest-cost ranked winner.",precision_constrained_test_results_heloc.csv,"constraint keeps or improves FN5/FP1 cost; FP delta=0, precision delta=0.0000, recall delta=0.0000, cost delta=0; selected on validation.",,
heloc,Best XGBoost,precision_constraint:L_precision_0_45_recall_0_60,threshold=0.220,0.6111111111111112,0.9416342412451362,0.3495248152059134,0.7411944869831547,0.8034243915867845,0.8049379257181238,0.1805361226302977,0.0204289726453994,331,616,60,968,916.0,True,True,,205.0,73.0,False,False,"Strict eligible; usable candidate, but not the lowest-cost ranked winner.",precision_constrained_test_results_heloc.csv,"constraint keeps or improves FN5/FP1 cost; FP delta=0, precision delta=0.0000, recall delta=0.0000, cost delta=0; selected on validation.",,
heloc,Best XGBoost,cost_matrix:FN5_FP1,threshold=0.220,0.6111111111111112,0.9416342412451362,0.3495248152059134,0.7411944869831547,0.8034243915867845,0.8049379257181238,0.1805361226302977,0.0204289726453994,331,616,60,968,916.0,True,True,,206.0,74.0,False,False,"Strict eligible; usable candidate, but not the lowest-cost ranked winner.",cost_matrix_sensitivity_heloc.csv,Reference-like cost tradeoff; use alongside precision/specificity constraints.,,
heloc,CatBoost::catboost_class_weight_pos_1.5,imbalance_training:isotonic:cost_optimal_FN5_FP1,threshold=0.215,0.5980392156862745,0.9494163424124512,0.307286166842661,0.7338345864661655,0.8004506346069301,0.7928767231935359,0.1821268941115442,0.0222342345726985,291,656,52,976,916.0,True,False,,207.0,,False,False,Basic eligible binary policy; usable if its FP/review burden is acceptable.,imbalance_training_variants_heloc.csv,custom class_weights positive_weight=1.5; Calibration improves validation Brier and ECE.; More balanced than baseline CatBoost: precision improves and FP drops with tolerable recall loss.,,precision<0.6
heloc,CatBoost::catboost_class_weight_pos_1.5,imbalance_training:isotonic:precision_0_40,threshold=0.215,0.5980392156862745,0.9494163424124512,0.307286166842661,0.7338345864661655,0.8004506346069301,0.7928767231935359,0.1821268941115442,0.0222342345726985,291,656,52,976,916.0,True,False,,208.0,,False,False,Basic eligible binary policy; usable if its FP/review burden is acceptable.,imbalance_training_variants_heloc.csv,custom class_weights positive_weight=1.5; Calibration improves validation Brier and ECE.; More balanced than baseline CatBoost: precision improves and FP drops with tolerable recall loss.,,precision<0.6
heloc,CatBoost::catboost_class_weight_pos_1.5,imbalance_training:isotonic:precision_0_45,threshold=0.215,0.5980392156862745,0.9494163424124512,0.307286166842661,0.7338345864661655,0.8004506346069301,0.7928767231935359,0.1821268941115442,0.0222342345726985,291,656,52,976,916.0,True,False,,209.0,,False,False,Basic eligible binary policy; usable if its FP/review burden is acceptable.,imbalance_training_variants_heloc.csv,custom class_weights positive_weight=1.5; Calibration improves validation Brier and ECE.; More balanced than baseline CatBoost: precision improves and FP drops with tolerable recall loss.,,precision<0.6
heloc,CatBoost::catboost_class_weight_pos_4,imbalance_training:uncalibrated:default_0_50,threshold=0.500,0.6090509113764928,0.9426070038910506,0.3431890179514255,0.7399770904925544,0.8051577991527618,0.8136049101401275,0.2347886577788858,0.2144739654750535,325,622,59,969,917.0,True,True,,210.0,75.0,False,False,"Strict eligible; usable candidate, but not the lowest-cost ranked winner.",imbalance_training_variants_heloc.csv,custom class_weights positive_weight=4; Reference uncalibrated probability.; More balanced than baseline CatBoost: precision improves and FP drops with tolerable recall loss.,,
heloc,XGBoost::xgboost_baseline,imbalance_training:uncalibrated:cost_optimal_FN5_FP1,threshold=0.160,0.5809299587992937,0.9601167315175098,0.2481520591341077,0.7238723872387238,0.7953048537466257,0.7999353774409995,0.1842823519187047,0.0344948730872401,235,712,41,987,917.0,True,False,,211.0,,False,False,Basic eligible binary policy; usable if its FP/review burden is acceptable.,imbalance_training_variants_heloc.csv,baseline XGBoost; Reference uncalibrated probability.; More balanced than baseline CatBoost: precision improves and FP drops with tolerable recall loss.,,precision<0.6
heloc,XGBoost::xgboost_baseline,imbalance_training:uncalibrated:precision_0_40,threshold=0.160,0.5809299587992937,0.9601167315175098,0.2481520591341077,0.7238723872387238,0.7953048537466257,0.7999353774409995,0.1842823519187047,0.0344948730872401,235,712,41,987,917.0,True,False,,212.0,,False,False,Basic eligible binary policy; usable if its FP/review burden is acceptable.,imbalance_training_variants_heloc.csv,baseline XGBoost; Reference uncalibrated probability.; More balanced than baseline CatBoost: precision improves and FP drops with tolerable recall loss.,,precision<0.6
heloc,XGBoost::xgboost_baseline,imbalance_training:uncalibrated:precision_0_45,threshold=0.160,0.5809299587992937,0.9601167315175098,0.2481520591341077,0.7238723872387238,0.7953048537466257,0.7999353774409995,0.1842823519187047,0.0344948730872401,235,712,41,987,917.0,True,False,,213.0,,False,False,Basic eligible binary policy; usable if its FP/review burden is acceptable.,imbalance_training_variants_heloc.csv,baseline XGBoost; Reference uncalibrated probability.; More balanced than baseline CatBoost: precision improves and FP drops with tolerable recall loss.,,precision<0.6
heloc,XGBoost::xgboost_scale_pos_weight_1,imbalance_training:uncalibrated:cost_optimal_FN5_FP1,threshold=0.160,0.5809299587992937,0.9601167315175098,0.2481520591341077,0.7238723872387238,0.7953048537466257,0.7999353774409995,0.1842823519187047,0.0344948730872401,235,712,41,987,917.0,True,False,,214.0,,False,False,Basic eligible binary policy; usable if its FP/review burden is acceptable.,imbalance_training_variants_heloc.csv,scale_pos_weight=1; Reference uncalibrated probability.; More balanced than baseline CatBoost: precision improves and FP drops with tolerable recall loss.,,precision<0.6
heloc,XGBoost::xgboost_scale_pos_weight_1,imbalance_training:uncalibrated:precision_0_40,threshold=0.160,0.5809299587992937,0.9601167315175098,0.2481520591341077,0.7238723872387238,0.7953048537466257,0.7999353774409995,0.1842823519187047,0.0344948730872401,235,712,41,987,917.0,True,False,,215.0,,False,False,Basic eligible binary policy; usable if its FP/review burden is acceptable.,imbalance_training_variants_heloc.csv,scale_pos_weight=1; Reference uncalibrated probability.; More balanced than baseline CatBoost: precision improves and FP drops with tolerable recall loss.,,precision<0.6
heloc,XGBoost::xgboost_scale_pos_weight_1,imbalance_training:uncalibrated:precision_0_45,threshold=0.160,0.5809299587992937,0.9601167315175098,0.2481520591341077,0.7238723872387238,0.7953048537466257,0.7999353774409995,0.1842823519187047,0.0344948730872401,235,712,41,987,917.0,True,False,,216.0,,False,False,Basic eligible binary policy; usable if its FP/review burden is acceptable.,imbalance_training_variants_heloc.csv,scale_pos_weight=1; Reference uncalibrated probability.; More balanced than baseline CatBoost: precision improves and FP drops with tolerable recall loss.,,precision<0.6
heloc,XGBoost::xgboost_max_delta_step_3,imbalance_training:uncalibrated:cost_optimal_FN5_FP1,threshold=0.160,0.5809299587992937,0.9601167315175098,0.2481520591341077,0.7238723872387238,0.7953048537466257,0.7999353774409995,0.1842823519187047,0.0344948730872401,235,712,41,987,917.0,True,False,,217.0,,False,False,Basic eligible binary policy; usable if its FP/review burden is acceptable.,imbalance_training_variants_heloc.csv,max_delta_step=3; Reference uncalibrated probability.; More balanced than baseline CatBoost: precision improves and FP drops with tolerable recall loss.,,precision<0.6
heloc,XGBoost::xgboost_max_delta_step_3,imbalance_training:uncalibrated:precision_0_40,threshold=0.160,0.5809299587992937,0.9601167315175098,0.2481520591341077,0.7238723872387238,0.7953048537466257,0.7999353774409995,0.1842823519187047,0.0344948730872401,235,712,41,987,917.0,True,False,,218.0,,False,False,Basic eligible binary policy; usable if its FP/review burden is acceptable.,imbalance_training_variants_heloc.csv,max_delta_step=3; Reference uncalibrated probability.; More balanced than baseline CatBoost: precision improves and FP drops with tolerable recall loss.,,precision<0.6
heloc,XGBoost::xgboost_max_delta_step_3,imbalance_training:uncalibrated:precision_0_45,threshold=0.160,0.5809299587992937,0.9601167315175098,0.2481520591341077,0.7238723872387238,0.7953048537466257,0.7999353774409995,0.1842823519187047,0.0344948730872401,235,712,41,987,917.0,True,False,,219.0,,False,False,Basic eligible binary policy; usable if its FP/review burden is acceptable.,imbalance_training_variants_heloc.csv,max_delta_step=3; Reference uncalibrated probability.; More balanced than baseline CatBoost: precision improves and FP drops with tolerable recall loss.,,precision<0.6
heloc,XGBoost::xgboost_max_delta_step_5,imbalance_training:uncalibrated:cost_optimal_FN5_FP1,threshold=0.160,0.5809299587992937,0.9601167315175098,0.2481520591341077,0.7238723872387238,0.7953048537466257,0.7999353774409995,0.1842823519187047,0.0344948730872401,235,712,41,987,917.0,True,False,,220.0,,False,False,Basic eligible binary policy; usable if its FP/review burden is acceptable.,imbalance_training_variants_heloc.csv,max_delta_step=5; Reference uncalibrated probability.; More balanced than baseline CatBoost: precision improves and FP drops with tolerable recall loss.,,precision<0.6
heloc,XGBoost::xgboost_max_delta_step_5,imbalance_training:uncalibrated:precision_0_40,threshold=0.160,0.5809299587992937,0.9601167315175098,0.2481520591341077,0.7238723872387238,0.7953048537466257,0.7999353774409995,0.1842823519187047,0.0344948730872401,235,712,41,987,917.0,True,False,,221.0,,False,False,Basic eligible binary policy; usable if its FP/review burden is acceptable.,imbalance_training_variants_heloc.csv,max_delta_step=5; Reference uncalibrated probability.; More balanced than baseline CatBoost: precision improves and FP drops with tolerable recall loss.,,precision<0.6
heloc,XGBoost::xgboost_max_delta_step_5,imbalance_training:uncalibrated:precision_0_45,threshold=0.160,0.5809299587992937,0.9601167315175098,0.2481520591341077,0.7238723872387238,0.7953048537466257,0.7999353774409995,0.1842823519187047,0.0344948730872401,235,712,41,987,917.0,True,False,,222.0,,False,False,Basic eligible binary policy; usable if its FP/review burden is acceptable.,imbalance_training_variants_heloc.csv,max_delta_step=5; Reference uncalibrated probability.; More balanced than baseline CatBoost: precision improves and FP drops with tolerable recall loss.,,precision<0.6
heloc,XGBoost::xgboost_scale_pos_weight_4,imbalance_training:uncalibrated:cost_optimal_FN5_FP1,threshold=0.375,0.5817109144542773,0.9591439688715954,0.2513199577613516,0.7242012486228425,0.7956078790692706,0.800183517790042,0.2285571865950862,0.1975475760615324,238,709,42,986,919.0,True,False,,223.0,,False,False,Basic eligible binary policy; usable if its FP/review burden is acceptable.,imbalance_training_variants_heloc.csv,scale_pos_weight=4; Reference uncalibrated probability.; More balanced than baseline CatBoost: precision improves and FP drops with tolerable recall loss.,,precision<0.6
heloc,XGBoost::xgboost_scale_pos_weight_4,imbalance_training:uncalibrated:precision_0_40,threshold=0.375,0.5817109144542773,0.9591439688715954,0.2513199577613516,0.7242012486228425,0.7956078790692706,0.800183517790042,0.2285571865950862,0.1975475760615324,238,709,42,986,919.0,True,False,,224.0,,False,False,Basic eligible binary policy; usable if its FP/review burden is acceptable.,imbalance_training_variants_heloc.csv,scale_pos_weight=4; Reference uncalibrated probability.; More balanced than baseline CatBoost: precision improves and FP drops with tolerable recall loss.,,precision<0.6
heloc,XGBoost::xgboost_scale_pos_weight_4,imbalance_training:uncalibrated:precision_0_45,threshold=0.375,0.5817109144542773,0.9591439688715954,0.2513199577613516,0.7242012486228425,0.7956078790692706,0.800183517790042,0.2285571865950862,0.1975475760615324,238,709,42,986,919.0,True,False,,225.0,,False,False,Basic eligible binary policy; usable if its FP/review burden is acceptable.,imbalance_training_variants_heloc.csv,scale_pos_weight=4; Reference uncalibrated probability.; More balanced than baseline CatBoost: precision improves and FP drops with tolerable recall loss.,,precision<0.6
heloc,XGBoost::xgboost_max_delta_step_1,imbalance_training:sigmoid:cost_optimal_FN5_FP1,threshold=0.195,0.5759162303664922,0.9630350194552528,0.2302006335797254,0.7207863123407354,0.7950475390234983,0.7998293796509983,0.1841090678500489,0.0243409563119049,218,729,38,990,919.0,True,False,,226.0,,False,False,Basic eligible binary policy; usable if its FP/review burden is acceptable.,imbalance_training_variants_heloc.csv,max_delta_step=1; Calibration improves validation Brier and ECE.; More balanced than baseline CatBoost: precision improves and FP drops with tolerable recall loss.,,precision<0.6
heloc,XGBoost::xgboost_max_delta_step_1,imbalance_training:sigmoid:precision_0_40,threshold=0.195,0.5759162303664922,0.9630350194552528,0.2302006335797254,0.7207863123407354,0.7950475390234983,0.7998293796509983,0.1841090678500489,0.0243409563119049,218,729,38,990,919.0,True,False,,227.0,,False,False,Basic eligible binary policy; usable if its FP/review burden is acceptable.,imbalance_training_variants_heloc.csv,max_delta_step=1; Calibration improves validation Brier and ECE.; More balanced than baseline CatBoost: precision improves and FP drops with tolerable recall loss.,,precision<0.6
heloc,XGBoost::xgboost_max_delta_step_1,imbalance_training:sigmoid:precision_0_45,threshold=0.195,0.5759162303664922,0.9630350194552528,0.2302006335797254,0.7207863123407354,0.7950475390234983,0.7998293796509983,0.1841090678500489,0.0243409563119049,218,729,38,990,919.0,True,False,,228.0,,False,False,Basic eligible binary policy; usable if its FP/review burden is acceptable.,imbalance_training_variants_heloc.csv,max_delta_step=1; Calibration improves validation Brier and ECE.; More balanced than baseline CatBoost: precision improves and FP drops with tolerable recall loss.,,precision<0.6
heloc,XGBoost::xgboost_max_delta_step_1,imbalance_training:uncalibrated:cost_optimal_FN5_FP1,threshold=0.155,0.5759162303664922,0.9630350194552528,0.2302006335797254,0.7207863123407354,0.7950475390234983,0.7998293796509983,0.1843769913237448,0.0249619754205776,218,729,38,990,919.0,True,False,,229.0,,False,False,Basic eligible binary policy; usable if its FP/review burden is acceptable.,imbalance_training_variants_heloc.csv,max_delta_step=1; Reference uncalibrated probability.; More balanced than baseline CatBoost: precision improves and FP drops with tolerable recall loss.,,precision<0.6
heloc,XGBoost::xgboost_max_delta_step_1,imbalance_training:uncalibrated:precision_0_40,threshold=0.155,0.5759162303664922,0.9630350194552528,0.2302006335797254,0.7207863123407354,0.7950475390234983,0.7998293796509983,0.1843769913237448,0.0249619754205776,218,729,38,990,919.0,True,False,,230.0,,False,False,Basic eligible binary policy; usable if its FP/review burden is acceptable.,imbalance_training_variants_heloc.csv,max_delta_step=1; Reference uncalibrated probability.; More balanced than baseline CatBoost: precision improves and FP drops with tolerable recall loss.,,precision<0.6
heloc,XGBoost::xgboost_max_delta_step_1,imbalance_training:uncalibrated:precision_0_45,threshold=0.155,0.5759162303664922,0.9630350194552528,0.2302006335797254,0.7207863123407354,0.7950475390234983,0.7998293796509983,0.1843769913237448,0.0249619754205776,218,729,38,990,919.0,True,False,,231.0,,False,False,Basic eligible binary policy; usable if its FP/review burden is acceptable.,imbalance_training_variants_heloc.csv,max_delta_step=1; Reference uncalibrated probability.; More balanced than baseline CatBoost: precision improves and FP drops with tolerable recall loss.,,precision<0.6
heloc,XGBoost::xgboost_sample_weight_pos_3,imbalance_training:sigmoid:cost_optimal_FN5_FP1,threshold=0.190,0.5741599073001159,0.9640077821011672,0.2238648363252376,0.7196804647785041,0.7972298349487836,0.800046448987832,0.1831869074657184,0.0205731878042408,212,735,37,991,920.0,True,False,,232.0,,False,False,Basic eligible binary policy; usable if its FP/review burden is acceptable.,imbalance_training_variants_heloc.csv,sample_weight positive class=3; Calibration improves validation Brier and ECE.; More balanced than baseline CatBoost: precision improves and FP drops with tolerable recall loss.,,precision<0.6
heloc,XGBoost::xgboost_sample_weight_pos_3,imbalance_training:sigmoid:precision_0_40,threshold=0.190,0.5741599073001159,0.9640077821011672,0.2238648363252376,0.7196804647785041,0.7972298349487836,0.800046448987832,0.1831869074657184,0.0205731878042408,212,735,37,991,920.0,True,False,,233.0,,False,False,Basic eligible binary policy; usable if its FP/review burden is acceptable.,imbalance_training_variants_heloc.csv,sample_weight positive class=3; Calibration improves validation Brier and ECE.; More balanced than baseline CatBoost: precision improves and FP drops with tolerable recall loss.,,precision<0.6
heloc,XGBoost::xgboost_sample_weight_pos_3,imbalance_training:sigmoid:precision_0_45,threshold=0.190,0.5741599073001159,0.9640077821011672,0.2238648363252376,0.7196804647785041,0.7972298349487836,0.800046448987832,0.1831869074657184,0.0205731878042408,212,735,37,991,920.0,True,False,,234.0,,False,False,Basic eligible binary policy; usable if its FP/review burden is acceptable.,imbalance_training_variants_heloc.csv,sample_weight positive class=3; Calibration improves validation Brier and ECE.; More balanced than baseline CatBoost: precision improves and FP drops with tolerable recall loss.,,precision<0.6
heloc,XGBoost::xgboost_sample_weight_pos_3,imbalance_training:uncalibrated:cost_optimal_FN5_FP1,threshold=0.300,0.5724177726485863,0.9649805447470816,0.2175290390707497,0.7185802245563202,0.7972298349487836,0.800046448987832,0.2127898956797801,0.1619869792725466,206,741,36,992,921.0,True,False,,235.0,,False,False,Basic eligible binary policy; usable if its FP/review burden is acceptable.,imbalance_training_variants_heloc.csv,sample_weight positive class=3; Reference uncalibrated probability.; More balanced than baseline CatBoost: precision improves and FP drops with tolerable recall loss.,,precision<0.6
heloc,XGBoost::xgboost_sample_weight_pos_3,imbalance_training:uncalibrated:precision_0_40,threshold=0.300,0.5724177726485863,0.9649805447470816,0.2175290390707497,0.7185802245563202,0.7972298349487836,0.800046448987832,0.2127898956797801,0.1619869792725466,206,741,36,992,921.0,True,False,,236.0,,False,False,Basic eligible binary policy; usable if its FP/review burden is acceptable.,imbalance_training_variants_heloc.csv,sample_weight positive class=3; Reference uncalibrated probability.; More balanced than baseline CatBoost: precision improves and FP drops with tolerable recall loss.,,precision<0.6
heloc,XGBoost::xgboost_sample_weight_pos_3,imbalance_training:uncalibrated:precision_0_45,threshold=0.300,0.5724177726485863,0.9649805447470816,0.2175290390707497,0.7185802245563202,0.7972298349487836,0.800046448987832,0.2127898956797801,0.1619869792725466,206,741,36,992,921.0,True,False,,237.0,,False,False,Basic eligible binary policy; usable if its FP/review burden is acceptable.,imbalance_training_variants_heloc.csv,sample_weight positive class=3; Reference uncalibrated probability.; More balanced than baseline CatBoost: precision improves and FP drops with tolerable recall loss.,,precision<0.6
heloc,CatBoost::catboost_class_weight_pos_4,imbalance_training:uncalibrated:cost_optimal_FN5_FP1,threshold=0.450,0.5939209726443769,0.9503891050583656,0.2946145723336853,0.7310138421249531,0.8051577991527618,0.8136049101401275,0.2347886577788858,0.2144739654750535,279,668,51,977,923.0,True,False,,238.0,,False,False,Basic eligible binary policy; usable if its FP/review burden is acceptable.,imbalance_training_variants_heloc.csv,custom class_weights positive_weight=4; Reference uncalibrated probability.; More balanced than baseline CatBoost: precision improves and FP drops with tolerable recall loss.,,precision<0.6
heloc,CatBoost::catboost_class_weight_pos_4,imbalance_training:uncalibrated:precision_0_40,threshold=0.450,0.5939209726443769,0.9503891050583656,0.2946145723336853,0.7310138421249531,0.8051577991527618,0.8136049101401275,0.2347886577788858,0.2144739654750535,279,668,51,977,923.0,True,False,,239.0,,False,False,Basic eligible binary policy; usable if its FP/review burden is acceptable.,imbalance_training_variants_heloc.csv,custom class_weights positive_weight=4; Reference uncalibrated probability.; More balanced than baseline CatBoost: precision improves and FP drops with tolerable recall loss.,,precision<0.6
heloc,CatBoost::catboost_class_weight_pos_4,imbalance_training:uncalibrated:precision_0_45,threshold=0.450,0.5939209726443769,0.9503891050583656,0.2946145723336853,0.7310138421249531,0.8051577991527618,0.8136049101401275,0.2347886577788858,0.2144739654750535,279,668,51,977,923.0,True,False,,240.0,,False,False,Basic eligible binary policy; usable if its FP/review burden is acceptable.,imbalance_training_variants_heloc.csv,custom class_weights positive_weight=4; Reference uncalibrated probability.; More balanced than baseline CatBoost: precision improves and FP drops with tolerable recall loss.,,precision<0.6
heloc,CatBoost::catboost_class_weight_pos_4,imbalance_training:isotonic:cost_optimal_FN5_FP1,threshold=0.210,0.5939209726443769,0.9503891050583656,0.2946145723336853,0.7310138421249531,0.8024177311929132,0.7964903299056872,0.1806794975491775,0.0217273526834691,279,668,51,977,923.0,True,False,,241.0,,False,False,Basic eligible binary policy; usable if its FP/review burden is acceptable.,imbalance_training_variants_heloc.csv,custom class_weights positive_weight=4; Calibration improves validation Brier and ECE.; More balanced than baseline CatBoost: precision improves and FP drops with tolerable recall loss.,,precision<0.6
heloc,CatBoost::catboost_class_weight_pos_4,imbalance_training:isotonic:precision_0_40,threshold=0.210,0.5939209726443769,0.9503891050583656,0.2946145723336853,0.7310138421249531,0.8024177311929132,0.7964903299056872,0.1806794975491775,0.0217273526834691,279,668,51,977,923.0,True,False,,242.0,,False,False,Basic eligible binary policy; usable if its FP/review burden is acceptable.,imbalance_training_variants_heloc.csv,custom class_weights positive_weight=4; Calibration improves validation Brier and ECE.; More balanced than baseline CatBoost: precision improves and FP drops with tolerable recall loss.,,precision<0.6
heloc,CatBoost::catboost_class_weight_pos_4,imbalance_training:isotonic:precision_0_45,threshold=0.210,0.5939209726443769,0.9503891050583656,0.2946145723336853,0.7310138421249531,0.8024177311929132,0.7964903299056872,0.1806794975491775,0.0217273526834691,279,668,51,977,923.0,True,False,,243.0,,False,False,Basic eligible binary policy; usable if its FP/review burden is acceptable.,imbalance_training_variants_heloc.csv,custom class_weights positive_weight=4; Calibration improves validation Brier and ECE.; More balanced than baseline CatBoost: precision improves and FP drops with tolerable recall loss.,,precision<0.6
heloc,CatBoost::catboost_class_weight_pos_1.5,imbalance_training:sigmoid:cost_optimal_FN5_FP1,threshold=0.210,0.5951219512195122,0.9494163424124512,0.2988384371700106,0.7316341829085458,0.8020648864528165,0.8112803354465676,0.1812942371895297,0.0166436348096237,283,664,52,976,924.0,True,False,,244.0,,False,False,Basic eligible binary policy; usable if its FP/review burden is acceptable.,imbalance_training_variants_heloc.csv,custom class_weights positive_weight=1.5; Calibration improves validation Brier and ECE.; More balanced than baseline CatBoost: precision improves and FP drops with tolerable recall loss.,,precision<0.6
heloc,CatBoost::catboost_class_weight_pos_1.5,imbalance_training:sigmoid:precision_0_40,threshold=0.210,0.5951219512195122,0.9494163424124512,0.2988384371700106,0.7316341829085458,0.8020648864528165,0.8112803354465676,0.1812942371895297,0.0166436348096237,283,664,52,976,924.0,True,False,,245.0,,False,False,Basic eligible binary policy; usable if its FP/review burden is acceptable.,imbalance_training_variants_heloc.csv,custom class_weights positive_weight=1.5; Calibration improves validation Brier and ECE.; More balanced than baseline CatBoost: precision improves and FP drops with tolerable recall loss.,,precision<0.6
heloc,CatBoost::catboost_class_weight_pos_1.5,imbalance_training:sigmoid:precision_0_45,threshold=0.210,0.5951219512195122,0.9494163424124512,0.2988384371700106,0.7316341829085458,0.8020648864528165,0.8112803354465676,0.1812942371895297,0.0166436348096237,283,664,52,976,924.0,True,False,,246.0,,False,False,Basic eligible binary policy; usable if its FP/review burden is acceptable.,imbalance_training_variants_heloc.csv,custom class_weights positive_weight=1.5; Calibration improves validation Brier and ECE.; More balanced than baseline CatBoost: precision improves and FP drops with tolerable recall loss.,,precision<0.6
heloc,XGBoost::xgboost_scale_pos_weight_4,imbalance_training:sigmoid:cost_optimal_FN5_FP1,threshold=0.210,0.5874251497005988,0.9542801556420234,0.2724392819429778,0.7272053372868792,0.7956078790692706,0.800183517790042,0.1842101316738856,0.0171934954520202,258,689,47,981,924.0,True,False,,247.0,,False,False,Basic eligible binary policy; usable if its FP/review burden is acceptable.,imbalance_training_variants_heloc.csv,scale_pos_weight=4; Calibration improves validation Brier and ECE.; More balanced than baseline CatBoost: precision improves and FP drops with tolerable recall loss.,,precision<0.6
heloc,XGBoost::xgboost_scale_pos_weight_4,imbalance_training:sigmoid:precision_0_40,threshold=0.210,0.5874251497005988,0.9542801556420234,0.2724392819429778,0.7272053372868792,0.7956078790692706,0.800183517790042,0.1842101316738856,0.0171934954520202,258,689,47,981,924.0,True,False,,248.0,,False,False,Basic eligible binary policy; usable if its FP/review burden is acceptable.,imbalance_training_variants_heloc.csv,scale_pos_weight=4; Calibration improves validation Brier and ECE.; More balanced than baseline CatBoost: precision improves and FP drops with tolerable recall loss.,,precision<0.6
heloc,XGBoost::xgboost_scale_pos_weight_4,imbalance_training:sigmoid:precision_0_45,threshold=0.210,0.5874251497005988,0.9542801556420234,0.2724392819429778,0.7272053372868792,0.7956078790692706,0.800183517790042,0.1842101316738856,0.0171934954520202,258,689,47,981,924.0,True,False,,249.0,,False,False,Basic eligible binary policy; usable if its FP/review burden is acceptable.,imbalance_training_variants_heloc.csv,scale_pos_weight=4; Calibration improves validation Brier and ECE.; More balanced than baseline CatBoost: precision improves and FP drops with tolerable recall loss.,,precision<0.6
heloc,CatBoost::catboost_class_weight_pos_4,imbalance_training:sigmoid:cost_optimal_FN5_FP1,threshold=0.210,0.5947592931139549,0.9494163424124512,0.2977824709609292,0.7313600599475459,0.8051577991527618,0.8136049101401275,0.1807185136625465,0.0275678283303913,282,665,52,976,925.0,True,False,,250.0,,False,False,Basic eligible binary policy; usable if its FP/review burden is acceptable.,imbalance_training_variants_heloc.csv,custom class_weights positive_weight=4; Calibration improves validation Brier and ECE.; More balanced than baseline CatBoost: precision improves and FP drops with tolerable recall loss.,,precision<0.6
heloc,CatBoost::catboost_class_weight_pos_4,imbalance_training:sigmoid:precision_0_40,threshold=0.210,0.5947592931139549,0.9494163424124512,0.2977824709609292,0.7313600599475459,0.8051577991527618,0.8136049101401275,0.1807185136625465,0.0275678283303913,282,665,52,976,925.0,True,False,,251.0,,False,False,Basic eligible binary policy; usable if its FP/review burden is acceptable.,imbalance_training_variants_heloc.csv,custom class_weights positive_weight=4; Calibration improves validation Brier and ECE.; More balanced than baseline CatBoost: precision improves and FP drops with tolerable recall loss.,,precision<0.6
heloc,CatBoost::catboost_class_weight_pos_4,imbalance_training:sigmoid:precision_0_45,threshold=0.210,0.5947592931139549,0.9494163424124512,0.2977824709609292,0.7313600599475459,0.8051577991527618,0.8136049101401275,0.1807185136625465,0.0275678283303913,282,665,52,976,925.0,True,False,,252.0,,False,False,Basic eligible binary policy; usable if its FP/review burden is acceptable.,imbalance_training_variants_heloc.csv,custom class_weights positive_weight=4; Calibration improves validation Brier and ECE.; More balanced than baseline CatBoost: precision improves and FP drops with tolerable recall loss.,,precision<0.6
heloc,XGBoost::xgboost_baseline,imbalance_training:sigmoid:cost_optimal_FN5_FP1,threshold=0.200,0.5811209439528023,0.958171206225681,0.2502639915522703,0.72346676459787,0.7953048537466257,0.7999353774409995,0.1839887465516013,0.0258489172893822,237,710,43,985,925.0,True,False,,253.0,,False,False,Basic eligible binary policy; usable if its FP/review burden is acceptable.,imbalance_training_variants_heloc.csv,baseline XGBoost; Calibration improves validation Brier and ECE.; More balanced than baseline CatBoost: precision improves and FP drops with tolerable recall loss.,,precision<0.6
heloc,XGBoost::xgboost_baseline,imbalance_training:sigmoid:precision_0_40,threshold=0.200,0.5811209439528023,0.958171206225681,0.2502639915522703,0.72346676459787,0.7953048537466257,0.7999353774409995,0.1839887465516013,0.0258489172893822,237,710,43,985,925.0,True,False,,254.0,,False,False,Basic eligible binary policy; usable if its FP/review burden is acceptable.,imbalance_training_variants_heloc.csv,baseline XGBoost; Calibration improves validation Brier and ECE.; More balanced than baseline CatBoost: precision improves and FP drops with tolerable recall loss.,,precision<0.6
heloc,XGBoost::xgboost_baseline,imbalance_training:sigmoid:precision_0_45,threshold=0.200,0.5811209439528023,0.958171206225681,0.2502639915522703,0.72346676459787,0.7953048537466257,0.7999353774409995,0.1839887465516013,0.0258489172893822,237,710,43,985,925.0,True,False,,255.0,,False,False,Basic eligible binary policy; usable if its FP/review burden is acceptable.,imbalance_training_variants_heloc.csv,baseline XGBoost; Calibration improves validation Brier and ECE.; More balanced than baseline CatBoost: precision improves and FP drops with tolerable recall loss.,,precision<0.6
heloc,XGBoost::xgboost_scale_pos_weight_1,imbalance_training:sigmoid:cost_optimal_FN5_FP1,threshold=0.200,0.5811209439528023,0.958171206225681,0.2502639915522703,0.72346676459787,0.7953048537466257,0.7999353774409995,0.1839887465516013,0.0258489172893822,237,710,43,985,925.0,True,False,,256.0,,False,False,Basic eligible binary policy; usable if its FP/review burden is acceptable.,imbalance_training_variants_heloc.csv,scale_pos_weight=1; Calibration improves validation Brier and ECE.; More balanced than baseline CatBoost: precision improves and FP drops with tolerable recall loss.,,precision<0.6
heloc,XGBoost::xgboost_scale_pos_weight_1,imbalance_training:sigmoid:precision_0_40,threshold=0.200,0.5811209439528023,0.958171206225681,0.2502639915522703,0.72346676459787,0.7953048537466257,0.7999353774409995,0.1839887465516013,0.0258489172893822,237,710,43,985,925.0,True,False,,257.0,,False,False,Basic eligible binary policy; usable if its FP/review burden is acceptable.,imbalance_training_variants_heloc.csv,scale_pos_weight=1; Calibration improves validation Brier and ECE.; More balanced than baseline CatBoost: precision improves and FP drops with tolerable recall loss.,,precision<0.6
heloc,XGBoost::xgboost_scale_pos_weight_1,imbalance_training:sigmoid:precision_0_45,threshold=0.200,0.5811209439528023,0.958171206225681,0.2502639915522703,0.72346676459787,0.7953048537466257,0.7999353774409995,0.1839887465516013,0.0258489172893822,237,710,43,985,925.0,True,False,,258.0,,False,False,Basic eligible binary policy; usable if its FP/review burden is acceptable.,imbalance_training_variants_heloc.csv,scale_pos_weight=1; Calibration improves validation Brier and ECE.; More balanced than baseline CatBoost: precision improves and FP drops with tolerable recall loss.,,precision<0.6
heloc,XGBoost::xgboost_max_delta_step_3,imbalance_training:sigmoid:cost_optimal_FN5_FP1,threshold=0.200,0.5811209439528023,0.958171206225681,0.2502639915522703,0.72346676459787,0.7953048537466257,0.7999353774409995,0.1839887465516013,0.0258489172893822,237,710,43,985,925.0,True,False,,259.0,,False,False,Basic eligible binary policy; usable if its FP/review burden is acceptable.,imbalance_training_variants_heloc.csv,max_delta_step=3; Calibration improves validation Brier and ECE.; More balanced than baseline CatBoost: precision improves and FP drops with tolerable recall loss.,,precision<0.6
heloc,XGBoost::xgboost_max_delta_step_3,imbalance_training:sigmoid:precision_0_40,threshold=0.200,0.5811209439528023,0.958171206225681,0.2502639915522703,0.72346676459787,0.7953048537466257,0.7999353774409995,0.1839887465516013,0.0258489172893822,237,710,43,985,925.0,True,False,,260.0,,False,False,Basic eligible binary policy; usable if its FP/review burden is acceptable.,imbalance_training_variants_heloc.csv,max_delta_step=3; Calibration improves validation Brier and ECE.; More balanced than baseline CatBoost: precision improves and FP drops with tolerable recall loss.,,precision<0.6
heloc,XGBoost::xgboost_max_delta_step_3,imbalance_training:sigmoid:precision_0_45,threshold=0.200,0.5811209439528023,0.958171206225681,0.2502639915522703,0.72346676459787,0.7953048537466257,0.7999353774409995,0.1839887465516013,0.0258489172893822,237,710,43,985,925.0,True,False,,261.0,,False,False,Basic eligible binary policy; usable if its FP/review burden is acceptable.,imbalance_training_variants_heloc.csv,max_delta_step=3; Calibration improves validation Brier and ECE.; More balanced than baseline CatBoost: precision improves and FP drops with tolerable recall loss.,,precision<0.6
heloc,XGBoost::xgboost_max_delta_step_5,imbalance_training:sigmoid:cost_optimal_FN5_FP1,threshold=0.200,0.5811209439528023,0.958171206225681,0.2502639915522703,0.72346676459787,0.7953048537466257,0.7999353774409995,0.1839887465516013,0.0258489172893822,237,710,43,985,925.0,True,False,,262.0,,False,False,Basic eligible binary policy; usable if its FP/review burden is acceptable.,imbalance_training_variants_heloc.csv,max_delta_step=5; Calibration improves validation Brier and ECE.; More balanced than baseline CatBoost: precision improves and FP drops with tolerable recall loss.,,precision<0.6
heloc,XGBoost::xgboost_max_delta_step_5,imbalance_training:sigmoid:precision_0_40,threshold=0.200,0.5811209439528023,0.958171206225681,0.2502639915522703,0.72346676459787,0.7953048537466257,0.7999353774409995,0.1839887465516013,0.0258489172893822,237,710,43,985,925.0,True,False,,263.0,,False,False,Basic eligible binary policy; usable if its FP/review burden is acceptable.,imbalance_training_variants_heloc.csv,max_delta_step=5; Calibration improves validation Brier and ECE.; More balanced than baseline CatBoost: precision improves and FP drops with tolerable recall loss.,,precision<0.6
heloc,XGBoost::xgboost_max_delta_step_5,imbalance_training:sigmoid:precision_0_45,threshold=0.200,0.5811209439528023,0.958171206225681,0.2502639915522703,0.72346676459787,0.7953048537466257,0.7999353774409995,0.1839887465516013,0.0258489172893822,237,710,43,985,925.0,True,False,,264.0,,False,False,Basic eligible binary policy; usable if its FP/review burden is acceptable.,imbalance_training_variants_heloc.csv,max_delta_step=5; Calibration improves validation Brier and ECE.; More balanced than baseline CatBoost: precision improves and FP drops with tolerable recall loss.,,precision<0.6
heloc,XGBoost::xgboost_baseline,imbalance_training:isotonic:cost_optimal_FN5_FP1,threshold=0.215,0.5811209439528023,0.958171206225681,0.2502639915522703,0.72346676459787,0.7937347716935316,0.7882923366972111,0.1851348461062965,0.0289274813149745,237,710,43,985,925.0,True,False,,265.0,,False,False,Basic eligible binary policy; usable if its FP/review burden is acceptable.,imbalance_training_variants_heloc.csv,baseline XGBoost; Calibration improves validation Brier and ECE.; More balanced than baseline CatBoost: precision improves and FP drops with tolerable recall loss.,,precision<0.6
heloc,XGBoost::xgboost_baseline,imbalance_training:isotonic:precision_0_40,threshold=0.215,0.5811209439528023,0.958171206225681,0.2502639915522703,0.72346676459787,0.7937347716935316,0.7882923366972111,0.1851348461062965,0.0289274813149745,237,710,43,985,925.0,True,False,,266.0,,False,False,Basic eligible binary policy; usable if its FP/review burden is acceptable.,imbalance_training_variants_heloc.csv,baseline XGBoost; Calibration improves validation Brier and ECE.; More balanced than baseline CatBoost: precision improves and FP drops with tolerable recall loss.,,precision<0.6
heloc,XGBoost::xgboost_baseline,imbalance_training:isotonic:precision_0_45,threshold=0.215,0.5811209439528023,0.958171206225681,0.2502639915522703,0.72346676459787,0.7937347716935316,0.7882923366972111,0.1851348461062965,0.0289274813149745,237,710,43,985,925.0,True,False,,267.0,,False,False,Basic eligible binary policy; usable if its FP/review burden is acceptable.,imbalance_training_variants_heloc.csv,baseline XGBoost; Calibration improves validation Brier and ECE.; More balanced than baseline CatBoost: precision improves and FP drops with tolerable recall loss.,,precision<0.6
heloc,XGBoost::xgboost_scale_pos_weight_1,imbalance_training:isotonic:cost_optimal_FN5_FP1,threshold=0.215,0.5811209439528023,0.958171206225681,0.2502639915522703,0.72346676459787,0.7937347716935316,0.7882923366972111,0.1851348461062965,0.0289274813149745,237,710,43,985,925.0,True,False,,268.0,,False,False,Basic eligible binary policy; usable if its FP/review burden is acceptable.,imbalance_training_variants_heloc.csv,scale_pos_weight=1; Calibration improves validation Brier and ECE.; More balanced than baseline CatBoost: precision improves and FP drops with tolerable recall loss.,,precision<0.6
heloc,XGBoost::xgboost_scale_pos_weight_1,imbalance_training:isotonic:precision_0_40,threshold=0.215,0.5811209439528023,0.958171206225681,0.2502639915522703,0.72346676459787,0.7937347716935316,0.7882923366972111,0.1851348461062965,0.0289274813149745,237,710,43,985,925.0,True,False,,269.0,,False,False,Basic eligible binary policy; usable if its FP/review burden is acceptable.,imbalance_training_variants_heloc.csv,scale_pos_weight=1; Calibration improves validation Brier and ECE.; More balanced than baseline CatBoost: precision improves and FP drops with tolerable recall loss.,,precision<0.6
heloc,XGBoost::xgboost_scale_pos_weight_1,imbalance_training:isotonic:precision_0_45,threshold=0.215,0.5811209439528023,0.958171206225681,0.2502639915522703,0.72346676459787,0.7937347716935316,0.7882923366972111,0.1851348461062965,0.0289274813149745,237,710,43,985,925.0,True,False,,270.0,,False,False,Basic eligible binary policy; usable if its FP/review burden is acceptable.,imbalance_training_variants_heloc.csv,scale_pos_weight=1; Calibration improves validation Brier and ECE.; More balanced than baseline CatBoost: precision improves and FP drops with tolerable recall loss.,,precision<0.6
heloc,XGBoost::xgboost_max_delta_step_3,imbalance_training:isotonic:cost_optimal_FN5_FP1,threshold=0.215,0.5811209439528023,0.958171206225681,0.2502639915522703,0.72346676459787,0.7937347716935316,0.7882923366972111,0.1851348461062965,0.0289274813149745,237,710,43,985,925.0,True,False,,271.0,,False,False,Basic eligible binary policy; usable if its FP/review burden is acceptable.,imbalance_training_variants_heloc.csv,max_delta_step=3; Calibration improves validation Brier and ECE.; More balanced than baseline CatBoost: precision improves and FP drops with tolerable recall loss.,,precision<0.6
heloc,XGBoost::xgboost_max_delta_step_3,imbalance_training:isotonic:precision_0_40,threshold=0.215,0.5811209439528023,0.958171206225681,0.2502639915522703,0.72346676459787,0.7937347716935316,0.7882923366972111,0.1851348461062965,0.0289274813149745,237,710,43,985,925.0,True,False,,272.0,,False,False,Basic eligible binary policy; usable if its FP/review burden is acceptable.,imbalance_training_variants_heloc.csv,max_delta_step=3; Calibration improves validation Brier and ECE.; More balanced than baseline CatBoost: precision improves and FP drops with tolerable recall loss.,,precision<0.6
heloc,XGBoost::xgboost_max_delta_step_3,imbalance_training:isotonic:precision_0_45,threshold=0.215,0.5811209439528023,0.958171206225681,0.2502639915522703,0.72346676459787,0.7937347716935316,0.7882923366972111,0.1851348461062965,0.0289274813149745,237,710,43,985,925.0,True,False,,273.0,,False,False,Basic eligible binary policy; usable if its FP/review burden is acceptable.,imbalance_training_variants_heloc.csv,max_delta_step=3; Calibration improves validation Brier and ECE.; More balanced than baseline CatBoost: precision improves and FP drops with tolerable recall loss.,,precision<0.6
heloc,XGBoost::xgboost_max_delta_step_5,imbalance_training:isotonic:cost_optimal_FN5_FP1,threshold=0.215,0.5811209439528023,0.958171206225681,0.2502639915522703,0.72346676459787,0.7937347716935316,0.7882923366972111,0.1851348461062965,0.0289274813149745,237,710,43,985,925.0,True,False,,274.0,,False,False,Basic eligible binary policy; usable if its FP/review burden is acceptable.,imbalance_training_variants_heloc.csv,max_delta_step=5; Calibration improves validation Brier and ECE.; More balanced than baseline CatBoost: precision improves and FP drops with tolerable recall loss.,,precision<0.6
heloc,XGBoost::xgboost_max_delta_step_5,imbalance_training:isotonic:precision_0_40,threshold=0.215,0.5811209439528023,0.958171206225681,0.2502639915522703,0.72346676459787,0.7937347716935316,0.7882923366972111,0.1851348461062965,0.0289274813149745,237,710,43,985,925.0,True,False,,275.0,,False,False,Basic eligible binary policy; usable if its FP/review burden is acceptable.,imbalance_training_variants_heloc.csv,max_delta_step=5; Calibration improves validation Brier and ECE.; More balanced than baseline CatBoost: precision improves and FP drops with tolerable recall loss.,,precision<0.6
heloc,XGBoost::xgboost_max_delta_step_5,imbalance_training:isotonic:precision_0_45,threshold=0.215,0.5811209439528023,0.958171206225681,0.2502639915522703,0.72346676459787,0.7937347716935316,0.7882923366972111,0.1851348461062965,0.0289274813149745,237,710,43,985,925.0,True,False,,276.0,,False,False,Basic eligible binary policy; usable if its FP/review burden is acceptable.,imbalance_training_variants_heloc.csv,max_delta_step=5; Calibration improves validation Brier and ECE.; More balanced than baseline CatBoost: precision improves and FP drops with tolerable recall loss.,,precision<0.6
heloc,CatBoost::catboost_class_weight_pos_1.5,imbalance_training:uncalibrated:cost_optimal_FN5_FP1,threshold=0.255,0.5943970767356882,0.9494163424124512,0.2967265047518479,0.7310861423220975,0.8020648864528165,0.8112803354465676,0.1868701563597243,0.0680922039621291,281,666,52,976,926.0,True,False,,277.0,,False,False,Basic eligible binary policy; usable if its FP/review burden is acceptable.,imbalance_training_variants_heloc.csv,custom class_weights positive_weight=1.5; Reference uncalibrated probability.; More balanced than baseline CatBoost: precision improves and FP drops with tolerable recall loss.,,precision<0.6
heloc,CatBoost::catboost_class_weight_pos_1.5,imbalance_training:uncalibrated:precision_0_40,threshold=0.255,0.5943970767356882,0.9494163424124512,0.2967265047518479,0.7310861423220975,0.8020648864528165,0.8112803354465676,0.1868701563597243,0.0680922039621291,281,666,52,976,926.0,True,False,,278.0,,False,False,Basic eligible binary policy; usable if its FP/review burden is acceptable.,imbalance_training_variants_heloc.csv,custom class_weights positive_weight=1.5; Reference uncalibrated probability.; More balanced than baseline CatBoost: precision improves and FP drops with tolerable recall loss.,,precision<0.6
heloc,CatBoost::catboost_class_weight_pos_1.5,imbalance_training:uncalibrated:precision_0_45,threshold=0.255,0.5943970767356882,0.9494163424124512,0.2967265047518479,0.7310861423220975,0.8020648864528165,0.8112803354465676,0.1868701563597243,0.0680922039621291,281,666,52,976,926.0,True,False,,279.0,,False,False,Basic eligible binary policy; usable if its FP/review burden is acceptable.,imbalance_training_variants_heloc.csv,custom class_weights positive_weight=1.5; Reference uncalibrated probability.; More balanced than baseline CatBoost: precision improves and FP drops with tolerable recall loss.,,precision<0.6
heloc,XGBoost::xgboost_max_delta_step_1,imbalance_training:isotonic:cost_optimal_FN5_FP1,threshold=0.215,0.5757575757575758,0.9610894941634242,0.2312565997888067,0.7201166180758019,0.7933675460906652,0.7869192930082848,0.1854285197495589,0.0290466137704768,219,728,40,988,928.0,True,False,,280.0,,False,False,Basic eligible binary policy; usable if its FP/review burden is acceptable.,imbalance_training_variants_heloc.csv,max_delta_step=1; Calibration improves validation Brier and ECE.; More balanced than baseline CatBoost: precision improves and FP drops with tolerable recall loss.,,precision<0.6
heloc,XGBoost::xgboost_max_delta_step_1,imbalance_training:isotonic:precision_0_40,threshold=0.215,0.5757575757575758,0.9610894941634242,0.2312565997888067,0.7201166180758019,0.7933675460906652,0.7869192930082848,0.1854285197495589,0.0290466137704768,219,728,40,988,928.0,True,False,,281.0,,False,False,Basic eligible binary policy; usable if its FP/review burden is acceptable.,imbalance_training_variants_heloc.csv,max_delta_step=1; Calibration improves validation Brier and ECE.; More balanced than baseline CatBoost: precision improves and FP drops with tolerable recall loss.,,precision<0.6
heloc,XGBoost::xgboost_max_delta_step_1,imbalance_training:isotonic:precision_0_45,threshold=0.215,0.5757575757575758,0.9610894941634242,0.2312565997888067,0.7201166180758019,0.7933675460906652,0.7869192930082848,0.1854285197495589,0.0290466137704768,219,728,40,988,928.0,True,False,,282.0,,False,False,Basic eligible binary policy; usable if its FP/review burden is acceptable.,imbalance_training_variants_heloc.csv,max_delta_step=1; Calibration improves validation Brier and ECE.; More balanced than baseline CatBoost: precision improves and FP drops with tolerable recall loss.,,precision<0.6
heloc,XGBoost::xgboost_scale_pos_weight_2_5,imbalance_training:uncalibrated:cost_optimal_FN5_FP1,threshold=0.350,0.6028589185829708,0.943579766536965,0.3252375923970433,0.7356844899507016,0.7972092908591127,0.7998966925441662,0.2050003336703367,0.1384857087120225,308,639,58,970,929.0,True,True,,283.0,76.0,False,False,"Strict eligible; usable candidate, but not the lowest-cost ranked winner.",imbalance_training_variants_heloc.csv,scale_pos_weight=2.5; Reference uncalibrated probability.; More balanced than baseline CatBoost: precision improves and FP drops with tolerable recall loss.,,
heloc,XGBoost::xgboost_scale_pos_weight_2_5,imbalance_training:uncalibrated:precision_0_40,threshold=0.350,0.6028589185829708,0.943579766536965,0.3252375923970433,0.7356844899507016,0.7972092908591127,0.7998966925441662,0.2050003336703367,0.1384857087120225,308,639,58,970,929.0,True,True,,284.0,77.0,False,False,"Strict eligible; usable candidate, but not the lowest-cost ranked winner.",imbalance_training_variants_heloc.csv,scale_pos_weight=2.5; Reference uncalibrated probability.; More balanced than baseline CatBoost: precision improves and FP drops with tolerable recall loss.,,
heloc,XGBoost::xgboost_scale_pos_weight_2_5,imbalance_training:uncalibrated:precision_0_45,threshold=0.350,0.6028589185829708,0.943579766536965,0.3252375923970433,0.7356844899507016,0.7972092908591127,0.7998966925441662,0.2050003336703367,0.1384857087120225,308,639,58,970,929.0,True,True,,285.0,78.0,False,False,"Strict eligible; usable candidate, but not the lowest-cost ranked winner.",imbalance_training_variants_heloc.csv,scale_pos_weight=2.5; Reference uncalibrated probability.; More balanced than baseline CatBoost: precision improves and FP drops with tolerable recall loss.,,
heloc,XGBoost::xgboost_scale_pos_weight_4,imbalance_training:isotonic:cost_optimal_FN5_FP1,threshold=0.190,0.5902232951116475,0.95136186770428,0.2829989440337909,0.7284916201117317,0.7940023584614943,0.7861729439799223,0.1859950033067438,0.022059914185036,268,679,50,978,929.0,True,False,,286.0,,False,False,Basic eligible binary policy; usable if its FP/review burden is acceptable.,imbalance_training_variants_heloc.csv,scale_pos_weight=4; Calibration improves validation Brier and ECE.; More balanced than baseline CatBoost: precision improves and FP drops with tolerable recall loss.,,precision<0.6
heloc,XGBoost::xgboost_scale_pos_weight_4,imbalance_training:isotonic:precision_0_40,threshold=0.190,0.5902232951116475,0.95136186770428,0.2829989440337909,0.7284916201117317,0.7940023584614943,0.7861729439799223,0.1859950033067438,0.022059914185036,268,679,50,978,929.0,True,False,,287.0,,False,False,Basic eligible binary policy; usable if its FP/review burden is acceptable.,imbalance_training_variants_heloc.csv,scale_pos_weight=4; Calibration improves validation Brier and ECE.; More balanced than baseline CatBoost: precision improves and FP drops with tolerable recall loss.,,precision<0.6
heloc,XGBoost::xgboost_scale_pos_weight_4,imbalance_training:isotonic:precision_0_45,threshold=0.190,0.5902232951116475,0.95136186770428,0.2829989440337909,0.7284916201117317,0.7940023584614943,0.7861729439799223,0.1859950033067438,0.022059914185036,268,679,50,978,929.0,True,False,,288.0,,False,False,Basic eligible binary policy; usable if its FP/review burden is acceptable.,imbalance_training_variants_heloc.csv,scale_pos_weight=4; Calibration improves validation Brier and ECE.; More balanced than baseline CatBoost: precision improves and FP drops with tolerable recall loss.,,precision<0.6
heloc,XGBoost::xgboost_scale_pos_weight_2_5,imbalance_training:isotonic:cost_optimal_FN5_FP1,threshold=0.210,0.6028589185829708,0.943579766536965,0.3252375923970433,0.7356844899507016,0.7931574827737808,0.7811332182684187,0.1858747900702916,0.0245006356070817,308,639,58,970,929.0,True,True,,289.0,79.0,False,False,"Strict eligible; usable candidate, but not the lowest-cost ranked winner.",imbalance_training_variants_heloc.csv,scale_pos_weight=2.5; Calibration improves validation Brier and ECE.; More balanced than baseline CatBoost: precision improves and FP drops with tolerable recall loss.,,
heloc,XGBoost::xgboost_scale_pos_weight_2_5,imbalance_training:isotonic:precision_0_40,threshold=0.210,0.6028589185829708,0.943579766536965,0.3252375923970433,0.7356844899507016,0.7931574827737808,0.7811332182684187,0.1858747900702916,0.0245006356070817,308,639,58,970,929.0,True,True,,290.0,80.0,False,False,"Strict eligible; usable candidate, but not the lowest-cost ranked winner.",imbalance_training_variants_heloc.csv,scale_pos_weight=2.5; Calibration improves validation Brier and ECE.; More balanced than baseline CatBoost: precision improves and FP drops with tolerable recall loss.,,
heloc,XGBoost::xgboost_scale_pos_weight_2_5,imbalance_training:isotonic:precision_0_45,threshold=0.210,0.6028589185829708,0.943579766536965,0.3252375923970433,0.7356844899507016,0.7931574827737808,0.7811332182684187,0.1858747900702916,0.0245006356070817,308,639,58,970,929.0,True,True,,291.0,81.0,False,False,"Strict eligible; usable candidate, but not the lowest-cost ranked winner.",imbalance_training_variants_heloc.csv,scale_pos_weight=2.5; Calibration improves validation Brier and ECE.; More balanced than baseline CatBoost: precision improves and FP drops with tolerable recall loss.,,
heloc,LightGBM::lightgbm_scale_pos_weight_4,imbalance_training:sigmoid:cost_optimal_FN5_FP1,threshold=0.200,0.5627118644067797,0.9688715953307392,0.1826821541710665,0.7119370979270907,0.7802203559058095,0.7892446224480931,0.1910758705334522,0.0194667083112305,173,774,32,996,934.0,True,False,,292.0,,False,False,Basic eligible binary policy; usable if its FP/review burden is acceptable.,imbalance_training_variants_heloc.csv,scale_pos_weight=4; Calibration improves validation Brier and ECE.; More balanced than baseline CatBoost: precision improves and FP drops with tolerable recall loss.,,precision<0.6; specificity<0.2
heloc,LightGBM::lightgbm_scale_pos_weight_4,imbalance_training:sigmoid:precision_0_40,threshold=0.200,0.5627118644067797,0.9688715953307392,0.1826821541710665,0.7119370979270907,0.7802203559058095,0.7892446224480931,0.1910758705334522,0.0194667083112305,173,774,32,996,934.0,True,False,,293.0,,False,False,Basic eligible binary policy; usable if its FP/review burden is acceptable.,imbalance_training_variants_heloc.csv,scale_pos_weight=4; Calibration improves validation Brier and ECE.; More balanced than baseline CatBoost: precision improves and FP drops with tolerable recall loss.,,precision<0.6; specificity<0.2
heloc,LightGBM::lightgbm_scale_pos_weight_4,imbalance_training:sigmoid:precision_0_45,threshold=0.200,0.5627118644067797,0.9688715953307392,0.1826821541710665,0.7119370979270907,0.7802203559058095,0.7892446224480931,0.1910758705334522,0.0194667083112305,173,774,32,996,934.0,True,False,,294.0,,False,False,Basic eligible binary policy; usable if its FP/review burden is acceptable.,imbalance_training_variants_heloc.csv,scale_pos_weight=4; Calibration improves validation Brier and ECE.; More balanced than baseline CatBoost: precision improves and FP drops with tolerable recall loss.,,precision<0.6; specificity<0.2
heloc,LightGBM::lightgbm_scale_pos_weight_4,imbalance_training:uncalibrated:cost_optimal_FN5_FP1,threshold=0.195,0.5627118644067797,0.9688715953307392,0.1826821541710665,0.7119370979270907,0.7802203559058095,0.7892446224480931,0.2189641414411339,0.1541402262581291,173,774,32,996,934.0,True,False,,295.0,,False,False,Basic eligible binary policy; usable if its FP/review burden is acceptable.,imbalance_training_variants_heloc.csv,scale_pos_weight=4; Reference uncalibrated probability.; More balanced than baseline CatBoost: precision improves and FP drops with tolerable recall loss.,,precision<0.6; specificity<0.2
heloc,LightGBM::lightgbm_scale_pos_weight_4,imbalance_training:uncalibrated:precision_0_40,threshold=0.195,0.5627118644067797,0.9688715953307392,0.1826821541710665,0.7119370979270907,0.7802203559058095,0.7892446224480931,0.2189641414411339,0.1541402262581291,173,774,32,996,934.0,True,False,,296.0,,False,False,Basic eligible binary policy; usable if its FP/review burden is acceptable.,imbalance_training_variants_heloc.csv,scale_pos_weight=4; Reference uncalibrated probability.; More balanced than baseline CatBoost: precision improves and FP drops with tolerable recall loss.,,precision<0.6; specificity<0.2
heloc,LightGBM::lightgbm_scale_pos_weight_4,imbalance_training:uncalibrated:precision_0_45,threshold=0.195,0.5627118644067797,0.9688715953307392,0.1826821541710665,0.7119370979270907,0.7802203559058095,0.7892446224480931,0.2189641414411339,0.1541402262581291,173,774,32,996,934.0,True,False,,297.0,,False,False,Basic eligible binary policy; usable if its FP/review burden is acceptable.,imbalance_training_variants_heloc.csv,scale_pos_weight=4; Reference uncalibrated probability.; More balanced than baseline CatBoost: precision improves and FP drops with tolerable recall loss.,,precision<0.6; specificity<0.2
heloc,LightGBM::lightgbm_scale_pos_weight_1.5,imbalance_training:uncalibrated:cost_optimal_FN5_FP1,threshold=0.140,0.5689655172413793,0.9630350194552528,0.2080253431890179,0.7153179190751445,0.783211575361884,0.7928045847335232,0.196237467971078,0.0754044738236355,197,750,38,990,940.0,True,False,,298.0,,False,False,Basic eligible binary policy; usable if its FP/review burden is acceptable.,imbalance_training_variants_heloc.csv,scale_pos_weight=1.5; Reference uncalibrated probability.; More balanced than baseline CatBoost: precision improves and FP drops with tolerable recall loss.,,precision<0.6
heloc,LightGBM::lightgbm_scale_pos_weight_1.5,imbalance_training:uncalibrated:precision_0_40,threshold=0.140,0.5689655172413793,0.9630350194552528,0.2080253431890179,0.7153179190751445,0.783211575361884,0.7928045847335232,0.196237467971078,0.0754044738236355,197,750,38,990,940.0,True,False,,299.0,,False,False,Basic eligible binary policy; usable if its FP/review burden is acceptable.,imbalance_training_variants_heloc.csv,scale_pos_weight=1.5; Reference uncalibrated probability.; More balanced than baseline CatBoost: precision improves and FP drops with tolerable recall loss.,,precision<0.6
heloc,LightGBM::lightgbm_scale_pos_weight_1.5,imbalance_training:uncalibrated:precision_0_45,threshold=0.140,0.5689655172413793,0.9630350194552528,0.2080253431890179,0.7153179190751445,0.783211575361884,0.7928045847335232,0.196237467971078,0.0754044738236355,197,750,38,990,940.0,True,False,,300.0,,False,False,Basic eligible binary policy; usable if its FP/review burden is acceptable.,imbalance_training_variants_heloc.csv,scale_pos_weight=1.5; Reference uncalibrated probability.; More balanced than baseline CatBoost: precision improves and FP drops with tolerable recall loss.,,precision<0.6
heloc,LightGBM::lightgbm_scale_pos_weight_1.5,imbalance_training:sigmoid:cost_optimal_FN5_FP1,threshold=0.205,0.5672581568402977,0.9640077821011672,0.2016895459345301,0.7142342342342343,0.783211575361884,0.7928045847335232,0.1896596343503948,0.021970906458906,191,756,37,991,941.0,True,False,,301.0,,False,False,Basic eligible binary policy; usable if its FP/review burden is acceptable.,imbalance_training_variants_heloc.csv,scale_pos_weight=1.5; Calibration improves validation Brier and ECE.; More balanced than baseline CatBoost: precision improves and FP drops with tolerable recall loss.,,precision<0.6
heloc,LightGBM::lightgbm_scale_pos_weight_1.5,imbalance_training:sigmoid:precision_0_40,threshold=0.205,0.5672581568402977,0.9640077821011672,0.2016895459345301,0.7142342342342343,0.783211575361884,0.7928045847335232,0.1896596343503948,0.021970906458906,191,756,37,991,941.0,True,False,,302.0,,False,False,Basic eligible binary policy; usable if its FP/review burden is acceptable.,imbalance_training_variants_heloc.csv,scale_pos_weight=1.5; Calibration improves validation Brier and ECE.; More balanced than baseline CatBoost: precision improves and FP drops with tolerable recall loss.,,precision<0.6
heloc,LightGBM::lightgbm_scale_pos_weight_1.5,imbalance_training:sigmoid:precision_0_45,threshold=0.205,0.5672581568402977,0.9640077821011672,0.2016895459345301,0.7142342342342343,0.783211575361884,0.7928045847335232,0.1896596343503948,0.021970906458906,191,756,37,991,941.0,True,False,,303.0,,False,False,Basic eligible binary policy; usable if its FP/review burden is acceptable.,imbalance_training_variants_heloc.csv,scale_pos_weight=1.5; Calibration improves validation Brier and ECE.; More balanced than baseline CatBoost: precision improves and FP drops with tolerable recall loss.,,precision<0.6
heloc,LightGBM::lightgbm_baseline,imbalance_training:sigmoid:cost_optimal_FN5_FP1,threshold=0.190,0.5539568345323741,0.9737354085603112,0.1488912354804646,0.7061728395061728,0.7812496147983186,0.789302612784146,0.1903214123458197,0.0193187036601593,141,806,27,1001,941.0,True,False,,304.0,,False,False,Basic eligible binary policy; usable if its FP/review burden is acceptable.,imbalance_training_variants_heloc.csv,baseline LightGBM; Calibration improves validation Brier and ECE.; More balanced than baseline CatBoost: precision improves and FP drops with tolerable recall loss.,,precision<0.6; specificity<0.2
heloc,LightGBM::lightgbm_baseline,imbalance_training:sigmoid:precision_0_40,threshold=0.190,0.5539568345323741,0.9737354085603112,0.1488912354804646,0.7061728395061728,0.7812496147983186,0.789302612784146,0.1903214123458197,0.0193187036601593,141,806,27,1001,941.0,True,False,,305.0,,False,False,Basic eligible binary policy; usable if its FP/review burden is acceptable.,imbalance_training_variants_heloc.csv,baseline LightGBM; Calibration improves validation Brier and ECE.; More balanced than baseline CatBoost: precision improves and FP drops with tolerable recall loss.,,precision<0.6; specificity<0.2
heloc,LightGBM::lightgbm_baseline,imbalance_training:sigmoid:precision_0_45,threshold=0.190,0.5539568345323741,0.9737354085603112,0.1488912354804646,0.7061728395061728,0.7812496147983186,0.789302612784146,0.1903214123458197,0.0193187036601593,141,806,27,1001,941.0,True,False,,306.0,,False,False,Basic eligible binary policy; usable if its FP/review burden is acceptable.,imbalance_training_variants_heloc.csv,baseline LightGBM; Calibration improves validation Brier and ECE.; More balanced than baseline CatBoost: precision improves and FP drops with tolerable recall loss.,,precision<0.6; specificity<0.2
heloc,LightGBM::lightgbm_scale_pos_weight_1,imbalance_training:sigmoid:cost_optimal_FN5_FP1,threshold=0.190,0.5539568345323741,0.9737354085603112,0.1488912354804646,0.7061728395061728,0.7812496147983186,0.789302612784146,0.1903214123458197,0.0193187036601593,141,806,27,1001,941.0,True,False,,307.0,,False,False,Basic eligible binary policy; usable if its FP/review burden is acceptable.,imbalance_training_variants_heloc.csv,scale_pos_weight=1; Calibration improves validation Brier and ECE.; More balanced than baseline CatBoost: precision improves and FP drops with tolerable recall loss.,,precision<0.6; specificity<0.2
heloc,LightGBM::lightgbm_scale_pos_weight_1,imbalance_training:sigmoid:precision_0_40,threshold=0.190,0.5539568345323741,0.9737354085603112,0.1488912354804646,0.7061728395061728,0.7812496147983186,0.789302612784146,0.1903214123458197,0.0193187036601593,141,806,27,1001,941.0,True,False,,308.0,,False,False,Basic eligible binary policy; usable if its FP/review burden is acceptable.,imbalance_training_variants_heloc.csv,scale_pos_weight=1; Calibration improves validation Brier and ECE.; More balanced than baseline CatBoost: precision improves and FP drops with tolerable recall loss.,,precision<0.6; specificity<0.2
heloc,LightGBM::lightgbm_scale_pos_weight_1,imbalance_training:sigmoid:precision_0_45,threshold=0.190,0.5539568345323741,0.9737354085603112,0.1488912354804646,0.7061728395061728,0.7812496147983186,0.789302612784146,0.1903214123458197,0.0193187036601593,141,806,27,1001,941.0,True,False,,309.0,,False,False,Basic eligible binary policy; usable if its FP/review burden is acceptable.,imbalance_training_variants_heloc.csv,scale_pos_weight=1; Calibration improves validation Brier and ECE.; More balanced than baseline CatBoost: precision improves and FP drops with tolerable recall loss.,,precision<0.6; specificity<0.2
heloc,LightGBM::lightgbm_scale_pos_weight_2.5,imbalance_training:uncalibrated:cost_optimal_FN5_FP1,threshold=0.210,0.5808170515097691,0.9542801556420234,0.2523759239704329,0.72211998527788,0.7806148024274897,0.7898860757812326,0.2063469339858921,0.1136587484575514,239,708,47,981,943.0,True,False,,310.0,,False,False,Basic eligible binary policy; usable if its FP/review burden is acceptable.,imbalance_training_variants_heloc.csv,scale_pos_weight=2.5; Reference uncalibrated probability.; More balanced than baseline CatBoost: precision improves and FP drops with tolerable recall loss.,,precision<0.6
heloc,LightGBM::lightgbm_scale_pos_weight_2.5,imbalance_training:uncalibrated:precision_0_40,threshold=0.210,0.5808170515097691,0.9542801556420234,0.2523759239704329,0.72211998527788,0.7806148024274897,0.7898860757812326,0.2063469339858921,0.1136587484575514,239,708,47,981,943.0,True,False,,311.0,,False,False,Basic eligible binary policy; usable if its FP/review burden is acceptable.,imbalance_training_variants_heloc.csv,scale_pos_weight=2.5; Reference uncalibrated probability.; More balanced than baseline CatBoost: precision improves and FP drops with tolerable recall loss.,,precision<0.6
heloc,LightGBM::lightgbm_scale_pos_weight_2.5,imbalance_training:uncalibrated:precision_0_45,threshold=0.210,0.5808170515097691,0.9542801556420234,0.2523759239704329,0.72211998527788,0.7806148024274897,0.7898860757812326,0.2063469339858921,0.1136587484575514,239,708,47,981,943.0,True,False,,312.0,,False,False,Basic eligible binary policy; usable if its FP/review burden is acceptable.,imbalance_training_variants_heloc.csv,scale_pos_weight=2.5; Reference uncalibrated probability.; More balanced than baseline CatBoost: precision improves and FP drops with tolerable recall loss.,,precision<0.6
heloc,LightGBM::lightgbm_scale_pos_weight_2.5,imbalance_training:sigmoid:cost_optimal_FN5_FP1,threshold=0.230,0.5786682380671774,0.9552529182879378,0.2449841605068637,0.7207339449541283,0.7806148024274897,0.7898860757812326,0.1907969326542191,0.0237699476418889,232,715,46,982,945.0,True,False,,313.0,,False,False,Basic eligible binary policy; usable if its FP/review burden is acceptable.,imbalance_training_variants_heloc.csv,scale_pos_weight=2.5; Calibration improves validation Brier and ECE.; More balanced than baseline CatBoost: precision improves and FP drops with tolerable recall loss.,,precision<0.6
heloc,LightGBM::lightgbm_scale_pos_weight_2.5,imbalance_training:sigmoid:precision_0_40,threshold=0.230,0.5786682380671774,0.9552529182879378,0.2449841605068637,0.7207339449541283,0.7806148024274897,0.7898860757812326,0.1907969326542191,0.0237699476418889,232,715,46,982,945.0,True,False,,314.0,,False,False,Basic eligible binary policy; usable if its FP/review burden is acceptable.,imbalance_training_variants_heloc.csv,scale_pos_weight=2.5; Calibration improves validation Brier and ECE.; More balanced than baseline CatBoost: precision improves and FP drops with tolerable recall loss.,,precision<0.6
heloc,LightGBM::lightgbm_scale_pos_weight_2.5,imbalance_training:sigmoid:precision_0_45,threshold=0.230,0.5786682380671774,0.9552529182879378,0.2449841605068637,0.7207339449541283,0.7806148024274897,0.7898860757812326,0.1907969326542191,0.0237699476418889,232,715,46,982,945.0,True,False,,315.0,,False,False,Basic eligible binary policy; usable if its FP/review burden is acceptable.,imbalance_training_variants_heloc.csv,scale_pos_weight=2.5; Calibration improves validation Brier and ECE.; More balanced than baseline CatBoost: precision improves and FP drops with tolerable recall loss.,,precision<0.6
heloc,LightGBM::lightgbm_scale_pos_weight_2,imbalance_training:sigmoid:cost_optimal_FN5_FP1,threshold=0.225,0.5757753071971914,0.9571984435797666,0.2344244984160506,0.7190354402630618,0.7815064159192042,0.789169243411007,0.1904149112574923,0.0166853675122608,222,725,44,984,945.0,True,False,,316.0,,False,False,Basic eligible binary policy; usable if its FP/review burden is acceptable.,imbalance_training_variants_heloc.csv,scale_pos_weight=2; Calibration improves validation Brier and ECE.; More balanced than baseline CatBoost: precision improves and FP drops with tolerable recall loss.,,precision<0.6
heloc,LightGBM::lightgbm_scale_pos_weight_2,imbalance_training:sigmoid:precision_0_40,threshold=0.225,0.5757753071971914,0.9571984435797666,0.2344244984160506,0.7190354402630618,0.7815064159192042,0.789169243411007,0.1904149112574923,0.0166853675122608,222,725,44,984,945.0,True,False,,317.0,,False,False,Basic eligible binary policy; usable if its FP/review burden is acceptable.,imbalance_training_variants_heloc.csv,scale_pos_weight=2; Calibration improves validation Brier and ECE.; More balanced than baseline CatBoost: precision improves and FP drops with tolerable recall loss.,,precision<0.6
heloc,LightGBM::lightgbm_scale_pos_weight_2,imbalance_training:sigmoid:precision_0_45,threshold=0.225,0.5757753071971914,0.9571984435797666,0.2344244984160506,0.7190354402630618,0.7815064159192042,0.789169243411007,0.1904149112574923,0.0166853675122608,222,725,44,984,945.0,True,False,,318.0,,False,False,Basic eligible binary policy; usable if its FP/review burden is acceptable.,imbalance_training_variants_heloc.csv,scale_pos_weight=2; Calibration improves validation Brier and ECE.; More balanced than baseline CatBoost: precision improves and FP drops with tolerable recall loss.,,precision<0.6
heloc,LightGBM::lightgbm_scale_pos_weight_2,imbalance_training:uncalibrated:cost_optimal_FN5_FP1,threshold=0.180,0.5757753071971914,0.9571984435797666,0.2344244984160506,0.7190354402630618,0.7815064159192042,0.789169243411007,0.2015026591577643,0.0982640429204219,222,725,44,984,945.0,True,False,,319.0,,False,False,Basic eligible binary policy; usable if its FP/review burden is acceptable.,imbalance_training_variants_heloc.csv,scale_pos_weight=2; Reference uncalibrated probability.; More balanced than baseline CatBoost: precision improves and FP drops with tolerable recall loss.,,precision<0.6
heloc,LightGBM::lightgbm_scale_pos_weight_2,imbalance_training:uncalibrated:precision_0_40,threshold=0.180,0.5757753071971914,0.9571984435797666,0.2344244984160506,0.7190354402630618,0.7815064159192042,0.789169243411007,0.2015026591577643,0.0982640429204219,222,725,44,984,945.0,True,False,,320.0,,False,False,Basic eligible binary policy; usable if its FP/review burden is acceptable.,imbalance_training_variants_heloc.csv,scale_pos_weight=2; Reference uncalibrated probability.; More balanced than baseline CatBoost: precision improves and FP drops with tolerable recall loss.,,precision<0.6
heloc,LightGBM::lightgbm_scale_pos_weight_2,imbalance_training:uncalibrated:precision_0_45,threshold=0.180,0.5757753071971914,0.9571984435797666,0.2344244984160506,0.7190354402630618,0.7815064159192042,0.789169243411007,0.2015026591577643,0.0982640429204219,222,725,44,984,945.0,True,False,,321.0,,False,False,Basic eligible binary policy; usable if its FP/review burden is acceptable.,imbalance_training_variants_heloc.csv,scale_pos_weight=2; Reference uncalibrated probability.; More balanced than baseline CatBoost: precision improves and FP drops with tolerable recall loss.,,precision<0.6
heloc,XGBoost::xgboost_scale_pos_weight_3_5,imbalance_training:uncalibrated:default_0_50,threshold=0.500,0.6308411214953271,0.919260700389105,0.4160506863780359,0.7482185273159145,0.7960680666778974,0.8000824240367475,0.2210853817893033,0.1808387183124505,394,553,83,945,968.0,True,True,,322.0,82.0,False,False,"Strict eligible; usable candidate, but not the lowest-cost ranked winner.",imbalance_training_variants_heloc.csv,scale_pos_weight=3.5; Reference uncalibrated probability.; More balanced than baseline CatBoost: precision improves and FP drops with tolerable recall loss.,,
heloc,XGBoost::xgboost_scale_pos_weight_4,imbalance_training:uncalibrated:default_0_50,threshold=0.500,0.6205094709340301,0.9241245136186772,0.3864836325237592,0.7424775302852678,0.7956078790692706,0.800183517790042,0.2285571865950862,0.1975475760615324,366,581,78,950,971.0,True,True,,323.0,83.0,False,False,"Strict eligible; usable candidate, but not the lowest-cost ranked winner.",imbalance_training_variants_heloc.csv,scale_pos_weight=4; Reference uncalibrated probability.; More balanced than baseline CatBoost: precision improves and FP drops with tolerable recall loss.,,
heloc,CatBoost::catboost_class_weight_pos_3,imbalance_training:uncalibrated:default_0_50,threshold=0.500,0.6310160427807486,0.9182879377431906,0.4171066525871172,0.7480190174326465,0.8061726771825014,0.8160850821336437,0.2158321551606778,0.1752901744859665,395,552,84,944,972.0,True,True,,324.0,84.0,False,False,"Strict eligible; usable candidate, but not the lowest-cost ranked winner.",imbalance_training_variants_heloc.csv,custom class_weights positive_weight=3; Reference uncalibrated probability.; More balanced than baseline CatBoost: precision improves and FP drops with tolerable recall loss.,,
heloc,XGBoost::xgboost_sample_weight_pos_3,imbalance_training:uncalibrated:default_0_50,threshold=0.500,0.640218878248974,0.9105058365758756,0.4445617740232312,0.7518072289156627,0.7972298349487836,0.800046448987832,0.2127898956797801,0.1619869792725466,421,526,92,936,986.0,True,True,,325.0,85.0,False,False,"Strict eligible; usable candidate, but not the lowest-cost ranked winner.",imbalance_training_variants_heloc.csv,sample_weight positive class=3; Reference uncalibrated probability.; More balanced than baseline CatBoost: precision improves and FP drops with tolerable recall loss.,,
heloc,XGBoost::xgboost_scale_pos_weight_3,imbalance_training:uncalibrated:default_0_50,threshold=0.500,0.6381668946648427,0.9075875486381324,0.4413938753959873,0.7493975903614457,0.7956859466100198,0.7994346019765769,0.2135358524495555,0.1612400600842282,418,529,95,933,1004.0,True,True,,326.0,86.0,False,False,"Strict eligible; usable candidate, but not the lowest-cost ranked winner.",imbalance_training_variants_heloc.csv,scale_pos_weight=3; Reference uncalibrated probability.; More balanced than baseline CatBoost: precision improves and FP drops with tolerable recall loss.,,
heloc,Best XGBoost,cost_matrix:FN3_FP2,threshold=0.305,0.6503153468815698,0.9027237354085604,0.4730728616684266,0.7560081466395112,0.8034243915867845,0.8049379257181238,0.1805361226302977,0.0204289726453994,448,499,100,928,1298.0,True,True,,327.0,111.0,False,False,"Strict eligible; usable candidate, but not the lowest-cost ranked winner.",cost_matrix_sensitivity_heloc.csv,Higher FP cost pushes threshold upward; precision/specificity improve at the cost of recall.,,
heloc,SCRE-Pareto,cost_matrix:FN5_FP2,threshold=0.315,0.6459197786998617,0.9085603112840468,0.4593453009503696,0.7550525464834277,0.8055450552430572,0.8104075742041918,0.180072497474567,0.0276944558030183,435,512,94,934,1494.0,True,True,,328.0,112.0,False,False,"Strict eligible; usable candidate, but not the lowest-cost ranked winner.",cost_matrix_sensitivity_heloc.csv,Higher FP cost pushes threshold upward; precision/specificity improve at the cost of recall.,,
heloc,Best XGBoost,cost_matrix:FN5_FP2,threshold=0.305,0.6503153468815698,0.9027237354085604,0.4730728616684266,0.7560081466395112,0.8034243915867845,0.8049379257181238,0.1805361226302977,0.0204289726453994,448,499,100,928,1498.0,True,True,,329.0,113.0,False,False,"Strict eligible; usable candidate, but not the lowest-cost ranked winner.",cost_matrix_sensitivity_heloc.csv,Higher FP cost pushes threshold upward; precision/specificity improve at the cost of recall.,,
heloc,SCRE-Optimized,cost_matrix:FN5_FP2,threshold=0.305,0.6250820748522653,0.926070038910506,0.3970432946145723,0.7463739709917679,0.8054618516798903,0.8130412263027302,0.1826624630703945,0.0461492617621134,376,571,76,952,1522.0,True,True,,330.0,114.0,False,False,"Strict eligible; usable candidate, but not the lowest-cost ranked winner.",cost_matrix_sensitivity_heloc.csv,Higher FP cost pushes threshold upward; precision/specificity improve at the cost of recall.,,
heloc,Old SCRE-Credit,cost_matrix:FN5_FP2,threshold=0.305,0.6250820748522653,0.926070038910506,0.3970432946145723,0.7463739709917679,0.8031069854013699,0.7939090859748776,0.1816509604613032,0.0221286246684385,376,571,76,952,1522.0,True,True,,331.0,115.0,False,False,"Strict eligible; usable candidate, but not the lowest-cost ranked winner.",cost_matrix_sensitivity_heloc.csv,Higher FP cost pushes threshold upward; precision/specificity improve at the cost of recall.,,
heloc,Best CatBoost,cost_matrix:FN5_FP2,threshold=0.265,0.6259087904824852,0.9212062256809338,0.4023231256599788,0.7453758362849272,0.8040936153078122,0.8115982528808503,0.1802440277917598,0.0107832103485953,381,566,81,947,1537.0,True,True,,332.0,117.0,False,False,"Strict eligible; usable candidate, but not the lowest-cost ranked winner.",cost_matrix_sensitivity_heloc.csv,Higher FP cost pushes threshold upward; precision/specificity improve at the cost of recall.,,
heloc,SCRE-Pareto,cost_matrix:FN10_FP2,threshold=0.175,0.5609348914858097,0.980544747081712,0.1668426610348468,0.7136283185840707,0.8055450552430572,0.8104075742041918,0.180072497474567,0.0276944558030183,158,789,20,1008,1778.0,True,False,,333.0,,False,False,Basic eligible binary policy; usable if its FP/review burden is acceptable.,cost_matrix_sensitivity_heloc.csv,Reference-like cost tradeoff; use alongside precision/specificity constraints.,,precision<0.6; specificity<0.2
heloc,Best Scorecard,cost_matrix:FN10_FP2,threshold=0.160,0.5586932447397563,0.9815175097276264,0.1583949313621964,0.7120677487649963,0.801480407101681,0.8038770280230678,0.1816523806088388,0.014207949481563,150,797,19,1009,1784.0,True,False,,334.0,,False,False,Basic eligible binary policy; usable if its FP/review burden is acceptable.,cost_matrix_sensitivity_heloc.csv,Reference-like cost tradeoff; use alongside precision/specificity constraints.,,precision<0.6; specificity<0.2
heloc,Old SCRE-Credit,cost_matrix:FN10_FP2,threshold=0.205,0.6009821976672806,0.9523346303501944,0.3136219640971489,0.7369213398569815,0.8031069854013699,0.7939090859748776,0.1816509604613032,0.0221286246684385,297,650,49,979,1790.0,True,True,,335.0,119.0,False,False,"Strict eligible; usable candidate, but not the lowest-cost ranked winner.",cost_matrix_sensitivity_heloc.csv,Reference-like cost tradeoff; use alongside precision/specificity constraints.,,
heloc,SCRE-Optimized,cost_matrix:FN10_FP2,threshold=0.220,0.5614525139664804,0.9776264591439688,0.1710665258711721,0.7132718239886444,0.8054618516798903,0.8130412263027302,0.1826624630703945,0.0461492617621134,162,785,23,1005,1800.0,True,False,,336.0,,False,False,Basic eligible binary policy; usable if its FP/review burden is acceptable.,cost_matrix_sensitivity_heloc.csv,Reference-like cost tradeoff; use alongside precision/specificity constraints.,,precision<0.6; specificity<0.2
heloc,Best CatBoost,cost_matrix:FN10_FP2,threshold=0.145,0.5622895622895623,0.9747081712062255,0.1763463569165786,0.7131672597864768,0.8040936153078122,0.8115982528808503,0.1802440277917598,0.0107832103485953,167,780,26,1002,1820.0,True,False,,337.0,,False,False,Basic eligible binary policy; usable if its FP/review burden is acceptable.,cost_matrix_sensitivity_heloc.csv,Reference-like cost tradeoff; use alongside precision/specificity constraints.,,precision<0.6; specificity<0.2
heloc,Best XGBoost,cost_matrix:FN10_FP2,threshold=0.220,0.6111111111111112,0.9416342412451362,0.3495248152059134,0.7411944869831547,0.8034243915867845,0.8049379257181238,0.1805361226302977,0.0204289726453994,331,616,60,968,1832.0,True,True,,338.0,120.0,False,False,"Strict eligible; usable candidate, but not the lowest-cost ranked winner.",cost_matrix_sensitivity_heloc.csv,Reference-like cost tradeoff; use alongside precision/specificity constraints.,,
heloc,Best XGBoost,cost_matrix:FN5_FP3,threshold=0.305,0.6503153468815698,0.9027237354085604,0.4730728616684266,0.7560081466395112,0.8034243915867845,0.8049379257181238,0.1805361226302977,0.0204289726453994,448,499,100,928,1997.0,True,True,,339.0,125.0,False,False,"Strict eligible; usable candidate, but not the lowest-cost ranked winner.",cost_matrix_sensitivity_heloc.csv,Higher FP cost pushes threshold upward; precision/specificity improve at the cost of recall.,,
heloc,Best CatBoost,cost_matrix:FN10_FP3,threshold=0.215,0.6008583690987125,0.953307392996109,0.3125659978880676,0.7371192177510343,0.8040936153078122,0.8115982528808503,0.1802440277917598,0.0107832103485953,296,651,48,980,2433.0,True,True,,340.0,127.0,False,False,"Strict eligible; usable candidate, but not the lowest-cost ranked winner.",cost_matrix_sensitivity_heloc.csv,Higher FP cost pushes threshold upward; precision/specificity improve at the cost of recall.,,
heloc,SCRE-Pareto,cost_matrix:FN10_FP3,threshold=0.265,0.62426614481409,0.9309338521400778,0.3917634635691658,0.7473643108160876,0.8055450552430572,0.8104075742041918,0.180072497474567,0.0276944558030183,371,576,71,957,2438.0,True,True,,341.0,128.0,False,False,"Strict eligible; usable candidate, but not the lowest-cost ranked winner.",cost_matrix_sensitivity_heloc.csv,Higher FP cost pushes threshold upward; precision/specificity improve at the cost of recall.,,
heloc,Best XGBoost,cost_matrix:FN10_FP3,threshold=0.220,0.6111111111111112,0.9416342412451362,0.3495248152059134,0.7411944869831547,0.8034243915867845,0.8049379257181238,0.1805361226302977,0.0204289726453994,331,616,60,968,2448.0,True,True,,342.0,129.0,False,False,"Strict eligible; usable candidate, but not the lowest-cost ranked winner.",cost_matrix_sensitivity_heloc.csv,Reference-like cost tradeoff; use alongside precision/specificity constraints.,,
heloc,Best Scorecard,cost_matrix:FN10_FP3,threshold=0.235,0.6084223758642363,0.9416342412451362,0.3421330517423442,0.739213440244368,0.801480407101681,0.8038770280230678,0.1816523806088388,0.014207949481563,324,623,60,968,2469.0,True,True,,343.0,130.0,False,False,"Strict eligible; usable candidate, but not the lowest-cost ranked winner.",cost_matrix_sensitivity_heloc.csv,Higher FP cost pushes threshold upward; precision/specificity improve at the cost of recall.,,
heloc,SCRE-Optimized,cost_matrix:FN10_FP3,threshold=0.295,0.6207792207792208,0.9299610894941636,0.3833157338965153,0.7445482866043615,0.8054618516798903,0.8130412263027302,0.1826624630703945,0.0461492617621134,363,584,72,956,2472.0,True,True,,344.0,131.0,False,False,"Strict eligible; usable candidate, but not the lowest-cost ranked winner.",cost_matrix_sensitivity_heloc.csv,Higher FP cost pushes threshold upward; precision/specificity improve at the cost of recall.,,
heloc,Old SCRE-Credit,cost_matrix:FN10_FP3,threshold=0.305,0.6250820748522653,0.926070038910506,0.3970432946145723,0.7463739709917679,0.8031069854013699,0.7939090859748776,0.1816509604613032,0.0221286246684385,376,571,76,952,2473.0,True,True,,345.0,132.0,False,False,"Strict eligible; usable candidate, but not the lowest-cost ranked winner.",cost_matrix_sensitivity_heloc.csv,Higher FP cost pushes threshold upward; precision/specificity improve at the cost of recall.,,
heloc,Best LightGBM,cost_matrix:FN10_FP3,threshold=0.250,0.601875,0.9367704280155642,0.3273495248152059,0.7328767123287672,0.7873327197498552,0.7932806208861143,0.1882896306735732,0.0282064278391865,310,637,65,963,2561.0,True,True,,346.0,133.0,False,False,"Strict eligible; usable candidate, but not the lowest-cost ranked winner.",cost_matrix_sensitivity_heloc.csv,Higher FP cost pushes threshold upward; precision/specificity improve at the cost of recall.,,
heloc,SCRE-Optimized,manual_review_band:D_high_risk_precision_0_40,t_low=0.15; t_high=0.80,0.9248554913294798,0.1556420233463035,0.986272439281943,0.2664446294754372,0.8054618516798903,0.8130412263027302,0.1826624630703946,0.0461492617621134,934,13,868,160,13.0,False,False,recall<0.9,,,False,False,Not eligible: recall is too low for screening/default capture.,manual_review_band_optimized_heloc.csv,"Three-way policy; expected_cost is remaining auto-decision cost. manual_review_rate=0.9078; low_risk_default_rate=0.0000. Precision and FP improve, but manual-review workload needs operational review.",recall<0.9,recall<0.85
heloc,SCRE-Optimized,manual_review_band:E_high_risk_precision_0_45,t_low=0.15; t_high=0.80,0.9248554913294798,0.1556420233463035,0.986272439281943,0.2664446294754372,0.8054618516798903,0.8130412263027302,0.1826624630703946,0.0461492617621134,934,13,868,160,13.0,False,False,recall<0.9,,,False,False,Not eligible: recall is too low for screening/default capture.,manual_review_band_optimized_heloc.csv,"Three-way policy; expected_cost is remaining auto-decision cost. manual_review_rate=0.9078; low_risk_default_rate=0.0000. Precision and FP improve, but manual-review workload needs operational review.",recall<0.9,recall<0.85
heloc,SCRE-Optimized,manual_review_band:F_high_risk_precision_0_50,t_low=0.15; t_high=0.80,0.9248554913294798,0.1556420233463035,0.986272439281943,0.2664446294754372,0.8054618516798903,0.8130412263027302,0.1826624630703946,0.0461492617621134,934,13,868,160,13.0,False,False,recall<0.9,,,False,False,Not eligible: recall is too low for screening/default capture.,manual_review_band_optimized_heloc.csv,"Three-way policy; expected_cost is remaining auto-decision cost. manual_review_rate=0.9078; low_risk_default_rate=0.0000. Precision and FP improve, but manual-review workload needs operational review.",recall<0.9,recall<0.85
heloc,SCRE-Optimized,manual_review_band:G_low_risk_default_rate_0_10,t_low=0.15; t_high=0.80,0.9248554913294798,0.1556420233463035,0.986272439281943,0.2664446294754372,0.8054618516798903,0.8130412263027302,0.1826624630703946,0.0461492617621134,934,13,868,160,13.0,False,False,recall<0.9,,,False,False,Not eligible: recall is too low for screening/default capture.,manual_review_band_optimized_heloc.csv,"Three-way policy; expected_cost is remaining auto-decision cost. manual_review_rate=0.9078; low_risk_default_rate=0.0000. Precision and FP improve, but manual-review workload needs operational review.",recall<0.9,recall<0.85
heloc,SCRE-Optimized,manual_review_band:H_low_risk_default_rate_0_08,t_low=0.15; t_high=0.80,0.9248554913294798,0.1556420233463035,0.986272439281943,0.2664446294754372,0.8054618516798903,0.8130412263027302,0.1826624630703946,0.0461492617621134,934,13,868,160,13.0,False,False,recall<0.9,,,False,False,Not eligible: recall is too low for screening/default capture.,manual_review_band_optimized_heloc.csv,"Three-way policy; expected_cost is remaining auto-decision cost. manual_review_rate=0.9078; low_risk_default_rate=0.0000. Precision and FP improve, but manual-review workload needs operational review.",recall<0.9,recall<0.85
heloc,SCRE-Optimized,manual_review_band:M_precision_0_45_low_default_0_10,t_low=0.15; t_high=0.80,0.9248554913294798,0.1556420233463035,0.986272439281943,0.2664446294754372,0.8054618516798903,0.8130412263027302,0.1826624630703946,0.0461492617621134,934,13,868,160,13.0,False,False,recall<0.9,,,False,False,Not eligible: recall is too low for screening/default capture.,manual_review_band_optimized_heloc.csv,"Three-way policy; expected_cost is remaining auto-decision cost. manual_review_rate=0.9078; low_risk_default_rate=0.0000. Precision and FP improve, but manual-review workload needs operational review.",recall<0.9,recall<0.85
heloc,SCRE-Pareto,manual_review_band:D_high_risk_precision_0_40,t_low=0.09; t_high=0.80,0.8860759493670886,0.2723735408560311,0.9619852164730729,0.41666666666666663,0.8055450552430572,0.8104075742041918,0.180072497474567,0.0276944558030183,911,36,748,280,36.0,False,False,recall<0.9,,,False,False,Not eligible: recall is too low for screening/default capture.,manual_review_band_optimized_heloc.csv,"Three-way policy; expected_cost is remaining auto-decision cost. manual_review_rate=0.8359; low_risk_default_rate=0.0000. Precision and FP improve, but manual-review workload needs operational review.",recall<0.9,recall<0.85
heloc,SCRE-Pareto,manual_review_band:E_high_risk_precision_0_45,t_low=0.09; t_high=0.80,0.8860759493670886,0.2723735408560311,0.9619852164730729,0.41666666666666663,0.8055450552430572,0.8104075742041918,0.180072497474567,0.0276944558030183,911,36,748,280,36.0,False,False,recall<0.9,,,False,False,Not eligible: recall is too low for screening/default capture.,manual_review_band_optimized_heloc.csv,"Three-way policy; expected_cost is remaining auto-decision cost. manual_review_rate=0.8359; low_risk_default_rate=0.0000. Precision and FP improve, but manual-review workload needs operational review.",recall<0.9,recall<0.85
heloc,SCRE-Pareto,manual_review_band:F_high_risk_precision_0_50,t_low=0.09; t_high=0.80,0.8860759493670886,0.2723735408560311,0.9619852164730729,0.41666666666666663,0.8055450552430572,0.8104075742041918,0.180072497474567,0.0276944558030183,911,36,748,280,36.0,False,False,recall<0.9,,,False,False,Not eligible: recall is too low for screening/default capture.,manual_review_band_optimized_heloc.csv,"Three-way policy; expected_cost is remaining auto-decision cost. manual_review_rate=0.8359; low_risk_default_rate=0.0000. Precision and FP improve, but manual-review workload needs operational review.",recall<0.9,recall<0.85
heloc,SCRE-Pareto,manual_review_band:G_low_risk_default_rate_0_10,t_low=0.09; t_high=0.80,0.8860759493670886,0.2723735408560311,0.9619852164730729,0.41666666666666663,0.8055450552430572,0.8104075742041918,0.180072497474567,0.0276944558030183,911,36,748,280,36.0,False,False,recall<0.9,,,False,False,Not eligible: recall is too low for screening/default capture.,manual_review_band_optimized_heloc.csv,"Three-way policy; expected_cost is remaining auto-decision cost. manual_review_rate=0.8359; low_risk_default_rate=0.0000. Precision and FP improve, but manual-review workload needs operational review.",recall<0.9,recall<0.85
heloc,SCRE-Pareto,manual_review_band:H_low_risk_default_rate_0_08,t_low=0.09; t_high=0.80,0.8860759493670886,0.2723735408560311,0.9619852164730729,0.41666666666666663,0.8055450552430572,0.8104075742041918,0.180072497474567,0.0276944558030183,911,36,748,280,36.0,False,False,recall<0.9,,,False,False,Not eligible: recall is too low for screening/default capture.,manual_review_band_optimized_heloc.csv,"Three-way policy; expected_cost is remaining auto-decision cost. manual_review_rate=0.8359; low_risk_default_rate=0.0000. Precision and FP improve, but manual-review workload needs operational review.",recall<0.9,recall<0.85
heloc,SCRE-Pareto,manual_review_band:M_precision_0_45_low_default_0_10,t_low=0.09; t_high=0.80,0.8860759493670886,0.2723735408560311,0.9619852164730729,0.41666666666666663,0.8055450552430572,0.8104075742041918,0.180072497474567,0.0276944558030183,911,36,748,280,36.0,False,False,recall<0.9,,,False,False,Not eligible: recall is too low for screening/default capture.,manual_review_band_optimized_heloc.csv,"Three-way policy; expected_cost is remaining auto-decision cost. manual_review_rate=0.8359; low_risk_default_rate=0.0000. Precision and FP improve, but manual-review workload needs operational review.",recall<0.9,recall<0.85
heloc,Best Scorecard,manual_review_band:D_high_risk_precision_0_40,t_low=0.08; t_high=0.80,0.8724035608308606,0.2859922178988326,0.9545934530095037,0.4307692307692307,0.801480407101681,0.8038770280230678,0.1816523806088388,0.014207949481563,904,43,734,294,43.0,False,False,recall<0.9,,,False,False,Not eligible: recall is too low for screening/default capture.,manual_review_band_optimized_heloc.csv,"Three-way policy; expected_cost is remaining auto-decision cost. manual_review_rate=0.8278; low_risk_default_rate=0.0000. Precision and FP improve, but manual-review workload needs operational review.",recall<0.9,recall<0.85
heloc,Best Scorecard,manual_review_band:E_high_risk_precision_0_45,t_low=0.08; t_high=0.80,0.8724035608308606,0.2859922178988326,0.9545934530095037,0.4307692307692307,0.801480407101681,0.8038770280230678,0.1816523806088388,0.014207949481563,904,43,734,294,43.0,False,False,recall<0.9,,,False,False,Not eligible: recall is too low for screening/default capture.,manual_review_band_optimized_heloc.csv,"Three-way policy; expected_cost is remaining auto-decision cost. manual_review_rate=0.8278; low_risk_default_rate=0.0000. Precision and FP improve, but manual-review workload needs operational review.",recall<0.9,recall<0.85
heloc,Best Scorecard,manual_review_band:F_high_risk_precision_0_50,t_low=0.08; t_high=0.80,0.8724035608308606,0.2859922178988326,0.9545934530095037,0.4307692307692307,0.801480407101681,0.8038770280230678,0.1816523806088388,0.014207949481563,904,43,734,294,43.0,False,False,recall<0.9,,,False,False,Not eligible: recall is too low for screening/default capture.,manual_review_band_optimized_heloc.csv,"Three-way policy; expected_cost is remaining auto-decision cost. manual_review_rate=0.8278; low_risk_default_rate=0.0000. Precision and FP improve, but manual-review workload needs operational review.",recall<0.9,recall<0.85
heloc,Best Scorecard,manual_review_band:G_low_risk_default_rate_0_10,t_low=0.08; t_high=0.80,0.8724035608308606,0.2859922178988326,0.9545934530095037,0.4307692307692307,0.801480407101681,0.8038770280230678,0.1816523806088388,0.014207949481563,904,43,734,294,43.0,False,False,recall<0.9,,,False,False,Not eligible: recall is too low for screening/default capture.,manual_review_band_optimized_heloc.csv,"Three-way policy; expected_cost is remaining auto-decision cost. manual_review_rate=0.8278; low_risk_default_rate=0.0000. Precision and FP improve, but manual-review workload needs operational review.",recall<0.9,recall<0.85
heloc,Best Scorecard,manual_review_band:H_low_risk_default_rate_0_08,t_low=0.08; t_high=0.80,0.8724035608308606,0.2859922178988326,0.9545934530095037,0.4307692307692307,0.801480407101681,0.8038770280230678,0.1816523806088388,0.014207949481563,904,43,734,294,43.0,False,False,recall<0.9,,,False,False,Not eligible: recall is too low for screening/default capture.,manual_review_band_optimized_heloc.csv,"Three-way policy; expected_cost is remaining auto-decision cost. manual_review_rate=0.8278; low_risk_default_rate=0.0000. Precision and FP improve, but manual-review workload needs operational review.",recall<0.9,recall<0.85
heloc,Best Scorecard,manual_review_band:M_precision_0_45_low_default_0_10,t_low=0.08; t_high=0.80,0.8724035608308606,0.2859922178988326,0.9545934530095037,0.4307692307692307,0.801480407101681,0.8038770280230678,0.1816523806088388,0.014207949481563,904,43,734,294,43.0,False,False,recall<0.9,,,False,False,Not eligible: recall is too low for screening/default capture.,manual_review_band_optimized_heloc.csv,"Three-way policy; expected_cost is remaining auto-decision cost. manual_review_rate=0.8278; low_risk_default_rate=0.0000. Precision and FP improve, but manual-review workload needs operational review.",recall<0.9,recall<0.85
heloc,Best CatBoost,manual_review_band:D_high_risk_precision_0_40,t_low=0.08; t_high=0.80,0.8770949720670391,0.3054474708171206,0.9535374868004224,0.453102453102453,0.8040936153078122,0.8115982528808503,0.1802440277917598,0.0107832103485953,903,44,714,314,44.0,False,False,recall<0.9,,,False,False,Not eligible: recall is too low for screening/default capture.,manual_review_band_optimized_heloc.csv,"Three-way policy; expected_cost is remaining auto-decision cost. manual_review_rate=0.8111; low_risk_default_rate=0.0000. Precision and FP improve, but manual-review workload needs operational review.",recall<0.9,recall<0.85
heloc,Best CatBoost,manual_review_band:E_high_risk_precision_0_45,t_low=0.08; t_high=0.80,0.8770949720670391,0.3054474708171206,0.9535374868004224,0.453102453102453,0.8040936153078122,0.8115982528808503,0.1802440277917598,0.0107832103485953,903,44,714,314,44.0,False,False,recall<0.9,,,False,False,Not eligible: recall is too low for screening/default capture.,manual_review_band_optimized_heloc.csv,"Three-way policy; expected_cost is remaining auto-decision cost. manual_review_rate=0.8111; low_risk_default_rate=0.0000. Precision and FP improve, but manual-review workload needs operational review.",recall<0.9,recall<0.85
heloc,Best CatBoost,manual_review_band:F_high_risk_precision_0_50,t_low=0.08; t_high=0.80,0.8770949720670391,0.3054474708171206,0.9535374868004224,0.453102453102453,0.8040936153078122,0.8115982528808503,0.1802440277917598,0.0107832103485953,903,44,714,314,44.0,False,False,recall<0.9,,,False,False,Not eligible: recall is too low for screening/default capture.,manual_review_band_optimized_heloc.csv,"Three-way policy; expected_cost is remaining auto-decision cost. manual_review_rate=0.8111; low_risk_default_rate=0.0000. Precision and FP improve, but manual-review workload needs operational review.",recall<0.9,recall<0.85
heloc,Best CatBoost,manual_review_band:G_low_risk_default_rate_0_10,t_low=0.08; t_high=0.80,0.8770949720670391,0.3054474708171206,0.9535374868004224,0.453102453102453,0.8040936153078122,0.8115982528808503,0.1802440277917598,0.0107832103485953,903,44,714,314,44.0,False,False,recall<0.9,,,False,False,Not eligible: recall is too low for screening/default capture.,manual_review_band_optimized_heloc.csv,"Three-way policy; expected_cost is remaining auto-decision cost. manual_review_rate=0.8111; low_risk_default_rate=0.0000. Precision and FP improve, but manual-review workload needs operational review.",recall<0.9,recall<0.85
heloc,Best CatBoost,manual_review_band:H_low_risk_default_rate_0_08,t_low=0.08; t_high=0.80,0.8770949720670391,0.3054474708171206,0.9535374868004224,0.453102453102453,0.8040936153078122,0.8115982528808503,0.1802440277917598,0.0107832103485953,903,44,714,314,44.0,False,False,recall<0.9,,,False,False,Not eligible: recall is too low for screening/default capture.,manual_review_band_optimized_heloc.csv,"Three-way policy; expected_cost is remaining auto-decision cost. manual_review_rate=0.8111; low_risk_default_rate=0.0000. Precision and FP improve, but manual-review workload needs operational review.",recall<0.9,recall<0.85
heloc,Best CatBoost,manual_review_band:M_precision_0_45_low_default_0_10,t_low=0.08; t_high=0.80,0.8770949720670391,0.3054474708171206,0.9535374868004224,0.453102453102453,0.8040936153078122,0.8115982528808503,0.1802440277917598,0.0107832103485953,903,44,714,314,44.0,False,False,recall<0.9,,,False,False,Not eligible: recall is too low for screening/default capture.,manual_review_band_optimized_heloc.csv,"Three-way policy; expected_cost is remaining auto-decision cost. manual_review_rate=0.8111; low_risk_default_rate=0.0000. Precision and FP improve, but manual-review workload needs operational review.",recall<0.9,recall<0.85
heloc,Best XGBoost,manual_review_band:D_high_risk_precision_0_40,t_low=0.05; t_high=0.80,0.8777777777777778,0.3073929961089494,0.9535374868004224,0.4553314121037464,0.8034243915867845,0.8049379257181238,0.1805361226302977,0.0204289726453994,903,44,712,316,44.0,False,False,recall<0.9,,,False,False,Not eligible: recall is too low for screening/default capture.,manual_review_band_optimized_heloc.csv,"Three-way policy; expected_cost is remaining auto-decision cost. manual_review_rate=0.8157; low_risk_default_rate=0.0000. Precision and FP improve, but manual-review workload needs operational review.",recall<0.9,recall<0.85
heloc,Best XGBoost,manual_review_band:E_high_risk_precision_0_45,t_low=0.05; t_high=0.80,0.8777777777777778,0.3073929961089494,0.9535374868004224,0.4553314121037464,0.8034243915867845,0.8049379257181238,0.1805361226302977,0.0204289726453994,903,44,712,316,44.0,False,False,recall<0.9,,,False,False,Not eligible: recall is too low for screening/default capture.,manual_review_band_optimized_heloc.csv,"Three-way policy; expected_cost is remaining auto-decision cost. manual_review_rate=0.8157; low_risk_default_rate=0.0000. Precision and FP improve, but manual-review workload needs operational review.",recall<0.9,recall<0.85
heloc,Best XGBoost,manual_review_band:F_high_risk_precision_0_50,t_low=0.05; t_high=0.80,0.8777777777777778,0.3073929961089494,0.9535374868004224,0.4553314121037464,0.8034243915867845,0.8049379257181238,0.1805361226302977,0.0204289726453994,903,44,712,316,44.0,False,False,recall<0.9,,,False,False,Not eligible: recall is too low for screening/default capture.,manual_review_band_optimized_heloc.csv,"Three-way policy; expected_cost is remaining auto-decision cost. manual_review_rate=0.8157; low_risk_default_rate=0.0000. Precision and FP improve, but manual-review workload needs operational review.",recall<0.9,recall<0.85
heloc,Best XGBoost,manual_review_band:G_low_risk_default_rate_0_10,t_low=0.05; t_high=0.80,0.8777777777777778,0.3073929961089494,0.9535374868004224,0.4553314121037464,0.8034243915867845,0.8049379257181238,0.1805361226302977,0.0204289726453994,903,44,712,316,44.0,False,False,recall<0.9,,,False,False,Not eligible: recall is too low for screening/default capture.,manual_review_band_optimized_heloc.csv,"Three-way policy; expected_cost is remaining auto-decision cost. manual_review_rate=0.8157; low_risk_default_rate=0.0000. Precision and FP improve, but manual-review workload needs operational review.",recall<0.9,recall<0.85
heloc,Best XGBoost,manual_review_band:H_low_risk_default_rate_0_08,t_low=0.05; t_high=0.80,0.8777777777777778,0.3073929961089494,0.9535374868004224,0.4553314121037464,0.8034243915867845,0.8049379257181238,0.1805361226302977,0.0204289726453994,903,44,712,316,44.0,False,False,recall<0.9,,,False,False,Not eligible: recall is too low for screening/default capture.,manual_review_band_optimized_heloc.csv,"Three-way policy; expected_cost is remaining auto-decision cost. manual_review_rate=0.8157; low_risk_default_rate=0.0000. Precision and FP improve, but manual-review workload needs operational review.",recall<0.9,recall<0.85
heloc,Best XGBoost,manual_review_band:M_precision_0_45_low_default_0_10,t_low=0.05; t_high=0.80,0.8777777777777778,0.3073929961089494,0.9535374868004224,0.4553314121037464,0.8034243915867845,0.8049379257181238,0.1805361226302977,0.0204289726453994,903,44,712,316,44.0,False,False,recall<0.9,,,False,False,Not eligible: recall is too low for screening/default capture.,manual_review_band_optimized_heloc.csv,"Three-way policy; expected_cost is remaining auto-decision cost. manual_review_rate=0.8157; low_risk_default_rate=0.0000. Precision and FP improve, but manual-review workload needs operational review.",recall<0.9,recall<0.85
heloc,SCRE-Pareto,manual_review_band:I_high_risk_recall_0_60,t_low=0.09; t_high=0.64,0.7997399219765929,0.5982490272373541,0.8373812038014784,0.6844741235392321,0.8055450552430572,0.8104075742041918,0.180072497474567,0.0276944558030183,793,154,413,615,154.0,False,False,recall<0.9,,,False,False,Not eligible: recall is too low for screening/default capture.,manual_review_band_optimized_heloc.csv,"Three-way policy; expected_cost is remaining auto-decision cost. manual_review_rate=0.6066; low_risk_default_rate=0.0000. Precision and FP improve, but manual-review workload needs operational review.",recall<0.9,recall<0.85
heloc,SCRE-Optimized,manual_review_band:I_high_risk_recall_0_60,t_low=0.15; t_high=0.62,0.7966321243523317,0.5982490272373541,0.8342133051742344,0.6833333333333333,0.8054618516798903,0.8130412263027302,0.1826624630703946,0.0461492617621134,790,157,413,615,157.0,False,False,recall<0.9,,,False,False,Not eligible: recall is too low for screening/default capture.,manual_review_band_optimized_heloc.csv,"Three-way policy; expected_cost is remaining auto-decision cost. manual_review_rate=0.6046; low_risk_default_rate=0.0000. Precision and FP improve, but manual-review workload needs operational review.",recall<0.9,recall<0.85
heloc,Best Scorecard,manual_review_band:I_high_risk_recall_0_60,t_low=0.08; t_high=0.63,0.7946768060836502,0.6099221789883269,0.8289334741288279,0.690148596587782,0.801480407101681,0.8038770280230678,0.1816523806088388,0.014207949481563,785,162,401,627,162.0,False,False,recall<0.9,,,False,False,Not eligible: recall is too low for screening/default capture.,manual_review_band_optimized_heloc.csv,"Three-way policy; expected_cost is remaining auto-decision cost. manual_review_rate=0.5990; low_risk_default_rate=0.0000. Precision and FP improve, but manual-review workload needs operational review.",recall<0.9,recall<0.85
heloc,Best CatBoost,manual_review_band:I_high_risk_recall_0_60,t_low=0.08; t_high=0.65,0.7902187902187903,0.5972762645914397,0.8278775079197466,0.6803324099722992,0.8040936153078122,0.8115982528808503,0.1802440277917598,0.0107832103485953,784,163,414,614,163.0,False,False,recall<0.9,,,False,False,Not eligible: recall is too low for screening/default capture.,manual_review_band_optimized_heloc.csv,"Three-way policy; expected_cost is remaining auto-decision cost. manual_review_rate=0.5990; low_risk_default_rate=0.0000. Precision and FP improve, but manual-review workload needs operational review.",recall<0.9,recall<0.85
heloc,Best XGBoost,manual_review_band:I_high_risk_recall_0_60,t_low=0.05; t_high=0.63,0.7884378843788438,0.6235408560311284,0.8183738120380147,0.6963606735469854,0.8034243915867845,0.8049379257181238,0.1805361226302977,0.0204289726453994,775,172,387,641,172.0,False,False,recall<0.9,,,False,False,Not eligible: recall is too low for screening/default capture.,manual_review_band_optimized_heloc.csv,"Three-way policy; expected_cost is remaining auto-decision cost. manual_review_rate=0.5863; low_risk_default_rate=0.0000. Precision and FP improve, but manual-review workload needs operational review.",recall<0.9,recall<0.85
heloc,Best Scorecard,manual_review_band:J_high_risk_recall_0_65,t_low=0.08; t_high=0.60,0.7841981132075472,0.646887159533074,0.8067581837381204,0.7089552238805971,0.801480407101681,0.8038770280230678,0.1816523806088388,0.014207949481563,764,183,363,665,183.0,False,False,recall<0.9,,,False,False,Not eligible: recall is too low for screening/default capture.,manual_review_band_optimized_heloc.csv,"Three-way policy; expected_cost is remaining auto-decision cost. manual_review_rate=0.5691; low_risk_default_rate=0.0000. Precision and FP improve, but manual-review workload needs operational review.",recall<0.9,recall<0.85
heloc,SCRE-Optimized,manual_review_band:J_high_risk_recall_0_65,t_low=0.15; t_high=0.59,0.7758620689655172,0.6566147859922179,0.7940865892291447,0.7112750263435195,0.8054618516798903,0.8130412263027302,0.1826624630703946,0.0461492617621134,752,195,353,675,195.0,False,False,recall<0.9,,,False,False,Not eligible: recall is too low for screening/default capture.,manual_review_band_optimized_heloc.csv,"Three-way policy; expected_cost is remaining auto-decision cost. manual_review_rate=0.5549; low_risk_default_rate=0.0000. Precision and FP improve, but manual-review workload needs operational review.",recall<0.9,recall<0.85
heloc,SCRE-Pareto,manual_review_band:J_high_risk_recall_0_65,t_low=0.09; t_high=0.60,0.7779043280182233,0.664396887159533,0.7940865892291447,0.7166841552990556,0.8055450552430572,0.8104075742041918,0.180072497474567,0.0276944558030183,752,195,345,683,195.0,False,False,recall<0.9,,,False,False,Not eligible: recall is too low for screening/default capture.,manual_review_band_optimized_heloc.csv,"Three-way policy; expected_cost is remaining auto-decision cost. manual_review_rate=0.5514; low_risk_default_rate=0.0000. Precision and FP improve, but manual-review workload needs operational review.",recall<0.9,recall<0.85
heloc,Best CatBoost,manual_review_band:J_high_risk_recall_0_65,t_low=0.08; t_high=0.60,0.776,0.6605058365758755,0.7930306230200633,0.7136100893326327,0.8040936153078122,0.8115982528808503,0.1802440277917598,0.0107832103485953,751,196,349,679,196.0,False,False,recall<0.9,,,False,False,Not eligible: recall is too low for screening/default capture.,manual_review_band_optimized_heloc.csv,"Three-way policy; expected_cost is remaining auto-decision cost. manual_review_rate=0.5494; low_risk_default_rate=0.0000. Precision and FP improve, but manual-review workload needs operational review.",recall<0.9,recall<0.85
heloc,Best XGBoost,manual_review_band:J_high_risk_recall_0_65,t_low=0.05; t_high=0.59,0.7664864864864865,0.6896887159533074,0.7719112988384371,0.726062467997952,0.8034243915867845,0.8049379257181238,0.1805361226302977,0.0204289726453994,731,216,319,709,216.0,False,False,recall<0.9,,,False,False,Not eligible: recall is too low for screening/default capture.,manual_review_band_optimized_heloc.csv,"Three-way policy; expected_cost is remaining auto-decision cost. manual_review_rate=0.5296; low_risk_default_rate=0.0000. Precision and FP improve, but manual-review workload needs operational review.",recall<0.9,recall<0.85
heloc,SCRE-Pareto,manual_review_band:C_manual_review_rate_0_30,t_low=0.12; t_high=0.34,0.6566091954022989,0.8891050583657587,0.4952481520591341,0.7553719008264463,0.8055450552430572,0.8104075742041918,0.180072497474567,0.0276944558030183,469,478,114,914,478.0,False,True,recall<0.9,,1.0,False,True,Strict winner: strongest operationally eligible policy under minimum acceptable criteria.,manual_review_band_optimized_heloc.csv,Three-way policy; expected_cost is remaining auto-decision cost. manual_review_rate=0.2795; low_risk_default_rate=0.0000. More defensible screening policy: precision and FP improve with bounded review load.,recall<0.9,
heloc,SCRE-Pareto,manual_review_band:N_review_0_30_precision_0_45_low_default_0_10,t_low=0.12; t_high=0.34,0.6566091954022989,0.8891050583657587,0.4952481520591341,0.7553719008264463,0.8055450552430572,0.8104075742041918,0.180072497474567,0.0276944558030183,469,478,114,914,478.0,False,True,recall<0.9,,2.0,False,False,"Strict eligible; usable candidate, but not the lowest-cost ranked winner.",manual_review_band_optimized_heloc.csv,Three-way policy; expected_cost is remaining auto-decision cost. manual_review_rate=0.2795; low_risk_default_rate=0.0000. More defensible screening policy: precision and FP improve with bounded review load.,recall<0.9,
heloc,SCRE-Optimized,manual_review_band:C_manual_review_rate_0_30,t_low=0.22; t_high=0.43,0.7006472491909385,0.8424124513618677,0.6092925026399155,0.765017667844523,0.8054618516798903,0.8130412263027302,0.1826624630703946,0.0461492617621134,577,370,162,866,485.0,False,False,recall<0.9,,,False,False,Not eligible: recall is too low for screening/default capture.,manual_review_band_optimized_heloc.csv,Three-way policy; expected_cost is remaining auto-decision cost. manual_review_rate=0.2805; low_risk_default_rate=0.1243. More defensible screening policy: precision and FP improve with bounded review load.,recall<0.9,recall<0.85
heloc,SCRE-Optimized,manual_review_band:N_review_0_30_precision_0_45_low_default_0_10,t_low=0.22; t_high=0.43,0.7006472491909385,0.8424124513618677,0.6092925026399155,0.765017667844523,0.8054618516798903,0.8130412263027302,0.1826624630703946,0.0461492617621134,577,370,162,866,485.0,False,False,recall<0.9,,,False,False,Not eligible: recall is too low for screening/default capture.,manual_review_band_optimized_heloc.csv,Three-way policy; expected_cost is remaining auto-decision cost. manual_review_rate=0.2805; low_risk_default_rate=0.1243. More defensible screening policy: precision and FP improve with bounded review load.,recall<0.9,recall<0.85
heloc,Best CatBoost,manual_review_band:C_manual_review_rate_0_30,t_low=0.13; t_high=0.36,0.6760242792109257,0.8667315175097277,0.5491024287222809,0.7595907928388748,0.8040936153078122,0.8115982528808503,0.1802440277917598,0.0107832103485953,520,427,137,891,492.0,False,True,recall<0.9,,3.0,False,False,"Strict eligible; usable candidate, but not the lowest-cost ranked winner.",manual_review_band_optimized_heloc.csv,Three-way policy; expected_cost is remaining auto-decision cost. manual_review_rate=0.2699; low_risk_default_rate=0.1048. More defensible screening policy: precision and FP improve with bounded review load.,recall<0.9,
heloc,Best CatBoost,manual_review_band:N_review_0_30_precision_0_45_low_default_0_10,t_low=0.13; t_high=0.36,0.6760242792109257,0.8667315175097277,0.5491024287222809,0.7595907928388748,0.8040936153078122,0.8115982528808503,0.1802440277917598,0.0107832103485953,520,427,137,891,492.0,False,True,recall<0.9,,4.0,False,False,"Strict eligible; usable candidate, but not the lowest-cost ranked winner.",manual_review_band_optimized_heloc.csv,Three-way policy; expected_cost is remaining auto-decision cost. manual_review_rate=0.2699; low_risk_default_rate=0.1048. More defensible screening policy: precision and FP improve with bounded review load.,recall<0.9,
heloc,Best Scorecard,manual_review_band:C_manual_review_rate_0_30,t_low=0.16; t_high=0.39,0.6834249803613511,0.8463035019455253,0.5744456177402323,0.7561929595827901,0.801480407101681,0.8038770280230678,0.1816523806088388,0.014207949481563,544,403,158,870,498.0,False,False,recall<0.9,,,False,False,Not eligible: recall is too low for screening/default capture.,manual_review_band_optimized_heloc.csv,Three-way policy; expected_cost is remaining auto-decision cost. manual_review_rate=0.2699; low_risk_default_rate=0.1124. More defensible screening policy: precision and FP improve with bounded review load.,recall<0.9,recall<0.85
heloc,Best Scorecard,manual_review_band:N_review_0_30_precision_0_45_low_default_0_10,t_low=0.16; t_high=0.39,0.6834249803613511,0.8463035019455253,0.5744456177402323,0.7561929595827901,0.801480407101681,0.8038770280230678,0.1816523806088388,0.014207949481563,544,403,158,870,498.0,False,False,recall<0.9,,,False,False,Not eligible: recall is too low for screening/default capture.,manual_review_band_optimized_heloc.csv,Three-way policy; expected_cost is remaining auto-decision cost. manual_review_rate=0.2699; low_risk_default_rate=0.1124. More defensible screening policy: precision and FP improve with bounded review load.,recall<0.9,recall<0.85
heloc,Best XGBoost,manual_review_band:C_manual_review_rate_0_30,t_low=0.09; t_high=0.33,0.6585190510424155,0.8910505836575876,0.498416050686378,0.7573377428689541,0.8034243915867845,0.8049379257181238,0.1805361226302977,0.0204289726453994,472,475,112,916,510.0,False,True,recall<0.9,,5.0,False,False,"Strict eligible; usable candidate, but not the lowest-cost ranked winner.",manual_review_band_optimized_heloc.csv,Three-way policy; expected_cost is remaining auto-decision cost. manual_review_rate=0.2754; low_risk_default_rate=0.1750. More defensible screening policy: precision and FP improve with bounded review load.,recall<0.9,
heloc,Best XGBoost,manual_review_band:N_review_0_30_precision_0_45_low_default_0_10,t_low=0.09; t_high=0.33,0.6585190510424155,0.8910505836575876,0.498416050686378,0.7573377428689541,0.8034243915867845,0.8049379257181238,0.1805361226302977,0.0204289726453994,472,475,112,916,510.0,False,True,recall<0.9,,6.0,False,False,"Strict eligible; usable candidate, but not the lowest-cost ranked winner.",manual_review_band_optimized_heloc.csv,Three-way policy; expected_cost is remaining auto-decision cost. manual_review_rate=0.2754; low_risk_default_rate=0.1750. More defensible screening policy: precision and FP improve with bounded review load.,recall<0.9,
heloc,SCRE-Optimized,manual_review_band:B_manual_review_rate_0_25,t_low=0.22; t_high=0.40,0.6770280515542078,0.8686770428015564,0.5501583949313622,0.7609714529186196,0.8054618516798903,0.8130412263027302,0.1826624630703946,0.0461492617621134,521,426,135,893,541.0,False,True,recall<0.9,,7.0,False,False,"Strict eligible; usable candidate, but not the lowest-cost ranked winner.",manual_review_band_optimized_heloc.csv,Three-way policy; expected_cost is remaining auto-decision cost. manual_review_rate=0.2385; low_risk_default_rate=0.1243. More defensible screening policy: precision and FP improve with bounded review load.,recall<0.9,
heloc,SCRE-Optimized,manual_review_band:K_review_0_25_precision_0_40,t_low=0.22; t_high=0.40,0.6770280515542078,0.8686770428015564,0.5501583949313622,0.7609714529186196,0.8054618516798903,0.8130412263027302,0.1826624630703946,0.0461492617621134,521,426,135,893,541.0,False,True,recall<0.9,,8.0,False,False,"Strict eligible; usable candidate, but not the lowest-cost ranked winner.",manual_review_band_optimized_heloc.csv,Three-way policy; expected_cost is remaining auto-decision cost. manual_review_rate=0.2385; low_risk_default_rate=0.1243. More defensible screening policy: precision and FP improve with bounded review load.,recall<0.9,
heloc,SCRE-Optimized,manual_review_band:L_review_0_25_low_default_0_10,t_low=0.22; t_high=0.40,0.6770280515542078,0.8686770428015564,0.5501583949313622,0.7609714529186196,0.8054618516798903,0.8130412263027302,0.1826624630703946,0.0461492617621134,521,426,135,893,541.0,False,True,recall<0.9,,9.0,False,False,"Strict eligible; usable candidate, but not the lowest-cost ranked winner.",manual_review_band_optimized_heloc.csv,Three-way policy; expected_cost is remaining auto-decision cost. manual_review_rate=0.2385; low_risk_default_rate=0.1243. More defensible screening policy: precision and FP improve with bounded review load.,recall<0.9,
heloc,SCRE-Pareto,manual_review_band:B_manual_review_rate_0_25,t_low=0.17; t_high=0.36,0.6644688644688644,0.882295719844358,0.5163674762407603,0.7580442958629335,0.8055450552430572,0.8104075742041918,0.180072497474567,0.0276944558030183,489,458,121,907,543.0,False,True,recall<0.9,,10.0,False,False,"Strict eligible; usable candidate, but not the lowest-cost ranked winner.",manual_review_band_optimized_heloc.csv,Three-way policy; expected_cost is remaining auto-decision cost. manual_review_rate=0.2284; low_risk_default_rate=0.1069. More defensible screening policy: precision and FP improve with bounded review load.,recall<0.9,
heloc,SCRE-Pareto,manual_review_band:K_review_0_25_precision_0_40,t_low=0.17; t_high=0.36,0.6644688644688644,0.882295719844358,0.5163674762407603,0.7580442958629335,0.8055450552430572,0.8104075742041918,0.180072497474567,0.0276944558030183,489,458,121,907,543.0,False,True,recall<0.9,,11.0,False,False,"Strict eligible; usable candidate, but not the lowest-cost ranked winner.",manual_review_band_optimized_heloc.csv,Three-way policy; expected_cost is remaining auto-decision cost. manual_review_rate=0.2284; low_risk_default_rate=0.1069. More defensible screening policy: precision and FP improve with bounded review load.,recall<0.9,
heloc,Best Scorecard,manual_review_band:B_manual_review_rate_0_25,t_low=0.16; t_high=0.34,0.6627565982404692,0.8793774319066148,0.5142555438225976,0.7558528428093646,0.801480407101681,0.8038770280230678,0.1816523806088388,0.014207949481563,487,460,124,904,555.0,False,True,recall<0.9,,13.0,False,False,"Strict eligible; usable candidate, but not the lowest-cost ranked winner.",manual_review_band_optimized_heloc.csv,Three-way policy; expected_cost is remaining auto-decision cost. manual_review_rate=0.2238; low_risk_default_rate=0.1124. More defensible screening policy: precision and FP improve with bounded review load.,recall<0.9,
heloc,Best Scorecard,manual_review_band:K_review_0_25_precision_0_40,t_low=0.16; t_high=0.34,0.6627565982404692,0.8793774319066148,0.5142555438225976,0.7558528428093646,0.801480407101681,0.8038770280230678,0.1816523806088388,0.014207949481563,487,460,124,904,555.0,False,True,recall<0.9,,14.0,False,False,"Strict eligible; usable candidate, but not the lowest-cost ranked winner.",manual_review_band_optimized_heloc.csv,Three-way policy; expected_cost is remaining auto-decision cost. manual_review_rate=0.2238; low_risk_default_rate=0.1124. More defensible screening policy: precision and FP improve with bounded review load.,recall<0.9,
heloc,Best Scorecard,manual_review_band:L_review_0_25_low_default_0_10,t_low=0.16; t_high=0.34,0.6627565982404692,0.8793774319066148,0.5142555438225976,0.7558528428093646,0.801480407101681,0.8038770280230678,0.1816523806088388,0.014207949481563,487,460,124,904,555.0,False,True,recall<0.9,,15.0,False,False,"Strict eligible; usable candidate, but not the lowest-cost ranked winner.",manual_review_band_optimized_heloc.csv,Three-way policy; expected_cost is remaining auto-decision cost. manual_review_rate=0.2238; low_risk_default_rate=0.1124. More defensible screening policy: precision and FP improve with bounded review load.,recall<0.9,
heloc,Best CatBoost,manual_review_band:B_manual_review_rate_0_25,t_low=0.13; t_high=0.32,0.6515580736543909,0.8949416342412452,0.4804646251319958,0.7540983606557375,0.8040936153078122,0.8115982528808503,0.1802440277917598,0.0107832103485953,455,492,108,920,557.0,False,True,recall<0.9,,16.0,False,False,"Strict eligible; usable candidate, but not the lowest-cost ranked winner.",manual_review_band_optimized_heloc.csv,Three-way policy; expected_cost is remaining auto-decision cost. manual_review_rate=0.2223; low_risk_default_rate=0.1048. More defensible screening policy: precision and FP improve with bounded review load.,recall<0.9,
heloc,Best CatBoost,manual_review_band:K_review_0_25_precision_0_40,t_low=0.13; t_high=0.32,0.6515580736543909,0.8949416342412452,0.4804646251319958,0.7540983606557375,0.8040936153078122,0.8115982528808503,0.1802440277917598,0.0107832103485953,455,492,108,920,557.0,False,True,recall<0.9,,17.0,False,False,"Strict eligible; usable candidate, but not the lowest-cost ranked winner.",manual_review_band_optimized_heloc.csv,Three-way policy; expected_cost is remaining auto-decision cost. manual_review_rate=0.2223; low_risk_default_rate=0.1048. More defensible screening policy: precision and FP improve with bounded review load.,recall<0.9,
heloc,Best CatBoost,manual_review_band:L_review_0_25_low_default_0_10,t_low=0.13; t_high=0.32,0.6515580736543909,0.8949416342412452,0.4804646251319958,0.7540983606557375,0.8040936153078122,0.8115982528808503,0.1802440277917598,0.0107832103485953,455,492,108,920,557.0,False,True,recall<0.9,,18.0,False,False,"Strict eligible; usable candidate, but not the lowest-cost ranked winner.",manual_review_band_optimized_heloc.csv,Three-way policy; expected_cost is remaining auto-decision cost. manual_review_rate=0.2223; low_risk_default_rate=0.1048. More defensible screening policy: precision and FP improve with bounded review load.,recall<0.9,
heloc,Best CatBoost,cost_matrix:FN2_FP1,threshold=0.345,0.6679049034175334,0.8745136186770428,0.5279831045406547,0.7573715248525694,0.8040936153078122,0.8115982528808503,0.1802440277917598,0.0107832103485953,500,447,129,899,705.0,False,True,recall<0.9,,31.0,False,False,"Strict eligible; usable candidate, but not the lowest-cost ranked winner.",cost_matrix_sensitivity_heloc.csv,More conservative cost ratio; lower FP burden is prioritized.,recall<0.9,
heloc,SCRE-Optimized,cost_matrix:FN2_FP1,threshold=0.375,0.6584837545126354,0.8871595330739299,0.5005279831045406,0.7559055118110236,0.8054618516798903,0.8130412263027302,0.1826624630703945,0.0461492617621134,474,473,116,912,705.0,False,True,recall<0.9,,30.0,False,False,"Strict eligible; usable candidate, but not the lowest-cost ranked winner.",cost_matrix_sensitivity_heloc.csv,More conservative cost ratio; lower FP burden is prioritized.,recall<0.9,
heloc,Best Scorecard,cost_matrix:FN2_FP1,threshold=0.325,0.6563623292595255,0.8881322957198443,0.4952481520591341,0.7548573790822655,0.801480407101681,0.8038770280230678,0.1816523806088388,0.014207949481563,469,478,115,913,708.0,False,True,recall<0.9,,32.0,False,False,"Strict eligible; usable candidate, but not the lowest-cost ranked winner.",cost_matrix_sensitivity_heloc.csv,More conservative cost ratio; lower FP burden is prioritized.,recall<0.9,
heloc,Best LightGBM,cost_matrix:FN2_FP1,threshold=0.305,0.6369294605809128,0.8959143968871596,0.4456177402323125,0.7445432497978982,0.7873327197498552,0.7932806208861143,0.1882896306735732,0.0282064278391865,422,525,107,921,739.0,False,True,recall<0.9,,33.0,False,False,"Strict eligible; usable candidate, but not the lowest-cost ranked winner.",cost_matrix_sensitivity_heloc.csv,More conservative cost ratio; lower FP burden is prioritized.,recall<0.9,
heloc,XGBoost::xgboost_sample_weight_pos_1.5,imbalance_training:isotonic:cost_optimal_FN5_FP1,threshold=0.230,0.5952813067150635,0.9571984435797666,0.293558606124604,0.7340544572920552,0.7936490001191557,0.7777360019380524,0.1843629522600967,0.0203360784158902,278,669,44,984,889.0,False,False,pr_auc<0.78,,,False,False,Not eligible: ranking quality is below dataset minimum.,imbalance_training_variants_heloc.csv,sample_weight positive class=1.5; Calibration improves validation Brier and ECE.; More balanced than baseline CatBoost: precision improves and FP drops with tolerable recall loss.,pr_auc<0.78,precision<0.6; pr_auc<0.78
heloc,XGBoost::xgboost_sample_weight_pos_1.5,imbalance_training:isotonic:precision_0_40,threshold=0.230,0.5952813067150635,0.9571984435797666,0.293558606124604,0.7340544572920552,0.7936490001191557,0.7777360019380524,0.1843629522600967,0.0203360784158902,278,669,44,984,889.0,False,False,pr_auc<0.78,,,False,False,Not eligible: ranking quality is below dataset minimum.,imbalance_training_variants_heloc.csv,sample_weight positive class=1.5; Calibration improves validation Brier and ECE.; More balanced than baseline CatBoost: precision improves and FP drops with tolerable recall loss.,pr_auc<0.78,precision<0.6; pr_auc<0.78
heloc,XGBoost::xgboost_sample_weight_pos_1.5,imbalance_training:isotonic:precision_0_45,threshold=0.230,0.5952813067150635,0.9571984435797666,0.293558606124604,0.7340544572920552,0.7936490001191557,0.7777360019380524,0.1843629522600967,0.0203360784158902,278,669,44,984,889.0,False,False,pr_auc<0.78,,,False,False,Not eligible: ranking quality is below dataset minimum.,imbalance_training_variants_heloc.csv,sample_weight positive class=1.5; Calibration improves validation Brier and ECE.; More balanced than baseline CatBoost: precision improves and FP drops with tolerable recall loss.,pr_auc<0.78,precision<0.6; pr_auc<0.78
heloc,LightGBM::lightgbm_scale_pos_weight_3,imbalance_training:isotonic:cost_optimal_FN5_FP1,threshold=0.240,0.5652173913043478,0.9737354085603112,0.1869060190073917,0.7152554483744195,0.7819337329843578,0.7738680456257848,0.1897133824585096,0.02005487053377,177,770,27,1001,905.0,False,False,pr_auc<0.78,,,False,False,Not eligible: ranking quality is below dataset minimum.,imbalance_training_variants_heloc.csv,scale_pos_weight=3; Calibration improves validation Brier and ECE.; More balanced than baseline CatBoost: precision improves and FP drops with tolerable recall loss.,pr_auc<0.78,precision<0.6; pr_auc<0.78; specificity<0.2
heloc,LightGBM::lightgbm_scale_pos_weight_3,imbalance_training:isotonic:precision_0_40,threshold=0.240,0.5652173913043478,0.9737354085603112,0.1869060190073917,0.7152554483744195,0.7819337329843578,0.7738680456257848,0.1897133824585096,0.02005487053377,177,770,27,1001,905.0,False,False,pr_auc<0.78,,,False,False,Not eligible: ranking quality is below dataset minimum.,imbalance_training_variants_heloc.csv,scale_pos_weight=3; Calibration improves validation Brier and ECE.; More balanced than baseline CatBoost: precision improves and FP drops with tolerable recall loss.,pr_auc<0.78,precision<0.6; pr_auc<0.78; specificity<0.2
heloc,LightGBM::lightgbm_scale_pos_weight_3,imbalance_training:isotonic:precision_0_45,threshold=0.240,0.5652173913043478,0.9737354085603112,0.1869060190073917,0.7152554483744195,0.7819337329843578,0.7738680456257848,0.1897133824585096,0.02005487053377,177,770,27,1001,905.0,False,False,pr_auc<0.78,,,False,False,Not eligible: ranking quality is below dataset minimum.,imbalance_training_variants_heloc.csv,scale_pos_weight=3; Calibration improves validation Brier and ECE.; More balanced than baseline CatBoost: precision improves and FP drops with tolerable recall loss.,pr_auc<0.78,precision<0.6; pr_auc<0.78; specificity<0.2
heloc,XGBoost::xgboost_scale_pos_weight_3,imbalance_training:isotonic:cost_optimal_FN5_FP1,threshold=0.185,0.5836782968657599,0.9601167315175098,0.2565997888067582,0.7260022066936374,0.7922360803520435,0.776139657028343,0.1859513973939441,0.0229968634561938,243,704,41,987,909.0,False,False,pr_auc<0.78,,,False,False,Not eligible: ranking quality is below dataset minimum.,imbalance_training_variants_heloc.csv,scale_pos_weight=3; Calibration improves validation Brier and ECE.; More balanced than baseline CatBoost: precision improves and FP drops with tolerable recall loss.,pr_auc<0.78,precision<0.6; pr_auc<0.78
heloc,XGBoost::xgboost_scale_pos_weight_3,imbalance_training:isotonic:precision_0_40,threshold=0.185,0.5836782968657599,0.9601167315175098,0.2565997888067582,0.7260022066936374,0.7922360803520435,0.776139657028343,0.1859513973939441,0.0229968634561938,243,704,41,987,909.0,False,False,pr_auc<0.78,,,False,False,Not eligible: ranking quality is below dataset minimum.,imbalance_training_variants_heloc.csv,scale_pos_weight=3; Calibration improves validation Brier and ECE.; More balanced than baseline CatBoost: precision improves and FP drops with tolerable recall loss.,pr_auc<0.78,precision<0.6; pr_auc<0.78
heloc,XGBoost::xgboost_scale_pos_weight_3,imbalance_training:isotonic:precision_0_45,threshold=0.185,0.5836782968657599,0.9601167315175098,0.2565997888067582,0.7260022066936374,0.7922360803520435,0.776139657028343,0.1859513973939441,0.0229968634561938,243,704,41,987,909.0,False,False,pr_auc<0.78,,,False,False,Not eligible: ranking quality is below dataset minimum.,imbalance_training_variants_heloc.csv,scale_pos_weight=3; Calibration improves validation Brier and ECE.; More balanced than baseline CatBoost: precision improves and FP drops with tolerable recall loss.,pr_auc<0.78,precision<0.6; pr_auc<0.78
heloc,CatBoost::catboost_auto_sqrtbalanced,imbalance_training:uncalibrated:cost_optimal_FN5_FP1,threshold=0.110,0.5429791777896423,0.9892996108949416,0.0960929250263991,0.7011375387797312,0.8039138545231922,0.8133215328799779,0.1804106148051432,0.0164389178724883,91,856,11,1017,911.0,False,False,precision<0.55; specificity<0.1,,,False,False,Not eligible: precision is below the minimum acceptable operational threshold.,imbalance_training_variants_heloc.csv,auto_class_weights='SqrtBalanced'; Reference uncalibrated probability.; Weighting mainly increases recall and may worsen FP burden.,precision<0.55; specificity<0.1,precision<0.6; specificity<0.2
heloc,CatBoost::catboost_auto_sqrtbalanced,imbalance_training:uncalibrated:precision_0_40,threshold=0.110,0.5429791777896423,0.9892996108949416,0.0960929250263991,0.7011375387797312,0.8039138545231922,0.8133215328799779,0.1804106148051432,0.0164389178724883,91,856,11,1017,911.0,False,False,precision<0.55; specificity<0.1,,,False,False,Not eligible: precision is below the minimum acceptable operational threshold.,imbalance_training_variants_heloc.csv,auto_class_weights='SqrtBalanced'; Reference uncalibrated probability.; Weighting mainly increases recall and may worsen FP burden.,precision<0.55; specificity<0.1,precision<0.6; specificity<0.2
heloc,CatBoost::catboost_auto_sqrtbalanced,imbalance_training:uncalibrated:precision_0_45,threshold=0.110,0.5429791777896423,0.9892996108949416,0.0960929250263991,0.7011375387797312,0.8039138545231922,0.8133215328799779,0.1804106148051432,0.0164389178724883,91,856,11,1017,911.0,False,False,precision<0.55; specificity<0.1,,,False,False,Not eligible: precision is below the minimum acceptable operational threshold.,imbalance_training_variants_heloc.csv,auto_class_weights='SqrtBalanced'; Reference uncalibrated probability.; Weighting mainly increases recall and may worsen FP burden.,precision<0.55; specificity<0.1,precision<0.6; specificity<0.2
heloc,CatBoost::catboost_auto_sqrtbalanced,imbalance_training:sigmoid:cost_optimal_FN5_FP1,threshold=0.135,0.5448683503492746,0.9863813229571984,0.1055966209081309,0.7019730010384216,0.8039138545231922,0.8133215328799779,0.1804361135401728,0.0151452073477059,100,847,14,1014,917.0,False,False,precision<0.55,,,False,False,Not eligible: precision is below the minimum acceptable operational threshold.,imbalance_training_variants_heloc.csv,auto_class_weights='SqrtBalanced'; Calibration improves validation Brier and ECE.; Weighting mainly increases recall and may worsen FP burden.,precision<0.55,precision<0.6; specificity<0.2
heloc,CatBoost::catboost_auto_sqrtbalanced,imbalance_training:sigmoid:precision_0_40,threshold=0.135,0.5448683503492746,0.9863813229571984,0.1055966209081309,0.7019730010384216,0.8039138545231922,0.8133215328799779,0.1804361135401728,0.0151452073477059,100,847,14,1014,917.0,False,False,precision<0.55,,,False,False,Not eligible: precision is below the minimum acceptable operational threshold.,imbalance_training_variants_heloc.csv,auto_class_weights='SqrtBalanced'; Calibration improves validation Brier and ECE.; Weighting mainly increases recall and may worsen FP burden.,precision<0.55,precision<0.6; specificity<0.2
heloc,CatBoost::catboost_auto_sqrtbalanced,imbalance_training:sigmoid:precision_0_45,threshold=0.135,0.5448683503492746,0.9863813229571984,0.1055966209081309,0.7019730010384216,0.8039138545231922,0.8133215328799779,0.1804361135401728,0.0151452073477059,100,847,14,1014,917.0,False,False,precision<0.55,,,False,False,Not eligible: precision is below the minimum acceptable operational threshold.,imbalance_training_variants_heloc.csv,auto_class_weights='SqrtBalanced'; Calibration improves validation Brier and ECE.; Weighting mainly increases recall and may worsen FP burden.,precision<0.55,precision<0.6; specificity<0.2
heloc,CatBoost::catboost_auto_sqrtbalanced,imbalance_training:isotonic:cost_optimal_FN5_FP1,threshold=0.170,0.5464362850971922,0.9844357976653696,0.1129883843717001,0.7027777777777778,0.8006062560861865,0.7907187316457287,0.1819472951792783,0.024839481946387,107,840,16,1012,920.0,False,False,precision<0.55,,,False,False,Not eligible: precision is below the minimum acceptable operational threshold.,imbalance_training_variants_heloc.csv,auto_class_weights='SqrtBalanced'; Calibration improves validation Brier and ECE.; No clear operational improvement over baseline CatBoost.,precision<0.55,precision<0.6; specificity<0.2
heloc,CatBoost::catboost_auto_sqrtbalanced,imbalance_training:isotonic:precision_0_40,threshold=0.170,0.5464362850971922,0.9844357976653696,0.1129883843717001,0.7027777777777778,0.8006062560861865,0.7907187316457287,0.1819472951792783,0.024839481946387,107,840,16,1012,920.0,False,False,precision<0.55,,,False,False,Not eligible: precision is below the minimum acceptable operational threshold.,imbalance_training_variants_heloc.csv,auto_class_weights='SqrtBalanced'; Calibration improves validation Brier and ECE.; No clear operational improvement over baseline CatBoost.,precision<0.55,precision<0.6; specificity<0.2
heloc,CatBoost::catboost_auto_sqrtbalanced,imbalance_training:isotonic:precision_0_45,threshold=0.170,0.5464362850971922,0.9844357976653696,0.1129883843717001,0.7027777777777778,0.8006062560861865,0.7907187316457287,0.1819472951792783,0.024839481946387,107,840,16,1012,920.0,False,False,precision<0.55,,,False,False,Not eligible: precision is below the minimum acceptable operational threshold.,imbalance_training_variants_heloc.csv,auto_class_weights='SqrtBalanced'; Calibration improves validation Brier and ECE.; No clear operational improvement over baseline CatBoost.,precision<0.55,precision<0.6; specificity<0.2
heloc,SCRE-Optimized,cost_matrix:FN10_FP1,threshold=0.165,0.5271794871794871,1.0,0.0263991552270327,0.6903962390866353,0.8054618516798903,0.8130412263027302,0.1826624630703945,0.0461492617621134,25,922,0,1028,922.0,False,False,precision<0.55; specificity<0.1,,,False,False,Not eligible: precision is below the minimum acceptable operational threshold.,cost_matrix_sensitivity_heloc.csv,Higher FN cost keeps an aggressive screening threshold and protects recall.,precision<0.55; specificity<0.1,precision<0.6; specificity<0.2
heloc,Best LightGBM,current_threshold:cost_optimal_current,threshold=0.190,0.5464864864864865,0.9834630350194552,0.1140443505807814,0.7025712300208478,0.7873327197498552,0.7932806208861143,0.1882896306735732,0.0282064278391865,108,839,17,1011,924.0,False,False,precision<0.55,,,False,False,Not eligible: precision is below the minimum acceptable operational threshold.,current_threshold_baseline_heloc.csv,frozen final test row read from existing result table; source_model=lightgbm; selected on validation within family,precision<0.55,precision<0.6; specificity<0.2
heloc,Best LightGBM,current_threshold:operational_current,threshold=0.190,0.5464864864864865,0.9834630350194552,0.1140443505807814,0.7025712300208478,0.7873327197498552,0.7932806208861143,0.1882896306735732,0.0282064278391865,108,839,17,1011,924.0,False,False,precision<0.55,,,False,False,Not eligible: precision is below the minimum acceptable operational threshold.,current_threshold_baseline_heloc.csv,no manual-review band row for this model; operational threshold falls back to current cost-optimal threshold; same numeric threshold as cost_optimal_current; source_model=lightgbm; selected on validation within family,precision<0.55,precision<0.6; specificity<0.2
heloc,Best LightGBM,precision_constraint:A_min_precision_0_35,threshold=0.190,0.5464864864864865,0.9834630350194552,0.1140443505807814,0.7025712300208478,0.7873327197498552,0.7932806208861143,0.1882896306735732,0.0282064278391865,108,839,17,1011,924.0,False,False,precision<0.55,,,False,False,Not eligible: precision is below the minimum acceptable operational threshold.,precision_constrained_test_results_heloc.csv,"constraint keeps or improves FN5/FP1 cost; FP delta=0, precision delta=0.0000, recall delta=0.0000, cost delta=0; selected on validation.",precision<0.55,precision<0.6; specificity<0.2
heloc,Best LightGBM,precision_constraint:B_min_precision_0_40,threshold=0.190,0.5464864864864865,0.9834630350194552,0.1140443505807814,0.7025712300208478,0.7873327197498552,0.7932806208861143,0.1882896306735732,0.0282064278391865,108,839,17,1011,924.0,False,False,precision<0.55,,,False,False,Not eligible: precision is below the minimum acceptable operational threshold.,precision_constrained_test_results_heloc.csv,"constraint keeps or improves FN5/FP1 cost; FP delta=0, precision delta=0.0000, recall delta=0.0000, cost delta=0; selected on validation.",precision<0.55,precision<0.6; specificity<0.2
heloc,Best LightGBM,precision_constraint:C_min_precision_0_45,threshold=0.190,0.5464864864864865,0.9834630350194552,0.1140443505807814,0.7025712300208478,0.7873327197498552,0.7932806208861143,0.1882896306735732,0.0282064278391865,108,839,17,1011,924.0,False,False,precision<0.55,,,False,False,Not eligible: precision is below the minimum acceptable operational threshold.,precision_constrained_test_results_heloc.csv,"constraint keeps or improves FN5/FP1 cost; FP delta=0, precision delta=0.0000, recall delta=0.0000, cost delta=0; selected on validation.",precision<0.55,precision<0.6; specificity<0.2
heloc,Best LightGBM,precision_constraint:D_min_precision_0_50,threshold=0.190,0.5464864864864865,0.9834630350194552,0.1140443505807814,0.7025712300208478,0.7873327197498552,0.7932806208861143,0.1882896306735732,0.0282064278391865,108,839,17,1011,924.0,False,False,precision<0.55,,,False,False,Not eligible: precision is below the minimum acceptable operational threshold.,precision_constrained_test_results_heloc.csv,"constraint keeps or improves FN5/FP1 cost; FP delta=0, precision delta=0.0000, recall delta=0.0000, cost delta=0; selected on validation.",precision<0.55,precision<0.6; specificity<0.2
heloc,Best LightGBM,precision_constraint:H_fp_budget_2000,threshold=0.190,0.5464864864864865,0.9834630350194552,0.1140443505807814,0.7025712300208478,0.7873327197498552,0.7932806208861143,0.1882896306735732,0.0282064278391865,108,839,17,1011,924.0,False,False,precision<0.55,,,False,False,Not eligible: precision is below the minimum acceptable operational threshold.,precision_constrained_test_results_heloc.csv,"constraint keeps or improves FN5/FP1 cost; FP delta=0, precision delta=0.0000, recall delta=0.0000, cost delta=0; selected on validation.",precision<0.55,precision<0.6; specificity<0.2
heloc,Best LightGBM,precision_constraint:I_fp_budget_1750,threshold=0.190,0.5464864864864865,0.9834630350194552,0.1140443505807814,0.7025712300208478,0.7873327197498552,0.7932806208861143,0.1882896306735732,0.0282064278391865,108,839,17,1011,924.0,False,False,precision<0.55,,,False,False,Not eligible: precision is below the minimum acceptable operational threshold.,precision_constrained_test_results_heloc.csv,"constraint keeps or improves FN5/FP1 cost; FP delta=0, precision delta=0.0000, recall delta=0.0000, cost delta=0; selected on validation.",precision<0.55,precision<0.6; specificity<0.2
heloc,Best LightGBM,precision_constraint:J_fp_budget_1500,threshold=0.190,0.5464864864864865,0.9834630350194552,0.1140443505807814,0.7025712300208478,0.7873327197498552,0.7932806208861143,0.1882896306735732,0.0282064278391865,108,839,17,1011,924.0,False,False,precision<0.55,,,False,False,Not eligible: precision is below the minimum acceptable operational threshold.,precision_constrained_test_results_heloc.csv,"constraint keeps or improves FN5/FP1 cost; FP delta=0, precision delta=0.0000, recall delta=0.0000, cost delta=0; selected on validation.",precision<0.55,precision<0.6; specificity<0.2
heloc,Best LightGBM,precision_constraint:K_precision_0_40_recall_0_65,threshold=0.190,0.5464864864864865,0.9834630350194552,0.1140443505807814,0.7025712300208478,0.7873327197498552,0.7932806208861143,0.1882896306735732,0.0282064278391865,108,839,17,1011,924.0,False,False,precision<0.55,,,False,False,Not eligible: precision is below the minimum acceptable operational threshold.,precision_constrained_test_results_heloc.csv,"constraint keeps or improves FN5/FP1 cost; FP delta=0, precision delta=0.0000, recall delta=0.0000, cost delta=0; selected on validation.",precision<0.55,precision<0.6; specificity<0.2
heloc,Best LightGBM,precision_constraint:L_precision_0_45_recall_0_60,threshold=0.190,0.5464864864864865,0.9834630350194552,0.1140443505807814,0.7025712300208478,0.7873327197498552,0.7932806208861143,0.1882896306735732,0.0282064278391865,108,839,17,1011,924.0,False,False,precision<0.55,,,False,False,Not eligible: precision is below the minimum acceptable operational threshold.,precision_constrained_test_results_heloc.csv,"constraint keeps or improves FN5/FP1 cost; FP delta=0, precision delta=0.0000, recall delta=0.0000, cost delta=0; selected on validation.",precision<0.55,precision<0.6; specificity<0.2
heloc,Best LightGBM,cost_matrix:FN5_FP1,threshold=0.190,0.5464864864864865,0.9834630350194552,0.1140443505807814,0.7025712300208478,0.7873327197498552,0.7932806208861143,0.1882896306735732,0.0282064278391865,108,839,17,1011,924.0,False,False,precision<0.55,,,False,False,Not eligible: precision is below the minimum acceptable operational threshold.,cost_matrix_sensitivity_heloc.csv,Reference-like cost tradeoff; use alongside precision/specificity constraints.,precision<0.55,precision<0.6; specificity<0.2
heloc,LightGBM::lightgbm_scale_pos_weight_3,imbalance_training:uncalibrated:cost_optimal_FN5_FP1,threshold=0.125,0.5477223427331888,0.9824902723735408,0.1193241816261879,0.7033426183844012,0.7844318942883322,0.7968643164240395,0.209482867753993,0.1292637902308862,113,834,18,1010,924.0,False,False,precision<0.55,,,False,False,Not eligible: precision is below the minimum acceptable operational threshold.,imbalance_training_variants_heloc.csv,scale_pos_weight=3; Reference uncalibrated probability.; No clear operational improvement over baseline CatBoost.,precision<0.55,precision<0.6; specificity<0.2
heloc,LightGBM::lightgbm_scale_pos_weight_3,imbalance_training:uncalibrated:precision_0_40,threshold=0.125,0.5477223427331888,0.9824902723735408,0.1193241816261879,0.7033426183844012,0.7844318942883322,0.7968643164240395,0.209482867753993,0.1292637902308862,113,834,18,1010,924.0,False,False,precision<0.55,,,False,False,Not eligible: precision is below the minimum acceptable operational threshold.,imbalance_training_variants_heloc.csv,scale_pos_weight=3; Reference uncalibrated probability.; No clear operational improvement over baseline CatBoost.,precision<0.55,precision<0.6; specificity<0.2
heloc,LightGBM::lightgbm_scale_pos_weight_3,imbalance_training:uncalibrated:precision_0_45,threshold=0.125,0.5477223427331888,0.9824902723735408,0.1193241816261879,0.7033426183844012,0.7844318942883322,0.7968643164240395,0.209482867753993,0.1292637902308862,113,834,18,1010,924.0,False,False,precision<0.55,,,False,False,Not eligible: precision is below the minimum acceptable operational threshold.,imbalance_training_variants_heloc.csv,scale_pos_weight=3; Reference uncalibrated probability.; No clear operational improvement over baseline CatBoost.,precision<0.55,precision<0.6; specificity<0.2
heloc,SCRE-Pareto,cost_matrix:FN10_FP1,threshold=0.125,0.5291087068521381,0.9990272373540856,0.0348468848996832,0.6918154260693837,0.8055450552430572,0.8104075742041918,0.180072497474567,0.0276944558030183,33,914,1,1027,924.0,False,False,precision<0.55; specificity<0.1,,,False,False,Not eligible: precision is below the minimum acceptable operational threshold.,cost_matrix_sensitivity_heloc.csv,Higher FN cost keeps an aggressive screening threshold and protects recall.,precision<0.55; specificity<0.1,precision<0.6; specificity<0.2
heloc,LightGBM::lightgbm_baseline,imbalance_training:uncalibrated:cost_optimal_FN5_FP1,threshold=0.085,0.5496724890829694,0.9795719844357976,0.1288278775079197,0.7041958041958042,0.7812496147983186,0.789302612784146,0.1945523416544496,0.0627074954789293,122,825,21,1007,930.0,False,False,precision<0.55,,,False,False,Not eligible: precision is below the minimum acceptable operational threshold.,imbalance_training_variants_heloc.csv,baseline LightGBM; Reference uncalibrated probability.; No clear operational improvement over baseline CatBoost.,precision<0.55,precision<0.6; specificity<0.2
heloc,LightGBM::lightgbm_baseline,imbalance_training:uncalibrated:precision_0_40,threshold=0.085,0.5496724890829694,0.9795719844357976,0.1288278775079197,0.7041958041958042,0.7812496147983186,0.789302612784146,0.1945523416544496,0.0627074954789293,122,825,21,1007,930.0,False,False,precision<0.55,,,False,False,Not eligible: precision is below the minimum acceptable operational threshold.,imbalance_training_variants_heloc.csv,baseline LightGBM; Reference uncalibrated probability.; No clear operational improvement over baseline CatBoost.,precision<0.55,precision<0.6; specificity<0.2
heloc,LightGBM::lightgbm_baseline,imbalance_training:uncalibrated:precision_0_45,threshold=0.085,0.5496724890829694,0.9795719844357976,0.1288278775079197,0.7041958041958042,0.7812496147983186,0.789302612784146,0.1945523416544496,0.0627074954789293,122,825,21,1007,930.0,False,False,precision<0.55,,,False,False,Not eligible: precision is below the minimum acceptable operational threshold.,imbalance_training_variants_heloc.csv,baseline LightGBM; Reference uncalibrated probability.; No clear operational improvement over baseline CatBoost.,precision<0.55,precision<0.6; specificity<0.2
heloc,LightGBM::lightgbm_scale_pos_weight_1,imbalance_training:uncalibrated:cost_optimal_FN5_FP1,threshold=0.085,0.5496724890829694,0.9795719844357976,0.1288278775079197,0.7041958041958042,0.7812496147983186,0.789302612784146,0.1945523416544496,0.0627074954789293,122,825,21,1007,930.0,False,False,precision<0.55,,,False,False,Not eligible: precision is below the minimum acceptable operational threshold.,imbalance_training_variants_heloc.csv,scale_pos_weight=1; Reference uncalibrated probability.; No clear operational improvement over baseline CatBoost.,precision<0.55,precision<0.6; specificity<0.2
heloc,LightGBM::lightgbm_scale_pos_weight_1,imbalance_training:uncalibrated:precision_0_40,threshold=0.085,0.5496724890829694,0.9795719844357976,0.1288278775079197,0.7041958041958042,0.7812496147983186,0.789302612784146,0.1945523416544496,0.0627074954789293,122,825,21,1007,930.0,False,False,precision<0.55,,,False,False,Not eligible: precision is below the minimum acceptable operational threshold.,imbalance_training_variants_heloc.csv,scale_pos_weight=1; Reference uncalibrated probability.; No clear operational improvement over baseline CatBoost.,precision<0.55,precision<0.6; specificity<0.2
heloc,LightGBM::lightgbm_scale_pos_weight_1,imbalance_training:uncalibrated:precision_0_45,threshold=0.085,0.5496724890829694,0.9795719844357976,0.1288278775079197,0.7041958041958042,0.7812496147983186,0.789302612784146,0.1945523416544496,0.0627074954789293,122,825,21,1007,930.0,False,False,precision<0.55,,,False,False,Not eligible: precision is below the minimum acceptable operational threshold.,imbalance_training_variants_heloc.csv,scale_pos_weight=1; Reference uncalibrated probability.; No clear operational improvement over baseline CatBoost.,precision<0.55,precision<0.6; specificity<0.2
heloc,Best CatBoost,cost_matrix:FN10_FP1,threshold=0.090,0.5272073921971252,0.9990272373540856,0.027455121436114,0.6901881720430108,0.8040936153078122,0.8115982528808503,0.1802440277917598,0.0107832103485953,26,921,1,1027,931.0,False,False,precision<0.55; specificity<0.1,,,False,False,Not eligible: precision is below the minimum acceptable operational threshold.,cost_matrix_sensitivity_heloc.csv,Higher FN cost keeps an aggressive screening threshold and protects recall.,precision<0.55; specificity<0.1,precision<0.6; specificity<0.2
heloc,LightGBM::lightgbm_baseline,imbalance_training:isotonic:cost_optimal_FN5_FP1,threshold=0.170,0.5500273373428103,0.9785992217898832,0.1309398099260823,0.704235211760588,0.7774941552064887,0.7628776728069134,0.1914932067375384,0.0164681061422503,124,823,22,1006,933.0,False,False,pr_auc<0.78; roc_auc<0.78,,,False,False,Not eligible: ranking quality is below dataset minimum.,imbalance_training_variants_heloc.csv,baseline LightGBM; Calibration improves validation Brier and ECE.; No clear operational improvement over baseline CatBoost.,pr_auc<0.78; roc_auc<0.78,precision<0.6; pr_auc<0.78; roc_auc<0.78; specificity<0.2
heloc,LightGBM::lightgbm_baseline,imbalance_training:isotonic:precision_0_40,threshold=0.170,0.5500273373428103,0.9785992217898832,0.1309398099260823,0.704235211760588,0.7774941552064887,0.7628776728069134,0.1914932067375384,0.0164681061422503,124,823,22,1006,933.0,False,False,pr_auc<0.78; roc_auc<0.78,,,False,False,Not eligible: ranking quality is below dataset minimum.,imbalance_training_variants_heloc.csv,baseline LightGBM; Calibration improves validation Brier and ECE.; No clear operational improvement over baseline CatBoost.,pr_auc<0.78; roc_auc<0.78,precision<0.6; pr_auc<0.78; roc_auc<0.78; specificity<0.2
heloc,LightGBM::lightgbm_baseline,imbalance_training:isotonic:precision_0_45,threshold=0.170,0.5500273373428103,0.9785992217898832,0.1309398099260823,0.704235211760588,0.7774941552064887,0.7628776728069134,0.1914932067375384,0.0164681061422503,124,823,22,1006,933.0,False,False,pr_auc<0.78; roc_auc<0.78,,,False,False,Not eligible: ranking quality is below dataset minimum.,imbalance_training_variants_heloc.csv,baseline LightGBM; Calibration improves validation Brier and ECE.; No clear operational improvement over baseline CatBoost.,pr_auc<0.78; roc_auc<0.78,precision<0.6; pr_auc<0.78; roc_auc<0.78; specificity<0.2
heloc,LightGBM::lightgbm_scale_pos_weight_1,imbalance_training:isotonic:cost_optimal_FN5_FP1,threshold=0.170,0.5500273373428103,0.9785992217898832,0.1309398099260823,0.704235211760588,0.7774941552064887,0.7628776728069134,0.1914932067375384,0.0164681061422503,124,823,22,1006,933.0,False,False,pr_auc<0.78; roc_auc<0.78,,,False,False,Not eligible: ranking quality is below dataset minimum.,imbalance_training_variants_heloc.csv,scale_pos_weight=1; Calibration improves validation Brier and ECE.; No clear operational improvement over baseline CatBoost.,pr_auc<0.78; roc_auc<0.78,precision<0.6; pr_auc<0.78; roc_auc<0.78; specificity<0.2
heloc,LightGBM::lightgbm_scale_pos_weight_1,imbalance_training:isotonic:precision_0_40,threshold=0.170,0.5500273373428103,0.9785992217898832,0.1309398099260823,0.704235211760588,0.7774941552064887,0.7628776728069134,0.1914932067375384,0.0164681061422503,124,823,22,1006,933.0,False,False,pr_auc<0.78; roc_auc<0.78,,,False,False,Not eligible: ranking quality is below dataset minimum.,imbalance_training_variants_heloc.csv,scale_pos_weight=1; Calibration improves validation Brier and ECE.; No clear operational improvement over baseline CatBoost.,pr_auc<0.78; roc_auc<0.78,precision<0.6; pr_auc<0.78; roc_auc<0.78; specificity<0.2
heloc,LightGBM::lightgbm_scale_pos_weight_1,imbalance_training:isotonic:precision_0_45,threshold=0.170,0.5500273373428103,0.9785992217898832,0.1309398099260823,0.704235211760588,0.7774941552064887,0.7628776728069134,0.1914932067375384,0.0164681061422503,124,823,22,1006,933.0,False,False,pr_auc<0.78; roc_auc<0.78,,,False,False,Not eligible: ranking quality is below dataset minimum.,imbalance_training_variants_heloc.csv,scale_pos_weight=1; Calibration improves validation Brier and ECE.; No clear operational improvement over baseline CatBoost.,pr_auc<0.78; roc_auc<0.78,precision<0.6; pr_auc<0.78; roc_auc<0.78; specificity<0.2
heloc,LightGBM::lightgbm_is_unbalance,imbalance_training:isotonic:cost_optimal_FN5_FP1,threshold=0.175,0.5600448933782267,0.970817120622568,0.1721224920802534,0.710320284697509,0.7781053418741962,0.7721526107990646,0.1915847003959448,0.0174346256653583,163,784,30,998,934.0,False,False,pr_auc<0.78; roc_auc<0.78,,,False,False,Not eligible: ranking quality is below dataset minimum.,imbalance_training_variants_heloc.csv,is_unbalance=True; Calibration improves validation Brier and ECE.; More balanced than baseline CatBoost: precision improves and FP drops with tolerable recall loss.,pr_auc<0.78; roc_auc<0.78,precision<0.6; pr_auc<0.78; roc_auc<0.78; specificity<0.2
heloc,LightGBM::lightgbm_is_unbalance,imbalance_training:isotonic:precision_0_40,threshold=0.175,0.5600448933782267,0.970817120622568,0.1721224920802534,0.710320284697509,0.7781053418741962,0.7721526107990646,0.1915847003959448,0.0174346256653583,163,784,30,998,934.0,False,False,pr_auc<0.78; roc_auc<0.78,,,False,False,Not eligible: ranking quality is below dataset minimum.,imbalance_training_variants_heloc.csv,is_unbalance=True; Calibration improves validation Brier and ECE.; More balanced than baseline CatBoost: precision improves and FP drops with tolerable recall loss.,pr_auc<0.78; roc_auc<0.78,precision<0.6; pr_auc<0.78; roc_auc<0.78; specificity<0.2
heloc,LightGBM::lightgbm_is_unbalance,imbalance_training:isotonic:precision_0_45,threshold=0.175,0.5600448933782267,0.970817120622568,0.1721224920802534,0.710320284697509,0.7781053418741962,0.7721526107990646,0.1915847003959448,0.0174346256653583,163,784,30,998,934.0,False,False,pr_auc<0.78; roc_auc<0.78,,,False,False,Not eligible: ranking quality is below dataset minimum.,imbalance_training_variants_heloc.csv,is_unbalance=True; Calibration improves validation Brier and ECE.; More balanced than baseline CatBoost: precision improves and FP drops with tolerable recall loss.,pr_auc<0.78; roc_auc<0.78,precision<0.6; pr_auc<0.78; roc_auc<0.78; specificity<0.2
heloc,LightGBM::lightgbm_is_unbalance,imbalance_training:sigmoid:cost_optimal_FN5_FP1,threshold=0.205,0.5650938032973281,0.9669260700389104,0.1921858500527983,0.7133118048080374,0.7787750791974657,0.7872742161943191,0.191339651382584,0.0194891211835954,182,765,34,994,935.0,False,False,roc_auc<0.78,,,False,False,Not eligible: ranking quality is below dataset minimum.,imbalance_training_variants_heloc.csv,is_unbalance=True; Calibration improves validation Brier and ECE.; More balanced than baseline CatBoost: precision improves and FP drops with tolerable recall loss.,roc_auc<0.78,precision<0.6; roc_auc<0.78; specificity<0.2
heloc,LightGBM::lightgbm_is_unbalance,imbalance_training:sigmoid:precision_0_40,threshold=0.205,0.5650938032973281,0.9669260700389104,0.1921858500527983,0.7133118048080374,0.7787750791974657,0.7872742161943191,0.191339651382584,0.0194891211835954,182,765,34,994,935.0,False,False,roc_auc<0.78,,,False,False,Not eligible: ranking quality is below dataset minimum.,imbalance_training_variants_heloc.csv,is_unbalance=True; Calibration improves validation Brier and ECE.; More balanced than baseline CatBoost: precision improves and FP drops with tolerable recall loss.,roc_auc<0.78,precision<0.6; roc_auc<0.78; specificity<0.2
heloc,LightGBM::lightgbm_is_unbalance,imbalance_training:sigmoid:precision_0_45,threshold=0.205,0.5650938032973281,0.9669260700389104,0.1921858500527983,0.7133118048080374,0.7787750791974657,0.7872742161943191,0.191339651382584,0.0194891211835954,182,765,34,994,935.0,False,False,roc_auc<0.78,,,False,False,Not eligible: ranking quality is below dataset minimum.,imbalance_training_variants_heloc.csv,is_unbalance=True; Calibration improves validation Brier and ECE.; More balanced than baseline CatBoost: precision improves and FP drops with tolerable recall loss.,roc_auc<0.78,precision<0.6; roc_auc<0.78; specificity<0.2
heloc,LightGBM::lightgbm_scale_pos_weight_4,imbalance_training:isotonic:cost_optimal_FN5_FP1,threshold=0.190,0.5620767494356659,0.9688715953307392,0.1805702217529039,0.7114285714285714,0.7782619905579363,0.768459913547161,0.1907925627130678,0.0136465244950494,171,776,32,996,936.0,False,False,pr_auc<0.78; roc_auc<0.78,,,False,False,Not eligible: ranking quality is below dataset minimum.,imbalance_training_variants_heloc.csv,scale_pos_weight=4; Calibration improves validation Brier and ECE.; More balanced than baseline CatBoost: precision improves and FP drops with tolerable recall loss.,pr_auc<0.78; roc_auc<0.78,precision<0.6; pr_auc<0.78; roc_auc<0.78; specificity<0.2
heloc,LightGBM::lightgbm_scale_pos_weight_4,imbalance_training:isotonic:precision_0_40,threshold=0.190,0.5620767494356659,0.9688715953307392,0.1805702217529039,0.7114285714285714,0.7782619905579363,0.768459913547161,0.1907925627130678,0.0136465244950494,171,776,32,996,936.0,False,False,pr_auc<0.78; roc_auc<0.78,,,False,False,Not eligible: ranking quality is below dataset minimum.,imbalance_training_variants_heloc.csv,scale_pos_weight=4; Calibration improves validation Brier and ECE.; More balanced than baseline CatBoost: precision improves and FP drops with tolerable recall loss.,pr_auc<0.78; roc_auc<0.78,precision<0.6; pr_auc<0.78; roc_auc<0.78; specificity<0.2
heloc,LightGBM::lightgbm_scale_pos_weight_4,imbalance_training:isotonic:precision_0_45,threshold=0.190,0.5620767494356659,0.9688715953307392,0.1805702217529039,0.7114285714285714,0.7782619905579363,0.768459913547161,0.1907925627130678,0.0136465244950494,171,776,32,996,936.0,False,False,pr_auc<0.78; roc_auc<0.78,,,False,False,Not eligible: ranking quality is below dataset minimum.,imbalance_training_variants_heloc.csv,scale_pos_weight=4; Calibration improves validation Brier and ECE.; More balanced than baseline CatBoost: precision improves and FP drops with tolerable recall loss.,pr_auc<0.78; roc_auc<0.78,precision<0.6; pr_auc<0.78; roc_auc<0.78; specificity<0.2
heloc,LightGBM::lightgbm_class_weight_balanced,imbalance_training:uncalibrated:cost_optimal_FN5_FP1,threshold=0.080,0.5523127753303965,0.97568093385214,0.1414994720168954,0.7053445850914205,0.7797149712999066,0.7881301498675422,0.195182595524245,0.0639639287554071,134,813,25,1003,938.0,False,False,roc_auc<0.78,,,False,False,Not eligible: ranking quality is below dataset minimum.,imbalance_training_variants_heloc.csv,class_weight='balanced'; Reference uncalibrated probability.; No clear operational improvement over baseline CatBoost.,roc_auc<0.78,precision<0.6; roc_auc<0.78; specificity<0.2
heloc,LightGBM::lightgbm_class_weight_balanced,imbalance_training:uncalibrated:precision_0_40,threshold=0.080,0.5523127753303965,0.97568093385214,0.1414994720168954,0.7053445850914205,0.7797149712999066,0.7881301498675422,0.195182595524245,0.0639639287554071,134,813,25,1003,938.0,False,False,roc_auc<0.78,,,False,False,Not eligible: ranking quality is below dataset minimum.,imbalance_training_variants_heloc.csv,class_weight='balanced'; Reference uncalibrated probability.; No clear operational improvement over baseline CatBoost.,roc_auc<0.78,precision<0.6; roc_auc<0.78; specificity<0.2
heloc,LightGBM::lightgbm_class_weight_balanced,imbalance_training:uncalibrated:precision_0_45,threshold=0.080,0.5523127753303965,0.97568093385214,0.1414994720168954,0.7053445850914205,0.7797149712999066,0.7881301498675422,0.195182595524245,0.0639639287554071,134,813,25,1003,938.0,False,False,roc_auc<0.78,,,False,False,Not eligible: ranking quality is below dataset minimum.,imbalance_training_variants_heloc.csv,class_weight='balanced'; Reference uncalibrated probability.; No clear operational improvement over baseline CatBoost.,roc_auc<0.78,precision<0.6; roc_auc<0.78; specificity<0.2
heloc,LightGBM::lightgbm_is_unbalance,imbalance_training:uncalibrated:cost_optimal_FN5_FP1,threshold=0.100,0.5641316685584563,0.9669260700389104,0.1890179514255544,0.7125448028673834,0.7787750791974657,0.7872742161943191,0.1958919039618819,0.0659719805850732,179,768,34,994,938.0,False,False,roc_auc<0.78,,,False,False,Not eligible: ranking quality is below dataset minimum.,imbalance_training_variants_heloc.csv,is_unbalance=True; Reference uncalibrated probability.; More balanced than baseline CatBoost: precision improves and FP drops with tolerable recall loss.,roc_auc<0.78,precision<0.6; roc_auc<0.78; specificity<0.2
heloc,LightGBM::lightgbm_is_unbalance,imbalance_training:uncalibrated:precision_0_40,threshold=0.100,0.5641316685584563,0.9669260700389104,0.1890179514255544,0.7125448028673834,0.7787750791974657,0.7872742161943191,0.1958919039618819,0.0659719805850732,179,768,34,994,938.0,False,False,roc_auc<0.78,,,False,False,Not eligible: ranking quality is below dataset minimum.,imbalance_training_variants_heloc.csv,is_unbalance=True; Reference uncalibrated probability.; More balanced than baseline CatBoost: precision improves and FP drops with tolerable recall loss.,roc_auc<0.78,precision<0.6; roc_auc<0.78; specificity<0.2
heloc,LightGBM::lightgbm_is_unbalance,imbalance_training:uncalibrated:precision_0_45,threshold=0.100,0.5641316685584563,0.9669260700389104,0.1890179514255544,0.7125448028673834,0.7787750791974657,0.7872742161943191,0.1958919039618819,0.0659719805850732,179,768,34,994,938.0,False,False,roc_auc<0.78,,,False,False,Not eligible: ranking quality is below dataset minimum.,imbalance_training_variants_heloc.csv,is_unbalance=True; Reference uncalibrated probability.; More balanced than baseline CatBoost: precision improves and FP drops with tolerable recall loss.,roc_auc<0.78,precision<0.6; roc_auc<0.78; specificity<0.2
heloc,LightGBM::lightgbm_scale_pos_weight_1.5,imbalance_training:isotonic:cost_optimal_FN5_FP1,threshold=0.200,0.569620253164557,0.9630350194552528,0.2101372756071805,0.7158351409978309,0.7822470303518381,0.770698548646717,0.1895845070650229,0.0217389304261165,199,748,38,990,938.0,False,False,pr_auc<0.78,,,False,False,Not eligible: ranking quality is below dataset minimum.,imbalance_training_variants_heloc.csv,scale_pos_weight=1.5; Calibration improves validation Brier and ECE.; More balanced than baseline CatBoost: precision improves and FP drops with tolerable recall loss.,pr_auc<0.78,precision<0.6; pr_auc<0.78
heloc,LightGBM::lightgbm_scale_pos_weight_1.5,imbalance_training:isotonic:precision_0_40,threshold=0.200,0.569620253164557,0.9630350194552528,0.2101372756071805,0.7158351409978309,0.7822470303518381,0.770698548646717,0.1895845070650229,0.0217389304261165,199,748,38,990,938.0,False,False,pr_auc<0.78,,,False,False,Not eligible: ranking quality is below dataset minimum.,imbalance_training_variants_heloc.csv,scale_pos_weight=1.5; Calibration improves validation Brier and ECE.; More balanced than baseline CatBoost: precision improves and FP drops with tolerable recall loss.,pr_auc<0.78,precision<0.6; pr_auc<0.78
heloc,LightGBM::lightgbm_scale_pos_weight_1.5,imbalance_training:isotonic:precision_0_45,threshold=0.200,0.569620253164557,0.9630350194552528,0.2101372756071805,0.7158351409978309,0.7822470303518381,0.770698548646717,0.1895845070650229,0.0217389304261165,199,748,38,990,938.0,False,False,pr_auc<0.78,,,False,False,Not eligible: ranking quality is below dataset minimum.,imbalance_training_variants_heloc.csv,scale_pos_weight=1.5; Calibration improves validation Brier and ECE.; More balanced than baseline CatBoost: precision improves and FP drops with tolerable recall loss.,pr_auc<0.78,precision<0.6; pr_auc<0.78
heloc,LightGBM::lightgbm_class_weight_balanced,imbalance_training:sigmoid:cost_optimal_FN5_FP1,threshold=0.180,0.5517051705170517,0.97568093385214,0.1393875395987328,0.7048489107519325,0.7797149712999066,0.7881301498675422,0.1910012341937973,0.0264769774442713,132,815,25,1003,940.0,False,False,roc_auc<0.78,,,False,False,Not eligible: ranking quality is below dataset minimum.,imbalance_training_variants_heloc.csv,class_weight='balanced'; Calibration improves validation Brier and ECE.; No clear operational improvement over baseline CatBoost.,roc_auc<0.78,precision<0.6; roc_auc<0.78; specificity<0.2
heloc,LightGBM::lightgbm_class_weight_balanced,imbalance_training:sigmoid:precision_0_40,threshold=0.180,0.5517051705170517,0.97568093385214,0.1393875395987328,0.7048489107519325,0.7797149712999066,0.7881301498675422,0.1910012341937973,0.0264769774442713,132,815,25,1003,940.0,False,False,roc_auc<0.78,,,False,False,Not eligible: ranking quality is below dataset minimum.,imbalance_training_variants_heloc.csv,class_weight='balanced'; Calibration improves validation Brier and ECE.; No clear operational improvement over baseline CatBoost.,roc_auc<0.78,precision<0.6; roc_auc<0.78; specificity<0.2
heloc,LightGBM::lightgbm_class_weight_balanced,imbalance_training:sigmoid:precision_0_45,threshold=0.180,0.5517051705170517,0.97568093385214,0.1393875395987328,0.7048489107519325,0.7797149712999066,0.7881301498675422,0.1910012341937973,0.0264769774442713,132,815,25,1003,940.0,False,False,roc_auc<0.78,,,False,False,Not eligible: ranking quality is below dataset minimum.,imbalance_training_variants_heloc.csv,class_weight='balanced'; Calibration improves validation Brier and ECE.; No clear operational improvement over baseline CatBoost.,roc_auc<0.78,precision<0.6; roc_auc<0.78; specificity<0.2
heloc,LightGBM::lightgbm_scale_pos_weight_2,imbalance_training:isotonic:cost_optimal_FN5_FP1,threshold=0.215,0.5760233918128655,0.958171206225681,0.2344244984160506,0.7195032870708546,0.7800169694180682,0.772306889563171,0.1912838617056934,0.0115091483044393,222,725,43,985,940.0,False,False,pr_auc<0.78,,,False,False,Not eligible: ranking quality is below dataset minimum.,imbalance_training_variants_heloc.csv,scale_pos_weight=2; Calibration improves validation Brier and ECE.; More balanced than baseline CatBoost: precision improves and FP drops with tolerable recall loss.,pr_auc<0.78,precision<0.6; pr_auc<0.78
heloc,LightGBM::lightgbm_scale_pos_weight_2,imbalance_training:isotonic:precision_0_40,threshold=0.215,0.5760233918128655,0.958171206225681,0.2344244984160506,0.7195032870708546,0.7800169694180682,0.772306889563171,0.1912838617056934,0.0115091483044393,222,725,43,985,940.0,False,False,pr_auc<0.78,,,False,False,Not eligible: ranking quality is below dataset minimum.,imbalance_training_variants_heloc.csv,scale_pos_weight=2; Calibration improves validation Brier and ECE.; More balanced than baseline CatBoost: precision improves and FP drops with tolerable recall loss.,pr_auc<0.78,precision<0.6; pr_auc<0.78
heloc,LightGBM::lightgbm_scale_pos_weight_2,imbalance_training:isotonic:precision_0_45,threshold=0.215,0.5760233918128655,0.958171206225681,0.2344244984160506,0.7195032870708546,0.7800169694180682,0.772306889563171,0.1912838617056934,0.0115091483044393,222,725,43,985,940.0,False,False,pr_auc<0.78,,,False,False,Not eligible: ranking quality is below dataset minimum.,imbalance_training_variants_heloc.csv,scale_pos_weight=2; Calibration improves validation Brier and ECE.; More balanced than baseline CatBoost: precision improves and FP drops with tolerable recall loss.,pr_auc<0.78,precision<0.6; pr_auc<0.78
heloc,Best LightGBM,cost_matrix:FN10_FP1,threshold=0.165,0.5218274111675127,1.0,0.0052798310454065,0.685790527018012,0.7873327197498552,0.7932806208861143,0.1882896306735732,0.0282064278391865,5,942,0,1028,942.0,False,False,precision<0.55; specificity<0.1,,,False,False,Not eligible: precision is below the minimum acceptable operational threshold.,cost_matrix_sensitivity_heloc.csv,Higher FN cost keeps an aggressive screening threshold and protects recall.,precision<0.55; specificity<0.1,precision<0.6; specificity<0.2
heloc,LightGBM::lightgbm_class_weight_balanced,imbalance_training:isotonic:cost_optimal_FN5_FP1,threshold=0.200,0.5523704520396913,0.9747081712062255,0.1425554382259767,0.705137227304715,0.7786872532141228,0.7709181786315847,0.1918844812228527,0.0213737345073578,135,812,26,1002,942.0,False,False,pr_auc<0.78; roc_auc<0.78,,,False,False,Not eligible: ranking quality is below dataset minimum.,imbalance_training_variants_heloc.csv,class_weight='balanced'; Calibration improves validation Brier and ECE.; More balanced than baseline CatBoost: precision improves and FP drops with tolerable recall loss.,pr_auc<0.78; roc_auc<0.78,precision<0.6; pr_auc<0.78; roc_auc<0.78; specificity<0.2
heloc,LightGBM::lightgbm_class_weight_balanced,imbalance_training:isotonic:precision_0_40,threshold=0.200,0.5523704520396913,0.9747081712062255,0.1425554382259767,0.705137227304715,0.7786872532141228,0.7709181786315847,0.1918844812228527,0.0213737345073578,135,812,26,1002,942.0,False,False,pr_auc<0.78; roc_auc<0.78,,,False,False,Not eligible: ranking quality is below dataset minimum.,imbalance_training_variants_heloc.csv,class_weight='balanced'; Calibration improves validation Brier and ECE.; More balanced than baseline CatBoost: precision improves and FP drops with tolerable recall loss.,pr_auc<0.78; roc_auc<0.78,precision<0.6; pr_auc<0.78; roc_auc<0.78; specificity<0.2
heloc,LightGBM::lightgbm_class_weight_balanced,imbalance_training:isotonic:precision_0_45,threshold=0.200,0.5523704520396913,0.9747081712062255,0.1425554382259767,0.705137227304715,0.7786872532141228,0.7709181786315847,0.1918844812228527,0.0213737345073578,135,812,26,1002,942.0,False,False,pr_auc<0.78; roc_auc<0.78,,,False,False,Not eligible: ranking quality is below dataset minimum.,imbalance_training_variants_heloc.csv,class_weight='balanced'; Calibration improves validation Brier and ECE.; More balanced than baseline CatBoost: precision improves and FP drops with tolerable recall loss.,pr_auc<0.78; roc_auc<0.78,precision<0.6; pr_auc<0.78; roc_auc<0.78; specificity<0.2
heloc,LightGBM::lightgbm_scale_pos_weight_2.5,imbalance_training:isotonic:cost_optimal_FN5_FP1,threshold=0.265,0.5808170515097691,0.9542801556420234,0.2523759239704329,0.72211998527788,0.780396521474737,0.7752404482728434,0.1908325218925629,0.0146050189899606,239,708,47,981,943.0,False,False,pr_auc<0.78,,,False,False,Not eligible: ranking quality is below dataset minimum.,imbalance_training_variants_heloc.csv,scale_pos_weight=2.5; Calibration improves validation Brier and ECE.; More balanced than baseline CatBoost: precision improves and FP drops with tolerable recall loss.,pr_auc<0.78,precision<0.6; pr_auc<0.78
heloc,LightGBM::lightgbm_scale_pos_weight_2.5,imbalance_training:isotonic:precision_0_40,threshold=0.265,0.5808170515097691,0.9542801556420234,0.2523759239704329,0.72211998527788,0.780396521474737,0.7752404482728434,0.1908325218925629,0.0146050189899606,239,708,47,981,943.0,False,False,pr_auc<0.78,,,False,False,Not eligible: ranking quality is below dataset minimum.,imbalance_training_variants_heloc.csv,scale_pos_weight=2.5; Calibration improves validation Brier and ECE.; More balanced than baseline CatBoost: precision improves and FP drops with tolerable recall loss.,pr_auc<0.78,precision<0.6; pr_auc<0.78
heloc,LightGBM::lightgbm_scale_pos_weight_2.5,imbalance_training:isotonic:precision_0_45,threshold=0.265,0.5808170515097691,0.9542801556420234,0.2523759239704329,0.72211998527788,0.780396521474737,0.7752404482728434,0.1908325218925629,0.0146050189899606,239,708,47,981,943.0,False,False,pr_auc<0.78,,,False,False,Not eligible: ranking quality is below dataset minimum.,imbalance_training_variants_heloc.csv,scale_pos_weight=2.5; Calibration improves validation Brier and ECE.; More balanced than baseline CatBoost: precision improves and FP drops with tolerable recall loss.,pr_auc<0.78,precision<0.6; pr_auc<0.78
heloc,LightGBM::lightgbm_scale_pos_weight_3.5,imbalance_training:isotonic:cost_optimal_FN5_FP1,threshold=0.170,0.5218718209562564,0.9980544747081712,0.0073917634635691,0.6853707414829661,0.7808413010161107,0.7702023924683619,0.1901903442842329,0.02683480650389,7,940,2,1026,950.0,False,False,precision<0.55; pr_auc<0.78; specificity<0.1,,,False,False,Not eligible: precision is below the minimum acceptable operational threshold.,imbalance_training_variants_heloc.csv,scale_pos_weight=3.5; Calibration improves validation Brier and ECE.; Weighting mainly increases recall and may worsen FP burden.,precision<0.55; pr_auc<0.78; specificity<0.1,precision<0.6; pr_auc<0.78; specificity<0.2
heloc,LightGBM::lightgbm_scale_pos_weight_3.5,imbalance_training:isotonic:precision_0_40,threshold=0.170,0.5218718209562564,0.9980544747081712,0.0073917634635691,0.6853707414829661,0.7808413010161107,0.7702023924683619,0.1901903442842329,0.02683480650389,7,940,2,1026,950.0,False,False,precision<0.55; pr_auc<0.78; specificity<0.1,,,False,False,Not eligible: precision is below the minimum acceptable operational threshold.,imbalance_training_variants_heloc.csv,scale_pos_weight=3.5; Calibration improves validation Brier and ECE.; Weighting mainly increases recall and may worsen FP burden.,precision<0.55; pr_auc<0.78; specificity<0.1,precision<0.6; pr_auc<0.78; specificity<0.2
heloc,LightGBM::lightgbm_scale_pos_weight_3.5,imbalance_training:isotonic:precision_0_45,threshold=0.170,0.5218718209562564,0.9980544747081712,0.0073917634635691,0.6853707414829661,0.7808413010161107,0.7702023924683619,0.1901903442842329,0.02683480650389,7,940,2,1026,950.0,False,False,precision<0.55; pr_auc<0.78; specificity<0.1,,,False,False,Not eligible: precision is below the minimum acceptable operational threshold.,imbalance_training_variants_heloc.csv,scale_pos_weight=3.5; Calibration improves validation Brier and ECE.; Weighting mainly increases recall and may worsen FP burden.,precision<0.55; pr_auc<0.78; specificity<0.1,precision<0.6; pr_auc<0.78; specificity<0.2
heloc,LightGBM::lightgbm_scale_pos_weight_3.5,imbalance_training:uncalibrated:cost_optimal_FN5_FP1,threshold=0.035,0.5216065073716319,0.9980544747081712,0.0063357972544878,0.6851419031719532,0.782758578184642,0.7917847778254918,0.2142700884190811,0.1440488372626347,6,941,2,1026,951.0,False,False,precision<0.55; specificity<0.1,,,False,False,Not eligible: precision is below the minimum acceptable operational threshold.,imbalance_training_variants_heloc.csv,scale_pos_weight=3.5; Reference uncalibrated probability.; Weighting mainly increases recall and may worsen FP burden.,precision<0.55; specificity<0.1,precision<0.6; specificity<0.2
heloc,LightGBM::lightgbm_scale_pos_weight_3.5,imbalance_training:uncalibrated:precision_0_40,threshold=0.035,0.5216065073716319,0.9980544747081712,0.0063357972544878,0.6851419031719532,0.782758578184642,0.7917847778254918,0.2142700884190811,0.1440488372626347,6,941,2,1026,951.0,False,False,precision<0.55; specificity<0.1,,,False,False,Not eligible: precision is below the minimum acceptable operational threshold.,imbalance_training_variants_heloc.csv,scale_pos_weight=3.5; Reference uncalibrated probability.; Weighting mainly increases recall and may worsen FP burden.,precision<0.55; specificity<0.1,precision<0.6; specificity<0.2
heloc,LightGBM::lightgbm_scale_pos_weight_3.5,imbalance_training:uncalibrated:precision_0_45,threshold=0.035,0.5216065073716319,0.9980544747081712,0.0063357972544878,0.6851419031719532,0.782758578184642,0.7917847778254918,0.2142700884190811,0.1440488372626347,6,941,2,1026,951.0,False,False,precision<0.55; specificity<0.1,,,False,False,Not eligible: precision is below the minimum acceptable operational threshold.,imbalance_training_variants_heloc.csv,scale_pos_weight=3.5; Reference uncalibrated probability.; Weighting mainly increases recall and may worsen FP burden.,precision<0.55; specificity<0.1,precision<0.6; specificity<0.2
heloc,LightGBM::lightgbm_scale_pos_weight_3.5,imbalance_training:sigmoid:cost_optimal_FN5_FP1,threshold=0.075,0.5216065073716319,0.9980544747081712,0.0063357972544878,0.6851419031719532,0.782758578184642,0.7917847778254918,0.1900280122045571,0.0272488296648066,6,941,2,1026,951.0,False,False,precision<0.55; specificity<0.1,,,False,False,Not eligible: precision is below the minimum acceptable operational threshold.,imbalance_training_variants_heloc.csv,scale_pos_weight=3.5; Calibration improves validation Brier and ECE.; Weighting mainly increases recall and may worsen FP burden.,precision<0.55; specificity<0.1,precision<0.6; specificity<0.2
heloc,LightGBM::lightgbm_scale_pos_weight_3.5,imbalance_training:sigmoid:precision_0_40,threshold=0.075,0.5216065073716319,0.9980544747081712,0.0063357972544878,0.6851419031719532,0.782758578184642,0.7917847778254918,0.1900280122045571,0.0272488296648066,6,941,2,1026,951.0,False,False,precision<0.55; specificity<0.1,,,False,False,Not eligible: precision is below the minimum acceptable operational threshold.,imbalance_training_variants_heloc.csv,scale_pos_weight=3.5; Calibration improves validation Brier and ECE.; Weighting mainly increases recall and may worsen FP burden.,precision<0.55; specificity<0.1,precision<0.6; specificity<0.2
heloc,LightGBM::lightgbm_scale_pos_weight_3.5,imbalance_training:sigmoid:precision_0_45,threshold=0.075,0.5216065073716319,0.9980544747081712,0.0063357972544878,0.6851419031719532,0.782758578184642,0.7917847778254918,0.1900280122045571,0.0272488296648066,6,941,2,1026,951.0,False,False,precision<0.55; specificity<0.1,,,False,False,Not eligible: precision is below the minimum acceptable operational threshold.,imbalance_training_variants_heloc.csv,scale_pos_weight=3.5; Calibration improves validation Brier and ECE.; Weighting mainly increases recall and may worsen FP burden.,precision<0.55; specificity<0.1,precision<0.6; specificity<0.2
heloc,Old SCRE-Credit,cost_matrix:FN10_FP1,threshold=0.140,0.5306016597510373,0.995136186770428,0.0443505807814149,0.6921515561569689,0.8031069854013699,0.7939090859748776,0.1816509604613032,0.0221286246684385,42,905,5,1023,955.0,False,False,precision<0.55; specificity<0.1,,,False,False,Not eligible: precision is below the minimum acceptable operational threshold.,cost_matrix_sensitivity_heloc.csv,Higher FN cost keeps an aggressive screening threshold and protects recall.,precision<0.55; specificity<0.1,precision<0.6; specificity<0.2
heloc,Best Scorecard,cost_matrix:FN10_FP1,threshold=0.135,0.5426894343649946,0.9892996108949416,0.0950369588173178,0.7008959338387319,0.801480407101681,0.8038770280230678,0.1816523806088388,0.014207949481563,90,857,11,1017,967.0,False,False,precision<0.55; specificity<0.1,,,False,False,Not eligible: precision is below the minimum acceptable operational threshold.,cost_matrix_sensitivity_heloc.csv,Higher FN cost keeps an aggressive screening threshold and protects recall.,precision<0.55; specificity<0.1,precision<0.6; specificity<0.2
heloc,Best XGBoost,cost_matrix:FN10_FP1,threshold=0.090,0.5276485788113695,0.9931906614785992,0.0348468848996832,0.6891663854201823,0.8034243915867845,0.8049379257181238,0.1805361226302977,0.0204289726453994,33,914,7,1021,984.0,False,False,precision<0.55; specificity<0.1,,,False,False,Not eligible: precision is below the minimum acceptable operational threshold.,cost_matrix_sensitivity_heloc.csv,Higher FN cost keeps an aggressive screening threshold and protects recall.,precision<0.55; specificity<0.1,precision<0.6; specificity<0.2
heloc,Best CatBoost,cost_matrix:FN2_FP2,threshold=0.495,0.7327188940092166,0.7733463035019456,0.6937697993664202,0.7524846190250829,0.8040936153078122,0.8115982528808503,0.1802440277917598,0.0107832103485953,657,290,233,795,1046.0,False,False,recall<0.9,,,False,False,Not eligible: recall is too low for screening/default capture.,cost_matrix_sensitivity_heloc.csv,Higher FP cost pushes threshold upward; precision/specificity improve at the cost of recall.,recall<0.9,recall<0.85
heloc,XGBoost::xgboost_scale_pos_weight_2_5,imbalance_training:uncalibrated:default_0_50,threshold=0.500,0.6494334277620396,0.892023346303502,0.4772967265047518,0.7516393442622952,0.7972092908591127,0.7998966925441662,0.2050003336703367,0.1384857087120225,452,495,111,917,1050.0,False,True,recall<0.9,,87.0,False,False,"Strict eligible; usable candidate, but not the lowest-cost ranked winner.",imbalance_training_variants_heloc.csv,scale_pos_weight=2.5; Reference uncalibrated probability.; More balanced than baseline CatBoost: precision improves and FP drops with tolerable recall loss.,recall<0.9,
heloc,SCRE-Pareto,cost_matrix:FN2_FP2,threshold=0.525,0.7455795677799607,0.7383268482490273,0.7265047518479408,0.7419354838709679,0.8055450552430572,0.8104075742041918,0.180072497474567,0.0276944558030183,688,259,269,759,1056.0,False,False,recall<0.9,,,False,False,Not eligible: recall is too low for screening/default capture.,cost_matrix_sensitivity_heloc.csv,Higher FP cost pushes threshold upward; precision/specificity improve at the cost of recall.,recall<0.9,recall<0.85
heloc,Old SCRE-Credit,cost_matrix:FN2_FP2,threshold=0.500,0.7448478900883219,0.7383268482490273,0.7254487856388595,0.7415730337078652,0.8031069854013699,0.7939090859748776,0.1816509604613032,0.0221286246684385,687,260,269,759,1058.0,False,False,recall<0.9,,,False,False,Not eligible: recall is too low for screening/default capture.,cost_matrix_sensitivity_heloc.csv,Higher FP cost pushes threshold upward; precision/specificity improve at the cost of recall.,recall<0.9,recall<0.85
heloc,SCRE-Optimized,cost_matrix:FN2_FP2,threshold=0.525,0.743614931237721,0.7363813229571985,0.7243928194297783,0.739980449657869,0.8054618516798903,0.8130412263027302,0.1826624630703945,0.0461492617621134,686,261,271,757,1064.0,False,False,recall<0.9,,,False,False,Not eligible: recall is too low for screening/default capture.,cost_matrix_sensitivity_heloc.csv,Higher FP cost pushes threshold upward; precision/specificity improve at the cost of recall.,recall<0.9,recall<0.85
heloc,Best Scorecard,cost_matrix:FN2_FP2,threshold=0.465,0.7149122807017544,0.7928015564202334,0.6568109820485745,0.7518450184501845,0.801480407101681,0.8038770280230678,0.1816523806088388,0.014207949481563,622,325,213,815,1076.0,False,False,recall<0.9,,,False,False,Not eligible: recall is too low for screening/default capture.,cost_matrix_sensitivity_heloc.csv,Higher FP cost pushes threshold upward; precision/specificity improve at the cost of recall.,recall<0.9,recall<0.85
heloc,Best XGBoost,cost_matrix:FN2_FP2,threshold=0.535,0.7428003972194638,0.7276264591439688,0.7265047518479408,0.7351351351351352,0.8034243915867845,0.8049379257181238,0.1805361226302977,0.0204289726453994,688,259,280,748,1078.0,False,False,recall<0.9,,,False,False,Not eligible: recall is too low for screening/default capture.,cost_matrix_sensitivity_heloc.csv,Higher FP cost pushes threshold upward; precision/specificity improve at the cost of recall.,recall<0.9,recall<0.85
heloc,CatBoost::catboost_class_weight_pos_2,imbalance_training:uncalibrated:default_0_50,threshold=0.500,0.6664201183431953,0.8764591439688716,0.5237592397043295,0.7571428571428572,0.8023227147781855,0.8119937893258402,0.1968632020810656,0.1145162579112792,496,451,127,901,1086.0,False,True,recall<0.9,,88.0,False,False,"Strict eligible; usable candidate, but not the lowest-cost ranked winner.",imbalance_training_variants_heloc.csv,custom class_weights positive_weight=2; Reference uncalibrated probability.; More balanced than baseline CatBoost: precision improves and FP drops with tolerable recall loss.,recall<0.9,
heloc,Best LightGBM,cost_matrix:FN2_FP2,threshold=0.495,0.7191528545119705,0.7597276264591439,0.6779303062302007,0.738883632923368,0.7873327197498552,0.7932806208861143,0.1882896306735732,0.0282064278391865,642,305,247,781,1104.0,False,False,recall<0.9,,,False,False,Not eligible: recall is too low for screening/default capture.,cost_matrix_sensitivity_heloc.csv,Higher FP cost pushes threshold upward; precision/specificity improve at the cost of recall.,recall<0.9,recall<0.85
heloc,LightGBM::lightgbm_scale_pos_weight_3.5,imbalance_training:uncalibrated:default_0_50,threshold=0.500,0.6576444769568398,0.8745136186770428,0.5058078141499472,0.7507306889352819,0.782758578184642,0.7917847778254918,0.2142700884190811,0.1440488372626347,479,468,129,899,1113.0,False,True,recall<0.9,,89.0,False,False,"Strict eligible; usable candidate, but not the lowest-cost ranked winner.",imbalance_training_variants_heloc.csv,scale_pos_weight=3.5; Reference uncalibrated probability.; More balanced than baseline CatBoost: precision improves and FP drops with tolerable recall loss.,recall<0.9,
heloc,Best XGBoost,precision_constraint:E_min_specificity_0_60,threshold=0.410,0.695583596214511,0.857976653696498,0.5923970432946146,0.7682926829268293,0.8034243915867845,0.8049379257181238,0.1805361226302977,0.0204289726453994,561,386,146,882,1116.0,False,True,recall<0.9,,90.0,False,False,"Strict eligible; usable candidate, but not the lowest-cost ranked winner.",precision_constrained_test_results_heloc.csv,"balanced FP reduction with tolerable recall loss; FP delta=-230, precision delta=0.0845, recall delta=-0.0837, cost delta=200; selected on validation.",recall<0.9,
heloc,Best XGBoost,precision_constraint:M_precision_0_40_specificity_0_60,threshold=0.410,0.695583596214511,0.857976653696498,0.5923970432946146,0.7682926829268293,0.8034243915867845,0.8049379257181238,0.1805361226302977,0.0204289726453994,561,386,146,882,1116.0,False,True,recall<0.9,,91.0,False,False,"Strict eligible; usable candidate, but not the lowest-cost ranked winner.",precision_constrained_test_results_heloc.csv,"balanced FP reduction with tolerable recall loss; FP delta=-230, precision delta=0.0845, recall delta=-0.0837, cost delta=200; selected on validation.",recall<0.9,
heloc,Best XGBoost,precision_constraint:N_precision_0_45_specificity_0_60,threshold=0.410,0.695583596214511,0.857976653696498,0.5923970432946146,0.7682926829268293,0.8034243915867845,0.8049379257181238,0.1805361226302977,0.0204289726453994,561,386,146,882,1116.0,False,True,recall<0.9,,92.0,False,False,"Strict eligible; usable candidate, but not the lowest-cost ranked winner.",precision_constrained_test_results_heloc.csv,"balanced FP reduction with tolerable recall loss; FP delta=-230, precision delta=0.0845, recall delta=-0.0837, cost delta=200; selected on validation.",recall<0.9,
heloc,XGBoost::xgboost_sample_weight_pos_2,imbalance_training:uncalibrated:default_0_50,threshold=0.500,0.6762917933130699,0.8657587548638133,0.5501583949313622,0.7593856655290102,0.7949740939029251,0.7982609528675195,0.1968823718510823,0.1068133759724942,521,426,138,890,1116.0,False,True,recall<0.9,,93.0,False,False,"Strict eligible; usable candidate, but not the lowest-cost ranked winner.",imbalance_training_variants_heloc.csv,sample_weight positive class=2; Reference uncalibrated probability.; More balanced than baseline CatBoost: precision improves and FP drops with tolerable recall loss.,recall<0.9,
heloc,Best CatBoost,precision_constraint:E_min_specificity_0_60,threshold=0.375,0.6852281515854601,0.8618677042801557,0.5702217529039071,0.7634640241275312,0.8040936153078122,0.8115982528808503,0.1802440277917598,0.0107832103485953,540,407,142,886,1117.0,False,True,recall<0.9,,94.0,False,False,"Strict eligible; usable candidate, but not the lowest-cost ranked winner.",precision_constrained_test_results_heloc.csv,"balanced FP reduction with tolerable recall loss; FP delta=-391, precision delta=0.1271, recall delta=-0.1187, cost delta=219; selected on validation.",recall<0.9,
heloc,Best CatBoost,precision_constraint:M_precision_0_40_specificity_0_60,threshold=0.375,0.6852281515854601,0.8618677042801557,0.5702217529039071,0.7634640241275312,0.8040936153078122,0.8115982528808503,0.1802440277917598,0.0107832103485953,540,407,142,886,1117.0,False,True,recall<0.9,,95.0,False,False,"Strict eligible; usable candidate, but not the lowest-cost ranked winner.",precision_constrained_test_results_heloc.csv,"balanced FP reduction with tolerable recall loss; FP delta=-391, precision delta=0.1271, recall delta=-0.1187, cost delta=219; selected on validation.",recall<0.9,
heloc,Best CatBoost,precision_constraint:N_precision_0_45_specificity_0_60,threshold=0.375,0.6852281515854601,0.8618677042801557,0.5702217529039071,0.7634640241275312,0.8040936153078122,0.8115982528808503,0.1802440277917598,0.0107832103485953,540,407,142,886,1117.0,False,True,recall<0.9,,96.0,False,False,"Strict eligible; usable candidate, but not the lowest-cost ranked winner.",precision_constrained_test_results_heloc.csv,"balanced FP reduction with tolerable recall loss; FP delta=-391, precision delta=0.1271, recall delta=-0.1187, cost delta=219; selected on validation.",recall<0.9,
heloc,SCRE-Pareto,precision_constraint:E_min_specificity_0_60,threshold=0.390,0.6876456876456877,0.8608949416342413,0.5755015839493136,0.7645788336933045,0.8055450552430572,0.8104075742041918,0.180072497474567,0.0276944558030183,545,402,143,885,1117.0,False,True,recall<0.9,,97.0,False,False,"Strict eligible; usable candidate, but not the lowest-cost ranked winner.",precision_constrained_test_results_heloc.csv,"balanced FP reduction with tolerable recall loss; FP delta=-342, precision delta=0.1152, recall delta=-0.1080, cost delta=213; selected on validation.",recall<0.9,
heloc,SCRE-Pareto,precision_constraint:M_precision_0_40_specificity_0_60,threshold=0.390,0.6876456876456877,0.8608949416342413,0.5755015839493136,0.7645788336933045,0.8055450552430572,0.8104075742041918,0.180072497474567,0.0276944558030183,545,402,143,885,1117.0,False,True,recall<0.9,,98.0,False,False,"Strict eligible; usable candidate, but not the lowest-cost ranked winner.",precision_constrained_test_results_heloc.csv,"balanced FP reduction with tolerable recall loss; FP delta=-342, precision delta=0.1152, recall delta=-0.1080, cost delta=213; selected on validation.",recall<0.9,
heloc,SCRE-Pareto,precision_constraint:N_precision_0_45_specificity_0_60,threshold=0.390,0.6876456876456877,0.8608949416342413,0.5755015839493136,0.7645788336933045,0.8055450552430572,0.8104075742041918,0.180072497474567,0.0276944558030183,545,402,143,885,1117.0,False,True,recall<0.9,,99.0,False,False,"Strict eligible; usable candidate, but not the lowest-cost ranked winner.",precision_constrained_test_results_heloc.csv,"balanced FP reduction with tolerable recall loss; FP delta=-342, precision delta=0.1152, recall delta=-0.1080, cost delta=213; selected on validation.",recall<0.9,
heloc,SCRE-Optimized,precision_constraint:E_min_specificity_0_60,threshold=0.410,0.6858029480217223,0.8599221789883269,0.5723336853220697,0.7630556754423824,0.8054618516798903,0.8130412263027302,0.1826624630703945,0.0461492617621134,542,405,144,884,1125.0,False,True,recall<0.9,,100.0,False,False,"Strict eligible; usable candidate, but not the lowest-cost ranked winner.",precision_constrained_test_results_heloc.csv,"balanced FP reduction with tolerable recall loss; FP delta=-380, precision delta=0.1244, recall delta=-0.1177, cost delta=225; selected on validation.",recall<0.9,
heloc,SCRE-Optimized,precision_constraint:M_precision_0_40_specificity_0_60,threshold=0.410,0.6858029480217223,0.8599221789883269,0.5723336853220697,0.7630556754423824,0.8054618516798903,0.8130412263027302,0.1826624630703945,0.0461492617621134,542,405,144,884,1125.0,False,True,recall<0.9,,101.0,False,False,"Strict eligible; usable candidate, but not the lowest-cost ranked winner.",precision_constrained_test_results_heloc.csv,"balanced FP reduction with tolerable recall loss; FP delta=-380, precision delta=0.1244, recall delta=-0.1177, cost delta=225; selected on validation.",recall<0.9,
heloc,SCRE-Optimized,precision_constraint:N_precision_0_45_specificity_0_60,threshold=0.410,0.6858029480217223,0.8599221789883269,0.5723336853220697,0.7630556754423824,0.8054618516798903,0.8130412263027302,0.1826624630703945,0.0461492617621134,542,405,144,884,1125.0,False,True,recall<0.9,,102.0,False,False,"Strict eligible; usable candidate, but not the lowest-cost ranked winner.",precision_constrained_test_results_heloc.csv,"balanced FP reduction with tolerable recall loss; FP delta=-380, precision delta=0.1244, recall delta=-0.1177, cost delta=225; selected on validation.",recall<0.9,
heloc,LightGBM::lightgbm_scale_pos_weight_4,imbalance_training:uncalibrated:default_0_50,threshold=0.500,0.6493506493506493,0.8754863813229572,0.4868004223864836,0.7456503728251864,0.7802203559058095,0.7892446224480931,0.2189641414411339,0.1541402262581291,461,486,128,900,1126.0,False,True,recall<0.9,,103.0,False,False,"Strict eligible; usable candidate, but not the lowest-cost ranked winner.",imbalance_training_variants_heloc.csv,scale_pos_weight=4; Reference uncalibrated probability.; More balanced than baseline CatBoost: precision improves and FP drops with tolerable recall loss.,recall<0.9,
heloc,XGBoost::xgboost_scale_pos_weight_2,imbalance_training:uncalibrated:default_0_50,threshold=0.500,0.6745426829268293,0.8608949416342413,0.5491024287222809,0.7564102564102565,0.7958395136803093,0.7981492288927658,0.1965284272399996,0.1081380347171916,520,427,143,885,1142.0,False,True,recall<0.9,,104.0,False,False,"Strict eligible; usable candidate, but not the lowest-cost ranked winner.",imbalance_training_variants_heloc.csv,scale_pos_weight=2; Reference uncalibrated probability.; More balanced than baseline CatBoost: precision improves and FP drops with tolerable recall loss.,recall<0.9,
heloc,Best Scorecard,precision_constraint:E_min_specificity_0_60,threshold=0.390,0.6834249803613511,0.8463035019455253,0.5744456177402323,0.7561929595827901,0.801480407101681,0.8038770280230678,0.1816523806088388,0.014207949481563,544,403,158,870,1193.0,False,False,recall<0.9,,,False,False,Not eligible: recall is too low for screening/default capture.,precision_constrained_test_results_heloc.csv,"balanced FP reduction with tolerable recall loss; FP delta=-394, precision delta=0.1247, recall delta=-0.1352, cost delta=301; selected on validation.",recall<0.9,recall<0.85
heloc,Best Scorecard,precision_constraint:M_precision_0_40_specificity_0_60,threshold=0.390,0.6834249803613511,0.8463035019455253,0.5744456177402323,0.7561929595827901,0.801480407101681,0.8038770280230678,0.1816523806088388,0.014207949481563,544,403,158,870,1193.0,False,False,recall<0.9,,,False,False,Not eligible: recall is too low for screening/default capture.,precision_constrained_test_results_heloc.csv,"balanced FP reduction with tolerable recall loss; FP delta=-394, precision delta=0.1247, recall delta=-0.1352, cost delta=301; selected on validation.",recall<0.9,recall<0.85
heloc,Best Scorecard,precision_constraint:N_precision_0_45_specificity_0_60,threshold=0.390,0.6834249803613511,0.8463035019455253,0.5744456177402323,0.7561929595827901,0.801480407101681,0.8038770280230678,0.1816523806088388,0.014207949481563,544,403,158,870,1193.0,False,False,recall<0.9,,,False,False,Not eligible: recall is too low for screening/default capture.,precision_constrained_test_results_heloc.csv,"balanced FP reduction with tolerable recall loss; FP delta=-394, precision delta=0.1247, recall delta=-0.1352, cost delta=301; selected on validation.",recall<0.9,recall<0.85
heloc,CatBoost::catboost_class_weight_pos_1.5,imbalance_training:uncalibrated:default_0_50,threshold=0.500,0.6925540432345877,0.8414396887159533,0.5945089757127772,0.7597716293368467,0.8020648864528165,0.8112803354465676,0.1868701563597243,0.0680922039621291,563,384,163,865,1199.0,False,False,recall<0.9,,,False,False,Not eligible: recall is too low for screening/default capture.,imbalance_training_variants_heloc.csv,custom class_weights positive_weight=1.5; Reference uncalibrated probability.; More balanced than baseline CatBoost: precision improves and FP drops with tolerable recall loss.,recall<0.9,recall<0.85
heloc,LightGBM::lightgbm_scale_pos_weight_3,imbalance_training:uncalibrated:default_0_50,threshold=0.500,0.6606471030850264,0.8540856031128404,0.5237592397043295,0.7450148493848112,0.7844318942883322,0.7968643164240395,0.209482867753993,0.1292637902308862,496,451,150,878,1201.0,False,True,recall<0.9,,105.0,False,False,"Strict eligible; usable candidate, but not the lowest-cost ranked winner.",imbalance_training_variants_heloc.csv,scale_pos_weight=3; Reference uncalibrated probability.; More balanced than baseline CatBoost: precision improves and FP drops with tolerable recall loss.,recall<0.9,
heloc,LightGBM::lightgbm_scale_pos_weight_2.5,imbalance_training:uncalibrated:default_0_50,threshold=0.500,0.6725868725868726,0.8472762645914397,0.5522703273495249,0.7498923805424019,0.7806148024274897,0.7898860757812326,0.2063469339858921,0.1136587484575514,523,424,157,871,1209.0,False,False,recall<0.9,,,False,False,Not eligible: recall is too low for screening/default capture.,imbalance_training_variants_heloc.csv,scale_pos_weight=2.5; Reference uncalibrated probability.; More balanced than baseline CatBoost: precision improves and FP drops with tolerable recall loss.,recall<0.9,recall<0.85
heloc,SCRE-Pareto,cost_matrix:FN3_FP2,threshold=0.390,0.6876456876456877,0.8608949416342413,0.5755015839493136,0.7645788336933045,0.8055450552430572,0.8104075742041918,0.180072497474567,0.0276944558030183,545,402,143,885,1233.0,False,True,recall<0.9,,106.0,False,False,"Strict eligible; usable candidate, but not the lowest-cost ranked winner.",cost_matrix_sensitivity_heloc.csv,Higher FP cost pushes threshold upward; precision/specificity improve at the cost of recall.,recall<0.9,
heloc,XGBoost::xgboost_sample_weight_pos_1.5,imbalance_training:uncalibrated:default_0_50,threshold=0.500,0.7005742411812962,0.830739299610895,0.614572333685322,0.7601246105919003,0.795389084514276,0.7993501612837668,0.1889998091235448,0.0671201120562191,582,365,174,854,1235.0,False,False,recall<0.9,,,False,False,Not eligible: recall is too low for screening/default capture.,imbalance_training_variants_heloc.csv,sample_weight positive class=1.5; Reference uncalibrated probability.; More balanced than baseline CatBoost: precision improves and FP drops with tolerable recall loss.,recall<0.9,recall<0.85
heloc,XGBoost::xgboost_scale_pos_weight_1_5,imbalance_training:uncalibrated:default_0_50,threshold=0.500,0.6994266994266994,0.830739299610895,0.6124604012671595,0.7594486438417075,0.7958646801901561,0.8014824380929075,0.1888410067296109,0.0685243778817261,580,367,174,854,1237.0,False,False,recall<0.9,,,False,False,Not eligible: recall is too low for screening/default capture.,imbalance_training_variants_heloc.csv,scale_pos_weight=1.5; Reference uncalibrated probability.; More balanced than baseline CatBoost: precision improves and FP drops with tolerable recall loss.,recall<0.9,recall<0.85
heloc,Best LightGBM,precision_constraint:E_min_specificity_0_60,threshold=0.400,0.6897663174858985,0.8326848249027238,0.5934530095036958,0.754517408550022,0.7873327197498552,0.7932806208861143,0.1882896306735732,0.0282064278391865,562,385,172,856,1245.0,False,False,recall<0.9,,,False,False,Not eligible: recall is too low for screening/default capture.,precision_constrained_test_results_heloc.csv,"balanced FP reduction with tolerable recall loss; FP delta=-454, precision delta=0.1433, recall delta=-0.1508, cost delta=321; selected on validation.",recall<0.9,recall<0.85
heloc,Best LightGBM,precision_constraint:M_precision_0_40_specificity_0_60,threshold=0.400,0.6897663174858985,0.8326848249027238,0.5934530095036958,0.754517408550022,0.7873327197498552,0.7932806208861143,0.1882896306735732,0.0282064278391865,562,385,172,856,1245.0,False,False,recall<0.9,,,False,False,Not eligible: recall is too low for screening/default capture.,precision_constrained_test_results_heloc.csv,"balanced FP reduction with tolerable recall loss; FP delta=-454, precision delta=0.1433, recall delta=-0.1508, cost delta=321; selected on validation.",recall<0.9,recall<0.85
heloc,Best LightGBM,precision_constraint:N_precision_0_45_specificity_0_60,threshold=0.400,0.6897663174858985,0.8326848249027238,0.5934530095036958,0.754517408550022,0.7873327197498552,0.7932806208861143,0.1882896306735732,0.0282064278391865,562,385,172,856,1245.0,False,False,recall<0.9,,,False,False,Not eligible: recall is too low for screening/default capture.,precision_constrained_test_results_heloc.csv,"balanced FP reduction with tolerable recall loss; FP delta=-454, precision delta=0.1433, recall delta=-0.1508, cost delta=321; selected on validation.",recall<0.9,recall<0.85
heloc,SCRE-Optimized,cost_matrix:FN3_FP2,threshold=0.400,0.6770280515542078,0.8686770428015564,0.5501583949313622,0.7609714529186196,0.8054618516798903,0.8130412263027302,0.1826624630703945,0.0461492617621134,521,426,135,893,1257.0,False,True,recall<0.9,,107.0,False,False,"Strict eligible; usable candidate, but not the lowest-cost ranked winner.",cost_matrix_sensitivity_heloc.csv,Higher FP cost pushes threshold upward; precision/specificity improve at the cost of recall.,recall<0.9,
heloc,Old SCRE-Credit,precision_constraint:E_min_specificity_0_60,threshold=0.405,0.7135593220338983,0.8190661478599222,0.6430834213305174,0.7626811594202898,0.8031069854013699,0.7939090859748776,0.1816509604613032,0.0221286246684385,609,338,186,842,1268.0,False,False,recall<0.9,,,False,False,Not eligible: recall is too low for screening/default capture.,precision_constrained_test_results_heloc.csv,"balanced FP reduction with tolerable recall loss; FP delta=-312, precision delta=0.1126, recall delta=-0.1333, cost delta=373; selected on validation.",recall<0.9,recall<0.85
heloc,Old SCRE-Credit,precision_constraint:F_min_specificity_0_65,threshold=0.405,0.7135593220338983,0.8190661478599222,0.6430834213305174,0.7626811594202898,0.8031069854013699,0.7939090859748776,0.1816509604613032,0.0221286246684385,609,338,186,842,1268.0,False,False,recall<0.9,,,False,False,Not eligible: recall is too low for screening/default capture.,precision_constrained_test_results_heloc.csv,"balanced FP reduction with tolerable recall loss; FP delta=-312, precision delta=0.1126, recall delta=-0.1333, cost delta=373; selected on validation.",recall<0.9,recall<0.85
heloc,Old SCRE-Credit,precision_constraint:M_precision_0_40_specificity_0_60,threshold=0.405,0.7135593220338983,0.8190661478599222,0.6430834213305174,0.7626811594202898,0.8031069854013699,0.7939090859748776,0.1816509604613032,0.0221286246684385,609,338,186,842,1268.0,False,False,recall<0.9,,,False,False,Not eligible: recall is too low for screening/default capture.,precision_constrained_test_results_heloc.csv,"balanced FP reduction with tolerable recall loss; FP delta=-312, precision delta=0.1126, recall delta=-0.1333, cost delta=373; selected on validation.",recall<0.9,recall<0.85
heloc,Old SCRE-Credit,precision_constraint:N_precision_0_45_specificity_0_60,threshold=0.405,0.7135593220338983,0.8190661478599222,0.6430834213305174,0.7626811594202898,0.8031069854013699,0.7939090859748776,0.1816509604613032,0.0221286246684385,609,338,186,842,1268.0,False,False,recall<0.9,,,False,False,Not eligible: recall is too low for screening/default capture.,precision_constrained_test_results_heloc.csv,"balanced FP reduction with tolerable recall loss; FP delta=-312, precision delta=0.1126, recall delta=-0.1333, cost delta=373; selected on validation.",recall<0.9,recall<0.85
heloc,Best Scorecard,cost_matrix:FN3_FP2,threshold=0.365,0.6739622641509434,0.8686770428015564,0.5438225976768744,0.7590310242243945,0.801480407101681,0.8038770280230678,0.1816523806088388,0.014207949481563,515,432,135,893,1269.0,False,True,recall<0.9,,108.0,False,False,"Strict eligible; usable candidate, but not the lowest-cost ranked winner.",cost_matrix_sensitivity_heloc.csv,Higher FP cost pushes threshold upward; precision/specificity improve at the cost of recall.,recall<0.9,
heloc,SCRE-Pareto,precision_constraint:F_min_specificity_0_65,threshold=0.435,0.7129551227773073,0.8190661478599222,0.6420274551214361,0.7623358985966501,0.8055450552430572,0.8104075742041918,0.180072497474567,0.0276944558030183,608,339,186,842,1269.0,False,False,recall<0.9,,,False,False,Not eligible: recall is too low for screening/default capture.,precision_constrained_test_results_heloc.csv,"balanced FP reduction with tolerable recall loss; FP delta=-405, precision delta=0.1405, recall delta=-0.1498, cost delta=365; selected on validation.",recall<0.9,recall<0.85
heloc,CatBoost::catboost_class_weight_pos_3,imbalance_training:sigmoid:specificity_0_65,threshold=0.460,0.7105485232067511,0.8190661478599222,0.6378035902851109,0.7609579755987348,0.8061726771825014,0.8160850821336437,0.1799963597450893,0.0206487181122049,604,343,186,842,1273.0,False,False,recall<0.9,,,False,False,Not eligible: recall is too low for screening/default capture.,imbalance_training_variants_heloc.csv,custom class_weights positive_weight=3; Calibration improves validation Brier and ECE.; More balanced than baseline CatBoost: precision improves and FP drops with tolerable recall loss.,recall<0.9,recall<0.85
heloc,SCRE-Optimized,precision_constraint:F_min_specificity_0_65,threshold=0.450,0.7133163698049194,0.8180933852140078,0.6430834213305174,0.7621205256003625,0.8054618516798903,0.8130412263027302,0.1826624630703945,0.0461492617621134,609,338,187,841,1273.0,False,False,recall<0.9,,,False,False,Not eligible: recall is too low for screening/default capture.,precision_constrained_test_results_heloc.csv,"balanced FP reduction with tolerable recall loss; FP delta=-447, precision delta=0.1519, recall delta=-0.1595, cost delta=373; selected on validation.",recall<0.9,recall<0.85
heloc,CatBoost::catboost_class_weight_pos_3,imbalance_training:uncalibrated:specificity_0_65,threshold=0.695,0.712108382726503,0.8180933852140078,0.6409714889123548,0.761430511543685,0.8061726771825014,0.8160850821336437,0.2158321551606778,0.1752901744859665,607,340,187,841,1275.0,False,False,recall<0.9,,,False,False,Not eligible: recall is too low for screening/default capture.,imbalance_training_variants_heloc.csv,custom class_weights positive_weight=3; Reference uncalibrated probability.; More balanced than baseline CatBoost: precision improves and FP drops with tolerable recall loss.,recall<0.9,recall<0.85
heloc,Best CatBoost,cost_matrix:FN3_FP2,threshold=0.350,0.6699029126213593,0.872568093385214,0.5332629355860612,0.7579214195183777,0.8040936153078122,0.8115982528808503,0.1802440277917598,0.0107832103485953,505,442,131,897,1277.0,False,True,recall<0.9,,109.0,False,False,"Strict eligible; usable candidate, but not the lowest-cost ranked winner.",cost_matrix_sensitivity_heloc.csv,Higher FP cost pushes threshold upward; precision/specificity improve at the cost of recall.,recall<0.9,
heloc,CatBoost::catboost_auto_none,imbalance_training:sigmoid:specificity_0_65,threshold=0.445,0.7097046413502109,0.8180933852140078,0.6367476240760296,0.7600542250338908,0.8043134370672901,0.8109210726618248,0.1800428911401449,0.0137848518094282,603,344,187,841,1279.0,False,False,recall<0.9,,,False,False,Not eligible: recall is too low for screening/default capture.,imbalance_training_variants_heloc.csv,auto_class_weights=None; Calibration improves validation Brier and ECE.; More balanced than baseline CatBoost: precision improves and FP drops with tolerable recall loss.,recall<0.9,recall<0.85
heloc,CatBoost::catboost_baseline,imbalance_training:sigmoid:specificity_0_65,threshold=0.445,0.7097046413502109,0.8180933852140078,0.6367476240760296,0.7600542250338908,0.8043134370672901,0.8109210726618248,0.1800428911401449,0.0137848518094282,603,344,187,841,1279.0,False,False,recall<0.9,,,False,False,Not eligible: recall is too low for screening/default capture.,imbalance_training_variants_heloc.csv,baseline CatBoost; Calibration improves validation Brier and ECE.; More balanced than baseline CatBoost: precision improves and FP drops with tolerable recall loss.,recall<0.9,recall<0.85
heloc,Best LightGBM,cost_matrix:FN3_FP2,threshold=0.405,0.6926196269261963,0.830739299610895,0.5997888067581837,0.7554179566563467,0.7873327197498552,0.7932806208861143,0.1882896306735732,0.0282064278391865,568,379,174,854,1280.0,False,False,recall<0.9,,,False,False,Not eligible: recall is too low for screening/default capture.,cost_matrix_sensitivity_heloc.csv,Higher FP cost pushes threshold upward; precision/specificity improve at the cost of recall.,recall<0.9,recall<0.85
heloc,LightGBM::lightgbm_scale_pos_weight_2,imbalance_training:uncalibrated:default_0_50,threshold=0.500,0.6897394136807817,0.8239299610894941,0.5976768743400211,0.7508865248226949,0.7815064159192042,0.789169243411007,0.2015026591577643,0.0982640429204219,566,381,181,847,1286.0,False,False,recall<0.9,,,False,False,Not eligible: recall is too low for screening/default capture.,imbalance_training_variants_heloc.csv,scale_pos_weight=2; Reference uncalibrated probability.; More balanced than baseline CatBoost: precision improves and FP drops with tolerable recall loss.,recall<0.9,recall<0.85
heloc,CatBoost::catboost_auto_none,imbalance_training:uncalibrated:specificity_0_65,threshold=0.440,0.7104149026248942,0.816147859922179,0.6388595564941922,0.7596197374377546,0.8043134370672901,0.8109210726618248,0.1800462707161693,0.0214533419239653,605,342,189,839,1287.0,False,False,recall<0.9,,,False,False,Not eligible: recall is too low for screening/default capture.,imbalance_training_variants_heloc.csv,auto_class_weights=None; Reference uncalibrated probability.; More balanced than baseline CatBoost: precision improves and FP drops with tolerable recall loss.,recall<0.9,recall<0.85
heloc,CatBoost::catboost_baseline,imbalance_training:uncalibrated:specificity_0_65,threshold=0.440,0.7104149026248942,0.816147859922179,0.6388595564941922,0.7596197374377546,0.8043134370672901,0.8109210726618248,0.1800462707161693,0.0214533419239653,605,342,189,839,1287.0,False,False,recall<0.9,,,False,False,Not eligible: recall is too low for screening/default capture.,imbalance_training_variants_heloc.csv,baseline CatBoost; Reference uncalibrated probability.; More balanced than baseline CatBoost: precision improves and FP drops with tolerable recall loss.,recall<0.9,recall<0.85
heloc,XGBoost::xgboost_scale_pos_weight_2,imbalance_training:uncalibrated:specificity_0_65,threshold=0.595,0.712947189097104,0.8142023346303502,0.6441393875395988,0.7602179836512263,0.7958395136803093,0.7981492288927658,0.1965284272399996,0.1081380347171916,610,337,191,837,1292.0,False,False,recall<0.9,,,False,False,Not eligible: recall is too low for screening/default capture.,imbalance_training_variants_heloc.csv,scale_pos_weight=2; Reference uncalibrated probability.; More balanced than baseline CatBoost: precision improves and FP drops with tolerable recall loss.,recall<0.9,recall<0.85
heloc,XGBoost::xgboost_scale_pos_weight_2,imbalance_training:sigmoid:specificity_0_65,threshold=0.460,0.712947189097104,0.8142023346303502,0.6441393875395988,0.7602179836512263,0.7958395136803093,0.7981492288927658,0.1838075677646492,0.0178054343590313,610,337,191,837,1292.0,False,False,recall<0.9,,,False,False,Not eligible: recall is too low for screening/default capture.,imbalance_training_variants_heloc.csv,scale_pos_weight=2; Calibration improves validation Brier and ECE.; More balanced than baseline CatBoost: precision improves and FP drops with tolerable recall loss.,recall<0.9,recall<0.85
heloc,XGBoost::xgboost_scale_pos_weight_2,imbalance_training:isotonic:default_0_50,threshold=0.500,0.712947189097104,0.8142023346303502,0.6441393875395988,0.7602179836512263,0.7944558692409781,0.7804554993708247,0.1848360289984925,0.02417207783197,610,337,191,837,1292.0,False,False,recall<0.9,,,False,False,Not eligible: recall is too low for screening/default capture.,imbalance_training_variants_heloc.csv,scale_pos_weight=2; Calibration improves validation Brier and ECE.; More balanced than baseline CatBoost: precision improves and FP drops with tolerable recall loss.,recall<0.9,recall<0.85
heloc,XGBoost::xgboost_scale_pos_weight_2,imbalance_training:isotonic:specificity_0_65,threshold=0.500,0.712947189097104,0.8142023346303502,0.6441393875395988,0.7602179836512263,0.7944558692409781,0.7804554993708247,0.1848360289984925,0.02417207783197,610,337,191,837,1292.0,False,False,recall<0.9,,,False,False,Not eligible: recall is too low for screening/default capture.,imbalance_training_variants_heloc.csv,scale_pos_weight=2; Calibration improves validation Brier and ECE.; More balanced than baseline CatBoost: precision improves and FP drops with tolerable recall loss.,recall<0.9,recall<0.85
heloc,LightGBM::lightgbm_is_unbalance,imbalance_training:isotonic:default_0_50,threshold=0.500,0.6802884615384616,0.8258754863813229,0.5786694825765576,0.7460456942003515,0.7781053418741962,0.7721526107990646,0.1915847003959448,0.0174346256653583,548,399,179,849,1294.0,False,False,recall<0.9; pr_auc<0.78; roc_auc<0.78,,,False,False,Not eligible: recall is too low for screening/default capture.,imbalance_training_variants_heloc.csv,is_unbalance=True; Calibration improves validation Brier and ECE.; More balanced than baseline CatBoost: precision improves and FP drops with tolerable recall loss.,recall<0.9; pr_auc<0.78; roc_auc<0.78,recall<0.85; pr_auc<0.78; roc_auc<0.78
heloc,Old SCRE-Credit,cost_matrix:FN3_FP2,threshold=0.400,0.6575539568345323,0.8891050583657587,0.4973600844772967,0.7559966914805624,0.8031069854013699,0.7939090859748776,0.1816509604613032,0.0221286246684385,471,476,114,914,1294.0,False,True,recall<0.9,,110.0,False,False,"Strict eligible; usable candidate, but not the lowest-cost ranked winner.",cost_matrix_sensitivity_heloc.csv,Higher FP cost pushes threshold upward; precision/specificity improve at the cost of recall.,recall<0.9,
heloc,CatBoost::catboost_auto_sqrtbalanced,imbalance_training:sigmoid:specificity_0_65,threshold=0.450,0.715509854327335,0.8122568093385214,0.6494192185850053,0.7608200455580866,0.8039138545231922,0.8133215328799779,0.1804361135401728,0.0151452073477059,615,332,193,835,1297.0,False,False,recall<0.9,,,False,False,Not eligible: recall is too low for screening/default capture.,imbalance_training_variants_heloc.csv,auto_class_weights='SqrtBalanced'; Calibration improves validation Brier and ECE.; More balanced than baseline CatBoost: precision improves and FP drops with tolerable recall loss.,recall<0.9,recall<0.85
heloc,XGBoost::xgboost_sample_weight_pos_2,imbalance_training:uncalibrated:specificity_0_65,threshold=0.595,0.7081218274111675,0.8142023346303502,0.6356916578669483,0.7574660633484163,0.7949740939029251,0.7982609528675195,0.1968823718510823,0.1068133759724942,602,345,191,837,1300.0,False,False,recall<0.9,,,False,False,Not eligible: recall is too low for screening/default capture.,imbalance_training_variants_heloc.csv,sample_weight positive class=2; Reference uncalibrated probability.; More balanced than baseline CatBoost: precision improves and FP drops with tolerable recall loss.,recall<0.9,recall<0.85
heloc,XGBoost::xgboost_sample_weight_pos_2,imbalance_training:sigmoid:specificity_0_65,threshold=0.460,0.7081218274111675,0.8142023346303502,0.6356916578669483,0.7574660633484163,0.7949740939029251,0.7982609528675195,0.1840998396444213,0.0300728141561287,602,345,191,837,1300.0,False,False,recall<0.9,,,False,False,Not eligible: recall is too low for screening/default capture.,imbalance_training_variants_heloc.csv,sample_weight positive class=2; Calibration improves validation Brier and ECE.; More balanced than baseline CatBoost: precision improves and FP drops with tolerable recall loss.,recall<0.9,recall<0.85
heloc,Best XGBoost,precision_constraint:F_min_specificity_0_65,threshold=0.455,0.7158798283261802,0.811284046692607,0.6504751847940866,0.7606019151846786,0.8034243915867845,0.8049379257181238,0.1805361226302977,0.0204289726453994,616,331,194,834,1301.0,False,False,recall<0.9,,,False,False,Not eligible: recall is too low for screening/default capture.,precision_constrained_test_results_heloc.csv,"balanced FP reduction with tolerable recall loss; FP delta=-285, precision delta=0.1048, recall delta=-0.1304, cost delta=385; selected on validation.",recall<0.9,recall<0.85
heloc,CatBoost::catboost_class_weight_pos_5,imbalance_training:sigmoid:specificity_0_65,threshold=0.465,0.7106382978723405,0.8122568093385214,0.6409714889123548,0.7580571947344531,0.8051187653823872,0.8139810930653841,0.1806739349373728,0.0276513699235312,607,340,193,835,1305.0,False,False,recall<0.9,,,False,False,Not eligible: recall is too low for screening/default capture.,imbalance_training_variants_heloc.csv,custom class_weights positive_weight=5; Calibration improves validation Brier and ECE.; More balanced than baseline CatBoost: precision improves and FP drops with tolerable recall loss.,recall<0.9,recall<0.85
heloc,Best Scorecard,precision_constraint:F_min_specificity_0_65,threshold=0.435,0.7000835421888053,0.8151750972762646,0.6209081309398099,0.7532584269662921,0.801480407101681,0.8038770280230678,0.1816523806088388,0.014207949481563,588,359,190,838,1309.0,False,False,recall<0.9,,,False,False,Not eligible: recall is too low for screening/default capture.,precision_constrained_test_results_heloc.csv,"balanced FP reduction with tolerable recall loss; FP delta=-438, precision delta=0.1414, recall delta=-0.1663, cost delta=417; selected on validation.",recall<0.9,recall<0.85
heloc,CatBoost::catboost_class_weight_pos_5,imbalance_training:isotonic:specificity_0_65,threshold=0.470,0.710997442455243,0.811284046692607,0.6420274551214361,0.7578373466606089,0.8042595088319041,0.8016402597944756,0.1811165442248792,0.0212452811348148,608,339,194,834,1309.0,False,False,recall<0.9,,,False,False,Not eligible: recall is too low for screening/default capture.,imbalance_training_variants_heloc.csv,custom class_weights positive_weight=5; Calibration improves validation Brier and ECE.; More balanced than baseline CatBoost: precision improves and FP drops with tolerable recall loss.,recall<0.9,recall<0.85
heloc,Best CatBoost,precision_constraint:F_min_specificity_0_65,threshold=0.450,0.7131849315068494,0.8103112840466926,0.6462513199577613,0.7586520947176685,0.8040936153078122,0.8115982528808503,0.1802440277917598,0.0107832103485953,612,335,195,833,1310.0,False,False,recall<0.9,,,False,False,Not eligible: recall is too low for screening/default capture.,precision_constrained_test_results_heloc.csv,"balanced FP reduction with tolerable recall loss; FP delta=-463, precision delta=0.1550, recall delta=-0.1702, cost delta=412; selected on validation.",recall<0.9,recall<0.85
heloc,CatBoost::catboost_class_weight_pos_5,imbalance_training:uncalibrated:specificity_0_65,threshold=0.795,0.7113578138343296,0.8103112840466926,0.6430834213305174,0.7576170986812188,0.8051187653823872,0.8139810930653841,0.2508965767670249,0.2441426790264566,609,338,195,833,1313.0,False,False,recall<0.9,,,False,False,Not eligible: recall is too low for screening/default capture.,imbalance_training_variants_heloc.csv,custom class_weights positive_weight=5; Reference uncalibrated probability.; More balanced than baseline CatBoost: precision improves and FP drops with tolerable recall loss.,recall<0.9,recall<0.85
heloc,CatBoost::catboost_class_weight_pos_4,imbalance_training:uncalibrated:specificity_0_65,threshold=0.760,0.7157622739018088,0.8083657587548638,0.6515311510031679,0.7592507994518044,0.8051577991527618,0.8136049101401275,0.2347886577788858,0.2144739654750535,617,330,197,831,1315.0,False,False,recall<0.9,,,False,False,Not eligible: recall is too low for screening/default capture.,imbalance_training_variants_heloc.csv,custom class_weights positive_weight=4; Reference uncalibrated probability.; More balanced than baseline CatBoost: precision improves and FP drops with tolerable recall loss.,recall<0.9,recall<0.85
heloc,CatBoost::catboost_class_weight_pos_4,imbalance_training:sigmoid:specificity_0_65,threshold=0.475,0.7157622739018088,0.8083657587548638,0.6515311510031679,0.7592507994518044,0.8051577991527618,0.8136049101401275,0.1807185136625465,0.0275678283303913,617,330,197,831,1315.0,False,False,recall<0.9,,,False,False,Not eligible: recall is too low for screening/default capture.,imbalance_training_variants_heloc.csv,custom class_weights positive_weight=4; Calibration improves validation Brier and ECE.; More balanced than baseline CatBoost: precision improves and FP drops with tolerable recall loss.,recall<0.9,recall<0.85
heloc,CatBoost::catboost_auto_balanced,imbalance_training:uncalibrated:specificity_0_65,threshold=0.430,0.7123287671232876,0.8093385214007782,0.6451953537486801,0.7577413479052824,0.8017854868332928,0.8086179460042939,0.1812768438091222,0.0199079677030077,611,336,196,832,1316.0,False,False,recall<0.9,,,False,False,Not eligible: recall is too low for screening/default capture.,imbalance_training_variants_heloc.csv,auto_class_weights='Balanced'; Reference uncalibrated probability.; More balanced than baseline CatBoost: precision improves and FP drops with tolerable recall loss.,recall<0.9,recall<0.85
heloc,CatBoost::catboost_auto_balanced,imbalance_training:sigmoid:specificity_0_65,threshold=0.455,0.7123287671232876,0.8093385214007782,0.6451953537486801,0.7577413479052824,0.8017854868332928,0.8086179460042939,0.181151469674265,0.0115577421042146,611,336,196,832,1316.0,False,False,recall<0.9,,,False,False,Not eligible: recall is too low for screening/default capture.,imbalance_training_variants_heloc.csv,auto_class_weights='Balanced'; Calibration improves validation Brier and ECE.; More balanced than baseline CatBoost: precision improves and FP drops with tolerable recall loss.,recall<0.9,recall<0.85
heloc,CatBoost::catboost_class_weight_pos_1.5,imbalance_training:sigmoid:specificity_0_65,threshold=0.455,0.7108639863130881,0.8083657587548638,0.6430834213305174,0.756486117432863,0.8020648864528165,0.8112803354465676,0.1812942371895297,0.0166436348096237,609,338,197,831,1323.0,False,False,recall<0.9,,,False,False,Not eligible: recall is too low for screening/default capture.,imbalance_training_variants_heloc.csv,custom class_weights positive_weight=1.5; Calibration improves validation Brier and ECE.; More balanced than baseline CatBoost: precision improves and FP drops with tolerable recall loss.,recall<0.9,recall<0.85
heloc,CatBoost::catboost_class_weight_pos_2,imbalance_training:sigmoid:specificity_0_65,threshold=0.460,0.7056827820186599,0.8093385214007782,0.6335797254487856,0.7539646579066607,0.8023227147781855,0.8119937893258402,0.1815173204057608,0.018274535010905,600,347,196,832,1327.0,False,False,recall<0.9,,,False,False,Not eligible: recall is too low for screening/default capture.,imbalance_training_variants_heloc.csv,custom class_weights positive_weight=2; Calibration improves validation Brier and ECE.; More balanced than baseline CatBoost: precision improves and FP drops with tolerable recall loss.,recall<0.9,recall<0.85
heloc,CatBoost::catboost_class_weight_pos_1.5,imbalance_training:uncalibrated:specificity_0_65,threshold=0.540,0.7106164383561644,0.8073929961089494,0.6430834213305174,0.75591985428051,0.8020648864528165,0.8112803354465676,0.1868701563597243,0.0680922039621291,609,338,198,830,1328.0,False,False,recall<0.9,,,False,False,Not eligible: recall is too low for screening/default capture.,imbalance_training_variants_heloc.csv,custom class_weights positive_weight=1.5; Reference uncalibrated probability.; More balanced than baseline CatBoost: precision improves and FP drops with tolerable recall loss.,recall<0.9,recall<0.85
heloc,CatBoost::catboost_auto_sqrtbalanced,imbalance_training:uncalibrated:specificity_0_65,threshold=0.435,0.7150259067357513,0.8054474708171206,0.6515311510031679,0.7575480329368709,0.8039138545231922,0.8133215328799779,0.1804106148051432,0.0164389178724883,617,330,200,828,1330.0,False,False,recall<0.9,,,False,False,Not eligible: recall is too low for screening/default capture.,imbalance_training_variants_heloc.csv,auto_class_weights='SqrtBalanced'; Reference uncalibrated probability.; More balanced than baseline CatBoost: precision improves and FP drops with tolerable recall loss.,recall<0.9,recall<0.85
heloc,CatBoost::catboost_class_weight_pos_2,imbalance_training:uncalibrated:specificity_0_65,threshold=0.610,0.7054329371816639,0.8083657587548638,0.6335797254487856,0.7533998186763373,0.8023227147781855,0.8119937893258402,0.1968632020810656,0.1145162579112792,600,347,197,831,1332.0,False,False,recall<0.9,,,False,False,Not eligible: recall is too low for screening/default capture.,imbalance_training_variants_heloc.csv,custom class_weights positive_weight=2; Reference uncalibrated probability.; More balanced than baseline CatBoost: precision improves and FP drops with tolerable recall loss.,recall<0.9,recall<0.85
heloc,XGBoost::xgboost_scale_pos_weight_3_5,imbalance_training:sigmoid:specificity_0_65,threshold=0.465,0.7109777015437393,0.806420233463035,0.6441393875395988,0.7556973564266181,0.7960680666778974,0.8000824240367475,0.184017741024032,0.0165315752578613,610,337,199,829,1332.0,False,False,recall<0.9,,,False,False,Not eligible: recall is too low for screening/default capture.,imbalance_training_variants_heloc.csv,scale_pos_weight=3.5; Calibration improves validation Brier and ECE.; More balanced than baseline CatBoost: precision improves and FP drops with tolerable recall loss.,recall<0.9,recall<0.85
heloc,XGBoost::xgboost_scale_pos_weight_2_5,imbalance_training:uncalibrated:specificity_0_65,threshold=0.650,0.716017316017316,0.8044747081712063,0.6536430834213305,0.7576729271644526,0.7972092908591127,0.7998966925441662,0.2050003336703367,0.1384857087120225,619,328,201,827,1333.0,False,False,recall<0.9,,,False,False,Not eligible: recall is too low for screening/default capture.,imbalance_training_variants_heloc.csv,scale_pos_weight=2.5; Reference uncalibrated probability.; More balanced than baseline CatBoost: precision improves and FP drops with tolerable recall loss.,recall<0.9,recall<0.85
heloc,Best LightGBM,precision_constraint:F_min_specificity_0_65,threshold=0.435,0.702451394759087,0.8083657587548638,0.6282998944033791,0.751696065128901,0.7873327197498552,0.7932806208861143,0.1882896306735732,0.0282064278391865,595,352,197,831,1337.0,False,False,recall<0.9,,,False,False,Not eligible: recall is too low for screening/default capture.,precision_constrained_test_results_heloc.csv,"balanced FP reduction with tolerable recall loss; FP delta=-487, precision delta=0.1560, recall delta=-0.1751, cost delta=413; selected on validation.",recall<0.9,recall<0.85
heloc,XGBoost::xgboost_baseline,imbalance_training:sigmoid:specificity_0_65,threshold=0.460,0.7135461604831751,0.8044747081712063,0.6494192185850053,0.7562871513488797,0.7953048537466257,0.7999353774409995,0.1839887465516013,0.0258489172893822,615,332,201,827,1337.0,False,False,recall<0.9,,,False,False,Not eligible: recall is too low for screening/default capture.,imbalance_training_variants_heloc.csv,baseline XGBoost; Calibration improves validation Brier and ECE.; More balanced than baseline CatBoost: precision improves and FP drops with tolerable recall loss.,recall<0.9,recall<0.85
heloc,XGBoost::xgboost_max_delta_step_3,imbalance_training:sigmoid:specificity_0_65,threshold=0.460,0.7135461604831751,0.8044747081712063,0.6494192185850053,0.7562871513488797,0.7953048537466257,0.7999353774409995,0.1839887465516013,0.0258489172893822,615,332,201,827,1337.0,False,False,recall<0.9,,,False,False,Not eligible: recall is too low for screening/default capture.,imbalance_training_variants_heloc.csv,max_delta_step=3; Calibration improves validation Brier and ECE.; More balanced than baseline CatBoost: precision improves and FP drops with tolerable recall loss.,recall<0.9,recall<0.85
heloc,XGBoost::xgboost_max_delta_step_5,imbalance_training:sigmoid:specificity_0_65,threshold=0.460,0.7135461604831751,0.8044747081712063,0.6494192185850053,0.7562871513488797,0.7953048537466257,0.7999353774409995,0.1839887465516013,0.0258489172893822,615,332,201,827,1337.0,False,False,recall<0.9,,,False,False,Not eligible: recall is too low for screening/default capture.,imbalance_training_variants_heloc.csv,max_delta_step=5; Calibration improves validation Brier and ECE.; More balanced than baseline CatBoost: precision improves and FP drops with tolerable recall loss.,recall<0.9,recall<0.85
heloc,XGBoost::xgboost_scale_pos_weight_1,imbalance_training:sigmoid:specificity_0_65,threshold=0.460,0.7135461604831751,0.8044747081712063,0.6494192185850053,0.7562871513488797,0.7953048537466257,0.7999353774409995,0.1839887465516013,0.0258489172893822,615,332,201,827,1337.0,False,False,recall<0.9,,,False,False,Not eligible: recall is too low for screening/default capture.,imbalance_training_variants_heloc.csv,scale_pos_weight=1; Calibration improves validation Brier and ECE.; More balanced than baseline CatBoost: precision improves and FP drops with tolerable recall loss.,recall<0.9,recall<0.85
heloc,XGBoost::xgboost_sample_weight_pos_3,imbalance_training:uncalibrated:specificity_0_65,threshold=0.685,0.7151515151515152,0.8035019455252919,0.6525871172122492,0.7567567567567569,0.7972298349487836,0.800046448987832,0.2127898956797801,0.1619869792725466,618,329,202,826,1339.0,False,False,recall<0.9,,,False,False,Not eligible: recall is too low for screening/default capture.,imbalance_training_variants_heloc.csv,sample_weight positive class=3; Reference uncalibrated probability.; More balanced than baseline CatBoost: precision improves and FP drops with tolerable recall loss.,recall<0.9,recall<0.85
heloc,XGBoost::xgboost_sample_weight_pos_3,imbalance_training:sigmoid:specificity_0_65,threshold=0.470,0.7151515151515152,0.8035019455252919,0.6525871172122492,0.7567567567567569,0.7972298349487836,0.800046448987832,0.1831869074657184,0.0205731878042408,618,329,202,826,1339.0,False,False,recall<0.9,,,False,False,Not eligible: recall is too low for screening/default capture.,imbalance_training_variants_heloc.csv,sample_weight positive class=3; Calibration improves validation Brier and ECE.; More balanced than baseline CatBoost: precision improves and FP drops with tolerable recall loss.,recall<0.9,recall<0.85
heloc,XGBoost::xgboost_scale_pos_weight_2_5,imbalance_training:sigmoid:specificity_0_65,threshold=0.470,0.7167680278019114,0.8025291828793775,0.6557550158394931,0.7572280862781093,0.7972092908591127,0.7998966925441662,0.1833833560738273,0.027285500954868,621,326,203,825,1341.0,False,False,recall<0.9,,,False,False,Not eligible: recall is too low for screening/default capture.,imbalance_training_variants_heloc.csv,scale_pos_weight=2.5; Calibration improves validation Brier and ECE.; More balanced than baseline CatBoost: precision improves and FP drops with tolerable recall loss.,recall<0.9,recall<0.85
heloc,XGBoost::xgboost_baseline,imbalance_training:uncalibrated:specificity_0_65,threshold=0.450,0.7165217391304348,0.8015564202334631,0.6557550158394931,0.7566574839302113,0.7953048537466257,0.7999353774409995,0.1842823519187047,0.0344948730872401,621,326,204,824,1346.0,False,False,recall<0.9,,,False,False,Not eligible: recall is too low for screening/default capture.,imbalance_training_variants_heloc.csv,baseline XGBoost; Reference uncalibrated probability.; More balanced than baseline CatBoost: precision improves and FP drops with tolerable recall loss.,recall<0.9,recall<0.85
heloc,XGBoost::xgboost_max_delta_step_3,imbalance_training:uncalibrated:specificity_0_65,threshold=0.450,0.7165217391304348,0.8015564202334631,0.6557550158394931,0.7566574839302113,0.7953048537466257,0.7999353774409995,0.1842823519187047,0.0344948730872401,621,326,204,824,1346.0,False,False,recall<0.9,,,False,False,Not eligible: recall is too low for screening/default capture.,imbalance_training_variants_heloc.csv,max_delta_step=3; Reference uncalibrated probability.; More balanced than baseline CatBoost: precision improves and FP drops with tolerable recall loss.,recall<0.9,recall<0.85
heloc,XGBoost::xgboost_max_delta_step_5,imbalance_training:uncalibrated:specificity_0_65,threshold=0.450,0.7165217391304348,0.8015564202334631,0.6557550158394931,0.7566574839302113,0.7953048537466257,0.7999353774409995,0.1842823519187047,0.0344948730872401,621,326,204,824,1346.0,False,False,recall<0.9,,,False,False,Not eligible: recall is too low for screening/default capture.,imbalance_training_variants_heloc.csv,max_delta_step=5; Reference uncalibrated probability.; More balanced than baseline CatBoost: precision improves and FP drops with tolerable recall loss.,recall<0.9,recall<0.85
heloc,XGBoost::xgboost_scale_pos_weight_1,imbalance_training:uncalibrated:specificity_0_65,threshold=0.450,0.7165217391304348,0.8015564202334631,0.6557550158394931,0.7566574839302113,0.7953048537466257,0.7999353774409995,0.1842823519187047,0.0344948730872401,621,326,204,824,1346.0,False,False,recall<0.9,,,False,False,Not eligible: recall is too low for screening/default capture.,imbalance_training_variants_heloc.csv,scale_pos_weight=1; Reference uncalibrated probability.; More balanced than baseline CatBoost: precision improves and FP drops with tolerable recall loss.,recall<0.9,recall<0.85
heloc,XGBoost::xgboost_scale_pos_weight_3_5,imbalance_training:uncalibrated:specificity_0_65,threshold=0.710,0.710232158211522,0.8035019455252919,0.6441393875395988,0.7539936102236423,0.7960680666778974,0.8000824240367475,0.2210853817893033,0.1808387183124505,610,337,202,826,1347.0,False,False,recall<0.9,,,False,False,Not eligible: recall is too low for screening/default capture.,imbalance_training_variants_heloc.csv,scale_pos_weight=3.5; Reference uncalibrated probability.; More balanced than baseline CatBoost: precision improves and FP drops with tolerable recall loss.,recall<0.9,recall<0.85
heloc,XGBoost::xgboost_scale_pos_weight_4,imbalance_training:sigmoid:specificity_0_65,threshold=0.470,0.7130509939498704,0.8025291828793775,0.6494192185850053,0.7551487414187643,0.7956078790692706,0.800183517790042,0.1842101316738856,0.0171934954520202,615,332,203,825,1347.0,False,False,recall<0.9,,,False,False,Not eligible: recall is too low for screening/default capture.,imbalance_training_variants_heloc.csv,scale_pos_weight=4; Calibration improves validation Brier and ECE.; More balanced than baseline CatBoost: precision improves and FP drops with tolerable recall loss.,recall<0.9,recall<0.85
heloc,XGBoost::xgboost_sample_weight_pos_1.5,imbalance_training:uncalibrated:specificity_0_65,threshold=0.535,0.7084048027444254,0.8035019455252919,0.6409714889123548,0.7529626253418414,0.795389084514276,0.7993501612837668,0.1889998091235448,0.0671201120562191,607,340,202,826,1350.0,False,False,recall<0.9,,,False,False,Not eligible: recall is too low for screening/default capture.,imbalance_training_variants_heloc.csv,sample_weight positive class=1.5; Reference uncalibrated probability.; More balanced than baseline CatBoost: precision improves and FP drops with tolerable recall loss.,recall<0.9,recall<0.85
heloc,XGBoost::xgboost_scale_pos_weight_3,imbalance_training:sigmoid:specificity_0_65,threshold=0.465,0.7134199134199134,0.8015564202334631,0.6504751847940866,0.7549244159413652,0.7956859466100198,0.7994346019765769,0.1840941908021343,0.0130415569917582,616,331,204,824,1351.0,False,False,recall<0.9,,,False,False,Not eligible: recall is too low for screening/default capture.,imbalance_training_variants_heloc.csv,scale_pos_weight=3; Calibration improves validation Brier and ECE.; More balanced than baseline CatBoost: precision improves and FP drops with tolerable recall loss.,recall<0.9,recall<0.85
heloc,XGBoost::xgboost_scale_pos_weight_3,imbalance_training:uncalibrated:specificity_0_65,threshold=0.680,0.7121866897147796,0.8015564202334631,0.648363252375924,0.754233409610984,0.7956859466100198,0.7994346019765769,0.2135358524495555,0.1612400600842282,614,333,204,824,1353.0,False,False,recall<0.9,,,False,False,Not eligible: recall is too low for screening/default capture.,imbalance_training_variants_heloc.csv,scale_pos_weight=3; Reference uncalibrated probability.; More balanced than baseline CatBoost: precision improves and FP drops with tolerable recall loss.,recall<0.9,recall<0.85
heloc,XGBoost::xgboost_scale_pos_weight_3,imbalance_training:isotonic:specificity_0_65,threshold=0.460,0.7121866897147796,0.8015564202334631,0.648363252375924,0.754233409610984,0.7922360803520435,0.776139657028343,0.1859513973939441,0.0229968634561938,614,333,204,824,1353.0,False,False,recall<0.9; pr_auc<0.78,,,False,False,Not eligible: recall is too low for screening/default capture.,imbalance_training_variants_heloc.csv,scale_pos_weight=3; Calibration improves validation Brier and ECE.; More balanced than baseline CatBoost: precision improves and FP drops with tolerable recall loss.,recall<0.9; pr_auc<0.78,recall<0.85; pr_auc<0.78
heloc,LightGBM::lightgbm_scale_pos_weight_2.5,imbalance_training:isotonic:default_0_50,threshold=0.500,0.6887417218543046,0.8093385214007782,0.6029567053854277,0.7441860465116278,0.780396521474737,0.7752404482728434,0.1908325218925629,0.0146050189899606,571,376,196,832,1356.0,False,False,recall<0.9; pr_auc<0.78,,,False,False,Not eligible: recall is too low for screening/default capture.,imbalance_training_variants_heloc.csv,scale_pos_weight=2.5; Calibration improves validation Brier and ECE.; More balanced than baseline CatBoost: precision improves and FP drops with tolerable recall loss.,recall<0.9; pr_auc<0.78,recall<0.85; pr_auc<0.78
heloc,LightGBM::lightgbm_scale_pos_weight_3.5,imbalance_training:isotonic:specificity_0_65,threshold=0.415,0.6993243243243243,0.8054474708171206,0.6240760295670539,0.7486437613019892,0.7808413010161107,0.7702023924683619,0.1901903442842329,0.02683480650389,591,356,200,828,1356.0,False,False,recall<0.9; pr_auc<0.78,,,False,False,Not eligible: recall is too low for screening/default capture.,imbalance_training_variants_heloc.csv,scale_pos_weight=3.5; Calibration improves validation Brier and ECE.; More balanced than baseline CatBoost: precision improves and FP drops with tolerable recall loss.,recall<0.9; pr_auc<0.78,recall<0.85; pr_auc<0.78
heloc,XGBoost::xgboost_scale_pos_weight_4,imbalance_training:uncalibrated:specificity_0_65,threshold=0.740,0.7141615986099045,0.7996108949416343,0.6525871172122492,0.7544745296007344,0.7956078790692706,0.800183517790042,0.2285571865950862,0.1975475760615324,618,329,206,822,1359.0,False,False,recall<0.9,,,False,False,Not eligible: recall is too low for screening/default capture.,imbalance_training_variants_heloc.csv,scale_pos_weight=4; Reference uncalibrated probability.; More balanced than baseline CatBoost: precision improves and FP drops with tolerable recall loss.,recall<0.9,recall<0.85
heloc,XGBoost::xgboost_sample_weight_pos_1.5,imbalance_training:sigmoid:specificity_0_65,threshold=0.465,0.7094827586206897,0.8005836575875487,0.6441393875395988,0.7522851919561244,0.795389084514276,0.7993501612837668,0.1840443229415192,0.0204671320928929,610,337,205,823,1362.0,False,False,recall<0.9,,,False,False,Not eligible: recall is too low for screening/default capture.,imbalance_training_variants_heloc.csv,sample_weight positive class=1.5; Calibration improves validation Brier and ECE.; More balanced than baseline CatBoost: precision improves and FP drops with tolerable recall loss.,recall<0.9,recall<0.85
heloc,LightGBM::lightgbm_scale_pos_weight_3.5,imbalance_training:uncalibrated:specificity_0_65,threshold=0.640,0.7,0.8035019455252919,0.6261879619852164,0.7481884057971014,0.782758578184642,0.7917847778254918,0.2142700884190811,0.1440488372626347,593,354,202,826,1364.0,False,False,recall<0.9,,,False,False,Not eligible: recall is too low for screening/default capture.,imbalance_training_variants_heloc.csv,scale_pos_weight=3.5; Reference uncalibrated probability.; More balanced than baseline CatBoost: precision improves and FP drops with tolerable recall loss.,recall<0.9,recall<0.85
heloc,CatBoost::catboost_auto_sqrtbalanced,imbalance_training:isotonic:specificity_0_65,threshold=0.480,0.7177914110429447,0.796692607003891,0.6599788806758183,0.7551867219917011,0.8006062560861865,0.7907187316457287,0.1819472951792783,0.024839481946387,625,322,209,819,1367.0,False,False,recall<0.9,,,False,False,Not eligible: recall is too low for screening/default capture.,imbalance_training_variants_heloc.csv,auto_class_weights='SqrtBalanced'; Calibration improves validation Brier and ECE.; More balanced than baseline CatBoost: precision improves and FP drops with tolerable recall loss.,recall<0.9,recall<0.85
heloc,LightGBM::lightgbm_baseline,imbalance_training:isotonic:default_0_50,threshold=0.500,0.7000849617672048,0.8015564202334631,0.6272439281942978,0.7473922902494332,0.7774941552064887,0.7628776728069134,0.1914932067375384,0.0164681061422503,594,353,204,824,1373.0,False,False,recall<0.9; pr_auc<0.78; roc_auc<0.78,,,False,False,Not eligible: recall is too low for screening/default capture.,imbalance_training_variants_heloc.csv,baseline LightGBM; Calibration improves validation Brier and ECE.; More balanced than baseline CatBoost: precision improves and FP drops with tolerable recall loss.,recall<0.9; pr_auc<0.78; roc_auc<0.78,recall<0.85; pr_auc<0.78; roc_auc<0.78
heloc,LightGBM::lightgbm_scale_pos_weight_1,imbalance_training:isotonic:default_0_50,threshold=0.500,0.7000849617672048,0.8015564202334631,0.6272439281942978,0.7473922902494332,0.7774941552064887,0.7628776728069134,0.1914932067375384,0.0164681061422503,594,353,204,824,1373.0,False,False,recall<0.9; pr_auc<0.78; roc_auc<0.78,,,False,False,Not eligible: recall is too low for screening/default capture.,imbalance_training_variants_heloc.csv,scale_pos_weight=1; Calibration improves validation Brier and ECE.; More balanced than baseline CatBoost: precision improves and FP drops with tolerable recall loss.,recall<0.9; pr_auc<0.78; roc_auc<0.78,recall<0.85; pr_auc<0.78; roc_auc<0.78
heloc,LightGBM::lightgbm_scale_pos_weight_4,imbalance_training:isotonic:default_0_50,threshold=0.500,0.6973795435333897,0.8025291828793775,0.6219640971488912,0.7462686567164178,0.7782619905579363,0.768459913547161,0.1907925627130678,0.0136465244950494,589,358,203,825,1373.0,False,False,recall<0.9; pr_auc<0.78; roc_auc<0.78,,,False,False,Not eligible: recall is too low for screening/default capture.,imbalance_training_variants_heloc.csv,scale_pos_weight=4; Calibration improves validation Brier and ECE.; More balanced than baseline CatBoost: precision improves and FP drops with tolerable recall loss.,recall<0.9; pr_auc<0.78; roc_auc<0.78,recall<0.85; pr_auc<0.78; roc_auc<0.78
heloc,XGBoost::xgboost_max_delta_step_1,imbalance_training:sigmoid:specificity_0_65,threshold=0.465,0.7162872154115587,0.7957198443579766,0.6578669482576558,0.7539170506912443,0.7950475390234983,0.7998293796509983,0.1841090678500489,0.0243409563119049,623,324,210,818,1374.0,False,False,recall<0.9,,,False,False,Not eligible: recall is too low for screening/default capture.,imbalance_training_variants_heloc.csv,max_delta_step=1; Calibration improves validation Brier and ECE.; More balanced than baseline CatBoost: precision improves and FP drops with tolerable recall loss.,recall<0.9,recall<0.85
heloc,LightGBM::lightgbm_scale_pos_weight_3.5,imbalance_training:sigmoid:specificity_0_65,threshold=0.470,0.7010221465076661,0.8005836575875487,0.6293558606124604,0.7475022706630337,0.782758578184642,0.7917847778254918,0.1900280122045571,0.0272488296648066,596,351,205,823,1376.0,False,False,recall<0.9,,,False,False,Not eligible: recall is too low for screening/default capture.,imbalance_training_variants_heloc.csv,scale_pos_weight=3.5; Calibration improves validation Brier and ECE.; More balanced than baseline CatBoost: precision improves and FP drops with tolerable recall loss.,recall<0.9,recall<0.85
heloc,XGBoost::xgboost_scale_pos_weight_2_5,imbalance_training:isotonic:specificity_0_65,threshold=0.465,0.7199646643109541,0.7928015564202334,0.665258711721225,0.7546296296296295,0.7931574827737808,0.7811332182684187,0.1858747900702916,0.0245006356070817,630,317,213,815,1382.0,False,False,recall<0.9,,,False,False,Not eligible: recall is too low for screening/default capture.,imbalance_training_variants_heloc.csv,scale_pos_weight=2.5; Calibration improves validation Brier and ECE.; More balanced than baseline CatBoost: precision improves and FP drops with tolerable recall loss.,recall<0.9,recall<0.85
heloc,XGBoost::xgboost_scale_pos_weight_1_5,imbalance_training:uncalibrated:specificity_0_65,threshold=0.540,0.7122929380993898,0.7947470817120622,0.6515311510031679,0.751264367816092,0.7958646801901561,0.8014824380929075,0.1888410067296109,0.0685243778817261,617,330,211,817,1385.0,False,False,recall<0.9,,,False,False,Not eligible: recall is too low for screening/default capture.,imbalance_training_variants_heloc.csv,scale_pos_weight=1.5; Reference uncalibrated probability.; More balanced than baseline CatBoost: precision improves and FP drops with tolerable recall loss.,recall<0.9,recall<0.85
heloc,XGBoost::xgboost_scale_pos_weight_1_5,imbalance_training:sigmoid:specificity_0_65,threshold=0.465,0.7110530896431679,0.7947470817120622,0.6494192185850053,0.7505741846577858,0.7958646801901561,0.8014824380929075,0.1838681330367529,0.0199877431131512,615,332,211,817,1387.0,False,False,recall<0.9,,,False,False,Not eligible: recall is too low for screening/default capture.,imbalance_training_variants_heloc.csv,scale_pos_weight=1.5; Calibration improves validation Brier and ECE.; More balanced than baseline CatBoost: precision improves and FP drops with tolerable recall loss.,recall<0.9,recall<0.85
heloc,XGBoost::xgboost_max_delta_step_1,imbalance_training:uncalibrated:specificity_0_65,threshold=0.455,0.7161687170474517,0.7928015564202334,0.6589229144667371,0.752539242843952,0.7950475390234983,0.7998293796509983,0.1843769913237448,0.0249619754205776,624,323,213,815,1388.0,False,False,recall<0.9,,,False,False,Not eligible: recall is too low for screening/default capture.,imbalance_training_variants_heloc.csv,max_delta_step=1; Reference uncalibrated probability.; More balanced than baseline CatBoost: precision improves and FP drops with tolerable recall loss.,recall<0.9,recall<0.85
heloc,LightGBM::lightgbm_scale_pos_weight_1.5,imbalance_training:isotonic:default_0_50,threshold=0.500,0.6880733944954128,0.8025291828793775,0.6050686378035903,0.7409070498428381,0.7822470303518381,0.770698548646717,0.1895845070650229,0.0217389304261165,573,374,203,825,1389.0,False,False,recall<0.9; pr_auc<0.78,,,False,False,Not eligible: recall is too low for screening/default capture.,imbalance_training_variants_heloc.csv,scale_pos_weight=1.5; Calibration improves validation Brier and ECE.; More balanced than baseline CatBoost: precision improves and FP drops with tolerable recall loss.,recall<0.9; pr_auc<0.78,recall<0.85; pr_auc<0.78
heloc,XGBoost::xgboost_sample_weight_pos_2,imbalance_training:isotonic:specificity_0_65,threshold=0.490,0.7120418848167539,0.7937743190661478,0.6515311510031679,0.750689972401104,0.7944774405351324,0.7881858630684351,0.1850881321795869,0.0289005037689594,617,330,212,816,1390.0,False,False,recall<0.9,,,False,False,Not eligible: recall is too low for screening/default capture.,imbalance_training_variants_heloc.csv,sample_weight positive class=2; Calibration improves validation Brier and ECE.; More balanced than baseline CatBoost: precision improves and FP drops with tolerable recall loss.,recall<0.9,recall<0.85
heloc,LightGBM::lightgbm_scale_pos_weight_2.5,imbalance_training:uncalibrated:specificity_0_65,threshold=0.585,0.6982097186700768,0.796692607003891,0.6261879619852164,0.7442071785552022,0.7806148024274897,0.7898860757812326,0.2063469339858921,0.1136587484575514,593,354,209,819,1399.0,False,False,recall<0.9,,,False,False,Not eligible: recall is too low for screening/default capture.,imbalance_training_variants_heloc.csv,scale_pos_weight=2.5; Reference uncalibrated probability.; More balanced than baseline CatBoost: precision improves and FP drops with tolerable recall loss.,recall<0.9,recall<0.85
heloc,LightGBM::lightgbm_scale_pos_weight_2.5,imbalance_training:sigmoid:specificity_0_65,threshold=0.465,0.6985482493595218,0.7957198443579766,0.6272439281942978,0.7439745338790359,0.7806148024274897,0.7898860757812326,0.1907969326542191,0.0237699476418889,594,353,210,818,1403.0,False,False,recall<0.9,,,False,False,Not eligible: recall is too low for screening/default capture.,imbalance_training_variants_heloc.csv,scale_pos_weight=2.5; Calibration improves validation Brier and ECE.; More balanced than baseline CatBoost: precision improves and FP drops with tolerable recall loss.,recall<0.9,recall<0.85
heloc,LightGBM::lightgbm_baseline,imbalance_training:uncalibrated:specificity_0_65,threshold=0.430,0.7028423772609819,0.7937743190661478,0.6356916578669483,0.745545911375057,0.7812496147983186,0.789302612784146,0.1945523416544496,0.0627074954789293,602,345,212,816,1405.0,False,False,recall<0.9,,,False,False,Not eligible: recall is too low for screening/default capture.,imbalance_training_variants_heloc.csv,baseline LightGBM; Reference uncalibrated probability.; More balanced than baseline CatBoost: precision improves and FP drops with tolerable recall loss.,recall<0.9,recall<0.85
heloc,LightGBM::lightgbm_scale_pos_weight_1,imbalance_training:uncalibrated:specificity_0_65,threshold=0.430,0.7028423772609819,0.7937743190661478,0.6356916578669483,0.745545911375057,0.7812496147983186,0.789302612784146,0.1945523416544496,0.0627074954789293,602,345,212,816,1405.0,False,False,recall<0.9,,,False,False,Not eligible: recall is too low for screening/default capture.,imbalance_training_variants_heloc.csv,scale_pos_weight=1; Reference uncalibrated probability.; More balanced than baseline CatBoost: precision improves and FP drops with tolerable recall loss.,recall<0.9,recall<0.85
heloc,LightGBM::lightgbm_baseline,imbalance_training:isotonic:specificity_0_65,threshold=0.505,0.7022375215146299,0.7937743190661478,0.6346356916578669,0.7452054794520548,0.7774941552064887,0.7628776728069134,0.1914932067375384,0.0164681061422503,601,346,212,816,1406.0,False,False,recall<0.9; pr_auc<0.78; roc_auc<0.78,,,False,False,Not eligible: recall is too low for screening/default capture.,imbalance_training_variants_heloc.csv,baseline LightGBM; Calibration improves validation Brier and ECE.; More balanced than baseline CatBoost: precision improves and FP drops with tolerable recall loss.,recall<0.9; pr_auc<0.78; roc_auc<0.78,recall<0.85; pr_auc<0.78; roc_auc<0.78
heloc,LightGBM::lightgbm_scale_pos_weight_1,imbalance_training:isotonic:specificity_0_65,threshold=0.505,0.7022375215146299,0.7937743190661478,0.6346356916578669,0.7452054794520548,0.7774941552064887,0.7628776728069134,0.1914932067375384,0.0164681061422503,601,346,212,816,1406.0,False,False,recall<0.9; pr_auc<0.78; roc_auc<0.78,,,False,False,Not eligible: recall is too low for screening/default capture.,imbalance_training_variants_heloc.csv,scale_pos_weight=1; Calibration improves validation Brier and ECE.; More balanced than baseline CatBoost: precision improves and FP drops with tolerable recall loss.,recall<0.9; pr_auc<0.78; roc_auc<0.78,recall<0.85; pr_auc<0.78; roc_auc<0.78
heloc,LightGBM::lightgbm_baseline,imbalance_training:sigmoid:specificity_0_65,threshold=0.460,0.7025862068965517,0.7928015564202334,0.6356916578669483,0.7449725776965265,0.7812496147983186,0.789302612784146,0.1903214123458197,0.0193187036601593,602,345,213,815,1410.0,False,False,recall<0.9,,,False,False,Not eligible: recall is too low for screening/default capture.,imbalance_training_variants_heloc.csv,baseline LightGBM; Calibration improves validation Brier and ECE.; More balanced than baseline CatBoost: precision improves and FP drops with tolerable recall loss.,recall<0.9,recall<0.85
heloc,LightGBM::lightgbm_scale_pos_weight_1,imbalance_training:sigmoid:specificity_0_65,threshold=0.460,0.7025862068965517,0.7928015564202334,0.6356916578669483,0.7449725776965265,0.7812496147983186,0.789302612784146,0.1903214123458197,0.0193187036601593,602,345,213,815,1410.0,False,False,recall<0.9,,,False,False,Not eligible: recall is too low for screening/default capture.,imbalance_training_variants_heloc.csv,scale_pos_weight=1; Calibration improves validation Brier and ECE.; More balanced than baseline CatBoost: precision improves and FP drops with tolerable recall loss.,recall<0.9,recall<0.85
heloc,CatBoost::catboost_class_weight_pos_4,imbalance_training:sigmoid:default_0_50,threshold=0.500,0.7244165170556554,0.7850194552529183,0.675818373812038,0.7535014005602242,0.8051577991527618,0.8136049101401275,0.1807185136625465,0.0275678283303913,640,307,221,807,1412.0,False,False,recall<0.9,,,False,False,Not eligible: recall is too low for screening/default capture.,imbalance_training_variants_heloc.csv,custom class_weights positive_weight=4; Calibration improves validation Brier and ECE.; Precision/FP improve but recall loss is material.,recall<0.9,recall<0.85
heloc,XGBoost::xgboost_scale_pos_weight_4,imbalance_training:isotonic:specificity_0_65,threshold=0.465,0.7184724689165186,0.7869649805447471,0.665258711721225,0.7511606313834726,0.7940023584614943,0.7861729439799223,0.1859950033067438,0.022059914185036,630,317,219,809,1412.0,False,False,recall<0.9,,,False,False,Not eligible: recall is too low for screening/default capture.,imbalance_training_variants_heloc.csv,scale_pos_weight=4; Calibration improves validation Brier and ECE.; More balanced than baseline CatBoost: precision improves and FP drops with tolerable recall loss.,recall<0.9,recall<0.85
heloc,CatBoost::catboost_class_weight_pos_5,imbalance_training:sigmoid:default_0_50,threshold=0.500,0.7231182795698925,0.7850194552529183,0.6737064413938754,0.7527985074626866,0.8051187653823872,0.8139810930653841,0.1806739349373728,0.0276513699235312,638,309,221,807,1414.0,False,False,recall<0.9,,,False,False,Not eligible: recall is too low for screening/default capture.,imbalance_training_variants_heloc.csv,custom class_weights positive_weight=5; Calibration improves validation Brier and ECE.; Precision/FP improve but recall loss is material.,recall<0.9,recall<0.85
heloc,CatBoost::catboost_class_weight_pos_3,imbalance_training:sigmoid:default_0_50,threshold=0.500,0.7271906052393857,0.7830739299610895,0.6810982048574445,0.7540983606557377,0.8061726771825014,0.8160850821336437,0.1799963597450893,0.0206487181122049,645,302,223,805,1417.0,False,False,recall<0.9,,,False,False,Not eligible: recall is too low for screening/default capture.,imbalance_training_variants_heloc.csv,custom class_weights positive_weight=3; Calibration improves validation Brier and ECE.; Precision/FP improve but recall loss is material.,recall<0.9,recall<0.85
heloc,LightGBM::lightgbm_class_weight_balanced,imbalance_training:uncalibrated:specificity_0_65,threshold=0.410,0.6983718937446444,0.7928015564202334,0.6282998944033791,0.7425968109339408,0.7797149712999066,0.7881301498675422,0.195182595524245,0.0639639287554071,595,352,213,815,1417.0,False,False,recall<0.9; roc_auc<0.78,,,False,False,Not eligible: recall is too low for screening/default capture.,imbalance_training_variants_heloc.csv,class_weight='balanced'; Reference uncalibrated probability.; More balanced than baseline CatBoost: precision improves and FP drops with tolerable recall loss.,recall<0.9; roc_auc<0.78,recall<0.85; roc_auc<0.78
heloc,CatBoost::catboost_class_weight_pos_1.5,imbalance_training:isotonic:specificity_0_65,threshold=0.425,0.7235188509874326,0.7840466926070039,0.6747624076029567,0.7525676937441642,0.8004506346069301,0.7928767231935359,0.1821268941115442,0.0222342345726985,639,308,222,806,1418.0,False,False,recall<0.9,,,False,False,Not eligible: recall is too low for screening/default capture.,imbalance_training_variants_heloc.csv,custom class_weights positive_weight=1.5; Calibration improves validation Brier and ECE.; Precision/FP improve but recall loss is material.,recall<0.9,recall<0.85
heloc,LightGBM::lightgbm_scale_pos_weight_2,imbalance_training:uncalibrated:specificity_0_65,threshold=0.555,0.7014667817083693,0.7908560311284046,0.6346356916578669,0.7434842249657063,0.7815064159192042,0.789169243411007,0.2015026591577643,0.0982640429204219,601,346,215,813,1421.0,False,False,recall<0.9,,,False,False,Not eligible: recall is too low for screening/default capture.,imbalance_training_variants_heloc.csv,scale_pos_weight=2; Reference uncalibrated probability.; More balanced than baseline CatBoost: precision improves and FP drops with tolerable recall loss.,recall<0.9,recall<0.85
heloc,Best Scorecard,precision_constraint:G_min_specificity_0_70,threshold=0.485,0.72975432211101,0.7801556420233463,0.6863780359028511,0.7541137752703339,0.801480407101681,0.8038770280230678,0.1816523806088388,0.014207949481563,650,297,226,802,1427.0,False,False,recall<0.9,,,False,False,Not eligible: recall is too low for screening/default capture.,precision_constrained_test_results_heloc.csv,"precision/FP improves but recall loss is material; FP delta=-500, precision delta=0.1711, recall delta=-0.2014, cost delta=535; selected on validation.",recall<0.9,recall<0.85
heloc,LightGBM::lightgbm_scale_pos_weight_2,imbalance_training:sigmoid:specificity_0_65,threshold=0.470,0.7022569444444444,0.7869649805447471,0.6378035902851109,0.7422018348623852,0.7815064159192042,0.789169243411007,0.1904149112574923,0.0166853675122608,604,343,219,809,1438.0,False,False,recall<0.9,,,False,False,Not eligible: recall is too low for screening/default capture.,imbalance_training_variants_heloc.csv,scale_pos_weight=2; Calibration improves validation Brier and ECE.; More balanced than baseline CatBoost: precision improves and FP drops with tolerable recall loss.,recall<0.9,recall<0.85
heloc,LightGBM::lightgbm_class_weight_balanced,imbalance_training:sigmoid:specificity_0_65,threshold=0.465,0.7016478751084129,0.7869649805447471,0.6367476240760296,0.7418615314076111,0.7797149712999066,0.7881301498675422,0.1910012341937973,0.0264769774442713,603,344,219,809,1439.0,False,False,recall<0.9; roc_auc<0.78,,,False,False,Not eligible: recall is too low for screening/default capture.,imbalance_training_variants_heloc.csv,class_weight='balanced'; Calibration improves validation Brier and ECE.; More balanced than baseline CatBoost: precision improves and FP drops with tolerable recall loss.,recall<0.9; roc_auc<0.78,recall<0.85; roc_auc<0.78
heloc,SCRE-Pareto,precision_constraint:G_min_specificity_0_70,threshold=0.480,0.7303473491773309,0.7772373540856031,0.6884899683210137,0.7530631479736098,0.8055450552430572,0.8104075742041918,0.180072497474567,0.0276944558030183,652,295,229,799,1440.0,False,False,recall<0.9,,,False,False,Not eligible: recall is too low for screening/default capture.,precision_constrained_test_results_heloc.csv,"balanced FP reduction with tolerable recall loss; FP delta=-449, precision delta=0.1579, recall delta=-0.1916, cost delta=536; selected on validation.",recall<0.9,recall<0.85
heloc,CatBoost::catboost_auto_balanced,imbalance_training:sigmoid:default_0_50,threshold=0.500,0.7338858195211786,0.7752918287937743,0.6948257655755016,0.7540208136234625,0.8017854868332928,0.8086179460042939,0.181151469674265,0.0115577421042146,658,289,231,797,1444.0,False,False,recall<0.9,,,False,False,Not eligible: recall is too low for screening/default capture.,imbalance_training_variants_heloc.csv,auto_class_weights='Balanced'; Calibration improves validation Brier and ECE.; Precision/FP improve but recall loss is material.,recall<0.9,recall<0.85
heloc,LightGBM::lightgbm_scale_pos_weight_1.5,imbalance_training:uncalibrated:specificity_0_65,threshold=0.505,0.6958762886597938,0.7879377431906615,0.6261879619852164,0.7390510948905108,0.783211575361884,0.7928045847335232,0.196237467971078,0.0754044738236355,593,354,218,810,1444.0,False,False,recall<0.9,,,False,False,Not eligible: recall is too low for screening/default capture.,imbalance_training_variants_heloc.csv,scale_pos_weight=1.5; Reference uncalibrated probability.; More balanced than baseline CatBoost: precision improves and FP drops with tolerable recall loss.,recall<0.9,recall<0.85
heloc,LightGBM::lightgbm_is_unbalance,imbalance_training:uncalibrated:specificity_0_65,threshold=0.415,0.6925704526046115,0.7889105058365758,0.6198521647307286,0.7376080036380174,0.7787750791974657,0.7872742161943191,0.1958919039618819,0.0659719805850732,587,360,217,811,1445.0,False,False,recall<0.9; roc_auc<0.78,,,False,False,Not eligible: recall is too low for screening/default capture.,imbalance_training_variants_heloc.csv,is_unbalance=True; Reference uncalibrated probability.; More balanced than baseline CatBoost: precision improves and FP drops with tolerable recall loss.,recall<0.9; roc_auc<0.78,recall<0.85; roc_auc<0.78
heloc,LightGBM::lightgbm_is_unbalance,imbalance_training:sigmoid:specificity_0_65,threshold=0.460,0.6925704526046115,0.7889105058365758,0.6198521647307286,0.7376080036380174,0.7787750791974657,0.7872742161943191,0.191339651382584,0.0194891211835954,587,360,217,811,1445.0,False,False,recall<0.9; roc_auc<0.78,,,False,False,Not eligible: recall is too low for screening/default capture.,imbalance_training_variants_heloc.csv,is_unbalance=True; Calibration improves validation Brier and ECE.; More balanced than baseline CatBoost: precision improves and FP drops with tolerable recall loss.,recall<0.9; roc_auc<0.78,recall<0.85; roc_auc<0.78
heloc,LightGBM::lightgbm_scale_pos_weight_1.5,imbalance_training:uncalibrated:default_0_50,threshold=0.500,0.6946826758147513,0.7879377431906615,0.6240760295670539,0.7383773928896991,0.783211575361884,0.7928045847335232,0.196237467971078,0.0754044738236355,591,356,218,810,1446.0,False,False,recall<0.9,,,False,False,Not eligible: recall is too low for screening/default capture.,imbalance_training_variants_heloc.csv,scale_pos_weight=1.5; Reference uncalibrated probability.; More balanced than baseline CatBoost: precision improves and FP drops with tolerable recall loss.,recall<0.9,recall<0.85
heloc,XGBoost::xgboost_scale_pos_weight_2_5,imbalance_training:sigmoid:default_0_50,threshold=0.500,0.7263636363636363,0.7772373540856031,0.6821541710665259,0.7509398496240601,0.7972092908591127,0.7998966925441662,0.1833833560738273,0.027285500954868,646,301,229,799,1446.0,False,False,recall<0.9,,,False,False,Not eligible: recall is too low for screening/default capture.,imbalance_training_variants_heloc.csv,scale_pos_weight=2.5; Calibration improves validation Brier and ECE.; Precision/FP improve but recall loss is material.,recall<0.9,recall<0.85
heloc,LightGBM::lightgbm_scale_pos_weight_1.5,imbalance_training:sigmoid:specificity_0_65,threshold=0.470,0.6995670995670996,0.7859922178988327,0.6335797254487856,0.7402656894182318,0.783211575361884,0.7928045847335232,0.1896596343503948,0.021970906458906,600,347,220,808,1447.0,False,False,recall<0.9,,,False,False,Not eligible: recall is too low for screening/default capture.,imbalance_training_variants_heloc.csv,scale_pos_weight=1.5; Calibration improves validation Brier and ECE.; More balanced than baseline CatBoost: precision improves and FP drops with tolerable recall loss.,recall<0.9,recall<0.85
heloc,LightGBM::lightgbm_class_weight_balanced,imbalance_training:isotonic:specificity_0_65,threshold=0.535,0.70147954743255,0.7840466926070039,0.6378035902851109,0.7404685346807532,0.7786872532141228,0.7709181786315847,0.1918844812228527,0.0213737345073578,604,343,222,806,1453.0,False,False,recall<0.9; pr_auc<0.78; roc_auc<0.78,,,False,False,Not eligible: recall is too low for screening/default capture.,imbalance_training_variants_heloc.csv,class_weight='balanced'; Calibration improves validation Brier and ECE.; Precision/FP improve but recall loss is material.,recall<0.9; pr_auc<0.78; roc_auc<0.78,recall<0.85; pr_auc<0.78; roc_auc<0.78
heloc,LightGBM::lightgbm_scale_pos_weight_4,imbalance_training:uncalibrated:specificity_0_65,threshold=0.670,0.6987012987012987,0.7850194552529183,0.6325237592397043,0.7393495190105359,0.7802203559058095,0.7892446224480931,0.2189641414411339,0.1541402262581291,599,348,221,807,1453.0,False,False,recall<0.9,,,False,False,Not eligible: recall is too low for screening/default capture.,imbalance_training_variants_heloc.csv,scale_pos_weight=4; Reference uncalibrated probability.; Precision/FP improve but recall loss is material.,recall<0.9,recall<0.85
heloc,LightGBM::lightgbm_class_weight_balanced,imbalance_training:isotonic:default_0_50,threshold=0.500,0.7008695652173913,0.7840466926070039,0.6367476240760296,0.7401285583103764,0.7786872532141228,0.7709181786315847,0.1918844812228527,0.0213737345073578,603,344,222,806,1454.0,False,False,recall<0.9; pr_auc<0.78; roc_auc<0.78,,,False,False,Not eligible: recall is too low for screening/default capture.,imbalance_training_variants_heloc.csv,class_weight='balanced'; Calibration improves validation Brier and ECE.; Precision/FP improve but recall loss is material.,recall<0.9; pr_auc<0.78; roc_auc<0.78,recall<0.85; pr_auc<0.78; roc_auc<0.78
heloc,Best CatBoost,precision_constraint:G_min_specificity_0_70,threshold=0.495,0.7327188940092166,0.7733463035019456,0.6937697993664202,0.7524846190250828,0.8040936153078122,0.8115982528808503,0.1802440277917598,0.0107832103485953,657,290,233,795,1455.0,False,False,recall<0.9,,,False,False,Not eligible: recall is too low for screening/default capture.,precision_constrained_test_results_heloc.csv,"precision/FP improves but recall loss is material; FP delta=-508, precision delta=0.1746, recall delta=-0.2072, cost delta=557; selected on validation.",recall<0.9,recall<0.85
heloc,XGBoost::xgboost_sample_weight_pos_3,imbalance_training:sigmoid:default_0_50,threshold=0.500,0.7238873751135332,0.7752918287937743,0.6789862724392819,0.7487083137623298,0.7972298349487836,0.800046448987832,0.1831869074657184,0.0205731878042408,643,304,231,797,1459.0,False,False,recall<0.9,,,False,False,Not eligible: recall is too low for screening/default capture.,imbalance_training_variants_heloc.csv,sample_weight positive class=3; Calibration improves validation Brier and ECE.; Precision/FP improve but recall loss is material.,recall<0.9,recall<0.85
heloc,LightGBM::lightgbm_scale_pos_weight_3,imbalance_training:sigmoid:specificity_0_65,threshold=0.470,0.7,0.7830739299610895,0.6356916578669483,0.73921028466483,0.7844318942883322,0.7968643164240395,0.1895162693489003,0.0166183129876559,602,345,223,805,1460.0,False,False,recall<0.9,,,False,False,Not eligible: recall is too low for screening/default capture.,imbalance_training_variants_heloc.csv,scale_pos_weight=3; Calibration improves validation Brier and ECE.; Precision/FP improve but recall loss is material.,recall<0.9,recall<0.85
heloc,CatBoost::catboost_auto_none,imbalance_training:sigmoid:default_0_50,threshold=0.500,0.72910927456382,0.7723735408560312,0.6884899683210137,0.7501180916391119,0.8043134370672901,0.8109210726618248,0.1800428911401449,0.0137848518094282,652,295,234,794,1465.0,False,False,recall<0.9,,,False,False,Not eligible: recall is too low for screening/default capture.,imbalance_training_variants_heloc.csv,auto_class_weights=None; Calibration improves validation Brier and ECE.; Precision/FP improve but recall loss is material.,recall<0.9,recall<0.85
heloc,CatBoost::catboost_baseline,imbalance_training:sigmoid:default_0_50,threshold=0.500,0.72910927456382,0.7723735408560312,0.6884899683210137,0.7501180916391119,0.8043134370672901,0.8109210726618248,0.1800428911401449,0.0137848518094282,652,295,234,794,1465.0,False,False,recall<0.9,,,False,False,Not eligible: recall is too low for screening/default capture.,imbalance_training_variants_heloc.csv,baseline CatBoost; Calibration improves validation Brier and ECE.; Precision/FP improve but recall loss is material.,recall<0.9,recall<0.85
heloc,LightGBM::lightgbm_scale_pos_weight_4,imbalance_training:sigmoid:specificity_0_65,threshold=0.475,0.6997389033942559,0.7821011673151751,0.6356916578669483,0.7386311437758383,0.7802203559058095,0.7892446224480931,0.1910758705334522,0.0194667083112305,602,345,224,804,1465.0,False,False,recall<0.9,,,False,False,Not eligible: recall is too low for screening/default capture.,imbalance_training_variants_heloc.csv,scale_pos_weight=4; Calibration improves validation Brier and ECE.; Precision/FP improve but recall loss is material.,recall<0.9,recall<0.85
heloc,XGBoost::xgboost_max_delta_step_1,imbalance_training:isotonic:default_0_50,threshold=0.500,0.7264409881061299,0.7723735408560312,0.6842661034846885,0.7487034417727487,0.7933675460906652,0.7869192930082848,0.1854285197495589,0.0290466137704768,648,299,234,794,1469.0,False,False,recall<0.9,,,False,False,Not eligible: recall is too low for screening/default capture.,imbalance_training_variants_heloc.csv,max_delta_step=1; Calibration improves validation Brier and ECE.; Precision/FP improve but recall loss is material.,recall<0.9,recall<0.85
heloc,XGBoost::xgboost_max_delta_step_1,imbalance_training:isotonic:specificity_0_65,threshold=0.500,0.7264409881061299,0.7723735408560312,0.6842661034846885,0.7487034417727487,0.7933675460906652,0.7869192930082848,0.1854285197495589,0.0290466137704768,648,299,234,794,1469.0,False,False,recall<0.9,,,False,False,Not eligible: recall is too low for screening/default capture.,imbalance_training_variants_heloc.csv,max_delta_step=1; Calibration improves validation Brier and ECE.; Precision/FP improve but recall loss is material.,recall<0.9,recall<0.85
heloc,XGBoost::xgboost_scale_pos_weight_4,imbalance_training:sigmoid:default_0_50,threshold=0.500,0.7264409881061299,0.7723735408560312,0.6842661034846885,0.7487034417727487,0.7956078790692706,0.800183517790042,0.1842101316738856,0.0171934954520202,648,299,234,794,1469.0,False,False,recall<0.9,,,False,False,Not eligible: recall is too low for screening/default capture.,imbalance_training_variants_heloc.csv,scale_pos_weight=4; Calibration improves validation Brier and ECE.; Precision/FP improve but recall loss is material.,recall<0.9,recall<0.85
heloc,XGBoost::xgboost_scale_pos_weight_3_5,imbalance_training:sigmoid:default_0_50,threshold=0.500,0.7257769652650823,0.7723735408560312,0.6832101372756072,0.7483506126295948,0.7960680666778974,0.8000824240367475,0.184017741024032,0.0165315752578613,647,300,234,794,1470.0,False,False,recall<0.9,,,False,False,Not eligible: recall is too low for screening/default capture.,imbalance_training_variants_heloc.csv,scale_pos_weight=3.5; Calibration improves validation Brier and ECE.; Precision/FP improve but recall loss is material.,recall<0.9,recall<0.85
heloc,XGBoost::xgboost_scale_pos_weight_3_5,imbalance_training:isotonic:default_0_50,threshold=0.500,0.7257769652650823,0.7723735408560312,0.6832101372756072,0.7483506126295948,0.7940490962654955,0.7851182203256988,0.1848380107451417,0.0211809475455745,647,300,234,794,1470.0,False,False,recall<0.9,,,False,False,Not eligible: recall is too low for screening/default capture.,imbalance_training_variants_heloc.csv,scale_pos_weight=3.5; Calibration improves validation Brier and ECE.; Precision/FP improve but recall loss is material.,recall<0.9,recall<0.85
heloc,XGBoost::xgboost_scale_pos_weight_3_5,imbalance_training:isotonic:specificity_0_65,threshold=0.510,0.7257769652650823,0.7723735408560312,0.6832101372756072,0.7483506126295948,0.7940490962654955,0.7851182203256988,0.1848380107451417,0.0211809475455745,647,300,234,794,1470.0,False,False,recall<0.9,,,False,False,Not eligible: recall is too low for screening/default capture.,imbalance_training_variants_heloc.csv,scale_pos_weight=3.5; Calibration improves validation Brier and ECE.; Precision/FP improve but recall loss is material.,recall<0.9,recall<0.85
heloc,CatBoost::catboost_class_weight_pos_1.5,imbalance_training:sigmoid:default_0_50,threshold=0.500,0.7281910009182736,0.7714007782101168,0.6874340021119324,0.7491733585262164,0.8020648864528165,0.8112803354465676,0.1812942371895297,0.0166436348096237,651,296,235,793,1471.0,False,False,recall<0.9,,,False,False,Not eligible: recall is too low for screening/default capture.,imbalance_training_variants_heloc.csv,custom class_weights positive_weight=1.5; Calibration improves validation Brier and ECE.; Precision/FP improve but recall loss is material.,recall<0.9,recall<0.85
heloc,XGBoost::xgboost_scale_pos_weight_3,imbalance_training:sigmoid:default_0_50,threshold=0.500,0.7251141552511415,0.7723735408560312,0.6821541710665259,0.7479981158737635,0.7956859466100198,0.7994346019765769,0.1840941908021343,0.0130415569917582,646,301,234,794,1471.0,False,False,recall<0.9,,,False,False,Not eligible: recall is too low for screening/default capture.,imbalance_training_variants_heloc.csv,scale_pos_weight=3; Calibration improves validation Brier and ECE.; Precision/FP improve but recall loss is material.,recall<0.9,recall<0.85
heloc,Best XGBoost,precision_constraint:G_min_specificity_0_70,threshold=0.495,0.7275229357798165,0.7714007782101168,0.6863780359028511,0.7488196411709159,0.8034243915867845,0.8049379257181238,0.1805361226302977,0.0204289726453994,650,297,235,793,1472.0,False,False,recall<0.9,,,False,False,Not eligible: recall is too low for screening/default capture.,precision_constrained_test_results_heloc.csv,"balanced FP reduction with tolerable recall loss; FP delta=-319, precision delta=0.1164, recall delta=-0.1702, cost delta=556; selected on validation.",recall<0.9,recall<0.85
heloc,Best CatBoost,current_threshold:fixed_0_50,threshold=0.500,0.7330861909175163,0.769455252918288,0.6958817317845829,0.7508305647840532,0.8040936153078122,0.8115982528808503,0.1802440277917598,0.0107832103485953,659,288,237,791,1473.0,False,False,recall<0.9,,,False,False,Not eligible: recall is too low for screening/default capture.,current_threshold_baseline_heloc.csv,inference-only recomputation from saved model probabilities; source_model=catboost; selected on validation within family,recall<0.9,recall<0.85
heloc,XGBoost::xgboost_scale_pos_weight_2,imbalance_training:sigmoid:default_0_50,threshold=0.500,0.7261904761904762,0.7714007782101168,0.6842661034846885,0.7481132075471698,0.7958395136803093,0.7981492288927658,0.1838075677646492,0.0178054343590313,648,299,235,793,1474.0,False,False,recall<0.9,,,False,False,Not eligible: recall is too low for screening/default capture.,imbalance_training_variants_heloc.csv,scale_pos_weight=2; Calibration improves validation Brier and ECE.; Precision/FP improve but recall loss is material.,recall<0.9,recall<0.85
heloc,XGBoost::xgboost_sample_weight_pos_3,imbalance_training:isotonic:specificity_0_65,threshold=0.445,0.7255260750228728,0.7714007782101168,0.6832101372756072,0.7477604903347478,0.7956818377920857,0.7832222458745128,0.1853166999513883,0.0213911355453082,647,300,235,793,1475.0,False,False,recall<0.9,,,False,False,Not eligible: recall is too low for screening/default capture.,imbalance_training_variants_heloc.csv,sample_weight positive class=3; Calibration improves validation Brier and ECE.; Precision/FP improve but recall loss is material.,recall<0.9,recall<0.85
heloc,CatBoost::catboost_class_weight_pos_2,imbalance_training:sigmoid:default_0_50,threshold=0.500,0.7188065099457505,0.7733463035019456,0.6715945089757128,0.7450796626054359,0.8023227147781855,0.8119937893258402,0.1815173204057608,0.018274535010905,636,311,233,795,1476.0,False,False,recall<0.9,,,False,False,Not eligible: recall is too low for screening/default capture.,imbalance_training_variants_heloc.csv,custom class_weights positive_weight=2; Calibration improves validation Brier and ECE.; Precision/FP improve but recall loss is material.,recall<0.9,recall<0.85
heloc,LightGBM::lightgbm_scale_pos_weight_3,imbalance_training:uncalibrated:specificity_0_65,threshold=0.620,0.7001748251748252,0.7791828793774319,0.6378035902851109,0.7375690607734806,0.7844318942883322,0.7968643164240395,0.209482867753993,0.1292637902308862,604,343,227,801,1478.0,False,False,recall<0.9,,,False,False,Not eligible: recall is too low for screening/default capture.,imbalance_training_variants_heloc.csv,scale_pos_weight=3; Reference uncalibrated probability.; Precision/FP improve but recall loss is material.,recall<0.9,recall<0.85
heloc,XGBoost::xgboost_max_delta_step_1,imbalance_training:sigmoid:default_0_50,threshold=0.500,0.7287822878228782,0.7684824902723736,0.689545934530095,0.7481060606060607,0.7950475390234983,0.7998293796509983,0.1841090678500489,0.0243409563119049,653,294,238,790,1484.0,False,False,recall<0.9,,,False,False,Not eligible: recall is too low for screening/default capture.,imbalance_training_variants_heloc.csv,max_delta_step=1; Calibration improves validation Brier and ECE.; Precision/FP improve but recall loss is material.,recall<0.9,recall<0.85
heloc,CatBoost::catboost_auto_none,imbalance_training:uncalibrated:default_0_50,threshold=0.500,0.7305555555555555,0.7675097276264592,0.6927138331573389,0.7485768500948766,0.8043134370672901,0.8109210726618248,0.1800462707161693,0.0214533419239653,656,291,239,789,1486.0,False,False,recall<0.9,,,False,False,Not eligible: recall is too low for screening/default capture.,imbalance_training_variants_heloc.csv,auto_class_weights=None; Reference uncalibrated probability.; Precision/FP improve but recall loss is material.,recall<0.9,recall<0.85
heloc,CatBoost::catboost_baseline,imbalance_training:uncalibrated:default_0_50,threshold=0.500,0.7305555555555555,0.7675097276264592,0.6927138331573389,0.7485768500948766,0.8043134370672901,0.8109210726618248,0.1800462707161693,0.0214533419239653,656,291,239,789,1486.0,False,False,recall<0.9,,,False,False,Not eligible: recall is too low for screening/default capture.,imbalance_training_variants_heloc.csv,baseline CatBoost; Reference uncalibrated probability.; Precision/FP improve but recall loss is material.,recall<0.9,recall<0.85
heloc,CatBoost::catboost_auto_sqrtbalanced,imbalance_training:sigmoid:default_0_50,threshold=0.500,0.7298797409805735,0.7675097276264592,0.6916578669482577,0.7482219061166429,0.8039138545231922,0.8133215328799779,0.1804361135401728,0.0151452073477059,655,292,239,789,1487.0,False,False,recall<0.9,,,False,False,Not eligible: recall is too low for screening/default capture.,imbalance_training_variants_heloc.csv,auto_class_weights='SqrtBalanced'; Calibration improves validation Brier and ECE.; Precision/FP improve but recall loss is material.,recall<0.9,recall<0.85
heloc,XGBoost::xgboost_scale_pos_weight_1_5,imbalance_training:sigmoid:default_0_50,threshold=0.500,0.727859778597786,0.7675097276264592,0.6884899683210137,0.7471590909090908,0.7958646801901561,0.8014824380929075,0.1838681330367529,0.0199877431131512,652,295,239,789,1490.0,False,False,recall<0.9,,,False,False,Not eligible: recall is too low for screening/default capture.,imbalance_training_variants_heloc.csv,scale_pos_weight=1.5; Calibration improves validation Brier and ECE.; Precision/FP improve but recall loss is material.,recall<0.9,recall<0.85
heloc,SCRE-Optimized,precision_constraint:G_min_specificity_0_70,threshold=0.490,0.7332089552238806,0.7645914396887159,0.6979936642027456,0.7485714285714286,0.8054618516798903,0.8130412263027302,0.1826624630703945,0.0461492617621134,661,286,242,786,1496.0,False,False,recall<0.9,,,False,False,Not eligible: recall is too low for screening/default capture.,precision_constrained_test_results_heloc.csv,"precision/FP improves but recall loss is material; FP delta=-499, precision delta=0.1718, recall delta=-0.2130, cost delta=596; selected on validation.",recall<0.9,recall<0.85
heloc,LightGBM::lightgbm_scale_pos_weight_3.5,imbalance_training:sigmoid:default_0_50,threshold=0.500,0.7151898734177216,0.769455252918288,0.6673706441393875,0.7413308341143393,0.782758578184642,0.7917847778254918,0.1900280122045571,0.0272488296648066,632,315,237,791,1500.0,False,False,recall<0.9,,,False,False,Not eligible: recall is too low for screening/default capture.,imbalance_training_variants_heloc.csv,scale_pos_weight=3.5; Calibration improves validation Brier and ECE.; Precision/FP improve but recall loss is material.,recall<0.9,recall<0.85
heloc,XGBoost::xgboost_baseline,imbalance_training:sigmoid:default_0_50,threshold=0.500,0.7277777777777777,0.7645914396887159,0.689545934530095,0.7457305502846299,0.7953048537466257,0.7999353774409995,0.1839887465516013,0.0258489172893822,653,294,242,786,1504.0,False,False,recall<0.9,,,False,False,Not eligible: recall is too low for screening/default capture.,imbalance_training_variants_heloc.csv,baseline XGBoost; Calibration improves validation Brier and ECE.; Precision/FP improve but recall loss is material.,recall<0.9,recall<0.85
heloc,XGBoost::xgboost_max_delta_step_3,imbalance_training:sigmoid:default_0_50,threshold=0.500,0.7277777777777777,0.7645914396887159,0.689545934530095,0.7457305502846299,0.7953048537466257,0.7999353774409995,0.1839887465516013,0.0258489172893822,653,294,242,786,1504.0,False,False,recall<0.9,,,False,False,Not eligible: recall is too low for screening/default capture.,imbalance_training_variants_heloc.csv,max_delta_step=3; Calibration improves validation Brier and ECE.; Precision/FP improve but recall loss is material.,recall<0.9,recall<0.85
heloc,XGBoost::xgboost_max_delta_step_5,imbalance_training:sigmoid:default_0_50,threshold=0.500,0.7277777777777777,0.7645914396887159,0.689545934530095,0.7457305502846299,0.7953048537466257,0.7999353774409995,0.1839887465516013,0.0258489172893822,653,294,242,786,1504.0,False,False,recall<0.9,,,False,False,Not eligible: recall is too low for screening/default capture.,imbalance_training_variants_heloc.csv,max_delta_step=5; Calibration improves validation Brier and ECE.; Precision/FP improve but recall loss is material.,recall<0.9,recall<0.85
heloc,XGBoost::xgboost_scale_pos_weight_1,imbalance_training:sigmoid:default_0_50,threshold=0.500,0.7277777777777777,0.7645914396887159,0.689545934530095,0.7457305502846299,0.7953048537466257,0.7999353774409995,0.1839887465516013,0.0258489172893822,653,294,242,786,1504.0,False,False,recall<0.9,,,False,False,Not eligible: recall is too low for screening/default capture.,imbalance_training_variants_heloc.csv,scale_pos_weight=1; Calibration improves validation Brier and ECE.; Precision/FP improve but recall loss is material.,recall<0.9,recall<0.85
heloc,XGBoost::xgboost_max_delta_step_1,imbalance_training:uncalibrated:default_0_50,threshold=0.500,0.7302325581395349,0.7636186770428015,0.6937697993664202,0.7465525439847837,0.7950475390234983,0.7998293796509983,0.1843769913237448,0.0249619754205776,657,290,243,785,1505.0,False,False,recall<0.9,,,False,False,Not eligible: recall is too low for screening/default capture.,imbalance_training_variants_heloc.csv,max_delta_step=1; Reference uncalibrated probability.; Precision/FP improve but recall loss is material.,recall<0.9,recall<0.85
heloc,XGBoost::xgboost_scale_pos_weight_3,imbalance_training:isotonic:default_0_50,threshold=0.500,0.7275254865616312,0.7636186770428015,0.689545934530095,0.7451352634076888,0.7922360803520435,0.776139657028343,0.1859513973939441,0.0229968634561938,653,294,243,785,1509.0,False,False,recall<0.9; pr_auc<0.78,,,False,False,Not eligible: recall is too low for screening/default capture.,imbalance_training_variants_heloc.csv,scale_pos_weight=3; Calibration improves validation Brier and ECE.; Precision/FP improve but recall loss is material.,recall<0.9; pr_auc<0.78,recall<0.85; pr_auc<0.78
heloc,XGBoost::xgboost_sample_weight_pos_1.5,imbalance_training:sigmoid:default_0_50,threshold=0.500,0.7268518518518519,0.7636186770428015,0.6884899683210137,0.7447817836812144,0.795389084514276,0.7993501612837668,0.1840443229415192,0.0204671320928929,652,295,243,785,1510.0,False,False,recall<0.9,,,False,False,Not eligible: recall is too low for screening/default capture.,imbalance_training_variants_heloc.csv,sample_weight positive class=1.5; Calibration improves validation Brier and ECE.; Precision/FP improve but recall loss is material.,recall<0.9,recall<0.85
heloc,Best XGBoost,current_threshold:fixed_0_50,threshold=0.500,0.7297297297297297,0.7616731517509727,0.6937697993664202,0.7453593526891956,0.8034243915867845,0.8049379257181238,0.1805361226302977,0.0204289726453994,657,290,245,783,1515.0,False,False,recall<0.9,,,False,False,Not eligible: recall is too low for screening/default capture.,current_threshold_baseline_heloc.csv,inference-only recomputation from saved model probabilities; source_model=optuna_best_xgboost; selected on validation within family,recall<0.9,recall<0.85
heloc,LightGBM::lightgbm_scale_pos_weight_3.5,imbalance_training:isotonic:default_0_50,threshold=0.500,0.7174111212397447,0.7655642023346303,0.672650475184794,0.7407058823529411,0.7808413010161107,0.7702023924683619,0.1901903442842329,0.02683480650389,637,310,241,787,1515.0,False,False,recall<0.9; pr_auc<0.78,,,False,False,Not eligible: recall is too low for screening/default capture.,imbalance_training_variants_heloc.csv,scale_pos_weight=3.5; Calibration improves validation Brier and ECE.; Precision/FP improve but recall loss is material.,recall<0.9; pr_auc<0.78,recall<0.85; pr_auc<0.78
heloc,XGBoost::xgboost_scale_pos_weight_4,imbalance_training:isotonic:default_0_50,threshold=0.500,0.7287977632805219,0.7607003891050583,0.6927138331573389,0.7444074250356972,0.7940023584614943,0.7861729439799223,0.1859950033067438,0.022059914185036,656,291,246,782,1521.0,False,False,recall<0.9,,,False,False,Not eligible: recall is too low for screening/default capture.,imbalance_training_variants_heloc.csv,scale_pos_weight=4; Calibration improves validation Brier and ECE.; Precision/FP improve but recall loss is material.,recall<0.9,recall<0.85
heloc,Best LightGBM,precision_constraint:G_min_specificity_0_70,threshold=0.490,0.7175502742230347,0.7636186770428015,0.6737064413938754,0.7398680490103676,0.7873327197498552,0.7932806208861143,0.1882896306735732,0.0282064278391865,638,309,243,785,1524.0,False,False,recall<0.9,,,False,False,Not eligible: recall is too low for screening/default capture.,precision_constrained_test_results_heloc.csv,"precision/FP improves but recall loss is material; FP delta=-530, precision delta=0.1711, recall delta=-0.2198, cost delta=600; selected on validation.",recall<0.9,recall<0.85
heloc,XGBoost::xgboost_sample_weight_pos_2,imbalance_training:sigmoid:default_0_50,threshold=0.500,0.7247451343836886,0.7607003891050583,0.6863780359028511,0.7422876127195064,0.7949740939029251,0.7982609528675195,0.1840998396444213,0.0300728141561287,650,297,246,782,1527.0,False,False,recall<0.9,,,False,False,Not eligible: recall is too low for screening/default capture.,imbalance_training_variants_heloc.csv,sample_weight positive class=2; Calibration improves validation Brier and ECE.; Precision/FP improve but recall loss is material.,recall<0.9,recall<0.85
heloc,Best Scorecard,cost_matrix:FN5_FP2,threshold=0.310,0.6495063469675599,0.8959143968871596,0.4751847940865892,0.7530662305805396,0.801480407101681,0.8038770280230678,0.1816523806088388,0.014207949481563,450,497,107,921,1529.0,False,True,recall<0.9,,116.0,False,False,"Strict eligible; usable candidate, but not the lowest-cost ranked winner.",cost_matrix_sensitivity_heloc.csv,Higher FP cost pushes threshold upward; precision/specificity improve at the cost of recall.,recall<0.9,
heloc,SCRE-Optimized,current_threshold:fixed_0_50,threshold=0.500,0.7392959086584205,0.7558365758754864,0.7106652587117213,0.7474747474747475,0.8054618516798903,0.8130412263027302,0.1826624630703946,0.0461492617621134,673,274,251,777,1529.0,False,False,recall<0.9,,,False,False,Not eligible: recall is too low for screening/default capture.,current_threshold_baseline_heloc.csv,inference-only recomputation from saved model probabilities; SCRE weights/objective/threshold selected on validation only,recall<0.9,recall<0.85
heloc,Best Scorecard,current_threshold:fixed_0_50,threshold=0.500,0.7321428571428571,0.7577821011673151,0.6990496304118268,0.7447418738049714,0.801480407101681,0.8038770280230678,0.1816523806088388,0.014207949481563,662,285,249,779,1530.0,False,False,recall<0.9,,,False,False,Not eligible: recall is too low for screening/default capture.,current_threshold_baseline_heloc.csv,inference-only recomputation from saved model probabilities; source_model=woe_scorecard_logistic_regression; selected on validation within family,recall<0.9,recall<0.85
heloc,CatBoost::catboost_auto_sqrtbalanced,imbalance_training:uncalibrated:default_0_50,threshold=0.500,0.7353497164461248,0.7568093385214008,0.7043294614572334,0.7459252157238735,0.8039138545231922,0.8133215328799779,0.1804106148051432,0.0164389178724883,667,280,250,778,1530.0,False,False,recall<0.9,,,False,False,Not eligible: recall is too low for screening/default capture.,imbalance_training_variants_heloc.csv,auto_class_weights='SqrtBalanced'; Reference uncalibrated probability.; Precision/FP improve but recall loss is material.,recall<0.9,recall<0.85
heloc,CatBoost::catboost_auto_sqrtbalanced,imbalance_training:isotonic:default_0_50,threshold=0.500,0.7362428842504743,0.754863813229572,0.706441393875396,0.7454370797310278,0.8006062560861865,0.7907187316457287,0.1819472951792783,0.024839481946387,669,278,252,776,1538.0,False,False,recall<0.9,,,False,False,Not eligible: recall is too low for screening/default capture.,imbalance_training_variants_heloc.csv,auto_class_weights='SqrtBalanced'; Calibration improves validation Brier and ECE.; Precision/FP improve but recall loss is material.,recall<0.9,recall<0.85
heloc,LightGBM::lightgbm_class_weight_balanced,imbalance_training:sigmoid:default_0_50,threshold=0.500,0.7191528545119705,0.7597276264591439,0.6779303062302007,0.738883632923368,0.7797149712999066,0.7881301498675422,0.1910012341937973,0.0264769774442713,642,305,247,781,1540.0,False,False,recall<0.9; roc_auc<0.78,,,False,False,Not eligible: recall is too low for screening/default capture.,imbalance_training_variants_heloc.csv,class_weight='balanced'; Calibration improves validation Brier and ECE.; Precision/FP improve but recall loss is material.,recall<0.9; roc_auc<0.78,recall<0.85; roc_auc<0.78
heloc,LightGBM::lightgbm_scale_pos_weight_1.5,imbalance_training:sigmoid:default_0_50,threshold=0.500,0.7182320441988951,0.7587548638132295,0.6768743400211193,0.737937559129612,0.783211575361884,0.7928045847335232,0.1896596343503948,0.021970906458906,641,306,248,780,1546.0,False,False,recall<0.9,,,False,False,Not eligible: recall is too low for screening/default capture.,imbalance_training_variants_heloc.csv,scale_pos_weight=1.5; Calibration improves validation Brier and ECE.; Precision/FP improve but recall loss is material.,recall<0.9,recall<0.85
heloc,CatBoost::catboost_auto_balanced,imbalance_training:uncalibrated:default_0_50,threshold=0.500,0.736441484300666,0.7529182879377432,0.7074973600844773,0.7445887445887447,0.8017854868332928,0.8086179460042939,0.1812768438091222,0.0199079677030077,670,277,254,774,1547.0,False,False,recall<0.9,,,False,False,Not eligible: recall is too low for screening/default capture.,imbalance_training_variants_heloc.csv,auto_class_weights='Balanced'; Reference uncalibrated probability.; Precision/FP improve but recall loss is material.,recall<0.9,recall<0.85
heloc,CatBoost::catboost_class_weight_pos_3,imbalance_training:isotonic:default_0_50,threshold=0.500,0.7397129186602871,0.7519455252918288,0.7127771911298838,0.7457790641582247,0.8040427686858768,0.7985202224193131,0.1804106929450678,0.0209079291213108,675,272,255,773,1547.0,False,False,recall<0.9,,,False,False,Not eligible: recall is too low for screening/default capture.,imbalance_training_variants_heloc.csv,custom class_weights positive_weight=3; Calibration improves validation Brier and ECE.; Precision/FP improve but recall loss is material.,recall<0.9,recall<0.85
heloc,CatBoost::catboost_class_weight_pos_3,imbalance_training:isotonic:specificity_0_65,threshold=0.500,0.7397129186602871,0.7519455252918288,0.7127771911298838,0.7457790641582247,0.8040427686858768,0.7985202224193131,0.1804106929450678,0.0209079291213108,675,272,255,773,1547.0,False,False,recall<0.9,,,False,False,Not eligible: recall is too low for screening/default capture.,imbalance_training_variants_heloc.csv,custom class_weights positive_weight=3; Calibration improves validation Brier and ECE.; Precision/FP improve but recall loss is material.,recall<0.9,recall<0.85
heloc,XGBoost::xgboost_baseline,imbalance_training:uncalibrated:default_0_50,threshold=0.500,0.7268475210477081,0.7558365758754864,0.6916578669482577,0.7410586552217454,0.7953048537466257,0.7999353774409995,0.1842823519187047,0.0344948730872401,655,292,251,777,1547.0,False,False,recall<0.9,,,False,False,Not eligible: recall is too low for screening/default capture.,imbalance_training_variants_heloc.csv,baseline XGBoost; Reference uncalibrated probability.; Precision/FP improve but recall loss is material.,recall<0.9,recall<0.85
heloc,XGBoost::xgboost_max_delta_step_3,imbalance_training:uncalibrated:default_0_50,threshold=0.500,0.7268475210477081,0.7558365758754864,0.6916578669482577,0.7410586552217454,0.7953048537466257,0.7999353774409995,0.1842823519187047,0.0344948730872401,655,292,251,777,1547.0,False,False,recall<0.9,,,False,False,Not eligible: recall is too low for screening/default capture.,imbalance_training_variants_heloc.csv,max_delta_step=3; Reference uncalibrated probability.; Precision/FP improve but recall loss is material.,recall<0.9,recall<0.85
heloc,XGBoost::xgboost_max_delta_step_5,imbalance_training:uncalibrated:default_0_50,threshold=0.500,0.7268475210477081,0.7558365758754864,0.6916578669482577,0.7410586552217454,0.7953048537466257,0.7999353774409995,0.1842823519187047,0.0344948730872401,655,292,251,777,1547.0,False,False,recall<0.9,,,False,False,Not eligible: recall is too low for screening/default capture.,imbalance_training_variants_heloc.csv,max_delta_step=5; Reference uncalibrated probability.; Precision/FP improve but recall loss is material.,recall<0.9,recall<0.85
heloc,XGBoost::xgboost_scale_pos_weight_1,imbalance_training:uncalibrated:default_0_50,threshold=0.500,0.7268475210477081,0.7558365758754864,0.6916578669482577,0.7410586552217454,0.7953048537466257,0.7999353774409995,0.1842823519187047,0.0344948730872401,655,292,251,777,1547.0,False,False,recall<0.9,,,False,False,Not eligible: recall is too low for screening/default capture.,imbalance_training_variants_heloc.csv,scale_pos_weight=1; Reference uncalibrated probability.; Precision/FP improve but recall loss is material.,recall<0.9,recall<0.85
heloc,XGBoost::xgboost_sample_weight_pos_3,imbalance_training:isotonic:default_0_50,threshold=0.500,0.7343453510436433,0.7529182879377432,0.7043294614572334,0.7435158501440922,0.7956818377920857,0.7832222458745128,0.1853166999513883,0.0213911355453082,667,280,254,774,1550.0,False,False,recall<0.9,,,False,False,Not eligible: recall is too low for screening/default capture.,imbalance_training_variants_heloc.csv,sample_weight positive class=3; Calibration improves validation Brier and ECE.; Precision/FP improve but recall loss is material.,recall<0.9,recall<0.85
heloc,SCRE-Pareto,current_threshold:fixed_0_50,threshold=0.500,0.7322611163670766,0.7529182879377432,0.7011615628299894,0.7424460431654676,0.8055450552430572,0.8104075742041918,0.180072497474567,0.0276944558030183,664,283,254,774,1553.0,False,False,recall<0.9,,,False,False,Not eligible: recall is too low for screening/default capture.,current_threshold_baseline_heloc.csv,inference-only recomputation from saved model probabilities; SCRE weights/objective/threshold selected on validation only,recall<0.9,recall<0.85
heloc,CatBoost::catboost_auto_balanced,imbalance_training:isotonic:specificity_0_65,threshold=0.475,0.7380497131931166,0.7509727626459144,0.7106652587117213,0.7444551591128254,0.7998743728916627,0.7918462201901947,0.1825749461539749,0.0296319562996153,673,274,256,772,1554.0,False,False,recall<0.9,,,False,False,Not eligible: recall is too low for screening/default capture.,imbalance_training_variants_heloc.csv,auto_class_weights='Balanced'; Calibration improves validation Brier and ECE.; Precision/FP improve but recall loss is material.,recall<0.9,recall<0.85
heloc,CatBoost::catboost_auto_none,imbalance_training:isotonic:default_0_50,threshold=0.500,0.7335870599429115,0.75,0.7043294614572334,0.7417027417027418,0.8025302100838609,0.7951406232790449,0.1814690921969097,0.0200111525035121,667,280,257,771,1565.0,False,False,recall<0.9,,,False,False,Not eligible: recall is too low for screening/default capture.,imbalance_training_variants_heloc.csv,auto_class_weights=None; Calibration improves validation Brier and ECE.; Precision/FP improve but recall loss is material.,recall<0.9,recall<0.85
heloc,CatBoost::catboost_auto_none,imbalance_training:isotonic:specificity_0_65,threshold=0.500,0.7335870599429115,0.75,0.7043294614572334,0.7417027417027418,0.8025302100838609,0.7951406232790449,0.1814690921969097,0.0200111525035121,667,280,257,771,1565.0,False,False,recall<0.9,,,False,False,Not eligible: recall is too low for screening/default capture.,imbalance_training_variants_heloc.csv,auto_class_weights=None; Calibration improves validation Brier and ECE.; Precision/FP improve but recall loss is material.,recall<0.9,recall<0.85
heloc,CatBoost::catboost_baseline,imbalance_training:isotonic:default_0_50,threshold=0.500,0.7335870599429115,0.75,0.7043294614572334,0.7417027417027418,0.8025302100838609,0.7951406232790449,0.1814690921969097,0.0200111525035121,667,280,257,771,1565.0,False,False,recall<0.9,,,False,False,Not eligible: recall is too low for screening/default capture.,imbalance_training_variants_heloc.csv,baseline CatBoost; Calibration improves validation Brier and ECE.; Precision/FP improve but recall loss is material.,recall<0.9,recall<0.85
heloc,CatBoost::catboost_baseline,imbalance_training:isotonic:specificity_0_65,threshold=0.500,0.7335870599429115,0.75,0.7043294614572334,0.7417027417027418,0.8025302100838609,0.7951406232790449,0.1814690921969097,0.0200111525035121,667,280,257,771,1565.0,False,False,recall<0.9,,,False,False,Not eligible: recall is too low for screening/default capture.,imbalance_training_variants_heloc.csv,baseline CatBoost; Calibration improves validation Brier and ECE.; Precision/FP improve but recall loss is material.,recall<0.9,recall<0.85
heloc,LightGBM::lightgbm_scale_pos_weight_4,imbalance_training:sigmoid:default_0_50,threshold=0.500,0.7141544117647058,0.7558365758754864,0.6715945089757128,0.7344045368620038,0.7802203559058095,0.7892446224480931,0.1910758705334522,0.0194667083112305,636,311,251,777,1566.0,False,False,recall<0.9,,,False,False,Not eligible: recall is too low for screening/default capture.,imbalance_training_variants_heloc.csv,scale_pos_weight=4; Calibration improves validation Brier and ECE.; Precision/FP improve but recall loss is material.,recall<0.9,recall<0.85
heloc,LightGBM::lightgbm_baseline,imbalance_training:sigmoid:default_0_50,threshold=0.500,0.7195914577530177,0.7538910505836576,0.6810982048574445,0.7363420427553444,0.7812496147983186,0.789302612784146,0.1903214123458197,0.0193187036601593,645,302,253,775,1567.0,False,False,recall<0.9,,,False,False,Not eligible: recall is too low for screening/default capture.,imbalance_training_variants_heloc.csv,baseline LightGBM; Calibration improves validation Brier and ECE.; Precision/FP improve but recall loss is material.,recall<0.9,recall<0.85
heloc,LightGBM::lightgbm_scale_pos_weight_1,imbalance_training:sigmoid:default_0_50,threshold=0.500,0.7195914577530177,0.7538910505836576,0.6810982048574445,0.7363420427553444,0.7812496147983186,0.789302612784146,0.1903214123458197,0.0193187036601593,645,302,253,775,1567.0,False,False,recall<0.9,,,False,False,Not eligible: recall is too low for screening/default capture.,imbalance_training_variants_heloc.csv,scale_pos_weight=1; Calibration improves validation Brier and ECE.; Precision/FP improve but recall loss is material.,recall<0.9,recall<0.85
heloc,Best LightGBM,current_threshold:fixed_0_50,threshold=0.500,0.7189239332096475,0.7538910505836576,0.6800422386483632,0.7359924026590693,0.7873327197498552,0.7932806208861143,0.1882896306735732,0.0282064278391865,644,303,253,775,1568.0,False,False,recall<0.9,,,False,False,Not eligible: recall is too low for screening/default capture.,current_threshold_baseline_heloc.csv,inference-only recomputation from saved model probabilities; source_model=lightgbm; selected on validation within family,recall<0.9,recall<0.85
heloc,LightGBM::lightgbm_scale_pos_weight_3,imbalance_training:sigmoid:default_0_50,threshold=0.500,0.7108874656907593,0.7558365758754864,0.6663146779303062,0.7326732673267327,0.7844318942883322,0.7968643164240395,0.1895162693489003,0.0166183129876559,631,316,251,777,1571.0,False,False,recall<0.9,,,False,False,Not eligible: recall is too low for screening/default capture.,imbalance_training_variants_heloc.csv,scale_pos_weight=3; Calibration improves validation Brier and ECE.; Precision/FP improve but recall loss is material.,recall<0.9,recall<0.85
heloc,LightGBM::lightgbm_scale_pos_weight_2,imbalance_training:isotonic:default_0_50,threshold=0.500,0.708941605839416,0.7558365758754864,0.6631467793030623,0.7316384180790959,0.7800169694180682,0.772306889563171,0.1912838617056934,0.0115091483044393,628,319,251,777,1574.0,False,False,recall<0.9; pr_auc<0.78,,,False,False,Not eligible: recall is too low for screening/default capture.,imbalance_training_variants_heloc.csv,scale_pos_weight=2; Calibration improves validation Brier and ECE.; Precision/FP improve but recall loss is material.,recall<0.9; pr_auc<0.78,recall<0.85; pr_auc<0.78
heloc,LightGBM::lightgbm_scale_pos_weight_2,imbalance_training:isotonic:specificity_0_65,threshold=0.565,0.708941605839416,0.7558365758754864,0.6631467793030623,0.7316384180790959,0.7800169694180682,0.772306889563171,0.1912838617056934,0.0115091483044393,628,319,251,777,1574.0,False,False,recall<0.9; pr_auc<0.78,,,False,False,Not eligible: recall is too low for screening/default capture.,imbalance_training_variants_heloc.csv,scale_pos_weight=2; Calibration improves validation Brier and ECE.; Precision/FP improve but recall loss is material.,recall<0.9; pr_auc<0.78,recall<0.85; pr_auc<0.78
heloc,LightGBM::lightgbm_baseline,imbalance_training:uncalibrated:default_0_50,threshold=0.500,0.7208216619981326,0.7509727626459144,0.6842661034846885,0.7355883754168651,0.7812496147983186,0.789302612784146,0.1945523416544496,0.0627074954789293,648,299,256,772,1579.0,False,False,recall<0.9,,,False,False,Not eligible: recall is too low for screening/default capture.,imbalance_training_variants_heloc.csv,baseline LightGBM; Reference uncalibrated probability.; Precision/FP improve but recall loss is material.,recall<0.9,recall<0.85
heloc,LightGBM::lightgbm_scale_pos_weight_1,imbalance_training:uncalibrated:default_0_50,threshold=0.500,0.7208216619981326,0.7509727626459144,0.6842661034846885,0.7355883754168651,0.7812496147983186,0.789302612784146,0.1945523416544496,0.0627074954789293,648,299,256,772,1579.0,False,False,recall<0.9,,,False,False,Not eligible: recall is too low for screening/default capture.,imbalance_training_variants_heloc.csv,scale_pos_weight=1; Reference uncalibrated probability.; Precision/FP improve but recall loss is material.,recall<0.9,recall<0.85
heloc,LightGBM::lightgbm_scale_pos_weight_4,imbalance_training:isotonic:specificity_0_65,threshold=0.540,0.7140221402214022,0.7529182879377432,0.672650475184794,0.7329545454545454,0.7782619905579363,0.768459913547161,0.1907925627130678,0.0136465244950494,637,310,254,774,1580.0,False,False,recall<0.9; pr_auc<0.78; roc_auc<0.78,,,False,False,Not eligible: recall is too low for screening/default capture.,imbalance_training_variants_heloc.csv,scale_pos_weight=4; Calibration improves validation Brier and ECE.; Precision/FP improve but recall loss is material.,recall<0.9; pr_auc<0.78; roc_auc<0.78,recall<0.85; pr_auc<0.78; roc_auc<0.78
heloc,XGBoost::xgboost_scale_pos_weight_1_5,imbalance_training:isotonic:default_0_50,threshold=0.500,0.7405614714424008,0.7441634241245136,0.7170010559662091,0.7423580786026202,0.7939884912009665,0.7849306788008921,0.1847245741478621,0.0161776668597092,679,268,263,765,1583.0,False,False,recall<0.9,,,False,False,Not eligible: recall is too low for screening/default capture.,imbalance_training_variants_heloc.csv,scale_pos_weight=1.5; Calibration improves validation Brier and ECE.; Precision/FP improve but recall loss is material.,recall<0.9,recall<0.85
heloc,XGBoost::xgboost_scale_pos_weight_1_5,imbalance_training:isotonic:specificity_0_65,threshold=0.535,0.7405614714424008,0.7441634241245136,0.7170010559662091,0.7423580786026202,0.7939884912009665,0.7849306788008921,0.1847245741478621,0.0161776668597092,679,268,263,765,1583.0,False,False,recall<0.9,,,False,False,Not eligible: recall is too low for screening/default capture.,imbalance_training_variants_heloc.csv,scale_pos_weight=1.5; Calibration improves validation Brier and ECE.; Precision/FP improve but recall loss is material.,recall<0.9,recall<0.85
heloc,Best LightGBM,cost_matrix:FN5_FP2,threshold=0.305,0.6369294605809128,0.8959143968871596,0.4456177402323125,0.7445432497978982,0.7873327197498552,0.7932806208861143,0.1882896306735732,0.0282064278391865,422,525,107,921,1585.0,False,True,recall<0.9,,118.0,False,False,"Strict eligible; usable candidate, but not the lowest-cost ranked winner.",cost_matrix_sensitivity_heloc.csv,Higher FP cost pushes threshold upward; precision/specificity improve at the cost of recall.,recall<0.9,
heloc,LightGBM::lightgbm_scale_pos_weight_2,imbalance_training:sigmoid:default_0_50,threshold=0.500,0.7112546125461254,0.75,0.6694825765575502,0.7301136363636365,0.7815064159192042,0.789169243411007,0.1904149112574923,0.0166853675122608,634,313,257,771,1598.0,False,False,recall<0.9,,,False,False,Not eligible: recall is too low for screening/default capture.,imbalance_training_variants_heloc.csv,scale_pos_weight=2; Calibration improves validation Brier and ECE.; Precision/FP improve but recall loss is material.,recall<0.9,recall<0.85
heloc,LightGBM::lightgbm_is_unbalance,imbalance_training:sigmoid:default_0_50,threshold=0.500,0.7129629629629629,0.7490272373540856,0.672650475184794,0.730550284629981,0.7787750791974657,0.7872742161943191,0.191339651382584,0.0194891211835954,637,310,258,770,1600.0,False,False,recall<0.9; roc_auc<0.78,,,False,False,Not eligible: recall is too low for screening/default capture.,imbalance_training_variants_heloc.csv,is_unbalance=True; Calibration improves validation Brier and ECE.; Precision/FP improve but recall loss is material.,recall<0.9; roc_auc<0.78,recall<0.85; roc_auc<0.78
heloc,Old SCRE-Credit,current_threshold:fixed_0_50,threshold=0.500,0.7448478900883219,0.7383268482490273,0.7254487856388595,0.7415730337078652,0.8031069854013699,0.7939090859748776,0.1816509604613032,0.0221286246684385,687,260,269,759,1605.0,False,False,recall<0.9,,,False,False,Not eligible: recall is too low for screening/default capture.,current_threshold_baseline_heloc.csv,inference-only recomputation from saved model probabilities; source_model=SCRE-Credit; selected on validation within family,recall<0.9,recall<0.85
heloc,Old SCRE-Credit,precision_constraint:G_min_specificity_0_70,threshold=0.500,0.7448478900883219,0.7383268482490273,0.7254487856388595,0.7415730337078652,0.8031069854013699,0.7939090859748776,0.1816509604613032,0.0221286246684385,687,260,269,759,1605.0,False,False,recall<0.9,,,False,False,Not eligible: recall is too low for screening/default capture.,precision_constrained_test_results_heloc.csv,"precision/FP improves but recall loss is material; FP delta=-390, precision delta=0.1439, recall delta=-0.2140, cost delta=710; selected on validation.",recall<0.9,recall<0.85
heloc,LightGBM::lightgbm_scale_pos_weight_3,imbalance_training:isotonic:default_0_50,threshold=0.500,0.7168224299065421,0.7461089494163424,0.6800422386483632,0.7311725452812203,0.7819337329843578,0.7738680456257848,0.1897133824585096,0.02005487053377,644,303,261,767,1608.0,False,False,recall<0.9; pr_auc<0.78,,,False,False,Not eligible: recall is too low for screening/default capture.,imbalance_training_variants_heloc.csv,scale_pos_weight=3; Calibration improves validation Brier and ECE.; Precision/FP improve but recall loss is material.,recall<0.9; pr_auc<0.78,recall<0.85; pr_auc<0.78
heloc,LightGBM::lightgbm_scale_pos_weight_3,imbalance_training:isotonic:specificity_0_65,threshold=0.500,0.7168224299065421,0.7461089494163424,0.6800422386483632,0.7311725452812203,0.7819337329843578,0.7738680456257848,0.1897133824585096,0.02005487053377,644,303,261,767,1608.0,False,False,recall<0.9; pr_auc<0.78,,,False,False,Not eligible: recall is too low for screening/default capture.,imbalance_training_variants_heloc.csv,scale_pos_weight=3; Calibration improves validation Brier and ECE.; Precision/FP improve but recall loss is material.,recall<0.9; pr_auc<0.78,recall<0.85; pr_auc<0.78
heloc,LightGBM::lightgbm_scale_pos_weight_2.5,imbalance_training:sigmoid:default_0_50,threshold=0.500,0.7115027829313544,0.7461089494163424,0.6715945089757128,0.7283950617283952,0.7806148024274897,0.7898860757812326,0.1907969326542191,0.0237699476418889,636,311,261,767,1616.0,False,False,recall<0.9,,,False,False,Not eligible: recall is too low for screening/default capture.,imbalance_training_variants_heloc.csv,scale_pos_weight=2.5; Calibration improves validation Brier and ECE.; Precision/FP improve but recall loss is material.,recall<0.9,recall<0.85
heloc,CatBoost::catboost_class_weight_pos_2,imbalance_training:isotonic:default_0_50,threshold=0.500,0.7411764705882353,0.7354085603112841,0.7212249208025343,0.73828125,0.801278047818423,0.7956438600224107,0.1811001003377576,0.0159971280403359,683,264,272,756,1624.0,False,False,recall<0.9,,,False,False,Not eligible: recall is too low for screening/default capture.,imbalance_training_variants_heloc.csv,custom class_weights positive_weight=2; Calibration improves validation Brier and ECE.; Precision/FP improve but recall loss is material.,recall<0.9,recall<0.85
heloc,CatBoost::catboost_class_weight_pos_2,imbalance_training:isotonic:specificity_0_65,threshold=0.500,0.7411764705882353,0.7354085603112841,0.7212249208025343,0.73828125,0.801278047818423,0.7956438600224107,0.1811001003377576,0.0159971280403359,683,264,272,756,1624.0,False,False,recall<0.9,,,False,False,Not eligible: recall is too low for screening/default capture.,imbalance_training_variants_heloc.csv,custom class_weights positive_weight=2; Calibration improves validation Brier and ECE.; Precision/FP improve but recall loss is material.,recall<0.9,recall<0.85
heloc,LightGBM::lightgbm_class_weight_balanced,imbalance_training:uncalibrated:default_0_50,threshold=0.500,0.7265774378585086,0.7392996108949417,0.6979936642027456,0.7328833172613307,0.7797149712999066,0.7881301498675422,0.195182595524245,0.0639639287554071,661,286,268,760,1626.0,False,False,recall<0.9; roc_auc<0.78,,,False,False,Not eligible: recall is too low for screening/default capture.,imbalance_training_variants_heloc.csv,class_weight='balanced'; Reference uncalibrated probability.; Precision/FP improve but recall loss is material.,recall<0.9; roc_auc<0.78,recall<0.85; roc_auc<0.78
heloc,XGBoost::xgboost_baseline,imbalance_training:isotonic:default_0_50,threshold=0.500,0.7406679764243614,0.7334630350194552,0.7212249208025343,0.7370478983382208,0.7937347716935316,0.7882923366972111,0.1851348461062965,0.0289274813149745,683,264,274,754,1634.0,False,False,recall<0.9,,,False,False,Not eligible: recall is too low for screening/default capture.,imbalance_training_variants_heloc.csv,baseline XGBoost; Calibration improves validation Brier and ECE.; Precision/FP improve but recall loss is material.,recall<0.9,recall<0.85
heloc,XGBoost::xgboost_baseline,imbalance_training:isotonic:specificity_0_65,threshold=0.500,0.7406679764243614,0.7334630350194552,0.7212249208025343,0.7370478983382208,0.7937347716935316,0.7882923366972111,0.1851348461062965,0.0289274813149745,683,264,274,754,1634.0,False,False,recall<0.9,,,False,False,Not eligible: recall is too low for screening/default capture.,imbalance_training_variants_heloc.csv,baseline XGBoost; Calibration improves validation Brier and ECE.; Precision/FP improve but recall loss is material.,recall<0.9,recall<0.85
heloc,XGBoost::xgboost_max_delta_step_3,imbalance_training:isotonic:default_0_50,threshold=0.500,0.7406679764243614,0.7334630350194552,0.7212249208025343,0.7370478983382208,0.7937347716935316,0.7882923366972111,0.1851348461062965,0.0289274813149745,683,264,274,754,1634.0,False,False,recall<0.9,,,False,False,Not eligible: recall is too low for screening/default capture.,imbalance_training_variants_heloc.csv,max_delta_step=3; Calibration improves validation Brier and ECE.; Precision/FP improve but recall loss is material.,recall<0.9,recall<0.85
heloc,XGBoost::xgboost_max_delta_step_3,imbalance_training:isotonic:specificity_0_65,threshold=0.500,0.7406679764243614,0.7334630350194552,0.7212249208025343,0.7370478983382208,0.7937347716935316,0.7882923366972111,0.1851348461062965,0.0289274813149745,683,264,274,754,1634.0,False,False,recall<0.9,,,False,False,Not eligible: recall is too low for screening/default capture.,imbalance_training_variants_heloc.csv,max_delta_step=3; Calibration improves validation Brier and ECE.; Precision/FP improve but recall loss is material.,recall<0.9,recall<0.85
heloc,XGBoost::xgboost_max_delta_step_5,imbalance_training:isotonic:default_0_50,threshold=0.500,0.7406679764243614,0.7334630350194552,0.7212249208025343,0.7370478983382208,0.7937347716935316,0.7882923366972111,0.1851348461062965,0.0289274813149745,683,264,274,754,1634.0,False,False,recall<0.9,,,False,False,Not eligible: recall is too low for screening/default capture.,imbalance_training_variants_heloc.csv,max_delta_step=5; Calibration improves validation Brier and ECE.; Precision/FP improve but recall loss is material.,recall<0.9,recall<0.85
heloc,XGBoost::xgboost_max_delta_step_5,imbalance_training:isotonic:specificity_0_65,threshold=0.500,0.7406679764243614,0.7334630350194552,0.7212249208025343,0.7370478983382208,0.7937347716935316,0.7882923366972111,0.1851348461062965,0.0289274813149745,683,264,274,754,1634.0,False,False,recall<0.9,,,False,False,Not eligible: recall is too low for screening/default capture.,imbalance_training_variants_heloc.csv,max_delta_step=5; Calibration improves validation Brier and ECE.; Precision/FP improve but recall loss is material.,recall<0.9,recall<0.85
heloc,XGBoost::xgboost_scale_pos_weight_1,imbalance_training:isotonic:default_0_50,threshold=0.500,0.7406679764243614,0.7334630350194552,0.7212249208025343,0.7370478983382208,0.7937347716935316,0.7882923366972111,0.1851348461062965,0.0289274813149745,683,264,274,754,1634.0,False,False,recall<0.9,,,False,False,Not eligible: recall is too low for screening/default capture.,imbalance_training_variants_heloc.csv,scale_pos_weight=1; Calibration improves validation Brier and ECE.; Precision/FP improve but recall loss is material.,recall<0.9,recall<0.85
heloc,XGBoost::xgboost_scale_pos_weight_1,imbalance_training:isotonic:specificity_0_65,threshold=0.500,0.7406679764243614,0.7334630350194552,0.7212249208025343,0.7370478983382208,0.7937347716935316,0.7882923366972111,0.1851348461062965,0.0289274813149745,683,264,274,754,1634.0,False,False,recall<0.9,,,False,False,Not eligible: recall is too low for screening/default capture.,imbalance_training_variants_heloc.csv,scale_pos_weight=1; Calibration improves validation Brier and ECE.; Precision/FP improve but recall loss is material.,recall<0.9,recall<0.85
heloc,CatBoost::catboost_class_weight_pos_4,imbalance_training:isotonic:default_0_50,threshold=0.500,0.741106719367589,0.7295719844357976,0.723336853220697,0.7352941176470589,0.8024177311929132,0.7964903299056872,0.1806794975491775,0.0217273526834691,685,262,278,750,1652.0,False,False,recall<0.9,,,False,False,Not eligible: recall is too low for screening/default capture.,imbalance_training_variants_heloc.csv,custom class_weights positive_weight=4; Calibration improves validation Brier and ECE.; Precision/FP improve but recall loss is material.,recall<0.9,recall<0.85
heloc,CatBoost::catboost_class_weight_pos_4,imbalance_training:isotonic:specificity_0_65,threshold=0.500,0.741106719367589,0.7295719844357976,0.723336853220697,0.7352941176470589,0.8024177311929132,0.7964903299056872,0.1806794975491775,0.0217273526834691,685,262,278,750,1652.0,False,False,recall<0.9,,,False,False,Not eligible: recall is too low for screening/default capture.,imbalance_training_variants_heloc.csv,custom class_weights positive_weight=4; Calibration improves validation Brier and ECE.; Precision/FP improve but recall loss is material.,recall<0.9,recall<0.85
heloc,LightGBM::lightgbm_is_unbalance,imbalance_training:uncalibrated:default_0_50,threshold=0.500,0.7230769230769231,0.7315175097276264,0.6958817317845829,0.7272727272727273,0.7787750791974657,0.7872742161943191,0.1958919039618819,0.0659719805850732,659,288,276,752,1668.0,False,False,recall<0.9; roc_auc<0.78,,,False,False,Not eligible: recall is too low for screening/default capture.,imbalance_training_variants_heloc.csv,is_unbalance=True; Reference uncalibrated probability.; Precision/FP improve but recall loss is material.,recall<0.9; roc_auc<0.78,recall<0.85; roc_auc<0.78
heloc,LightGBM::lightgbm_is_unbalance,imbalance_training:isotonic:specificity_0_65,threshold=0.535,0.7230769230769231,0.7315175097276264,0.6958817317845829,0.7272727272727273,0.7781053418741962,0.7721526107990646,0.1915847003959448,0.0174346256653583,659,288,276,752,1668.0,False,False,recall<0.9; pr_auc<0.78; roc_auc<0.78,,,False,False,Not eligible: recall is too low for screening/default capture.,imbalance_training_variants_heloc.csv,is_unbalance=True; Calibration improves validation Brier and ECE.; Precision/FP improve but recall loss is material.,recall<0.9; pr_auc<0.78; roc_auc<0.78,recall<0.85; pr_auc<0.78; roc_auc<0.78
heloc,XGBoost::xgboost_scale_pos_weight_2_5,imbalance_training:isotonic:default_0_50,threshold=0.500,0.7435129740518962,0.7247081712062257,0.7286166842661035,0.7339901477832513,0.7931574827737808,0.7811332182684187,0.1858747900702916,0.0245006356070817,690,257,283,745,1672.0,False,False,recall<0.9,,,False,False,Not eligible: recall is too low for screening/default capture.,imbalance_training_variants_heloc.csv,scale_pos_weight=2.5; Calibration improves validation Brier and ECE.; Precision/FP improve but recall loss is material.,recall<0.9,recall<0.85
heloc,LightGBM::lightgbm_scale_pos_weight_2.5,imbalance_training:isotonic:specificity_0_65,threshold=0.570,0.7218992248062015,0.7247081712062257,0.6969376979936642,0.7233009708737865,0.780396521474737,0.7752404482728434,0.1908325218925629,0.0146050189899606,660,287,283,745,1702.0,False,False,recall<0.9; pr_auc<0.78,,,False,False,Not eligible: recall is too low for screening/default capture.,imbalance_training_variants_heloc.csv,scale_pos_weight=2.5; Calibration improves validation Brier and ECE.; Precision/FP improve but recall loss is material.,recall<0.9; pr_auc<0.78,recall<0.85; pr_auc<0.78
heloc,XGBoost::xgboost_sample_weight_pos_2,imbalance_training:isotonic:default_0_50,threshold=0.500,0.7447023208879919,0.7178988326848249,0.7328405491024287,0.7310549777117384,0.7944774405351324,0.7881858630684351,0.1850881321795869,0.0289005037689594,694,253,290,738,1703.0,False,False,recall<0.9,,,False,False,Not eligible: recall is too low for screening/default capture.,imbalance_training_variants_heloc.csv,sample_weight positive class=2; Calibration improves validation Brier and ECE.; Precision/FP improve but recall loss is material.,recall<0.9,recall<0.85
heloc,XGBoost::xgboost_sample_weight_pos_1.5,imbalance_training:isotonic:default_0_50,threshold=0.500,0.7487283825025433,0.7159533073929961,0.7391763463569165,0.731974142217802,0.7936490001191557,0.7777360019380524,0.1843629522600967,0.0203360784158902,700,247,292,736,1707.0,False,False,recall<0.9; pr_auc<0.78,,,False,False,Not eligible: recall is too low for screening/default capture.,imbalance_training_variants_heloc.csv,sample_weight positive class=1.5; Calibration improves validation Brier and ECE.; Precision/FP improve but recall loss is material.,recall<0.9; pr_auc<0.78,recall<0.85; pr_auc<0.78
heloc,XGBoost::xgboost_sample_weight_pos_1.5,imbalance_training:isotonic:specificity_0_65,threshold=0.600,0.7487283825025433,0.7159533073929961,0.7391763463569165,0.731974142217802,0.7936490001191557,0.7777360019380524,0.1843629522600967,0.0203360784158902,700,247,292,736,1707.0,False,False,recall<0.9; pr_auc<0.78,,,False,False,Not eligible: recall is too low for screening/default capture.,imbalance_training_variants_heloc.csv,sample_weight positive class=1.5; Calibration improves validation Brier and ECE.; Precision/FP improve but recall loss is material.,recall<0.9; pr_auc<0.78,recall<0.85; pr_auc<0.78
heloc,CatBoost::catboost_class_weight_pos_5,imbalance_training:isotonic:default_0_50,threshold=0.500,0.7596253902185224,0.7101167315175098,0.7560718057022175,0.73403720462544,0.8042595088319041,0.8016402597944756,0.1811165442248792,0.0212452811348148,716,231,298,730,1721.0,False,False,recall<0.9,,,False,False,Not eligible: recall is too low for screening/default capture.,imbalance_training_variants_heloc.csv,custom class_weights positive_weight=5; Calibration improves validation Brier and ECE.; Precision/FP improve but recall loss is material.,recall<0.9,recall<0.85
heloc,CatBoost::catboost_class_weight_pos_1.5,imbalance_training:isotonic:default_0_50,threshold=0.500,0.75,0.7120622568093385,0.7423442449841605,0.7305389221556885,0.8004506346069301,0.7928767231935359,0.1821268941115442,0.0222342345726985,703,244,296,732,1724.0,False,False,recall<0.9,,,False,False,Not eligible: recall is too low for screening/default capture.,imbalance_training_variants_heloc.csv,custom class_weights positive_weight=1.5; Calibration improves validation Brier and ECE.; Precision/FP improve but recall loss is material.,recall<0.9,recall<0.85
heloc,CatBoost::catboost_auto_balanced,imbalance_training:isotonic:default_0_50,threshold=0.500,0.7533818938605619,0.7042801556420234,0.7497360084477297,0.7280040221216693,0.7998743728916627,0.7918462201901947,0.1825749461539749,0.0296319562996153,710,237,304,724,1757.0,False,False,recall<0.9,,,False,False,Not eligible: recall is too low for screening/default capture.,imbalance_training_variants_heloc.csv,auto_class_weights='Balanced'; Calibration improves validation Brier and ECE.; Precision/FP improve but recall loss is material.,recall<0.9,recall<0.85
heloc,Best LightGBM,cost_matrix:FN10_FP2,threshold=0.190,0.5464864864864865,0.9834630350194552,0.1140443505807814,0.7025712300208478,0.7873327197498552,0.7932806208861143,0.1882896306735732,0.0282064278391865,108,839,17,1011,1848.0,False,False,precision<0.55,,,False,False,Not eligible: precision is below the minimum acceptable operational threshold.,cost_matrix_sensitivity_heloc.csv,Reference-like cost tradeoff; use alongside precision/specificity constraints.,precision<0.55,precision<0.6; specificity<0.2
heloc,SCRE-Optimized,cost_matrix:FN5_FP3,threshold=0.400,0.6770280515542078,0.8686770428015564,0.5501583949313622,0.7609714529186196,0.8054618516798903,0.8130412263027302,0.1826624630703945,0.0461492617621134,521,426,135,893,1953.0,False,True,recall<0.9,,121.0,False,False,"Strict eligible; usable candidate, but not the lowest-cost ranked winner.",cost_matrix_sensitivity_heloc.csv,Higher FP cost pushes threshold upward; precision/specificity improve at the cost of recall.,recall<0.9,
heloc,Best Scorecard,cost_matrix:FN5_FP3,threshold=0.365,0.6739622641509434,0.8686770428015564,0.5438225976768744,0.7590310242243945,0.801480407101681,0.8038770280230678,0.1816523806088388,0.014207949481563,515,432,135,893,1971.0,False,True,recall<0.9,,122.0,False,False,"Strict eligible; usable candidate, but not the lowest-cost ranked winner.",cost_matrix_sensitivity_heloc.csv,Higher FP cost pushes threshold upward; precision/specificity improve at the cost of recall.,recall<0.9,
heloc,Best CatBoost,cost_matrix:FN5_FP3,threshold=0.350,0.6699029126213593,0.872568093385214,0.5332629355860612,0.7579214195183777,0.8040936153078122,0.8115982528808503,0.1802440277917598,0.0107832103485953,505,442,131,897,1981.0,False,True,recall<0.9,,123.0,False,False,"Strict eligible; usable candidate, but not the lowest-cost ranked winner.",cost_matrix_sensitivity_heloc.csv,Higher FP cost pushes threshold upward; precision/specificity improve at the cost of recall.,recall<0.9,
heloc,SCRE-Pareto,cost_matrix:FN5_FP3,threshold=0.350,0.6606236403190718,0.8861867704280155,0.5058078141499472,0.7569588699626091,0.8055450552430572,0.8104075742041918,0.180072497474567,0.0276944558030183,479,468,117,911,1989.0,False,True,recall<0.9,,124.0,False,False,"Strict eligible; usable candidate, but not the lowest-cost ranked winner.",cost_matrix_sensitivity_heloc.csv,Higher FP cost pushes threshold upward; precision/specificity improve at the cost of recall.,recall<0.9,
heloc,Old SCRE-Credit,cost_matrix:FN5_FP3,threshold=0.400,0.6575539568345323,0.8891050583657587,0.4973600844772967,0.7559966914805624,0.8031069854013699,0.7939090859748776,0.1816509604613032,0.0221286246684385,471,476,114,914,1998.0,False,True,recall<0.9,,126.0,False,False,"Strict eligible; usable candidate, but not the lowest-cost ranked winner.",cost_matrix_sensitivity_heloc.csv,Higher FP cost pushes threshold upward; precision/specificity improve at the cost of recall.,recall<0.9,
heloc,Best LightGBM,cost_matrix:FN5_FP3,threshold=0.395,0.6877502001601281,0.835603112840467,0.5881731784582893,0.7545015371102328,0.7873327197498552,0.7932806208861143,0.1882896306735732,0.0282064278391865,557,390,169,859,2015.0,False,False,recall<0.9,,,False,False,Not eligible: recall is too low for screening/default capture.,cost_matrix_sensitivity_heloc.csv,Higher FP cost pushes threshold upward; precision/specificity improve at the cost of recall.,recall<0.9,recall<0.85
heloc,LightGBM::lightgbm_scale_pos_weight_1.5,imbalance_training:isotonic:specificity_0_65,threshold=0.625,0.765661252900232,0.642023346303502,0.7866948257655755,0.6984126984126985,0.7822470303518381,0.770698548646717,0.1895845070650229,0.0217389304261165,745,202,368,660,2042.0,False,False,recall<0.9; pr_auc<0.78,,,False,False,Not eligible: recall is too low for screening/default capture.,imbalance_training_variants_heloc.csv,scale_pos_weight=1.5; Calibration improves validation Brier and ECE.; Precision/FP improve but recall loss is material.,recall<0.9; pr_auc<0.78,recall<0.85; pr_auc<0.78
