dataset,split,model,threshold_probability,tp,fp,tn,fn,net_benefit,net_benefit_treat_all,net_benefit_treat_none,better_than_treat_all,better_than_treat_none,candidate_note,test_set_used_for_selection,best_model_at_threshold,rank_model_only_at_threshold
heloc,validation,V2 final locked policy ranking,0.01,1027,947,0,0,0.5154176005239834,0.5154176005239834,0.0,False,True,same probability ranker as V2 locked manual-review policy,False,Treat all; V2 final locked policy ranking; Best CatBoost probability ranking; Best Scorecard probability ranking; Best literature reproduction model; SCRE-Optimized probability ranking; SCRE-Pareto probability ranking,1
heloc,validation,Best CatBoost probability ranking,0.01,1027,947,0,0,0.5154176005239834,0.5154176005239834,0.0,False,True,,False,Treat all; V2 final locked policy ranking; Best CatBoost probability ranking; Best Scorecard probability ranking; Best literature reproduction model; SCRE-Optimized probability ranking; SCRE-Pareto probability ranking,1
heloc,validation,Best Scorecard probability ranking,0.01,1027,947,0,0,0.5154176005239834,0.5154176005239834,0.0,False,True,,False,Treat all; V2 final locked policy ranking; Best CatBoost probability ranking; Best Scorecard probability ranking; Best literature reproduction model; SCRE-Optimized probability ranking; SCRE-Pareto probability ranking,1
heloc,validation,Best literature reproduction model,0.01,1027,947,0,0,0.5154176005239834,0.5154176005239834,0.0,False,True,Best literature reproduction: CatBoost Balanced proxy,False,Treat all; V2 final locked policy ranking; Best CatBoost probability ranking; Best Scorecard probability ranking; Best literature reproduction model; SCRE-Optimized probability ranking; SCRE-Pareto probability ranking,1
heloc,validation,SCRE-Optimized probability ranking,0.01,1027,947,0,0,0.5154176005239834,0.5154176005239834,0.0,False,True,weights renormalized over available components,False,Treat all; V2 final locked policy ranking; Best CatBoost probability ranking; Best Scorecard probability ranking; Best literature reproduction model; SCRE-Optimized probability ranking; SCRE-Pareto probability ranking,1
heloc,validation,SCRE-Pareto probability ranking,0.01,1027,947,0,0,0.5154176005239834,0.5154176005239834,0.0,False,True,weights renormalized over available components,False,Treat all; V2 final locked policy ranking; Best CatBoost probability ranking; Best Scorecard probability ranking; Best literature reproduction model; SCRE-Optimized probability ranking; SCRE-Pareto probability ranking,1
heloc,validation,Best EBM/monotonic model: EBM,0.01,1026,913,34,1,0.515084993808398,0.5154176005239834,0.0,False,True,,False,Treat all; V2 final locked policy ranking; Best CatBoost probability ranking; Best Scorecard probability ranking; Best literature reproduction model; SCRE-Optimized probability ranking; SCRE-Pareto probability ranking,7
heloc,validation,V2 final locked policy ranking,0.02,1027,947,0,0,0.5104728821619833,0.5104728821619833,0.0,False,True,same probability ranker as V2 locked manual-review policy,False,Treat all; V2 final locked policy ranking; Best CatBoost probability ranking; Best Scorecard probability ranking; Best literature reproduction model; SCRE-Optimized probability ranking; SCRE-Pareto probability ranking,1
heloc,validation,Best CatBoost probability ranking,0.02,1027,947,0,0,0.5104728821619833,0.5104728821619833,0.0,False,True,,False,Treat all; V2 final locked policy ranking; Best CatBoost probability ranking; Best Scorecard probability ranking; Best literature reproduction model; SCRE-Optimized probability ranking; SCRE-Pareto probability ranking,1
heloc,validation,Best Scorecard probability ranking,0.02,1027,947,0,0,0.5104728821619833,0.5104728821619833,0.0,False,True,,False,Treat all; V2 final locked policy ranking; Best CatBoost probability ranking; Best Scorecard probability ranking; Best literature reproduction model; SCRE-Optimized probability ranking; SCRE-Pareto probability ranking,1
heloc,validation,Best literature reproduction model,0.02,1027,947,0,0,0.5104728821619833,0.5104728821619833,0.0,False,True,Best literature reproduction: CatBoost Balanced proxy,False,Treat all; V2 final locked policy ranking; Best CatBoost probability ranking; Best Scorecard probability ranking; Best literature reproduction model; SCRE-Optimized probability ranking; SCRE-Pareto probability ranking,1
heloc,validation,SCRE-Optimized probability ranking,0.02,1027,947,0,0,0.5104728821619833,0.5104728821619833,0.0,False,True,weights renormalized over available components,False,Treat all; V2 final locked policy ranking; Best CatBoost probability ranking; Best Scorecard probability ranking; Best literature reproduction model; SCRE-Optimized probability ranking; SCRE-Pareto probability ranking,1
heloc,validation,SCRE-Pareto probability ranking,0.02,1027,947,0,0,0.5104728821619833,0.5104728821619833,0.0,False,True,weights renormalized over available components,False,Treat all; V2 final locked policy ranking; Best CatBoost probability ranking; Best Scorecard probability ranking; Best literature reproduction model; SCRE-Optimized probability ranking; SCRE-Pareto probability ranking,1
heloc,validation,Best EBM/monotonic model: EBM,0.02,1026,913,34,1,0.5103178049335235,0.5104728821619833,0.0,False,True,,False,Treat all; V2 final locked policy ranking; Best CatBoost probability ranking; Best Scorecard probability ranking; Best literature reproduction model; SCRE-Optimized probability ranking; SCRE-Pareto probability ranking,7
heloc,validation,V2 final locked policy ranking,0.03,1027,947,0,0,0.5054262108440656,0.5054262108440656,0.0,False,True,same probability ranker as V2 locked manual-review policy,False,Best EBM/monotonic model: EBM,4
heloc,validation,Best CatBoost probability ranking,0.03,1027,945,2,0,0.5054575460366204,0.5054262108440656,0.0,True,True,,False,Best EBM/monotonic model: EBM,2
heloc,validation,Best Scorecard probability ranking,0.03,1027,947,0,0,0.5054262108440656,0.5054262108440656,0.0,False,True,,False,Best EBM/monotonic model: EBM,4
heloc,validation,Best literature reproduction model,0.03,1027,945,2,0,0.5054575460366204,0.5054262108440656,0.0,True,True,Best literature reproduction: CatBoost Balanced proxy,False,Best EBM/monotonic model: EBM,2
heloc,validation,SCRE-Optimized probability ranking,0.03,1027,947,0,0,0.5054262108440656,0.5054262108440656,0.0,False,True,weights renormalized over available components,False,Best EBM/monotonic model: EBM,4
heloc,validation,SCRE-Pareto probability ranking,0.03,1027,947,0,0,0.5054262108440656,0.5054262108440656,0.0,False,True,weights renormalized over available components,False,Best EBM/monotonic model: EBM,4
heloc,validation,Best EBM/monotonic model: EBM,0.03,1026,911,36,1,0.5054836586970827,0.5054262108440656,0.0,True,True,,False,Best EBM/monotonic model: EBM,1
heloc,validation,V2 final locked policy ranking,0.04,1027,947,0,0,0.500274400540358,0.500274400540358,0.0,False,True,same probability ranker as V2 locked manual-review policy,False,Best EBM/monotonic model: EBM,4
heloc,validation,Best CatBoost probability ranking,0.04,1027,945,2,0,0.5003166160081053,0.500274400540358,0.0,True,True,,False,Best EBM/monotonic model: EBM,2
heloc,validation,Best Scorecard probability ranking,0.04,1027,947,0,0,0.500274400540358,0.500274400540358,0.0,False,True,,False,Best EBM/monotonic model: EBM,4
heloc,validation,Best literature reproduction model,0.04,1027,945,2,0,0.5003166160081053,0.500274400540358,0.0,True,True,Best literature reproduction: CatBoost Balanced proxy,False,Best EBM/monotonic model: EBM,2
heloc,validation,SCRE-Optimized probability ranking,0.04,1027,947,0,0,0.500274400540358,0.500274400540358,0.0,False,True,weights renormalized over available components,False,Best EBM/monotonic model: EBM,4
heloc,validation,SCRE-Pareto probability ranking,0.04,1027,947,0,0,0.500274400540358,0.500274400540358,0.0,False,True,weights renormalized over available components,False,Best EBM/monotonic model: EBM,4
heloc,validation,Best EBM/monotonic model: EBM,0.04,1026,911,36,1,0.5005276933468422,0.500274400540358,0.0,True,True,,False,Best EBM/monotonic model: EBM,1
heloc,validation,V2 final locked policy ranking,0.05,1027,947,0,0,0.4950141310723617,0.4950141310723617,0.0,False,True,same probability ranker as V2 locked manual-review policy,False,Best EBM/monotonic model: EBM,4
heloc,validation,Best CatBoost probability ranking,0.05,1027,942,5,0,0.4951474430757745,0.4950141310723617,0.0,True,True,,False,Best EBM/monotonic model: EBM,2
heloc,validation,Best Scorecard probability ranking,0.05,1027,947,0,0,0.4950141310723617,0.4950141310723617,0.0,False,True,,False,Best EBM/monotonic model: EBM,4
heloc,validation,Best literature reproduction model,0.05,1027,942,5,0,0.4951474430757745,0.4950141310723617,0.0,True,True,Best literature reproduction: CatBoost Balanced proxy,False,Best EBM/monotonic model: EBM,2
heloc,validation,SCRE-Optimized probability ranking,0.05,1027,947,0,0,0.4950141310723617,0.4950141310723617,0.0,False,True,weights renormalized over available components,False,Best EBM/monotonic model: EBM,4
heloc,validation,SCRE-Pareto probability ranking,0.05,1027,947,0,0,0.4950141310723617,0.4950141310723617,0.0,False,True,weights renormalized over available components,False,Best EBM/monotonic model: EBM,4
heloc,validation,Best EBM/monotonic model: EBM,0.05,1026,910,37,1,0.49549405428464777,0.4950141310723617,0.0,True,True,,False,Best EBM/monotonic model: EBM,1
heloc,validation,V2 final locked policy ranking,0.06,1027,947,0,0,0.48964194097738684,0.48964194097738684,0.0,False,True,same probability ranker as V2 locked manual-review policy,False,Best CatBoost probability ranking; Best literature reproduction model,3
heloc,validation,Best CatBoost probability ranking,0.06,1027,940,7,0,0.4898682877406281,0.48964194097738684,0.0,True,True,,False,Best CatBoost probability ranking; Best literature reproduction model,1
heloc,validation,Best Scorecard probability ranking,0.06,1027,947,0,0,0.48964194097738684,0.48964194097738684,0.0,False,True,,False,Best CatBoost probability ranking; Best literature reproduction model,3
heloc,validation,Best literature reproduction model,0.06,1027,940,7,0,0.4898682877406281,0.48964194097738684,0.0,True,True,Best literature reproduction: CatBoost Balanced proxy,False,Best CatBoost probability ranking; Best literature reproduction model,1
heloc,validation,SCRE-Optimized probability ranking,0.06,1027,947,0,0,0.48964194097738684,0.48964194097738684,0.0,False,True,weights renormalized over available components,False,Best CatBoost probability ranking; Best literature reproduction model,3
heloc,validation,SCRE-Pareto probability ranking,0.06,1027,947,0,0,0.48964194097738684,0.48964194097738684,0.0,False,True,weights renormalized over available components,False,Best CatBoost probability ranking; Best literature reproduction model,3
heloc,validation,Best EBM/monotonic model: EBM,0.06,1021,900,47,6,0.4881221841384811,0.48964194097738684,0.0,False,True,,False,Best CatBoost probability ranking; Best literature reproduction model,7
heloc,validation,V2 final locked policy ranking,0.07,1027,947,0,0,0.4841542199126276,0.4841542199126275,0.0,True,True,same probability ranker as V2 locked manual-review policy,False,Best CatBoost probability ranking; Best literature reproduction model,4
heloc,validation,Best CatBoost probability ranking,0.07,1027,940,7,0,0.4844211306119336,0.4841542199126275,0.0,True,True,,False,Best CatBoost probability ranking; Best literature reproduction model,1
heloc,validation,Best Scorecard probability ranking,0.07,1027,947,0,0,0.4841542199126276,0.4841542199126275,0.0,True,True,,False,Best CatBoost probability ranking; Best literature reproduction model,4
heloc,validation,Best literature reproduction model,0.07,1027,940,7,0,0.4844211306119336,0.4841542199126275,0.0,True,True,Best literature reproduction: CatBoost Balanced proxy,False,Best CatBoost probability ranking; Best literature reproduction model,1
heloc,validation,SCRE-Optimized probability ranking,0.07,1027,947,0,0,0.4841542199126276,0.4841542199126275,0.0,True,True,weights renormalized over available components,False,Best CatBoost probability ranking; Best literature reproduction model,4
heloc,validation,SCRE-Pareto probability ranking,0.07,1027,946,1,0,0.4841923500125284,0.4841542199126275,0.0,True,True,weights renormalized over available components,False,Best CatBoost probability ranking; Best literature reproduction model,3
heloc,validation,Best EBM/monotonic model: EBM,0.07,1021,900,47,6,0.4829068209301565,0.4841542199126275,0.0,False,True,,False,Best CatBoost probability ranking; Best literature reproduction model,7
heloc,validation,V2 final locked policy ranking,0.08,1027,938,9,0,0.4789436588696533,0.4785472005638518,0.0,True,True,same probability ranker as V2 locked manual-review policy,False,Best CatBoost probability ranking; Best literature reproduction model,3
heloc,validation,Best CatBoost probability ranking,0.08,1027,934,13,0,0.4791198625611206,0.4785472005638518,0.0,True,True,,False,Best CatBoost probability ranking; Best literature reproduction model,1
heloc,validation,Best Scorecard probability ranking,0.08,1027,938,9,0,0.4789436588696533,0.4785472005638518,0.0,True,True,,False,Best CatBoost probability ranking; Best literature reproduction model,3
heloc,validation,Best literature reproduction model,0.08,1027,934,13,0,0.4791198625611206,0.4785472005638518,0.0,True,True,Best literature reproduction: CatBoost Balanced proxy,False,Best CatBoost probability ranking; Best literature reproduction model,1
heloc,validation,SCRE-Optimized probability ranking,0.08,1027,947,0,0,0.4785472005638518,0.4785472005638518,0.0,False,True,weights renormalized over available components,False,Best CatBoost probability ranking; Best literature reproduction model,6
heloc,validation,SCRE-Pareto probability ranking,0.08,1027,946,1,0,0.4785912514867186,0.4785472005638518,0.0,True,True,weights renormalized over available components,False,Best CatBoost probability ranking; Best literature reproduction model,5
heloc,validation,Best EBM/monotonic model: EBM,0.08,1021,900,47,6,0.47757808026078147,0.4785472005638518,0.0,False,True,,False,Best CatBoost probability ranking; Best literature reproduction model,7
heloc,validation,V2 final locked policy ranking,0.09,1026,930,17,1,0.4731620962624002,0.4728169500205974,0.0,True,True,same probability ranker as V2 locked manual-review policy,False,Best CatBoost probability ranking; Best literature reproduction model,3
heloc,validation,Best CatBoost probability ranking,0.09,1025,909,38,2,0.4737076499994433,0.4728169500205974,0.0,True,True,,False,Best CatBoost probability ranking; Best literature reproduction model,1
heloc,validation,Best Scorecard probability ranking,0.09,1026,930,17,1,0.4731620962624002,0.4728169500205974,0.0,True,True,,False,Best CatBoost probability ranking; Best literature reproduction model,3
heloc,validation,Best literature reproduction model,0.09,1025,909,38,2,0.4737076499994433,0.4728169500205974,0.0,True,True,Best literature reproduction: CatBoost Balanced proxy,False,Best CatBoost probability ranking; Best literature reproduction model,1
heloc,validation,SCRE-Optimized probability ranking,0.09,1027,947,0,0,0.4728169500205974,0.4728169500205974,0.0,False,True,weights renormalized over available components,False,Best CatBoost probability ranking; Best literature reproduction model,6
heloc,validation,SCRE-Pareto probability ranking,0.09,1027,946,1,0,0.4728670518944075,0.4728169500205974,0.0,True,True,weights renormalized over available components,False,Best CatBoost probability ranking; Best literature reproduction model,5
heloc,validation,Best EBM/monotonic model: EBM,0.09,1021,899,48,6,0.47218232628566975,0.4728169500205974,0.0,False,True,,False,Best CatBoost probability ranking; Best literature reproduction model,7
heloc,validation,V2 final locked policy ranking,0.1,1024,923,24,3,0.46679049870539235,0.4669593605763818,0.0,False,True,same probability ranker as V2 locked manual-review policy,False,Best CatBoost probability ranking; Best literature reproduction model,5
heloc,validation,Best CatBoost probability ranking,0.1,1023,903,44,4,0.46740965889902053,0.4669593605763818,0.0,True,True,,False,Best CatBoost probability ranking; Best literature reproduction model,1
heloc,validation,Best Scorecard probability ranking,0.1,1024,923,24,3,0.46679049870539235,0.4669593605763818,0.0,False,True,,False,Best CatBoost probability ranking; Best literature reproduction model,5
heloc,validation,Best literature reproduction model,0.1,1023,903,44,4,0.46740965889902053,0.4669593605763818,0.0,True,True,Best literature reproduction: CatBoost Balanced proxy,False,Best CatBoost probability ranking; Best literature reproduction model,1
heloc,validation,SCRE-Optimized probability ranking,0.1,1027,947,0,0,0.4669593605763818,0.4669593605763818,0.0,False,True,weights renormalized over available components,False,Best CatBoost probability ranking; Best literature reproduction model,4
heloc,validation,SCRE-Pareto probability ranking,0.1,1027,940,7,0,0.4673533716086907,0.4669593605763818,0.0,True,True,weights renormalized over available components,False,Best CatBoost probability ranking; Best literature reproduction model,3
heloc,validation,Best EBM/monotonic model: EBM,0.1,1021,898,49,6,0.46667792412473263,0.4669593605763818,0.0,False,True,,False,Best CatBoost probability ranking; Best literature reproduction model,7
heloc,validation,V2 final locked policy ranking,0.11,1023,910,37,4,0.46126043054085125,0.4609701399087007,0.0,True,True,same probability ranker as V2 locked manual-review policy,False,SCRE-Pareto probability ranking,4
heloc,validation,Best CatBoost probability ranking,0.11,1020,880,67,7,0.4616190248511549,0.4609701399087007,0.0,True,True,,False,SCRE-Pareto probability ranking,2
heloc,validation,Best Scorecard probability ranking,0.11,1023,910,37,4,0.46126043054085125,0.4609701399087007,0.0,True,True,,False,SCRE-Pareto probability ranking,4
heloc,validation,Best literature reproduction model,0.11,1020,880,67,7,0.4616190248511549,0.4609701399087007,0.0,True,True,Best literature reproduction: CatBoost Balanced proxy,False,SCRE-Pareto probability ranking,2
heloc,validation,SCRE-Optimized probability ranking,0.11,1027,947,0,0,0.4609701399087007,0.4609701399087007,0.0,False,True,weights renormalized over available components,False,SCRE-Pareto probability ranking,7
heloc,validation,SCRE-Pareto probability ranking,0.11,1027,936,11,0,0.4616588686634108,0.4609701399087007,0.0,True,True,weights renormalized over available components,False,SCRE-Pareto probability ranking,1
heloc,validation,Best EBM/monotonic model: EBM,0.11,1021,897,50,6,0.4610612114795715,0.4609701399087007,0.0,True,True,,False,SCRE-Pareto probability ranking,6
heloc,validation,V2 final locked policy ranking,0.12,1022,896,51,5,0.4558349451966473,0.4548448005894814,0.0,True,True,same probability ranker as V2 locked manual-review policy,False,SCRE-Pareto probability ranking,2
heloc,validation,Best CatBoost probability ranking,0.12,1016,861,86,11,0.4552132264898222,0.4548448005894814,0.0,True,True,,False,SCRE-Pareto probability ranking,4
heloc,validation,Best Scorecard probability ranking,0.12,1022,896,51,5,0.4558349451966473,0.4548448005894814,0.0,True,True,,False,SCRE-Pareto probability ranking,2
heloc,validation,Best literature reproduction model,0.12,1016,861,86,11,0.4552132264898222,0.4548448005894814,0.0,True,True,Best literature reproduction: CatBoost Balanced proxy,False,SCRE-Pareto probability ranking,4
heloc,validation,SCRE-Optimized probability ranking,0.12,1027,947,0,0,0.4548448005894814,0.4548448005894814,0.0,False,True,weights renormalized over available components,False,SCRE-Pareto probability ranking,6
heloc,validation,SCRE-Pareto probability ranking,0.12,1026,925,22,1,0.45585797181541865,0.4548448005894814,0.0,True,True,weights renormalized over available components,False,SCRE-Pareto probability ranking,1
heloc,validation,Best EBM/monotonic model: EBM,0.12,1020,897,50,7,0.4547526941143963,0.4548448005894814,0.0,False,True,,False,SCRE-Pareto probability ranking,7
heloc,validation,V2 final locked policy ranking,0.13,1020,875,72,7,0.4504827120381046,0.4485786488721191,0.0,True,True,same probability ranker as V2 locked manual-review policy,False,Best CatBoost probability ranking; Best literature reproduction model,4
heloc,validation,Best CatBoost probability ranking,0.13,1015,834,113,12,0.45105334870558644,0.4485786488721191,0.0,True,True,,False,Best CatBoost probability ranking; Best literature reproduction model,1
heloc,validation,Best Scorecard probability ranking,0.13,1020,875,72,7,0.4504827120381046,0.4485786488721191,0.0,True,True,,False,Best CatBoost probability ranking; Best literature reproduction model,4
heloc,validation,Best literature reproduction model,0.13,1015,834,113,12,0.45105334870558644,0.4485786488721191,0.0,True,True,Best literature reproduction: CatBoost Balanced proxy,False,Best CatBoost probability ranking; Best literature reproduction model,1
heloc,validation,SCRE-Optimized probability ranking,0.13,1027,947,0,0,0.4485786488721191,0.4485786488721191,0.0,False,True,weights renormalized over available components,False,Best CatBoost probability ranking; Best literature reproduction model,7
heloc,validation,SCRE-Pareto probability ranking,0.13,1026,912,35,1,0.4507214477867449,0.4485786488721191,0.0,True,True,weights renormalized over available components,False,Best CatBoost probability ranking; Best literature reproduction model,3
heloc,validation,Best EBM/monotonic model: EBM,0.13,1020,897,50,7,0.44881738462075954,0.4485786488721191,0.0,True,True,,False,Best CatBoost probability ranking; Best literature reproduction model,6
heloc,validation,V2 final locked policy ranking,0.14,1016,849,98,11,0.4446761386395231,0.4421667726962135,0.0,True,True,same probability ranker as V2 locked manual-review policy,False,Best CatBoost probability ranking; Best literature reproduction model,4
heloc,validation,Best CatBoost probability ranking,0.14,1007,783,164,20,0.44555971819702644,0.4421667726962135,0.0,True,True,,False,Best CatBoost probability ranking; Best literature reproduction model,1
heloc,validation,Best Scorecard probability ranking,0.14,1016,849,98,11,0.4446761386395231,0.4421667726962135,0.0,True,True,,False,Best CatBoost probability ranking; Best literature reproduction model,4
heloc,validation,Best literature reproduction model,0.14,1007,783,164,20,0.44555971819702644,0.4421667726962135,0.0,True,True,Best literature reproduction: CatBoost Balanced proxy,False,Best CatBoost probability ranking; Best literature reproduction model,1
heloc,validation,SCRE-Optimized probability ranking,0.14,1027,947,0,0,0.4421667726962135,0.4421667726962135,0.0,False,True,weights renormalized over available components,False,Best CatBoost probability ranking; Best literature reproduction model,7
heloc,validation,SCRE-Pareto probability ranking,0.14,1024,896,51,3,0.4448528545510238,0.4421667726962135,0.0,True,True,weights renormalized over available components,False,Best CatBoost probability ranking; Best literature reproduction model,3
heloc,validation,Best EBM/monotonic model: EBM,0.14,1020,897,50,7,0.4427440446737824,0.4421667726962135,0.0,True,True,,False,Best CatBoost probability ranking; Best literature reproduction model,6
heloc,validation,V2 final locked policy ranking,0.15,1014,819,128,13,0.4404612908993385,0.43560402884558075,0.0,True,True,same probability ranker as V2 locked manual-review policy,False,V2 final locked policy ranking; Best Scorecard probability ranking,1
heloc,validation,Best CatBoost probability ranking,0.15,1000,754,193,27,0.439179927290065,0.43560402884558075,0.0,True,True,,False,V2 final locked policy ranking; Best Scorecard probability ranking,4
heloc,validation,Best Scorecard probability ranking,0.15,1014,819,128,13,0.4404612908993385,0.43560402884558075,0.0,True,True,,False,V2 final locked policy ranking; Best Scorecard probability ranking,1
heloc,validation,Best literature reproduction model,0.15,1000,754,193,27,0.439179927290065,0.43560402884558075,0.0,True,True,Best literature reproduction: CatBoost Balanced proxy,False,V2 final locked policy ranking; Best Scorecard probability ranking,4
heloc,validation,SCRE-Optimized probability ranking,0.15,1027,947,0,0,0.43560402884558075,0.43560402884558075,0.0,False,True,weights renormalized over available components,False,V2 final locked policy ranking; Best Scorecard probability ranking,7
heloc,validation,SCRE-Pareto probability ranking,0.15,1021,870,77,6,0.43944811967340125,0.43560402884558075,0.0,True,True,weights renormalized over available components,False,V2 final locked policy ranking; Best Scorecard probability ranking,3
heloc,validation,Best EBM/monotonic model: EBM,0.15,1020,897,50,7,0.43652780261040586,0.43560402884558075,0.0,True,True,,False,V2 final locked policy ranking; Best Scorecard probability ranking,6
heloc,validation,V2 final locked policy ranking,0.16,1013,801,146,14,0.4358807352728325,0.4288850291889805,0.0,True,True,same probability ranker as V2 locked manual-review policy,False,V2 final locked policy ranking; Best Scorecard probability ranking,1
heloc,validation,Best CatBoost probability ranking,0.16,993,730,217,34,0.4325999903507502,0.4288850291889805,0.0,True,True,,False,V2 final locked policy ranking; Best Scorecard probability ranking,4
heloc,validation,Best Scorecard probability ranking,0.16,1013,801,146,14,0.4358807352728325,0.4288850291889805,0.0,True,True,,False,V2 final locked policy ranking; Best Scorecard probability ranking,1
heloc,validation,Best literature reproduction model,0.16,993,730,217,34,0.4325999903507502,0.4288850291889805,0.0,True,True,Best literature reproduction: CatBoost Balanced proxy,False,V2 final locked policy ranking; Best Scorecard probability ranking,4
heloc,validation,SCRE-Optimized probability ranking,0.16,1027,947,0,0,0.4288850291889805,0.4288850291889805,0.0,False,True,weights renormalized over available components,False,V2 final locked policy ranking; Best Scorecard probability ranking,7
heloc,validation,SCRE-Pareto probability ranking,0.16,1016,844,103,11,0.4332513147102813,0.4288850291889805,0.0,True,True,weights renormalized over available components,False,V2 final locked policy ranking; Best Scorecard probability ranking,3
heloc,validation,Best EBM/monotonic model: EBM,0.16,982,687,260,45,0.43117672600955276,0.4288850291889805,0.0,True,True,,False,V2 final locked policy ranking; Best Scorecard probability ranking,6
heloc,validation,V2 final locked policy ranking,0.17,1008,777,170,19,0.43001794411689304,0.4220041259261971,0.0,True,True,same probability ranker as V2 locked manual-review policy,False,V2 final locked policy ranking; Best Scorecard probability ranking,1
heloc,validation,Best CatBoost probability ranking,0.17,987,704,243,40,0.42695401667460114,0.4220041259261971,0.0,True,True,,False,V2 final locked policy ranking; Best Scorecard probability ranking,4
heloc,validation,Best Scorecard probability ranking,0.17,1008,777,170,19,0.43001794411689304,0.4220041259261971,0.0,True,True,,False,V2 final locked policy ranking; Best Scorecard probability ranking,1
heloc,validation,Best literature reproduction model,0.17,987,704,243,40,0.42695401667460114,0.4220041259261971,0.0,True,True,Best literature reproduction: CatBoost Balanced proxy,False,V2 final locked policy ranking; Best Scorecard probability ranking,4
heloc,validation,SCRE-Optimized probability ranking,0.17,1027,947,0,0,0.4220041259261972,0.4220041259261971,0.0,True,True,weights renormalized over available components,False,V2 final locked policy ranking; Best Scorecard probability ranking,7
heloc,validation,SCRE-Pareto probability ranking,0.17,1014,810,137,13,0.4296334273263266,0.4220041259261971,0.0,True,True,weights renormalized over available components,False,V2 final locked policy ranking; Best Scorecard probability ranking,3
heloc,validation,Best EBM/monotonic model: EBM,0.17,977,667,280,50,0.42572722500946036,0.4220041259261971,0.0,True,True,,False,V2 final locked policy ranking; Best Scorecard probability ranking,6
heloc,validation,V2 final locked policy ranking,0.18,1001,750,197,26,0.42369090864160924,0.4149553957545654,0.0,True,True,same probability ranker as V2 locked manual-review policy,False,SCRE-Pareto probability ranking,2
heloc,validation,Best CatBoost probability ranking,0.18,985,697,250,42,0.4214792299898683,0.4149553957545654,0.0,True,True,,False,SCRE-Pareto probability ranking,4
heloc,validation,Best Scorecard probability ranking,0.18,1001,750,197,26,0.42369090864160924,0.4149553957545654,0.0,True,True,,False,SCRE-Pareto probability ranking,2
heloc,validation,Best literature reproduction model,0.18,985,697,250,42,0.4214792299898683,0.4149553957545654,0.0,True,True,Best literature reproduction: CatBoost Balanced proxy,False,SCRE-Pareto probability ranking,4
heloc,validation,SCRE-Optimized probability ranking,0.18,1027,947,0,0,0.4149553957545654,0.4149553957545654,0.0,False,True,weights renormalized over available components,False,SCRE-Pareto probability ranking,7
heloc,validation,SCRE-Pareto probability ranking,0.18,1009,778,169,18,0.42462994538759985,0.4149553957545654,0.0,True,True,weights renormalized over available components,False,SCRE-Pareto probability ranking,1
heloc,validation,Best EBM/monotonic model: EBM,0.18,977,664,283,50,0.4210962018434774,0.4149553957545654,0.0,True,True,,False,SCRE-Pareto probability ranking,6
heloc,validation,V2 final locked policy ranking,0.19,992,721,226,35,0.41685741803945114,0.40773262286264644,0.0,True,True,same probability ranker as V2 locked manual-review policy,False,SCRE-Pareto probability ranking,4
heloc,validation,Best CatBoost probability ranking,0.19,981,672,275,46,0.4171075837742505,0.40773262286264644,0.0,True,True,,False,SCRE-Pareto probability ranking,2
heloc,validation,Best Scorecard probability ranking,0.19,992,721,226,35,0.41685741803945114,0.40773262286264644,0.0,True,True,,False,SCRE-Pareto probability ranking,4
heloc,validation,Best literature reproduction model,0.19,981,672,275,46,0.4171075837742505,0.40773262286264644,0.0,True,True,Best literature reproduction: CatBoost Balanced proxy,False,SCRE-Pareto probability ranking,2
heloc,validation,SCRE-Optimized probability ranking,0.19,1027,947,0,0,0.4077326228626465,0.40773262286264644,0.0,True,True,weights renormalized over available components,False,SCRE-Pareto probability ranking,7
heloc,validation,SCRE-Pareto probability ranking,0.19,1001,751,196,26,0.4178518268352784,0.40773262286264644,0.0,True,True,weights renormalized over available components,False,SCRE-Pareto probability ranking,1
heloc,validation,Best EBM/monotonic model: EBM,0.19,977,661,286,50,0.4163883572867024,0.40773262286264644,0.0,True,True,,False,SCRE-Pareto probability ranking,6
heloc,validation,V2 final locked policy ranking,0.2,986,704,243,41,0.4103343465045593,0.40032928064842954,0.0,True,True,same probability ranker as V2 locked manual-review policy,False,Best CatBoost probability ranking; Best literature reproduction model,5
heloc,validation,Best CatBoost probability ranking,0.2,979,652,295,48,0.4133738601823708,0.40032928064842954,0.0,True,True,,False,Best CatBoost probability ranking; Best literature reproduction model,1
heloc,validation,Best Scorecard probability ranking,0.2,986,704,243,41,0.4103343465045593,0.40032928064842954,0.0,True,True,,False,Best CatBoost probability ranking; Best literature reproduction model,5
heloc,validation,Best literature reproduction model,0.2,979,652,295,48,0.4133738601823708,0.40032928064842954,0.0,True,True,Best literature reproduction: CatBoost Balanced proxy,False,Best CatBoost probability ranking; Best literature reproduction model,1
heloc,validation,SCRE-Optimized probability ranking,0.2,1027,947,0,0,0.40032928064842954,0.40032928064842954,0.0,False,True,weights renormalized over available components,False,Best CatBoost probability ranking; Best literature reproduction model,7
heloc,validation,SCRE-Pareto probability ranking,0.2,998,729,218,29,0.41324721377912865,0.40032928064842954,0.0,True,True,weights renormalized over available components,False,Best CatBoost probability ranking; Best literature reproduction model,3
heloc,validation,Best EBM/monotonic model: EBM,0.2,977,660,287,50,0.4113475177304965,0.40032928064842954,0.0,True,True,,False,Best CatBoost probability ranking; Best literature reproduction model,4
heloc,validation,V2 final locked policy ranking,0.21,981,668,279,46,0.4070062714016391,0.3927385120490426,0.0,True,True,same probability ranker as V2 locked manual-review policy,False,Best CatBoost probability ranking; Best literature reproduction model,4
heloc,validation,Best CatBoost probability ranking,0.21,975,640,307,52,0.407737293678581,0.3927385120490426,0.0,True,True,,False,Best CatBoost probability ranking; Best literature reproduction model,1
heloc,validation,Best Scorecard probability ranking,0.21,981,668,279,46,0.4070062714016391,0.3927385120490426,0.0,True,True,,False,Best CatBoost probability ranking; Best literature reproduction model,4
heloc,validation,Best literature reproduction model,0.21,975,640,307,52,0.407737293678581,0.3927385120490426,0.0,True,True,Best literature reproduction: CatBoost Balanced proxy,False,Best CatBoost probability ranking; Best literature reproduction model,1
heloc,validation,SCRE-Optimized probability ranking,0.21,1027,946,1,0,0.3928731740474266,0.3927385120490426,0.0,True,True,weights renormalized over available components,False,Best CatBoost probability ranking; Best literature reproduction model,7
heloc,validation,SCRE-Pareto probability ranking,0.21,992,705,242,35,0.40759621920408345,0.3927385120490426,0.0,True,True,weights renormalized over available components,False,Best CatBoost probability ranking; Best literature reproduction model,3
heloc,validation,Best EBM/monotonic model: EBM,0.21,968,629,318,59,0.4056724763700255,0.3927385120490426,0.0,True,True,,False,Best CatBoost probability ranking; Best literature reproduction model,6
heloc,validation,V2 final locked policy ranking,0.22,978,641,306,49,0.40385264853349956,0.3849531083573636,0.0,True,True,same probability ranker as V2 locked manual-review policy,False,V2 final locked policy ranking; Best Scorecard probability ranking,1
heloc,validation,Best CatBoost probability ranking,0.22,972,621,326,55,0.4036707972878186,0.3849531083573636,0.0,True,True,,False,V2 final locked policy ranking; Best Scorecard probability ranking,3
heloc,validation,Best Scorecard probability ranking,0.22,978,641,306,49,0.40385264853349956,0.3849531083573636,0.0,True,True,,False,V2 final locked policy ranking; Best Scorecard probability ranking,1
heloc,validation,Best literature reproduction model,0.22,972,621,326,55,0.4036707972878186,0.3849531083573636,0.0,True,True,Best literature reproduction: CatBoost Balanced proxy,False,V2 final locked policy ranking; Best Scorecard probability ranking,3
heloc,validation,SCRE-Optimized probability ranking,0.22,1027,946,1,0,0.38509599147897017,0.3849531083573636,0.0,True,True,weights renormalized over available components,False,V2 final locked policy ranking; Best Scorecard probability ranking,7
heloc,validation,SCRE-Pareto probability ranking,0.22,983,680,267,44,0.40081313485568804,0.3849531083573636,0.0,True,True,weights renormalized over available components,False,V2 final locked policy ranking; Best Scorecard probability ranking,5
heloc,validation,Best EBM/monotonic model: EBM,0.22,968,628,319,59,0.4006442729846985,0.3849531083573636,0.0,True,True,,False,V2 final locked policy ranking; Best Scorecard probability ranking,6
heloc,validation,V2 final locked policy ranking,0.23,971,615,332,56,0.39883419518677876,0.3769654863879788,0.0,True,True,same probability ranker as V2 locked manual-review policy,False,V2 final locked policy ranking; Best Scorecard probability ranking,1
heloc,validation,Best CatBoost probability ranking,0.23,963,600,347,64,0.3970512769904867,0.3769654863879788,0.0,True,True,,False,V2 final locked policy ranking; Best Scorecard probability ranking,4
heloc,validation,Best Scorecard probability ranking,0.23,971,615,332,56,0.39883419518677876,0.3769654863879788,0.0,True,True,,False,V2 final locked policy ranking; Best Scorecard probability ranking,1
heloc,validation,Best literature reproduction model,0.23,963,600,347,64,0.3970512769904867,0.3769654863879788,0.0,True,True,Best literature reproduction: CatBoost Balanced proxy,False,V2 final locked policy ranking; Best Scorecard probability ranking,4
heloc,validation,SCRE-Optimized probability ranking,0.23,1027,943,4,0,0.3775707575099672,0.3769654863879788,0.0,True,True,weights renormalized over available components,False,V2 final locked policy ranking; Best Scorecard probability ranking,7
heloc,validation,SCRE-Pareto probability ranking,0.23,979,652,295,48,0.3972881222121344,0.3769654863879788,0.0,True,True,weights renormalized over available components,False,V2 final locked policy ranking; Best Scorecard probability ranking,3
heloc,validation,Best EBM/monotonic model: EBM,0.23,968,628,319,59,0.39534730720141054,0.3769654863879788,0.0,True,True,,False,V2 final locked policy ranking; Best Scorecard probability ranking,6
heloc,validation,V2 final locked policy ranking,0.24,966,596,351,61,0.39401695728683406,0.3687676638404521,0.0,True,True,same probability ranker as V2 locked manual-review policy,False,SCRE-Pareto probability ranking,2
heloc,validation,Best CatBoost probability ranking,0.24,957,579,368,70,0.39217725163973766,0.3687676638404521,0.0,True,True,,False,SCRE-Pareto probability ranking,5
heloc,validation,Best Scorecard probability ranking,0.24,966,596,351,61,0.39401695728683406,0.3687676638404521,0.0,True,True,,False,SCRE-Pareto probability ranking,2
heloc,validation,Best literature reproduction model,0.24,957,579,368,70,0.39217725163973766,0.3687676638404521,0.0,True,True,Best literature reproduction: CatBoost Balanced proxy,False,SCRE-Pareto probability ranking,5
heloc,validation,SCRE-Optimized probability ranking,0.24,1027,935,12,0,0.3706873566895963,0.3687676638404521,0.0,True,True,weights renormalized over available components,False,SCRE-Pareto probability ranking,7
heloc,validation,SCRE-Pareto probability ranking,0.24,977,628,319,50,0.3944702180984376,0.3687676638404521,0.0,True,True,weights renormalized over available components,False,SCRE-Pareto probability ranking,1
heloc,validation,Best EBM/monotonic model: EBM,0.24,949,544,403,78,0.39372367087932597,0.3687676638404521,0.0,True,True,,False,SCRE-Pareto probability ranking,4
heloc,validation,V2 final locked policy ranking,0.25,959,583,364,68,0.38736913204998313,0.3603512326916582,0.0,True,True,same probability ranker as V2 locked manual-review policy,False,SCRE-Pareto probability ranking,3
heloc,validation,Best CatBoost probability ranking,0.25,951,570,377,76,0.38551165146909827,0.3603512326916582,0.0,True,True,,False,SCRE-Pareto probability ranking,5
heloc,validation,Best Scorecard probability ranking,0.25,959,583,364,68,0.38736913204998313,0.3603512326916582,0.0,True,True,,False,SCRE-Pareto probability ranking,3
heloc,validation,Best literature reproduction model,0.25,951,570,377,76,0.38551165146909827,0.3603512326916582,0.0,True,True,Best literature reproduction: CatBoost Balanced proxy,False,SCRE-Pareto probability ranking,5
heloc,validation,SCRE-Optimized probability ranking,0.25,1027,920,27,0,0.36491050320837554,0.3603512326916582,0.0,True,True,weights renormalized over available components,False,SCRE-Pareto probability ranking,7
heloc,validation,SCRE-Pareto probability ranking,0.25,974,602,345,53,0.39175954069571095,0.3603512326916582,0.0,True,True,weights renormalized over available components,False,SCRE-Pareto probability ranking,1
heloc,validation,Best EBM/monotonic model: EBM,0.25,949,544,403,78,0.3888888888888889,0.3603512326916582,0.0,True,True,,False,SCRE-Pareto probability ranking,2
heloc,validation,V2 final locked policy ranking,0.26,954,559,388,73,0.3837865220843944,0.35170733043073465,0.0,True,True,same probability ranker as V2 locked manual-review policy,False,SCRE-Pareto probability ranking,3
heloc,validation,Best CatBoost probability ranking,0.26,947,549,398,80,0.38202031819053095,0.35170733043073465,0.0,True,True,,False,SCRE-Pareto probability ranking,5
heloc,validation,Best Scorecard probability ranking,0.26,954,559,388,73,0.3837865220843944,0.35170733043073465,0.0,True,True,,False,SCRE-Pareto probability ranking,3
heloc,validation,Best literature reproduction model,0.26,947,549,398,80,0.38202031819053095,0.35170733043073465,0.0,True,True,Best literature reproduction: CatBoost Balanced proxy,False,SCRE-Pareto probability ranking,5
heloc,validation,SCRE-Optimized probability ranking,0.26,1025,899,48,2,0.35923765710999755,0.35170733043073465,0.0,True,True,weights renormalized over available components,False,SCRE-Pareto probability ranking,7
heloc,validation,SCRE-Pareto probability ranking,0.26,965,585,362,62,0.3847312357950656,0.35170733043073465,0.0,True,True,weights renormalized over available components,False,SCRE-Pareto probability ranking,1
heloc,validation,Best EBM/monotonic model: EBM,0.26,949,544,403,78,0.3839234371149265,0.35170733043073465,0.0,True,True,,False,SCRE-Pareto probability ranking,2
heloc,validation,V2 final locked policy ranking,0.27,946,542,405,81,0.37767692329044705,0.3428266089297858,0.0,True,True,same probability ranker as V2 locked manual-review policy,False,SCRE-Pareto probability ranking,3
heloc,validation,Best CatBoost probability ranking,0.27,939,531,416,88,0.37619186409626515,0.3428266089297858,0.0,True,True,,False,SCRE-Pareto probability ranking,5
heloc,validation,Best Scorecard probability ranking,0.27,946,542,405,81,0.37767692329044705,0.3428266089297858,0.0,True,True,,False,SCRE-Pareto probability ranking,3
heloc,validation,Best literature reproduction model,0.27,939,531,416,88,0.37619186409626515,0.3428266089297858,0.0,True,True,Best literature reproduction: CatBoost Balanced proxy,False,SCRE-Pareto probability ranking,5
heloc,validation,SCRE-Optimized probability ranking,0.27,1025,874,73,2,0.35549124925400066,0.3428266089297858,0.0,True,True,weights renormalized over available components,False,SCRE-Pareto probability ranking,7
heloc,validation,SCRE-Pareto probability ranking,0.27,960,568,379,67,0.3798975725527751,0.3428266089297858,0.0,True,True,weights renormalized over available components,False,SCRE-Pareto probability ranking,1
heloc,validation,Best EBM/monotonic model: EBM,0.27,949,544,403,78,0.3788219455663349,0.3428266089297858,0.0,True,True,,False,SCRE-Pareto probability ranking,2
heloc,validation,V2 final locked policy ranking,0.28,936,525,422,91,0.37073623775751435,0.3336992007204772,0.0,True,True,same probability ranker as V2 locked manual-review policy,False,SCRE-Pareto probability ranking,3
heloc,validation,Best CatBoost probability ranking,0.28,929,513,434,98,0.36955420466058764,0.3336992007204772,0.0,True,True,,False,SCRE-Pareto probability ranking,5
heloc,validation,Best Scorecard probability ranking,0.28,936,525,422,91,0.37073623775751435,0.3336992007204772,0.0,True,True,,False,SCRE-Pareto probability ranking,3
heloc,validation,Best literature reproduction model,0.28,929,513,434,98,0.36955420466058764,0.3336992007204772,0.0,True,True,Best literature reproduction: CatBoost Balanced proxy,False,SCRE-Pareto probability ranking,5
heloc,validation,SCRE-Optimized probability ranking,0.28,1019,847,100,8,0.3493470674321738,0.3336992007204772,0.0,True,True,weights renormalized over available components,False,SCRE-Pareto probability ranking,7
heloc,validation,SCRE-Pareto probability ranking,0.28,956,551,396,71,0.3757458065968704,0.3336992007204772,0.0,True,True,weights renormalized over available components,False,SCRE-Pareto probability ranking,1
heloc,validation,Best EBM/monotonic model: EBM,0.28,949,544,403,78,0.3735787459191714,0.3336992007204772,0.0,True,True,,False,SCRE-Pareto probability ranking,2
heloc,validation,V2 final locked policy ranking,0.29,932,506,441,95,0.36743867460079627,0.32431468242076567,0.0,True,True,same probability ranker as V2 locked manual-review policy,False,SCRE-Pareto probability ranking,3
heloc,validation,Best CatBoost probability ranking,0.29,926,497,450,101,0.36626139817629183,0.32431468242076567,0.0,True,True,,False,SCRE-Pareto probability ranking,5
heloc,validation,Best Scorecard probability ranking,0.29,932,506,441,95,0.36743867460079627,0.32431468242076567,0.0,True,True,,False,SCRE-Pareto probability ranking,3
heloc,validation,Best literature reproduction model,0.29,926,497,450,101,0.36626139817629183,0.32431468242076567,0.0,True,True,Best literature reproduction: CatBoost Balanced proxy,False,SCRE-Pareto probability ranking,5
heloc,validation,SCRE-Optimized probability ranking,0.29,1015,809,138,12,0.34678995961585113,0.32431468242076567,0.0,True,True,weights renormalized over available components,False,SCRE-Pareto probability ranking,7
heloc,validation,SCRE-Pareto probability ranking,0.29,946,534,413,81,0.3687372461720679,0.32431468242076567,0.0,True,True,weights renormalized over available components,False,SCRE-Pareto probability ranking,1
heloc,validation,Best EBM/monotonic model: EBM,0.29,949,544,403,78,0.3681878505072991,0.32431468242076567,0.0,True,True,,False,SCRE-Pareto probability ranking,2
heloc,validation,V2 final locked policy ranking,0.3,926,485,462,101,0.3638008394847301,0.3146620350267766,0.0,True,True,same probability ranker as V2 locked manual-review policy,False,SCRE-Pareto probability ranking,2
heloc,validation,Best CatBoost probability ranking,0.3,918,484,463,109,0.35996526270082496,0.3146620350267766,0.0,True,True,,False,SCRE-Pareto probability ranking,5
heloc,validation,Best Scorecard probability ranking,0.3,926,485,462,101,0.3638008394847301,0.3146620350267766,0.0,True,True,,False,SCRE-Pareto probability ranking,2
heloc,validation,Best literature reproduction model,0.3,918,484,463,109,0.35996526270082496,0.3146620350267766,0.0,True,True,Best literature reproduction: CatBoost Balanced proxy,False,SCRE-Pareto probability ranking,5
heloc,validation,SCRE-Optimized probability ranking,0.3,1014,763,184,13,0.3480243161094225,0.3146620350267766,0.0,True,True,weights renormalized over available components,False,SCRE-Pareto probability ranking,7
heloc,validation,SCRE-Pareto probability ranking,0.3,940,511,436,87,0.3652482269503546,0.3146620350267766,0.0,True,True,weights renormalized over available components,False,SCRE-Pareto probability ranking,1
heloc,validation,Best EBM/monotonic model: EBM,0.3,949,544,403,78,0.3626429295122304,0.3146620350267766,0.0,True,True,,False,SCRE-Pareto probability ranking,4
heloc,validation,V2 final locked policy ranking,0.31,921,465,482,106,0.36073300735650415,0.30472960075180233,0.0,True,True,same probability ranker as V2 locked manual-review policy,False,SCRE-Pareto probability ranking,2
heloc,validation,Best CatBoost probability ranking,0.31,910,468,479,117,0.3544777763094137,0.30472960075180233,0.0,True,True,,False,SCRE-Pareto probability ranking,5
heloc,validation,Best Scorecard probability ranking,0.31,921,465,482,106,0.36073300735650415,0.30472960075180233,0.0,True,True,,False,SCRE-Pareto probability ranking,2
heloc,validation,Best literature reproduction model,0.31,910,468,479,117,0.3544777763094137,0.30472960075180233,0.0,True,True,Best literature reproduction: CatBoost Balanced proxy,False,SCRE-Pareto probability ranking,5
heloc,validation,SCRE-Optimized probability ranking,0.31,1006,736,211,21,0.3421141506247889,0.30472960075180233,0.0,True,True,weights renormalized over available components,False,SCRE-Pareto probability ranking,7
heloc,validation,SCRE-Pareto probability ranking,0.31,934,493,454,93,0.3609459201503605,0.30472960075180233,0.0,True,True,weights renormalized over available components,False,SCRE-Pareto probability ranking,1
heloc,validation,Best EBM/monotonic model: EBM,0.31,949,544,403,78,0.35693728616947856,0.30472960075180233,0.0,True,True,,False,SCRE-Pareto probability ranking,4
heloc,validation,V2 final locked policy ranking,0.32,915,452,495,112,0.3557720960724715,0.2945050360569759,0.0,True,True,same probability ranker as V2 locked manual-review policy,False,SCRE-Pareto probability ranking,2
heloc,validation,Best CatBoost probability ranking,0.32,904,452,495,123,0.35019965432981703,0.2945050360569759,0.0,True,True,,False,SCRE-Pareto probability ranking,4
heloc,validation,Best Scorecard probability ranking,0.32,915,452,495,112,0.3557720960724715,0.2945050360569759,0.0,True,True,,False,SCRE-Pareto probability ranking,2
heloc,validation,Best literature reproduction model,0.32,904,452,495,123,0.35019965432981703,0.2945050360569759,0.0,True,True,Best literature reproduction: CatBoost Balanced proxy,False,SCRE-Pareto probability ranking,4
heloc,validation,SCRE-Optimized probability ranking,0.32,997,708,239,30,0.33628344955003275,0.2945050360569759,0.0,True,True,weights renormalized over available components,False,SCRE-Pareto probability ranking,7
heloc,validation,SCRE-Pareto probability ranking,0.32,930,480,467,97,0.3566958698372966,0.2945050360569759,0.0,True,True,weights renormalized over available components,False,SCRE-Pareto probability ranking,1
heloc,validation,Best EBM/monotonic model: EBM,0.32,862,368,579,165,0.3489480898742475,0.2945050360569759,0.0,True,True,,False,SCRE-Pareto probability ranking,6
heloc,validation,V2 final locked policy ranking,0.33,905,439,508,122,0.3489240726458891,0.28397526047573673,0.0,True,True,same probability ranker as V2 locked manual-review policy,False,SCRE-Pareto probability ranking,2
heloc,validation,Best CatBoost probability ranking,0.33,895,429,518,132,0.34635333968455595,0.28397526047573673,0.0,True,True,,False,SCRE-Pareto probability ranking,4
heloc,validation,Best Scorecard probability ranking,0.33,905,439,508,122,0.3489240726458891,0.28397526047573673,0.0,True,True,,False,SCRE-Pareto probability ranking,2
heloc,validation,Best literature reproduction model,0.33,895,429,518,132,0.34635333968455595,0.28397526047573673,0.0,True,True,Best literature reproduction: CatBoost Balanced proxy,False,SCRE-Pareto probability ranking,4
heloc,validation,SCRE-Optimized probability ranking,0.33,993,678,269,34,0.333870162863494,0.28397526047573673,0.0,True,True,weights renormalized over available components,False,SCRE-Pareto probability ranking,7
heloc,validation,SCRE-Pareto probability ranking,0.33,925,462,485,102,0.3533170016180495,0.28397526047573673,0.0,True,True,weights renormalized over available components,False,SCRE-Pareto probability ranking,1
heloc,validation,Best EBM/monotonic model: EBM,0.33,862,368,579,165,0.3448562657835443,0.28397526047573673,0.0,True,True,,False,SCRE-Pareto probability ranking,6
heloc,validation,V2 final locked policy ranking,0.34,899,431,516,128,0.3429431089005557,0.27312640078597517,0.0,True,True,same probability ranker as V2 locked manual-review policy,False,SCRE-Pareto probability ranking,4
heloc,validation,Best CatBoost probability ranking,0.34,891,414,533,136,0.3433268858800773,0.27312640078597517,0.0,True,True,,False,SCRE-Pareto probability ranking,2
heloc,validation,Best Scorecard probability ranking,0.34,899,431,516,128,0.3429431089005557,0.27312640078597517,0.0,True,True,,False,SCRE-Pareto probability ranking,4
heloc,validation,Best literature reproduction model,0.34,891,414,533,136,0.3433268858800773,0.27312640078597517,0.0,True,True,Best literature reproduction: CatBoost Balanced proxy,False,SCRE-Pareto probability ranking,2
heloc,validation,SCRE-Optimized probability ranking,0.34,986,657,290,41,0.3280372110159344,0.27312640078597517,0.0,True,True,weights renormalized over available components,False,SCRE-Pareto probability ranking,7
heloc,validation,SCRE-Pareto probability ranking,0.34,915,449,498,112,0.346351048478708,0.27312640078597517,0.0,True,True,weights renormalized over available components,False,SCRE-Pareto probability ranking,1
heloc,validation,Best EBM/monotonic model: EBM,0.34,862,368,579,165,0.3406404470234257,0.27312640078597517,0.0,True,True,,False,SCRE-Pareto probability ranking,6
heloc,validation,V2 final locked policy ranking,0.35,890,417,530,137,0.3371132413685606,0.26194373002883636,0.0,True,True,same probability ranker as V2 locked manual-review policy,False,SCRE-Pareto probability ranking,4
heloc,validation,Best CatBoost probability ranking,0.35,887,406,541,140,0.3385940300833918,0.26194373002883636,0.0,True,True,,False,SCRE-Pareto probability ranking,2
heloc,validation,Best Scorecard probability ranking,0.35,890,417,530,137,0.3371132413685606,0.26194373002883636,0.0,True,True,,False,SCRE-Pareto probability ranking,4
heloc,validation,Best literature reproduction model,0.35,887,406,541,140,0.3385940300833918,0.26194373002883636,0.0,True,True,Best literature reproduction: CatBoost Balanced proxy,False,SCRE-Pareto probability ranking,2
heloc,validation,SCRE-Optimized probability ranking,0.35,981,631,316,46,0.3248382822850908,0.26194373002883636,0.0,True,True,weights renormalized over available components,False,SCRE-Pareto probability ranking,7
heloc,validation,SCRE-Pareto probability ranking,0.35,906,438,509,121,0.3394902969371054,0.26194373002883636,0.0,True,True,weights renormalized over available components,False,SCRE-Pareto probability ranking,1
heloc,validation,Best EBM/monotonic model: EBM,0.35,862,368,579,165,0.3362949107629959,0.26194373002883636,0.0,True,True,,False,SCRE-Pareto probability ranking,6
heloc,validation,V2 final locked policy ranking,0.36,886,403,544,141,0.33399822695035464,0.2504116008105369,0.0,True,True,same probability ranker as V2 locked manual-review policy,False,SCRE-Pareto probability ranking,2
heloc,validation,Best CatBoost probability ranking,0.36,877,391,556,150,0.3328584093211753,0.2504116008105369,0.0,True,True,,False,SCRE-Pareto probability ranking,4
heloc,validation,Best Scorecard probability ranking,0.36,886,403,544,141,0.33399822695035464,0.2504116008105369,0.0,True,True,,False,SCRE-Pareto probability ranking,2
heloc,validation,Best literature reproduction model,0.36,877,391,556,150,0.3328584093211753,0.2504116008105369,0.0,True,True,Best literature reproduction: CatBoost Balanced proxy,False,SCRE-Pareto probability ranking,4
heloc,validation,SCRE-Optimized probability ranking,0.36,975,599,348,52,0.323233282674772,0.2504116008105369,0.0,True,True,weights renormalized over available components,False,SCRE-Pareto probability ranking,7
heloc,validation,SCRE-Pareto probability ranking,0.36,901,426,521,126,0.3350430597771023,0.2504116008105369,0.0,True,True,weights renormalized over available components,False,SCRE-Pareto probability ranking,1
heloc,validation,Best EBM/monotonic model: EBM,0.36,862,368,579,165,0.33181357649442755,0.2504116008105369,0.0,True,True,,False,SCRE-Pareto probability ranking,6
heloc,validation,V2 final locked policy ranking,0.37,877,393,554,150,0.3273507984754185,0.238513372251974,0.0,True,True,same probability ranker as V2 locked manual-review policy,False,SCRE-Pareto probability ranking,2
heloc,validation,Best CatBoost probability ranking,0.37,868,380,567,159,0.32665926890850905,0.238513372251974,0.0,True,True,,False,SCRE-Pareto probability ranking,4
heloc,validation,Best Scorecard probability ranking,0.37,877,393,554,150,0.3273507984754185,0.238513372251974,0.0,True,True,,False,SCRE-Pareto probability ranking,2
heloc,validation,Best literature reproduction model,0.37,868,380,567,159,0.32665926890850905,0.238513372251974,0.0,True,True,Best literature reproduction: CatBoost Balanced proxy,False,SCRE-Pareto probability ranking,4
heloc,validation,SCRE-Optimized probability ranking,0.37,969,575,372,58,0.31980830157121953,0.238513372251974,0.0,True,True,weights renormalized over available components,False,SCRE-Pareto probability ranking,7
heloc,validation,SCRE-Pareto probability ranking,0.37,893,414,533,134,0.32920827905630334,0.238513372251974,0.0,True,True,weights renormalized over available components,False,SCRE-Pareto probability ranking,1
heloc,validation,Best EBM/monotonic model: EBM,0.37,841,355,592,186,0.32041942072337204,0.238513372251974,0.0,True,True,,False,SCRE-Pareto probability ranking,6
heloc,validation,V2 final locked policy ranking,0.38,869,383,564,158,0.3213060103931758,0.22623132986894134,0.0,True,True,same probability ranker as V2 locked manual-review policy,False,SCRE-Pareto probability ranking,2
heloc,validation,Best CatBoost probability ranking,0.38,861,374,573,166,0.32004771709644736,0.22623132986894134,0.0,True,True,,False,SCRE-Pareto probability ranking,4
heloc,validation,Best Scorecard probability ranking,0.38,869,383,564,158,0.3213060103931758,0.22623132986894134,0.0,True,True,,False,SCRE-Pareto probability ranking,2
heloc,validation,Best literature reproduction model,0.38,861,374,573,166,0.32004771709644736,0.22623132986894134,0.0,True,True,Best literature reproduction: CatBoost Balanced proxy,False,SCRE-Pareto probability ranking,4
heloc,validation,SCRE-Optimized probability ranking,0.38,962,551,396,65,0.316256495734876,0.22623132986894134,0.0,True,True,weights renormalized over available components,False,SCRE-Pareto probability ranking,6
heloc,validation,SCRE-Pareto probability ranking,0.38,882,401,546,145,0.32230284014772687,0.22623132986894134,0.0,True,True,weights renormalized over available components,False,SCRE-Pareto probability ranking,1
heloc,validation,Best EBM/monotonic model: EBM,0.38,841,355,592,186,0.3158152760074517,0.22623132986894134,0.0,True,True,,False,SCRE-Pareto probability ranking,7
heloc,validation,V2 final locked policy ranking,0.39,865,369,578,162,0.31868387396814324,0.21354659757171085,0.0,True,True,same probability ranker as V2 locked manual-review policy,False,V2 final locked policy ranking; Best Scorecard probability ranking,1
heloc,validation,Best CatBoost probability ranking,0.39,855,370,577,172,0.3132941352334446,0.21354659757171085,0.0,True,True,,False,V2 final locked policy ranking; Best Scorecard probability ranking,5
heloc,validation,Best Scorecard probability ranking,0.39,865,369,578,162,0.31868387396814324,0.21354659757171085,0.0,True,True,,False,V2 final locked policy ranking; Best Scorecard probability ranking,1
heloc,validation,Best literature reproduction model,0.39,855,370,577,172,0.3132941352334446,0.21354659757171085,0.0,True,True,Best literature reproduction: CatBoost Balanced proxy,False,V2 final locked policy ranking; Best Scorecard probability ranking,5
heloc,validation,SCRE-Optimized probability ranking,0.39,959,531,416,68,0.3138339395751324,0.21354659757171085,0.0,True,True,weights renormalized over available components,False,V2 final locked policy ranking; Best Scorecard probability ranking,4
heloc,validation,SCRE-Pareto probability ranking,0.39,876,387,560,151,0.31842642882056904,0.21354659757171085,0.0,True,True,weights renormalized over available components,False,V2 final locked policy ranking; Best Scorecard probability ranking,3
heloc,validation,Best EBM/monotonic model: EBM,0.39,841,355,592,186,0.3110601757270749,0.21354659757171085,0.0,True,True,,False,V2 final locked policy ranking; Best Scorecard probability ranking,7
heloc,validation,V2 final locked policy ranking,0.4,857,359,588,170,0.3129010469436001,0.2004390408645727,0.0,True,True,same probability ranker as V2 locked manual-review policy,False,V2 final locked policy ranking; Best Scorecard probability ranking,1
heloc,validation,Best CatBoost probability ranking,0.4,853,367,580,174,0.30817291455589324,0.2004390408645727,0.0,True,True,,False,V2 final locked policy ranking; Best Scorecard probability ranking,4
heloc,validation,Best Scorecard probability ranking,0.4,857,359,588,170,0.3129010469436001,0.2004390408645727,0.0,True,True,,False,V2 final locked policy ranking; Best Scorecard probability ranking,1
heloc,validation,Best literature reproduction model,0.4,853,367,580,174,0.30817291455589324,0.2004390408645727,0.0,True,True,Best literature reproduction: CatBoost Balanced proxy,False,V2 final locked policy ranking; Best Scorecard probability ranking,4
heloc,validation,SCRE-Optimized probability ranking,0.4,949,512,435,78,0.3078351908139142,0.2004390408645727,0.0,True,True,weights renormalized over available components,False,V2 final locked policy ranking; Best Scorecard probability ranking,6
heloc,validation,SCRE-Pareto probability ranking,0.4,866,373,574,161,0.3127321850726106,0.2004390408645727,0.0,True,True,weights renormalized over available components,False,V2 final locked policy ranking; Best Scorecard probability ranking,3
heloc,validation,Best EBM/monotonic model: EBM,0.4,841,355,592,186,0.30614657210401885,0.2004390408645727,0.0,True,True,,False,V2 final locked policy ranking; Best Scorecard probability ranking,7
heloc,validation,V2 final locked policy ranking,0.41,851,354,593,176,0.306484295845998,0.1868871602012605,0.0,True,True,same probability ranker as V2 locked manual-review policy,False,SCRE-Pareto probability ranking,2
heloc,validation,Best CatBoost probability ranking,0.41,839,352,595,188,0.301109336630433,0.1868871602012605,0.0,True,True,,False,SCRE-Pareto probability ranking,5
heloc,validation,Best Scorecard probability ranking,0.41,851,354,593,176,0.306484295845998,0.1868871602012605,0.0,True,True,,False,SCRE-Pareto probability ranking,2
heloc,validation,Best literature reproduction model,0.41,839,352,595,188,0.301109336630433,0.1868871602012605,0.0,True,True,Best literature reproduction: CatBoost Balanced proxy,False,SCRE-Pareto probability ranking,5
heloc,validation,SCRE-Optimized probability ranking,0.41,942,493,454,85,0.30365085089210586,0.1868871602012605,0.0,True,True,weights renormalized over available components,False,SCRE-Pareto probability ranking,4
heloc,validation,SCRE-Pareto probability ranking,0.41,862,368,579,165,0.3071282606082462,0.1868871602012605,0.0,True,True,weights renormalized over available components,False,SCRE-Pareto probability ranking,1
heloc,validation,Best EBM/monotonic model: EBM,0.41,841,355,592,186,0.30106640564628306,0.1868871602012605,0.0,True,True,,False,SCRE-Pareto probability ranking,7
heloc,validation,V2 final locked policy ranking,0.42,845,346,601,182,0.30113894420570875,0.1728679733081787,0.0,True,True,same probability ranker as V2 locked manual-review policy,False,V2 final locked policy ranking; Best Scorecard probability ranking,1
heloc,validation,Best CatBoost probability ranking,0.42,834,348,599,193,0.2948328267477204,0.1728679733081787,0.0,True,True,,False,V2 final locked policy ranking; Best Scorecard probability ranking,6
heloc,validation,Best Scorecard probability ranking,0.42,845,346,601,182,0.30113894420570875,0.1728679733081787,0.0,True,True,,False,V2 final locked policy ranking; Best Scorecard probability ranking,1
heloc,validation,Best literature reproduction model,0.42,834,348,599,193,0.2948328267477204,0.1728679733081787,0.0,True,True,Best literature reproduction: CatBoost Balanced proxy,False,V2 final locked policy ranking; Best Scorecard probability ranking,6
heloc,validation,SCRE-Optimized probability ranking,0.42,932,475,472,95,0.29788980889494465,0.1728679733081787,0.0,True,True,weights renormalized over available components,False,V2 final locked policy ranking; Best Scorecard probability ranking,4
heloc,validation,SCRE-Pareto probability ranking,0.42,852,357,590,175,0.3006498270621528,0.1728679733081787,0.0,True,True,weights renormalized over available components,False,V2 final locked policy ranking; Best Scorecard probability ranking,3
heloc,validation,Best EBM/monotonic model: EBM,0.42,841,355,592,186,0.2958110610348321,0.1728679733081787,0.0,True,True,,False,V2 final locked policy ranking; Best Scorecard probability ranking,5
heloc,validation,V2 final locked policy ranking,0.43,836,337,610,191,0.29471728967809596,0.15835688512060292,0.0,True,True,same probability ranker as V2 locked manual-review policy,False,SCRE-Optimized probability ranking,3
heloc,validation,Best CatBoost probability ranking,0.43,834,345,602,193,0.29064682984055884,0.15835688512060292,0.0,True,True,,False,SCRE-Optimized probability ranking,5
heloc,validation,Best Scorecard probability ranking,0.43,836,337,610,191,0.29471728967809596,0.15835688512060292,0.0,True,True,,False,SCRE-Optimized probability ranking,3
heloc,validation,Best literature reproduction model,0.43,834,345,602,193,0.29064682984055884,0.15835688512060292,0.0,True,True,Best literature reproduction: CatBoost Balanced proxy,False,SCRE-Optimized probability ranking,5
heloc,validation,SCRE-Optimized probability ranking,0.43,926,454,493,101,0.2955971489006204,0.15835688512060292,0.0,True,True,weights renormalized over available components,False,SCRE-Optimized probability ranking,1
heloc,validation,SCRE-Pareto probability ranking,0.43,842,344,603,185,0.2950816758207576,0.15835688512060292,0.0,True,True,weights renormalized over available components,False,SCRE-Optimized probability ranking,2
heloc,validation,Best EBM/monotonic model: EBM,0.43,841,355,592,186,0.29037131836683905,0.15835688512060292,0.0,True,True,,False,SCRE-Optimized probability ranking,7
heloc,validation,V2 final locked policy ranking,0.44,829,328,619,198,0.2894051237516283,0.1433275437834708,0.0,True,True,same probability ranker as V2 locked manual-review policy,False,SCRE-Optimized probability ranking,3
heloc,validation,Best CatBoost probability ranking,0.44,830,341,606,197,0.28473729917498913,0.1433275437834708,0.0,True,True,,False,SCRE-Optimized probability ranking,5
heloc,validation,Best Scorecard probability ranking,0.44,829,328,619,198,0.2894051237516283,0.1433275437834708,0.0,True,True,,False,SCRE-Optimized probability ranking,3
heloc,validation,Best literature reproduction model,0.44,830,341,606,197,0.28473729917498913,0.1433275437834708,0.0,True,True,Best literature reproduction: CatBoost Balanced proxy,False,SCRE-Optimized probability ranking,5
heloc,validation,SCRE-Optimized probability ranking,0.44,920,433,514,107,0.2937111014618613,0.1433275437834708,0.0,True,True,weights renormalized over available components,False,SCRE-Optimized probability ranking,1
heloc,validation,SCRE-Pareto probability ranking,0.44,836,336,611,191,0.28976697061803447,0.1433275437834708,0.0,True,True,weights renormalized over available components,False,SCRE-Optimized probability ranking,2
heloc,validation,Best EBM/monotonic model: EBM,0.44,841,355,592,186,0.28473729917498913,0.1433275437834708,0.0,True,True,,False,SCRE-Optimized probability ranking,5
heloc,validation,V2 final locked policy ranking,0.45,816,318,629,211,0.2815694943354518,0.1277516809431703,0.0,True,True,same probability ranker as V2 locked manual-review policy,False,SCRE-Optimized probability ranking,3
heloc,validation,Best CatBoost probability ranking,0.45,822,326,621,205,0.2812931749101962,0.1277516809431703,0.0,True,True,,False,SCRE-Optimized probability ranking,5
heloc,validation,Best Scorecard probability ranking,0.45,816,318,629,211,0.2815694943354518,0.1277516809431703,0.0,True,True,,False,SCRE-Optimized probability ranking,3
heloc,validation,Best literature reproduction model,0.45,822,326,621,205,0.2812931749101962,0.1277516809431703,0.0,True,True,Best literature reproduction: CatBoost Balanced proxy,False,SCRE-Optimized probability ranking,5
heloc,validation,SCRE-Optimized probability ranking,0.45,913,420,527,114,0.28843142672929906,0.1277516809431703,0.0,True,True,weights renormalized over available components,False,SCRE-Optimized probability ranking,1
heloc,validation,SCRE-Pareto probability ranking,0.45,832,323,624,195,0.2876024684535323,0.1277516809431703,0.0,True,True,weights renormalized over available components,False,SCRE-Optimized probability ranking,2
heloc,validation,Best EBM/monotonic model: EBM,0.45,841,355,592,186,0.27889840655798104,0.1277516809431703,0.0,True,True,,False,SCRE-Optimized probability ranking,7
heloc,validation,V2 final locked policy ranking,0.46,810,306,641,217,0.27828436339074636,0.11159893429396966,0.0,True,True,same probability ranker as V2 locked manual-review policy,False,SCRE-Optimized probability ranking,5
heloc,validation,Best CatBoost probability ranking,0.46,815,311,636,212,0.27865961199294537,0.11159893429396966,0.0,True,True,,False,SCRE-Optimized probability ranking,3
heloc,validation,Best Scorecard probability ranking,0.46,810,306,641,217,0.27828436339074636,0.11159893429396966,0.0,True,True,,False,SCRE-Optimized probability ranking,5
heloc,validation,Best literature reproduction model,0.46,815,311,636,212,0.27865961199294537,0.11159893429396966,0.0,True,True,Best literature reproduction: CatBoost Balanced proxy,False,SCRE-Optimized probability ranking,3
heloc,validation,SCRE-Optimized probability ranking,0.46,903,405,542,124,0.2826747720364742,0.11159893429396966,0.0,True,True,weights renormalized over available components,False,SCRE-Optimized probability ranking,1
heloc,validation,SCRE-Pareto probability ranking,0.46,825,315,632,202,0.2819993245525161,0.11159893429396966,0.0,True,True,weights renormalized over available components,False,SCRE-Optimized probability ranking,2
heloc,validation,Best EBM/monotonic model: EBM,0.46,728,236,711,299,0.2669518556043379,0.11159893429396966,0.0,True,True,,False,SCRE-Optimized probability ranking,7
heloc,validation,V2 final locked policy ranking,0.47,800,300,647,227,0.2704976008870027,0.0948366500353654,0.0,True,True,same probability ranker as V2 locked manual-review policy,False,SCRE-Pareto probability ranking,5
heloc,validation,Best CatBoost probability ranking,0.47,808,298,649,219,0.2754487583873373,0.0948366500353654,0.0,True,True,,False,SCRE-Pareto probability ranking,2
heloc,validation,Best Scorecard probability ranking,0.47,800,300,647,227,0.2704976008870027,0.0948366500353654,0.0,True,True,,False,SCRE-Pareto probability ranking,5
heloc,validation,Best literature reproduction model,0.47,808,298,649,219,0.2754487583873373,0.0948366500353654,0.0,True,True,Best literature reproduction: CatBoost Balanced proxy,False,SCRE-Pareto probability ranking,2
heloc,validation,SCRE-Optimized probability ranking,0.47,886,391,556,141,0.2731834604576475,0.0948366500353654,0.0,True,True,weights renormalized over available components,False,SCRE-Pareto probability ranking,4
heloc,validation,SCRE-Pareto probability ranking,0.47,819,304,643,208,0.27832578234023436,0.0948366500353654,0.0,True,True,weights renormalized over available components,False,SCRE-Pareto probability ranking,1
heloc,validation,Best EBM/monotonic model: EBM,0.47,688,201,746,339,0.2582344057655178,0.0948366500353654,0.0,True,True,,False,SCRE-Pareto probability ranking,7
heloc,validation,V2 final locked policy ranking,0.48,792,292,655,235,0.26467149871405193,0.0774296625360455,0.0,True,True,same probability ranker as V2 locked manual-review policy,False,SCRE-Pareto probability ranking,5
heloc,validation,Best CatBoost probability ranking,0.48,805,296,651,222,0.2693866417270673,0.0774296625360455,0.0,True,True,,False,SCRE-Pareto probability ranking,3
heloc,validation,Best Scorecard probability ranking,0.48,792,292,655,235,0.26467149871405193,0.0774296625360455,0.0,True,True,,False,SCRE-Pareto probability ranking,5
heloc,validation,Best literature reproduction model,0.48,805,296,651,222,0.2693866417270673,0.0774296625360455,0.0,True,True,Best literature reproduction: CatBoost Balanced proxy,False,SCRE-Pareto probability ranking,3
heloc,validation,SCRE-Optimized probability ranking,0.48,885,380,567,142,0.27063362169745153,0.0774296625360455,0.0,True,True,weights renormalized over available components,False,SCRE-Pareto probability ranking,2
heloc,validation,SCRE-Pareto probability ranking,0.48,811,292,655,216,0.2742966253604552,0.0774296625360455,0.0,True,True,weights renormalized over available components,False,SCRE-Pareto probability ranking,1
heloc,validation,Best EBM/monotonic model: EBM,0.48,688,200,747,339,0.2550074039435742,0.0774296625360455,0.0,True,True,,False,SCRE-Pareto probability ranking,7
heloc,validation,V2 final locked policy ranking,0.49,779,281,666,248,0.2578620100522479,0.05934004807596793,0.0,True,True,same probability ranker as V2 locked manual-review policy,False,SCRE-Pareto probability ranking,5
heloc,validation,Best CatBoost probability ranking,0.49,789,281,666,238,0.2629278661819338,0.05934004807596793,0.0,True,True,,False,SCRE-Pareto probability ranking,2
heloc,validation,Best Scorecard probability ranking,0.49,779,281,666,248,0.2578620100522479,0.05934004807596793,0.0,True,True,,False,SCRE-Pareto probability ranking,5
heloc,validation,Best literature reproduction model,0.49,789,281,666,238,0.2629278661819338,0.05934004807596793,0.0,True,True,Best literature reproduction: CatBoost Balanced proxy,False,SCRE-Pareto probability ranking,2
heloc,validation,SCRE-Optimized probability ranking,0.49,873,373,574,154,0.26070286270536586,0.05934004807596793,0.0,True,True,weights renormalized over available components,False,SCRE-Pareto probability ranking,4
heloc,validation,SCRE-Pareto probability ranking,0.49,802,282,665,225,0.2690267596400262,0.05934004807596793,0.0,True,True,weights renormalized over available components,False,SCRE-Pareto probability ranking,1
heloc,validation,Best EBM/monotonic model: EBM,0.49,688,200,747,339,0.2511869996225441,0.05934004807596793,0.0,True,True,,False,SCRE-Pareto probability ranking,7
heloc,validation,V2 final locked policy ranking,0.5,775,272,675,252,0.2548125633232016,0.04052684903748727,0.0,True,True,same probability ranker as V2 locked manual-review policy,False,SCRE-Pareto probability ranking,5
heloc,validation,Best CatBoost probability ranking,0.5,785,275,672,242,0.25835866261398177,0.04052684903748727,0.0,True,True,,False,SCRE-Pareto probability ranking,2
heloc,validation,Best Scorecard probability ranking,0.5,775,272,675,252,0.2548125633232016,0.04052684903748727,0.0,True,True,,False,SCRE-Pareto probability ranking,5
heloc,validation,Best literature reproduction model,0.5,785,275,672,242,0.25835866261398177,0.04052684903748727,0.0,True,True,Best literature reproduction: CatBoost Balanced proxy,False,SCRE-Pareto probability ranking,2
heloc,validation,SCRE-Optimized probability ranking,0.5,867,361,586,160,0.2563323201621074,0.04052684903748727,0.0,True,True,weights renormalized over available components,False,SCRE-Pareto probability ranking,4
heloc,validation,SCRE-Pareto probability ranking,0.5,794,275,672,233,0.2629179331306991,0.04052684903748727,0.0,True,True,weights renormalized over available components,False,SCRE-Pareto probability ranking,1
heloc,validation,Best EBM/monotonic model: EBM,0.5,687,200,747,340,0.24670719351570414,0.04052684903748727,0.0,True,True,,False,SCRE-Pareto probability ranking,7
heloc,validation,V2 final locked policy ranking,0.51,760,264,683,267,0.24580774559063748,0.020945764323966554,0.0,True,True,same probability ranker as V2 locked manual-review policy,False,SCRE-Pareto probability ranking,5
heloc,validation,Best CatBoost probability ranking,0.51,769,261,686,258,0.25194880383764445,0.020945764323966554,0.0,True,True,,False,SCRE-Pareto probability ranking,2
heloc,validation,Best Scorecard probability ranking,0.51,760,264,683,267,0.24580774559063748,0.020945764323966554,0.0,True,True,,False,SCRE-Pareto probability ranking,5
heloc,validation,Best literature reproduction model,0.51,769,261,686,258,0.25194880383764445,0.020945764323966554,0.0,True,True,Best literature reproduction: CatBoost Balanced proxy,False,SCRE-Pareto probability ranking,2
heloc,validation,SCRE-Optimized probability ranking,0.51,856,348,599,171,0.25014990798751113,0.020945764323966554,0.0,True,True,weights renormalized over available components,False,SCRE-Pareto probability ranking,4
heloc,validation,SCRE-Pareto probability ranking,0.51,783,265,682,244,0.2569319521121518,0.020945764323966554,0.0,True,True,weights renormalized over available components,False,SCRE-Pareto probability ranking,1
heloc,validation,Best EBM/monotonic model: EBM,0.51,687,200,747,340,0.24257180075677687,0.020945764323966554,0.0,True,True,,False,SCRE-Pareto probability ranking,7
heloc,validation,V2 final locked policy ranking,0.52,752,257,690,275,0.23991050320837548,0.0005488010807158661,0.0,True,True,same probability ranker as V2 locked manual-review policy,False,SCRE-Pareto probability ranking,5
heloc,validation,Best CatBoost probability ranking,0.52,761,257,690,266,0.24446977372509282,0.0005488010807158661,0.0,True,True,,False,SCRE-Pareto probability ranking,3
heloc,validation,Best Scorecard probability ranking,0.52,752,257,690,275,0.23991050320837548,0.0005488010807158661,0.0,True,True,,False,SCRE-Pareto probability ranking,5
heloc,validation,Best literature reproduction model,0.52,761,257,690,266,0.24446977372509282,0.0005488010807158661,0.0,True,True,Best literature reproduction: CatBoost Balanced proxy,False,SCRE-Pareto probability ranking,3
heloc,validation,SCRE-Optimized probability ranking,0.52,847,335,612,180,0.24522965214454576,0.0005488010807158661,0.0,True,True,weights renormalized over available components,False,SCRE-Pareto probability ranking,2
heloc,validation,SCRE-Pareto probability ranking,0.52,775,254,693,252,0.25320837554880105,0.0005488010807158661,0.0,True,True,weights renormalized over available components,False,SCRE-Pareto probability ranking,1
heloc,validation,Best EBM/monotonic model: EBM,0.52,687,200,747,340,0.2382640999662276,0.0005488010807158661,0.0,True,True,,False,SCRE-Pareto probability ranking,7
heloc,validation,V2 final locked policy ranking,0.53,744,246,701,283,0.2363706913276854,-0.02071611804522644,0.0,True,True,same probability ranker as V2 locked manual-review policy,False,SCRE-Pareto probability ranking,5
heloc,validation,Best CatBoost probability ranking,0.53,746,247,700,281,0.2368126064368708,-0.02071611804522644,0.0,True,True,,False,SCRE-Pareto probability ranking,3
heloc,validation,Best Scorecard probability ranking,0.53,744,246,701,283,0.2363706913276854,-0.02071611804522644,0.0,True,True,,False,SCRE-Pareto probability ranking,5
heloc,validation,Best literature reproduction model,0.53,746,247,700,281,0.2368126064368708,-0.02071611804522644,0.0,True,True,Best literature reproduction: CatBoost Balanced proxy,False,SCRE-Pareto probability ranking,3
heloc,validation,SCRE-Optimized probability ranking,0.53,840,327,620,187,0.2387311647157731,-0.02071611804522644,0.0,True,True,weights renormalized over available components,False,SCRE-Pareto probability ranking,2
heloc,validation,SCRE-Pareto probability ranking,0.53,768,246,701,259,0.2485287460389316,-0.02071611804522644,0.0,True,True,weights renormalized over available components,False,SCRE-Pareto probability ranking,1
heloc,validation,Best EBM/monotonic model: EBM,0.53,687,200,747,340,0.23377309275905922,-0.02071611804522644,0.0,True,True,,False,SCRE-Pareto probability ranking,7
heloc,validation,V2 final locked policy ranking,0.54,736,240,707,291,0.23012202105634114,-0.0429055988722965,0.0,True,True,same probability ranker as V2 locked manual-review policy,False,SCRE-Pareto probability ranking,5
heloc,validation,Best CatBoost probability ranking,0.54,736,235,712,291,0.23309545834985243,-0.0429055988722965,0.0,True,True,,False,SCRE-Pareto probability ranking,3
heloc,validation,Best Scorecard probability ranking,0.54,736,240,707,291,0.23012202105634114,-0.0429055988722965,0.0,True,True,,False,SCRE-Pareto probability ranking,5
heloc,validation,Best literature reproduction model,0.54,736,235,712,291,0.23309545834985243,-0.0429055988722965,0.0,True,True,Best literature reproduction: CatBoost Balanced proxy,False,SCRE-Pareto probability ranking,3
heloc,validation,SCRE-Optimized probability ranking,0.54,836,313,634,191,0.23736839786793532,-0.0429055988722965,0.0,True,True,weights renormalized over available components,False,SCRE-Pareto probability ranking,2
heloc,validation,SCRE-Pareto probability ranking,0.54,764,236,711,263,0.2466851680542707,-0.0429055988722965,0.0,True,True,weights renormalized over available components,False,SCRE-Pareto probability ranking,1
heloc,validation,Best EBM/monotonic model: EBM,0.54,687,200,747,340,0.2290868243689705,-0.0429055988722965,0.0,True,True,,False,SCRE-Pareto probability ranking,7
heloc,validation,V2 final locked policy ranking,0.55,725,232,715,302,0.22362940448046828,-0.06608127884723647,0.0,True,True,same probability ranker as V2 locked manual-review policy,False,SCRE-Pareto probability ranking,6
heloc,validation,Best CatBoost probability ranking,0.55,730,229,718,297,0.22801981312619604,-0.06608127884723647,0.0,True,True,,False,SCRE-Pareto probability ranking,3
heloc,validation,Best Scorecard probability ranking,0.55,725,232,715,302,0.22362940448046828,-0.06608127884723647,0.0,True,True,,False,SCRE-Pareto probability ranking,6
heloc,validation,Best literature reproduction model,0.55,730,229,718,297,0.22801981312619604,-0.06608127884723647,0.0,True,True,Best literature reproduction: CatBoost Balanced proxy,False,SCRE-Pareto probability ranking,3
heloc,validation,SCRE-Optimized probability ranking,0.55,829,299,648,198,0.23483057525610712,-0.06608127884723647,0.0,True,True,weights renormalized over available components,False,SCRE-Pareto probability ranking,2
heloc,validation,SCRE-Pareto probability ranking,0.55,754,228,719,273,0.24079702803107053,-0.06608127884723647,0.0,True,True,weights renormalized over available components,False,SCRE-Pareto probability ranking,1
heloc,validation,Best EBM/monotonic model: EBM,0.55,686,200,747,341,0.2236856917707981,-0.06608127884723647,0.0,True,True,,False,SCRE-Pareto probability ranking,5
heloc,validation,V2 final locked policy ranking,0.56,714,224,723,313,0.21727917472598324,-0.09031039882103731,0.0,True,True,same probability ranker as V2 locked manual-review policy,False,SCRE-Pareto probability ranking,6
heloc,validation,Best CatBoost probability ranking,0.56,712,219,728,315,0.219489730128028,-0.09031039882103731,0.0,True,True,,False,SCRE-Pareto probability ranking,3
heloc,validation,Best Scorecard probability ranking,0.56,714,224,723,313,0.21727917472598324,-0.09031039882103731,0.0,True,True,,False,SCRE-Pareto probability ranking,6
heloc,validation,Best literature reproduction model,0.56,712,219,728,315,0.219489730128028,-0.09031039882103731,0.0,True,True,Best literature reproduction: CatBoost Balanced proxy,False,SCRE-Pareto probability ranking,3
heloc,validation,SCRE-Optimized probability ranking,0.56,820,292,655,207,0.22713456756009945,-0.09031039882103731,0.0,True,True,weights renormalized over available components,False,SCRE-Pareto probability ranking,2
heloc,validation,SCRE-Pareto probability ranking,0.56,740,219,728,287,0.23367412729114853,-0.09031039882103731,0.0,True,True,weights renormalized over available components,False,SCRE-Pareto probability ranking,1
heloc,validation,Best EBM/monotonic model: EBM,0.56,686,200,747,341,0.218568665377176,-0.09031039882103731,0.0,True,True,,False,SCRE-Pareto probability ranking,5
heloc,validation,V2 final locked policy ranking,0.57,701,214,733,326,0.2114111354586367,-0.11566645460757274,0.0,True,True,same probability ranker as V2 locked manual-review policy,False,SCRE-Pareto probability ranking,6
heloc,validation,Best CatBoost probability ranking,0.57,703,212,735,324,0.21376734761197902,-0.11566645460757274,0.0,True,True,,False,SCRE-Pareto probability ranking,3
heloc,validation,Best Scorecard probability ranking,0.57,701,214,733,326,0.2114111354586367,-0.11566645460757274,0.0,True,True,,False,SCRE-Pareto probability ranking,6
heloc,validation,Best literature reproduction model,0.57,703,212,735,324,0.21376734761197902,-0.11566645460757274,0.0,True,True,Best literature reproduction: CatBoost Balanced proxy,False,SCRE-Pareto probability ranking,3
heloc,validation,SCRE-Optimized probability ranking,0.57,810,278,669,217,0.22365165759524988,-0.11566645460757274,0.0,True,True,weights renormalized over available components,False,SCRE-Pareto probability ranking,2
heloc,validation,SCRE-Pareto probability ranking,0.57,725,210,737,302,0.22625527202469312,-0.11566645460757274,0.0,True,True,weights renormalized over available components,False,SCRE-Pareto probability ranking,1
heloc,validation,Best EBM/monotonic model: EBM,0.57,686,200,747,341,0.2132136377559436,-0.11566645460757274,0.0,True,True,,False,SCRE-Pareto probability ranking,5
heloc,validation,V2 final locked policy ranking,0.58,690,204,743,337,0.20683166883774792,-0.14222994162203884,0.0,True,True,same probability ranker as V2 locked manual-review policy,False,SCRE-Pareto probability ranking,6
heloc,validation,Best CatBoost probability ranking,0.58,698,206,741,329,0.20948521252472624,-0.14222994162203884,0.0,True,True,,False,SCRE-Pareto probability ranking,3
heloc,validation,Best Scorecard probability ranking,0.58,690,204,743,337,0.20683166883774792,-0.14222994162203884,0.0,True,True,,False,SCRE-Pareto probability ranking,6
heloc,validation,Best literature reproduction model,0.58,698,206,741,329,0.20948521252472624,-0.14222994162203884,0.0,True,True,Best literature reproduction: CatBoost Balanced proxy,False,SCRE-Pareto probability ranking,3
heloc,validation,SCRE-Optimized probability ranking,0.58,797,266,681,230,0.21766295170550493,-0.14222994162203884,0.0,True,True,weights renormalized over available components,False,SCRE-Pareto probability ranking,2
heloc,validation,SCRE-Pareto probability ranking,0.58,717,200,747,310,0.2233077628214407,-0.14222994162203884,0.0,True,True,weights renormalized over available components,False,SCRE-Pareto probability ranking,1
heloc,validation,Best EBM/monotonic model: EBM,0.58,686,200,747,341,0.20760360881941434,-0.14222994162203884,0.0,True,True,,False,SCRE-Pareto probability ranking,5
heloc,validation,V2 final locked policy ranking,0.59,680,198,749,347,0.20013838436256703,-0.17008920849086906,0.0,True,True,same probability ranker as V2 locked manual-review policy,False,SCRE-Pareto probability ranking,6
heloc,validation,Best CatBoost probability ranking,0.59,697,199,748,330,0.20802135073022468,-0.17008920849086906,0.0,True,True,,False,SCRE-Pareto probability ranking,3
heloc,validation,Best Scorecard probability ranking,0.59,680,198,749,347,0.20013838436256703,-0.17008920849086906,0.0,True,True,,False,SCRE-Pareto probability ranking,6
heloc,validation,Best literature reproduction model,0.59,697,199,748,330,0.20802135073022468,-0.17008920849086906,0.0,True,True,Best literature reproduction: CatBoost Balanced proxy,False,SCRE-Pareto probability ranking,3
heloc,validation,SCRE-Optimized probability ranking,0.59,789,252,695,238,0.2159908073244867,-0.17008920849086906,0.0,True,True,weights renormalized over available components,False,SCRE-Pareto probability ranking,2
heloc,validation,SCRE-Pareto probability ranking,0.59,704,192,755,323,0.216670373390664,-0.17008920849086906,0.0,True,True,weights renormalized over available components,False,SCRE-Pareto probability ranking,1
heloc,validation,Best EBM/monotonic model: EBM,0.59,666,186,761,361,0.20179405441470832,-0.17008920849086906,0.0,True,True,,False,SCRE-Pareto probability ranking,5
heloc,validation,V2 final locked policy ranking,0.6,669,190,757,358,0.19452887537993924,-0.1993414387031408,0.0,True,True,same probability ranker as V2 locked manual-review policy,False,SCRE-Optimized probability ranking,6
heloc,validation,Best CatBoost probability ranking,0.6,678,188,759,349,0.20060790273556237,-0.1993414387031408,0.0,True,True,,False,SCRE-Optimized probability ranking,3
heloc,validation,Best Scorecard probability ranking,0.6,669,190,757,358,0.19452887537993924,-0.1993414387031408,0.0,True,True,,False,SCRE-Optimized probability ranking,6
heloc,validation,Best literature reproduction model,0.6,678,188,759,349,0.20060790273556237,-0.1993414387031408,0.0,True,True,Best literature reproduction: CatBoost Balanced proxy,False,SCRE-Optimized probability ranking,3
heloc,validation,SCRE-Optimized probability ranking,0.6,777,242,705,250,0.209726443768997,-0.1993414387031408,0.0,True,True,weights renormalized over available components,False,SCRE-Optimized probability ranking,1
heloc,validation,SCRE-Pareto probability ranking,0.6,689,185,762,338,0.20845997973657548,-0.1993414387031408,0.0,True,True,weights renormalized over available components,False,SCRE-Optimized probability ranking,2
heloc,validation,Best EBM/monotonic model: EBM,0.6,666,186,761,361,0.19604863221884503,-0.1993414387031408,0.0,True,True,,False,SCRE-Optimized probability ranking,5
heloc,validation,V2 final locked policy ranking,0.61,656,180,767,371,0.18969682799470036,-0.23009378328527275,0.0,True,True,same probability ranker as V2 locked manual-review policy,False,SCRE-Optimized probability ranking,6
heloc,validation,Best CatBoost probability ranking,0.61,652,162,785,375,0.20193281895409557,-0.23009378328527275,0.0,True,True,,False,SCRE-Optimized probability ranking,3
heloc,validation,Best Scorecard probability ranking,0.61,656,180,767,371,0.18969682799470036,-0.23009378328527275,0.0,True,True,,False,SCRE-Optimized probability ranking,6
heloc,validation,Best literature reproduction model,0.61,652,162,785,375,0.20193281895409557,-0.23009378328527275,0.0,True,True,Best literature reproduction: CatBoost Balanced proxy,False,SCRE-Optimized probability ranking,3
heloc,validation,SCRE-Optimized probability ranking,0.61,770,230,717,257,0.20782999506403763,-0.23009378328527275,0.0,True,True,weights renormalized over available components,False,SCRE-Optimized probability ranking,1
heloc,validation,SCRE-Pareto probability ranking,0.61,677,177,770,350,0.20271218143558567,-0.23009378328527275,0.0,True,True,weights renormalized over available components,False,SCRE-Optimized probability ranking,2
heloc,validation,Best EBM/monotonic model: EBM,0.61,666,186,761,361,0.19000857298729643,-0.23009378328527275,0.0,True,True,,False,SCRE-Optimized probability ranking,5
heloc,validation,V2 final locked policy ranking,0.62,643,174,773,384,0.18191755985708954,-0.26246467231909565,0.0,True,True,same probability ranker as V2 locked manual-review policy,False,SCRE-Optimized probability ranking,6
heloc,validation,Best CatBoost probability ranking,0.62,649,158,789,378,0.1981816242734496,-0.26246467231909565,0.0,True,True,,False,SCRE-Optimized probability ranking,2
heloc,validation,Best Scorecard probability ranking,0.62,643,174,773,384,0.18191755985708954,-0.26246467231909565,0.0,True,True,,False,SCRE-Optimized probability ranking,6
heloc,validation,Best literature reproduction model,0.62,649,158,789,378,0.1981816242734496,-0.26246467231909565,0.0,True,True,Best literature reproduction: CatBoost Balanced proxy,False,SCRE-Optimized probability ranking,2
heloc,validation,SCRE-Optimized probability ranking,0.62,757,219,728,270,0.20247427078334132,-0.26246467231909565,0.0,True,True,weights renormalized over available components,False,SCRE-Optimized probability ranking,1
heloc,validation,SCRE-Pareto probability ranking,0.62,663,170,777,364,0.19535540980109847,-0.26246467231909565,0.0,True,True,weights renormalized over available components,False,SCRE-Optimized probability ranking,4
heloc,validation,Best EBM/monotonic model: EBM,0.62,632,165,782,395,0.18378392790486858,-0.26246467231909565,0.0,True,True,,False,SCRE-Optimized probability ranking,5
heloc,validation,V2 final locked policy ranking,0.63,624,163,784,403,0.1755113776390372,-0.2965853391385307,0.0,True,True,same probability ranker as V2 locked manual-review policy,False,SCRE-Optimized probability ranking,6
heloc,validation,Best CatBoost probability ranking,0.63,648,157,790,379,0.19284482050439497,-0.2965853391385307,0.0,True,True,,False,SCRE-Optimized probability ranking,3
heloc,validation,Best Scorecard probability ranking,0.63,624,163,784,403,0.1755113776390372,-0.2965853391385307,0.0,True,True,,False,SCRE-Optimized probability ranking,6
heloc,validation,Best literature reproduction model,0.63,648,157,790,379,0.19284482050439497,-0.2965853391385307,0.0,True,True,Best literature reproduction: CatBoost Balanced proxy,False,SCRE-Optimized probability ranking,3
heloc,validation,SCRE-Optimized probability ranking,0.63,743,205,742,284,0.19956734850351873,-0.2965853391385307,0.0,True,True,weights renormalized over available components,False,SCRE-Optimized probability ranking,1
heloc,validation,SCRE-Pareto probability ranking,0.63,656,160,787,371,0.19430981133108796,-0.2965853391385307,0.0,True,True,weights renormalized over available components,False,SCRE-Optimized probability ranking,2
heloc,validation,Best EBM/monotonic model: EBM,0.63,632,165,782,395,0.17783893315808214,-0.2965853391385307,0.0,True,True,,False,SCRE-Optimized probability ranking,5
heloc,validation,V2 final locked policy ranking,0.64,612,156,791,415,0.16953731847348866,-0.3326015985590455,0.0,True,True,same probability ranker as V2 locked manual-review policy,False,SCRE-Optimized probability ranking,6
heloc,validation,Best CatBoost probability ranking,0.64,639,155,792,388,0.18411572666891812,-0.3326015985590455,0.0,True,True,,False,SCRE-Optimized probability ranking,3
heloc,validation,Best Scorecard probability ranking,0.64,612,156,791,415,0.16953731847348866,-0.3326015985590455,0.0,True,True,,False,SCRE-Optimized probability ranking,6
heloc,validation,Best literature reproduction model,0.64,639,155,792,388,0.18411572666891812,-0.3326015985590455,0.0,True,True,Best literature reproduction: CatBoost Balanced proxy,False,SCRE-Optimized probability ranking,3
heloc,validation,SCRE-Optimized probability ranking,0.64,731,194,753,296,0.19559833389620626,-0.3326015985590455,0.0,True,True,weights renormalized over available components,False,SCRE-Optimized probability ranking,1
heloc,validation,SCRE-Pareto probability ranking,0.64,645,151,796,382,0.19075762692783968,-0.3326015985590455,0.0,True,True,weights renormalized over available components,False,SCRE-Optimized probability ranking,2
heloc,validation,Best EBM/monotonic model: EBM,0.64,632,164,783,395,0.17246425757064054,-0.3326015985590455,0.0,True,True,,False,SCRE-Optimized probability ranking,5
heloc,validation,V2 final locked policy ranking,0.65,595,148,799,432,0.16217976552323055,-0.37067592994644694,0.0,True,True,same probability ranker as V2 locked manual-review policy,False,SCRE-Pareto probability ranking,5
heloc,validation,Best CatBoost probability ranking,0.65,634,152,795,393,0.17817339701838178,-0.37067592994644694,0.0,True,True,,False,SCRE-Pareto probability ranking,3
heloc,validation,Best Scorecard probability ranking,0.65,595,148,799,432,0.16217976552323055,-0.37067592994644694,0.0,True,True,,False,SCRE-Pareto probability ranking,5
heloc,validation,Best literature reproduction model,0.65,634,152,795,393,0.17817339701838178,-0.37067592994644694,0.0,True,True,Best literature reproduction: CatBoost Balanced proxy,False,SCRE-Pareto probability ranking,3
heloc,validation,SCRE-Optimized probability ranking,0.65,717,189,758,310,0.18541033434650453,-0.37067592994644694,0.0,True,True,weights renormalized over available components,False,SCRE-Pareto probability ranking,2
heloc,validation,SCRE-Pareto probability ranking,0.65,636,143,804,391,0.18765378491822257,-0.37067592994644694,0.0,True,True,weights renormalized over available components,False,SCRE-Pareto probability ranking,1
heloc,validation,Best EBM/monotonic model: EBM,0.65,573,141,806,454,0.15762049500651323,-0.37067592994644694,0.0,True,True,,False,SCRE-Pareto probability ranking,7
heloc,validation,V2 final locked policy ranking,0.66,578,136,811,449,0.15906788247213777,-0.41098992788604827,0.0,True,True,same probability ranker as V2 locked manual-review policy,False,SCRE-Optimized probability ranking,5
heloc,validation,Best CatBoost probability ranking,0.66,589,132,815,438,0.1685738125037249,-0.41098992788604827,0.0,True,True,,False,SCRE-Optimized probability ranking,3
heloc,validation,Best Scorecard probability ranking,0.66,578,136,811,449,0.15906788247213777,-0.41098992788604827,0.0,True,True,,False,SCRE-Optimized probability ranking,5
heloc,validation,Best literature reproduction model,0.66,589,132,815,438,0.1685738125037249,-0.41098992788604827,0.0,True,True,Best literature reproduction: CatBoost Balanced proxy,False,SCRE-Optimized probability ranking,3
heloc,validation,SCRE-Optimized probability ranking,0.66,703,179,768,324,0.18010608498718636,-0.41098992788604827,0.0,True,True,weights renormalized over available components,False,SCRE-Optimized probability ranking,1
heloc,validation,SCRE-Pareto probability ranking,0.66,618,137,810,409,0.1783479349186483,-0.41098992788604827,0.0,True,True,weights renormalized over available components,False,SCRE-Optimized probability ranking,2
heloc,validation,Best EBM/monotonic model: EBM,0.66,572,141,806,455,0.1511115084331605,-0.41098992788604827,0.0,True,True,,False,SCRE-Optimized probability ranking,7
heloc,validation,V2 final locked policy ranking,0.67,561,126,821,466,0.15460071843050566,-0.4537471984280498,0.0,True,True,same probability ranker as V2 locked manual-review policy,False,SCRE-Optimized probability ranking,5
heloc,validation,Best CatBoost probability ranking,0.67,582,131,816,445,0.1600964047772558,-0.4537471984280498,0.0,True,True,,False,SCRE-Optimized probability ranking,3
heloc,validation,Best Scorecard probability ranking,0.67,561,126,821,466,0.15460071843050566,-0.4537471984280498,0.0,True,True,,False,SCRE-Optimized probability ranking,5
heloc,validation,Best literature reproduction model,0.67,582,131,816,445,0.1600964047772558,-0.4537471984280498,0.0,True,True,Best literature reproduction: CatBoost Balanced proxy,False,SCRE-Optimized probability ranking,3
heloc,validation,SCRE-Optimized probability ranking,0.67,689,168,779,338,0.17624574007552726,-0.4537471984280498,0.0,True,True,weights renormalized over available components,False,SCRE-Optimized probability ranking,1
heloc,validation,SCRE-Pareto probability ranking,0.67,597,127,820,430,0.1718092781922569,-0.4537471984280498,0.0,True,True,weights renormalized over available components,False,SCRE-Optimized probability ranking,2
heloc,validation,Best EBM/monotonic model: EBM,0.67,572,141,806,455,0.14474532559638942,-0.4537471984280498,0.0,True,True,,False,SCRE-Optimized probability ranking,7
heloc,validation,V2 final locked policy ranking,0.68,550,116,831,477,0.15374873353596752,-0.49917679837892637,0.0,True,True,same probability ranker as V2 locked manual-review policy,False,SCRE-Optimized probability ranking,3
heloc,validation,Best CatBoost probability ranking,0.68,576,130,817,451,0.1518490374873353,-0.49917679837892637,0.0,True,True,,False,SCRE-Optimized probability ranking,5
heloc,validation,Best Scorecard probability ranking,0.68,550,116,831,477,0.15374873353596752,-0.49917679837892637,0.0,True,True,,False,SCRE-Optimized probability ranking,3
heloc,validation,Best literature reproduction model,0.68,576,130,817,451,0.1518490374873353,-0.49917679837892637,0.0,True,True,Best literature reproduction: CatBoost Balanced proxy,False,SCRE-Optimized probability ranking,5
heloc,validation,SCRE-Optimized probability ranking,0.68,674,161,786,353,0.1681231003039513,-0.49917679837892637,0.0,True,True,weights renormalized over available components,False,SCRE-Optimized probability ranking,1
heloc,validation,SCRE-Pareto probability ranking,0.68,577,120,827,450,0.1631205673758865,-0.49917679837892637,0.0,True,True,weights renormalized over available components,False,SCRE-Optimized probability ranking,2
heloc,validation,Best EBM/monotonic model: EBM,0.68,572,141,806,455,0.13798125633232017,-0.49917679837892637,0.0,True,True,,False,SCRE-Optimized probability ranking,7
heloc,validation,V2 final locked policy ranking,0.69,529,109,838,498,0.14507958296565027,-0.5475373402621171,0.0,True,True,same probability ranker as V2 locked manual-review policy,False,SCRE-Optimized probability ranking,5
heloc,validation,Best CatBoost probability ranking,0.69,560,122,825,467,0.14612543713435963,-0.5475373402621171,0.0,True,True,,False,SCRE-Optimized probability ranking,3
heloc,validation,Best Scorecard probability ranking,0.69,529,109,838,498,0.14507958296565027,-0.5475373402621171,0.0,True,True,,False,SCRE-Optimized probability ranking,5
heloc,validation,Best literature reproduction model,0.69,560,122,825,467,0.14612543713435963,-0.5475373402621171,0.0,True,True,Best literature reproduction: CatBoost Balanced proxy,False,SCRE-Optimized probability ranking,3
heloc,validation,SCRE-Optimized probability ranking,0.69,667,149,798,360,0.16988593652972517,-0.5475373402621171,0.0,True,True,weights renormalized over available components,False,SCRE-Optimized probability ranking,1
heloc,validation,SCRE-Pareto probability ranking,0.69,562,112,835,465,0.15841422361669447,-0.5475373402621171,0.0,True,True,weights renormalized over available components,False,SCRE-Optimized probability ranking,2
heloc,validation,Best EBM/monotonic model: EBM,0.69,480,92,855,547,0.13942543386606532,-0.5475373402621171,0.0,True,True,,False,SCRE-Optimized probability ranking,7
heloc,validation,V2 final locked policy ranking,0.7,519,106,841,508,0.13762242485646745,-0.5991219182708545,0.0,True,True,same probability ranker as V2 locked manual-review policy,False,SCRE-Optimized probability ranking,5
heloc,validation,Best CatBoost probability ranking,0.7,539,113,834,488,0.13947990543735225,-0.5991219182708545,0.0,True,True,,False,SCRE-Optimized probability ranking,3
heloc,validation,Best Scorecard probability ranking,0.7,519,106,841,508,0.13762242485646745,-0.5991219182708545,0.0,True,True,,False,SCRE-Optimized probability ranking,5
heloc,validation,Best literature reproduction model,0.7,539,113,834,488,0.13947990543735225,-0.5991219182708545,0.0,True,True,Best literature reproduction: CatBoost Balanced proxy,False,SCRE-Optimized probability ranking,3
heloc,validation,SCRE-Optimized probability ranking,0.7,651,136,811,376,0.1690307328605201,-0.5991219182708545,0.0,True,True,weights renormalized over available components,False,SCRE-Optimized probability ranking,1
heloc,validation,SCRE-Pareto probability ranking,0.7,545,103,844,482,0.15433975008443093,-0.5991219182708545,0.0,True,True,weights renormalized over available components,False,SCRE-Optimized probability ranking,2
heloc,validation,Best EBM/monotonic model: EBM,0.7,480,92,855,547,0.13441404930766634,-0.5991219182708545,0.0,True,True,,False,SCRE-Optimized probability ranking,7
heloc,validation,V2 final locked policy ranking,0.71,502,96,851,525,0.1352408901932013,-0.6542640533836426,0.0,True,True,same probability ranker as V2 locked manual-review policy,False,SCRE-Optimized probability ranking,5
heloc,validation,Best CatBoost probability ranking,0.71,525,105,842,502,0.13573000733675716,-0.6542640533836426,0.0,True,True,,False,SCRE-Optimized probability ranking,3
heloc,validation,Best Scorecard probability ranking,0.71,502,96,851,525,0.1352408901932013,-0.6542640533836426,0.0,True,True,,False,SCRE-Optimized probability ranking,5
heloc,validation,Best literature reproduction model,0.71,525,105,842,502,0.13573000733675716,-0.6542640533836426,0.0,True,True,Best literature reproduction: CatBoost Balanced proxy,False,SCRE-Optimized probability ranking,3
heloc,validation,SCRE-Optimized probability ranking,0.71,639,127,820,388,0.16619501799252348,-0.6542640533836426,0.0,True,True,weights renormalized over available components,False,SCRE-Optimized probability ranking,1
heloc,validation,SCRE-Pareto probability ranking,0.71,522,100,847,505,0.14041155713936349,-0.6542640533836426,0.0,True,True,weights renormalized over available components,False,SCRE-Optimized probability ranking,2
heloc,validation,Best EBM/monotonic model: EBM,0.71,480,92,855,547,0.1290570520211019,-0.6542640533836426,0.0,True,True,,False,SCRE-Optimized probability ranking,7
heloc,validation,V2 final locked policy ranking,0.72,484,93,854,543,0.12404110580402375,-0.7133449124330584,0.0,True,True,same probability ranker as V2 locked manual-review policy,False,SCRE-Optimized probability ranking,5
heloc,validation,Best CatBoost probability ranking,0.72,504,99,848,523,0.12635692574902302,-0.7133449124330584,0.0,True,True,,False,SCRE-Optimized probability ranking,3
heloc,validation,Best Scorecard probability ranking,0.72,484,93,854,543,0.12404110580402375,-0.7133449124330584,0.0,True,True,,False,SCRE-Optimized probability ranking,5
heloc,validation,Best literature reproduction model,0.72,504,99,848,523,0.12635692574902302,-0.7133449124330584,0.0,True,True,Best literature reproduction: CatBoost Balanced proxy,False,SCRE-Optimized probability ranking,3
heloc,validation,SCRE-Optimized probability ranking,0.72,619,120,827,408,0.15725864814010712,-0.7133449124330584,0.0,True,True,weights renormalized over available components,False,SCRE-Optimized probability ranking,1
heloc,validation,SCRE-Pareto probability ranking,0.72,507,90,857,520,0.13960052105948767,-0.7133449124330584,0.0,True,True,weights renormalized over available components,False,SCRE-Optimized probability ranking,2
heloc,validation,Best EBM/monotonic model: EBM,0.72,480,92,855,547,0.12331741207121148,-0.7133449124330584,0.0,True,True,,False,SCRE-Optimized probability ranking,7
heloc,validation,V2 final locked policy ranking,0.73,466,86,861,561,0.1182783594131112,-0.7768021314120603,0.0,True,True,same probability ranker as V2 locked manual-review policy,False,SCRE-Optimized probability ranking,3
heloc,validation,Best CatBoost probability ranking,0.73,497,98,849,530,0.1175466246388232,-0.7768021314120603,0.0,True,True,,False,SCRE-Optimized probability ranking,5
heloc,validation,Best Scorecard probability ranking,0.73,466,86,861,561,0.1182783594131112,-0.7768021314120603,0.0,True,True,,False,SCRE-Optimized probability ranking,3
heloc,validation,Best literature reproduction model,0.73,497,98,849,530,0.1175466246388232,-0.7768021314120603,0.0,True,True,Best literature reproduction: CatBoost Balanced proxy,False,SCRE-Optimized probability ranking,5
heloc,validation,SCRE-Optimized probability ranking,0.73,598,115,832,429,0.1454275957822057,-0.7768021314120603,0.0,True,True,weights renormalized over available components,False,SCRE-Optimized probability ranking,1
heloc,validation,SCRE-Pareto probability ranking,0.73,485,78,869,542,0.138860745243724,-0.7768021314120603,0.0,True,True,weights renormalized over available components,False,SCRE-Optimized probability ranking,2
heloc,validation,Best EBM/monotonic model: EBM,0.73,480,92,855,547,0.11715261360651433,-0.7768021314120603,0.0,True,True,,False,SCRE-Optimized probability ranking,7
heloc,validation,V2 final locked policy ranking,0.74,442,80,867,585,0.10856519367157666,-0.8451406749279089,0.0,True,True,same probability ranker as V2 locked manual-review policy,False,SCRE-Optimized probability ranking,4
heloc,validation,Best CatBoost probability ranking,0.74,480,94,853,547,0.10762995869378852,-0.8451406749279089,0.0,True,True,,False,SCRE-Optimized probability ranking,6
heloc,validation,Best Scorecard probability ranking,0.74,442,80,867,585,0.10856519367157666,-0.8451406749279089,0.0,True,True,,False,SCRE-Optimized probability ranking,4
heloc,validation,Best literature reproduction model,0.74,480,94,853,547,0.10762995869378852,-0.8451406749279089,0.0,True,True,Best literature reproduction: CatBoost Balanced proxy,False,SCRE-Optimized probability ranking,6
heloc,validation,SCRE-Optimized probability ranking,0.74,570,104,843,457,0.13880445795339413,-0.8451406749279089,0.0,True,True,weights renormalized over available components,False,SCRE-Optimized probability ranking,1
heloc,validation,SCRE-Pareto probability ranking,0.74,463,74,873,564,0.12785441508845766,-0.8451406749279089,0.0,True,True,weights renormalized over available components,False,SCRE-Optimized probability ranking,2
heloc,validation,Best EBM/monotonic model: EBM,0.74,480,92,855,547,0.11051359987530202,-0.8451406749279089,0.0,True,True,,False,SCRE-Optimized probability ranking,3
heloc,validation,V2 final locked policy ranking,0.75,421,74,873,606,0.10081053698074975,-0.9189463019250255,0.0,True,True,same probability ranker as V2 locked manual-review policy,False,SCRE-Optimized probability ranking,6
heloc,validation,Best CatBoost probability ranking,0.75,451,83,864,576,0.10233029381965553,-0.9189463019250255,0.0,True,True,,False,SCRE-Optimized probability ranking,4
heloc,validation,Best Scorecard probability ranking,0.75,421,74,873,606,0.10081053698074975,-0.9189463019250255,0.0,True,True,,False,SCRE-Optimized probability ranking,6
heloc,validation,Best literature reproduction model,0.75,451,83,864,576,0.10233029381965553,-0.9189463019250255,0.0,True,True,Best literature reproduction: CatBoost Balanced proxy,False,SCRE-Optimized probability ranking,4
heloc,validation,SCRE-Optimized probability ranking,0.75,551,96,851,476,0.13323201621073963,-0.9189463019250255,0.0,True,True,weights renormalized over available components,False,SCRE-Optimized probability ranking,1
heloc,validation,SCRE-Pareto probability ranking,0.75,443,70,877,584,0.11803444782168185,-0.9189463019250255,0.0,True,True,weights renormalized over available components,False,SCRE-Optimized probability ranking,2
heloc,validation,Best EBM/monotonic model: EBM,0.75,480,92,855,547,0.10334346504559269,-0.9189463019250255,0.0,True,True,,False,SCRE-Optimized probability ranking,3
heloc,validation,V2 final locked policy ranking,0.76,404,73,874,623,0.08755488010807158,-0.9989023978385683,0.0,True,True,same probability ranker as V2 locked manual-review policy,False,SCRE-Optimized probability ranking,6
heloc,validation,Best CatBoost probability ranking,0.76,429,75,872,598,0.09701114488348529,-0.9989023978385683,0.0,True,True,,False,SCRE-Optimized probability ranking,3
heloc,validation,Best Scorecard probability ranking,0.76,404,73,874,623,0.08755488010807158,-0.9989023978385683,0.0,True,True,,False,SCRE-Optimized probability ranking,6
heloc,validation,Best literature reproduction model,0.76,429,75,872,598,0.09701114488348529,-0.9989023978385683,0.0,True,True,Best literature reproduction: CatBoost Balanced proxy,False,SCRE-Optimized probability ranking,3
heloc,validation,SCRE-Optimized probability ranking,0.76,531,87,860,496,0.1294326241134752,-0.9989023978385683,0.0,True,True,weights renormalized over available components,False,SCRE-Optimized probability ranking,1
heloc,validation,SCRE-Pareto probability ranking,0.76,419,67,880,608,0.10477879094900369,-0.9989023978385683,0.0,True,True,weights renormalized over available components,False,SCRE-Optimized probability ranking,2
heloc,validation,Best EBM/monotonic model: EBM,0.76,480,92,855,547,0.09557581898007428,-0.9989023978385683,0.0,True,True,,False,SCRE-Optimized probability ranking,5
heloc,validation,V2 final locked policy ranking,0.77,381,68,879,646,0.07768380247566187,-1.085811197744593,0.0,True,True,same probability ranker as V2 locked manual-review policy,False,SCRE-Optimized probability ranking,6
heloc,validation,Best CatBoost probability ranking,0.77,388,69,878,639,0.07953394123606888,-1.085811197744593,0.0,True,True,,False,SCRE-Optimized probability ranking,4
heloc,validation,Best Scorecard probability ranking,0.77,381,68,879,646,0.07768380247566187,-1.085811197744593,0.0,True,True,,False,SCRE-Optimized probability ranking,6
heloc,validation,Best literature reproduction model,0.77,388,69,878,639,0.07953394123606888,-1.085811197744593,0.0,True,True,Best literature reproduction: CatBoost Balanced proxy,False,SCRE-Optimized probability ranking,4
heloc,validation,SCRE-Optimized probability ranking,0.77,505,79,868,522,0.121844852649663,-1.085811197744593,0.0,True,True,weights renormalized over available components,False,SCRE-Optimized probability ranking,1
heloc,validation,SCRE-Pareto probability ranking,0.77,391,61,886,636,0.09462138231795957,-1.085811197744593,0.0,True,True,weights renormalized over available components,False,SCRE-Optimized probability ranking,2
heloc,validation,Best EBM/monotonic model: EBM,0.77,480,92,855,547,0.08713272543059777,-1.085811197744593,0.0,True,True,,False,SCRE-Optimized probability ranking,3
heloc,validation,V2 final locked policy ranking,0.78,356,63,884,671,0.0671916735746523,-1.1806207976420746,0.0,True,True,same probability ranker as V2 locked manual-review policy,False,SCRE-Optimized probability ranking,6
heloc,validation,Best CatBoost probability ranking,0.78,357,60,887,670,0.073086487980105,-1.1806207976420746,0.0,True,True,,False,SCRE-Optimized probability ranking,4
heloc,validation,Best Scorecard probability ranking,0.78,356,63,884,671,0.0671916735746523,-1.1806207976420746,0.0,True,True,,False,SCRE-Optimized probability ranking,6
heloc,validation,Best literature reproduction model,0.78,357,60,887,670,0.073086487980105,-1.1806207976420746,0.0,True,True,Best literature reproduction: CatBoost Balanced proxy,False,SCRE-Optimized probability ranking,4
heloc,validation,SCRE-Optimized probability ranking,0.78,482,69,878,545,0.12024500322372661,-1.1806207976420746,0.0,True,True,weights renormalized over available components,False,SCRE-Optimized probability ranking,1
heloc,validation,SCRE-Pareto probability ranking,0.78,366,59,888,661,0.07944183476098368,-1.1806207976420746,0.0,True,True,weights renormalized over available components,False,SCRE-Optimized probability ranking,3
heloc,validation,Best EBM/monotonic model: EBM,0.78,378,57,890,649,0.08911301464492953,-1.1806207976420746,0.0,True,True,,False,SCRE-Optimized probability ranking,2
heloc,validation,V2 final locked policy ranking,0.79,328,57,890,699,0.05753365175857576,-1.2844598832440783,0.0,True,True,same probability ranker as V2 locked manual-review policy,False,SCRE-Optimized probability ranking,6
heloc,validation,Best CatBoost probability ranking,0.79,345,59,888,682,0.06233415351956384,-1.2844598832440783,0.0,True,True,,False,SCRE-Optimized probability ranking,4
heloc,validation,Best Scorecard probability ranking,0.79,328,57,890,699,0.05753365175857576,-1.2844598832440783,0.0,True,True,,False,SCRE-Optimized probability ranking,6
heloc,validation,Best literature reproduction model,0.79,345,59,888,682,0.06233415351956384,-1.2844598832440783,0.0,True,True,Best literature reproduction: CatBoost Balanced proxy,False,SCRE-Optimized probability ranking,4
heloc,validation,SCRE-Optimized probability ranking,0.79,457,69,878,570,0.10001447387465623,-1.2844598832440783,0.0,True,True,weights renormalized over available components,False,SCRE-Optimized probability ranking,1
heloc,validation,SCRE-Pareto probability ranking,0.79,342,52,895,685,0.07415448448883097,-1.2844598832440783,0.0,True,True,weights renormalized over available components,False,SCRE-Optimized probability ranking,3
heloc,validation,Best EBM/monotonic model: EBM,0.79,378,57,890,649,0.08286293240700533,-1.2844598832440783,0.0,True,True,,False,SCRE-Optimized probability ranking,2
heloc,validation,V2 final locked policy ranking,0.8,306,47,900,721,0.05977710233029379,-1.3986828774062823,0.0,True,True,same probability ranker as V2 locked manual-review policy,False,SCRE-Optimized probability ranking,4
heloc,validation,Best CatBoost probability ranking,0.8,312,56,891,715,0.04457953394123604,-1.3986828774062823,0.0,True,True,,False,SCRE-Optimized probability ranking,6
heloc,validation,Best Scorecard probability ranking,0.8,306,47,900,721,0.05977710233029379,-1.3986828774062823,0.0,True,True,,False,SCRE-Optimized probability ranking,4
heloc,validation,Best literature reproduction model,0.8,312,56,891,715,0.04457953394123604,-1.3986828774062823,0.0,True,True,Best literature reproduction: CatBoost Balanced proxy,False,SCRE-Optimized probability ranking,6
heloc,validation,SCRE-Optimized probability ranking,0.8,436,65,882,591,0.0891590678824721,-1.3986828774062823,0.0,True,True,weights renormalized over available components,False,SCRE-Optimized probability ranking,1
heloc,validation,SCRE-Pareto probability ranking,0.8,308,44,903,719,0.0668693009118541,-1.3986828774062823,0.0,True,True,weights renormalized over available components,False,SCRE-Optimized probability ranking,3
heloc,validation,Best EBM/monotonic model: EBM,0.8,378,57,890,649,0.07598784194528872,-1.3986828774062823,0.0,True,True,,False,SCRE-Optimized probability ranking,2
heloc,heldout_test_diagnostic,V2 final locked policy ranking,0.01,1028,947,0,0,0.5156629587009334,0.5156629587009334,0.0,False,True,same probability ranker as V2 locked manual-review policy,False,Treat all; V2 final locked policy ranking; Best CatBoost probability ranking; Best Scorecard probability ranking; Best literature reproduction model; SCRE-Optimized probability ranking; SCRE-Pareto probability ranking,1
heloc,heldout_test_diagnostic,Best CatBoost probability ranking,0.01,1028,947,0,0,0.5156629587009334,0.5156629587009334,0.0,False,True,,False,Treat all; V2 final locked policy ranking; Best CatBoost probability ranking; Best Scorecard probability ranking; Best literature reproduction model; SCRE-Optimized probability ranking; SCRE-Pareto probability ranking,1
heloc,heldout_test_diagnostic,Best Scorecard probability ranking,0.01,1028,947,0,0,0.5156629587009334,0.5156629587009334,0.0,False,True,,False,Treat all; V2 final locked policy ranking; Best CatBoost probability ranking; Best Scorecard probability ranking; Best literature reproduction model; SCRE-Optimized probability ranking; SCRE-Pareto probability ranking,1
heloc,heldout_test_diagnostic,Best literature reproduction model,0.01,1028,947,0,0,0.5156629587009334,0.5156629587009334,0.0,False,True,Best literature reproduction: CatBoost Balanced proxy,False,Treat all; V2 final locked policy ranking; Best CatBoost probability ranking; Best Scorecard probability ranking; Best literature reproduction model; SCRE-Optimized probability ranking; SCRE-Pareto probability ranking,1
heloc,heldout_test_diagnostic,SCRE-Optimized probability ranking,0.01,1028,947,0,0,0.5156629587009334,0.5156629587009334,0.0,False,True,weights renormalized over available components,False,Treat all; V2 final locked policy ranking; Best CatBoost probability ranking; Best Scorecard probability ranking; Best literature reproduction model; SCRE-Optimized probability ranking; SCRE-Pareto probability ranking,1
heloc,heldout_test_diagnostic,SCRE-Pareto probability ranking,0.01,1028,947,0,0,0.5156629587009334,0.5156629587009334,0.0,False,True,weights renormalized over available components,False,Treat all; V2 final locked policy ranking; Best CatBoost probability ranking; Best Scorecard probability ranking; Best literature reproduction model; SCRE-Optimized probability ranking; SCRE-Pareto probability ranking,1
heloc,heldout_test_diagnostic,Best EBM/monotonic model: EBM,0.01,1025,915,32,3,0.5143076332949751,0.5156629587009334,0.0,False,True,,False,Treat all; V2 final locked policy ranking; Best CatBoost probability ranking; Best Scorecard probability ranking; Best literature reproduction model; SCRE-Optimized probability ranking; SCRE-Pareto probability ranking,7
heloc,heldout_test_diagnostic,V2 final locked policy ranking,0.02,1028,947,0,0,0.5107207439938001,0.5107207439938001,0.0,False,True,same probability ranker as V2 locked manual-review policy,False,Treat all; V2 final locked policy ranking; Best CatBoost probability ranking; Best Scorecard probability ranking; Best literature reproduction model; SCRE-Optimized probability ranking; SCRE-Pareto probability ranking,1
heloc,heldout_test_diagnostic,Best CatBoost probability ranking,0.02,1028,947,0,0,0.5107207439938001,0.5107207439938001,0.0,False,True,,False,Treat all; V2 final locked policy ranking; Best CatBoost probability ranking; Best Scorecard probability ranking; Best literature reproduction model; SCRE-Optimized probability ranking; SCRE-Pareto probability ranking,1
heloc,heldout_test_diagnostic,Best Scorecard probability ranking,0.02,1028,947,0,0,0.5107207439938001,0.5107207439938001,0.0,False,True,,False,Treat all; V2 final locked policy ranking; Best CatBoost probability ranking; Best Scorecard probability ranking; Best literature reproduction model; SCRE-Optimized probability ranking; SCRE-Pareto probability ranking,1
heloc,heldout_test_diagnostic,Best literature reproduction model,0.02,1028,947,0,0,0.5107207439938001,0.5107207439938001,0.0,False,True,Best literature reproduction: CatBoost Balanced proxy,False,Treat all; V2 final locked policy ranking; Best CatBoost probability ranking; Best Scorecard probability ranking; Best literature reproduction model; SCRE-Optimized probability ranking; SCRE-Pareto probability ranking,1
heloc,heldout_test_diagnostic,SCRE-Optimized probability ranking,0.02,1028,947,0,0,0.5107207439938001,0.5107207439938001,0.0,False,True,weights renormalized over available components,False,Treat all; V2 final locked policy ranking; Best CatBoost probability ranking; Best Scorecard probability ranking; Best literature reproduction model; SCRE-Optimized probability ranking; SCRE-Pareto probability ranking,1
heloc,heldout_test_diagnostic,SCRE-Pareto probability ranking,0.02,1028,947,0,0,0.5107207439938001,0.5107207439938001,0.0,False,True,weights renormalized over available components,False,Treat all; V2 final locked policy ranking; Best CatBoost probability ranking; Best Scorecard probability ranking; Best literature reproduction model; SCRE-Optimized probability ranking; SCRE-Pareto probability ranking,1
heloc,heldout_test_diagnostic,Best EBM/monotonic model: EBM,0.02,1025,915,32,3,0.509532420563162,0.5107207439938001,0.0,False,True,,False,Treat all; V2 final locked policy ranking; Best CatBoost probability ranking; Best Scorecard probability ranking; Best literature reproduction model; SCRE-Optimized probability ranking; SCRE-Pareto probability ranking,7
heloc,heldout_test_diagnostic,V2 final locked policy ranking,0.03,1028,947,0,0,0.505676627952499,0.505676627952499,0.0,False,True,same probability ranker as V2 locked manual-review policy,False,Best CatBoost probability ranking; Best literature reproduction model,3
heloc,heldout_test_diagnostic,Best CatBoost probability ranking,0.03,1028,944,3,0,0.5057236069424507,0.505676627952499,0.0,True,True,,False,Best CatBoost probability ranking; Best literature reproduction model,1
heloc,heldout_test_diagnostic,Best Scorecard probability ranking,0.03,1028,947,0,0,0.505676627952499,0.505676627952499,0.0,False,True,,False,Best CatBoost probability ranking; Best literature reproduction model,3
heloc,heldout_test_diagnostic,Best literature reproduction model,0.03,1028,944,3,0,0.5057236069424507,0.505676627952499,0.0,True,True,Best literature reproduction: CatBoost Balanced proxy,False,Best CatBoost probability ranking; Best literature reproduction model,1
heloc,heldout_test_diagnostic,SCRE-Optimized probability ranking,0.03,1028,947,0,0,0.505676627952499,0.505676627952499,0.0,False,True,weights renormalized over available components,False,Best CatBoost probability ranking; Best literature reproduction model,3
heloc,heldout_test_diagnostic,SCRE-Pareto probability ranking,0.03,1028,947,0,0,0.505676627952499,0.505676627952499,0.0,False,True,weights renormalized over available components,False,Best CatBoost probability ranking; Best literature reproduction model,3
heloc,heldout_test_diagnostic,Best EBM/monotonic model: EBM,0.03,1025,915,32,3,0.5046587498368785,0.505676627952499,0.0,False,True,,False,Best CatBoost probability ranking; Best literature reproduction model,7
heloc,heldout_test_diagnostic,V2 final locked policy ranking,0.04,1028,947,0,0,0.5005274261603375,0.5005274261603375,0.0,False,True,same probability ranker as V2 locked manual-review policy,False,Best CatBoost probability ranking; Best literature reproduction model,3
heloc,heldout_test_diagnostic,Best CatBoost probability ranking,0.04,1028,943,4,0,0.5006118143459916,0.5005274261603375,0.0,True,True,,False,Best CatBoost probability ranking; Best literature reproduction model,1
heloc,heldout_test_diagnostic,Best Scorecard probability ranking,0.04,1028,947,0,0,0.5005274261603375,0.5005274261603375,0.0,False,True,,False,Best CatBoost probability ranking; Best literature reproduction model,3
heloc,heldout_test_diagnostic,Best literature reproduction model,0.04,1028,943,4,0,0.5006118143459916,0.5005274261603375,0.0,True,True,Best literature reproduction: CatBoost Balanced proxy,False,Best CatBoost probability ranking; Best literature reproduction model,1
heloc,heldout_test_diagnostic,SCRE-Optimized probability ranking,0.04,1028,947,0,0,0.5005274261603375,0.5005274261603375,0.0,False,True,weights renormalized over available components,False,Best CatBoost probability ranking; Best literature reproduction model,3
heloc,heldout_test_diagnostic,SCRE-Pareto probability ranking,0.04,1028,947,0,0,0.5005274261603375,0.5005274261603375,0.0,False,True,weights renormalized over available components,False,Best CatBoost probability ranking; Best literature reproduction model,3
heloc,heldout_test_diagnostic,Best EBM/monotonic model: EBM,0.04,1025,915,32,3,0.49968354430379747,0.5005274261603375,0.0,False,True,,False,Best CatBoost probability ranking; Best literature reproduction model,7
heloc,heldout_test_diagnostic,V2 final locked policy ranking,0.05,1028,947,0,0,0.49526982011992005,0.49526982011992005,0.0,False,True,same probability ranker as V2 locked manual-review policy,False,Best CatBoost probability ranking; Best literature reproduction model,3
heloc,heldout_test_diagnostic,Best CatBoost probability ranking,0.05,1028,939,8,0,0.49548301132578276,0.49526982011992005,0.0,True,True,,False,Best CatBoost probability ranking; Best literature reproduction model,1
heloc,heldout_test_diagnostic,Best Scorecard probability ranking,0.05,1028,947,0,0,0.49526982011992005,0.49526982011992005,0.0,False,True,,False,Best CatBoost probability ranking; Best literature reproduction model,3
heloc,heldout_test_diagnostic,Best literature reproduction model,0.05,1028,939,8,0,0.49548301132578276,0.49526982011992005,0.0,True,True,Best literature reproduction: CatBoost Balanced proxy,False,Best CatBoost probability ranking; Best literature reproduction model,1
heloc,heldout_test_diagnostic,SCRE-Optimized probability ranking,0.05,1028,947,0,0,0.49526982011992005,0.49526982011992005,0.0,False,True,weights renormalized over available components,False,Best CatBoost probability ranking; Best literature reproduction model,3
heloc,heldout_test_diagnostic,SCRE-Pareto probability ranking,0.05,1028,947,0,0,0.49526982011992005,0.49526982011992005,0.0,False,True,weights renormalized over available components,False,Best CatBoost probability ranking; Best literature reproduction model,3
heloc,heldout_test_diagnostic,Best EBM/monotonic model: EBM,0.05,1025,914,33,3,0.4946302465023318,0.49526982011992005,0.0,False,True,,False,Best CatBoost probability ranking; Best literature reproduction model,7
heloc,heldout_test_diagnostic,V2 final locked policy ranking,0.06,1028,947,0,0,0.48990035012119576,0.48990035012119576,0.0,False,True,same probability ranker as V2 locked manual-review policy,False,Best CatBoost probability ranking; Best literature reproduction model,3
heloc,heldout_test_diagnostic,Best CatBoost probability ranking,0.06,1028,935,12,0,0.49028817667654184,0.48990035012119576,0.0,True,True,,False,Best CatBoost probability ranking; Best literature reproduction model,1
heloc,heldout_test_diagnostic,Best Scorecard probability ranking,0.06,1028,947,0,0,0.48990035012119576,0.48990035012119576,0.0,False,True,,False,Best CatBoost probability ranking; Best literature reproduction model,3
heloc,heldout_test_diagnostic,Best literature reproduction model,0.06,1028,935,12,0,0.49028817667654184,0.48990035012119576,0.0,True,True,Best literature reproduction: CatBoost Balanced proxy,False,Best CatBoost probability ranking; Best literature reproduction model,1
heloc,heldout_test_diagnostic,SCRE-Optimized probability ranking,0.06,1028,947,0,0,0.48990035012119576,0.48990035012119576,0.0,False,True,weights renormalized over available components,False,Best CatBoost probability ranking; Best literature reproduction model,3
heloc,heldout_test_diagnostic,SCRE-Pareto probability ranking,0.06,1028,947,0,0,0.48990035012119576,0.48990035012119576,0.0,False,True,weights renormalized over available components,False,Best CatBoost probability ranking; Best literature reproduction model,3
heloc,heldout_test_diagnostic,Best EBM/monotonic model: EBM,0.06,1021,895,52,7,0.4880366280635605,0.48990035012119576,0.0,False,True,,False,Best CatBoost probability ranking; Best literature reproduction model,7
heloc,heldout_test_diagnostic,V2 final locked policy ranking,0.07,1028,946,1,0,0.48445351844290185,0.4844154076493807,0.0,True,True,same probability ranker as V2 locked manual-review policy,False,Best CatBoost probability ranking; Best literature reproduction model,3
heloc,heldout_test_diagnostic,Best CatBoost probability ranking,0.07,1028,934,13,0,0.4849108479651558,0.4844154076493807,0.0,True,True,,False,Best CatBoost probability ranking; Best literature reproduction model,1
heloc,heldout_test_diagnostic,Best Scorecard probability ranking,0.07,1028,946,1,0,0.48445351844290185,0.4844154076493807,0.0,True,True,,False,Best CatBoost probability ranking; Best literature reproduction model,3
heloc,heldout_test_diagnostic,Best literature reproduction model,0.07,1028,934,13,0,0.4849108479651558,0.4844154076493807,0.0,True,True,Best literature reproduction: CatBoost Balanced proxy,False,Best CatBoost probability ranking; Best literature reproduction model,1
heloc,heldout_test_diagnostic,SCRE-Optimized probability ranking,0.07,1028,947,0,0,0.4844154076493807,0.4844154076493807,0.0,False,True,weights renormalized over available components,False,Best CatBoost probability ranking; Best literature reproduction model,5
heloc,heldout_test_diagnostic,SCRE-Pareto probability ranking,0.07,1028,947,0,0,0.4844154076493807,0.4844154076493807,0.0,False,True,weights renormalized over available components,False,Best CatBoost probability ranking; Best literature reproduction model,5
heloc,heldout_test_diagnostic,Best EBM/monotonic model: EBM,0.07,1021,895,52,7,0.48285286511501296,0.4844154076493807,0.0,False,True,,False,Best CatBoost probability ranking; Best literature reproduction model,7
heloc,heldout_test_diagnostic,V2 final locked policy ranking,0.08,1028,944,3,0,0.47894331315354977,0.4788112272977435,0.0,True,True,same probability ranker as V2 locked manual-review policy,False,Best CatBoost probability ranking; Best literature reproduction model,3
heloc,heldout_test_diagnostic,Best CatBoost probability ranking,0.08,1028,932,15,0,0.4794716565767749,0.4788112272977435,0.0,True,True,,False,Best CatBoost probability ranking; Best literature reproduction model,1
heloc,heldout_test_diagnostic,Best Scorecard probability ranking,0.08,1028,944,3,0,0.47894331315354977,0.4788112272977435,0.0,True,True,,False,Best CatBoost probability ranking; Best literature reproduction model,3
heloc,heldout_test_diagnostic,Best literature reproduction model,0.08,1028,932,15,0,0.4794716565767749,0.4788112272977435,0.0,True,True,Best literature reproduction: CatBoost Balanced proxy,False,Best CatBoost probability ranking; Best literature reproduction model,1
heloc,heldout_test_diagnostic,SCRE-Optimized probability ranking,0.08,1028,947,0,0,0.4788112272977435,0.4788112272977435,0.0,False,True,weights renormalized over available components,False,Best CatBoost probability ranking; Best literature reproduction model,5
heloc,heldout_test_diagnostic,SCRE-Pareto probability ranking,0.08,1028,947,0,0,0.4788112272977435,0.4788112272977435,0.0,False,True,weights renormalized over available components,False,Best CatBoost probability ranking; Best literature reproduction model,5
heloc,heldout_test_diagnostic,Best EBM/monotonic model: EBM,0.08,1021,895,52,7,0.477556411667584,0.4788112272977435,0.0,False,True,,False,Best CatBoost probability ranking; Best literature reproduction model,7
heloc,heldout_test_diagnostic,V2 final locked policy ranking,0.09,1026,930,17,2,0.4729225205174572,0.47308387814716923,0.0,False,True,same probability ranker as V2 locked manual-review policy,False,Best CatBoost probability ranking; Best literature reproduction model,5
heloc,heldout_test_diagnostic,Best CatBoost probability ranking,0.09,1027,921,26,1,0.47387953818333567,0.47308387814716923,0.0,True,True,,False,Best CatBoost probability ranking; Best literature reproduction model,1
heloc,heldout_test_diagnostic,Best Scorecard probability ranking,0.09,1026,930,17,2,0.4729225205174572,0.47308387814716923,0.0,False,True,,False,Best CatBoost probability ranking; Best literature reproduction model,5
heloc,heldout_test_diagnostic,Best literature reproduction model,0.09,1027,921,26,1,0.47387953818333567,0.47308387814716923,0.0,True,True,Best literature reproduction: CatBoost Balanced proxy,False,Best CatBoost probability ranking; Best literature reproduction model,1
heloc,heldout_test_diagnostic,SCRE-Optimized probability ranking,0.09,1028,947,0,0,0.47308387814716923,0.47308387814716923,0.0,False,True,weights renormalized over available components,False,Best CatBoost probability ranking; Best literature reproduction model,4
heloc,heldout_test_diagnostic,SCRE-Pareto probability ranking,0.09,1028,946,1,0,0.47313395465294195,0.47308387814716923,0.0,True,True,weights renormalized over available components,False,Best CatBoost probability ranking; Best literature reproduction model,3
heloc,heldout_test_diagnostic,Best EBM/monotonic model: EBM,0.09,1021,895,52,7,0.47214355264988184,0.47308387814716923,0.0,False,True,,False,Best CatBoost probability ranking; Best literature reproduction model,7
heloc,heldout_test_diagnostic,V2 final locked policy ranking,0.1,1024,920,27,4,0.4667229254571027,0.4672292545710267,0.0,False,True,same probability ranker as V2 locked manual-review policy,False,Best CatBoost probability ranking; Best literature reproduction model,5
heloc,heldout_test_diagnostic,Best CatBoost probability ranking,0.1,1027,912,35,1,0.4686919831223629,0.4672292545710267,0.0,True,True,,False,Best CatBoost probability ranking; Best literature reproduction model,1
heloc,heldout_test_diagnostic,Best Scorecard probability ranking,0.1,1024,920,27,4,0.4667229254571027,0.4672292545710267,0.0,False,True,,False,Best CatBoost probability ranking; Best literature reproduction model,5
heloc,heldout_test_diagnostic,Best literature reproduction model,0.1,1027,912,35,1,0.4686919831223629,0.4672292545710267,0.0,True,True,Best literature reproduction: CatBoost Balanced proxy,False,Best CatBoost probability ranking; Best literature reproduction model,1
heloc,heldout_test_diagnostic,SCRE-Optimized probability ranking,0.1,1028,947,0,0,0.4672292545710267,0.4672292545710267,0.0,False,True,weights renormalized over available components,False,Best CatBoost probability ranking; Best literature reproduction model,4
heloc,heldout_test_diagnostic,SCRE-Pareto probability ranking,0.1,1028,940,7,0,0.4676230661040787,0.4672292545710267,0.0,True,True,weights renormalized over available components,False,Best CatBoost probability ranking; Best literature reproduction model,3
heloc,heldout_test_diagnostic,Best EBM/monotonic model: EBM,0.1,1021,894,53,7,0.46666666666666673,0.4672292545710267,0.0,False,True,,False,Best CatBoost probability ranking; Best literature reproduction model,7
heloc,heldout_test_diagnostic,V2 final locked policy ranking,0.11,1023,905,42,5,0.46133978096999,0.46124306642013935,0.0,True,True,same probability ranker as V2 locked manual-review policy,False,Best CatBoost probability ranking; Best literature reproduction model,4
heloc,heldout_test_diagnostic,Best CatBoost probability ranking,0.11,1026,896,51,2,0.46342198833736303,0.46124306642013935,0.0,True,True,,False,Best CatBoost probability ranking; Best literature reproduction model,1
heloc,heldout_test_diagnostic,Best Scorecard probability ranking,0.11,1023,905,42,5,0.46133978096999,0.46124306642013935,0.0,True,True,,False,Best CatBoost probability ranking; Best literature reproduction model,4
heloc,heldout_test_diagnostic,Best literature reproduction model,0.11,1026,896,51,2,0.46342198833736303,0.46124306642013935,0.0,True,True,Best literature reproduction: CatBoost Balanced proxy,False,Best CatBoost probability ranking; Best literature reproduction model,1
heloc,heldout_test_diagnostic,SCRE-Optimized probability ranking,0.11,1028,947,0,0,0.46124306642013935,0.46124306642013935,0.0,False,True,weights renormalized over available components,False,Best CatBoost probability ranking; Best literature reproduction model,6
heloc,heldout_test_diagnostic,SCRE-Pareto probability ranking,0.11,1028,936,11,0,0.46193144645142936,0.46124306642013935,0.0,True,True,weights renormalized over available components,False,Best CatBoost probability ranking; Best literature reproduction model,3
heloc,heldout_test_diagnostic,Best EBM/monotonic model: EBM,0.11,1021,893,54,7,0.46107808277627654,0.46124306642013935,0.0,False,True,,False,Best CatBoost probability ranking; Best literature reproduction model,7
heloc,heldout_test_diagnostic,V2 final locked policy ranking,0.12,1022,886,61,6,0.45629459148446494,0.45512082853855,0.0,True,True,same probability ranker as V2 locked manual-review policy,False,Best CatBoost probability ranking; Best literature reproduction model,4
heloc,heldout_test_diagnostic,Best CatBoost probability ranking,0.12,1020,868,79,8,0.4565247410817031,0.45512082853855,0.0,True,True,,False,Best CatBoost probability ranking; Best literature reproduction model,1
heloc,heldout_test_diagnostic,Best Scorecard probability ranking,0.12,1022,886,61,6,0.45629459148446494,0.45512082853855,0.0,True,True,,False,Best CatBoost probability ranking; Best literature reproduction model,4
heloc,heldout_test_diagnostic,Best literature reproduction model,0.12,1020,868,79,8,0.4565247410817031,0.45512082853855,0.0,True,True,Best literature reproduction: CatBoost Balanced proxy,False,Best CatBoost probability ranking; Best literature reproduction model,1
heloc,heldout_test_diagnostic,SCRE-Optimized probability ranking,0.12,1028,947,0,0,0.45512082853855,0.45512082853855,0.0,False,True,weights renormalized over available components,False,Best CatBoost probability ranking; Best literature reproduction model,7
heloc,heldout_test_diagnostic,SCRE-Pareto probability ranking,0.12,1028,929,18,0,0.45636363636363636,0.45512082853855,0.0,True,True,weights renormalized over available components,False,Best CatBoost probability ranking; Best literature reproduction model,3
heloc,heldout_test_diagnostic,Best EBM/monotonic model: EBM,0.12,1021,893,54,7,0.45530494821634065,0.45512082853855,0.0,True,True,,False,Best CatBoost probability ranking; Best literature reproduction model,6
heloc,heldout_test_diagnostic,V2 final locked policy ranking,0.13,1018,865,82,10,0.4499985450312818,0.44885784955623453,0.0,True,True,same probability ranker as V2 locked manual-review policy,False,SCRE-Pareto probability ranking,4
heloc,heldout_test_diagnostic,Best CatBoost probability ranking,0.13,1015,836,111,13,0.45067365051651387,0.44885784955623453,0.0,True,True,,False,SCRE-Pareto probability ranking,2
heloc,heldout_test_diagnostic,Best Scorecard probability ranking,0.13,1018,865,82,10,0.4499985450312818,0.44885784955623453,0.0,True,True,,False,SCRE-Pareto probability ranking,4
heloc,heldout_test_diagnostic,Best literature reproduction model,0.13,1015,836,111,13,0.45067365051651387,0.44885784955623453,0.0,True,True,Best literature reproduction: CatBoost Balanced proxy,False,SCRE-Pareto probability ranking,2
heloc,heldout_test_diagnostic,SCRE-Optimized probability ranking,0.13,1028,947,0,0,0.44885784955623453,0.44885784955623453,0.0,False,True,weights renormalized over available components,False,SCRE-Pareto probability ranking,7
heloc,heldout_test_diagnostic,SCRE-Pareto probability ranking,0.13,1027,914,33,1,0.45084824676269464,0.44885784955623453,0.0,True,True,weights renormalized over available components,False,SCRE-Pareto probability ranking,1
heloc,heldout_test_diagnostic,Best EBM/monotonic model: EBM,0.13,1021,893,54,7,0.4493990979193948,0.44885784955623453,0.0,True,True,,False,SCRE-Pareto probability ranking,6
heloc,heldout_test_diagnostic,V2 final locked policy ranking,0.14,1016,841,106,12,0.44511039152193116,0.44244921989991165,0.0,True,True,same probability ranker as V2 locked manual-review policy,False,V2 final locked policy ranking; Best Scorecard probability ranking,1
heloc,heldout_test_diagnostic,Best CatBoost probability ranking,0.14,1008,798,149,20,0.4446040624080071,0.44244921989991165,0.0,True,True,,False,V2 final locked policy ranking; Best Scorecard probability ranking,3
heloc,heldout_test_diagnostic,Best Scorecard probability ranking,0.14,1016,841,106,12,0.44511039152193116,0.44244921989991165,0.0,True,True,,False,V2 final locked policy ranking; Best Scorecard probability ranking,1
heloc,heldout_test_diagnostic,Best literature reproduction model,0.14,1008,798,149,20,0.4446040624080071,0.44244921989991165,0.0,True,True,Best literature reproduction: CatBoost Balanced proxy,False,V2 final locked policy ranking; Best Scorecard probability ranking,3
heloc,heldout_test_diagnostic,SCRE-Optimized probability ranking,0.14,1028,947,0,0,0.44244921989991165,0.44244921989991165,0.0,False,True,weights renormalized over available components,False,V2 final locked policy ranking; Best Scorecard probability ranking,7
heloc,heldout_test_diagnostic,SCRE-Pareto probability ranking,0.14,1023,903,44,5,0.4435443037974683,0.44244921989991165,0.0,True,True,weights renormalized over available components,False,V2 final locked policy ranking; Best Scorecard probability ranking,5
heloc,heldout_test_diagnostic,Best EBM/monotonic model: EBM,0.14,1021,892,55,7,0.4434383279364145,0.44244921989991165,0.0,True,True,,False,V2 final locked policy ranking; Best Scorecard probability ranking,6
heloc,heldout_test_diagnostic,V2 final locked policy ranking,0.15,1014,815,132,14,0.44059568131049887,0.43588979895755764,0.0,True,True,same probability ranker as V2 locked manual-review policy,False,V2 final locked policy ranking; Best Scorecard probability ranking,1
heloc,heldout_test_diagnostic,Best CatBoost probability ranking,0.15,999,773,174,29,0.43675353685778107,0.43588979895755764,0.0,True,True,,False,V2 final locked policy ranking; Best Scorecard probability ranking,4
heloc,heldout_test_diagnostic,Best Scorecard probability ranking,0.15,1014,815,132,14,0.44059568131049887,0.43588979895755764,0.0,True,True,,False,V2 final locked policy ranking; Best Scorecard probability ranking,1
heloc,heldout_test_diagnostic,Best literature reproduction model,0.15,999,773,174,29,0.43675353685778107,0.43588979895755764,0.0,True,True,Best literature reproduction: CatBoost Balanced proxy,False,V2 final locked policy ranking; Best Scorecard probability ranking,4
heloc,heldout_test_diagnostic,SCRE-Optimized probability ranking,0.15,1028,947,0,0,0.43588979895755764,0.43588979895755764,0.0,False,True,weights renormalized over available components,False,V2 final locked policy ranking; Best Scorecard probability ranking,7
heloc,heldout_test_diagnostic,SCRE-Pareto probability ranking,0.15,1017,884,63,11,0.4359493670886076,0.43588979895755764,0.0,True,True,weights renormalized over available components,False,V2 final locked policy ranking; Best Scorecard probability ranking,6
heloc,heldout_test_diagnostic,Best EBM/monotonic model: EBM,0.15,1021,892,55,7,0.4372598659717052,0.43588979895755764,0.0,True,True,,False,V2 final locked policy ranking; Best Scorecard probability ranking,3
heloc,heldout_test_diagnostic,V2 final locked policy ranking,0.16,1009,797,150,19,0.4340204942736588,0.4291742013261,0.0,True,True,same probability ranker as V2 locked manual-review policy,False,V2 final locked policy ranking; Best Scorecard probability ranking,1
heloc,heldout_test_diagnostic,Best CatBoost probability ranking,0.16,998,754,193,30,0.4325979505726341,0.4291742013261,0.0,True,True,,False,V2 final locked policy ranking; Best Scorecard probability ranking,3
heloc,heldout_test_diagnostic,Best Scorecard probability ranking,0.16,1009,797,150,19,0.4340204942736588,0.4291742013261,0.0,True,True,,False,V2 final locked policy ranking; Best Scorecard probability ranking,1
heloc,heldout_test_diagnostic,Best literature reproduction model,0.16,998,754,193,30,0.4325979505726341,0.4291742013261,0.0,True,True,Best literature reproduction: CatBoost Balanced proxy,False,V2 final locked policy ranking; Best Scorecard probability ranking,3
heloc,heldout_test_diagnostic,SCRE-Optimized probability ranking,0.16,1028,947,0,0,0.4291742013261,0.4291742013261,0.0,False,True,weights renormalized over available components,False,V2 final locked policy ranking; Best Scorecard probability ranking,7
heloc,heldout_test_diagnostic,SCRE-Pareto probability ranking,0.16,1015,846,101,13,0.43233273056057864,0.4291742013261,0.0,True,True,weights renormalized over available components,False,V2 final locked policy ranking; Best Scorecard probability ranking,5
heloc,heldout_test_diagnostic,Best EBM/monotonic model: EBM,0.16,984,702,245,44,0.4305244122965642,0.4291742013261,0.0,True,True,,False,V2 final locked policy ranking; Best Scorecard probability ranking,6
heloc,heldout_test_diagnostic,V2 final locked policy ranking,0.17,1004,778,169,24,0.42767119109348783,0.4222967820649687,0.0,True,True,same probability ranker as V2 locked manual-review policy,False,Best CatBoost probability ranking; Best literature reproduction model,3
heloc,heldout_test_diagnostic,Best CatBoost probability ranking,0.17,995,729,218,33,0.42819582125972244,0.4222967820649687,0.0,True,True,,False,Best CatBoost probability ranking; Best literature reproduction model,1
heloc,heldout_test_diagnostic,Best Scorecard probability ranking,0.17,1004,778,169,24,0.42767119109348783,0.4222967820649687,0.0,True,True,,False,Best CatBoost probability ranking; Best literature reproduction model,3
heloc,heldout_test_diagnostic,Best literature reproduction model,0.17,995,729,218,33,0.42819582125972244,0.4222967820649687,0.0,True,True,Best literature reproduction: CatBoost Balanced proxy,False,Best CatBoost probability ranking; Best literature reproduction model,1
heloc,heldout_test_diagnostic,SCRE-Optimized probability ranking,0.17,1028,947,0,0,0.4222967820649687,0.4222967820649687,0.0,False,True,weights renormalized over available components,False,Best CatBoost probability ranking; Best literature reproduction model,7
heloc,heldout_test_diagnostic,SCRE-Pareto probability ranking,0.17,1011,823,124,17,0.4265487265517767,0.4222967820649687,0.0,True,True,weights renormalized over available components,False,Best CatBoost probability ranking; Best literature reproduction model,5
heloc,heldout_test_diagnostic,Best EBM/monotonic model: EBM,0.17,977,675,272,51,0.42468201921610493,0.4222967820649687,0.0,True,True,,False,Best CatBoost probability ranking; Best literature reproduction model,6
heloc,heldout_test_diagnostic,V2 final locked policy ranking,0.18,999,746,201,29,0.4229083050324174,0.41525162087063905,0.0,True,True,same probability ranker as V2 locked manual-review policy,False,V2 final locked policy ranking; Best Scorecard probability ranking,1
heloc,heldout_test_diagnostic,Best CatBoost probability ranking,0.18,992,722,225,36,0.422031491200988,0.41525162087063905,0.0,True,True,,False,V2 final locked policy ranking; Best Scorecard probability ranking,4
heloc,heldout_test_diagnostic,Best Scorecard probability ranking,0.18,999,746,201,29,0.4229083050324174,0.41525162087063905,0.0,True,True,,False,V2 final locked policy ranking; Best Scorecard probability ranking,1
heloc,heldout_test_diagnostic,Best literature reproduction model,0.18,992,722,225,36,0.422031491200988,0.41525162087063905,0.0,True,True,Best literature reproduction: CatBoost Balanced proxy,False,V2 final locked policy ranking; Best Scorecard probability ranking,4
heloc,heldout_test_diagnostic,SCRE-Optimized probability ranking,0.18,1028,947,0,0,0.41525162087063905,0.41525162087063905,0.0,False,True,weights renormalized over available components,False,V2 final locked policy ranking; Best Scorecard probability ranking,7
heloc,heldout_test_diagnostic,SCRE-Pareto probability ranking,0.18,1009,797,150,19,0.4223031799938253,0.41525162087063905,0.0,True,True,weights renormalized over available components,False,V2 final locked policy ranking; Best Scorecard probability ranking,3
heloc,heldout_test_diagnostic,Best EBM/monotonic model: EBM,0.18,976,674,273,52,0.41926520531028094,0.41525162087063905,0.0,True,True,,False,V2 final locked policy ranking; Best Scorecard probability ranking,6
heloc,heldout_test_diagnostic,V2 final locked policy ranking,0.19,993,723,224,35,0.41691514299109234,0.40803250507891853,0.0,True,True,same probability ranker as V2 locked manual-review policy,False,Best CatBoost probability ranking; Best literature reproduction model,3
heloc,heldout_test_diagnostic,Best CatBoost probability ranking,0.19,986,689,258,42,0.4174089701515862,0.40803250507891853,0.0,True,True,,False,Best CatBoost probability ranking; Best literature reproduction model,1
heloc,heldout_test_diagnostic,Best Scorecard probability ranking,0.19,993,723,224,35,0.41691514299109234,0.40803250507891853,0.0,True,True,,False,Best CatBoost probability ranking; Best literature reproduction model,3
heloc,heldout_test_diagnostic,Best literature reproduction model,0.19,986,689,258,42,0.4174089701515862,0.40803250507891853,0.0,True,True,Best literature reproduction: CatBoost Balanced proxy,False,Best CatBoost probability ranking; Best literature reproduction model,1
heloc,heldout_test_diagnostic,SCRE-Optimized probability ranking,0.19,1028,947,0,0,0.40803250507891853,0.40803250507891853,0.0,False,True,weights renormalized over available components,False,Best CatBoost probability ranking; Best literature reproduction model,7
heloc,heldout_test_diagnostic,SCRE-Pareto probability ranking,0.19,1002,772,175,26,0.41565244569463977,0.40803250507891853,0.0,True,True,weights renormalized over available components,False,Best CatBoost probability ranking; Best literature reproduction model,5
heloc,heldout_test_diagnostic,Best EBM/monotonic model: EBM,0.19,975,674,273,53,0.4136208782622285,0.40803250507891853,0.0,True,True,,False,Best CatBoost probability ranking; Best literature reproduction model,6
heloc,heldout_test_diagnostic,V2 final locked policy ranking,0.2,984,705,242,44,0.4089873417721519,0.40063291139240503,0.0,True,True,same probability ranker as V2 locked manual-review policy,False,Best CatBoost probability ranking; Best literature reproduction model,4
heloc,heldout_test_diagnostic,Best CatBoost probability ranking,0.2,985,670,277,43,0.4139240506329114,0.40063291139240503,0.0,True,True,,False,Best CatBoost probability ranking; Best literature reproduction model,1
heloc,heldout_test_diagnostic,Best Scorecard probability ranking,0.2,984,705,242,44,0.4089873417721519,0.40063291139240503,0.0,True,True,,False,Best CatBoost probability ranking; Best literature reproduction model,4
heloc,heldout_test_diagnostic,Best literature reproduction model,0.2,985,670,277,43,0.4139240506329114,0.40063291139240503,0.0,True,True,Best literature reproduction: CatBoost Balanced proxy,False,Best CatBoost probability ranking; Best literature reproduction model,1
heloc,heldout_test_diagnostic,SCRE-Optimized probability ranking,0.2,1028,947,0,0,0.40063291139240503,0.40063291139240503,0.0,False,True,weights renormalized over available components,False,Best CatBoost probability ranking; Best literature reproduction model,7
heloc,heldout_test_diagnostic,SCRE-Pareto probability ranking,0.2,996,742,205,32,0.410379746835443,0.40063291139240503,0.0,True,True,weights renormalized over available components,False,Best CatBoost probability ranking; Best literature reproduction model,3
heloc,heldout_test_diagnostic,Best EBM/monotonic model: EBM,0.2,975,673,274,53,0.4084810126582279,0.40063291139240503,0.0,True,True,,False,Best CatBoost probability ranking; Best literature reproduction model,6
heloc,heldout_test_diagnostic,V2 final locked policy ranking,0.21,980,684,263,48,0.4041403621214549,0.393045986220157,0.0,True,True,same probability ranker as V2 locked manual-review policy,False,Best CatBoost probability ranking; Best literature reproduction model,4
heloc,heldout_test_diagnostic,Best CatBoost probability ranking,0.21,984,662,285,44,0.40912674250921327,0.393045986220157,0.0,True,True,,False,Best CatBoost probability ranking; Best literature reproduction model,1
heloc,heldout_test_diagnostic,Best Scorecard probability ranking,0.21,980,684,263,48,0.4041403621214549,0.393045986220157,0.0,True,True,,False,Best CatBoost probability ranking; Best literature reproduction model,4
heloc,heldout_test_diagnostic,Best literature reproduction model,0.21,984,662,285,44,0.40912674250921327,0.393045986220157,0.0,True,True,Best literature reproduction: CatBoost Balanced proxy,False,Best CatBoost probability ranking; Best literature reproduction model,1
heloc,heldout_test_diagnostic,SCRE-Optimized probability ranking,0.21,1028,947,0,0,0.393045986220157,0.393045986220157,0.0,False,True,weights renormalized over available components,False,Best CatBoost probability ranking; Best literature reproduction model,7
heloc,heldout_test_diagnostic,SCRE-Pareto probability ranking,0.21,991,712,235,37,0.40594135555199484,0.393045986220157,0.0,True,True,weights renormalized over available components,False,Best CatBoost probability ranking; Best literature reproduction model,3
heloc,heldout_test_diagnostic,Best EBM/monotonic model: EBM,0.21,968,649,298,60,0.402775196282647,0.393045986220157,0.0,True,True,,False,Best CatBoost probability ranking; Best literature reproduction model,6
heloc,heldout_test_diagnostic,V2 final locked policy ranking,0.22,978,665,282,50,0.40022070756247974,0.3852645245050308,0.0,True,True,same probability ranker as V2 locked manual-review policy,False,Best CatBoost probability ranking; Best literature reproduction model,4
heloc,heldout_test_diagnostic,Best CatBoost probability ranking,0.22,978,649,298,50,0.4025056799740344,0.3852645245050308,0.0,True,True,,False,Best CatBoost probability ranking; Best literature reproduction model,1
heloc,heldout_test_diagnostic,Best Scorecard probability ranking,0.22,978,665,282,50,0.40022070756247974,0.3852645245050308,0.0,True,True,,False,Best CatBoost probability ranking; Best literature reproduction model,4
heloc,heldout_test_diagnostic,Best literature reproduction model,0.22,978,649,298,50,0.4025056799740344,0.3852645245050308,0.0,True,True,Best literature reproduction: CatBoost Balanced proxy,False,Best CatBoost probability ranking; Best literature reproduction model,1
heloc,heldout_test_diagnostic,SCRE-Optimized probability ranking,0.22,1028,944,3,0,0.3856929568321973,0.3852645245050308,0.0,True,True,weights renormalized over available components,False,Best CatBoost probability ranking; Best literature reproduction model,7
heloc,heldout_test_diagnostic,SCRE-Pareto probability ranking,0.22,989,697,250,39,0.40122038299253493,0.3852645245050308,0.0,True,True,weights renormalized over available components,False,Best CatBoost probability ranking; Best literature reproduction model,3
heloc,heldout_test_diagnostic,Best EBM/monotonic model: EBM,0.22,968,649,298,60,0.3974423888347939,0.3852645245050308,0.0,True,True,,False,Best CatBoost probability ranking; Best literature reproduction model,6
heloc,heldout_test_diagnostic,V2 final locked policy ranking,0.23,974,637,310,54,0.3968239355581128,0.37728094690120006,0.0,True,True,same probability ranker as V2 locked manual-review policy,False,SCRE-Pareto probability ranking,2
heloc,heldout_test_diagnostic,Best CatBoost probability ranking,0.23,969,627,320,59,0.39580470162748643,0.37728094690120006,0.0,True,True,,False,SCRE-Pareto probability ranking,4
heloc,heldout_test_diagnostic,Best Scorecard probability ranking,0.23,974,637,310,54,0.3968239355581128,0.37728094690120006,0.0,True,True,,False,SCRE-Pareto probability ranking,2
heloc,heldout_test_diagnostic,Best literature reproduction model,0.23,969,627,320,59,0.39580470162748643,0.37728094690120006,0.0,True,True,Best literature reproduction: CatBoost Balanced proxy,False,SCRE-Pareto probability ranking,4
heloc,heldout_test_diagnostic,SCRE-Optimized probability ranking,0.23,1028,940,7,0,0.37833963504849577,0.37728094690120006,0.0,True,True,weights renormalized over available components,False,SCRE-Pareto probability ranking,7
heloc,heldout_test_diagnostic,SCRE-Pareto probability ranking,0.23,986,674,273,42,0.39730396186092387,0.37728094690120006,0.0,True,True,weights renormalized over available components,False,SCRE-Pareto probability ranking,1
heloc,heldout_test_diagnostic,Best EBM/monotonic model: EBM,0.23,968,648,299,60,0.39212230807167514,0.37728094690120006,0.0,True,True,,False,SCRE-Pareto probability ranking,6
heloc,heldout_test_diagnostic,V2 final locked policy ranking,0.24,962,611,336,66,0.3893937375083278,0.36908727514990003,0.0,True,True,same probability ranker as V2 locked manual-review policy,False,SCRE-Pareto probability ranking,5
heloc,heldout_test_diagnostic,Best CatBoost probability ranking,0.24,963,603,344,65,0.3911792138574284,0.36908727514990003,0.0,True,True,,False,SCRE-Pareto probability ranking,2
heloc,heldout_test_diagnostic,Best Scorecard probability ranking,0.24,962,611,336,66,0.3893937375083278,0.36908727514990003,0.0,True,True,,False,SCRE-Pareto probability ranking,5
heloc,heldout_test_diagnostic,Best literature reproduction model,0.24,963,603,344,65,0.3911792138574284,0.36908727514990003,0.0,True,True,Best literature reproduction: CatBoost Balanced proxy,False,SCRE-Pareto probability ranking,2
heloc,heldout_test_diagnostic,SCRE-Optimized probability ranking,0.24,1028,936,11,0,0.3708461025982678,0.36908727514990003,0.0,True,True,weights renormalized over available components,False,SCRE-Pareto probability ranking,7
heloc,heldout_test_diagnostic,SCRE-Pareto probability ranking,0.24,981,656,291,47,0.39181878747501664,0.36908727514990003,0.0,True,True,weights renormalized over available components,False,SCRE-Pareto probability ranking,1
heloc,heldout_test_diagnostic,Best EBM/monotonic model: EBM,0.24,952,576,371,76,0.38992671552298463,0.36908727514990003,0.0,True,True,,False,SCRE-Pareto probability ranking,4
heloc,heldout_test_diagnostic,V2 final locked policy ranking,0.25,957,597,350,71,0.3837974683544304,0.3606751054852321,0.0,True,True,same probability ranker as V2 locked manual-review policy,False,SCRE-Pareto probability ranking,5
heloc,heldout_test_diagnostic,Best CatBoost probability ranking,0.25,954,585,362,74,0.3843037974683544,0.3606751054852321,0.0,True,True,,False,SCRE-Pareto probability ranking,3
heloc,heldout_test_diagnostic,Best Scorecard probability ranking,0.25,957,597,350,71,0.3837974683544304,0.3606751054852321,0.0,True,True,,False,SCRE-Pareto probability ranking,5
heloc,heldout_test_diagnostic,Best literature reproduction model,0.25,954,585,362,74,0.3843037974683544,0.3606751054852321,0.0,True,True,Best literature reproduction: CatBoost Balanced proxy,False,SCRE-Pareto probability ranking,3
heloc,heldout_test_diagnostic,SCRE-Optimized probability ranking,0.25,1028,924,23,0,0.36455696202531646,0.3606751054852321,0.0,True,True,weights renormalized over available components,False,SCRE-Pareto probability ranking,7
heloc,heldout_test_diagnostic,SCRE-Pareto probability ranking,0.25,974,627,320,54,0.38734177215189874,0.3606751054852321,0.0,True,True,weights renormalized over available components,False,SCRE-Pareto probability ranking,1
heloc,heldout_test_diagnostic,Best EBM/monotonic model: EBM,0.25,952,576,371,76,0.3848101265822785,0.3606751054852321,0.0,True,True,,False,SCRE-Pareto probability ranking,2
heloc,heldout_test_diagnostic,V2 final locked policy ranking,0.26,951,578,369,77,0.37869312350325013,0.3520355798836811,0.0,True,True,same probability ranker as V2 locked manual-review policy,False,SCRE-Pareto probability ranking,5
heloc,heldout_test_diagnostic,Best CatBoost probability ranking,0.26,949,572,375,79,0.37874786178583647,0.3520355798836811,0.0,True,True,,False,SCRE-Pareto probability ranking,3
heloc,heldout_test_diagnostic,Best Scorecard probability ranking,0.26,951,578,369,77,0.37869312350325013,0.3520355798836811,0.0,True,True,,False,SCRE-Pareto probability ranking,5
heloc,heldout_test_diagnostic,Best literature reproduction model,0.26,949,572,375,79,0.37874786178583647,0.3520355798836811,0.0,True,True,Best literature reproduction: CatBoost Balanced proxy,False,SCRE-Pareto probability ranking,3
heloc,heldout_test_diagnostic,SCRE-Optimized probability ranking,0.26,1027,911,36,1,0.357933629832364,0.3520355798836811,0.0,True,True,weights renormalized over available components,False,SCRE-Pareto probability ranking,7
heloc,heldout_test_diagnostic,SCRE-Pareto probability ranking,0.26,967,610,337,61,0.381101607937051,0.3520355798836811,0.0,True,True,weights renormalized over available components,False,SCRE-Pareto probability ranking,1
heloc,heldout_test_diagnostic,Best EBM/monotonic model: EBM,0.26,952,576,371,76,0.3795552514539856,0.3520355798836811,0.0,True,True,,False,SCRE-Pareto probability ranking,2
heloc,heldout_test_diagnostic,V2 final locked policy ranking,0.27,943,559,388,85,0.3727830761227675,0.3431593549505808,0.0,True,True,same probability ranker as V2 locked manual-review policy,False,Best EBM/monotonic model: EBM,5
heloc,heldout_test_diagnostic,Best CatBoost probability ranking,0.27,943,555,392,85,0.3735321657707647,0.3431593549505808,0.0,True,True,,False,Best EBM/monotonic model: EBM,2
heloc,heldout_test_diagnostic,Best Scorecard probability ranking,0.27,943,559,388,85,0.3727830761227675,0.3431593549505808,0.0,True,True,,False,Best EBM/monotonic model: EBM,5
heloc,heldout_test_diagnostic,Best literature reproduction model,0.27,943,555,392,85,0.3735321657707647,0.3431593549505808,0.0,True,True,Best literature reproduction: CatBoost Balanced proxy,False,Best EBM/monotonic model: EBM,2
heloc,heldout_test_diagnostic,SCRE-Optimized probability ranking,0.27,1021,890,57,7,0.350289578637073,0.3431593549505808,0.0,True,True,weights renormalized over available components,False,Best EBM/monotonic model: EBM,7
heloc,heldout_test_diagnostic,SCRE-Pareto probability ranking,0.27,957,594,353,71,0.3733171492977284,0.3431593549505808,0.0,True,True,weights renormalized over available components,False,Best EBM/monotonic model: EBM,4
heloc,heldout_test_diagnostic,Best EBM/monotonic model: EBM,0.27,952,576,371,76,0.3741564071440957,0.3431593549505808,0.0,True,True,,False,Best EBM/monotonic model: EBM,1
heloc,heldout_test_diagnostic,V2 final locked policy ranking,0.28,939,542,405,89,0.36872011251758086,0.33403656821378336,0.0,True,True,same probability ranker as V2 locked manual-review policy,False,SCRE-Pareto probability ranking,4
heloc,heldout_test_diagnostic,Best CatBoost probability ranking,0.28,941,544,403,87,0.3693389592123769,0.33403656821378336,0.0,True,True,,False,SCRE-Pareto probability ranking,2
heloc,heldout_test_diagnostic,Best Scorecard probability ranking,0.28,939,542,405,89,0.36872011251758086,0.33403656821378336,0.0,True,True,,False,SCRE-Pareto probability ranking,4
heloc,heldout_test_diagnostic,Best literature reproduction model,0.28,941,544,403,87,0.3693389592123769,0.33403656821378336,0.0,True,True,Best literature reproduction: CatBoost Balanced proxy,False,SCRE-Pareto probability ranking,2
heloc,heldout_test_diagnostic,SCRE-Optimized probability ranking,0.28,1017,852,95,11,0.3471729957805907,0.33403656821378336,0.0,True,True,weights renormalized over available components,False,SCRE-Pareto probability ranking,7
heloc,heldout_test_diagnostic,SCRE-Pareto probability ranking,0.28,956,574,373,72,0.3710267229254571,0.33403656821378336,0.0,True,True,weights renormalized over available components,False,SCRE-Pareto probability ranking,1
heloc,heldout_test_diagnostic,Best EBM/monotonic model: EBM,0.28,952,576,371,76,0.3686075949367088,0.33403656821378336,0.0,True,True,,False,SCRE-Pareto probability ranking,6
heloc,heldout_test_diagnostic,V2 final locked policy ranking,0.29,932,526,421,96,0.3631164200392227,0.3246568015689071,0.0,True,True,same probability ranker as V2 locked manual-review policy,False,Best CatBoost probability ranking; Best literature reproduction model,4
heloc,heldout_test_diagnostic,Best CatBoost probability ranking,0.29,937,523,424,91,0.36626849705829917,0.3246568015689071,0.0,True,True,,False,Best CatBoost probability ranking; Best literature reproduction model,1
heloc,heldout_test_diagnostic,Best Scorecard probability ranking,0.29,932,526,421,96,0.3631164200392227,0.3246568015689071,0.0,True,True,,False,Best CatBoost probability ranking; Best literature reproduction model,4
heloc,heldout_test_diagnostic,Best literature reproduction model,0.29,937,523,424,91,0.36626849705829917,0.3246568015689071,0.0,True,True,Best literature reproduction: CatBoost Balanced proxy,False,Best CatBoost probability ranking; Best literature reproduction model,1
heloc,heldout_test_diagnostic,SCRE-Optimized probability ranking,0.29,1009,823,124,19,0.34068104831520774,0.3246568015689071,0.0,True,True,weights renormalized over available components,False,Best CatBoost probability ranking; Best literature reproduction model,7
heloc,heldout_test_diagnostic,SCRE-Pareto probability ranking,0.29,948,560,387,80,0.36418612943483686,0.3246568015689071,0.0,True,True,weights renormalized over available components,False,Best CatBoost probability ranking; Best literature reproduction model,3
heloc,heldout_test_diagnostic,Best EBM/monotonic model: EBM,0.29,952,576,371,76,0.3629024781600998,0.3246568015689071,0.0,True,True,,False,Best CatBoost probability ranking; Best literature reproduction model,6
heloc,heldout_test_diagnostic,V2 final locked policy ranking,0.3,926,513,434,102,0.35754068716094034,0.31500904159132004,0.0,True,True,same probability ranker as V2 locked manual-review policy,False,Best CatBoost probability ranking; Best literature reproduction model,4
heloc,heldout_test_diagnostic,Best CatBoost probability ranking,0.3,931,510,437,97,0.3607233273056058,0.31500904159132004,0.0,True,True,,False,Best CatBoost probability ranking; Best literature reproduction model,1
heloc,heldout_test_diagnostic,Best Scorecard probability ranking,0.3,926,513,434,102,0.35754068716094034,0.31500904159132004,0.0,True,True,,False,Best CatBoost probability ranking; Best literature reproduction model,4
heloc,heldout_test_diagnostic,Best literature reproduction model,0.3,931,510,437,97,0.3607233273056058,0.31500904159132004,0.0,True,True,Best literature reproduction: CatBoost Balanced proxy,False,Best CatBoost probability ranking; Best literature reproduction model,1
heloc,heldout_test_diagnostic,SCRE-Optimized probability ranking,0.3,1007,781,166,21,0.3403978300180831,0.31500904159132004,0.0,True,True,weights renormalized over available components,False,Best CatBoost probability ranking; Best literature reproduction model,7
heloc,heldout_test_diagnostic,SCRE-Pareto probability ranking,0.3,944,544,403,84,0.35992766726943937,0.31500904159132004,0.0,True,True,weights renormalized over available components,False,Best CatBoost probability ranking; Best literature reproduction model,3
heloc,heldout_test_diagnostic,Best EBM/monotonic model: EBM,0.3,952,576,371,76,0.3570343580470162,0.31500904159132004,0.0,True,True,,False,Best CatBoost probability ranking; Best literature reproduction model,6
heloc,heldout_test_diagnostic,V2 final locked policy ranking,0.31,921,497,450,107,0.3532709594569804,0.3050816363969913,0.0,True,True,same probability ranker as V2 locked manual-review policy,False,SCRE-Pareto probability ranking,4
heloc,heldout_test_diagnostic,Best CatBoost probability ranking,0.31,925,503,444,103,0.3539313887360117,0.3050816363969913,0.0,True,True,,False,SCRE-Pareto probability ranking,2
heloc,heldout_test_diagnostic,Best Scorecard probability ranking,0.31,921,497,450,107,0.3532709594569804,0.3050816363969913,0.0,True,True,,False,SCRE-Pareto probability ranking,4
heloc,heldout_test_diagnostic,Best literature reproduction model,0.31,925,503,444,103,0.3539313887360117,0.3050816363969913,0.0,True,True,Best literature reproduction: CatBoost Balanced proxy,False,SCRE-Pareto probability ranking,2
heloc,heldout_test_diagnostic,SCRE-Optimized probability ranking,0.31,998,760,187,30,0.33243074665199046,0.3050816363969913,0.0,True,True,weights renormalized over available components,False,SCRE-Pareto probability ranking,7
heloc,heldout_test_diagnostic,SCRE-Pareto probability ranking,0.31,938,527,420,90,0.35505411851036506,0.3050816363969913,0.0,True,True,weights renormalized over available components,False,SCRE-Pareto probability ranking,1
heloc,heldout_test_diagnostic,Best EBM/monotonic model: EBM,0.31,952,576,371,76,0.35099614749587227,0.3050816363969913,0.0,True,True,,False,SCRE-Pareto probability ranking,6
heloc,heldout_test_diagnostic,V2 final locked policy ranking,0.32,919,485,462,109,0.3497542814594192,0.2948622486969471,0.0,True,True,same probability ranker as V2 locked manual-review policy,False,SCRE-Pareto probability ranking,2
heloc,heldout_test_diagnostic,Best CatBoost probability ranking,0.32,920,492,455,108,0.3485927029039464,0.2948622486969471,0.0,True,True,,False,SCRE-Pareto probability ranking,5
heloc,heldout_test_diagnostic,Best Scorecard probability ranking,0.32,919,485,462,109,0.3497542814594192,0.2948622486969471,0.0,True,True,,False,SCRE-Pareto probability ranking,2
heloc,heldout_test_diagnostic,Best literature reproduction model,0.32,920,492,455,108,0.3485927029039464,0.2948622486969471,0.0,True,True,Best literature reproduction: CatBoost Balanced proxy,False,SCRE-Pareto probability ranking,5
heloc,heldout_test_diagnostic,SCRE-Optimized probability ranking,0.32,996,728,219,32,0.33084139985107963,0.2948622486969471,0.0,True,True,weights renormalized over available components,False,SCRE-Pareto probability ranking,7
heloc,heldout_test_diagnostic,SCRE-Pareto probability ranking,0.32,936,518,429,92,0.3504988830975428,0.2948622486969471,0.0,True,True,weights renormalized over available components,False,SCRE-Pareto probability ranking,1
heloc,heldout_test_diagnostic,Best EBM/monotonic model: EBM,0.32,873,392,555,155,0.34862248696947135,0.2948622486969471,0.0,True,True,,False,SCRE-Pareto probability ranking,4
heloc,heldout_test_diagnostic,V2 final locked policy ranking,0.33,911,471,476,117,0.3438050255053845,0.2843378046476478,0.0,True,True,same probability ranker as V2 locked manual-review policy,False,SCRE-Pareto probability ranking,3
heloc,heldout_test_diagnostic,Best CatBoost probability ranking,0.33,907,467,480,121,0.3427772529756282,0.2843378046476478,0.0,True,True,,False,SCRE-Pareto probability ranking,5
heloc,heldout_test_diagnostic,Best Scorecard probability ranking,0.33,911,471,476,117,0.3438050255053845,0.2843378046476478,0.0,True,True,,False,SCRE-Pareto probability ranking,3
heloc,heldout_test_diagnostic,Best literature reproduction model,0.33,907,467,480,121,0.3427772529756282,0.2843378046476478,0.0,True,True,Best literature reproduction: CatBoost Balanced proxy,False,SCRE-Pareto probability ranking,5
heloc,heldout_test_diagnostic,SCRE-Optimized probability ranking,0.33,989,701,246,39,0.325939920649915,0.2843378046476478,0.0,True,True,weights renormalized over available components,False,SCRE-Pareto probability ranking,7
heloc,heldout_test_diagnostic,SCRE-Pareto probability ranking,0.33,929,503,444,99,0.344938598148498,0.2843378046476478,0.0,True,True,weights renormalized over available components,False,SCRE-Pareto probability ranking,1
heloc,heldout_test_diagnostic,Best EBM/monotonic model: EBM,0.33,873,392,555,155,0.34426601171358395,0.2843378046476478,0.0,True,True,,False,SCRE-Pareto probability ranking,2
heloc,heldout_test_diagnostic,V2 final locked policy ranking,0.34,904,460,487,124,0.33773686229382427,0.2734944380514,0.0,True,True,same probability ranker as V2 locked manual-review policy,False,Best CatBoost probability ranking; Best literature reproduction model,5
heloc,heldout_test_diagnostic,Best CatBoost probability ranking,0.34,905,452,495,123,0.34032988108937473,0.2734944380514,0.0,True,True,,False,Best CatBoost probability ranking; Best literature reproduction model,1
heloc,heldout_test_diagnostic,Best Scorecard probability ranking,0.34,904,460,487,124,0.33773686229382427,0.2734944380514,0.0,True,True,,False,Best CatBoost probability ranking; Best literature reproduction model,5
heloc,heldout_test_diagnostic,Best literature reproduction model,0.34,905,452,495,123,0.34032988108937473,0.2734944380514,0.0,True,True,Best literature reproduction: CatBoost Balanced proxy,False,Best CatBoost probability ranking; Best literature reproduction model,1
heloc,heldout_test_diagnostic,SCRE-Optimized probability ranking,0.34,987,678,269,41,0.3228998849252014,0.2734944380514,0.0,True,True,weights renormalized over available components,False,Best CatBoost probability ranking; Best literature reproduction model,7
heloc,heldout_test_diagnostic,SCRE-Pareto probability ranking,0.34,922,491,456,106,0.33876486382815496,0.2734944380514,0.0,True,True,weights renormalized over available components,False,Best CatBoost probability ranking; Best literature reproduction model,4
heloc,heldout_test_diagnostic,Best EBM/monotonic model: EBM,0.34,873,392,555,155,0.33977752205600303,0.2734944380514,0.0,True,True,,False,Best CatBoost probability ranking; Best literature reproduction model,3
heloc,heldout_test_diagnostic,V2 final locked policy ranking,0.35,900,449,498,128,0.3332814021421616,0.262317429406037,0.0,True,True,same probability ranker as V2 locked manual-review policy,False,Best EBM/monotonic model: EBM,4
heloc,heldout_test_diagnostic,Best CatBoost probability ranking,0.35,897,442,505,131,0.33367088607594936,0.262317429406037,0.0,True,True,,False,Best EBM/monotonic model: EBM,2
heloc,heldout_test_diagnostic,Best Scorecard probability ranking,0.35,900,449,498,128,0.3332814021421616,0.262317429406037,0.0,True,True,,False,Best EBM/monotonic model: EBM,4
heloc,heldout_test_diagnostic,Best literature reproduction model,0.35,897,442,505,131,0.33367088607594936,0.262317429406037,0.0,True,True,Best literature reproduction: CatBoost Balanced proxy,False,Best EBM/monotonic model: EBM,2
heloc,heldout_test_diagnostic,SCRE-Optimized probability ranking,0.35,979,655,292,49,0.3171178188899708,0.262317429406037,0.0,True,True,weights renormalized over available components,False,Best EBM/monotonic model: EBM,7
heloc,heldout_test_diagnostic,SCRE-Pareto probability ranking,0.35,913,476,471,115,0.33250243427458614,0.262317429406037,0.0,True,True,weights renormalized over available components,False,Best EBM/monotonic model: EBM,6
heloc,heldout_test_diagnostic,Best EBM/monotonic model: EBM,0.35,873,392,555,155,0.33515092502434274,0.262317429406037,0.0,True,True,,False,Best EBM/monotonic model: EBM,1
heloc,heldout_test_diagnostic,V2 final locked policy ranking,0.36,895,439,508,133,0.328132911392405,0.2507911392405063,0.0,True,True,same probability ranker as V2 locked manual-review policy,False,Best EBM/monotonic model: EBM,5
heloc,heldout_test_diagnostic,Best CatBoost probability ranking,0.36,891,427,520,137,0.32952531645569616,0.2507911392405063,0.0,True,True,,False,Best EBM/monotonic model: EBM,3
heloc,heldout_test_diagnostic,Best Scorecard probability ranking,0.36,895,439,508,133,0.328132911392405,0.2507911392405063,0.0,True,True,,False,Best EBM/monotonic model: EBM,5
heloc,heldout_test_diagnostic,Best literature reproduction model,0.36,891,427,520,137,0.32952531645569616,0.2507911392405063,0.0,True,True,Best literature reproduction: CatBoost Balanced proxy,False,Best EBM/monotonic model: EBM,3
heloc,heldout_test_diagnostic,SCRE-Optimized probability ranking,0.36,973,629,318,55,0.3135126582278481,0.2507911392405063,0.0,True,True,weights renormalized over available components,False,Best EBM/monotonic model: EBM,7
heloc,heldout_test_diagnostic,SCRE-Pareto probability ranking,0.36,912,464,483,116,0.32962025316455695,0.2507911392405063,0.0,True,True,weights renormalized over available components,False,Best EBM/monotonic model: EBM,2
heloc,heldout_test_diagnostic,Best EBM/monotonic model: EBM,0.36,873,392,555,155,0.330379746835443,0.2507911392405063,0.0,True,True,,False,Best EBM/monotonic model: EBM,1
heloc,heldout_test_diagnostic,V2 final locked policy ranking,0.37,888,423,524,140,0.3238336347197106,0.2388989351014667,0.0,True,True,same probability ranker as V2 locked manual-review policy,False,Best CatBoost probability ranking; Best literature reproduction model,3
heloc,heldout_test_diagnostic,Best CatBoost probability ranking,0.37,886,411,536,142,0.3263893911995178,0.2388989351014667,0.0,True,True,,False,Best CatBoost probability ranking; Best literature reproduction model,1
heloc,heldout_test_diagnostic,Best Scorecard probability ranking,0.37,888,423,524,140,0.3238336347197106,0.2388989351014667,0.0,True,True,,False,Best CatBoost probability ranking; Best literature reproduction model,3
heloc,heldout_test_diagnostic,Best literature reproduction model,0.37,886,411,536,142,0.3263893911995178,0.2388989351014667,0.0,True,True,Best literature reproduction: CatBoost Balanced proxy,False,Best CatBoost probability ranking; Best literature reproduction model,1
heloc,heldout_test_diagnostic,SCRE-Optimized probability ranking,0.37,963,603,344,65,0.30828209764918624,0.2388989351014667,0.0,True,True,weights renormalized over available components,False,Best CatBoost probability ranking; Best literature reproduction model,7
heloc,heldout_test_diagnostic,SCRE-Pareto probability ranking,0.37,905,452,495,123,0.3238175607795861,0.2388989351014667,0.0,True,True,weights renormalized over available components,False,Best CatBoost probability ranking; Best literature reproduction model,5
heloc,heldout_test_diagnostic,Best EBM/monotonic model: EBM,0.37,858,373,574,170,0.3235121559172192,0.2388989351014667,0.0,True,True,,False,Best CatBoost probability ranking; Best literature reproduction model,6
heloc,heldout_test_diagnostic,V2 final locked policy ranking,0.38,879,414,533,149,0.31658636178031846,0.226623111474071,0.0,True,True,same probability ranker as V2 locked manual-review policy,False,Best CatBoost probability ranking; Best literature reproduction model,5
heloc,heldout_test_diagnostic,Best CatBoost probability ranking,0.38,884,401,546,144,0.3231523070641078,0.226623111474071,0.0,True,True,,False,Best CatBoost probability ranking; Best literature reproduction model,1
heloc,heldout_test_diagnostic,Best Scorecard probability ranking,0.38,879,414,533,149,0.31658636178031846,0.226623111474071,0.0,True,True,,False,Best CatBoost probability ranking; Best literature reproduction model,5
heloc,heldout_test_diagnostic,Best literature reproduction model,0.38,884,401,546,144,0.3231523070641078,0.226623111474071,0.0,True,True,Best literature reproduction: CatBoost Balanced proxy,False,Best CatBoost probability ranking; Best literature reproduction model,1
heloc,heldout_test_diagnostic,SCRE-Optimized probability ranking,0.38,957,586,361,71,0.3027031441404655,0.226623111474071,0.0,True,True,weights renormalized over available components,False,Best CatBoost probability ranking; Best literature reproduction model,7
heloc,heldout_test_diagnostic,SCRE-Pareto probability ranking,0.38,897,434,513,131,0.31949367088607594,0.226623111474071,0.0,True,True,weights renormalized over available components,False,Best CatBoost probability ranking; Best literature reproduction model,3
heloc,heldout_test_diagnostic,Best EBM/monotonic model: EBM,0.38,858,373,574,170,0.31867701102490814,0.226623111474071,0.0,True,True,,False,Best CatBoost probability ranking; Best literature reproduction model,4
heloc,heldout_test_diagnostic,V2 final locked policy ranking,0.39,870,403,544,158,0.3100477277443453,0.21394480182610492,0.0,True,True,same probability ranker as V2 locked manual-review policy,False,Best CatBoost probability ranking; Best literature reproduction model,5
heloc,heldout_test_diagnostic,Best CatBoost probability ranking,0.39,878,392,555,150,0.31765926540776096,0.21394480182610492,0.0,True,True,,False,Best CatBoost probability ranking; Best literature reproduction model,1
heloc,heldout_test_diagnostic,Best Scorecard probability ranking,0.39,870,403,544,158,0.3100477277443453,0.21394480182610492,0.0,True,True,,False,Best CatBoost probability ranking; Best literature reproduction model,5
heloc,heldout_test_diagnostic,Best literature reproduction model,0.39,878,392,555,150,0.31765926540776096,0.21394480182610492,0.0,True,True,Best literature reproduction: CatBoost Balanced proxy,False,Best CatBoost probability ranking; Best literature reproduction model,1
heloc,heldout_test_diagnostic,SCRE-Optimized probability ranking,0.39,949,565,382,79,0.2976053123054575,0.21394480182610492,0.0,True,True,weights renormalized over available components,False,Best CatBoost probability ranking; Best literature reproduction model,7
heloc,heldout_test_diagnostic,SCRE-Pareto probability ranking,0.39,889,414,533,139,0.31610707615687905,0.21394480182610492,0.0,True,True,weights renormalized over available components,False,Best CatBoost probability ranking; Best literature reproduction model,3
heloc,heldout_test_diagnostic,Best EBM/monotonic model: EBM,0.39,858,373,574,170,0.31368333679186555,0.21394480182610492,0.0,True,True,,False,Best CatBoost probability ranking; Best literature reproduction model,4
heloc,heldout_test_diagnostic,V2 final locked policy ranking,0.4,861,393,554,167,0.3032911392405063,0.20084388185654,0.0,True,True,same probability ranker as V2 locked manual-review policy,False,Best CatBoost probability ranking; Best literature reproduction model,5
heloc,heldout_test_diagnostic,Best CatBoost probability ranking,0.4,874,385,562,154,0.31257383966244723,0.20084388185654,0.0,True,True,,False,Best CatBoost probability ranking; Best literature reproduction model,1
heloc,heldout_test_diagnostic,Best Scorecard probability ranking,0.4,861,393,554,167,0.3032911392405063,0.20084388185654,0.0,True,True,,False,Best CatBoost probability ranking; Best literature reproduction model,5
heloc,heldout_test_diagnostic,Best literature reproduction model,0.4,874,385,562,154,0.31257383966244723,0.20084388185654,0.0,True,True,Best literature reproduction: CatBoost Balanced proxy,False,Best CatBoost probability ranking; Best literature reproduction model,1
heloc,heldout_test_diagnostic,SCRE-Optimized probability ranking,0.4,945,545,402,83,0.29451476793248943,0.20084388185654,0.0,True,True,weights renormalized over available components,False,Best CatBoost probability ranking; Best literature reproduction model,7
heloc,heldout_test_diagnostic,SCRE-Pareto probability ranking,0.4,883,400,547,145,0.31206751054852316,0.20084388185654,0.0,True,True,weights renormalized over available components,False,Best CatBoost probability ranking; Best literature reproduction model,3
heloc,heldout_test_diagnostic,Best EBM/monotonic model: EBM,0.4,858,373,574,170,0.3085232067510548,0.20084388185654,0.0,True,True,,False,Best CatBoost probability ranking; Best literature reproduction model,4
heloc,heldout_test_diagnostic,V2 final locked policy ranking,0.41,852,386,561,176,0.29557605664020603,0.18729886290495606,0.0,True,True,same probability ranker as V2 locked manual-review policy,False,Best CatBoost probability ranking; Best literature reproduction model,5
heloc,heldout_test_diagnostic,Best CatBoost probability ranking,0.41,860,359,588,168,0.3091267968247158,0.18729886290495606,0.0,True,True,,False,Best CatBoost probability ranking; Best literature reproduction model,1
heloc,heldout_test_diagnostic,Best Scorecard probability ranking,0.41,852,386,561,176,0.29557605664020603,0.18729886290495606,0.0,True,True,,False,Best CatBoost probability ranking; Best literature reproduction model,5
heloc,heldout_test_diagnostic,Best literature reproduction model,0.41,860,359,588,168,0.3091267968247158,0.18729886290495606,0.0,True,True,Best literature reproduction: CatBoost Balanced proxy,False,Best CatBoost probability ranking; Best literature reproduction model,1
heloc,heldout_test_diagnostic,SCRE-Optimized probability ranking,0.41,938,530,417,90,0.2884531216477152,0.18729886290495606,0.0,True,True,weights renormalized over available components,False,Best CatBoost probability ranking; Best literature reproduction model,7
heloc,heldout_test_diagnostic,SCRE-Pareto probability ranking,0.41,874,388,559,154,0.3060115854966746,0.18729886290495606,0.0,True,True,weights renormalized over available components,False,Best CatBoost probability ranking; Best literature reproduction model,3
heloc,heldout_test_diagnostic,Best EBM/monotonic model: EBM,0.41,858,373,574,170,0.30318815704784385,0.18729886290495606,0.0,True,True,,False,Best CatBoost probability ranking; Best literature reproduction model,4
heloc,heldout_test_diagnostic,V2 final locked policy ranking,0.42,847,373,574,181,0.292099519860323,0.1732867743343518,0.0,True,True,same probability ranker as V2 locked manual-review policy,False,Best CatBoost probability ranking; Best literature reproduction model,5
heloc,heldout_test_diagnostic,Best CatBoost probability ranking,0.42,857,355,592,171,0.3037625491051943,0.1732867743343518,0.0,True,True,,False,Best CatBoost probability ranking; Best literature reproduction model,1
heloc,heldout_test_diagnostic,Best Scorecard probability ranking,0.42,847,373,574,181,0.292099519860323,0.1732867743343518,0.0,True,True,,False,Best CatBoost probability ranking; Best literature reproduction model,5
heloc,heldout_test_diagnostic,Best literature reproduction model,0.42,857,355,592,171,0.3037625491051943,0.1732867743343518,0.0,True,True,Best literature reproduction: CatBoost Balanced proxy,False,Best CatBoost probability ranking; Best literature reproduction model,1
heloc,heldout_test_diagnostic,SCRE-Optimized probability ranking,0.42,933,519,428,95,0.28211261457878656,0.1732867743343518,0.0,True,True,weights renormalized over available components,False,Best CatBoost probability ranking; Best literature reproduction model,7
heloc,heldout_test_diagnostic,SCRE-Pareto probability ranking,0.42,868,379,568,160,0.30053251855085117,0.1732867743343518,0.0,True,True,weights renormalized over available components,False,Best CatBoost probability ranking; Best literature reproduction model,3
heloc,heldout_test_diagnostic,Best EBM/monotonic model: EBM,0.42,858,373,574,170,0.29766914011348755,0.1732867743343518,0.0,True,True,,False,Best CatBoost probability ranking; Best literature reproduction model,4
heloc,heldout_test_diagnostic,V2 final locked policy ranking,0.43,844,363,584,184,0.2886875416389074,0.1587830335332001,0.0,True,True,same probability ranker as V2 locked manual-review policy,False,Best CatBoost probability ranking; Best literature reproduction model,5
heloc,heldout_test_diagnostic,Best CatBoost probability ranking,0.43,853,354,593,175,0.29668221185876087,0.1587830335332001,0.0,True,True,,False,Best CatBoost probability ranking; Best literature reproduction model,1
heloc,heldout_test_diagnostic,Best Scorecard probability ranking,0.43,844,363,584,184,0.2886875416389074,0.1587830335332001,0.0,True,True,,False,Best CatBoost probability ranking; Best literature reproduction model,5
heloc,heldout_test_diagnostic,Best literature reproduction model,0.43,853,354,593,175,0.29668221185876087,0.1587830335332001,0.0,True,True,Best literature reproduction: CatBoost Balanced proxy,False,Best CatBoost probability ranking; Best literature reproduction model,1
heloc,heldout_test_diagnostic,SCRE-Optimized probability ranking,0.43,928,502,445,100,0.27812569398178993,0.1587830335332001,0.0,True,True,weights renormalized over available components,False,Best CatBoost probability ranking; Best literature reproduction model,7
heloc,heldout_test_diagnostic,SCRE-Pareto probability ranking,0.43,860,369,578,168,0.2944970019986676,0.1587830335332001,0.0,True,True,weights renormalized over available components,False,Best CatBoost probability ranking; Best literature reproduction model,3
heloc,heldout_test_diagnostic,Best EBM/monotonic model: EBM,0.43,857,373,574,171,0.2914501443482123,0.1587830335332001,0.0,True,True,,False,Best CatBoost probability ranking; Best literature reproduction model,4
heloc,heldout_test_diagnostic,V2 final locked policy ranking,0.44,834,349,598,194,0.28343580470162755,0.14376130198915005,0.0,True,True,same probability ranker as V2 locked manual-review policy,False,SCRE-Pareto probability ranking,5
heloc,heldout_test_diagnostic,Best CatBoost probability ranking,0.44,845,348,599,183,0.2894032549728752,0.14376130198915005,0.0,True,True,,False,SCRE-Pareto probability ranking,2
heloc,heldout_test_diagnostic,Best Scorecard probability ranking,0.44,834,349,598,194,0.28343580470162755,0.14376130198915005,0.0,True,True,,False,SCRE-Pareto probability ranking,5
heloc,heldout_test_diagnostic,Best literature reproduction model,0.44,845,348,599,183,0.2894032549728752,0.14376130198915005,0.0,True,True,Best literature reproduction: CatBoost Balanced proxy,False,SCRE-Pareto probability ranking,2
heloc,heldout_test_diagnostic,SCRE-Optimized probability ranking,0.44,923,486,461,105,0.273996383363472,0.14376130198915005,0.0,True,True,weights renormalized over available components,False,SCRE-Pareto probability ranking,7
heloc,heldout_test_diagnostic,SCRE-Pareto probability ranking,0.44,852,349,598,176,0.2925497287522604,0.14376130198915005,0.0,True,True,weights renormalized over available components,False,SCRE-Pareto probability ranking,1
heloc,heldout_test_diagnostic,Best EBM/monotonic model: EBM,0.44,857,373,574,171,0.28553345388788426,0.14376130198915005,0.0,True,True,,False,SCRE-Pareto probability ranking,4
heloc,heldout_test_diagnostic,V2 final locked policy ranking,0.45,825,340,607,203,0.27686996547756043,0.12819332566168007,0.0,True,True,same probability ranker as V2 locked manual-review policy,False,SCRE-Pareto probability ranking,5
heloc,heldout_test_diagnostic,Best CatBoost probability ranking,0.45,833,335,612,195,0.2829919447640967,0.12819332566168007,0.0,True,True,,False,SCRE-Pareto probability ranking,2
heloc,heldout_test_diagnostic,Best Scorecard probability ranking,0.45,825,340,607,203,0.27686996547756043,0.12819332566168007,0.0,True,True,,False,SCRE-Pareto probability ranking,5
heloc,heldout_test_diagnostic,Best literature reproduction model,0.45,833,335,612,195,0.2829919447640967,0.12819332566168007,0.0,True,True,Best literature reproduction: CatBoost Balanced proxy,False,SCRE-Pareto probability ranking,2
heloc,heldout_test_diagnostic,SCRE-Optimized probability ranking,0.45,912,470,477,116,0.2670655926352129,0.12819332566168007,0.0,True,True,weights renormalized over available components,False,SCRE-Pareto probability ranking,7
heloc,heldout_test_diagnostic,SCRE-Pareto probability ranking,0.45,839,341,606,189,0.2835443037974683,0.12819332566168007,0.0,True,True,weights renormalized over available components,False,SCRE-Pareto probability ranking,1
heloc,heldout_test_diagnostic,Best EBM/monotonic model: EBM,0.45,857,373,574,171,0.27940161104718064,0.12819332566168007,0.0,True,True,,False,SCRE-Pareto probability ranking,4
heloc,heldout_test_diagnostic,V2 final locked policy ranking,0.46,818,331,616,210,0.2714111579934365,0.11204875761837785,0.0,True,True,same probability ranker as V2 locked manual-review policy,False,Best CatBoost probability ranking; Best literature reproduction model,5
heloc,heldout_test_diagnostic,Best CatBoost probability ranking,0.46,824,321,626,204,0.2787623066104079,0.11204875761837785,0.0,True,True,,False,Best CatBoost probability ranking; Best literature reproduction model,1
heloc,heldout_test_diagnostic,Best Scorecard probability ranking,0.46,818,331,616,210,0.2714111579934365,0.11204875761837785,0.0,True,True,,False,Best CatBoost probability ranking; Best literature reproduction model,5
heloc,heldout_test_diagnostic,Best literature reproduction model,0.46,824,321,626,204,0.2787623066104079,0.11204875761837785,0.0,True,True,Best literature reproduction: CatBoost Balanced proxy,False,Best CatBoost probability ranking; Best literature reproduction model,1
heloc,heldout_test_diagnostic,SCRE-Optimized probability ranking,0.46,902,448,499,126,0.26347866854195967,0.11204875761837785,0.0,True,True,weights renormalized over available components,False,Best CatBoost probability ranking; Best literature reproduction model,7
heloc,heldout_test_diagnostic,SCRE-Pareto probability ranking,0.46,830,333,614,198,0.2766244725738397,0.11204875761837785,0.0,True,True,weights renormalized over available components,False,Best CatBoost probability ranking; Best literature reproduction model,3
heloc,heldout_test_diagnostic,Best EBM/monotonic model: EBM,0.46,742,236,711,286,0.27390529770276606,0.11204875761837785,0.0,True,True,,False,Best CatBoost probability ranking; Best literature reproduction model,4
heloc,heldout_test_diagnostic,V2 final locked policy ranking,0.47,811,317,630,217,0.26829711010269885,0.09529496059230952,0.0,True,True,same probability ranker as V2 locked manual-review policy,False,Best CatBoost probability ranking; Best literature reproduction model,4
heloc,heldout_test_diagnostic,Best CatBoost probability ranking,0.47,818,310,637,210,0.27498447575829954,0.09529496059230952,0.0,True,True,,False,Best CatBoost probability ranking; Best literature reproduction model,1
heloc,heldout_test_diagnostic,Best Scorecard probability ranking,0.47,811,317,630,217,0.26829711010269885,0.09529496059230952,0.0,True,True,,False,Best CatBoost probability ranking; Best literature reproduction model,4
heloc,heldout_test_diagnostic,Best literature reproduction model,0.47,818,310,637,210,0.27498447575829954,0.09529496059230952,0.0,True,True,Best literature reproduction: CatBoost Balanced proxy,False,Best CatBoost probability ranking; Best literature reproduction model,1
heloc,heldout_test_diagnostic,SCRE-Optimized probability ranking,0.47,897,435,512,131,0.2588583711487939,0.09529496059230952,0.0,True,True,weights renormalized over available components,False,Best CatBoost probability ranking; Best literature reproduction model,7
heloc,heldout_test_diagnostic,SCRE-Pareto probability ranking,0.47,825,325,622,203,0.2717936470026272,0.09529496059230952,0.0,True,True,weights renormalized over available components,False,Best CatBoost probability ranking; Best literature reproduction model,3
heloc,heldout_test_diagnostic,Best EBM/monotonic model: EBM,0.47,694,204,743,334,0.25979460234057794,0.09529496059230952,0.0,True,True,,False,Best CatBoost probability ranking; Best literature reproduction model,6
heloc,heldout_test_diagnostic,V2 final locked policy ranking,0.48,805,305,642,223,0.26504381694255114,0.07789678675754624,0.0,True,True,same probability ranker as V2 locked manual-review policy,False,Best CatBoost probability ranking; Best literature reproduction model,4
heloc,heldout_test_diagnostic,Best CatBoost probability ranking,0.48,814,306,641,214,0.2691333982473223,0.07789678675754624,0.0,True,True,,False,Best CatBoost probability ranking; Best literature reproduction model,1
heloc,heldout_test_diagnostic,Best Scorecard probability ranking,0.48,805,305,642,223,0.26504381694255114,0.07789678675754624,0.0,True,True,,False,Best CatBoost probability ranking; Best literature reproduction model,4
heloc,heldout_test_diagnostic,Best literature reproduction model,0.48,814,306,641,214,0.2691333982473223,0.07789678675754624,0.0,True,True,Best literature reproduction: CatBoost Balanced proxy,False,Best CatBoost probability ranking; Best literature reproduction model,1
heloc,heldout_test_diagnostic,SCRE-Optimized probability ranking,0.48,889,415,532,139,0.25616358325219085,0.07789678675754624,0.0,True,True,weights renormalized over available components,False,Best CatBoost probability ranking; Best literature reproduction model,6
heloc,heldout_test_diagnostic,SCRE-Pareto probability ranking,0.48,817,315,632,211,0.266445959104187,0.07789678675754624,0.0,True,True,weights renormalized over available components,False,Best CatBoost probability ranking; Best literature reproduction model,3
heloc,heldout_test_diagnostic,Best EBM/monotonic model: EBM,0.48,694,204,743,334,0.2560467380720545,0.07789678675754624,0.0,True,True,,False,Best CatBoost probability ranking; Best literature reproduction model,7
heloc,heldout_test_diagnostic,V2 final locked policy ranking,0.49,793,296,651,235,0.25752295855050883,0.05981633159592953,0.0,True,True,same probability ranker as V2 locked manual-review policy,False,SCRE-Pareto probability ranking,4
heloc,heldout_test_diagnostic,Best CatBoost probability ranking,0.49,795,292,655,233,0.2604815090593199,0.05981633159592953,0.0,True,True,,False,SCRE-Pareto probability ranking,2
heloc,heldout_test_diagnostic,Best Scorecard probability ranking,0.49,793,296,651,235,0.25752295855050883,0.05981633159592953,0.0,True,True,,False,SCRE-Pareto probability ranking,4
heloc,heldout_test_diagnostic,Best literature reproduction model,0.49,795,292,655,233,0.2604815090593199,0.05981633159592953,0.0,True,True,Best literature reproduction: CatBoost Balanced proxy,False,SCRE-Pareto probability ranking,2
heloc,heldout_test_diagnostic,SCRE-Optimized probability ranking,0.49,884,398,549,144,0.2539786547530405,0.05981633159592953,0.0,True,True,weights renormalized over available components,False,SCRE-Pareto probability ranking,6
heloc,heldout_test_diagnostic,SCRE-Pareto probability ranking,0.49,805,302,645,223,0.2606800694961529,0.05981633159592953,0.0,True,True,weights renormalized over available components,False,SCRE-Pareto probability ranking,1
heloc,heldout_test_diagnostic,Best EBM/monotonic model: EBM,0.49,694,204,743,334,0.2521518987341772,0.05981633159592953,0.0,True,True,,False,SCRE-Pareto probability ranking,7
heloc,heldout_test_diagnostic,V2 final locked policy ranking,0.5,779,285,662,249,0.250126582278481,0.04101265822784805,0.0,True,True,same probability ranker as V2 locked manual-review policy,False,Best CatBoost probability ranking; Best literature reproduction model,4
heloc,heldout_test_diagnostic,Best CatBoost probability ranking,0.5,791,288,659,237,0.25468354430379747,0.04101265822784805,0.0,True,True,,False,Best CatBoost probability ranking; Best literature reproduction model,1
heloc,heldout_test_diagnostic,Best Scorecard probability ranking,0.5,779,285,662,249,0.250126582278481,0.04101265822784805,0.0,True,True,,False,Best CatBoost probability ranking; Best literature reproduction model,4
heloc,heldout_test_diagnostic,Best literature reproduction model,0.5,791,288,659,237,0.25468354430379747,0.04101265822784805,0.0,True,True,Best literature reproduction: CatBoost Balanced proxy,False,Best CatBoost probability ranking; Best literature reproduction model,1
heloc,heldout_test_diagnostic,SCRE-Optimized probability ranking,0.5,879,387,560,149,0.24911392405063287,0.04101265822784805,0.0,True,True,weights renormalized over available components,False,Best CatBoost probability ranking; Best literature reproduction model,6
heloc,heldout_test_diagnostic,SCRE-Pareto probability ranking,0.5,793,291,656,235,0.25417721518987346,0.04101265822784805,0.0,True,True,weights renormalized over available components,False,Best CatBoost probability ranking; Best literature reproduction model,3
heloc,heldout_test_diagnostic,Best EBM/monotonic model: EBM,0.5,694,204,743,334,0.2481012658227848,0.04101265822784805,0.0,True,True,,False,Best CatBoost probability ranking; Best literature reproduction model,7
heloc,heldout_test_diagnostic,V2 final locked policy ranking,0.51,773,277,670,255,0.24541462154482047,0.02144148798760004,0.0,True,True,same probability ranker as V2 locked manual-review policy,False,SCRE-Pareto probability ranking,4
heloc,heldout_test_diagnostic,Best CatBoost probability ranking,0.51,773,276,671,255,0.24594161715319038,0.02144148798760004,0.0,True,True,,False,SCRE-Pareto probability ranking,2
heloc,heldout_test_diagnostic,Best Scorecard probability ranking,0.51,773,277,670,255,0.24541462154482047,0.02144148798760004,0.0,True,True,,False,SCRE-Pareto probability ranking,4
heloc,heldout_test_diagnostic,Best literature reproduction model,0.51,773,276,671,255,0.24594161715319038,0.02144148798760004,0.0,True,True,Best literature reproduction: CatBoost Balanced proxy,False,SCRE-Pareto probability ranking,2
heloc,heldout_test_diagnostic,SCRE-Optimized probability ranking,0.51,870,376,571,158,0.2423559803668303,0.02144148798760004,0.0,True,True,weights renormalized over available components,False,SCRE-Pareto probability ranking,7
heloc,heldout_test_diagnostic,SCRE-Pareto probability ranking,0.51,783,285,662,245,0.2462619478171015,0.02144148798760004,0.0,True,True,weights renormalized over available components,False,SCRE-Pareto probability ranking,1
heloc,heldout_test_diagnostic,Best EBM/monotonic model: EBM,0.51,693,204,743,335,0.24337897184190133,0.02144148798760004,0.0,True,True,,False,SCRE-Pareto probability ranking,6
heloc,heldout_test_diagnostic,V2 final locked policy ranking,0.52,758,271,676,270,0.23514767932489453,0.001054852320675037,0.0,True,True,same probability ranker as V2 locked manual-review policy,False,Best CatBoost probability ranking; Best literature reproduction model,6
heloc,heldout_test_diagnostic,Best CatBoost probability ranking,0.52,771,270,677,257,0.24227848101265817,0.001054852320675037,0.0,True,True,,False,Best CatBoost probability ranking; Best literature reproduction model,1
heloc,heldout_test_diagnostic,Best Scorecard probability ranking,0.52,758,271,676,270,0.23514767932489453,0.001054852320675037,0.0,True,True,,False,Best CatBoost probability ranking; Best literature reproduction model,6
heloc,heldout_test_diagnostic,Best literature reproduction model,0.52,771,270,677,257,0.24227848101265817,0.001054852320675037,0.0,True,True,Best literature reproduction: CatBoost Balanced proxy,False,Best CatBoost probability ranking; Best literature reproduction model,1
heloc,heldout_test_diagnostic,SCRE-Optimized probability ranking,0.52,858,360,587,170,0.2369620253164557,0.001054852320675037,0.0,True,True,weights renormalized over available components,False,Best CatBoost probability ranking; Best literature reproduction model,5
heloc,heldout_test_diagnostic,SCRE-Pareto probability ranking,0.52,775,278,669,253,0.23991561181434595,0.001054852320675037,0.0,True,True,weights renormalized over available components,False,Best CatBoost probability ranking; Best literature reproduction model,3
heloc,heldout_test_diagnostic,Best EBM/monotonic model: EBM,0.52,693,204,743,335,0.23898734177215192,0.001054852320675037,0.0,True,True,,False,Best CatBoost probability ranking; Best literature reproduction model,4
heloc,heldout_test_diagnostic,V2 final locked policy ranking,0.53,750,259,688,278,0.23186641529760302,-0.02019929975760859,0.0,True,True,same probability ranker as V2 locked manual-review policy,False,Best CatBoost probability ranking; Best literature reproduction model,5
heloc,heldout_test_diagnostic,Best CatBoost probability ranking,0.53,764,259,688,264,0.2389550228925397,-0.02019929975760859,0.0,True,True,,False,Best CatBoost probability ranking; Best literature reproduction model,1
heloc,heldout_test_diagnostic,Best Scorecard probability ranking,0.53,750,259,688,278,0.23186641529760302,-0.02019929975760859,0.0,True,True,,False,Best CatBoost probability ranking; Best literature reproduction model,5
heloc,heldout_test_diagnostic,Best literature reproduction model,0.53,764,259,688,264,0.2389550228925397,-0.02019929975760859,0.0,True,True,Best literature reproduction: CatBoost Balanced proxy,False,Best CatBoost probability ranking; Best literature reproduction model,1
heloc,heldout_test_diagnostic,SCRE-Optimized probability ranking,0.53,846,347,600,182,0.2302289253972529,-0.02019929975760859,0.0,True,True,weights renormalized over available components,False,Best CatBoost probability ranking; Best literature reproduction model,7
heloc,heldout_test_diagnostic,SCRE-Pareto probability ranking,0.53,765,269,678,263,0.2337516832749798,-0.02019929975760859,0.0,True,True,weights renormalized over available components,False,Best CatBoost probability ranking; Best literature reproduction model,4
heloc,heldout_test_diagnostic,Best EBM/monotonic model: EBM,0.53,693,204,743,335,0.234408833827094,-0.02019929975760859,0.0,True,True,,False,Best CatBoost probability ranking; Best literature reproduction model,3
heloc,heldout_test_diagnostic,V2 final locked policy ranking,0.54,743,247,700,285,0.22938910291689596,-0.042377545404512995,0.0,True,True,same probability ranker as V2 locked manual-review policy,False,Best CatBoost probability ranking; Best literature reproduction model,4
heloc,heldout_test_diagnostic,Best CatBoost probability ranking,0.54,755,251,696,273,0.23308750687947163,-0.042377545404512995,0.0,True,True,,False,Best CatBoost probability ranking; Best literature reproduction model,1
heloc,heldout_test_diagnostic,Best Scorecard probability ranking,0.54,743,247,700,285,0.22938910291689596,-0.042377545404512995,0.0,True,True,,False,Best CatBoost probability ranking; Best literature reproduction model,4
heloc,heldout_test_diagnostic,Best literature reproduction model,0.54,755,251,696,273,0.23308750687947163,-0.042377545404512995,0.0,True,True,Best literature reproduction: CatBoost Balanced proxy,False,Best CatBoost probability ranking; Best literature reproduction model,1
heloc,heldout_test_diagnostic,SCRE-Optimized probability ranking,0.54,835,336,611,193,0.22307099614749584,-0.042377545404512995,0.0,True,True,weights renormalized over available components,False,Best CatBoost probability ranking; Best literature reproduction model,7
heloc,heldout_test_diagnostic,SCRE-Pareto probability ranking,0.54,757,259,688,271,0.2293450742982939,-0.042377545404512995,0.0,True,True,weights renormalized over available components,False,Best CatBoost probability ranking; Best literature reproduction model,6
heloc,heldout_test_diagnostic,Best EBM/monotonic model: EBM,0.54,693,204,743,335,0.2296312603192075,-0.042377545404512995,0.0,True,True,,False,Best CatBoost probability ranking; Best literature reproduction model,3
heloc,heldout_test_diagnostic,V2 final locked policy ranking,0.55,734,241,706,294,0.22250351617440225,-0.0655414908579468,0.0,True,True,same probability ranker as V2 locked manual-review policy,False,Best CatBoost probability ranking; Best literature reproduction model,5
heloc,heldout_test_diagnostic,Best CatBoost probability ranking,0.55,750,244,703,278,0.22874824191279886,-0.0655414908579468,0.0,True,True,,False,Best CatBoost probability ranking; Best literature reproduction model,1
heloc,heldout_test_diagnostic,Best Scorecard probability ranking,0.55,734,241,706,294,0.22250351617440225,-0.0655414908579468,0.0,True,True,,False,Best CatBoost probability ranking; Best literature reproduction model,5
heloc,heldout_test_diagnostic,Best literature reproduction model,0.55,750,244,703,278,0.22874824191279886,-0.0655414908579468,0.0,True,True,Best literature reproduction: CatBoost Balanced proxy,False,Best CatBoost probability ranking; Best literature reproduction model,1
heloc,heldout_test_diagnostic,SCRE-Optimized probability ranking,0.55,827,329,618,201,0.21513361462728545,-0.0655414908579468,0.0,True,True,weights renormalized over available components,False,Best CatBoost probability ranking; Best literature reproduction model,7
heloc,heldout_test_diagnostic,SCRE-Pareto probability ranking,0.55,749,247,700,279,0.2263853727144866,-0.0655414908579468,0.0,True,True,weights renormalized over available components,False,Best CatBoost probability ranking; Best literature reproduction model,3
heloc,heldout_test_diagnostic,Best EBM/monotonic model: EBM,0.55,693,204,743,335,0.22464135021097045,-0.0655414908579468,0.0,True,True,,False,Best CatBoost probability ranking; Best literature reproduction model,4
heloc,heldout_test_diagnostic,V2 final locked policy ranking,0.56,722,232,715,306,0.2160644418872267,-0.08975834292290008,0.0,True,True,same probability ranker as V2 locked manual-review policy,False,SCRE-Pareto probability ranking,5
heloc,heldout_test_diagnostic,Best CatBoost probability ranking,0.56,727,235,712,301,0.216662830840046,-0.08975834292290008,0.0,True,True,,False,SCRE-Pareto probability ranking,3
heloc,heldout_test_diagnostic,Best Scorecard probability ranking,0.56,722,232,715,306,0.2160644418872267,-0.08975834292290008,0.0,True,True,,False,SCRE-Pareto probability ranking,5
heloc,heldout_test_diagnostic,Best literature reproduction model,0.56,727,235,712,301,0.216662830840046,-0.08975834292290008,0.0,True,True,Best literature reproduction: CatBoost Balanced proxy,False,SCRE-Pareto probability ranking,3
heloc,heldout_test_diagnostic,SCRE-Optimized probability ranking,0.56,817,314,633,211,0.21132336018411965,-0.08975834292290008,0.0,True,True,weights renormalized over available components,False,SCRE-Pareto probability ranking,7
heloc,heldout_test_diagnostic,SCRE-Pareto probability ranking,0.56,739,234,713,289,0.22338319907940157,-0.08975834292290008,0.0,True,True,weights renormalized over available components,False,SCRE-Pareto probability ranking,1
heloc,heldout_test_diagnostic,Best EBM/monotonic model: EBM,0.56,693,204,743,335,0.2194246260069045,-0.08975834292290008,0.0,True,True,,False,SCRE-Pareto probability ranking,2
heloc,heldout_test_diagnostic,V2 final locked policy ranking,0.57,711,219,728,317,0.21301148071828085,-0.11510156020017648,0.0,True,True,same probability ranker as V2 locked manual-review policy,False,SCRE-Pareto probability ranking,3
heloc,heldout_test_diagnostic,Best CatBoost probability ranking,0.57,712,228,719,316,0.20747718575213428,-0.11510156020017648,0.0,True,True,,False,SCRE-Pareto probability ranking,5
heloc,heldout_test_diagnostic,Best Scorecard probability ranking,0.57,711,219,728,317,0.21301148071828085,-0.11510156020017648,0.0,True,True,,False,SCRE-Pareto probability ranking,3
heloc,heldout_test_diagnostic,Best literature reproduction model,0.57,712,228,719,316,0.20747718575213428,-0.11510156020017648,0.0,True,True,Best literature reproduction: CatBoost Balanced proxy,False,SCRE-Pareto probability ranking,5
heloc,heldout_test_diagnostic,SCRE-Optimized probability ranking,0.57,805,304,643,223,0.20355607889314106,-0.11510156020017648,0.0,True,True,weights renormalized over available components,False,SCRE-Pareto probability ranking,7
heloc,heldout_test_diagnostic,SCRE-Pareto probability ranking,0.57,730,226,721,298,0.21793347070944957,-0.11510156020017648,0.0,True,True,weights renormalized over available components,False,SCRE-Pareto probability ranking,1
heloc,heldout_test_diagnostic,Best EBM/monotonic model: EBM,0.57,693,204,743,335,0.21396526346776573,-0.11510156020017648,0.0,True,True,,False,SCRE-Pareto probability ranking,2
heloc,heldout_test_diagnostic,V2 final locked policy ranking,0.58,699,208,739,329,0.2084870403857746,-0.14165159734779986,0.0,True,True,same probability ranker as V2 locked manual-review policy,False,SCRE-Pareto probability ranking,2
heloc,heldout_test_diagnostic,Best CatBoost probability ranking,0.58,707,220,727,321,0.20414707655213987,-0.14165159734779986,0.0,True,True,,False,SCRE-Pareto probability ranking,5
heloc,heldout_test_diagnostic,Best Scorecard probability ranking,0.58,699,208,739,329,0.2084870403857746,-0.14165159734779986,0.0,True,True,,False,SCRE-Pareto probability ranking,2
heloc,heldout_test_diagnostic,Best literature reproduction model,0.58,707,220,727,321,0.20414707655213987,-0.14165159734779986,0.0,True,True,Best literature reproduction: CatBoost Balanced proxy,False,SCRE-Pareto probability ranking,5
heloc,heldout_test_diagnostic,SCRE-Optimized probability ranking,0.58,797,290,657,231,0.20077154912597955,-0.14165159734779986,0.0,True,True,weights renormalized over available components,False,SCRE-Pareto probability ranking,7
heloc,heldout_test_diagnostic,SCRE-Pareto probability ranking,0.58,719,217,730,309,0.21232067510548525,-0.14165159734779986,0.0,True,True,weights renormalized over available components,False,SCRE-Pareto probability ranking,1
heloc,heldout_test_diagnostic,Best EBM/monotonic model: EBM,0.58,693,204,743,335,0.208245931283906,-0.14165159734779986,0.0,True,True,,False,SCRE-Pareto probability ranking,4
heloc,heldout_test_diagnostic,V2 final locked policy ranking,0.59,682,192,755,346,0.2054214263661624,-0.1694967582587218,0.0,True,True,same probability ranker as V2 locked manual-review policy,False,V2 final locked policy ranking; Best Scorecard probability ranking,1
heloc,heldout_test_diagnostic,Best CatBoost probability ranking,0.59,703,216,731,325,0.19856745909231246,-0.1694967582587218,0.0,True,True,,False,V2 final locked policy ranking; Best Scorecard probability ranking,5
heloc,heldout_test_diagnostic,Best Scorecard probability ranking,0.59,682,192,755,346,0.2054214263661624,-0.1694967582587218,0.0,True,True,,False,V2 final locked policy ranking; Best Scorecard probability ranking,1
heloc,heldout_test_diagnostic,Best literature reproduction model,0.59,703,216,731,325,0.19856745909231246,-0.1694967582587218,0.0,True,True,Best literature reproduction: CatBoost Balanced proxy,False,V2 final locked policy ranking; Best Scorecard probability ranking,5
heloc,heldout_test_diagnostic,SCRE-Optimized probability ranking,0.59,783,283,664,245,0.19025625192960793,-0.1694967582587218,0.0,True,True,weights renormalized over available components,False,V2 final locked policy ranking; Best Scorecard probability ranking,7
heloc,heldout_test_diagnostic,SCRE-Pareto probability ranking,0.59,710,212,735,318,0.20502624266748998,-0.1694967582587218,0.0,True,True,weights renormalized over available components,False,V2 final locked policy ranking; Best Scorecard probability ranking,3
heloc,heldout_test_diagnostic,Best EBM/monotonic model: EBM,0.59,665,186,761,363,0.20118555109601732,-0.1694967582587218,0.0,True,True,,False,V2 final locked policy ranking; Best Scorecard probability ranking,4
heloc,heldout_test_diagnostic,V2 final locked policy ranking,0.6,665,183,764,363,0.1977215189873418,-0.19873417721518982,0.0,True,True,same probability ranker as V2 locked manual-review policy,False,V2 final locked policy ranking; Best Scorecard probability ranking,1
heloc,heldout_test_diagnostic,Best CatBoost probability ranking,0.6,679,196,751,349,0.1949367088607595,-0.19873417721518982,0.0,True,True,,False,V2 final locked policy ranking; Best Scorecard probability ranking,4
heloc,heldout_test_diagnostic,Best Scorecard probability ranking,0.6,665,183,764,363,0.1977215189873418,-0.19873417721518982,0.0,True,True,,False,V2 final locked policy ranking; Best Scorecard probability ranking,1
heloc,heldout_test_diagnostic,Best literature reproduction model,0.6,679,196,751,349,0.1949367088607595,-0.19873417721518982,0.0,True,True,Best literature reproduction: CatBoost Balanced proxy,False,V2 final locked policy ranking; Best Scorecard probability ranking,4
heloc,heldout_test_diagnostic,SCRE-Optimized probability ranking,0.6,770,269,678,258,0.18556962025316462,-0.19873417721518982,0.0,True,True,weights renormalized over available components,False,V2 final locked policy ranking; Best Scorecard probability ranking,7
heloc,heldout_test_diagnostic,SCRE-Pareto probability ranking,0.6,694,209,738,334,0.19265822784810127,-0.19873417721518982,0.0,True,True,weights renormalized over available components,False,V2 final locked policy ranking; Best Scorecard probability ranking,6
heloc,heldout_test_diagnostic,Best EBM/monotonic model: EBM,0.6,665,186,761,363,0.1954430379746836,-0.19873417721518982,0.0,True,True,,False,V2 final locked policy ranking; Best Scorecard probability ranking,3
heloc,heldout_test_diagnostic,V2 final locked policy ranking,0.61,652,178,769,376,0.18915936384290816,-0.22947095098993842,0.0,True,True,same probability ranker as V2 locked manual-review policy,False,SCRE-Pareto probability ranking,3
heloc,heldout_test_diagnostic,Best CatBoost probability ranking,0.61,643,176,771,385,0.18618630314832846,-0.22947095098993842,0.0,True,True,,False,SCRE-Pareto probability ranking,5
heloc,heldout_test_diagnostic,Best Scorecard probability ranking,0.61,652,178,769,376,0.18915936384290816,-0.22947095098993842,0.0,True,True,,False,SCRE-Pareto probability ranking,3
heloc,heldout_test_diagnostic,Best literature reproduction model,0.61,643,176,771,385,0.18618630314832846,-0.22947095098993842,0.0,True,True,Best literature reproduction: CatBoost Balanced proxy,False,SCRE-Pareto probability ranking,5
heloc,heldout_test_diagnostic,SCRE-Optimized probability ranking,0.61,761,262,685,267,0.17782538136968518,-0.22947095098993842,0.0,True,True,weights renormalized over available components,False,SCRE-Pareto probability ranking,7
heloc,heldout_test_diagnostic,SCRE-Pareto probability ranking,0.61,683,195,752,345,0.19139240506329114,-0.22947095098993842,0.0,True,True,weights renormalized over available components,False,SCRE-Pareto probability ranking,1
heloc,heldout_test_diagnostic,Best EBM/monotonic model: EBM,0.61,665,186,761,363,0.18940603700097372,-0.22947095098993842,0.0,True,True,,False,SCRE-Pareto probability ranking,2
heloc,heldout_test_diagnostic,V2 final locked policy ranking,0.62,638,169,778,390,0.18342438374417053,-0.26182544970019994,0.0,True,True,same probability ranker as V2 locked manual-review policy,False,SCRE-Pareto probability ranking,3
heloc,heldout_test_diagnostic,Best CatBoost probability ranking,0.62,636,172,775,392,0.1799333777481679,-0.26182544970019994,0.0,True,True,,False,SCRE-Pareto probability ranking,5
heloc,heldout_test_diagnostic,Best Scorecard probability ranking,0.62,638,169,778,390,0.18342438374417053,-0.26182544970019994,0.0,True,True,,False,SCRE-Pareto probability ranking,3
heloc,heldout_test_diagnostic,Best literature reproduction model,0.62,636,172,775,392,0.1799333777481679,-0.26182544970019994,0.0,True,True,Best literature reproduction: CatBoost Balanced proxy,False,SCRE-Pareto probability ranking,5
heloc,heldout_test_diagnostic,SCRE-Optimized probability ranking,0.62,752,252,695,276,0.1725782811459027,-0.26182544970019994,0.0,True,True,weights renormalized over available components,False,SCRE-Pareto probability ranking,7
heloc,heldout_test_diagnostic,SCRE-Pareto probability ranking,0.62,667,182,765,361,0.18736842105263157,-0.26182544970019994,0.0,True,True,weights renormalized over available components,False,SCRE-Pareto probability ranking,1
heloc,heldout_test_diagnostic,Best EBM/monotonic model: EBM,0.62,644,171,776,384,0.1848101265822785,-0.26182544970019994,0.0,True,True,,False,SCRE-Pareto probability ranking,2
heloc,heldout_test_diagnostic,V2 final locked policy ranking,0.63,627,162,785,401,0.17780362641122135,-0.29592884023263777,0.0,True,True,same probability ranker as V2 locked manual-review policy,False,SCRE-Pareto probability ranking,3
heloc,heldout_test_diagnostic,Best CatBoost probability ranking,0.63,626,170,777,402,0.17040027369141292,-0.29592884023263777,0.0,True,True,,False,SCRE-Pareto probability ranking,5
heloc,heldout_test_diagnostic,Best Scorecard probability ranking,0.63,627,162,785,401,0.17780362641122135,-0.29592884023263777,0.0,True,True,,False,SCRE-Pareto probability ranking,3
heloc,heldout_test_diagnostic,Best literature reproduction model,0.63,626,170,777,402,0.17040027369141292,-0.29592884023263777,0.0,True,True,Best literature reproduction: CatBoost Balanced proxy,False,SCRE-Pareto probability ranking,5
heloc,heldout_test_diagnostic,SCRE-Optimized probability ranking,0.63,742,242,705,286,0.16706123845364357,-0.29592884023263777,0.0,True,True,weights renormalized over available components,False,SCRE-Pareto probability ranking,7
heloc,heldout_test_diagnostic,SCRE-Pareto probability ranking,0.63,652,172,775,376,0.18184057475196716,-0.29592884023263777,0.0,True,True,weights renormalized over available components,False,SCRE-Pareto probability ranking,1
heloc,heldout_test_diagnostic,Best EBM/monotonic model: EBM,0.63,643,170,777,385,0.1790078686281218,-0.29592884023263777,0.0,True,True,,False,SCRE-Pareto probability ranking,2
heloc,heldout_test_diagnostic,V2 final locked policy ranking,0.64,610,151,796,418,0.17293952180028127,-0.3319268635724333,0.0,True,True,same probability ranker as V2 locked manual-review policy,False,Best EBM/monotonic model: EBM,3
heloc,heldout_test_diagnostic,Best CatBoost probability ranking,0.64,619,167,780,409,0.1630942334739803,-0.3319268635724333,0.0,True,True,,False,Best EBM/monotonic model: EBM,5
heloc,heldout_test_diagnostic,Best Scorecard probability ranking,0.64,610,151,796,418,0.17293952180028127,-0.3319268635724333,0.0,True,True,,False,Best EBM/monotonic model: EBM,3
heloc,heldout_test_diagnostic,Best literature reproduction model,0.64,619,167,780,409,0.1630942334739803,-0.3319268635724333,0.0,True,True,Best literature reproduction: CatBoost Balanced proxy,False,Best EBM/monotonic model: EBM,5
heloc,heldout_test_diagnostic,SCRE-Optimized probability ranking,0.64,728,230,717,300,0.16157524613220814,-0.3319268635724333,0.0,True,True,weights renormalized over available components,False,Best EBM/monotonic model: EBM,7
heloc,heldout_test_diagnostic,SCRE-Pareto probability ranking,0.64,630,162,785,398,0.1731645569620253,-0.3319268635724333,0.0,True,True,weights renormalized over available components,False,Best EBM/monotonic model: EBM,2
heloc,heldout_test_diagnostic,Best EBM/monotonic model: EBM,0.64,643,169,778,385,0.17344585091420534,-0.3319268635724333,0.0,True,True,,False,Best EBM/monotonic model: EBM,1
heloc,heldout_test_diagnostic,V2 final locked policy ranking,0.65,594,146,801,434,0.16347197106690772,-0.36998191681736003,0.0,True,True,same probability ranker as V2 locked manual-review policy,False,SCRE-Pareto probability ranking,3
heloc,heldout_test_diagnostic,Best CatBoost probability ranking,0.65,614,163,784,414,0.15761301989150087,-0.36998191681736003,0.0,True,True,,False,SCRE-Pareto probability ranking,6
heloc,heldout_test_diagnostic,Best Scorecard probability ranking,0.65,594,146,801,434,0.16347197106690772,-0.36998191681736003,0.0,True,True,,False,SCRE-Pareto probability ranking,3
heloc,heldout_test_diagnostic,Best literature reproduction model,0.65,614,163,784,414,0.15761301989150087,-0.36998191681736003,0.0,True,True,Best literature reproduction: CatBoost Balanced proxy,False,SCRE-Pareto probability ranking,6
heloc,heldout_test_diagnostic,SCRE-Optimized probability ranking,0.65,713,214,733,315,0.15978300180831825,-0.36998191681736003,0.0,True,True,weights renormalized over available components,False,SCRE-Pareto probability ranking,5
heloc,heldout_test_diagnostic,SCRE-Pareto probability ranking,0.65,622,151,796,406,0.17294755877034354,-0.36998191681736003,0.0,True,True,weights renormalized over available components,False,SCRE-Pareto probability ranking,1
heloc,heldout_test_diagnostic,Best EBM/monotonic model: EBM,0.65,589,140,807,439,0.16658227848101265,-0.36998191681736003,0.0,True,True,,False,SCRE-Pareto probability ranking,2
heloc,heldout_test_diagnostic,V2 final locked policy ranking,0.66,577,137,810,451,0.1574981384959047,-0.4102755026061059,0.0,True,True,same probability ranker as V2 locked manual-review policy,False,SCRE-Pareto probability ranking,3
heloc,heldout_test_diagnostic,Best CatBoost probability ranking,0.66,573,139,808,455,0.1535070737155622,-0.4102755026061059,0.0,True,True,,False,SCRE-Pareto probability ranking,5
heloc,heldout_test_diagnostic,Best Scorecard probability ranking,0.66,577,137,810,451,0.1574981384959047,-0.4102755026061059,0.0,True,True,,False,SCRE-Pareto probability ranking,3
heloc,heldout_test_diagnostic,Best literature reproduction model,0.66,573,139,808,455,0.1535070737155622,-0.4102755026061059,0.0,True,True,Best literature reproduction: CatBoost Balanced proxy,False,SCRE-Pareto probability ranking,5
heloc,heldout_test_diagnostic,SCRE-Optimized probability ranking,0.66,696,206,741,332,0.14993298585256887,-0.4102755026061059,0.0,True,True,weights renormalized over available components,False,SCRE-Pareto probability ranking,7
heloc,heldout_test_diagnostic,SCRE-Pareto probability ranking,0.66,600,144,803,428,0.16226358897989573,-0.4102755026061059,0.0,True,True,weights renormalized over available components,False,SCRE-Pareto probability ranking,1
heloc,heldout_test_diagnostic,Best EBM/monotonic model: EBM,0.66,588,139,808,440,0.16110201042442293,-0.4102755026061059,0.0,True,True,,False,SCRE-Pareto probability ranking,2
heloc,heldout_test_diagnostic,V2 final locked policy ranking,0.67,559,126,821,469,0.1535097813578826,-0.4530111238972001,0.0,True,True,same probability ranker as V2 locked manual-review policy,False,Best EBM/monotonic model: EBM,2
heloc,heldout_test_diagnostic,Best CatBoost probability ranking,0.67,568,139,808,460,0.14470272343690063,-0.4530111238972001,0.0,True,True,,False,Best EBM/monotonic model: EBM,5
heloc,heldout_test_diagnostic,Best Scorecard probability ranking,0.67,559,126,821,469,0.1535097813578826,-0.4530111238972001,0.0,True,True,,False,Best EBM/monotonic model: EBM,2
heloc,heldout_test_diagnostic,Best literature reproduction model,0.67,568,139,808,460,0.14470272343690063,-0.4530111238972001,0.0,True,True,Best literature reproduction: CatBoost Balanced proxy,False,Best EBM/monotonic model: EBM,5
heloc,heldout_test_diagnostic,SCRE-Optimized probability ranking,0.67,680,196,751,348,0.14281549673954733,-0.4530111238972001,0.0,True,True,weights renormalized over available components,False,Best EBM/monotonic model: EBM,7
heloc,heldout_test_diagnostic,SCRE-Pareto probability ranking,0.67,576,135,812,452,0.15286536248561564,-0.4530111238972001,0.0,True,True,weights renormalized over available components,False,Best EBM/monotonic model: EBM,4
heloc,heldout_test_diagnostic,Best EBM/monotonic model: EBM,0.67,588,138,809,440,0.15585730724971228,-0.4530111238972001,0.0,True,True,,False,Best EBM/monotonic model: EBM,1
heloc,heldout_test_diagnostic,V2 final locked policy ranking,0.68,540,122,825,488,0.14215189873417722,-0.49841772151898756,0.0,True,True,same probability ranker as V2 locked manual-review policy,False,Best EBM/monotonic model: EBM,3
heloc,heldout_test_diagnostic,Best CatBoost probability ranking,0.68,565,135,812,463,0.14082278481012658,-0.49841772151898756,0.0,True,True,,False,Best EBM/monotonic model: EBM,5
heloc,heldout_test_diagnostic,Best Scorecard probability ranking,0.68,540,122,825,488,0.14215189873417722,-0.49841772151898756,0.0,True,True,,False,Best EBM/monotonic model: EBM,3
heloc,heldout_test_diagnostic,Best literature reproduction model,0.68,565,135,812,463,0.14082278481012658,-0.49841772151898756,0.0,True,True,Best literature reproduction: CatBoost Balanced proxy,False,Best EBM/monotonic model: EBM,5
heloc,heldout_test_diagnostic,SCRE-Optimized probability ranking,0.68,666,188,759,362,0.13493670886075942,-0.49841772151898756,0.0,True,True,weights renormalized over available components,False,Best EBM/monotonic model: EBM,7
heloc,heldout_test_diagnostic,SCRE-Pareto probability ranking,0.68,557,128,819,471,0.14430379746835442,-0.49841772151898756,0.0,True,True,weights renormalized over available components,False,Best EBM/monotonic model: EBM,2
heloc,heldout_test_diagnostic,Best EBM/monotonic model: EBM,0.68,586,138,809,442,0.14822784810126577,-0.49841772151898756,0.0,True,True,,False,Best EBM/monotonic model: EBM,1
heloc,heldout_test_diagnostic,V2 final locked policy ranking,0.69,520,111,836,508,0.13819518170681916,-0.5467537770518576,0.0,True,True,same probability ranker as V2 locked manual-review policy,False,Best EBM/monotonic model: EBM,3
heloc,heldout_test_diagnostic,Best CatBoost probability ranking,0.69,547,126,821,481,0.13496120865659456,-0.5467537770518576,0.0,True,True,,False,Best EBM/monotonic model: EBM,6
heloc,heldout_test_diagnostic,Best Scorecard probability ranking,0.69,520,111,836,508,0.13819518170681916,-0.5467537770518576,0.0,True,True,,False,Best EBM/monotonic model: EBM,3
heloc,heldout_test_diagnostic,Best literature reproduction model,0.69,547,126,821,481,0.13496120865659456,-0.5467537770518576,0.0,True,True,Best literature reproduction: CatBoost Balanced proxy,False,Best EBM/monotonic model: EBM,6
heloc,heldout_test_diagnostic,SCRE-Optimized probability ranking,0.69,649,170,777,379,0.13701919150673753,-0.5467537770518576,0.0,True,True,weights renormalized over available components,False,Best EBM/monotonic model: EBM,5
heloc,heldout_test_diagnostic,SCRE-Pareto probability ranking,0.69,543,118,829,485,0.14195181706819116,-0.5467537770518576,0.0,True,True,weights renormalized over available components,False,Best EBM/monotonic model: EBM,2
heloc,heldout_test_diagnostic,Best EBM/monotonic model: EBM,0.69,475,85,862,553,0.14471212739893838,-0.5467537770518576,0.0,True,True,,False,Best EBM/monotonic model: EBM,1
heloc,heldout_test_diagnostic,V2 final locked policy ranking,0.7,505,102,845,523,0.1351898734177215,-0.5983122362869198,0.0,True,True,same probability ranker as V2 locked manual-review policy,False,Best EBM/monotonic model: EBM,3
heloc,heldout_test_diagnostic,Best CatBoost probability ranking,0.7,533,119,828,495,0.12928270042194093,-0.5983122362869198,0.0,True,True,,False,Best EBM/monotonic model: EBM,6
heloc,heldout_test_diagnostic,Best Scorecard probability ranking,0.7,505,102,845,523,0.1351898734177215,-0.5983122362869198,0.0,True,True,,False,Best EBM/monotonic model: EBM,3
heloc,heldout_test_diagnostic,Best literature reproduction model,0.7,533,119,828,495,0.12928270042194093,-0.5983122362869198,0.0,True,True,Best literature reproduction: CatBoost Balanced proxy,False,Best EBM/monotonic model: EBM,6
heloc,heldout_test_diagnostic,SCRE-Optimized probability ranking,0.7,632,160,787,396,0.13097046413502111,-0.5983122362869198,0.0,True,True,weights renormalized over available components,False,Best EBM/monotonic model: EBM,5
heloc,heldout_test_diagnostic,SCRE-Pareto probability ranking,0.7,526,107,840,502,0.139915611814346,-0.5983122362869198,0.0,True,True,weights renormalized over available components,False,Best EBM/monotonic model: EBM,2
heloc,heldout_test_diagnostic,Best EBM/monotonic model: EBM,0.7,475,85,862,553,0.14008438818565402,-0.5983122362869198,0.0,True,True,,False,Best EBM/monotonic model: EBM,1
heloc,heldout_test_diagnostic,V2 final locked policy ranking,0.71,495,97,850,533,0.1303884766477521,-0.6534264513312964,0.0,True,True,same probability ranker as V2 locked manual-review policy,False,Best EBM/monotonic model: EBM,2
heloc,heldout_test_diagnostic,Best CatBoost probability ranking,0.71,515,110,837,513,0.12439982540375383,-0.6534264513312964,0.0,True,True,,False,Best EBM/monotonic model: EBM,5
heloc,heldout_test_diagnostic,Best Scorecard probability ranking,0.71,495,97,850,533,0.1303884766477521,-0.6534264513312964,0.0,True,True,,False,Best EBM/monotonic model: EBM,2
heloc,heldout_test_diagnostic,Best literature reproduction model,0.71,515,110,837,513,0.12439982540375383,-0.6534264513312964,0.0,True,True,Best literature reproduction: CatBoost Balanced proxy,False,Best EBM/monotonic model: EBM,5
heloc,heldout_test_diagnostic,SCRE-Optimized probability ranking,0.71,604,151,796,424,0.1186381492797905,-0.6534264513312964,0.0,True,True,weights renormalized over available components,False,Best EBM/monotonic model: EBM,7
heloc,heldout_test_diagnostic,SCRE-Pareto probability ranking,0.71,502,101,846,526,0.12897424705368835,-0.6534264513312964,0.0,True,True,weights renormalized over available components,False,Best EBM/monotonic model: EBM,4
heloc,heldout_test_diagnostic,Best EBM/monotonic model: EBM,0.71,475,85,862,553,0.1351374945438673,-0.6534264513312964,0.0,True,True,,False,Best EBM/monotonic model: EBM,1
heloc,heldout_test_diagnostic,V2 final locked policy ranking,0.72,475,88,859,553,0.12593128390596747,-0.7124773960216997,0.0,True,True,same probability ranker as V2 locked manual-review policy,False,Best EBM/monotonic model: EBM,2
heloc,heldout_test_diagnostic,Best CatBoost probability ranking,0.72,496,103,844,532,0.11703435804701631,-0.7124773960216997,0.0,True,True,,False,Best EBM/monotonic model: EBM,5
heloc,heldout_test_diagnostic,Best Scorecard probability ranking,0.72,475,88,859,553,0.12593128390596747,-0.7124773960216997,0.0,True,True,,False,Best EBM/monotonic model: EBM,2
heloc,heldout_test_diagnostic,Best literature reproduction model,0.72,496,103,844,532,0.11703435804701631,-0.7124773960216997,0.0,True,True,Best literature reproduction: CatBoost Balanced proxy,False,Best EBM/monotonic model: EBM,5
heloc,heldout_test_diagnostic,SCRE-Optimized probability ranking,0.72,586,139,808,442,0.11573236889692584,-0.7124773960216997,0.0,True,True,weights renormalized over available components,False,Best EBM/monotonic model: EBM,7
heloc,heldout_test_diagnostic,SCRE-Pareto probability ranking,0.72,486,95,852,542,0.1223869801084991,-0.7124773960216997,0.0,True,True,weights renormalized over available components,False,Best EBM/monotonic model: EBM,4
heloc,heldout_test_diagnostic,Best EBM/monotonic model: EBM,0.72,475,85,862,553,0.12983725135623872,-0.7124773960216997,0.0,True,True,,False,Best EBM/monotonic model: EBM,1
heloc,heldout_test_diagnostic,V2 final locked policy ranking,0.73,457,83,864,571,0.11776840131270513,-0.7759024847632441,0.0,True,True,same probability ranker as V2 locked manual-review policy,False,Best EBM/monotonic model: EBM,3
heloc,heldout_test_diagnostic,Best CatBoost probability ranking,0.73,488,100,847,540,0.1101922175339897,-0.7759024847632441,0.0,True,True,,False,Best EBM/monotonic model: EBM,5
heloc,heldout_test_diagnostic,Best Scorecard probability ranking,0.73,457,83,864,571,0.11776840131270513,-0.7759024847632441,0.0,True,True,,False,Best EBM/monotonic model: EBM,3
heloc,heldout_test_diagnostic,Best literature reproduction model,0.73,488,100,847,540,0.1101922175339897,-0.7759024847632441,0.0,True,True,Best literature reproduction: CatBoost Balanced proxy,False,Best EBM/monotonic model: EBM,5
heloc,heldout_test_diagnostic,SCRE-Optimized probability ranking,0.73,565,129,818,463,0.109479606188467,-0.7759024847632441,0.0,True,True,weights renormalized over available components,False,Best EBM/monotonic model: EBM,7
heloc,heldout_test_diagnostic,SCRE-Pareto probability ranking,0.73,463,84,863,565,0.11943741209563996,-0.7759024847632441,0.0,True,True,weights renormalized over available components,False,Best EBM/monotonic model: EBM,2
heloc,heldout_test_diagnostic,Best EBM/monotonic model: EBM,0.73,475,85,862,553,0.1241443975621191,-0.7759024847632441,0.0,True,True,,False,Best EBM/monotonic model: EBM,1
heloc,heldout_test_diagnostic,V2 final locked policy ranking,0.74,440,71,876,588,0.12046738072054528,-0.8442064264849074,0.0,True,True,same probability ranker as V2 locked manual-review policy,False,V2 final locked policy ranking; Best Scorecard probability ranking,1
heloc,heldout_test_diagnostic,Best CatBoost probability ranking,0.74,478,94,853,550,0.10656280428432327,-0.8442064264849074,0.0,True,True,,False,V2 final locked policy ranking; Best Scorecard probability ranking,5
heloc,heldout_test_diagnostic,Best Scorecard probability ranking,0.74,440,71,876,588,0.12046738072054528,-0.8442064264849074,0.0,True,True,,False,V2 final locked policy ranking; Best Scorecard probability ranking,1
heloc,heldout_test_diagnostic,Best literature reproduction model,0.74,478,94,853,550,0.10656280428432327,-0.8442064264849074,0.0,True,True,Best literature reproduction: CatBoost Balanced proxy,False,V2 final locked policy ranking; Best Scorecard probability ranking,5
heloc,heldout_test_diagnostic,SCRE-Optimized probability ranking,0.74,542,118,829,486,0.10438169425511198,-0.8442064264849074,0.0,True,True,weights renormalized over available components,False,V2 final locked policy ranking; Best Scorecard probability ranking,7
heloc,heldout_test_diagnostic,SCRE-Pareto probability ranking,0.74,445,77,870,583,0.11435248296007791,-0.8442064264849074,0.0,True,True,weights renormalized over available components,False,V2 final locked policy ranking; Best Scorecard probability ranking,4
heloc,heldout_test_diagnostic,Best EBM/monotonic model: EBM,0.74,475,85,862,553,0.11801363193768259,-0.8442064264849074,0.0,True,True,,False,V2 final locked policy ranking; Best Scorecard probability ranking,3
heloc,heldout_test_diagnostic,V2 final locked policy ranking,0.75,418,67,880,610,0.10987341772151898,-0.9179746835443039,0.0,True,True,same probability ranker as V2 locked manual-review policy,False,Best EBM/monotonic model: EBM,2
heloc,heldout_test_diagnostic,Best CatBoost probability ranking,0.75,441,75,872,587,0.10936708860759495,-0.9179746835443039,0.0,True,True,,False,Best EBM/monotonic model: EBM,4
heloc,heldout_test_diagnostic,Best Scorecard probability ranking,0.75,418,67,880,610,0.10987341772151898,-0.9179746835443039,0.0,True,True,,False,Best EBM/monotonic model: EBM,2
heloc,heldout_test_diagnostic,Best literature reproduction model,0.75,441,75,872,587,0.10936708860759495,-0.9179746835443039,0.0,True,True,Best literature reproduction: CatBoost Balanced proxy,False,Best EBM/monotonic model: EBM,4
heloc,heldout_test_diagnostic,SCRE-Optimized probability ranking,0.75,525,114,833,503,0.09265822784810124,-0.9179746835443039,0.0,True,True,weights renormalized over available components,False,Best EBM/monotonic model: EBM,7
heloc,heldout_test_diagnostic,SCRE-Pareto probability ranking,0.75,421,73,874,607,0.10227848101265824,-0.9179746835443039,0.0,True,True,weights renormalized over available components,False,Best EBM/monotonic model: EBM,6
heloc,heldout_test_diagnostic,Best EBM/monotonic model: EBM,0.75,475,85,862,553,0.11139240506329115,-0.9179746835443039,0.0,True,True,,False,Best EBM/monotonic model: EBM,1
heloc,heldout_test_diagnostic,V2 final locked policy ranking,0.76,394,62,885,634,0.10008438818565399,-0.9978902953586499,0.0,True,True,same probability ranker as V2 locked manual-review policy,False,Best EBM/monotonic model: EBM,2
heloc,heldout_test_diagnostic,Best CatBoost probability ranking,0.76,416,72,875,612,0.0951898734177215,-0.9978902953586499,0.0,True,True,,False,Best EBM/monotonic model: EBM,4
heloc,heldout_test_diagnostic,Best Scorecard probability ranking,0.76,394,62,885,634,0.10008438818565399,-0.9978902953586499,0.0,True,True,,False,Best EBM/monotonic model: EBM,2
heloc,heldout_test_diagnostic,Best literature reproduction model,0.76,416,72,875,612,0.0951898734177215,-0.9978902953586499,0.0,True,True,Best literature reproduction: CatBoost Balanced proxy,False,Best EBM/monotonic model: EBM,4
heloc,heldout_test_diagnostic,SCRE-Optimized probability ranking,0.76,506,104,843,522,0.08945147679324891,-0.9978902953586499,0.0,True,True,weights renormalized over available components,False,Best EBM/monotonic model: EBM,7
heloc,heldout_test_diagnostic,SCRE-Pareto probability ranking,0.76,390,66,881,638,0.09164556962025315,-0.9978902953586499,0.0,True,True,weights renormalized over available components,False,Best EBM/monotonic model: EBM,6
heloc,heldout_test_diagnostic,Best EBM/monotonic model: EBM,0.76,475,85,862,553,0.1042194092827004,-0.9978902953586499,0.0,True,True,,False,Best EBM/monotonic model: EBM,1
heloc,heldout_test_diagnostic,V2 final locked policy ranking,0.77,367,58,889,661,0.08750687947165658,-1.084755090809026,0.0,True,True,same probability ranker as V2 locked manual-review policy,False,Best EBM/monotonic model: EBM,4
heloc,heldout_test_diagnostic,Best CatBoost probability ranking,0.77,377,64,883,651,0.08239955971381398,-1.084755090809026,0.0,True,True,,False,Best EBM/monotonic model: EBM,6
heloc,heldout_test_diagnostic,Best Scorecard probability ranking,0.77,367,58,889,661,0.08750687947165658,-1.084755090809026,0.0,True,True,,False,Best EBM/monotonic model: EBM,4
heloc,heldout_test_diagnostic,Best literature reproduction model,0.77,377,64,883,651,0.08239955971381398,-1.084755090809026,0.0,True,True,Best literature reproduction: CatBoost Balanced proxy,False,Best EBM/monotonic model: EBM,6
heloc,heldout_test_diagnostic,SCRE-Optimized probability ranking,0.77,485,93,854,543,0.08792515134837645,-1.084755090809026,0.0,True,True,weights renormalized over available components,False,Best EBM/monotonic model: EBM,3
heloc,heldout_test_diagnostic,SCRE-Pareto probability ranking,0.77,373,58,889,655,0.09054485415520089,-1.084755090809026,0.0,True,True,weights renormalized over available components,False,Best EBM/monotonic model: EBM,2
heloc,heldout_test_diagnostic,Best EBM/monotonic model: EBM,0.77,475,85,862,553,0.09642267473858007,-1.084755090809026,0.0,True,True,,False,Best EBM/monotonic model: EBM,1
heloc,heldout_test_diagnostic,V2 final locked policy ranking,0.78,341,54,893,687,0.07571921749136937,-1.1795166858458002,0.0,True,True,same probability ranker as V2 locked manual-review policy,False,SCRE-Pareto probability ranking,6
heloc,heldout_test_diagnostic,Best CatBoost probability ranking,0.78,351,50,897,677,0.08796317606444186,-1.1795166858458002,0.0,True,True,,False,SCRE-Pareto probability ranking,2
heloc,heldout_test_diagnostic,Best Scorecard probability ranking,0.78,341,54,893,687,0.07571921749136937,-1.1795166858458002,0.0,True,True,,False,SCRE-Pareto probability ranking,6
heloc,heldout_test_diagnostic,Best literature reproduction model,0.78,351,50,897,677,0.08796317606444186,-1.1795166858458002,0.0,True,True,Best literature reproduction: CatBoost Balanced proxy,False,SCRE-Pareto probability ranking,2
heloc,heldout_test_diagnostic,SCRE-Optimized probability ranking,0.78,465,85,862,563,0.08285385500575373,-1.1795166858458002,0.0,True,True,weights renormalized over available components,False,SCRE-Pareto probability ranking,5
heloc,heldout_test_diagnostic,SCRE-Pareto probability ranking,0.78,353,48,899,675,0.09256616800920596,-1.1795166858458002,0.0,True,True,weights renormalized over available components,False,SCRE-Pareto probability ranking,1
heloc,heldout_test_diagnostic,Best EBM/monotonic model: EBM,0.78,369,57,890,659,0.08451093210586882,-1.1795166858458002,0.0,True,True,,False,SCRE-Pareto probability ranking,4
heloc,heldout_test_diagnostic,V2 final locked policy ranking,0.79,319,49,898,709,0.06818565400843879,-1.2833031946956002,0.0,True,True,same probability ranker as V2 locked manual-review policy,False,SCRE-Pareto probability ranking,6
heloc,heldout_test_diagnostic,Best CatBoost probability ranking,0.79,338,48,899,690,0.07971066907775767,-1.2833031946956002,0.0,True,True,,False,SCRE-Pareto probability ranking,2
heloc,heldout_test_diagnostic,Best Scorecard probability ranking,0.79,319,49,898,709,0.06818565400843879,-1.2833031946956002,0.0,True,True,,False,SCRE-Pareto probability ranking,6
heloc,heldout_test_diagnostic,Best literature reproduction model,0.79,338,48,899,690,0.07971066907775767,-1.2833031946956002,0.0,True,True,Best literature reproduction: CatBoost Balanced proxy,False,SCRE-Pareto probability ranking,2
heloc,heldout_test_diagnostic,SCRE-Optimized probability ranking,0.79,437,75,872,591,0.07840867992766723,-1.2833031946956002,0.0,True,True,weights renormalized over available components,False,SCRE-Pareto probability ranking,4
heloc,heldout_test_diagnostic,SCRE-Pareto probability ranking,0.79,330,44,903,698,0.08327908378541288,-1.2833031946956002,0.0,True,True,weights renormalized over available components,False,SCRE-Pareto probability ranking,1
heloc,heldout_test_diagnostic,Best EBM/monotonic model: EBM,0.79,369,57,890,659,0.0782640144665461,-1.2833031946956002,0.0,True,True,,False,SCRE-Pareto probability ranking,5
heloc,heldout_test_diagnostic,V2 final locked policy ranking,0.8,294,43,904,734,0.06177215189873417,-1.3974683544303803,0.0,True,True,same probability ranker as V2 locked manual-review policy,False,SCRE-Pareto probability ranking,6
heloc,heldout_test_diagnostic,Best CatBoost probability ranking,0.8,314,44,903,714,0.06987341772151898,-1.3974683544303803,0.0,True,True,,False,SCRE-Pareto probability ranking,4
heloc,heldout_test_diagnostic,Best Scorecard probability ranking,0.8,294,43,904,734,0.06177215189873417,-1.3974683544303803,0.0,True,True,,False,SCRE-Pareto probability ranking,6
heloc,heldout_test_diagnostic,Best literature reproduction model,0.8,314,44,903,714,0.06987341772151898,-1.3974683544303803,0.0,True,True,Best literature reproduction: CatBoost Balanced proxy,False,SCRE-Pareto probability ranking,4
heloc,heldout_test_diagnostic,SCRE-Optimized probability ranking,0.8,407,67,880,621,0.07037974683544301,-1.3974683544303803,0.0,True,True,weights renormalized over available components,False,SCRE-Pareto probability ranking,3
heloc,heldout_test_diagnostic,SCRE-Pareto probability ranking,0.8,306,40,907,722,0.07392405063291138,-1.3974683544303803,0.0,True,True,weights renormalized over available components,False,SCRE-Pareto probability ranking,1
heloc,heldout_test_diagnostic,Best EBM/monotonic model: EBM,0.8,369,57,890,659,0.07139240506329113,-1.3974683544303803,0.0,True,True,,False,SCRE-Pareto probability ranking,2
