dataset,split,model,threshold_probability,tp,fp,tn,fn,net_benefit,net_benefit_treat_all,net_benefit_treat_none,better_than_treat_all,better_than_treat_none,candidate_note,test_set_used_for_selection,best_model_at_threshold,rank_model_only_at_threshold
taiwan,validation,V2 final locked policy ranking,0.01,1326,4670,3,1,0.21313804713804713,0.21329966329966332,0.0,False,True,same probability ranker as V2 locked manual-review policy,False,SCRE-Pareto probability ranking,6
taiwan,validation,Best CatBoost probability ranking,0.01,1326,4670,3,1,0.21313804713804713,0.21329966329966332,0.0,False,True,,False,SCRE-Pareto probability ranking,6
taiwan,validation,Best Scorecard probability ranking,0.01,1327,4673,0,0,0.21329966329966332,0.21329966329966332,0.0,False,True,,False,SCRE-Pareto probability ranking,3
taiwan,validation,Best literature reproduction model,0.01,1326,4652,21,1,0.21316835016835017,0.21329966329966332,0.0,False,True,Best literature reproduction: XGBoost no resampling proxy,False,SCRE-Pareto probability ranking,5
taiwan,validation,SCRE-Optimized probability ranking,0.01,1327,4672,1,0,0.21330134680134683,0.21329966329966332,0.0,True,True,weights renormalized over available components,False,SCRE-Pareto probability ranking,2
taiwan,validation,SCRE-Pareto probability ranking,0.01,1327,4670,3,0,0.21330471380471383,0.21329966329966332,0.0,True,True,weights renormalized over available components,False,SCRE-Pareto probability ranking,1
taiwan,validation,Best EBM/monotonic model: Monotonic LightGBM,0.01,1327,4673,0,0,0.21329966329966332,0.21329966329966332,0.0,False,True,,False,SCRE-Pareto probability ranking,3
taiwan,validation,V2 final locked policy ranking,0.02,1326,4648,25,1,0.2051904761904762,0.20527210884353742,0.0,False,True,same probability ranker as V2 locked manual-review policy,False,SCRE-Optimized probability ranking,4
taiwan,validation,Best CatBoost probability ranking,0.02,1326,4648,25,1,0.2051904761904762,0.20527210884353742,0.0,False,True,,False,SCRE-Optimized probability ranking,4
taiwan,validation,Best Scorecard probability ranking,0.02,1327,4673,0,0,0.20527210884353742,0.20527210884353742,0.0,False,True,,False,SCRE-Optimized probability ranking,3
taiwan,validation,Best literature reproduction model,0.02,1324,4615,58,3,0.20496938775510204,0.20527210884353742,0.0,False,True,Best literature reproduction: XGBoost no resampling proxy,False,SCRE-Optimized probability ranking,7
taiwan,validation,SCRE-Optimized probability ranking,0.02,1327,4657,16,0,0.2053265306122449,0.20527210884353742,0.0,True,True,weights renormalized over available components,False,SCRE-Optimized probability ranking,1
taiwan,validation,SCRE-Pareto probability ranking,0.02,1327,4660,13,0,0.20531632653061227,0.20527210884353742,0.0,True,True,weights renormalized over available components,False,SCRE-Optimized probability ranking,2
taiwan,validation,Best EBM/monotonic model: Monotonic LightGBM,0.02,1326,4663,10,1,0.20513945578231293,0.20527210884353742,0.0,False,True,,False,SCRE-Optimized probability ranking,6
taiwan,validation,V2 final locked policy ranking,0.03,1324,4581,92,3,0.197053264604811,0.1970790378006873,0.0,False,True,same probability ranker as V2 locked manual-review policy,False,SCRE-Optimized probability ranking,4
taiwan,validation,Best CatBoost probability ranking,0.03,1324,4581,92,3,0.197053264604811,0.1970790378006873,0.0,False,True,,False,SCRE-Optimized probability ranking,4
taiwan,validation,Best Scorecard probability ranking,0.03,1327,4673,0,0,0.1970790378006873,0.1970790378006873,0.0,False,True,,False,SCRE-Optimized probability ranking,3
taiwan,validation,Best literature reproduction model,0.03,1322,4551,122,5,0.1968745704467354,0.1970790378006873,0.0,False,True,Best literature reproduction: XGBoost no resampling proxy,False,SCRE-Optimized probability ranking,6
taiwan,validation,SCRE-Optimized probability ranking,0.03,1327,4615,58,0,0.19737800687285223,0.1970790378006873,0.0,True,True,weights renormalized over available components,False,SCRE-Optimized probability ranking,1
taiwan,validation,SCRE-Pareto probability ranking,0.03,1327,4622,51,0,0.19734192439862544,0.1970790378006873,0.0,True,True,weights renormalized over available components,False,SCRE-Optimized probability ranking,2
taiwan,validation,Best EBM/monotonic model: Monotonic LightGBM,0.03,1323,4586,87,4,0.19686082474226804,0.1970790378006873,0.0,False,True,,False,SCRE-Optimized probability ranking,7
taiwan,validation,V2 final locked policy ranking,0.04,1316,4390,283,11,0.18884722222222222,0.1887152777777778,0.0,True,True,same probability ranker as V2 locked manual-review policy,False,SCRE-Optimized probability ranking,4
taiwan,validation,Best CatBoost probability ranking,0.04,1316,4390,283,11,0.18884722222222222,0.1887152777777778,0.0,True,True,,False,SCRE-Optimized probability ranking,4
taiwan,validation,Best Scorecard probability ranking,0.04,1325,4642,31,2,0.18859722222222222,0.1887152777777778,0.0,False,True,,False,SCRE-Optimized probability ranking,6
taiwan,validation,Best literature reproduction model,0.04,1318,4424,249,9,0.18894444444444444,0.1887152777777778,0.0,True,True,Best literature reproduction: XGBoost no resampling proxy,False,SCRE-Optimized probability ranking,3
taiwan,validation,SCRE-Optimized probability ranking,0.04,1326,4508,165,1,0.18969444444444444,0.1887152777777778,0.0,True,True,weights renormalized over available components,False,SCRE-Optimized probability ranking,1
taiwan,validation,SCRE-Pareto probability ranking,0.04,1324,4527,146,3,0.18922916666666667,0.1887152777777778,0.0,True,True,weights renormalized over available components,False,SCRE-Optimized probability ranking,2
taiwan,validation,Best EBM/monotonic model: Monotonic LightGBM,0.04,1314,4392,281,13,0.1885,0.1887152777777778,0.0,False,True,,False,SCRE-Optimized probability ranking,7
taiwan,validation,V2 final locked policy ranking,0.05,1300,4178,495,27,0.18001754385964913,0.18017543859649124,0.0,False,True,same probability ranker as V2 locked manual-review policy,False,SCRE-Optimized probability ranking,4
taiwan,validation,Best CatBoost probability ranking,0.05,1300,4178,495,27,0.18001754385964913,0.18017543859649124,0.0,False,True,,False,SCRE-Optimized probability ranking,4
taiwan,validation,Best Scorecard probability ranking,0.05,1318,4532,141,9,0.17991228070175438,0.18017543859649124,0.0,False,True,,False,SCRE-Optimized probability ranking,6
taiwan,validation,Best literature reproduction model,0.05,1301,4134,539,26,0.1805701754385965,0.18017543859649124,0.0,True,True,Best literature reproduction: XGBoost no resampling proxy,False,SCRE-Optimized probability ranking,3
taiwan,validation,SCRE-Optimized probability ranking,0.05,1322,4351,322,5,0.18216666666666664,0.18017543859649124,0.0,True,True,weights renormalized over available components,False,SCRE-Optimized probability ranking,1
taiwan,validation,SCRE-Pareto probability ranking,0.05,1322,4388,285,5,0.1818421052631579,0.18017543859649124,0.0,True,True,weights renormalized over available components,False,SCRE-Optimized probability ranking,2
taiwan,validation,Best EBM/monotonic model: Monotonic LightGBM,0.05,1297,4171,502,30,0.17957894736842106,0.18017543859649124,0.0,False,True,,False,SCRE-Optimized probability ranking,7
taiwan,validation,V2 final locked policy ranking,0.06,1286,3943,730,41,0.172386524822695,0.17145390070921987,0.0,True,True,same probability ranker as V2 locked manual-review policy,False,SCRE-Optimized probability ranking,4
taiwan,validation,Best CatBoost probability ranking,0.06,1286,3943,730,41,0.172386524822695,0.17145390070921987,0.0,True,True,,False,SCRE-Optimized probability ranking,4
taiwan,validation,Best Scorecard probability ranking,0.06,1311,4351,322,16,0.1722127659574468,0.17145390070921987,0.0,True,True,,False,SCRE-Optimized probability ranking,7
taiwan,validation,Best literature reproduction model,0.06,1292,4011,662,35,0.17266312056737587,0.17145390070921987,0.0,True,True,Best literature reproduction: XGBoost no resampling proxy,False,SCRE-Optimized probability ranking,3
taiwan,validation,SCRE-Optimized probability ranking,0.06,1318,4134,539,9,0.17568794326241136,0.17145390070921987,0.0,True,True,weights renormalized over available components,False,SCRE-Optimized probability ranking,1
taiwan,validation,SCRE-Pareto probability ranking,0.06,1318,4204,469,9,0.17494326241134753,0.17145390070921987,0.0,True,True,weights renormalized over available components,False,SCRE-Optimized probability ranking,2
taiwan,validation,Best EBM/monotonic model: Monotonic LightGBM,0.06,1284,3918,755,43,0.1723191489361702,0.17145390070921987,0.0,True,True,,False,SCRE-Optimized probability ranking,6
taiwan,validation,V2 final locked policy ranking,0.07,1274,3820,853,53,0.16441218637992833,0.16254480286738351,0.0,True,True,same probability ranker as V2 locked manual-review policy,False,SCRE-Optimized probability ranking,5
taiwan,validation,Best CatBoost probability ranking,0.07,1274,3820,853,53,0.16441218637992833,0.16254480286738351,0.0,True,True,,False,SCRE-Optimized probability ranking,5
taiwan,validation,Best Scorecard probability ranking,0.07,1293,4120,553,34,0.1638154121863799,0.16254480286738351,0.0,True,True,,False,SCRE-Optimized probability ranking,7
taiwan,validation,Best literature reproduction model,0.07,1285,3836,837,42,0.16604480286738352,0.16254480286738351,0.0,True,True,Best literature reproduction: XGBoost no resampling proxy,False,SCRE-Optimized probability ranking,4
taiwan,validation,SCRE-Optimized probability ranking,0.07,1308,3926,747,19,0.16874910394265233,0.16254480286738351,0.0,True,True,weights renormalized over available components,False,SCRE-Optimized probability ranking,1
taiwan,validation,SCRE-Pareto probability ranking,0.07,1308,3976,697,19,0.16812186379928315,0.16254480286738351,0.0,True,True,weights renormalized over available components,False,SCRE-Optimized probability ranking,2
taiwan,validation,Best EBM/monotonic model: Monotonic LightGBM,0.07,1275,3677,996,52,0.1663727598566308,0.16254480286738351,0.0,True,True,,False,SCRE-Optimized probability ranking,3
taiwan,validation,V2 final locked policy ranking,0.08,1249,3512,1161,78,0.157268115942029,0.15344202898550727,0.0,True,True,same probability ranker as V2 locked manual-review policy,False,SCRE-Optimized probability ranking,5
taiwan,validation,Best CatBoost probability ranking,0.08,1249,3512,1161,78,0.157268115942029,0.15344202898550727,0.0,True,True,,False,SCRE-Optimized probability ranking,5
taiwan,validation,Best Scorecard probability ranking,0.08,1266,3785,888,61,0.15614492753623188,0.15344202898550727,0.0,True,True,,False,SCRE-Optimized probability ranking,7
taiwan,validation,Best literature reproduction model,0.08,1265,3610,1063,62,0.1585144927536232,0.15344202898550727,0.0,True,True,Best literature reproduction: XGBoost no resampling proxy,False,SCRE-Optimized probability ranking,4
taiwan,validation,SCRE-Optimized probability ranking,0.08,1292,3688,985,35,0.1618840579710145,0.15344202898550727,0.0,True,True,weights renormalized over available components,False,SCRE-Optimized probability ranking,1
taiwan,validation,SCRE-Pareto probability ranking,0.08,1294,3749,924,33,0.16133333333333333,0.15344202898550727,0.0,True,True,weights renormalized over available components,False,SCRE-Optimized probability ranking,2
taiwan,validation,Best EBM/monotonic model: Monotonic LightGBM,0.08,1255,3424,1249,72,0.15954347826086956,0.15344202898550727,0.0,True,True,,False,SCRE-Optimized probability ranking,3
taiwan,validation,V2 final locked policy ranking,0.09,1232,3284,1389,95,0.1512014652014652,0.14413919413919415,0.0,True,True,same probability ranker as V2 locked manual-review policy,False,SCRE-Pareto probability ranking,5
taiwan,validation,Best CatBoost probability ranking,0.09,1232,3284,1389,95,0.1512014652014652,0.14413919413919415,0.0,True,True,,False,SCRE-Pareto probability ranking,5
taiwan,validation,Best Scorecard probability ranking,0.09,1233,3452,1221,94,0.1485989010989011,0.14413919413919415,0.0,True,True,,False,SCRE-Pareto probability ranking,7
taiwan,validation,Best literature reproduction model,0.09,1242,3366,1307,85,0.1515164835164835,0.14413919413919415,0.0,True,True,Best literature reproduction: XGBoost no resampling proxy,False,SCRE-Pareto probability ranking,4
taiwan,validation,SCRE-Optimized probability ranking,0.09,1276,3461,1212,51,0.15561721611721613,0.14413919413919415,0.0,True,True,weights renormalized over available components,False,SCRE-Pareto probability ranking,2
taiwan,validation,SCRE-Pareto probability ranking,0.09,1281,3511,1162,46,0.15562637362637363,0.14413919413919415,0.0,True,True,weights renormalized over available components,False,SCRE-Pareto probability ranking,1
taiwan,validation,Best EBM/monotonic model: Monotonic LightGBM,0.09,1228,3148,1525,99,0.15277655677655677,0.14413919413919415,0.0,True,True,,False,SCRE-Pareto probability ranking,3
taiwan,validation,V2 final locked policy ranking,0.1,1212,3034,1639,115,0.1458148148148148,0.13462962962962965,0.0,True,True,same probability ranker as V2 locked manual-review policy,False,SCRE-Pareto probability ranking,4
taiwan,validation,Best CatBoost probability ranking,0.1,1212,3034,1639,115,0.1458148148148148,0.13462962962962965,0.0,True,True,,False,SCRE-Pareto probability ranking,4
taiwan,validation,Best Scorecard probability ranking,0.1,1203,3131,1542,124,0.14251851851851852,0.13462962962962965,0.0,True,True,,False,SCRE-Pareto probability ranking,7
taiwan,validation,Best literature reproduction model,0.1,1214,3096,1577,113,0.145,0.13462962962962965,0.0,True,True,Best literature reproduction: XGBoost no resampling proxy,False,SCRE-Pareto probability ranking,6
taiwan,validation,SCRE-Optimized probability ranking,0.1,1257,3202,1471,70,0.1502037037037037,0.13462962962962965,0.0,True,True,weights renormalized over available components,False,SCRE-Pareto probability ranking,2
taiwan,validation,SCRE-Pareto probability ranking,0.1,1260,3225,1448,67,0.15027777777777776,0.13462962962962965,0.0,True,True,weights renormalized over available components,False,SCRE-Pareto probability ranking,1
taiwan,validation,Best EBM/monotonic model: Monotonic LightGBM,0.1,1197,2861,1812,130,0.14651851851851852,0.13462962962962965,0.0,True,True,,False,SCRE-Pareto probability ranking,3
taiwan,validation,V2 final locked policy ranking,0.11,1181,2715,1958,146,0.1409063670411985,0.12490636704119852,0.0,True,True,same probability ranker as V2 locked manual-review policy,False,SCRE-Pareto probability ranking,5
taiwan,validation,Best CatBoost probability ranking,0.11,1181,2715,1958,146,0.1409063670411985,0.12490636704119852,0.0,True,True,,False,SCRE-Pareto probability ranking,5
taiwan,validation,Best Scorecard probability ranking,0.11,1167,2828,1845,160,0.13624531835205994,0.12490636704119852,0.0,True,True,,False,SCRE-Pareto probability ranking,7
taiwan,validation,Best literature reproduction model,0.11,1193,2776,1897,134,0.1416498127340824,0.12490636704119852,0.0,True,True,Best literature reproduction: XGBoost no resampling proxy,False,SCRE-Pareto probability ranking,4
taiwan,validation,SCRE-Optimized probability ranking,0.11,1231,2936,1737,96,0.144687265917603,0.12490636704119852,0.0,True,True,weights renormalized over available components,False,SCRE-Pareto probability ranking,2
taiwan,validation,SCRE-Pareto probability ranking,0.11,1239,2967,1706,88,0.1453820224719101,0.12490636704119852,0.0,True,True,weights renormalized over available components,False,SCRE-Pareto probability ranking,1
taiwan,validation,Best EBM/monotonic model: Monotonic LightGBM,0.11,1174,2619,2054,153,0.14171722846441948,0.12490636704119852,0.0,True,True,,False,SCRE-Pareto probability ranking,3
taiwan,validation,V2 final locked policy ranking,0.12,1156,2500,2173,171,0.13584848484848486,0.11496212121212124,0.0,True,True,same probability ranker as V2 locked manual-review policy,False,SCRE-Optimized probability ranking,5
taiwan,validation,Best CatBoost probability ranking,0.12,1156,2500,2173,171,0.13584848484848486,0.11496212121212124,0.0,True,True,,False,SCRE-Optimized probability ranking,5
taiwan,validation,Best Scorecard probability ranking,0.12,1144,2555,2118,183,0.13259848484848485,0.11496212121212124,0.0,True,True,,False,SCRE-Optimized probability ranking,7
taiwan,validation,Best literature reproduction model,0.12,1177,2601,2072,150,0.1370530303030303,0.11496212121212124,0.0,True,True,Best literature reproduction: XGBoost no resampling proxy,False,SCRE-Optimized probability ranking,3
taiwan,validation,SCRE-Optimized probability ranking,0.12,1215,2669,2004,112,0.1418409090909091,0.11496212121212124,0.0,True,True,weights renormalized over available components,False,SCRE-Optimized probability ranking,1
taiwan,validation,SCRE-Pareto probability ranking,0.12,1213,2700,1973,114,0.1408030303030303,0.11496212121212124,0.0,True,True,weights renormalized over available components,False,SCRE-Optimized probability ranking,2
taiwan,validation,Best EBM/monotonic model: Monotonic LightGBM,0.12,1142,2396,2277,185,0.13587878787878788,0.11496212121212124,0.0,True,True,,False,SCRE-Optimized probability ranking,4
taiwan,validation,V2 final locked policy ranking,0.13,1137,2328,2345,190,0.13152298850574712,0.10478927203065136,0.0,True,True,same probability ranker as V2 locked manual-review policy,False,SCRE-Optimized probability ranking,5
taiwan,validation,Best CatBoost probability ranking,0.13,1137,2328,2345,190,0.13152298850574712,0.10478927203065136,0.0,True,True,,False,SCRE-Optimized probability ranking,5
taiwan,validation,Best Scorecard probability ranking,0.13,1100,2319,2354,227,0.12558045977011492,0.10478927203065136,0.0,True,True,,False,SCRE-Optimized probability ranking,7
taiwan,validation,Best literature reproduction model,0.13,1142,2360,2313,185,0.13155938697318006,0.10478927203065136,0.0,True,True,Best literature reproduction: XGBoost no resampling proxy,False,SCRE-Optimized probability ranking,4
taiwan,validation,SCRE-Optimized probability ranking,0.13,1190,2448,2225,137,0.13736781609195403,0.10478927203065136,0.0,True,True,weights renormalized over available components,False,SCRE-Optimized probability ranking,1
taiwan,validation,SCRE-Pareto probability ranking,0.13,1183,2452,2221,144,0.1361015325670498,0.10478927203065136,0.0,True,True,weights renormalized over available components,False,SCRE-Optimized probability ranking,2
taiwan,validation,Best EBM/monotonic model: Monotonic LightGBM,0.13,1121,2180,2493,206,0.13254214559386973,0.10478927203065136,0.0,True,True,,False,SCRE-Optimized probability ranking,3
taiwan,validation,V2 final locked policy ranking,0.14,1109,2094,2579,218,0.12801937984496123,0.09437984496124033,0.0,True,True,same probability ranker as V2 locked manual-review policy,False,SCRE-Pareto probability ranking,3
taiwan,validation,Best CatBoost probability ranking,0.14,1109,2094,2579,218,0.12801937984496123,0.09437984496124033,0.0,True,True,,False,SCRE-Pareto probability ranking,3
taiwan,validation,Best Scorecard probability ranking,0.14,1059,2071,2602,268,0.12031007751937983,0.09437984496124033,0.0,True,True,,False,SCRE-Pareto probability ranking,7
taiwan,validation,Best literature reproduction model,0.14,1118,2188,2485,209,0.12696899224806202,0.09437984496124033,0.0,True,True,Best literature reproduction: XGBoost no resampling proxy,False,SCRE-Pareto probability ranking,5
taiwan,validation,SCRE-Optimized probability ranking,0.14,1165,2239,2434,162,0.1334186046511628,0.09437984496124033,0.0,True,True,weights renormalized over available components,False,SCRE-Pareto probability ranking,2
taiwan,validation,SCRE-Pareto probability ranking,0.14,1163,2225,2448,164,0.13346511627906976,0.09437984496124033,0.0,True,True,weights renormalized over available components,False,SCRE-Pareto probability ranking,1
taiwan,validation,Best EBM/monotonic model: Monotonic LightGBM,0.14,1074,1981,2692,253,0.1252519379844961,0.09437984496124033,0.0,True,True,,False,SCRE-Pareto probability ranking,6
taiwan,validation,V2 final locked policy ranking,0.15,1084,1958,2715,243,0.12307843137254902,0.08372549019607844,0.0,True,True,same probability ranker as V2 locked manual-review policy,False,SCRE-Optimized probability ranking,3
taiwan,validation,Best CatBoost probability ranking,0.15,1084,1958,2715,243,0.12307843137254902,0.08372549019607844,0.0,True,True,,False,SCRE-Optimized probability ranking,3
taiwan,validation,Best Scorecard probability ranking,0.15,1030,1829,2844,297,0.11787254901960784,0.08372549019607844,0.0,True,True,,False,SCRE-Optimized probability ranking,7
taiwan,validation,Best literature reproduction model,0.15,1082,2029,2644,245,0.12065686274509804,0.08372549019607844,0.0,True,True,Best literature reproduction: XGBoost no resampling proxy,False,SCRE-Optimized probability ranking,5
taiwan,validation,SCRE-Optimized probability ranking,0.15,1141,2038,2635,186,0.13022549019607843,0.08372549019607844,0.0,True,True,weights renormalized over available components,False,SCRE-Optimized probability ranking,1
taiwan,validation,SCRE-Pareto probability ranking,0.15,1132,2022,2651,195,0.12919607843137254,0.08372549019607844,0.0,True,True,weights renormalized over available components,False,SCRE-Optimized probability ranking,2
taiwan,validation,Best EBM/monotonic model: Monotonic LightGBM,0.15,1036,1790,2883,291,0.12001960784313725,0.08372549019607844,0.0,True,True,,False,SCRE-Optimized probability ranking,6
taiwan,validation,V2 final locked policy ranking,0.16,1037,1735,2938,290,0.11775396825396825,0.07281746031746034,0.0,True,True,same probability ranker as V2 locked manual-review policy,False,SCRE-Optimized probability ranking,3
taiwan,validation,Best CatBoost probability ranking,0.16,1037,1735,2938,290,0.11775396825396825,0.07281746031746034,0.0,True,True,,False,SCRE-Optimized probability ranking,3
taiwan,validation,Best Scorecard probability ranking,0.16,986,1585,3088,341,0.11401587301587301,0.07281746031746034,0.0,True,True,,False,SCRE-Optimized probability ranking,7
taiwan,validation,Best literature reproduction model,0.16,1027,1792,2881,300,0.11427777777777776,0.07281746031746034,0.0,True,True,Best literature reproduction: XGBoost no resampling proxy,False,SCRE-Optimized probability ranking,6
taiwan,validation,SCRE-Optimized probability ranking,0.16,1107,1836,2837,220,0.12621428571428572,0.07281746031746034,0.0,True,True,weights renormalized over available components,False,SCRE-Optimized probability ranking,1
taiwan,validation,SCRE-Pareto probability ranking,0.16,1092,1793,2880,235,0.12507936507936507,0.07281746031746034,0.0,True,True,weights renormalized over available components,False,SCRE-Optimized probability ranking,2
taiwan,validation,Best EBM/monotonic model: Monotonic LightGBM,0.16,999,1624,3049,328,0.11494444444444445,0.07281746031746034,0.0,True,True,,False,SCRE-Optimized probability ranking,5
taiwan,validation,V2 final locked policy ranking,0.17,975,1486,3187,352,0.11177309236947791,0.06164658634538153,0.0,True,True,same probability ranker as V2 locked manual-review policy,False,SCRE-Optimized probability ranking,3
taiwan,validation,Best CatBoost probability ranking,0.17,975,1486,3187,352,0.11177309236947791,0.06164658634538153,0.0,True,True,,False,SCRE-Optimized probability ranking,3
taiwan,validation,Best Scorecard probability ranking,0.17,943,1403,3270,384,0.10927309236947791,0.06164658634538153,0.0,True,True,,False,SCRE-Optimized probability ranking,7
taiwan,validation,Best literature reproduction model,0.17,990,1579,3094,337,0.11109839357429718,0.06164658634538153,0.0,True,True,Best literature reproduction: XGBoost no resampling proxy,False,SCRE-Optimized probability ranking,6
taiwan,validation,SCRE-Optimized probability ranking,0.17,1072,1589,3084,255,0.12442369477911647,0.06164658634538153,0.0,True,True,weights renormalized over available components,False,SCRE-Optimized probability ranking,1
taiwan,validation,SCRE-Pareto probability ranking,0.17,1051,1587,3086,276,0.12099196787148593,0.06164658634538153,0.0,True,True,weights renormalized over available components,False,SCRE-Optimized probability ranking,2
taiwan,validation,Best EBM/monotonic model: Monotonic LightGBM,0.17,973,1484,3189,354,0.11150803212851404,0.06164658634538153,0.0,True,True,,False,SCRE-Optimized probability ranking,5
taiwan,validation,V2 final locked policy ranking,0.18,918,1246,3427,409,0.10741463414634148,0.05020325203252038,0.0,True,True,same probability ranker as V2 locked manual-review policy,False,SCRE-Optimized probability ranking,5
taiwan,validation,Best CatBoost probability ranking,0.18,918,1246,3427,409,0.10741463414634148,0.05020325203252038,0.0,True,True,,False,SCRE-Optimized probability ranking,5
taiwan,validation,Best Scorecard probability ranking,0.18,909,1249,3424,418,0.1058048780487805,0.05020325203252038,0.0,True,True,,False,SCRE-Optimized probability ranking,7
taiwan,validation,Best literature reproduction model,0.18,955,1386,3287,372,0.10845934959349596,0.05020325203252038,0.0,True,True,Best literature reproduction: XGBoost no resampling proxy,False,SCRE-Optimized probability ranking,4
taiwan,validation,SCRE-Optimized probability ranking,0.18,1024,1420,3253,303,0.11871544715447155,0.05020325203252038,0.0,True,True,weights renormalized over available components,False,SCRE-Optimized probability ranking,1
taiwan,validation,SCRE-Pareto probability ranking,0.18,1009,1415,3258,318,0.11639837398373984,0.05020325203252038,0.0,True,True,weights renormalized over available components,False,SCRE-Optimized probability ranking,2
taiwan,validation,Best EBM/monotonic model: Monotonic LightGBM,0.18,951,1364,3309,376,0.10859756097560977,0.05020325203252038,0.0,True,True,,False,SCRE-Optimized probability ranking,3
taiwan,validation,V2 final locked policy ranking,0.19,885,1127,3546,442,0.103440329218107,0.03847736625514406,0.0,True,True,same probability ranker as V2 locked manual-review policy,False,SCRE-Optimized probability ranking,5
taiwan,validation,Best CatBoost probability ranking,0.19,885,1127,3546,442,0.103440329218107,0.03847736625514406,0.0,True,True,,False,SCRE-Optimized probability ranking,5
taiwan,validation,Best Scorecard probability ranking,0.19,879,1162,3511,448,0.10107201646090536,0.03847736625514406,0.0,True,True,,False,SCRE-Optimized probability ranking,7
taiwan,validation,Best literature reproduction model,0.19,902,1174,3499,425,0.10443621399176957,0.03847736625514406,0.0,True,True,Best literature reproduction: XGBoost no resampling proxy,False,SCRE-Optimized probability ranking,4
taiwan,validation,SCRE-Optimized probability ranking,0.19,975,1266,3407,352,0.11300617283950617,0.03847736625514406,0.0,True,True,weights renormalized over available components,False,SCRE-Optimized probability ranking,1
taiwan,validation,SCRE-Pareto probability ranking,0.19,965,1273,3400,362,0.11106584362139918,0.03847736625514406,0.0,True,True,weights renormalized over available components,False,SCRE-Optimized probability ranking,2
taiwan,validation,Best EBM/monotonic model: Monotonic LightGBM,0.19,922,1252,3421,405,0.1047201646090535,0.03847736625514406,0.0,True,True,,False,SCRE-Optimized probability ranking,3
taiwan,validation,V2 final locked policy ranking,0.2,862,1043,3630,465,0.10020833333333333,0.02645833333333336,0.0,True,True,same probability ranker as V2 locked manual-review policy,False,SCRE-Optimized probability ranking,4
taiwan,validation,Best CatBoost probability ranking,0.2,862,1043,3630,465,0.10020833333333333,0.02645833333333336,0.0,True,True,,False,SCRE-Optimized probability ranking,4
taiwan,validation,Best Scorecard probability ranking,0.2,856,1087,3586,471,0.09737499999999999,0.02645833333333336,0.0,True,True,,False,SCRE-Optimized probability ranking,7
taiwan,validation,Best literature reproduction model,0.2,867,1042,3631,460,0.10108333333333333,0.02645833333333336,0.0,True,True,Best literature reproduction: XGBoost no resampling proxy,False,SCRE-Optimized probability ranking,3
taiwan,validation,SCRE-Optimized probability ranking,0.2,932,1145,3528,395,0.107625,0.02645833333333336,0.0,True,True,weights renormalized over available components,False,SCRE-Optimized probability ranking,1
taiwan,validation,SCRE-Pareto probability ranking,0.2,925,1130,3543,402,0.10708333333333334,0.02645833333333336,0.0,True,True,weights renormalized over available components,False,SCRE-Optimized probability ranking,2
taiwan,validation,Best EBM/monotonic model: Monotonic LightGBM,0.2,894,1174,3499,433,0.10008333333333333,0.02645833333333336,0.0,True,True,,False,SCRE-Optimized probability ranking,6
taiwan,validation,V2 final locked policy ranking,0.21,851,1013,3660,476,0.0969535864978903,0.014135021097046452,0.0,True,True,same probability ranker as V2 locked manual-review policy,False,SCRE-Optimized probability ranking,5
taiwan,validation,Best CatBoost probability ranking,0.21,851,1013,3660,476,0.0969535864978903,0.014135021097046452,0.0,True,True,,False,SCRE-Optimized probability ranking,5
taiwan,validation,Best Scorecard probability ranking,0.21,840,1021,3652,487,0.09476582278481015,0.014135021097046452,0.0,True,True,,False,SCRE-Optimized probability ranking,7
taiwan,validation,Best literature reproduction model,0.21,853,969,3704,474,0.09923628691983122,0.014135021097046452,0.0,True,True,Best literature reproduction: XGBoost no resampling proxy,False,SCRE-Optimized probability ranking,3
taiwan,validation,SCRE-Optimized probability ranking,0.21,894,1041,3632,433,0.10287974683544304,0.014135021097046452,0.0,True,True,weights renormalized over available components,False,SCRE-Optimized probability ranking,1
taiwan,validation,SCRE-Pareto probability ranking,0.21,887,1018,3655,440,0.10273206751054853,0.014135021097046452,0.0,True,True,weights renormalized over available components,False,SCRE-Optimized probability ranking,2
taiwan,validation,Best EBM/monotonic model: Monotonic LightGBM,0.21,878,1065,3608,449,0.09914978902953589,0.014135021097046452,0.0,True,True,,False,SCRE-Optimized probability ranking,4
taiwan,validation,V2 final locked policy ranking,0.22,813,909,3764,514,0.09276923076923077,0.0014957264957265182,0.0,True,True,same probability ranker as V2 locked manual-review policy,False,SCRE-Pareto probability ranking,5
taiwan,validation,Best CatBoost probability ranking,0.22,813,909,3764,514,0.09276923076923077,0.0014957264957265182,0.0,True,True,,False,SCRE-Pareto probability ranking,5
taiwan,validation,Best Scorecard probability ranking,0.22,819,958,3715,508,0.09146581196581197,0.0014957264957265182,0.0,True,True,,False,SCRE-Pareto probability ranking,7
taiwan,validation,Best literature reproduction model,0.22,823,890,3783,504,0.09532905982905981,0.0014957264957265182,0.0,True,True,Best literature reproduction: XGBoost no resampling proxy,False,SCRE-Pareto probability ranking,4
taiwan,validation,SCRE-Optimized probability ranking,0.22,868,971,3702,459,0.09902136752136753,0.0014957264957265182,0.0,True,True,weights renormalized over available components,False,SCRE-Pareto probability ranking,2
taiwan,validation,SCRE-Pareto probability ranking,0.22,867,943,3730,460,0.10017094017094016,0.0014957264957265182,0.0,True,True,weights renormalized over available components,False,SCRE-Pareto probability ranking,1
taiwan,validation,Best EBM/monotonic model: Monotonic LightGBM,0.22,856,991,3682,471,0.09608119658119658,0.0014957264957265182,0.0,True,True,,False,SCRE-Pareto probability ranking,3
taiwan,validation,V2 final locked policy ranking,0.23,811,887,3786,516,0.091008658008658,-0.011471861471861439,0.0,True,True,same probability ranker as V2 locked manual-review policy,False,SCRE-Optimized probability ranking,5
taiwan,validation,Best CatBoost probability ranking,0.23,811,887,3786,516,0.091008658008658,-0.011471861471861439,0.0,True,True,,False,SCRE-Optimized probability ranking,5
taiwan,validation,Best Scorecard probability ranking,0.23,800,911,3762,527,0.08798051948051949,-0.011471861471861439,0.0,True,True,,False,SCRE-Optimized probability ranking,7
taiwan,validation,Best literature reproduction model,0.23,806,827,3846,521,0.09316233766233767,-0.011471861471861439,0.0,True,True,Best literature reproduction: XGBoost no resampling proxy,False,SCRE-Optimized probability ranking,4
taiwan,validation,SCRE-Optimized probability ranking,0.23,850,904,3769,477,0.09666233766233766,-0.011471861471861439,0.0,True,True,weights renormalized over available components,False,SCRE-Optimized probability ranking,1
taiwan,validation,SCRE-Pareto probability ranking,0.23,836,874,3799,491,0.09582251082251084,-0.011471861471861439,0.0,True,True,weights renormalized over available components,False,SCRE-Optimized probability ranking,2
taiwan,validation,Best EBM/monotonic model: Monotonic LightGBM,0.23,836,914,3759,491,0.09383116883116885,-0.011471861471861439,0.0,True,True,,False,SCRE-Optimized probability ranking,3
taiwan,validation,V2 final locked policy ranking,0.24,786,797,3876,541,0.08905263157894738,-0.02478070175438593,0.0,True,True,same probability ranker as V2 locked manual-review policy,False,SCRE-Optimized probability ranking,5
taiwan,validation,Best CatBoost probability ranking,0.24,786,797,3876,541,0.08905263157894738,-0.02478070175438593,0.0,True,True,,False,SCRE-Optimized probability ranking,5
taiwan,validation,Best Scorecard probability ranking,0.24,783,855,3818,544,0.08550000000000002,-0.02478070175438593,0.0,True,True,,False,SCRE-Optimized probability ranking,7
taiwan,validation,Best literature reproduction model,0.24,793,783,3890,534,0.09095614035087718,-0.02478070175438593,0.0,True,True,Best literature reproduction: XGBoost no resampling proxy,False,SCRE-Optimized probability ranking,3
taiwan,validation,SCRE-Optimized probability ranking,0.24,826,834,3839,501,0.0937719298245614,-0.02478070175438593,0.0,True,True,weights renormalized over available components,False,SCRE-Optimized probability ranking,1
taiwan,validation,SCRE-Pareto probability ranking,0.24,820,819,3854,507,0.09356140350877193,-0.02478070175438593,0.0,True,True,weights renormalized over available components,False,SCRE-Optimized probability ranking,2
taiwan,validation,Best EBM/monotonic model: Monotonic LightGBM,0.24,814,860,3813,513,0.09040350877192982,-0.02478070175438593,0.0,True,True,,False,SCRE-Optimized probability ranking,4
taiwan,validation,V2 final locked policy ranking,0.25,782,775,3898,545,0.08727777777777777,-0.03844444444444439,0.0,True,True,same probability ranker as V2 locked manual-review policy,False,SCRE-Pareto probability ranking,5
taiwan,validation,Best CatBoost probability ranking,0.25,782,775,3898,545,0.08727777777777777,-0.03844444444444439,0.0,True,True,,False,SCRE-Pareto probability ranking,5
taiwan,validation,Best Scorecard probability ranking,0.25,768,808,3865,559,0.08311111111111112,-0.03844444444444439,0.0,True,True,,False,SCRE-Pareto probability ranking,7
taiwan,validation,Best literature reproduction model,0.25,769,729,3944,558,0.08766666666666668,-0.03844444444444439,0.0,True,True,Best literature reproduction: XGBoost no resampling proxy,False,SCRE-Pareto probability ranking,4
taiwan,validation,SCRE-Optimized probability ranking,0.25,811,791,3882,516,0.09122222222222222,-0.03844444444444439,0.0,True,True,weights renormalized over available components,False,SCRE-Pareto probability ranking,2
taiwan,validation,SCRE-Pareto probability ranking,0.25,805,767,3906,522,0.09155555555555556,-0.03844444444444439,0.0,True,True,weights renormalized over available components,False,SCRE-Pareto probability ranking,1
taiwan,validation,Best EBM/monotonic model: Monotonic LightGBM,0.25,795,797,3876,532,0.08822222222222223,-0.03844444444444439,0.0,True,True,,False,SCRE-Pareto probability ranking,3
taiwan,validation,V2 final locked policy ranking,0.26,773,741,3932,554,0.08544144144144143,-0.05247747747747744,0.0,True,True,same probability ranker as V2 locked manual-review policy,False,SCRE-Optimized probability ranking,3
taiwan,validation,Best CatBoost probability ranking,0.26,773,741,3932,554,0.08544144144144143,-0.05247747747747744,0.0,True,True,,False,SCRE-Optimized probability ranking,3
taiwan,validation,Best Scorecard probability ranking,0.26,755,771,3902,572,0.08068468468468468,-0.05247747747747744,0.0,True,True,,False,SCRE-Optimized probability ranking,7
taiwan,validation,Best literature reproduction model,0.26,761,708,3965,566,0.08537387387387387,-0.05247747747747744,0.0,True,True,Best literature reproduction: XGBoost no resampling proxy,False,SCRE-Optimized probability ranking,5
taiwan,validation,SCRE-Optimized probability ranking,0.26,795,745,3928,532,0.08887387387387388,-0.05247747747747744,0.0,True,True,weights renormalized over available components,False,SCRE-Optimized probability ranking,1
taiwan,validation,SCRE-Pareto probability ranking,0.26,783,721,3952,544,0.08827927927927928,-0.05247747747747744,0.0,True,True,weights renormalized over available components,False,SCRE-Optimized probability ranking,2
taiwan,validation,Best EBM/monotonic model: Monotonic LightGBM,0.26,776,751,3922,551,0.08535585585585584,-0.05247747747747744,0.0,True,True,,False,SCRE-Optimized probability ranking,6
taiwan,validation,V2 final locked policy ranking,0.27,763,698,3975,564,0.0841392694063927,-0.06689497716894977,0.0,True,True,same probability ranker as V2 locked manual-review policy,False,SCRE-Optimized probability ranking,3
taiwan,validation,Best CatBoost probability ranking,0.27,763,698,3975,564,0.0841392694063927,-0.06689497716894977,0.0,True,True,,False,SCRE-Optimized probability ranking,3
taiwan,validation,Best Scorecard probability ranking,0.27,729,719,3954,598,0.07717808219178082,-0.06689497716894977,0.0,True,True,,False,SCRE-Optimized probability ranking,7
taiwan,validation,Best literature reproduction model,0.27,751,668,4005,576,0.08398858447488586,-0.06689497716894977,0.0,True,True,Best literature reproduction: XGBoost no resampling proxy,False,SCRE-Optimized probability ranking,5
taiwan,validation,SCRE-Optimized probability ranking,0.27,778,702,3971,549,0.08639269406392694,-0.06689497716894977,0.0,True,True,weights renormalized over available components,False,SCRE-Optimized probability ranking,1
taiwan,validation,SCRE-Pareto probability ranking,0.27,767,680,3993,560,0.08591552511415523,-0.06689497716894977,0.0,True,True,weights renormalized over available components,False,SCRE-Optimized probability ranking,2
taiwan,validation,Best EBM/monotonic model: Monotonic LightGBM,0.27,765,710,3963,562,0.08373287671232876,-0.06689497716894977,0.0,True,True,,False,SCRE-Optimized probability ranking,6
taiwan,validation,V2 final locked policy ranking,0.28,752,670,4003,575,0.0819074074074074,-0.08171296296296299,0.0,True,True,same probability ranker as V2 locked manual-review policy,False,SCRE-Optimized probability ranking,5
taiwan,validation,Best CatBoost probability ranking,0.28,752,670,4003,575,0.0819074074074074,-0.08171296296296299,0.0,True,True,,False,SCRE-Optimized probability ranking,5
taiwan,validation,Best Scorecard probability ranking,0.28,716,678,3995,611,0.07538888888888888,-0.08171296296296299,0.0,True,True,,False,SCRE-Optimized probability ranking,7
taiwan,validation,Best literature reproduction model,0.28,739,625,4048,588,0.0826574074074074,-0.08171296296296299,0.0,True,True,Best literature reproduction: XGBoost no resampling proxy,False,SCRE-Optimized probability ranking,3
taiwan,validation,SCRE-Optimized probability ranking,0.28,766,666,4007,561,0.0845,-0.08171296296296299,0.0,True,True,weights renormalized over available components,False,SCRE-Optimized probability ranking,1
taiwan,validation,SCRE-Pareto probability ranking,0.28,753,642,4031,574,0.08388888888888887,-0.08171296296296299,0.0,True,True,weights renormalized over available components,False,SCRE-Optimized probability ranking,2
taiwan,validation,Best EBM/monotonic model: Monotonic LightGBM,0.28,754,665,4008,573,0.08256481481481481,-0.08171296296296299,0.0,True,True,,False,SCRE-Optimized probability ranking,4
taiwan,validation,V2 final locked policy ranking,0.29,746,645,4028,581,0.08042488262910799,-0.09694835680751168,0.0,True,True,same probability ranker as V2 locked manual-review policy,False,SCRE-Pareto probability ranking,5
taiwan,validation,Best CatBoost probability ranking,0.29,746,645,4028,581,0.08042488262910799,-0.09694835680751168,0.0,True,True,,False,SCRE-Pareto probability ranking,5
taiwan,validation,Best Scorecard probability ranking,0.29,705,628,4045,622,0.0747488262910798,-0.09694835680751168,0.0,True,True,,False,SCRE-Pareto probability ranking,7
taiwan,validation,Best literature reproduction model,0.29,735,596,4077,592,0.08192723004694835,-0.09694835680751168,0.0,True,True,Best literature reproduction: XGBoost no resampling proxy,False,SCRE-Pareto probability ranking,3
taiwan,validation,SCRE-Optimized probability ranking,0.29,753,634,4039,574,0.08234037558685445,-0.09694835680751168,0.0,True,True,weights renormalized over available components,False,SCRE-Pareto probability ranking,2
taiwan,validation,SCRE-Pareto probability ranking,0.29,744,608,4065,583,0.08261032863849765,-0.09694835680751168,0.0,True,True,weights renormalized over available components,False,SCRE-Pareto probability ranking,1
taiwan,validation,Best EBM/monotonic model: Monotonic LightGBM,0.29,740,626,4047,587,0.08071830985915493,-0.09694835680751168,0.0,True,True,,False,SCRE-Pareto probability ranking,4
taiwan,validation,V2 final locked policy ranking,0.3,734,612,4061,593,0.07861904761904762,-0.11261904761904762,0.0,True,True,same probability ranker as V2 locked manual-review policy,False,SCRE-Pareto probability ranking,5
taiwan,validation,Best CatBoost probability ranking,0.3,734,612,4061,593,0.07861904761904762,-0.11261904761904762,0.0,True,True,,False,SCRE-Pareto probability ranking,5
taiwan,validation,Best Scorecard probability ranking,0.3,694,581,4092,633,0.07416666666666666,-0.11261904761904762,0.0,True,True,,False,SCRE-Pareto probability ranking,7
taiwan,validation,Best literature reproduction model,0.3,722,581,4092,605,0.07883333333333334,-0.11261904761904762,0.0,True,True,Best literature reproduction: XGBoost no resampling proxy,False,SCRE-Pareto probability ranking,4
taiwan,validation,SCRE-Optimized probability ranking,0.3,739,618,4055,588,0.07902380952380952,-0.11261904761904762,0.0,True,True,weights renormalized over available components,False,SCRE-Pareto probability ranking,3
taiwan,validation,SCRE-Pareto probability ranking,0.3,732,586,4087,595,0.08014285714285714,-0.11261904761904762,0.0,True,True,weights renormalized over available components,False,SCRE-Pareto probability ranking,1
taiwan,validation,Best EBM/monotonic model: Monotonic LightGBM,0.3,732,591,4082,595,0.07978571428571428,-0.11261904761904762,0.0,True,True,,False,SCRE-Pareto probability ranking,2
taiwan,validation,V2 final locked policy ranking,0.31,726,602,4071,601,0.07592270531400966,-0.12874396135265698,0.0,True,True,same probability ranker as V2 locked manual-review policy,False,SCRE-Pareto probability ranking,5
taiwan,validation,Best CatBoost probability ranking,0.31,726,602,4071,601,0.07592270531400966,-0.12874396135265698,0.0,True,True,,False,SCRE-Pareto probability ranking,5
taiwan,validation,Best Scorecard probability ranking,0.31,687,552,4121,640,0.07316666666666666,-0.12874396135265698,0.0,True,True,,False,SCRE-Pareto probability ranking,7
taiwan,validation,Best literature reproduction model,0.31,711,559,4114,616,0.07664251207729468,-0.12874396135265698,0.0,True,True,Best literature reproduction: XGBoost no resampling proxy,False,SCRE-Pareto probability ranking,4
taiwan,validation,SCRE-Optimized probability ranking,0.31,728,587,4086,599,0.0773792270531401,-0.12874396135265698,0.0,True,True,weights renormalized over available components,False,SCRE-Pareto probability ranking,3
taiwan,validation,SCRE-Pareto probability ranking,0.31,719,560,4113,608,0.07790096618357487,-0.12874396135265698,0.0,True,True,weights renormalized over available components,False,SCRE-Pareto probability ranking,1
taiwan,validation,Best EBM/monotonic model: Monotonic LightGBM,0.31,719,561,4112,608,0.07782608695652174,-0.12874396135265698,0.0,True,True,,False,SCRE-Pareto probability ranking,2
taiwan,validation,V2 final locked policy ranking,0.32,707,574,4099,620,0.07281372549019607,-0.14534313725490194,0.0,True,True,same probability ranker as V2 locked manual-review policy,False,SCRE-Optimized probability ranking,5
taiwan,validation,Best CatBoost probability ranking,0.32,707,574,4099,620,0.07281372549019607,-0.14534313725490194,0.0,True,True,,False,SCRE-Optimized probability ranking,5
taiwan,validation,Best Scorecard probability ranking,0.32,671,515,4158,656,0.07144117647058823,-0.14534313725490194,0.0,True,True,,False,SCRE-Optimized probability ranking,7
taiwan,validation,Best literature reproduction model,0.32,687,509,4164,640,0.07457843137254902,-0.14534313725490194,0.0,True,True,Best literature reproduction: XGBoost no resampling proxy,False,SCRE-Optimized probability ranking,4
taiwan,validation,SCRE-Optimized probability ranking,0.32,723,559,4114,604,0.07665686274509803,-0.14534313725490194,0.0,True,True,weights renormalized over available components,False,SCRE-Optimized probability ranking,1
taiwan,validation,SCRE-Pareto probability ranking,0.32,706,528,4145,621,0.07625490196078431,-0.14534313725490194,0.0,True,True,weights renormalized over available components,False,SCRE-Optimized probability ranking,2
taiwan,validation,Best EBM/monotonic model: Monotonic LightGBM,0.32,700,534,4139,627,0.07478431372549019,-0.14534313725490194,0.0,True,True,,False,SCRE-Optimized probability ranking,3
taiwan,validation,V2 final locked policy ranking,0.33,699,554,4119,628,0.07102238805970149,-0.16243781094527365,0.0,True,True,same probability ranker as V2 locked manual-review policy,False,SCRE-Pareto probability ranking,5
taiwan,validation,Best CatBoost probability ranking,0.33,699,554,4119,628,0.07102238805970149,-0.16243781094527365,0.0,True,True,,False,SCRE-Pareto probability ranking,5
taiwan,validation,Best Scorecard probability ranking,0.33,656,486,4187,671,0.06943781094527363,-0.16243781094527365,0.0,True,True,,False,SCRE-Pareto probability ranking,7
taiwan,validation,Best literature reproduction model,0.33,673,484,4189,654,0.07243532338308456,-0.16243781094527365,0.0,True,True,Best literature reproduction: XGBoost no resampling proxy,False,SCRE-Pareto probability ranking,4
taiwan,validation,SCRE-Optimized probability ranking,0.33,708,531,4142,619,0.07441044776119402,-0.16243781094527365,0.0,True,True,weights renormalized over available components,False,SCRE-Pareto probability ranking,2
taiwan,validation,SCRE-Pareto probability ranking,0.33,695,495,4178,632,0.07519900497512436,-0.16243781094527365,0.0,True,True,weights renormalized over available components,False,SCRE-Pareto probability ranking,1
taiwan,validation,Best EBM/monotonic model: Monotonic LightGBM,0.33,688,505,4168,639,0.07321144278606964,-0.16243781094527365,0.0,True,True,,False,SCRE-Pareto probability ranking,3
taiwan,validation,V2 final locked policy ranking,0.34,678,480,4193,649,0.07178787878787879,-0.18005050505050507,0.0,True,True,same probability ranker as V2 locked manual-review policy,False,SCRE-Optimized probability ranking,3
taiwan,validation,Best CatBoost probability ranking,0.34,678,480,4193,649,0.07178787878787879,-0.18005050505050507,0.0,True,True,,False,SCRE-Optimized probability ranking,3
taiwan,validation,Best Scorecard probability ranking,0.34,635,445,4228,692,0.06762626262626262,-0.18005050505050507,0.0,True,True,,False,SCRE-Optimized probability ranking,7
taiwan,validation,Best literature reproduction model,0.34,660,474,4199,667,0.0693030303030303,-0.18005050505050507,0.0,True,True,Best literature reproduction: XGBoost no resampling proxy,False,SCRE-Optimized probability ranking,6
taiwan,validation,SCRE-Optimized probability ranking,0.34,694,482,4191,633,0.07428282828282827,-0.18005050505050507,0.0,True,True,weights renormalized over available components,False,SCRE-Optimized probability ranking,1
taiwan,validation,SCRE-Pareto probability ranking,0.34,681,461,4212,646,0.07391919191919191,-0.18005050505050507,0.0,True,True,weights renormalized over available components,False,SCRE-Optimized probability ranking,2
taiwan,validation,Best EBM/monotonic model: Monotonic LightGBM,0.34,670,476,4197,657,0.07079797979797978,-0.18005050505050507,0.0,True,True,,False,SCRE-Optimized probability ranking,5
taiwan,validation,V2 final locked policy ranking,0.35,674,478,4195,653,0.06943589743589743,-0.19820512820512814,0.0,True,True,same probability ranker as V2 locked manual-review policy,False,SCRE-Pareto probability ranking,3
taiwan,validation,Best CatBoost probability ranking,0.35,674,478,4195,653,0.06943589743589743,-0.19820512820512814,0.0,True,True,,False,SCRE-Pareto probability ranking,3
taiwan,validation,Best Scorecard probability ranking,0.35,622,425,4248,705,0.06552564102564104,-0.19820512820512814,0.0,True,True,,False,SCRE-Pareto probability ranking,7
taiwan,validation,Best literature reproduction model,0.35,649,460,4213,678,0.06688461538461538,-0.19820512820512814,0.0,True,True,Best literature reproduction: XGBoost no resampling proxy,False,SCRE-Pareto probability ranking,6
taiwan,validation,SCRE-Optimized probability ranking,0.35,672,451,4222,655,0.07152564102564102,-0.19820512820512814,0.0,True,True,weights renormalized over available components,False,SCRE-Pareto probability ranking,2
taiwan,validation,SCRE-Pareto probability ranking,0.35,662,428,4245,665,0.07192307692307692,-0.19820512820512814,0.0,True,True,weights renormalized over available components,False,SCRE-Pareto probability ranking,1
taiwan,validation,Best EBM/monotonic model: Monotonic LightGBM,0.35,649,446,4227,678,0.06814102564102564,-0.19820512820512814,0.0,True,True,,False,SCRE-Pareto probability ranking,5
taiwan,validation,V2 final locked policy ranking,0.36,632,426,4247,695,0.06539583333333335,-0.21692708333333327,0.0,True,True,same probability ranker as V2 locked manual-review policy,False,SCRE-Pareto probability ranking,5
taiwan,validation,Best CatBoost probability ranking,0.36,632,426,4247,695,0.06539583333333335,-0.21692708333333327,0.0,True,True,,False,SCRE-Pareto probability ranking,5
taiwan,validation,Best Scorecard probability ranking,0.36,613,391,4282,714,0.06551041666666667,-0.21692708333333327,0.0,True,True,,False,SCRE-Pareto probability ranking,4
taiwan,validation,Best literature reproduction model,0.36,630,425,4248,697,0.06515625,-0.21692708333333327,0.0,True,True,Best literature reproduction: XGBoost no resampling proxy,False,SCRE-Pareto probability ranking,7
taiwan,validation,SCRE-Optimized probability ranking,0.36,655,423,4250,672,0.06951041666666666,-0.21692708333333327,0.0,True,True,weights renormalized over available components,False,SCRE-Pareto probability ranking,2
taiwan,validation,SCRE-Pareto probability ranking,0.36,646,403,4270,681,0.06988541666666666,-0.21692708333333327,0.0,True,True,weights renormalized over available components,False,SCRE-Pareto probability ranking,1
taiwan,validation,Best EBM/monotonic model: Monotonic LightGBM,0.36,638,428,4245,689,0.06620833333333334,-0.21692708333333327,0.0,True,True,,False,SCRE-Pareto probability ranking,3
taiwan,validation,V2 final locked policy ranking,0.37,627,420,4253,700,0.06338888888888888,-0.2362433862433862,0.0,True,True,same probability ranker as V2 locked manual-review policy,False,SCRE-Optimized probability ranking,5
taiwan,validation,Best CatBoost probability ranking,0.37,627,420,4253,700,0.06338888888888888,-0.2362433862433862,0.0,True,True,,False,SCRE-Optimized probability ranking,5
taiwan,validation,Best Scorecard probability ranking,0.37,594,370,4303,733,0.06278306878306879,-0.2362433862433862,0.0,True,True,,False,SCRE-Optimized probability ranking,7
taiwan,validation,Best literature reproduction model,0.37,624,412,4261,703,0.06367195767195766,-0.2362433862433862,0.0,True,True,Best literature reproduction: XGBoost no resampling proxy,False,SCRE-Optimized probability ranking,4
taiwan,validation,SCRE-Optimized probability ranking,0.37,646,400,4273,681,0.0685132275132275,-0.2362433862433862,0.0,True,True,weights renormalized over available components,False,SCRE-Optimized probability ranking,1
taiwan,validation,SCRE-Pareto probability ranking,0.37,632,385,4288,695,0.06764814814814815,-0.2362433862433862,0.0,True,True,weights renormalized over available components,False,SCRE-Optimized probability ranking,2
taiwan,validation,Best EBM/monotonic model: Monotonic LightGBM,0.37,623,409,4264,704,0.0637989417989418,-0.2362433862433862,0.0,True,True,,False,SCRE-Optimized probability ranking,3
taiwan,validation,V2 final locked policy ranking,0.38,622,408,4265,705,0.06198924731182796,-0.2561827956989247,0.0,True,True,same probability ranker as V2 locked manual-review policy,False,SCRE-Optimized probability ranking,4
taiwan,validation,Best CatBoost probability ranking,0.38,622,408,4265,705,0.06198924731182796,-0.2561827956989247,0.0,True,True,,False,SCRE-Optimized probability ranking,4
taiwan,validation,Best Scorecard probability ranking,0.38,585,344,4329,742,0.06236021505376344,-0.2561827956989247,0.0,True,True,,False,SCRE-Optimized probability ranking,3
taiwan,validation,Best literature reproduction model,0.38,601,388,4285,726,0.060532258064516134,-0.2561827956989247,0.0,True,True,Best literature reproduction: XGBoost no resampling proxy,False,SCRE-Optimized probability ranking,7
taiwan,validation,SCRE-Optimized probability ranking,0.38,632,381,4292,695,0.06641397849462366,-0.2561827956989247,0.0,True,True,weights renormalized over available components,False,SCRE-Optimized probability ranking,1
taiwan,validation,SCRE-Pareto probability ranking,0.38,620,370,4303,707,0.06553763440860215,-0.2561827956989247,0.0,True,True,weights renormalized over available components,False,SCRE-Optimized probability ranking,2
taiwan,validation,Best EBM/monotonic model: Monotonic LightGBM,0.38,605,388,4285,722,0.0611989247311828,-0.2561827956989247,0.0,True,True,,False,SCRE-Optimized probability ranking,6
taiwan,validation,V2 final locked policy ranking,0.39,617,395,4278,710,0.0607431693989071,-0.27677595628415297,0.0,True,True,same probability ranker as V2 locked manual-review policy,False,SCRE-Optimized probability ranking,3
taiwan,validation,Best CatBoost probability ranking,0.39,617,395,4278,710,0.0607431693989071,-0.27677595628415297,0.0,True,True,,False,SCRE-Optimized probability ranking,3
taiwan,validation,Best Scorecard probability ranking,0.39,571,328,4345,756,0.06021584699453551,-0.27677595628415297,0.0,True,True,,False,SCRE-Optimized probability ranking,5
taiwan,validation,Best literature reproduction model,0.39,594,378,4295,733,0.058721311475409835,-0.27677595628415297,0.0,True,True,Best literature reproduction: XGBoost no resampling proxy,False,SCRE-Optimized probability ranking,6
taiwan,validation,SCRE-Optimized probability ranking,0.39,619,363,4310,708,0.06448633879781421,-0.27677595628415297,0.0,True,True,weights renormalized over available components,False,SCRE-Optimized probability ranking,1
taiwan,validation,SCRE-Pareto probability ranking,0.39,605,357,4316,722,0.06279234972677594,-0.27677595628415297,0.0,True,True,weights renormalized over available components,False,SCRE-Optimized probability ranking,2
taiwan,validation,Best EBM/monotonic model: Monotonic LightGBM,0.39,592,376,4297,735,0.058601092896174864,-0.27677595628415297,0.0,True,True,,False,SCRE-Optimized probability ranking,7
taiwan,validation,V2 final locked policy ranking,0.4,594,358,4315,733,0.059222222222222225,-0.2980555555555556,0.0,True,True,same probability ranker as V2 locked manual-review policy,False,SCRE-Optimized probability ranking,3
taiwan,validation,Best CatBoost probability ranking,0.4,594,358,4315,733,0.059222222222222225,-0.2980555555555556,0.0,True,True,,False,SCRE-Optimized probability ranking,3
taiwan,validation,Best Scorecard probability ranking,0.4,560,316,4357,767,0.058222222222222224,-0.2980555555555556,0.0,True,True,,False,SCRE-Optimized probability ranking,5
taiwan,validation,Best literature reproduction model,0.4,586,356,4317,741,0.058111111111111106,-0.2980555555555556,0.0,True,True,Best literature reproduction: XGBoost no resampling proxy,False,SCRE-Optimized probability ranking,6
taiwan,validation,SCRE-Optimized probability ranking,0.4,606,352,4321,721,0.06188888888888889,-0.2980555555555556,0.0,True,True,weights renormalized over available components,False,SCRE-Optimized probability ranking,1
taiwan,validation,SCRE-Pareto probability ranking,0.4,589,341,4332,738,0.06027777777777777,-0.2980555555555556,0.0,True,True,weights renormalized over available components,False,SCRE-Optimized probability ranking,2
taiwan,validation,Best EBM/monotonic model: Monotonic LightGBM,0.4,581,353,4320,746,0.0576111111111111,-0.2980555555555556,0.0,True,True,,False,SCRE-Optimized probability ranking,7
taiwan,validation,V2 final locked policy ranking,0.41,592,357,4316,735,0.057319209039548034,-0.320056497175141,0.0,True,True,same probability ranker as V2 locked manual-review policy,False,SCRE-Pareto probability ranking,3
taiwan,validation,Best CatBoost probability ranking,0.41,592,357,4316,735,0.057319209039548034,-0.320056497175141,0.0,True,True,,False,SCRE-Pareto probability ranking,3
taiwan,validation,Best Scorecard probability ranking,0.41,550,301,4372,777,0.056805084745762714,-0.320056497175141,0.0,True,True,,False,SCRE-Pareto probability ranking,5
taiwan,validation,Best literature reproduction model,0.41,571,342,4331,756,0.05555649717514125,-0.320056497175141,0.0,True,True,Best literature reproduction: XGBoost no resampling proxy,False,SCRE-Pareto probability ranking,7
taiwan,validation,SCRE-Optimized probability ranking,0.41,591,338,4335,736,0.05935310734463278,-0.320056497175141,0.0,True,True,weights renormalized over available components,False,SCRE-Pareto probability ranking,2
taiwan,validation,SCRE-Pareto probability ranking,0.41,579,319,4354,748,0.05955367231638419,-0.320056497175141,0.0,True,True,weights renormalized over available components,False,SCRE-Pareto probability ranking,1
taiwan,validation,Best EBM/monotonic model: Monotonic LightGBM,0.41,570,340,4333,757,0.05562146892655369,-0.320056497175141,0.0,True,True,,False,SCRE-Pareto probability ranking,6
taiwan,validation,V2 final locked policy ranking,0.42,575,335,4338,752,0.055402298850574724,-0.3428160919540228,0.0,True,True,same probability ranker as V2 locked manual-review policy,False,SCRE-Optimized probability ranking,3
taiwan,validation,Best CatBoost probability ranking,0.42,575,335,4338,752,0.055402298850574724,-0.3428160919540228,0.0,True,True,,False,SCRE-Optimized probability ranking,3
taiwan,validation,Best Scorecard probability ranking,0.42,535,286,4387,792,0.05464942528735633,-0.3428160919540228,0.0,True,True,,False,SCRE-Optimized probability ranking,6
taiwan,validation,Best literature reproduction model,0.42,567,328,4345,760,0.05491379310344828,-0.3428160919540228,0.0,True,True,Best literature reproduction: XGBoost no resampling proxy,False,SCRE-Optimized probability ranking,5
taiwan,validation,SCRE-Optimized probability ranking,0.42,574,314,4359,753,0.05777011494252873,-0.3428160919540228,0.0,True,True,weights renormalized over available components,False,SCRE-Optimized probability ranking,1
taiwan,validation,SCRE-Pareto probability ranking,0.42,564,304,4369,763,0.057310344827586214,-0.3428160919540228,0.0,True,True,weights renormalized over available components,False,SCRE-Optimized probability ranking,2
taiwan,validation,Best EBM/monotonic model: Monotonic LightGBM,0.42,562,325,4348,765,0.054442528735632184,-0.3428160919540228,0.0,True,True,,False,SCRE-Optimized probability ranking,7
taiwan,validation,V2 final locked policy ranking,0.43,568,331,4342,759,0.05304970760233918,-0.36637426900584785,0.0,True,True,same probability ranker as V2 locked manual-review policy,False,SCRE-Pareto probability ranking,4
taiwan,validation,Best CatBoost probability ranking,0.43,568,331,4342,759,0.05304970760233918,-0.36637426900584785,0.0,True,True,,False,SCRE-Pareto probability ranking,4
taiwan,validation,Best Scorecard probability ranking,0.43,526,279,4394,801,0.05258771929824562,-0.36637426900584785,0.0,True,True,,False,SCRE-Pareto probability ranking,7
taiwan,validation,Best literature reproduction model,0.43,555,310,4363,772,0.0535233918128655,-0.36637426900584785,0.0,True,True,Best literature reproduction: XGBoost no resampling proxy,False,SCRE-Pareto probability ranking,3
taiwan,validation,SCRE-Optimized probability ranking,0.43,558,305,4368,769,0.054652046783625736,-0.36637426900584785,0.0,True,True,weights renormalized over available components,False,SCRE-Pareto probability ranking,2
taiwan,validation,SCRE-Pareto probability ranking,0.43,550,293,4380,777,0.05482748538011696,-0.36637426900584785,0.0,True,True,weights renormalized over available components,False,SCRE-Pareto probability ranking,1
taiwan,validation,Best EBM/monotonic model: Monotonic LightGBM,0.43,551,312,4361,776,0.052605263157894745,-0.36637426900584785,0.0,True,True,,False,SCRE-Pareto probability ranking,6
taiwan,validation,V2 final locked policy ranking,0.44,551,309,4364,776,0.05136904761904763,-0.3907738095238094,0.0,True,True,same probability ranker as V2 locked manual-review policy,False,SCRE-Optimized probability ranking,5
taiwan,validation,Best CatBoost probability ranking,0.44,551,309,4364,776,0.05136904761904763,-0.3907738095238094,0.0,True,True,,False,SCRE-Optimized probability ranking,5
taiwan,validation,Best Scorecard probability ranking,0.44,512,267,4406,815,0.05036904761904762,-0.3907738095238094,0.0,True,True,,False,SCRE-Optimized probability ranking,7
taiwan,validation,Best literature reproduction model,0.44,542,291,4382,785,0.052226190476190475,-0.3907738095238094,0.0,True,True,Best literature reproduction: XGBoost no resampling proxy,False,SCRE-Optimized probability ranking,4
taiwan,validation,SCRE-Optimized probability ranking,0.44,546,291,4382,781,0.05289285714285714,-0.3907738095238094,0.0,True,True,weights renormalized over available components,False,SCRE-Optimized probability ranking,1
taiwan,validation,SCRE-Pareto probability ranking,0.44,538,282,4391,789,0.052738095238095244,-0.3907738095238094,0.0,True,True,weights renormalized over available components,False,SCRE-Optimized probability ranking,2
taiwan,validation,Best EBM/monotonic model: Monotonic LightGBM,0.44,547,295,4378,780,0.05253571428571428,-0.3907738095238094,0.0,True,True,,False,SCRE-Optimized probability ranking,3
taiwan,validation,V2 final locked policy ranking,0.45,546,301,4372,781,0.04995454545454546,-0.41606060606060596,0.0,True,True,same probability ranker as V2 locked manual-review policy,False,SCRE-Pareto probability ranking,5
taiwan,validation,Best CatBoost probability ranking,0.45,546,301,4372,781,0.04995454545454546,-0.41606060606060596,0.0,True,True,,False,SCRE-Pareto probability ranking,5
taiwan,validation,Best Scorecard probability ranking,0.45,502,258,4415,825,0.04848484848484849,-0.41606060606060596,0.0,True,True,,False,SCRE-Pareto probability ranking,7
taiwan,validation,Best literature reproduction model,0.45,538,285,4388,789,0.05080303030303031,-0.41606060606060596,0.0,True,True,Best literature reproduction: XGBoost no resampling proxy,False,SCRE-Pareto probability ranking,3
taiwan,validation,SCRE-Optimized probability ranking,0.45,530,275,4398,797,0.05083333333333334,-0.41606060606060596,0.0,True,True,weights renormalized over available components,False,SCRE-Pareto probability ranking,2
taiwan,validation,SCRE-Pareto probability ranking,0.45,527,268,4405,800,0.05128787878787879,-0.41606060606060596,0.0,True,True,weights renormalized over available components,False,SCRE-Pareto probability ranking,1
taiwan,validation,Best EBM/monotonic model: Monotonic LightGBM,0.45,532,278,4395,795,0.050757575757575765,-0.41606060606060596,0.0,True,True,,False,SCRE-Pareto probability ranking,4
taiwan,validation,V2 final locked policy ranking,0.46,521,270,4403,806,0.0485,-0.4422839506172839,0.0,True,True,same probability ranker as V2 locked manual-review policy,False,SCRE-Pareto probability ranking,5
taiwan,validation,Best CatBoost probability ranking,0.46,521,270,4403,806,0.0485,-0.4422839506172839,0.0,True,True,,False,SCRE-Pareto probability ranking,5
taiwan,validation,Best Scorecard probability ranking,0.46,493,249,4424,834,0.04681481481481481,-0.4422839506172839,0.0,True,True,,False,SCRE-Pareto probability ranking,7
taiwan,validation,Best literature reproduction model,0.46,533,275,4398,794,0.049790123456790125,-0.4422839506172839,0.0,True,True,Best literature reproduction: XGBoost no resampling proxy,False,SCRE-Pareto probability ranking,2
taiwan,validation,SCRE-Optimized probability ranking,0.46,521,261,4412,806,0.04977777777777778,-0.4422839506172839,0.0,True,True,weights renormalized over available components,False,SCRE-Pareto probability ranking,3
taiwan,validation,SCRE-Pareto probability ranking,0.46,516,252,4421,811,0.05022222222222221,-0.4422839506172839,0.0,True,True,weights renormalized over available components,False,SCRE-Pareto probability ranking,1
taiwan,validation,Best EBM/monotonic model: Monotonic LightGBM,0.46,523,268,4405,804,0.049117283950617284,-0.4422839506172839,0.0,True,True,,False,SCRE-Pareto probability ranking,4
taiwan,validation,V2 final locked policy ranking,0.47,511,252,4421,816,0.04792138364779874,-0.46949685534591185,0.0,True,True,same probability ranker as V2 locked manual-review policy,False,SCRE-Optimized probability ranking,3
taiwan,validation,Best CatBoost probability ranking,0.47,511,252,4421,816,0.04792138364779874,-0.46949685534591185,0.0,True,True,,False,SCRE-Optimized probability ranking,3
taiwan,validation,Best Scorecard probability ranking,0.47,483,243,4430,844,0.044584905660377365,-0.46949685534591185,0.0,True,True,,False,SCRE-Optimized probability ranking,7
taiwan,validation,Best literature reproduction model,0.47,515,264,4409,812,0.04681446540880504,-0.46949685534591185,0.0,True,True,Best literature reproduction: XGBoost no resampling proxy,False,SCRE-Optimized probability ranking,6
taiwan,validation,SCRE-Optimized probability ranking,0.47,513,238,4435,814,0.05032389937106919,-0.46949685534591185,0.0,True,True,weights renormalized over available components,False,SCRE-Optimized probability ranking,1
taiwan,validation,SCRE-Pareto probability ranking,0.47,505,239,4434,822,0.04884276729559749,-0.46949685534591185,0.0,True,True,weights renormalized over available components,False,SCRE-Optimized probability ranking,2
taiwan,validation,Best EBM/monotonic model: Monotonic LightGBM,0.47,516,259,4414,811,0.04772012578616352,-0.46949685534591185,0.0,True,True,,False,SCRE-Optimized probability ranking,5
taiwan,validation,V2 final locked policy ranking,0.48,496,237,4436,831,0.046205128205128204,-0.4977564102564101,0.0,True,True,same probability ranker as V2 locked manual-review policy,False,SCRE-Optimized probability ranking,4
taiwan,validation,Best CatBoost probability ranking,0.48,496,237,4436,831,0.046205128205128204,-0.4977564102564101,0.0,True,True,,False,SCRE-Optimized probability ranking,4
taiwan,validation,Best Scorecard probability ranking,0.48,473,230,4443,854,0.043448717948717956,-0.4977564102564101,0.0,True,True,,False,SCRE-Optimized probability ranking,7
taiwan,validation,Best literature reproduction model,0.48,511,260,4413,816,0.04516666666666667,-0.4977564102564101,0.0,True,True,Best literature reproduction: XGBoost no resampling proxy,False,SCRE-Optimized probability ranking,6
taiwan,validation,SCRE-Optimized probability ranking,0.48,504,232,4441,823,0.048307692307692315,-0.4977564102564101,0.0,True,True,weights renormalized over available components,False,SCRE-Optimized probability ranking,1
taiwan,validation,SCRE-Pareto probability ranking,0.48,499,230,4443,828,0.047782051282051284,-0.4977564102564101,0.0,True,True,weights renormalized over available components,False,SCRE-Optimized probability ranking,2
taiwan,validation,Best EBM/monotonic model: Monotonic LightGBM,0.48,506,245,4428,821,0.04664102564102564,-0.4977564102564101,0.0,True,True,,False,SCRE-Optimized probability ranking,3
taiwan,validation,V2 final locked policy ranking,0.49,476,217,4456,851,0.044584967320261445,-0.5271241830065359,0.0,True,True,same probability ranker as V2 locked manual-review policy,False,SCRE-Optimized probability ranking,4
taiwan,validation,Best CatBoost probability ranking,0.49,476,217,4456,851,0.044584967320261445,-0.5271241830065359,0.0,True,True,,False,SCRE-Optimized probability ranking,4
taiwan,validation,Best Scorecard probability ranking,0.49,463,223,4450,864,0.04145751633986928,-0.5271241830065359,0.0,True,True,,False,SCRE-Optimized probability ranking,7
taiwan,validation,Best literature reproduction model,0.49,499,253,4420,828,0.04265359477124184,-0.5271241830065359,0.0,True,True,Best literature reproduction: XGBoost no resampling proxy,False,SCRE-Optimized probability ranking,6
taiwan,validation,SCRE-Optimized probability ranking,0.49,490,224,4449,837,0.04579738562091503,-0.5271241830065359,0.0,True,True,weights renormalized over available components,False,SCRE-Optimized probability ranking,1
taiwan,validation,SCRE-Pareto probability ranking,0.49,487,221,4452,840,0.04577777777777778,-0.5271241830065359,0.0,True,True,weights renormalized over available components,False,SCRE-Optimized probability ranking,2
taiwan,validation,Best EBM/monotonic model: Monotonic LightGBM,0.49,500,239,4434,827,0.045062091503267974,-0.5271241830065359,0.0,True,True,,False,SCRE-Optimized probability ranking,3
taiwan,validation,V2 final locked policy ranking,0.5,467,214,4459,860,0.04216666666666667,-0.5576666666666665,0.0,True,True,same probability ranker as V2 locked manual-review policy,False,SCRE-Pareto probability ranking; Best EBM/monotonic model: Monotonic LightGBM,4
taiwan,validation,Best CatBoost probability ranking,0.5,467,214,4459,860,0.04216666666666667,-0.5576666666666665,0.0,True,True,,False,SCRE-Pareto probability ranking; Best EBM/monotonic model: Monotonic LightGBM,4
taiwan,validation,Best Scorecard probability ranking,0.5,446,219,4454,881,0.03783333333333334,-0.5576666666666665,0.0,True,True,,False,SCRE-Pareto probability ranking; Best EBM/monotonic model: Monotonic LightGBM,7
taiwan,validation,Best literature reproduction model,0.5,483,235,4438,844,0.04133333333333333,-0.5576666666666665,0.0,True,True,Best literature reproduction: XGBoost no resampling proxy,False,SCRE-Pareto probability ranking; Best EBM/monotonic model: Monotonic LightGBM,6
taiwan,validation,SCRE-Optimized probability ranking,0.5,475,213,4460,852,0.043666666666666666,-0.5576666666666665,0.0,True,True,weights renormalized over available components,False,SCRE-Pareto probability ranking; Best EBM/monotonic model: Monotonic LightGBM,3
taiwan,validation,SCRE-Pareto probability ranking,0.5,475,210,4463,852,0.04416666666666666,-0.5576666666666665,0.0,True,True,weights renormalized over available components,False,SCRE-Pareto probability ranking; Best EBM/monotonic model: Monotonic LightGBM,1
taiwan,validation,Best EBM/monotonic model: Monotonic LightGBM,0.5,494,229,4444,833,0.04416666666666666,-0.5576666666666665,0.0,True,True,,False,SCRE-Pareto probability ranking; Best EBM/monotonic model: Monotonic LightGBM,1
taiwan,validation,V2 final locked policy ranking,0.51,454,210,4463,873,0.039238095238095225,-0.5894557823129252,0.0,True,True,same probability ranker as V2 locked manual-review policy,False,SCRE-Pareto probability ranking,5
taiwan,validation,Best CatBoost probability ranking,0.51,454,210,4463,873,0.039238095238095225,-0.5894557823129252,0.0,True,True,,False,SCRE-Pareto probability ranking,5
taiwan,validation,Best Scorecard probability ranking,0.51,438,207,4466,889,0.03709183673469387,-0.5894557823129252,0.0,True,True,,False,SCRE-Pareto probability ranking,7
taiwan,validation,Best literature reproduction model,0.51,470,213,4460,857,0.041384353741496606,-0.5894557823129252,0.0,True,True,Best literature reproduction: XGBoost no resampling proxy,False,SCRE-Pareto probability ranking,4
taiwan,validation,SCRE-Optimized probability ranking,0.51,458,201,4472,869,0.04146598639455782,-0.5894557823129252,0.0,True,True,weights renormalized over available components,False,SCRE-Pareto probability ranking,3
taiwan,validation,SCRE-Pareto probability ranking,0.51,463,202,4471,864,0.04212585034013605,-0.5894557823129252,0.0,True,True,weights renormalized over available components,False,SCRE-Pareto probability ranking,1
taiwan,validation,Best EBM/monotonic model: Monotonic LightGBM,0.51,484,223,4450,843,0.041982993197278905,-0.5894557823129252,0.0,True,True,,False,SCRE-Pareto probability ranking,2
taiwan,validation,V2 final locked policy ranking,0.52,441,201,4472,886,0.03720833333333332,-0.6225694444444445,0.0,True,True,same probability ranker as V2 locked manual-review policy,False,SCRE-Optimized probability ranking,5
taiwan,validation,Best CatBoost probability ranking,0.52,441,201,4472,886,0.03720833333333332,-0.6225694444444445,0.0,True,True,,False,SCRE-Optimized probability ranking,5
taiwan,validation,Best Scorecard probability ranking,0.52,433,197,4476,894,0.036597222222222225,-0.6225694444444445,0.0,True,True,,False,SCRE-Optimized probability ranking,7
taiwan,validation,Best literature reproduction model,0.52,455,203,4470,872,0.03918055555555555,-0.6225694444444445,0.0,True,True,Best literature reproduction: XGBoost no resampling proxy,False,SCRE-Optimized probability ranking,3
taiwan,validation,SCRE-Optimized probability ranking,0.52,450,192,4481,877,0.040333333333333325,-0.6225694444444445,0.0,True,True,weights renormalized over available components,False,SCRE-Optimized probability ranking,1
taiwan,validation,SCRE-Pareto probability ranking,0.52,440,192,4481,887,0.03866666666666666,-0.6225694444444445,0.0,True,True,weights renormalized over available components,False,SCRE-Optimized probability ranking,4
taiwan,validation,Best EBM/monotonic model: Monotonic LightGBM,0.52,473,215,4458,854,0.040013888888888884,-0.6225694444444445,0.0,True,True,,False,SCRE-Optimized probability ranking,2
taiwan,validation,V2 final locked policy ranking,0.53,432,192,4481,895,0.035914893617021264,-0.6570921985815603,0.0,True,True,same probability ranker as V2 locked manual-review policy,False,Best EBM/monotonic model: Monotonic LightGBM,5
taiwan,validation,Best CatBoost probability ranking,0.53,432,192,4481,895,0.035914893617021264,-0.6570921985815603,0.0,True,True,,False,Best EBM/monotonic model: Monotonic LightGBM,5
taiwan,validation,Best Scorecard probability ranking,0.53,426,190,4483,901,0.035290780141843954,-0.6570921985815603,0.0,True,True,,False,Best EBM/monotonic model: Monotonic LightGBM,7
taiwan,validation,Best literature reproduction model,0.53,440,192,4481,887,0.0372482269503546,-0.6570921985815603,0.0,True,True,Best literature reproduction: XGBoost no resampling proxy,False,Best EBM/monotonic model: Monotonic LightGBM,3
taiwan,validation,SCRE-Optimized probability ranking,0.53,434,185,4488,893,0.037563829787234035,-0.6570921985815603,0.0,True,True,weights renormalized over available components,False,Best EBM/monotonic model: Monotonic LightGBM,2
taiwan,validation,SCRE-Pareto probability ranking,0.53,428,185,4488,899,0.036563829787234034,-0.6570921985815603,0.0,True,True,weights renormalized over available components,False,Best EBM/monotonic model: Monotonic LightGBM,4
taiwan,validation,Best EBM/monotonic model: Monotonic LightGBM,0.53,463,209,4464,864,0.03788652482269502,-0.6570921985815603,0.0,True,True,,False,Best EBM/monotonic model: Monotonic LightGBM,1
taiwan,validation,V2 final locked policy ranking,0.54,418,183,4490,909,0.03386231884057971,-0.6931159420289854,0.0,True,True,same probability ranker as V2 locked manual-review policy,False,Best EBM/monotonic model: Monotonic LightGBM,5
taiwan,validation,Best CatBoost probability ranking,0.54,418,183,4490,909,0.03386231884057971,-0.6931159420289854,0.0,True,True,,False,Best EBM/monotonic model: Monotonic LightGBM,5
taiwan,validation,Best Scorecard probability ranking,0.54,416,184,4489,911,0.033333333333333326,-0.6931159420289854,0.0,True,True,,False,Best EBM/monotonic model: Monotonic LightGBM,7
taiwan,validation,Best literature reproduction model,0.54,433,190,4483,894,0.034992753623188405,-0.6931159420289854,0.0,True,True,Best literature reproduction: XGBoost no resampling proxy,False,Best EBM/monotonic model: Monotonic LightGBM,4
taiwan,validation,SCRE-Optimized probability ranking,0.54,424,172,4501,903,0.03701449275362319,-0.6931159420289854,0.0,True,True,weights renormalized over available components,False,Best EBM/monotonic model: Monotonic LightGBM,2
taiwan,validation,SCRE-Pareto probability ranking,0.54,419,175,4498,908,0.03559420289855072,-0.6931159420289854,0.0,True,True,weights renormalized over available components,False,Best EBM/monotonic model: Monotonic LightGBM,3
taiwan,validation,Best EBM/monotonic model: Monotonic LightGBM,0.54,456,199,4474,871,0.03706521739130435,-0.6931159420289854,0.0,True,True,,False,Best EBM/monotonic model: Monotonic LightGBM,1
taiwan,validation,V2 final locked policy ranking,0.55,416,180,4493,911,0.032666666666666656,-0.7307407407407409,0.0,True,True,same probability ranker as V2 locked manual-review policy,False,Best EBM/monotonic model: Monotonic LightGBM,5
taiwan,validation,Best CatBoost probability ranking,0.55,416,180,4493,911,0.032666666666666656,-0.7307407407407409,0.0,True,True,,False,Best EBM/monotonic model: Monotonic LightGBM,5
taiwan,validation,Best Scorecard probability ranking,0.55,400,176,4497,927,0.030814814814814802,-0.7307407407407409,0.0,True,True,,False,Best EBM/monotonic model: Monotonic LightGBM,7
taiwan,validation,Best literature reproduction model,0.55,410,173,4500,917,0.03309259259259258,-0.7307407407407409,0.0,True,True,Best literature reproduction: XGBoost no resampling proxy,False,Best EBM/monotonic model: Monotonic LightGBM,4
taiwan,validation,SCRE-Optimized probability ranking,0.55,413,167,4506,914,0.0348148148148148,-0.7307407407407409,0.0,True,True,weights renormalized over available components,False,Best EBM/monotonic model: Monotonic LightGBM,3
taiwan,validation,SCRE-Pareto probability ranking,0.55,414,165,4508,913,0.035388888888888886,-0.7307407407407409,0.0,True,True,weights renormalized over available components,False,Best EBM/monotonic model: Monotonic LightGBM,2
taiwan,validation,Best EBM/monotonic model: Monotonic LightGBM,0.55,448,192,4481,879,0.03555555555555555,-0.7307407407407409,0.0,True,True,,False,Best EBM/monotonic model: Monotonic LightGBM,1
taiwan,validation,V2 final locked policy ranking,0.56,408,173,4500,919,0.031303030303030305,-0.7700757575757577,0.0,True,True,same probability ranker as V2 locked manual-review policy,False,SCRE-Pareto probability ranking,4
taiwan,validation,Best CatBoost probability ranking,0.56,408,173,4500,919,0.031303030303030305,-0.7700757575757577,0.0,True,True,,False,SCRE-Pareto probability ranking,4
taiwan,validation,Best Scorecard probability ranking,0.56,391,172,4501,936,0.028681818181818176,-0.7700757575757577,0.0,True,True,,False,SCRE-Pareto probability ranking,7
taiwan,validation,Best literature reproduction model,0.56,395,167,4506,932,0.030409090909090893,-0.7700757575757577,0.0,True,True,Best literature reproduction: XGBoost no resampling proxy,False,SCRE-Pareto probability ranking,6
taiwan,validation,SCRE-Optimized probability ranking,0.56,404,160,4513,923,0.03339393939393938,-0.7700757575757577,0.0,True,True,weights renormalized over available components,False,SCRE-Pareto probability ranking,2
taiwan,validation,SCRE-Pareto probability ranking,0.56,404,155,4518,923,0.034454545454545446,-0.7700757575757577,0.0,True,True,weights renormalized over available components,False,SCRE-Pareto probability ranking,1
taiwan,validation,Best EBM/monotonic model: Monotonic LightGBM,0.56,437,187,4486,890,0.033166666666666664,-0.7700757575757577,0.0,True,True,,False,SCRE-Pareto probability ranking,3
taiwan,validation,V2 final locked policy ranking,0.57,390,159,4514,937,0.029872093023255823,-0.811240310077519,0.0,True,True,same probability ranker as V2 locked manual-review policy,False,SCRE-Pareto probability ranking,5
taiwan,validation,Best CatBoost probability ranking,0.57,390,159,4514,937,0.029872093023255823,-0.811240310077519,0.0,True,True,,False,SCRE-Pareto probability ranking,5
taiwan,validation,Best Scorecard probability ranking,0.57,383,161,4512,944,0.02826356589147288,-0.811240310077519,0.0,True,True,,False,SCRE-Pareto probability ranking,7
taiwan,validation,Best literature reproduction model,0.57,384,154,4519,943,0.029976744186046518,-0.811240310077519,0.0,True,True,Best literature reproduction: XGBoost no resampling proxy,False,SCRE-Pareto probability ranking,4
taiwan,validation,SCRE-Optimized probability ranking,0.57,393,155,4518,934,0.031255813953488386,-0.811240310077519,0.0,True,True,weights renormalized over available components,False,SCRE-Pareto probability ranking,2
taiwan,validation,SCRE-Pareto probability ranking,0.57,391,150,4523,936,0.03202713178294574,-0.811240310077519,0.0,True,True,weights renormalized over available components,False,SCRE-Pareto probability ranking,1
taiwan,validation,Best EBM/monotonic model: Monotonic LightGBM,0.57,425,182,4491,902,0.030624031007751948,-0.811240310077519,0.0,True,True,,False,SCRE-Pareto probability ranking,3
taiwan,validation,V2 final locked policy ranking,0.58,375,154,4519,952,0.027055555555555562,-0.854365079365079,0.0,True,True,same probability ranker as V2 locked manual-review policy,False,SCRE-Pareto probability ranking,4
taiwan,validation,Best CatBoost probability ranking,0.58,375,154,4519,952,0.027055555555555562,-0.854365079365079,0.0,True,True,,False,SCRE-Pareto probability ranking,4
taiwan,validation,Best Scorecard probability ranking,0.58,368,155,4518,959,0.02565873015873016,-0.854365079365079,0.0,True,True,,False,SCRE-Pareto probability ranking,7
taiwan,validation,Best literature reproduction model,0.58,363,146,4527,964,0.026896825396825405,-0.854365079365079,0.0,True,True,Best literature reproduction: XGBoost no resampling proxy,False,SCRE-Pareto probability ranking,6
taiwan,validation,SCRE-Optimized probability ranking,0.58,378,148,4525,949,0.02893650793650794,-0.854365079365079,0.0,True,True,weights renormalized over available components,False,SCRE-Pareto probability ranking,3
taiwan,validation,SCRE-Pareto probability ranking,0.58,375,144,4529,952,0.02935714285714286,-0.854365079365079,0.0,True,True,weights renormalized over available components,False,SCRE-Pareto probability ranking,1
taiwan,validation,Best EBM/monotonic model: Monotonic LightGBM,0.58,414,174,4499,913,0.028952380952380966,-0.854365079365079,0.0,True,True,,False,SCRE-Pareto probability ranking,2
taiwan,validation,V2 final locked policy ranking,0.59,370,148,4525,957,0.026170731707317083,-0.899593495934959,0.0,True,True,same probability ranker as V2 locked manual-review policy,False,SCRE-Optimized probability ranking,4
taiwan,validation,Best CatBoost probability ranking,0.59,370,148,4525,957,0.026170731707317083,-0.899593495934959,0.0,True,True,,False,SCRE-Optimized probability ranking,4
taiwan,validation,Best Scorecard probability ranking,0.59,355,150,4523,972,0.023191056910569108,-0.899593495934959,0.0,True,True,,False,SCRE-Optimized probability ranking,7
taiwan,validation,Best literature reproduction model,0.59,357,141,4532,970,0.025682926829268295,-0.899593495934959,0.0,True,True,Best literature reproduction: XGBoost no resampling proxy,False,SCRE-Optimized probability ranking,6
taiwan,validation,SCRE-Optimized probability ranking,0.59,369,137,4536,958,0.028642276422764235,-0.899593495934959,0.0,True,True,weights renormalized over available components,False,SCRE-Optimized probability ranking,1
taiwan,validation,SCRE-Pareto probability ranking,0.59,363,136,4537,964,0.027882113821138213,-0.899593495934959,0.0,True,True,weights renormalized over available components,False,SCRE-Optimized probability ranking,3
taiwan,validation,Best EBM/monotonic model: Monotonic LightGBM,0.59,405,163,4510,922,0.028406504065040666,-0.899593495934959,0.0,True,True,,False,SCRE-Optimized probability ranking,2
taiwan,validation,V2 final locked policy ranking,0.6,367,145,4528,960,0.024916666666666677,-0.947083333333333,0.0,True,True,same probability ranker as V2 locked manual-review policy,False,Best EBM/monotonic model: Monotonic LightGBM,4
taiwan,validation,Best CatBoost probability ranking,0.6,367,145,4528,960,0.024916666666666677,-0.947083333333333,0.0,True,True,,False,Best EBM/monotonic model: Monotonic LightGBM,4
taiwan,validation,Best Scorecard probability ranking,0.6,350,147,4526,977,0.021583333333333336,-0.947083333333333,0.0,True,True,,False,Best EBM/monotonic model: Monotonic LightGBM,7
taiwan,validation,Best literature reproduction model,0.6,327,123,4550,1000,0.023750000000000004,-0.947083333333333,0.0,True,True,Best literature reproduction: XGBoost no resampling proxy,False,Best EBM/monotonic model: Monotonic LightGBM,6
taiwan,validation,SCRE-Optimized probability ranking,0.6,360,133,4540,967,0.026750000000000003,-0.947083333333333,0.0,True,True,weights renormalized over available components,False,Best EBM/monotonic model: Monotonic LightGBM,3
taiwan,validation,SCRE-Pareto probability ranking,0.6,352,126,4547,975,0.027166666666666665,-0.947083333333333,0.0,True,True,weights renormalized over available components,False,Best EBM/monotonic model: Monotonic LightGBM,2
taiwan,validation,Best EBM/monotonic model: Monotonic LightGBM,0.6,397,153,4520,930,0.027916666666666673,-0.947083333333333,0.0,True,True,,False,Best EBM/monotonic model: Monotonic LightGBM,1
taiwan,validation,V2 final locked policy ranking,0.61,349,129,4544,978,0.024538461538461537,-0.9970085470085468,0.0,True,True,same probability ranker as V2 locked manual-review policy,False,Best EBM/monotonic model: Monotonic LightGBM,4
taiwan,validation,Best CatBoost probability ranking,0.61,349,129,4544,978,0.024538461538461537,-0.9970085470085468,0.0,True,True,,False,Best EBM/monotonic model: Monotonic LightGBM,4
taiwan,validation,Best Scorecard probability ranking,0.61,339,138,4535,988,0.020525641025641028,-0.9970085470085468,0.0,True,True,,False,Best EBM/monotonic model: Monotonic LightGBM,7
taiwan,validation,Best literature reproduction model,0.61,324,122,4551,1003,0.022196581196581196,-0.9970085470085468,0.0,True,True,Best literature reproduction: XGBoost no resampling proxy,False,Best EBM/monotonic model: Monotonic LightGBM,6
taiwan,validation,SCRE-Optimized probability ranking,0.61,351,125,4548,976,0.025914529914529923,-0.9970085470085468,0.0,True,True,weights renormalized over available components,False,Best EBM/monotonic model: Monotonic LightGBM,2
taiwan,validation,SCRE-Pareto probability ranking,0.61,339,118,4555,988,0.025739316239316242,-0.9970085470085468,0.0,True,True,weights renormalized over available components,False,Best EBM/monotonic model: Monotonic LightGBM,3
taiwan,validation,Best EBM/monotonic model: Monotonic LightGBM,0.61,388,148,4525,939,0.026085470085470082,-0.9970085470085468,0.0,True,True,,False,Best EBM/monotonic model: Monotonic LightGBM,1
taiwan,validation,V2 final locked policy ranking,0.62,336,126,4547,991,0.02173684210526316,-1.0495614035087717,0.0,True,True,same probability ranker as V2 locked manual-review policy,False,SCRE-Pareto probability ranking,4
taiwan,validation,Best CatBoost probability ranking,0.62,336,126,4547,991,0.02173684210526316,-1.0495614035087717,0.0,True,True,,False,SCRE-Pareto probability ranking,4
taiwan,validation,Best Scorecard probability ranking,0.62,328,133,4540,999,0.018500000000000003,-1.0495614035087717,0.0,True,True,,False,SCRE-Pareto probability ranking,7
taiwan,validation,Best literature reproduction model,0.62,314,117,4556,1013,0.02051754385964913,-1.0495614035087717,0.0,True,True,Best literature reproduction: XGBoost no resampling proxy,False,SCRE-Pareto probability ranking,6
taiwan,validation,SCRE-Optimized probability ranking,0.62,336,115,4558,991,0.0247280701754386,-1.0495614035087717,0.0,True,True,weights renormalized over available components,False,SCRE-Pareto probability ranking,2
taiwan,validation,SCRE-Pareto probability ranking,0.62,324,104,4569,1003,0.025719298245614038,-1.0495614035087717,0.0,True,True,weights renormalized over available components,False,SCRE-Pareto probability ranking,1
taiwan,validation,Best EBM/monotonic model: Monotonic LightGBM,0.62,370,139,4534,957,0.02386842105263158,-1.0495614035087717,0.0,True,True,,False,SCRE-Pareto probability ranking,3
taiwan,validation,V2 final locked policy ranking,0.63,320,114,4559,1007,0.020981981981981986,-1.1049549549549547,0.0,True,True,same probability ranker as V2 locked manual-review policy,False,SCRE-Pareto probability ranking,4
taiwan,validation,Best CatBoost probability ranking,0.63,320,114,4559,1007,0.020981981981981986,-1.1049549549549547,0.0,True,True,,False,SCRE-Pareto probability ranking,4
taiwan,validation,Best Scorecard probability ranking,0.63,316,131,4542,1011,0.015490990990990994,-1.1049549549549547,0.0,True,True,,False,SCRE-Pareto probability ranking,7
taiwan,validation,Best literature reproduction model,0.63,300,106,4567,1027,0.01991891891891892,-1.1049549549549547,0.0,True,True,Best literature reproduction: XGBoost no resampling proxy,False,SCRE-Pareto probability ranking,6
taiwan,validation,SCRE-Optimized probability ranking,0.63,323,106,4567,1004,0.02375225225225225,-1.1049549549549547,0.0,True,True,weights renormalized over available components,False,SCRE-Pareto probability ranking,2
taiwan,validation,SCRE-Pareto probability ranking,0.63,306,96,4577,1021,0.023756756756756755,-1.1049549549549547,0.0,True,True,weights renormalized over available components,False,SCRE-Pareto probability ranking,1
taiwan,validation,Best EBM/monotonic model: Monotonic LightGBM,0.63,355,134,4539,972,0.02113963963963964,-1.1049549549549547,0.0,True,True,,False,SCRE-Pareto probability ranking,3
taiwan,validation,V2 final locked policy ranking,0.64,314,114,4559,1013,0.018555555555555554,-1.1634259259259259,0.0,True,True,same probability ranker as V2 locked manual-review policy,False,SCRE-Optimized probability ranking,4
taiwan,validation,Best CatBoost probability ranking,0.64,314,114,4559,1013,0.018555555555555554,-1.1634259259259259,0.0,True,True,,False,SCRE-Optimized probability ranking,4
taiwan,validation,Best Scorecard probability ranking,0.64,298,126,4547,1029,0.012333333333333328,-1.1634259259259259,0.0,True,True,,False,SCRE-Optimized probability ranking,7
taiwan,validation,Best literature reproduction model,0.64,296,104,4569,1031,0.018518518518518517,-1.1634259259259259,0.0,True,True,Best literature reproduction: XGBoost no resampling proxy,False,SCRE-Optimized probability ranking,6
taiwan,validation,SCRE-Optimized probability ranking,0.64,309,93,4580,1018,0.02394444444444444,-1.1634259259259259,0.0,True,True,weights renormalized over available components,False,SCRE-Optimized probability ranking,1
taiwan,validation,SCRE-Pareto probability ranking,0.64,294,88,4585,1033,0.022925925925925926,-1.1634259259259259,0.0,True,True,weights renormalized over available components,False,SCRE-Optimized probability ranking,2
taiwan,validation,Best EBM/monotonic model: Monotonic LightGBM,0.64,344,121,4552,983,0.021481481481481483,-1.1634259259259259,0.0,True,True,,False,SCRE-Optimized probability ranking,3
taiwan,validation,V2 final locked policy ranking,0.65,303,104,4569,1024,0.01830952380952381,-1.2252380952380952,0.0,True,True,same probability ranker as V2 locked manual-review policy,False,SCRE-Optimized probability ranking,4
taiwan,validation,Best CatBoost probability ranking,0.65,303,104,4569,1024,0.01830952380952381,-1.2252380952380952,0.0,True,True,,False,SCRE-Optimized probability ranking,4
taiwan,validation,Best Scorecard probability ranking,0.65,280,118,4555,1047,0.010142857142857141,-1.2252380952380952,0.0,True,True,,False,SCRE-Optimized probability ranking,7
taiwan,validation,Best literature reproduction model,0.65,285,98,4575,1042,0.017166666666666667,-1.2252380952380952,0.0,True,True,Best literature reproduction: XGBoost no resampling proxy,False,SCRE-Optimized probability ranking,6
taiwan,validation,SCRE-Optimized probability ranking,0.65,299,86,4587,1028,0.02321428571428571,-1.2252380952380952,0.0,True,True,weights renormalized over available components,False,SCRE-Optimized probability ranking,1
taiwan,validation,SCRE-Pareto probability ranking,0.65,282,79,4594,1045,0.022547619047619042,-1.2252380952380952,0.0,True,True,weights renormalized over available components,False,SCRE-Optimized probability ranking,2
taiwan,validation,Best EBM/monotonic model: Monotonic LightGBM,0.65,328,116,4557,999,0.018761904761904757,-1.2252380952380952,0.0,True,True,,False,SCRE-Optimized probability ranking,3
taiwan,validation,V2 final locked policy ranking,0.66,286,94,4579,1041,0.017254901960784316,-1.2906862745098038,0.0,True,True,same probability ranker as V2 locked manual-review policy,False,SCRE-Optimized probability ranking,3
taiwan,validation,Best CatBoost probability ranking,0.66,286,94,4579,1041,0.017254901960784316,-1.2906862745098038,0.0,True,True,,False,SCRE-Optimized probability ranking,3
taiwan,validation,Best Scorecard probability ranking,0.66,264,110,4563,1063,0.008411764705882348,-1.2906862745098038,0.0,True,True,,False,SCRE-Optimized probability ranking,7
taiwan,validation,Best literature reproduction model,0.66,270,90,4583,1057,0.015882352941176466,-1.2906862745098038,0.0,True,True,Best literature reproduction: XGBoost no resampling proxy,False,SCRE-Optimized probability ranking,6
taiwan,validation,SCRE-Optimized probability ranking,0.66,285,83,4590,1042,0.02064705882352941,-1.2906862745098038,0.0,True,True,weights renormalized over available components,False,SCRE-Optimized probability ranking,1
taiwan,validation,SCRE-Pareto probability ranking,0.66,264,73,4600,1063,0.020382352941176466,-1.2906862745098038,0.0,True,True,weights renormalized over available components,False,SCRE-Optimized probability ranking,2
taiwan,validation,Best EBM/monotonic model: Monotonic LightGBM,0.66,306,105,4568,1021,0.01702941176470587,-1.2906862745098038,0.0,True,True,,False,SCRE-Optimized probability ranking,5
taiwan,validation,V2 final locked policy ranking,0.67,281,91,4582,1046,0.016040404040404032,-1.3601010101010103,0.0,True,True,same probability ranker as V2 locked manual-review policy,False,SCRE-Pareto probability ranking,3
taiwan,validation,Best CatBoost probability ranking,0.67,281,91,4582,1046,0.016040404040404032,-1.3601010101010103,0.0,True,True,,False,SCRE-Pareto probability ranking,3
taiwan,validation,Best Scorecard probability ranking,0.67,246,102,4571,1081,0.006484848484848475,-1.3601010101010103,0.0,True,True,,False,SCRE-Pareto probability ranking,7
taiwan,validation,Best literature reproduction model,0.67,262,85,4588,1065,0.014904040404040399,-1.3601010101010103,0.0,True,True,Best literature reproduction: XGBoost no resampling proxy,False,SCRE-Pareto probability ranking,6
taiwan,validation,SCRE-Optimized probability ranking,0.67,265,75,4598,1062,0.01878787878787878,-1.3601010101010103,0.0,True,True,weights renormalized over available components,False,SCRE-Pareto probability ranking,2
taiwan,validation,SCRE-Pareto probability ranking,0.67,248,63,4610,1079,0.02001515151515151,-1.3601010101010103,0.0,True,True,weights renormalized over available components,False,SCRE-Pareto probability ranking,1
taiwan,validation,Best EBM/monotonic model: Monotonic LightGBM,0.67,296,100,4573,1031,0.015494949494949485,-1.3601010101010103,0.0,True,True,,False,SCRE-Pareto probability ranking,5
taiwan,validation,V2 final locked policy ranking,0.68,267,82,4591,1060,0.015458333333333324,-1.4338541666666669,0.0,True,True,same probability ranker as V2 locked manual-review policy,False,SCRE-Optimized probability ranking,3
taiwan,validation,Best CatBoost probability ranking,0.68,267,82,4591,1060,0.015458333333333324,-1.4338541666666669,0.0,True,True,,False,SCRE-Optimized probability ranking,3
taiwan,validation,Best Scorecard probability ranking,0.68,229,97,4576,1098,0.0038124999999999964,-1.4338541666666669,0.0,True,True,,False,SCRE-Optimized probability ranking,7
taiwan,validation,Best literature reproduction model,0.68,251,76,4597,1076,0.014916666666666661,-1.4338541666666669,0.0,True,True,Best literature reproduction: XGBoost no resampling proxy,False,SCRE-Optimized probability ranking,5
taiwan,validation,SCRE-Optimized probability ranking,0.68,248,67,4606,1079,0.01760416666666666,-1.4338541666666669,0.0,True,True,weights renormalized over available components,False,SCRE-Optimized probability ranking,1
taiwan,validation,SCRE-Pareto probability ranking,0.68,226,59,4614,1101,0.016770833333333332,-1.4338541666666669,0.0,True,True,weights renormalized over available components,False,SCRE-Optimized probability ranking,2
taiwan,validation,Best EBM/monotonic model: Monotonic LightGBM,0.68,281,91,4582,1046,0.014604166666666654,-1.4338541666666669,0.0,True,True,,False,SCRE-Optimized probability ranking,6
taiwan,validation,V2 final locked policy ranking,0.69,257,79,4594,1070,0.013526881720430116,-1.5123655913978487,0.0,True,True,same probability ranker as V2 locked manual-review policy,False,SCRE-Optimized probability ranking,5
taiwan,validation,Best CatBoost probability ranking,0.69,257,79,4594,1070,0.013526881720430116,-1.5123655913978487,0.0,True,True,,False,SCRE-Optimized probability ranking,5
taiwan,validation,Best Scorecard probability ranking,0.69,213,91,4582,1114,0.001741935483870971,-1.5123655913978487,0.0,True,True,,False,SCRE-Optimized probability ranking,7
taiwan,validation,Best literature reproduction model,0.69,237,67,4606,1090,0.01464516129032259,-1.5123655913978487,0.0,True,True,Best literature reproduction: XGBoost no resampling proxy,False,SCRE-Optimized probability ranking,2
taiwan,validation,SCRE-Optimized probability ranking,0.69,235,62,4611,1092,0.016166666666666676,-1.5123655913978487,0.0,True,True,weights renormalized over available components,False,SCRE-Optimized probability ranking,1
taiwan,validation,SCRE-Pareto probability ranking,0.69,205,53,4620,1122,0.014505376344086024,-1.5123655913978487,0.0,True,True,weights renormalized over available components,False,SCRE-Optimized probability ranking,3
taiwan,validation,Best EBM/monotonic model: Monotonic LightGBM,0.69,260,80,4593,1067,0.013655913978494631,-1.5123655913978487,0.0,True,True,,False,SCRE-Optimized probability ranking,4
taiwan,validation,V2 final locked policy ranking,0.7,242,74,4599,1085,0.011555555555555558,-1.5961111111111106,0.0,True,True,same probability ranker as V2 locked manual-review policy,False,SCRE-Optimized probability ranking,4
taiwan,validation,Best CatBoost probability ranking,0.7,242,74,4599,1085,0.011555555555555558,-1.5961111111111106,0.0,True,True,,False,SCRE-Optimized probability ranking,4
taiwan,validation,Best Scorecard probability ranking,0.7,202,82,4591,1125,0.001777777777777781,-1.5961111111111106,0.0,True,True,,False,SCRE-Optimized probability ranking,7
taiwan,validation,Best literature reproduction model,0.7,231,65,4608,1096,0.013222222222222225,-1.5961111111111106,0.0,True,True,Best literature reproduction: XGBoost no resampling proxy,False,SCRE-Optimized probability ranking,3
taiwan,validation,SCRE-Optimized probability ranking,0.7,216,56,4617,1111,0.01422222222222222,-1.5961111111111106,0.0,True,True,weights renormalized over available components,False,SCRE-Optimized probability ranking,1
taiwan,validation,SCRE-Pareto probability ranking,0.7,184,43,4630,1143,0.013944444444444443,-1.5961111111111106,0.0,True,True,weights renormalized over available components,False,SCRE-Optimized probability ranking,2
taiwan,validation,Best EBM/monotonic model: Monotonic LightGBM,0.7,242,75,4598,1085,0.011166666666666668,-1.5961111111111106,0.0,True,True,,False,SCRE-Optimized probability ranking,6
taiwan,validation,V2 final locked policy ranking,0.71,228,69,4604,1099,0.0098448275862069,-1.6856321839080455,0.0,True,True,same probability ranker as V2 locked manual-review policy,False,SCRE-Optimized probability ranking,5
taiwan,validation,Best CatBoost probability ranking,0.71,228,69,4604,1099,0.0098448275862069,-1.6856321839080455,0.0,True,True,,False,SCRE-Optimized probability ranking,5
taiwan,validation,Best Scorecard probability ranking,0.71,185,76,4597,1142,-0.00017816091954022534,-1.6856321839080455,0.0,True,False,,False,SCRE-Optimized probability ranking,7
taiwan,validation,Best literature reproduction model,0.71,198,56,4617,1129,0.010149425287356323,-1.6856321839080455,0.0,True,True,Best literature reproduction: XGBoost no resampling proxy,False,SCRE-Optimized probability ranking,4
taiwan,validation,SCRE-Optimized probability ranking,0.71,195,45,4628,1132,0.014137931034482763,-1.6856321839080455,0.0,True,True,weights renormalized over available components,False,SCRE-Optimized probability ranking,1
taiwan,validation,SCRE-Pareto probability ranking,0.71,164,36,4637,1163,0.012643678160919542,-1.6856321839080455,0.0,True,True,weights renormalized over available components,False,SCRE-Optimized probability ranking,2
taiwan,validation,Best EBM/monotonic model: Monotonic LightGBM,0.71,229,68,4605,1098,0.01041954022988506,-1.6856321839080455,0.0,True,True,,False,SCRE-Optimized probability ranking,3
taiwan,validation,V2 final locked policy ranking,0.72,201,59,4614,1126,0.008214285714285719,-1.7815476190476185,0.0,True,True,same probability ranker as V2 locked manual-review policy,False,SCRE-Optimized probability ranking,4
taiwan,validation,Best CatBoost probability ranking,0.72,201,59,4614,1126,0.008214285714285719,-1.7815476190476185,0.0,True,True,,False,SCRE-Optimized probability ranking,4
taiwan,validation,Best Scorecard probability ranking,0.72,165,68,4605,1162,-0.0016428571428571404,-1.7815476190476185,0.0,True,False,,False,SCRE-Optimized probability ranking,7
taiwan,validation,Best literature reproduction model,0.72,192,53,4620,1135,0.00928571428571429,-1.7815476190476185,0.0,True,True,Best literature reproduction: XGBoost no resampling proxy,False,SCRE-Optimized probability ranking,2
taiwan,validation,SCRE-Optimized probability ranking,0.72,178,41,4632,1149,0.012095238095238096,-1.7815476190476185,0.0,True,True,weights renormalized over available components,False,SCRE-Optimized probability ranking,1
taiwan,validation,SCRE-Pareto probability ranking,0.72,137,32,4641,1190,0.009119047619047622,-1.7815476190476185,0.0,True,True,weights renormalized over available components,False,SCRE-Optimized probability ranking,3
taiwan,validation,Best EBM/monotonic model: Monotonic LightGBM,0.72,209,64,4609,1118,0.0074047619047619105,-1.7815476190476185,0.0,True,True,,False,SCRE-Optimized probability ranking,6
taiwan,validation,V2 final locked policy ranking,0.73,188,52,4621,1139,0.007901234567901236,-1.8845679012345673,0.0,True,True,same probability ranker as V2 locked manual-review policy,False,SCRE-Optimized probability ranking,4
taiwan,validation,Best CatBoost probability ranking,0.73,188,52,4621,1139,0.007901234567901236,-1.8845679012345673,0.0,True,True,,False,SCRE-Optimized probability ranking,4
taiwan,validation,Best Scorecard probability ranking,0.73,151,63,4610,1176,-0.00322222222222222,-1.8845679012345673,0.0,True,False,,False,SCRE-Optimized probability ranking,7
taiwan,validation,Best literature reproduction model,0.73,185,50,4623,1142,0.008302469135802473,-1.8845679012345673,0.0,True,True,Best literature reproduction: XGBoost no resampling proxy,False,SCRE-Optimized probability ranking,2
taiwan,validation,SCRE-Optimized probability ranking,0.73,156,34,4639,1171,0.010679012345679013,-1.8845679012345673,0.0,True,True,weights renormalized over available components,False,SCRE-Optimized probability ranking,1
taiwan,validation,SCRE-Pareto probability ranking,0.73,122,27,4646,1205,0.008166666666666668,-1.8845679012345673,0.0,True,True,weights renormalized over available components,False,SCRE-Optimized probability ranking,3
taiwan,validation,Best EBM/monotonic model: Monotonic LightGBM,0.73,191,58,4615,1136,0.005697530864197532,-1.8845679012345673,0.0,True,True,,False,SCRE-Optimized probability ranking,6
taiwan,validation,V2 final locked policy ranking,0.74,174,45,4628,1153,0.00765384615384616,-1.9955128205128199,0.0,True,True,same probability ranker as V2 locked manual-review policy,False,SCRE-Optimized probability ranking,2
taiwan,validation,Best CatBoost probability ranking,0.74,174,45,4628,1153,0.00765384615384616,-1.9955128205128199,0.0,True,True,,False,SCRE-Optimized probability ranking,2
taiwan,validation,Best Scorecard probability ranking,0.74,126,52,4621,1201,-0.003666666666666662,-1.9955128205128199,0.0,True,False,,False,SCRE-Optimized probability ranking,7
taiwan,validation,Best literature reproduction model,0.74,155,40,4633,1172,0.006858974358974361,-1.9955128205128199,0.0,True,True,Best literature reproduction: XGBoost no resampling proxy,False,SCRE-Optimized probability ranking,4
taiwan,validation,SCRE-Optimized probability ranking,0.74,134,30,4643,1193,0.008102564102564104,-1.9955128205128199,0.0,True,True,weights renormalized over available components,False,SCRE-Optimized probability ranking,1
taiwan,validation,SCRE-Pareto probability ranking,0.74,94,24,4649,1233,0.004282051282051282,-1.9955128205128199,0.0,True,True,weights renormalized over available components,False,SCRE-Optimized probability ranking,6
taiwan,validation,Best EBM/monotonic model: Monotonic LightGBM,0.74,176,51,4622,1151,0.005141025641025643,-1.9955128205128199,0.0,True,True,,False,SCRE-Optimized probability ranking,5
taiwan,validation,V2 final locked policy ranking,0.75,154,40,4633,1173,0.005666666666666667,-2.1153333333333335,0.0,True,True,same probability ranker as V2 locked manual-review policy,False,SCRE-Optimized probability ranking,3
taiwan,validation,Best CatBoost probability ranking,0.75,154,40,4633,1173,0.005666666666666667,-2.1153333333333335,0.0,True,True,,False,SCRE-Optimized probability ranking,3
taiwan,validation,Best Scorecard probability ranking,0.75,117,45,4628,1210,-0.002999999999999999,-2.1153333333333335,0.0,True,False,,False,SCRE-Optimized probability ranking,7
taiwan,validation,Best literature reproduction model,0.75,148,37,4636,1179,0.0061666666666666675,-2.1153333333333335,0.0,True,True,Best literature reproduction: XGBoost no resampling proxy,False,SCRE-Optimized probability ranking,2
taiwan,validation,SCRE-Optimized probability ranking,0.75,108,22,4651,1219,0.006999999999999999,-2.1153333333333335,0.0,True,True,weights renormalized over available components,False,SCRE-Optimized probability ranking,1
taiwan,validation,SCRE-Pareto probability ranking,0.75,69,17,4656,1258,0.002999999999999999,-2.1153333333333335,0.0,True,True,weights renormalized over available components,False,SCRE-Optimized probability ranking,6
taiwan,validation,Best EBM/monotonic model: Monotonic LightGBM,0.75,164,44,4629,1163,0.005333333333333336,-2.1153333333333335,0.0,True,True,,False,SCRE-Optimized probability ranking,5
taiwan,validation,V2 final locked policy ranking,0.76,140,39,4634,1187,0.002749999999999999,-2.245138888888889,0.0,True,True,same probability ranker as V2 locked manual-review policy,False,Best literature reproduction model,4
taiwan,validation,Best CatBoost probability ranking,0.76,140,39,4634,1187,0.002749999999999999,-2.245138888888889,0.0,True,True,,False,Best literature reproduction model,4
taiwan,validation,Best Scorecard probability ranking,0.76,106,41,4632,1221,-0.003972222222222224,-2.245138888888889,0.0,True,False,,False,Best literature reproduction model,7
taiwan,validation,Best literature reproduction model,0.76,131,32,4641,1196,0.004944444444444442,-2.245138888888889,0.0,True,True,Best literature reproduction: XGBoost no resampling proxy,False,Best literature reproduction model,1
taiwan,validation,SCRE-Optimized probability ranking,0.76,76,15,4658,1251,0.004749999999999999,-2.245138888888889,0.0,True,True,weights renormalized over available components,False,Best literature reproduction model,2
taiwan,validation,SCRE-Pareto probability ranking,0.76,50,14,4659,1277,0.0009444444444444431,-2.245138888888889,0.0,True,True,weights renormalized over available components,False,Best literature reproduction model,6
taiwan,validation,Best EBM/monotonic model: Monotonic LightGBM,0.76,147,39,4634,1180,0.0039166666666666655,-2.245138888888889,0.0,True,True,,False,Best literature reproduction model,3
taiwan,validation,V2 final locked policy ranking,0.77,129,35,4638,1198,0.0019710144927536193,-2.3862318840579713,0.0,True,True,same probability ranker as V2 locked manual-review policy,False,Best literature reproduction model,3
taiwan,validation,Best CatBoost probability ranking,0.77,129,35,4638,1198,0.0019710144927536193,-2.3862318840579713,0.0,True,True,,False,Best literature reproduction model,3
taiwan,validation,Best Scorecard probability ranking,0.77,96,35,4638,1231,-0.0035289855072463787,-2.3862318840579713,0.0,True,False,,False,Best literature reproduction model,7
taiwan,validation,Best literature reproduction model,0.77,99,24,4649,1228,0.003108695652173912,-2.3862318840579713,0.0,True,True,Best literature reproduction: XGBoost no resampling proxy,False,Best literature reproduction model,1
taiwan,validation,SCRE-Optimized probability ranking,0.77,48,9,4664,1279,0.0029782608695652175,-2.3862318840579713,0.0,True,True,weights renormalized over available components,False,Best literature reproduction model,2
taiwan,validation,SCRE-Pareto probability ranking,0.77,34,9,4664,1293,0.0006449275362318844,-2.3862318840579713,0.0,True,True,weights renormalized over available components,False,Best literature reproduction model,6
taiwan,validation,Best EBM/monotonic model: Monotonic LightGBM,0.77,125,34,4639,1202,0.0018623188405797048,-2.3862318840579713,0.0,True,True,,False,Best literature reproduction model,5
taiwan,validation,V2 final locked policy ranking,0.78,75,18,4655,1252,0.0018636363636363625,-2.5401515151515155,0.0,True,True,same probability ranker as V2 locked manual-review policy,False,V2 final locked policy ranking; Best CatBoost probability ranking,1
taiwan,validation,Best CatBoost probability ranking,0.78,75,18,4655,1252,0.0018636363636363625,-2.5401515151515155,0.0,True,True,,False,V2 final locked policy ranking; Best CatBoost probability ranking,1
taiwan,validation,Best Scorecard probability ranking,0.78,89,31,4642,1238,-0.0034848484848484865,-2.5401515151515155,0.0,True,False,,False,V2 final locked policy ranking; Best CatBoost probability ranking,7
taiwan,validation,Best literature reproduction model,0.78,86,22,4651,1241,0.0013333333333333322,-2.5401515151515155,0.0,True,True,Best literature reproduction: XGBoost no resampling proxy,False,V2 final locked policy ranking; Best CatBoost probability ranking,5
taiwan,validation,SCRE-Optimized probability ranking,0.78,34,7,4666,1293,0.0015303030303030303,-2.5401515151515155,0.0,True,True,weights renormalized over available components,False,V2 final locked policy ranking; Best CatBoost probability ranking,4
taiwan,validation,SCRE-Pareto probability ranking,0.78,27,5,4668,1300,0.0015454545454545447,-2.5401515151515155,0.0,True,True,weights renormalized over available components,False,V2 final locked policy ranking; Best CatBoost probability ranking,3
taiwan,validation,Best EBM/monotonic model: Monotonic LightGBM,0.78,104,29,4644,1223,0.000196969696969692,-2.5401515151515155,0.0,True,True,,False,V2 final locked policy ranking; Best CatBoost probability ranking,6
taiwan,validation,V2 final locked policy ranking,0.79,44,7,4666,1283,0.002944444444444443,-2.7087301587301593,0.0,True,True,same probability ranker as V2 locked manual-review policy,False,V2 final locked policy ranking; Best CatBoost probability ranking,1
taiwan,validation,Best CatBoost probability ranking,0.79,44,7,4666,1283,0.002944444444444443,-2.7087301587301593,0.0,True,True,,False,V2 final locked policy ranking; Best CatBoost probability ranking,1
taiwan,validation,Best Scorecard probability ranking,0.79,76,24,4649,1251,-0.0023809523809523846,-2.7087301587301593,0.0,True,False,,False,V2 final locked policy ranking; Best CatBoost probability ranking,7
taiwan,validation,Best literature reproduction model,0.79,70,19,4654,1257,-0.0002460317460317475,-2.7087301587301593,0.0,True,False,Best literature reproduction: XGBoost no resampling proxy,False,V2 final locked policy ranking; Best CatBoost probability ranking,5
taiwan,validation,SCRE-Optimized probability ranking,0.79,24,4,4669,1303,0.0014920634920634916,-2.7087301587301593,0.0,True,True,weights renormalized over available components,False,V2 final locked policy ranking; Best CatBoost probability ranking,4
taiwan,validation,SCRE-Pareto probability ranking,0.79,21,2,4671,1306,0.002246031746031746,-2.7087301587301593,0.0,True,True,weights renormalized over available components,False,V2 final locked policy ranking; Best CatBoost probability ranking,3
taiwan,validation,Best EBM/monotonic model: Monotonic LightGBM,0.79,91,26,4647,1236,-0.0011349206349206362,-2.7087301587301593,0.0,True,False,,False,V2 final locked policy ranking; Best CatBoost probability ranking,6
taiwan,validation,V2 final locked policy ranking,0.8,18,2,4671,1309,0.0016666666666666666,-2.8941666666666674,0.0,True,True,same probability ranker as V2 locked manual-review policy,False,SCRE-Optimized probability ranking,3
taiwan,validation,Best CatBoost probability ranking,0.8,18,2,4671,1309,0.0016666666666666666,-2.8941666666666674,0.0,True,True,,False,SCRE-Optimized probability ranking,3
taiwan,validation,Best Scorecard probability ranking,0.8,65,21,4652,1262,-0.00316666666666667,-2.8941666666666674,0.0,True,False,,False,SCRE-Optimized probability ranking,7
taiwan,validation,Best literature reproduction model,0.8,42,11,4662,1285,-0.0003333333333333348,-2.8941666666666674,0.0,True,False,Best literature reproduction: XGBoost no resampling proxy,False,SCRE-Optimized probability ranking,5
taiwan,validation,SCRE-Optimized probability ranking,0.8,21,2,4671,1306,0.0021666666666666666,-2.8941666666666674,0.0,True,True,weights renormalized over available components,False,SCRE-Optimized probability ranking,1
taiwan,validation,SCRE-Pareto probability ranking,0.8,16,1,4672,1311,0.002,-2.8941666666666674,0.0,True,True,weights renormalized over available components,False,SCRE-Optimized probability ranking,2
taiwan,validation,Best EBM/monotonic model: Monotonic LightGBM,0.8,71,21,4652,1256,-0.002166666666666671,-2.8941666666666674,0.0,True,False,,False,SCRE-Optimized probability ranking,6
taiwan,heldout_test_diagnostic,V2 final locked policy ranking,0.01,1326,4668,5,1,0.21314141414141413,0.21329966329966332,0.0,False,True,same probability ranker as V2 locked manual-review policy,False,SCRE-Pareto probability ranking,6
taiwan,heldout_test_diagnostic,Best CatBoost probability ranking,0.01,1326,4668,5,1,0.21314141414141413,0.21329966329966332,0.0,False,True,,False,SCRE-Pareto probability ranking,6
taiwan,heldout_test_diagnostic,Best Scorecard probability ranking,0.01,1327,4673,0,0,0.21329966329966332,0.21329966329966332,0.0,False,True,,False,SCRE-Pareto probability ranking,3
taiwan,heldout_test_diagnostic,Best literature reproduction model,0.01,1326,4654,19,1,0.21316498316498317,0.21329966329966332,0.0,False,True,Best literature reproduction: XGBoost no resampling proxy,False,SCRE-Pareto probability ranking,5
taiwan,heldout_test_diagnostic,SCRE-Optimized probability ranking,0.01,1327,4671,2,0,0.21330303030303033,0.21329966329966332,0.0,True,True,weights renormalized over available components,False,SCRE-Pareto probability ranking,2
taiwan,heldout_test_diagnostic,SCRE-Pareto probability ranking,0.01,1327,4670,3,0,0.21330471380471383,0.21329966329966332,0.0,True,True,weights renormalized over available components,False,SCRE-Pareto probability ranking,1
taiwan,heldout_test_diagnostic,Best EBM/monotonic model: Monotonic LightGBM,0.01,1327,4673,0,0,0.21329966329966332,0.21329966329966332,0.0,False,True,,False,SCRE-Pareto probability ranking,3
taiwan,heldout_test_diagnostic,V2 final locked policy ranking,0.02,1326,4645,28,1,0.20520068027210886,0.20527210884353742,0.0,False,True,same probability ranker as V2 locked manual-review policy,False,Best literature reproduction model,3
taiwan,heldout_test_diagnostic,Best CatBoost probability ranking,0.02,1326,4645,28,1,0.20520068027210886,0.20527210884353742,0.0,False,True,,False,Best literature reproduction model,3
taiwan,heldout_test_diagnostic,Best Scorecard probability ranking,0.02,1327,4673,0,0,0.20527210884353742,0.20527210884353742,0.0,False,True,,False,Best literature reproduction model,2
taiwan,heldout_test_diagnostic,Best literature reproduction model,0.02,1326,4606,67,1,0.20533333333333334,0.20527210884353742,0.0,True,True,Best literature reproduction: XGBoost no resampling proxy,False,Best literature reproduction model,1
taiwan,heldout_test_diagnostic,SCRE-Optimized probability ranking,0.02,1326,4658,15,1,0.205156462585034,0.20527210884353742,0.0,False,True,weights renormalized over available components,False,Best literature reproduction model,5
taiwan,heldout_test_diagnostic,SCRE-Pareto probability ranking,0.02,1326,4659,14,1,0.20515306122448979,0.20527210884353742,0.0,False,True,weights renormalized over available components,False,Best literature reproduction model,6
taiwan,heldout_test_diagnostic,Best EBM/monotonic model: Monotonic LightGBM,0.02,1326,4663,10,1,0.20513945578231293,0.20527210884353742,0.0,False,True,,False,Best literature reproduction model,7
taiwan,heldout_test_diagnostic,V2 final locked policy ranking,0.03,1326,4578,95,1,0.1974020618556701,0.1970790378006873,0.0,True,True,same probability ranker as V2 locked manual-review policy,False,V2 final locked policy ranking; Best CatBoost probability ranking,1
taiwan,heldout_test_diagnostic,Best CatBoost probability ranking,0.03,1326,4578,95,1,0.1974020618556701,0.1970790378006873,0.0,True,True,,False,V2 final locked policy ranking; Best CatBoost probability ranking,1
taiwan,heldout_test_diagnostic,Best Scorecard probability ranking,0.03,1327,4673,0,0,0.1970790378006873,0.1970790378006873,0.0,False,True,,False,V2 final locked policy ranking; Best CatBoost probability ranking,5
taiwan,heldout_test_diagnostic,Best literature reproduction model,0.03,1323,4546,127,4,0.19706701030927834,0.1970790378006873,0.0,False,True,Best literature reproduction: XGBoost no resampling proxy,False,V2 final locked policy ranking; Best CatBoost probability ranking,6
taiwan,heldout_test_diagnostic,SCRE-Optimized probability ranking,0.03,1326,4605,68,1,0.19726288659793814,0.1970790378006873,0.0,True,True,weights renormalized over available components,False,V2 final locked policy ranking; Best CatBoost probability ranking,3
taiwan,heldout_test_diagnostic,SCRE-Pareto probability ranking,0.03,1326,4610,63,1,0.19723711340206185,0.1970790378006873,0.0,True,True,weights renormalized over available components,False,V2 final locked policy ranking; Best CatBoost probability ranking,4
taiwan,heldout_test_diagnostic,Best EBM/monotonic model: Monotonic LightGBM,0.03,1324,4589,84,3,0.19701202749140895,0.1970790378006873,0.0,False,True,,False,V2 final locked policy ranking; Best CatBoost probability ranking,7
taiwan,heldout_test_diagnostic,V2 final locked policy ranking,0.04,1317,4400,273,10,0.18894444444444444,0.1887152777777778,0.0,True,True,same probability ranker as V2 locked manual-review policy,False,Best EBM/monotonic model: Monotonic LightGBM,4
taiwan,heldout_test_diagnostic,Best CatBoost probability ranking,0.04,1317,4400,273,10,0.18894444444444444,0.1887152777777778,0.0,True,True,,False,Best EBM/monotonic model: Monotonic LightGBM,4
taiwan,heldout_test_diagnostic,Best Scorecard probability ranking,0.04,1325,4652,21,2,0.18852777777777777,0.1887152777777778,0.0,False,True,,False,Best EBM/monotonic model: Monotonic LightGBM,7
taiwan,heldout_test_diagnostic,Best literature reproduction model,0.04,1319,4433,240,8,0.1890486111111111,0.1887152777777778,0.0,True,True,Best literature reproduction: XGBoost no resampling proxy,False,Best EBM/monotonic model: Monotonic LightGBM,2
taiwan,heldout_test_diagnostic,SCRE-Optimized probability ranking,0.04,1322,4514,159,5,0.1889861111111111,0.1887152777777778,0.0,True,True,weights renormalized over available components,False,Best EBM/monotonic model: Monotonic LightGBM,3
taiwan,heldout_test_diagnostic,SCRE-Pareto probability ranking,0.04,1321,4524,149,6,0.18875,0.1887152777777778,0.0,True,True,weights renormalized over available components,False,Best EBM/monotonic model: Monotonic LightGBM,6
taiwan,heldout_test_diagnostic,Best EBM/monotonic model: Monotonic LightGBM,0.04,1320,4403,270,7,0.1894236111111111,0.1887152777777778,0.0,True,True,,False,Best EBM/monotonic model: Monotonic LightGBM,1
taiwan,heldout_test_diagnostic,V2 final locked policy ranking,0.05,1309,4204,469,18,0.18128947368421053,0.18017543859649124,0.0,True,True,same probability ranker as V2 locked manual-review policy,False,Best EBM/monotonic model: Monotonic LightGBM,2
taiwan,heldout_test_diagnostic,Best CatBoost probability ranking,0.05,1309,4204,469,18,0.18128947368421053,0.18017543859649124,0.0,True,True,,False,Best EBM/monotonic model: Monotonic LightGBM,2
taiwan,heldout_test_diagnostic,Best Scorecard probability ranking,0.05,1323,4557,116,4,0.1805263157894737,0.18017543859649124,0.0,True,True,,False,Best EBM/monotonic model: Monotonic LightGBM,4
taiwan,heldout_test_diagnostic,Best literature reproduction model,0.05,1301,4180,493,26,0.18016666666666664,0.18017543859649124,0.0,False,True,Best literature reproduction: XGBoost no resampling proxy,False,Best EBM/monotonic model: Monotonic LightGBM,7
taiwan,heldout_test_diagnostic,SCRE-Optimized probability ranking,0.05,1313,4378,295,14,0.1804298245614035,0.18017543859649124,0.0,True,True,weights renormalized over available components,False,Best EBM/monotonic model: Monotonic LightGBM,6
taiwan,heldout_test_diagnostic,SCRE-Pareto probability ranking,0.05,1315,4416,257,12,0.18042982456140352,0.18017543859649124,0.0,True,True,weights renormalized over available components,False,Best EBM/monotonic model: Monotonic LightGBM,5
taiwan,heldout_test_diagnostic,Best EBM/monotonic model: Monotonic LightGBM,0.05,1309,4177,496,18,0.1815263157894737,0.18017543859649124,0.0,True,True,,False,Best EBM/monotonic model: Monotonic LightGBM,1
taiwan,heldout_test_diagnostic,V2 final locked policy ranking,0.06,1292,3953,720,35,0.1732801418439716,0.17145390070921987,0.0,True,True,same probability ranker as V2 locked manual-review policy,False,Best EBM/monotonic model: Monotonic LightGBM,3
taiwan,heldout_test_diagnostic,Best CatBoost probability ranking,0.06,1292,3953,720,35,0.1732801418439716,0.17145390070921987,0.0,True,True,,False,Best EBM/monotonic model: Monotonic LightGBM,3
taiwan,heldout_test_diagnostic,Best Scorecard probability ranking,0.06,1316,4396,277,11,0.17256737588652482,0.17145390070921987,0.0,True,True,,False,Best EBM/monotonic model: Monotonic LightGBM,6
taiwan,heldout_test_diagnostic,Best literature reproduction model,0.06,1290,4059,614,37,0.17181914893617023,0.17145390070921987,0.0,True,True,Best literature reproduction: XGBoost no resampling proxy,False,Best EBM/monotonic model: Monotonic LightGBM,7
taiwan,heldout_test_diagnostic,SCRE-Optimized probability ranking,0.06,1308,4175,498,19,0.17358510638297872,0.17145390070921987,0.0,True,True,weights renormalized over available components,False,Best EBM/monotonic model: Monotonic LightGBM,2
taiwan,heldout_test_diagnostic,SCRE-Pareto probability ranking,0.06,1307,4249,424,20,0.17263120567375886,0.17145390070921987,0.0,True,True,weights renormalized over available components,False,Best EBM/monotonic model: Monotonic LightGBM,5
taiwan,heldout_test_diagnostic,Best EBM/monotonic model: Monotonic LightGBM,0.06,1294,3944,729,33,0.17370921985815604,0.17145390070921987,0.0,True,True,,False,Best EBM/monotonic model: Monotonic LightGBM,1
taiwan,heldout_test_diagnostic,V2 final locked policy ranking,0.07,1283,3828,845,44,0.16581182795698923,0.16254480286738351,0.0,True,True,same probability ranker as V2 locked manual-review policy,False,Best EBM/monotonic model: Monotonic LightGBM,2
taiwan,heldout_test_diagnostic,Best CatBoost probability ranking,0.07,1283,3828,845,44,0.16581182795698923,0.16254480286738351,0.0,True,True,,False,Best EBM/monotonic model: Monotonic LightGBM,2
taiwan,heldout_test_diagnostic,Best Scorecard probability ranking,0.07,1304,4117,556,23,0.1656863799283154,0.16254480286738351,0.0,True,True,,False,Best EBM/monotonic model: Monotonic LightGBM,4
taiwan,heldout_test_diagnostic,Best literature reproduction model,0.07,1279,3879,794,48,0.16450537634408602,0.16254480286738351,0.0,True,True,Best literature reproduction: XGBoost no resampling proxy,False,Best EBM/monotonic model: Monotonic LightGBM,7
taiwan,heldout_test_diagnostic,SCRE-Optimized probability ranking,0.07,1291,3962,711,36,0.16546415770609318,0.16254480286738351,0.0,True,True,weights renormalized over available components,False,Best EBM/monotonic model: Monotonic LightGBM,5
taiwan,heldout_test_diagnostic,SCRE-Pareto probability ranking,0.07,1292,4034,639,35,0.16472759856630823,0.16254480286738351,0.0,True,True,weights renormalized over available components,False,Best EBM/monotonic model: Monotonic LightGBM,6
taiwan,heldout_test_diagnostic,Best EBM/monotonic model: Monotonic LightGBM,0.07,1276,3697,976,51,0.16628853046594982,0.16254480286738351,0.0,True,True,,False,Best EBM/monotonic model: Monotonic LightGBM,1
taiwan,heldout_test_diagnostic,V2 final locked policy ranking,0.08,1261,3548,1125,66,0.1587463768115942,0.15344202898550727,0.0,True,True,same probability ranker as V2 locked manual-review policy,False,Best EBM/monotonic model: Monotonic LightGBM,3
taiwan,heldout_test_diagnostic,Best CatBoost probability ranking,0.08,1261,3548,1125,66,0.1587463768115942,0.15344202898550727,0.0,True,True,,False,Best EBM/monotonic model: Monotonic LightGBM,3
taiwan,heldout_test_diagnostic,Best Scorecard probability ranking,0.08,1285,3830,843,42,0.15865942028985508,0.15344202898550727,0.0,True,True,,False,Best EBM/monotonic model: Monotonic LightGBM,5
taiwan,heldout_test_diagnostic,Best literature reproduction model,0.08,1268,3625,1048,59,0.1587971014492754,0.15344202898550727,0.0,True,True,Best literature reproduction: XGBoost no resampling proxy,False,Best EBM/monotonic model: Monotonic LightGBM,2
taiwan,heldout_test_diagnostic,SCRE-Optimized probability ranking,0.08,1275,3734,939,52,0.15838405797101449,0.15344202898550727,0.0,True,True,weights renormalized over available components,False,Best EBM/monotonic model: Monotonic LightGBM,6
taiwan,heldout_test_diagnostic,SCRE-Pareto probability ranking,0.08,1277,3776,897,50,0.15810869565217395,0.15344202898550727,0.0,True,True,weights renormalized over available components,False,Best EBM/monotonic model: Monotonic LightGBM,7
taiwan,heldout_test_diagnostic,Best EBM/monotonic model: Monotonic LightGBM,0.08,1251,3424,1249,76,0.1588768115942029,0.15344202898550727,0.0,True,True,,False,Best EBM/monotonic model: Monotonic LightGBM,1
taiwan,heldout_test_diagnostic,V2 final locked policy ranking,0.09,1244,3323,1350,83,0.15255860805860808,0.14413919413919415,0.0,True,True,same probability ranker as V2 locked manual-review policy,False,Best literature reproduction model,2
taiwan,heldout_test_diagnostic,Best CatBoost probability ranking,0.09,1244,3323,1350,83,0.15255860805860808,0.14413919413919415,0.0,True,True,,False,Best literature reproduction model,2
taiwan,heldout_test_diagnostic,Best Scorecard probability ranking,0.09,1247,3495,1178,80,0.15022344322344322,0.14413919413919415,0.0,True,True,,False,Best literature reproduction model,7
taiwan,heldout_test_diagnostic,Best literature reproduction model,0.09,1249,3373,1300,78,0.15256776556776558,0.14413919413919415,0.0,True,True,Best literature reproduction: XGBoost no resampling proxy,False,Best literature reproduction model,1
taiwan,heldout_test_diagnostic,SCRE-Optimized probability ranking,0.09,1258,3496,1177,69,0.15204029304029304,0.14413919413919415,0.0,True,True,weights renormalized over available components,False,Best literature reproduction model,4
taiwan,heldout_test_diagnostic,SCRE-Pareto probability ranking,0.09,1262,3537,1136,65,0.15203113553113554,0.14413919413919415,0.0,True,True,weights renormalized over available components,False,Best literature reproduction model,5
taiwan,heldout_test_diagnostic,Best EBM/monotonic model: Monotonic LightGBM,0.09,1218,3125,1548,109,0.151489010989011,0.14413919413919415,0.0,True,True,,False,Best literature reproduction model,6
taiwan,heldout_test_diagnostic,V2 final locked policy ranking,0.1,1216,3041,1632,111,0.14635185185185184,0.13462962962962965,0.0,True,True,same probability ranker as V2 locked manual-review policy,False,Best literature reproduction model,2
taiwan,heldout_test_diagnostic,Best CatBoost probability ranking,0.1,1216,3041,1632,111,0.14635185185185184,0.13462962962962965,0.0,True,True,,False,Best literature reproduction model,2
taiwan,heldout_test_diagnostic,Best Scorecard probability ranking,0.1,1210,3155,1518,117,0.14324074074074072,0.13462962962962965,0.0,True,True,,False,Best literature reproduction model,7
taiwan,heldout_test_diagnostic,Best literature reproduction model,0.1,1223,3089,1584,104,0.14662962962962964,0.13462962962962965,0.0,True,True,Best literature reproduction: XGBoost no resampling proxy,False,Best literature reproduction model,1
taiwan,heldout_test_diagnostic,SCRE-Optimized probability ranking,0.1,1239,3248,1425,88,0.14635185185185184,0.13462962962962965,0.0,True,True,weights renormalized over available components,False,Best literature reproduction model,2
taiwan,heldout_test_diagnostic,SCRE-Pareto probability ranking,0.1,1240,3276,1397,87,0.146,0.13462962962962965,0.0,True,True,weights renormalized over available components,False,Best literature reproduction model,6
taiwan,heldout_test_diagnostic,Best EBM/monotonic model: Monotonic LightGBM,0.1,1198,2884,1789,129,0.14625925925925926,0.13462962962962965,0.0,True,True,,False,Best literature reproduction model,5
taiwan,heldout_test_diagnostic,V2 final locked policy ranking,0.11,1185,2693,1980,142,0.14202621722846442,0.12490636704119852,0.0,True,True,same probability ranker as V2 locked manual-review policy,False,V2 final locked policy ranking; Best CatBoost probability ranking,1
taiwan,heldout_test_diagnostic,Best CatBoost probability ranking,0.11,1185,2693,1980,142,0.14202621722846442,0.12490636704119852,0.0,True,True,,False,V2 final locked policy ranking; Best CatBoost probability ranking,1
taiwan,heldout_test_diagnostic,Best Scorecard probability ranking,0.11,1182,2848,1825,145,0.13833333333333334,0.12490636704119852,0.0,True,True,,False,V2 final locked policy ranking; Best CatBoost probability ranking,7
taiwan,heldout_test_diagnostic,Best literature reproduction model,0.11,1191,2797,1876,136,0.14088389513108615,0.12490636704119852,0.0,True,True,Best literature reproduction: XGBoost no resampling proxy,False,V2 final locked policy ranking; Best CatBoost probability ranking,3
taiwan,heldout_test_diagnostic,SCRE-Optimized probability ranking,0.11,1208,2979,1694,119,0.1399681647940075,0.12490636704119852,0.0,True,True,weights renormalized over available components,False,V2 final locked policy ranking; Best CatBoost probability ranking,6
taiwan,heldout_test_diagnostic,SCRE-Pareto probability ranking,0.11,1211,2990,1683,116,0.14024157303370788,0.12490636704119852,0.0,True,True,weights renormalized over available components,False,V2 final locked policy ranking; Best CatBoost probability ranking,5
taiwan,heldout_test_diagnostic,Best EBM/monotonic model: Monotonic LightGBM,0.11,1168,2612,2061,159,0.14086142322097378,0.12490636704119852,0.0,True,True,,False,V2 final locked policy ranking; Best CatBoost probability ranking,4
taiwan,heldout_test_diagnostic,V2 final locked policy ranking,0.12,1163,2508,2165,164,0.13683333333333333,0.11496212121212124,0.0,True,True,same probability ranker as V2 locked manual-review policy,False,SCRE-Optimized probability ranking,2
taiwan,heldout_test_diagnostic,Best CatBoost probability ranking,0.12,1163,2508,2165,164,0.13683333333333333,0.11496212121212124,0.0,True,True,,False,SCRE-Optimized probability ranking,2
taiwan,heldout_test_diagnostic,Best Scorecard probability ranking,0.12,1142,2572,2101,185,0.13187878787878787,0.11496212121212124,0.0,True,True,,False,SCRE-Optimized probability ranking,7
taiwan,heldout_test_diagnostic,Best literature reproduction model,0.12,1175,2606,2067,152,0.13660606060606062,0.11496212121212124,0.0,True,True,Best literature reproduction: XGBoost no resampling proxy,False,SCRE-Optimized probability ranking,4
taiwan,heldout_test_diagnostic,SCRE-Optimized probability ranking,0.12,1188,2686,1987,139,0.13695454545454547,0.11496212121212124,0.0,True,True,weights renormalized over available components,False,SCRE-Optimized probability ranking,1
taiwan,heldout_test_diagnostic,SCRE-Pareto probability ranking,0.12,1189,2721,1952,138,0.13632575757575757,0.11496212121212124,0.0,True,True,weights renormalized over available components,False,SCRE-Optimized probability ranking,5
taiwan,heldout_test_diagnostic,Best EBM/monotonic model: Monotonic LightGBM,0.12,1143,2403,2270,184,0.13588636363636364,0.11496212121212124,0.0,True,True,,False,SCRE-Optimized probability ranking,6
taiwan,heldout_test_diagnostic,V2 final locked policy ranking,0.13,1135,2324,2349,192,0.13128927203065135,0.10478927203065136,0.0,True,True,same probability ranker as V2 locked manual-review policy,False,SCRE-Pareto probability ranking,3
taiwan,heldout_test_diagnostic,Best CatBoost probability ranking,0.13,1135,2324,2349,192,0.13128927203065135,0.10478927203065136,0.0,True,True,,False,SCRE-Pareto probability ranking,3
taiwan,heldout_test_diagnostic,Best Scorecard probability ranking,0.13,1108,2294,2379,219,0.12753639846743295,0.10478927203065136,0.0,True,True,,False,SCRE-Pareto probability ranking,7
taiwan,heldout_test_diagnostic,Best literature reproduction model,0.13,1137,2368,2305,190,0.13052681992337165,0.10478927203065136,0.0,True,True,Best literature reproduction: XGBoost no resampling proxy,False,SCRE-Pareto probability ranking,5
taiwan,heldout_test_diagnostic,SCRE-Optimized probability ranking,0.13,1157,2466,2207,170,0.13141954022988506,0.10478927203065136,0.0,True,True,weights renormalized over available components,False,SCRE-Pareto probability ranking,2
taiwan,heldout_test_diagnostic,SCRE-Pareto probability ranking,0.13,1160,2476,2197,167,0.13167049808429118,0.10478927203065136,0.0,True,True,weights renormalized over available components,False,SCRE-Pareto probability ranking,1
taiwan,heldout_test_diagnostic,Best EBM/monotonic model: Monotonic LightGBM,0.13,1106,2206,2467,221,0.12939463601532566,0.10478927203065136,0.0,True,True,,False,SCRE-Pareto probability ranking,6
taiwan,heldout_test_diagnostic,V2 final locked policy ranking,0.14,1099,2115,2558,228,0.12578294573643412,0.09437984496124033,0.0,True,True,same probability ranker as V2 locked manual-review policy,False,SCRE-Optimized probability ranking,3
taiwan,heldout_test_diagnostic,Best CatBoost probability ranking,0.14,1099,2115,2558,228,0.12578294573643412,0.09437984496124033,0.0,True,True,,False,SCRE-Optimized probability ranking,3
taiwan,heldout_test_diagnostic,Best Scorecard probability ranking,0.14,1068,2050,2623,259,0.1223798449612403,0.09437984496124033,0.0,True,True,,False,SCRE-Optimized probability ranking,7
taiwan,heldout_test_diagnostic,Best literature reproduction model,0.14,1110,2198,2475,217,0.1253643410852713,0.09437984496124033,0.0,True,True,Best literature reproduction: XGBoost no resampling proxy,False,SCRE-Optimized probability ranking,5
taiwan,heldout_test_diagnostic,SCRE-Optimized probability ranking,0.14,1133,2261,2412,194,0.12748837209302324,0.09437984496124033,0.0,True,True,weights renormalized over available components,False,SCRE-Optimized probability ranking,1
taiwan,heldout_test_diagnostic,SCRE-Pareto probability ranking,0.14,1125,2254,2419,202,0.12634496124031008,0.09437984496124033,0.0,True,True,weights renormalized over available components,False,SCRE-Optimized probability ranking,2
taiwan,heldout_test_diagnostic,Best EBM/monotonic model: Monotonic LightGBM,0.14,1072,2017,2656,255,0.12394186046511627,0.09437984496124033,0.0,True,True,,False,SCRE-Optimized probability ranking,6
taiwan,heldout_test_diagnostic,V2 final locked policy ranking,0.15,1074,1982,2691,253,0.12070588235294116,0.08372549019607844,0.0,True,True,same probability ranker as V2 locked manual-review policy,False,V2 final locked policy ranking; Best CatBoost probability ranking,1
taiwan,heldout_test_diagnostic,Best CatBoost probability ranking,0.15,1074,1982,2691,253,0.12070588235294116,0.08372549019607844,0.0,True,True,,False,V2 final locked policy ranking; Best CatBoost probability ranking,1
taiwan,heldout_test_diagnostic,Best Scorecard probability ranking,0.15,1012,1836,2837,315,0.11466666666666667,0.08372549019607844,0.0,True,True,,False,V2 final locked policy ranking; Best CatBoost probability ranking,7
taiwan,heldout_test_diagnostic,Best literature reproduction model,0.15,1074,2053,2620,253,0.11861764705882352,0.08372549019607844,0.0,True,True,Best literature reproduction: XGBoost no resampling proxy,False,V2 final locked policy ranking; Best CatBoost probability ranking,5
taiwan,heldout_test_diagnostic,SCRE-Optimized probability ranking,0.15,1089,2094,2579,238,0.11991176470588236,0.08372549019607844,0.0,True,True,weights renormalized over available components,False,V2 final locked policy ranking; Best CatBoost probability ranking,4
taiwan,heldout_test_diagnostic,SCRE-Pareto probability ranking,0.15,1090,2076,2597,237,0.12060784313725491,0.08372549019607844,0.0,True,True,weights renormalized over available components,False,V2 final locked policy ranking; Best CatBoost probability ranking,3
taiwan,heldout_test_diagnostic,Best EBM/monotonic model: Monotonic LightGBM,0.15,1029,1822,2851,298,0.11791176470588237,0.08372549019607844,0.0,True,True,,False,V2 final locked policy ranking; Best CatBoost probability ranking,6
taiwan,heldout_test_diagnostic,V2 final locked policy ranking,0.16,1027,1784,2889,300,0.11453174603174601,0.07281746031746034,0.0,True,True,same probability ranker as V2 locked manual-review policy,False,V2 final locked policy ranking; Best CatBoost probability ranking,1
taiwan,heldout_test_diagnostic,Best CatBoost probability ranking,0.16,1027,1784,2889,300,0.11453174603174601,0.07281746031746034,0.0,True,True,,False,V2 final locked policy ranking; Best CatBoost probability ranking,1
taiwan,heldout_test_diagnostic,Best Scorecard probability ranking,0.16,964,1633,3040,363,0.10882539682539683,0.07281746031746034,0.0,True,True,,False,V2 final locked policy ranking; Best CatBoost probability ranking,7
taiwan,heldout_test_diagnostic,Best literature reproduction model,0.16,1032,1826,2847,295,0.11403174603174601,0.07281746031746034,0.0,True,True,Best literature reproduction: XGBoost no resampling proxy,False,V2 final locked policy ranking; Best CatBoost probability ranking,5
taiwan,heldout_test_diagnostic,SCRE-Optimized probability ranking,0.16,1049,1907,2766,278,0.11429365079365078,0.07281746031746034,0.0,True,True,weights renormalized over available components,False,V2 final locked policy ranking; Best CatBoost probability ranking,4
taiwan,heldout_test_diagnostic,SCRE-Pareto probability ranking,0.16,1045,1884,2789,282,0.11435714285714285,0.07281746031746034,0.0,True,True,weights renormalized over available components,False,V2 final locked policy ranking; Best CatBoost probability ranking,3
taiwan,heldout_test_diagnostic,Best EBM/monotonic model: Monotonic LightGBM,0.16,988,1667,3006,339,0.11174603174603173,0.07281746031746034,0.0,True,True,,False,V2 final locked policy ranking; Best CatBoost probability ranking,6
taiwan,heldout_test_diagnostic,V2 final locked policy ranking,0.17,960,1541,3132,367,0.10739558232931726,0.06164658634538153,0.0,True,True,same probability ranker as V2 locked manual-review policy,False,SCRE-Optimized probability ranking,3
taiwan,heldout_test_diagnostic,Best CatBoost probability ranking,0.17,960,1541,3132,367,0.10739558232931726,0.06164658634538153,0.0,True,True,,False,SCRE-Optimized probability ranking,3
taiwan,heldout_test_diagnostic,Best Scorecard probability ranking,0.17,927,1445,3228,400,0.10517269076305219,0.06164658634538153,0.0,True,True,,False,SCRE-Optimized probability ranking,7
taiwan,heldout_test_diagnostic,Best literature reproduction model,0.17,976,1637,3036,351,0.10678514056224898,0.06164658634538153,0.0,True,True,Best literature reproduction: XGBoost no resampling proxy,False,SCRE-Optimized probability ranking,5
taiwan,heldout_test_diagnostic,SCRE-Optimized probability ranking,0.17,1007,1701,2972,320,0.10976706827309238,0.06164658634538153,0.0,True,True,weights renormalized over available components,False,SCRE-Optimized probability ranking,1
taiwan,heldout_test_diagnostic,SCRE-Pareto probability ranking,0.17,987,1667,3006,340,0.10759437751004017,0.06164658634538153,0.0,True,True,weights renormalized over available components,False,SCRE-Optimized probability ranking,2
taiwan,heldout_test_diagnostic,Best EBM/monotonic model: Monotonic LightGBM,0.17,953,1544,3129,374,0.10612650602409637,0.06164658634538153,0.0,True,True,,False,SCRE-Optimized probability ranking,6
taiwan,heldout_test_diagnostic,V2 final locked policy ranking,0.18,913,1273,3400,414,0.10559349593495937,0.05020325203252038,0.0,True,True,same probability ranker as V2 locked manual-review policy,False,V2 final locked policy ranking; Best CatBoost probability ranking,1
taiwan,heldout_test_diagnostic,Best CatBoost probability ranking,0.18,913,1273,3400,414,0.10559349593495937,0.05020325203252038,0.0,True,True,,False,V2 final locked policy ranking; Best CatBoost probability ranking,1
taiwan,heldout_test_diagnostic,Best Scorecard probability ranking,0.18,893,1312,3361,434,0.10083333333333336,0.05020325203252038,0.0,True,True,,False,V2 final locked policy ranking; Best CatBoost probability ranking,7
taiwan,heldout_test_diagnostic,Best literature reproduction model,0.18,939,1452,3221,388,0.10337804878048781,0.05020325203252038,0.0,True,True,Best literature reproduction: XGBoost no resampling proxy,False,V2 final locked policy ranking; Best CatBoost probability ranking,4
taiwan,heldout_test_diagnostic,SCRE-Optimized probability ranking,0.18,948,1489,3184,379,0.10352439024390245,0.05020325203252038,0.0,True,True,weights renormalized over available components,False,V2 final locked policy ranking; Best CatBoost probability ranking,3
taiwan,heldout_test_diagnostic,SCRE-Pareto probability ranking,0.18,948,1499,3174,379,0.10315853658536586,0.05020325203252038,0.0,True,True,weights renormalized over available components,False,V2 final locked policy ranking; Best CatBoost probability ranking,5
taiwan,heldout_test_diagnostic,Best EBM/monotonic model: Monotonic LightGBM,0.18,927,1408,3265,400,0.10298780487804879,0.05020325203252038,0.0,True,True,,False,V2 final locked policy ranking; Best CatBoost probability ranking,6
taiwan,heldout_test_diagnostic,V2 final locked policy ranking,0.19,889,1173,3500,438,0.10230864197530865,0.03847736625514406,0.0,True,True,same probability ranker as V2 locked manual-review policy,False,Best literature reproduction model,2
taiwan,heldout_test_diagnostic,Best CatBoost probability ranking,0.19,889,1173,3500,438,0.10230864197530865,0.03847736625514406,0.0,True,True,,False,Best literature reproduction model,2
taiwan,heldout_test_diagnostic,Best Scorecard probability ranking,0.19,874,1214,3459,453,0.09820576131687242,0.03847736625514406,0.0,True,True,,False,Best literature reproduction model,6
taiwan,heldout_test_diagnostic,Best literature reproduction model,0.19,902,1224,3449,425,0.1024814814814815,0.03847736625514406,0.0,True,True,Best literature reproduction: XGBoost no resampling proxy,False,Best literature reproduction model,1
taiwan,heldout_test_diagnostic,SCRE-Optimized probability ranking,0.19,923,1323,3350,404,0.1021111111111111,0.03847736625514406,0.0,True,True,weights renormalized over available components,False,Best literature reproduction model,4
taiwan,heldout_test_diagnostic,SCRE-Pareto probability ranking,0.19,920,1325,3348,407,0.10153292181069959,0.03847736625514406,0.0,True,True,weights renormalized over available components,False,Best literature reproduction model,5
taiwan,heldout_test_diagnostic,Best EBM/monotonic model: Monotonic LightGBM,0.19,892,1305,3368,435,0.09764814814814815,0.03847736625514406,0.0,True,True,,False,Best literature reproduction model,7
taiwan,heldout_test_diagnostic,V2 final locked policy ranking,0.2,869,1084,3589,458,0.09966666666666668,0.02645833333333336,0.0,True,True,same probability ranker as V2 locked manual-review policy,False,Best literature reproduction model,2
taiwan,heldout_test_diagnostic,Best CatBoost probability ranking,0.2,869,1084,3589,458,0.09966666666666668,0.02645833333333336,0.0,True,True,,False,Best literature reproduction model,2
taiwan,heldout_test_diagnostic,Best Scorecard probability ranking,0.2,855,1121,3552,472,0.09579166666666666,0.02645833333333336,0.0,True,True,,False,Best literature reproduction model,7
taiwan,heldout_test_diagnostic,Best literature reproduction model,0.2,877,1082,3591,450,0.10108333333333333,0.02645833333333336,0.0,True,True,Best literature reproduction: XGBoost no resampling proxy,False,Best literature reproduction model,1
taiwan,heldout_test_diagnostic,SCRE-Optimized probability ranking,0.2,896,1200,3473,431,0.09933333333333334,0.02645833333333336,0.0,True,True,weights renormalized over available components,False,Best literature reproduction model,4
taiwan,heldout_test_diagnostic,SCRE-Pareto probability ranking,0.2,893,1204,3469,434,0.09866666666666668,0.02645833333333336,0.0,True,True,weights renormalized over available components,False,Best literature reproduction model,5
taiwan,heldout_test_diagnostic,Best EBM/monotonic model: Monotonic LightGBM,0.2,879,1209,3464,448,0.09612499999999999,0.02645833333333336,0.0,True,True,,False,Best literature reproduction model,6
taiwan,heldout_test_diagnostic,V2 final locked policy ranking,0.21,861,1047,3626,466,0.0971139240506329,0.014135021097046452,0.0,True,True,same probability ranker as V2 locked manual-review policy,False,Best literature reproduction model,4
taiwan,heldout_test_diagnostic,Best CatBoost probability ranking,0.21,861,1047,3626,466,0.0971139240506329,0.014135021097046452,0.0,True,True,,False,Best literature reproduction model,4
taiwan,heldout_test_diagnostic,Best Scorecard probability ranking,0.21,829,1037,3636,498,0.09222362869198311,0.014135021097046452,0.0,True,True,,False,Best literature reproduction model,7
taiwan,heldout_test_diagnostic,Best literature reproduction model,0.21,854,989,3684,473,0.09851687763713082,0.014135021097046452,0.0,True,True,Best literature reproduction: XGBoost no resampling proxy,False,Best literature reproduction model,1
taiwan,heldout_test_diagnostic,SCRE-Optimized probability ranking,0.21,878,1107,3566,449,0.09728902953586499,0.014135021097046452,0.0,True,True,weights renormalized over available components,False,Best literature reproduction model,2
taiwan,heldout_test_diagnostic,SCRE-Pareto probability ranking,0.21,872,1087,3586,455,0.09717510548523209,0.014135021097046452,0.0,True,True,weights renormalized over available components,False,Best literature reproduction model,3
taiwan,heldout_test_diagnostic,Best EBM/monotonic model: Monotonic LightGBM,0.21,868,1116,3557,459,0.09522362869198313,0.014135021097046452,0.0,True,True,,False,Best literature reproduction model,6
taiwan,heldout_test_diagnostic,V2 final locked policy ranking,0.22,829,924,3749,498,0.09473076923076923,0.0014957264957265182,0.0,True,True,same probability ranker as V2 locked manual-review policy,False,Best literature reproduction model,3
taiwan,heldout_test_diagnostic,Best CatBoost probability ranking,0.22,829,924,3749,498,0.09473076923076923,0.0014957264957265182,0.0,True,True,,False,Best literature reproduction model,3
taiwan,heldout_test_diagnostic,Best Scorecard probability ranking,0.22,817,971,3702,510,0.09052136752136752,0.0014957264957265182,0.0,True,True,,False,Best literature reproduction model,7
taiwan,heldout_test_diagnostic,Best literature reproduction model,0.22,833,907,3766,494,0.0961965811965812,0.0014957264957265182,0.0,True,True,Best literature reproduction: XGBoost no resampling proxy,False,Best literature reproduction model,1
taiwan,heldout_test_diagnostic,SCRE-Optimized probability ranking,0.22,855,1031,3642,472,0.09403418803418802,0.0014957264957265182,0.0,True,True,weights renormalized over available components,False,Best literature reproduction model,6
taiwan,heldout_test_diagnostic,SCRE-Pareto probability ranking,0.22,851,990,3683,476,0.0952948717948718,0.0014957264957265182,0.0,True,True,weights renormalized over available components,False,Best literature reproduction model,2
taiwan,heldout_test_diagnostic,Best EBM/monotonic model: Monotonic LightGBM,0.22,859,1035,3638,468,0.0945128205128205,0.0014957264957265182,0.0,True,True,,False,Best literature reproduction model,5
taiwan,heldout_test_diagnostic,V2 final locked policy ranking,0.23,825,901,3772,502,0.09264502164502166,-0.011471861471861439,0.0,True,True,same probability ranker as V2 locked manual-review policy,False,SCRE-Pareto probability ranking,4
taiwan,heldout_test_diagnostic,Best CatBoost probability ranking,0.23,825,901,3772,502,0.09264502164502166,-0.011471861471861439,0.0,True,True,,False,SCRE-Pareto probability ranking,4
taiwan,heldout_test_diagnostic,Best Scorecard probability ranking,0.23,808,904,3769,519,0.08966233766233765,-0.011471861471861439,0.0,True,True,,False,SCRE-Pareto probability ranking,7
taiwan,heldout_test_diagnostic,Best literature reproduction model,0.23,819,859,3814,508,0.09373593073593076,-0.011471861471861439,0.0,True,True,Best literature reproduction: XGBoost no resampling proxy,False,SCRE-Pareto probability ranking,2
taiwan,heldout_test_diagnostic,SCRE-Optimized probability ranking,0.23,836,948,3725,491,0.09213852813852814,-0.011471861471861439,0.0,True,True,weights renormalized over available components,False,SCRE-Pareto probability ranking,6
taiwan,heldout_test_diagnostic,SCRE-Pareto probability ranking,0.23,840,923,3750,487,0.09404978354978358,-0.011471861471861439,0.0,True,True,weights renormalized over available components,False,SCRE-Pareto probability ranking,1
taiwan,heldout_test_diagnostic,Best EBM/monotonic model: Monotonic LightGBM,0.23,842,954,3719,485,0.09283982683982685,-0.011471861471861439,0.0,True,True,,False,SCRE-Pareto probability ranking,3
taiwan,heldout_test_diagnostic,V2 final locked policy ranking,0.24,808,805,3868,519,0.09229824561403507,-0.02478070175438593,0.0,True,True,same probability ranker as V2 locked manual-review policy,False,V2 final locked policy ranking; Best CatBoost probability ranking,1
taiwan,heldout_test_diagnostic,Best CatBoost probability ranking,0.24,808,805,3868,519,0.09229824561403507,-0.02478070175438593,0.0,True,True,,False,V2 final locked policy ranking; Best CatBoost probability ranking,1
taiwan,heldout_test_diagnostic,Best Scorecard probability ranking,0.24,801,860,3813,526,0.08823684210526317,-0.02478070175438593,0.0,True,True,,False,V2 final locked policy ranking; Best CatBoost probability ranking,7
taiwan,heldout_test_diagnostic,Best literature reproduction model,0.24,800,812,3861,527,0.09059649122807018,-0.02478070175438593,0.0,True,True,Best literature reproduction: XGBoost no resampling proxy,False,V2 final locked policy ranking; Best CatBoost probability ranking,4
taiwan,heldout_test_diagnostic,SCRE-Optimized probability ranking,0.24,826,879,3794,501,0.09140350877192982,-0.02478070175438593,0.0,True,True,weights renormalized over available components,False,V2 final locked policy ranking; Best CatBoost probability ranking,3
taiwan,heldout_test_diagnostic,SCRE-Pareto probability ranking,0.24,814,864,3809,513,0.09019298245614035,-0.02478070175438593,0.0,True,True,weights renormalized over available components,False,V2 final locked policy ranking; Best CatBoost probability ranking,5
taiwan,heldout_test_diagnostic,Best EBM/monotonic model: Monotonic LightGBM,0.24,821,897,3776,506,0.08962280701754387,-0.02478070175438593,0.0,True,True,,False,V2 final locked policy ranking; Best CatBoost probability ranking,6
taiwan,heldout_test_diagnostic,V2 final locked policy ranking,0.25,804,779,3894,523,0.09072222222222223,-0.03844444444444439,0.0,True,True,same probability ranker as V2 locked manual-review policy,False,V2 final locked policy ranking; Best CatBoost probability ranking,1
taiwan,heldout_test_diagnostic,Best CatBoost probability ranking,0.25,804,779,3894,523,0.09072222222222223,-0.03844444444444439,0.0,True,True,,False,V2 final locked policy ranking; Best CatBoost probability ranking,1
taiwan,heldout_test_diagnostic,Best Scorecard probability ranking,0.25,787,806,3867,540,0.08638888888888888,-0.03844444444444439,0.0,True,True,,False,V2 final locked policy ranking; Best CatBoost probability ranking,6
taiwan,heldout_test_diagnostic,Best literature reproduction model,0.25,779,756,3917,548,0.08783333333333333,-0.03844444444444439,0.0,True,True,Best literature reproduction: XGBoost no resampling proxy,False,V2 final locked policy ranking; Best CatBoost probability ranking,5
taiwan,heldout_test_diagnostic,SCRE-Optimized probability ranking,0.25,812,830,3843,515,0.08922222222222223,-0.03844444444444439,0.0,True,True,weights renormalized over available components,False,V2 final locked policy ranking; Best CatBoost probability ranking,3
taiwan,heldout_test_diagnostic,SCRE-Pareto probability ranking,0.25,801,804,3869,526,0.08883333333333335,-0.03844444444444439,0.0,True,True,weights renormalized over available components,False,V2 final locked policy ranking; Best CatBoost probability ranking,4
taiwan,heldout_test_diagnostic,Best EBM/monotonic model: Monotonic LightGBM,0.25,799,844,3829,528,0.08627777777777777,-0.03844444444444439,0.0,True,True,,False,V2 final locked policy ranking; Best CatBoost probability ranking,7
taiwan,heldout_test_diagnostic,V2 final locked policy ranking,0.26,785,743,3930,542,0.08732432432432433,-0.05247747747747744,0.0,True,True,same probability ranker as V2 locked manual-review policy,False,V2 final locked policy ranking; Best CatBoost probability ranking,1
taiwan,heldout_test_diagnostic,Best CatBoost probability ranking,0.26,785,743,3930,542,0.08732432432432433,-0.05247747747747744,0.0,True,True,,False,V2 final locked policy ranking; Best CatBoost probability ranking,1
taiwan,heldout_test_diagnostic,Best Scorecard probability ranking,0.26,761,756,3917,566,0.08256306306306305,-0.05247747747747744,0.0,True,True,,False,V2 final locked policy ranking; Best CatBoost probability ranking,7
taiwan,heldout_test_diagnostic,Best literature reproduction model,0.26,771,727,3946,556,0.08592792792792792,-0.05247747747747744,0.0,True,True,Best literature reproduction: XGBoost no resampling proxy,False,V2 final locked policy ranking; Best CatBoost probability ranking,5
taiwan,heldout_test_diagnostic,SCRE-Optimized probability ranking,0.26,794,780,3893,533,0.08665765765765765,-0.05247747747747744,0.0,True,True,weights renormalized over available components,False,V2 final locked policy ranking; Best CatBoost probability ranking,3
taiwan,heldout_test_diagnostic,SCRE-Pareto probability ranking,0.26,784,759,3914,543,0.0862207207207207,-0.05247747747747744,0.0,True,True,weights renormalized over available components,False,V2 final locked policy ranking; Best CatBoost probability ranking,4
taiwan,heldout_test_diagnostic,Best EBM/monotonic model: Monotonic LightGBM,0.26,785,794,3879,542,0.08433783783783783,-0.05247747747747744,0.0,True,True,,False,V2 final locked policy ranking; Best CatBoost probability ranking,6
taiwan,heldout_test_diagnostic,V2 final locked policy ranking,0.27,770,713,3960,557,0.08438127853881278,-0.06689497716894977,0.0,True,True,same probability ranker as V2 locked manual-review policy,False,SCRE-Pareto probability ranking,3
taiwan,heldout_test_diagnostic,Best CatBoost probability ranking,0.27,770,713,3960,557,0.08438127853881278,-0.06689497716894977,0.0,True,True,,False,SCRE-Pareto probability ranking,3
taiwan,heldout_test_diagnostic,Best Scorecard probability ranking,0.27,739,713,3960,588,0.07921461187214611,-0.06689497716894977,0.0,True,True,,False,SCRE-Pareto probability ranking,7
taiwan,heldout_test_diagnostic,Best literature reproduction model,0.27,756,684,3989,571,0.08383561643835616,-0.06689497716894977,0.0,True,True,Best literature reproduction: XGBoost no resampling proxy,False,SCRE-Pareto probability ranking,5
taiwan,heldout_test_diagnostic,SCRE-Optimized probability ranking,0.27,781,739,3934,546,0.08461187214611873,-0.06689497716894977,0.0,True,True,weights renormalized over available components,False,SCRE-Pareto probability ranking,2
taiwan,heldout_test_diagnostic,SCRE-Pareto probability ranking,0.27,773,713,3960,554,0.08488127853881278,-0.06689497716894977,0.0,True,True,weights renormalized over available components,False,SCRE-Pareto probability ranking,1
taiwan,heldout_test_diagnostic,Best EBM/monotonic model: Monotonic LightGBM,0.27,771,737,3936,556,0.08306849315068493,-0.06689497716894977,0.0,True,True,,False,SCRE-Pareto probability ranking,6
taiwan,heldout_test_diagnostic,V2 final locked policy ranking,0.28,763,680,3993,564,0.0830925925925926,-0.08171296296296299,0.0,True,True,same probability ranker as V2 locked manual-review policy,False,V2 final locked policy ranking; Best CatBoost probability ranking,1
taiwan,heldout_test_diagnostic,Best CatBoost probability ranking,0.28,763,680,3993,564,0.0830925925925926,-0.08171296296296299,0.0,True,True,,False,V2 final locked policy ranking; Best CatBoost probability ranking,1
taiwan,heldout_test_diagnostic,Best Scorecard probability ranking,0.28,725,674,3999,602,0.07714814814814815,-0.08171296296296299,0.0,True,True,,False,V2 final locked policy ranking; Best CatBoost probability ranking,7
taiwan,heldout_test_diagnostic,Best literature reproduction model,0.28,741,648,4025,586,0.08149999999999999,-0.08171296296296299,0.0,True,True,Best literature reproduction: XGBoost no resampling proxy,False,V2 final locked policy ranking; Best CatBoost probability ranking,6
taiwan,heldout_test_diagnostic,SCRE-Optimized probability ranking,0.28,770,701,3972,557,0.08289814814814814,-0.08171296296296299,0.0,True,True,weights renormalized over available components,False,V2 final locked policy ranking; Best CatBoost probability ranking,3
taiwan,heldout_test_diagnostic,SCRE-Pareto probability ranking,0.28,758,680,3993,569,0.08225925925925925,-0.08171296296296299,0.0,True,True,weights renormalized over available components,False,V2 final locked policy ranking; Best CatBoost probability ranking,4
taiwan,heldout_test_diagnostic,Best EBM/monotonic model: Monotonic LightGBM,0.28,761,694,3979,566,0.08185185185185184,-0.08171296296296299,0.0,True,True,,False,V2 final locked policy ranking; Best CatBoost probability ranking,5
taiwan,heldout_test_diagnostic,V2 final locked policy ranking,0.29,751,665,4008,576,0.07989671361502348,-0.09694835680751168,0.0,True,True,same probability ranker as V2 locked manual-review policy,False,V2 final locked policy ranking; Best CatBoost probability ranking,1
taiwan,heldout_test_diagnostic,Best CatBoost probability ranking,0.29,751,665,4008,576,0.07989671361502348,-0.09694835680751168,0.0,True,True,,False,V2 final locked policy ranking; Best CatBoost probability ranking,1
taiwan,heldout_test_diagnostic,Best Scorecard probability ranking,0.29,700,639,4034,627,0.07316666666666667,-0.09694835680751168,0.0,True,True,,False,V2 final locked policy ranking; Best CatBoost probability ranking,7
taiwan,heldout_test_diagnostic,Best literature reproduction model,0.29,724,613,4060,603,0.07893661971830987,-0.09694835680751168,0.0,True,True,Best literature reproduction: XGBoost no resampling proxy,False,V2 final locked policy ranking; Best CatBoost probability ranking,5
taiwan,heldout_test_diagnostic,SCRE-Optimized probability ranking,0.29,750,666,4007,577,0.07966197183098592,-0.09694835680751168,0.0,True,True,weights renormalized over available components,False,V2 final locked policy ranking; Best CatBoost probability ranking,4
taiwan,heldout_test_diagnostic,SCRE-Pareto probability ranking,0.29,744,648,4025,583,0.07988732394366196,-0.09694835680751168,0.0,True,True,weights renormalized over available components,False,V2 final locked policy ranking; Best CatBoost probability ranking,3
taiwan,heldout_test_diagnostic,Best EBM/monotonic model: Monotonic LightGBM,0.29,743,661,4012,584,0.07883568075117371,-0.09694835680751168,0.0,True,True,,False,V2 final locked policy ranking; Best CatBoost probability ranking,6
taiwan,heldout_test_diagnostic,V2 final locked policy ranking,0.3,734,620,4053,593,0.07804761904761905,-0.11261904761904762,0.0,True,True,same probability ranker as V2 locked manual-review policy,False,SCRE-Optimized probability ranking,2
taiwan,heldout_test_diagnostic,Best CatBoost probability ranking,0.3,734,620,4053,593,0.07804761904761905,-0.11261904761904762,0.0,True,True,,False,SCRE-Optimized probability ranking,2
taiwan,heldout_test_diagnostic,Best Scorecard probability ranking,0.3,688,597,4076,639,0.07202380952380952,-0.11261904761904762,0.0,True,True,,False,SCRE-Optimized probability ranking,7
taiwan,heldout_test_diagnostic,Best literature reproduction model,0.3,710,587,4086,617,0.0764047619047619,-0.11261904761904762,0.0,True,True,Best literature reproduction: XGBoost no resampling proxy,False,SCRE-Optimized probability ranking,6
taiwan,heldout_test_diagnostic,SCRE-Optimized probability ranking,0.3,741,626,4047,586,0.07878571428571428,-0.11261904761904762,0.0,True,True,weights renormalized over available components,False,SCRE-Optimized probability ranking,1
taiwan,heldout_test_diagnostic,SCRE-Pareto probability ranking,0.3,729,610,4063,598,0.07792857142857143,-0.11261904761904762,0.0,True,True,weights renormalized over available components,False,SCRE-Optimized probability ranking,4
taiwan,heldout_test_diagnostic,Best EBM/monotonic model: Monotonic LightGBM,0.3,728,623,4050,599,0.07683333333333334,-0.11261904761904762,0.0,True,True,,False,SCRE-Optimized probability ranking,5
taiwan,heldout_test_diagnostic,V2 final locked policy ranking,0.31,728,601,4072,599,0.07633091787439614,-0.12874396135265698,0.0,True,True,same probability ranker as V2 locked manual-review policy,False,SCRE-Optimized probability ranking,2
taiwan,heldout_test_diagnostic,Best CatBoost probability ranking,0.31,728,601,4072,599,0.07633091787439614,-0.12874396135265698,0.0,True,True,,False,SCRE-Optimized probability ranking,2
taiwan,heldout_test_diagnostic,Best Scorecard probability ranking,0.31,672,569,4104,655,0.06939371980676329,-0.12874396135265698,0.0,True,True,,False,SCRE-Optimized probability ranking,7
taiwan,heldout_test_diagnostic,Best literature reproduction model,0.31,700,571,4102,627,0.07391062801932366,-0.12874396135265698,0.0,True,True,Best literature reproduction: XGBoost no resampling proxy,False,SCRE-Optimized probability ranking,6
taiwan,heldout_test_diagnostic,SCRE-Optimized probability ranking,0.31,726,594,4079,601,0.07652173913043478,-0.12874396135265698,0.0,True,True,weights renormalized over available components,False,SCRE-Optimized probability ranking,1
taiwan,heldout_test_diagnostic,SCRE-Pareto probability ranking,0.31,711,578,4095,616,0.07521980676328502,-0.12874396135265698,0.0,True,True,weights renormalized over available components,False,SCRE-Optimized probability ranking,5
taiwan,heldout_test_diagnostic,Best EBM/monotonic model: Monotonic LightGBM,0.31,720,595,4078,607,0.07544685990338162,-0.12874396135265698,0.0,True,True,,False,SCRE-Optimized probability ranking,4
taiwan,heldout_test_diagnostic,V2 final locked policy ranking,0.32,701,571,4102,626,0.07204901960784313,-0.14534313725490194,0.0,True,True,same probability ranker as V2 locked manual-review policy,False,SCRE-Optimized probability ranking,4
taiwan,heldout_test_diagnostic,Best CatBoost probability ranking,0.32,701,571,4102,626,0.07204901960784313,-0.14534313725490194,0.0,True,True,,False,SCRE-Optimized probability ranking,4
taiwan,heldout_test_diagnostic,Best Scorecard probability ranking,0.32,654,542,4131,673,0.06649019607843137,-0.14534313725490194,0.0,True,True,,False,SCRE-Optimized probability ranking,7
taiwan,heldout_test_diagnostic,Best literature reproduction model,0.32,679,529,4144,648,0.07167647058823529,-0.14534313725490194,0.0,True,True,Best literature reproduction: XGBoost no resampling proxy,False,SCRE-Optimized probability ranking,6
taiwan,heldout_test_diagnostic,SCRE-Optimized probability ranking,0.32,713,571,4102,614,0.07404901960784313,-0.14534313725490194,0.0,True,True,weights renormalized over available components,False,SCRE-Optimized probability ranking,1
taiwan,heldout_test_diagnostic,SCRE-Pareto probability ranking,0.32,698,556,4117,629,0.07272549019607844,-0.14534313725490194,0.0,True,True,weights renormalized over available components,False,SCRE-Optimized probability ranking,3
taiwan,heldout_test_diagnostic,Best EBM/monotonic model: Monotonic LightGBM,0.32,704,567,4106,623,0.07286274509803921,-0.14534313725490194,0.0,True,True,,False,SCRE-Optimized probability ranking,2
taiwan,heldout_test_diagnostic,V2 final locked policy ranking,0.33,692,550,4123,635,0.07018407960199004,-0.16243781094527365,0.0,True,True,same probability ranker as V2 locked manual-review policy,False,Best EBM/monotonic model: Monotonic LightGBM,3
taiwan,heldout_test_diagnostic,Best CatBoost probability ranking,0.33,692,550,4123,635,0.07018407960199004,-0.16243781094527365,0.0,True,True,,False,Best EBM/monotonic model: Monotonic LightGBM,3
taiwan,heldout_test_diagnostic,Best Scorecard probability ranking,0.33,641,518,4155,686,0.06431094527363183,-0.16243781094527365,0.0,True,True,,False,Best EBM/monotonic model: Monotonic LightGBM,7
taiwan,heldout_test_diagnostic,Best literature reproduction model,0.33,655,504,4169,672,0.06779353233830844,-0.16243781094527365,0.0,True,True,Best literature reproduction: XGBoost no resampling proxy,False,Best EBM/monotonic model: Monotonic LightGBM,6
taiwan,heldout_test_diagnostic,SCRE-Optimized probability ranking,0.33,695,551,4122,632,0.07060199004975123,-0.16243781094527365,0.0,True,True,weights renormalized over available components,False,Best EBM/monotonic model: Monotonic LightGBM,2
taiwan,heldout_test_diagnostic,SCRE-Pareto probability ranking,0.33,677,521,4152,650,0.0700646766169154,-0.16243781094527365,0.0,True,True,weights renormalized over available components,False,Best EBM/monotonic model: Monotonic LightGBM,5
taiwan,heldout_test_diagnostic,Best EBM/monotonic model: Monotonic LightGBM,0.33,690,532,4141,637,0.07132835820895522,-0.16243781094527365,0.0,True,True,,False,Best EBM/monotonic model: Monotonic LightGBM,1
taiwan,heldout_test_diagnostic,V2 final locked policy ranking,0.34,674,505,4168,653,0.06897474747474747,-0.18005050505050507,0.0,True,True,same probability ranker as V2 locked manual-review policy,False,Best EBM/monotonic model: Monotonic LightGBM,2
taiwan,heldout_test_diagnostic,Best CatBoost probability ranking,0.34,674,505,4168,653,0.06897474747474747,-0.18005050505050507,0.0,True,True,,False,Best EBM/monotonic model: Monotonic LightGBM,2
taiwan,heldout_test_diagnostic,Best Scorecard probability ranking,0.34,626,492,4181,701,0.06209090909090908,-0.18005050505050507,0.0,True,True,,False,Best EBM/monotonic model: Monotonic LightGBM,7
taiwan,heldout_test_diagnostic,Best literature reproduction model,0.34,646,482,4191,681,0.06628282828282826,-0.18005050505050507,0.0,True,True,Best literature reproduction: XGBoost no resampling proxy,False,Best EBM/monotonic model: Monotonic LightGBM,6
taiwan,heldout_test_diagnostic,SCRE-Optimized probability ranking,0.34,677,515,4158,650,0.0686161616161616,-0.18005050505050507,0.0,True,True,weights renormalized over available components,False,Best EBM/monotonic model: Monotonic LightGBM,4
taiwan,heldout_test_diagnostic,SCRE-Pareto probability ranking,0.34,655,490,4183,672,0.06709595959595958,-0.18005050505050507,0.0,True,True,weights renormalized over available components,False,Best EBM/monotonic model: Monotonic LightGBM,5
taiwan,heldout_test_diagnostic,Best EBM/monotonic model: Monotonic LightGBM,0.34,673,502,4171,654,0.06906565656565655,-0.18005050505050507,0.0,True,True,,False,Best EBM/monotonic model: Monotonic LightGBM,1
taiwan,heldout_test_diagnostic,V2 final locked policy ranking,0.35,671,499,4174,656,0.06705128205128205,-0.19820512820512814,0.0,True,True,same probability ranker as V2 locked manual-review policy,False,Best EBM/monotonic model: Monotonic LightGBM,2
taiwan,heldout_test_diagnostic,Best CatBoost probability ranking,0.35,671,499,4174,656,0.06705128205128205,-0.19820512820512814,0.0,True,True,,False,Best EBM/monotonic model: Monotonic LightGBM,2
taiwan,heldout_test_diagnostic,Best Scorecard probability ranking,0.35,616,466,4207,711,0.060846153846153855,-0.19820512820512814,0.0,True,True,,False,Best EBM/monotonic model: Monotonic LightGBM,7
taiwan,heldout_test_diagnostic,Best literature reproduction model,0.35,638,470,4203,689,0.06415384615384616,-0.19820512820512814,0.0,True,True,Best literature reproduction: XGBoost no resampling proxy,False,Best EBM/monotonic model: Monotonic LightGBM,6
taiwan,heldout_test_diagnostic,SCRE-Optimized probability ranking,0.35,655,483,4190,672,0.06582051282051282,-0.19820512820512814,0.0,True,True,weights renormalized over available components,False,Best EBM/monotonic model: Monotonic LightGBM,4
taiwan,heldout_test_diagnostic,SCRE-Pareto probability ranking,0.35,643,465,4208,684,0.06543589743589742,-0.19820512820512814,0.0,True,True,weights renormalized over available components,False,Best EBM/monotonic model: Monotonic LightGBM,5
taiwan,heldout_test_diagnostic,Best EBM/monotonic model: Monotonic LightGBM,0.35,659,467,4206,668,0.06792307692307692,-0.19820512820512814,0.0,True,True,,False,Best EBM/monotonic model: Monotonic LightGBM,1
taiwan,heldout_test_diagnostic,V2 final locked policy ranking,0.36,625,437,4236,702,0.06319791666666667,-0.21692708333333327,0.0,True,True,same probability ranker as V2 locked manual-review policy,False,Best EBM/monotonic model: Monotonic LightGBM,3
taiwan,heldout_test_diagnostic,Best CatBoost probability ranking,0.36,625,437,4236,702,0.06319791666666667,-0.21692708333333327,0.0,True,True,,False,Best EBM/monotonic model: Monotonic LightGBM,3
taiwan,heldout_test_diagnostic,Best Scorecard probability ranking,0.36,599,442,4231,728,0.05839583333333333,-0.21692708333333327,0.0,True,True,,False,Best EBM/monotonic model: Monotonic LightGBM,7
taiwan,heldout_test_diagnostic,Best literature reproduction model,0.36,620,434,4239,707,0.06264583333333333,-0.21692708333333327,0.0,True,True,Best literature reproduction: XGBoost no resampling proxy,False,Best EBM/monotonic model: Monotonic LightGBM,6
taiwan,heldout_test_diagnostic,SCRE-Optimized probability ranking,0.36,634,450,4223,693,0.06347916666666667,-0.21692708333333327,0.0,True,True,weights renormalized over available components,False,Best EBM/monotonic model: Monotonic LightGBM,2
taiwan,heldout_test_diagnostic,SCRE-Pareto probability ranking,0.36,631,449,4224,696,0.06307291666666667,-0.21692708333333327,0.0,True,True,weights renormalized over available components,False,Best EBM/monotonic model: Monotonic LightGBM,5
taiwan,heldout_test_diagnostic,Best EBM/monotonic model: Monotonic LightGBM,0.36,644,448,4225,683,0.06533333333333333,-0.21692708333333327,0.0,True,True,,False,Best EBM/monotonic model: Monotonic LightGBM,1
taiwan,heldout_test_diagnostic,V2 final locked policy ranking,0.37,621,433,4240,706,0.06111640211640211,-0.2362433862433862,0.0,True,True,same probability ranker as V2 locked manual-review policy,False,Best EBM/monotonic model: Monotonic LightGBM,4
taiwan,heldout_test_diagnostic,Best CatBoost probability ranking,0.37,621,433,4240,706,0.06111640211640211,-0.2362433862433862,0.0,True,True,,False,Best EBM/monotonic model: Monotonic LightGBM,4
taiwan,heldout_test_diagnostic,Best Scorecard probability ranking,0.37,589,412,4261,738,0.057838624338624335,-0.2362433862433862,0.0,True,True,,False,Best EBM/monotonic model: Monotonic LightGBM,7
taiwan,heldout_test_diagnostic,Best literature reproduction model,0.37,614,425,4248,713,0.06073280423280423,-0.2362433862433862,0.0,True,True,Best literature reproduction: XGBoost no resampling proxy,False,Best EBM/monotonic model: Monotonic LightGBM,6
taiwan,heldout_test_diagnostic,SCRE-Optimized probability ranking,0.37,620,427,4246,707,0.061537037037037036,-0.2362433862433862,0.0,True,True,weights renormalized over available components,False,Best EBM/monotonic model: Monotonic LightGBM,2
taiwan,heldout_test_diagnostic,SCRE-Pareto probability ranking,0.37,614,418,4255,713,0.06141798941798941,-0.2362433862433862,0.0,True,True,weights renormalized over available components,False,Best EBM/monotonic model: Monotonic LightGBM,3
taiwan,heldout_test_diagnostic,Best EBM/monotonic model: Monotonic LightGBM,0.37,632,426,4247,695,0.06363492063492064,-0.2362433862433862,0.0,True,True,,False,Best EBM/monotonic model: Monotonic LightGBM,1
taiwan,heldout_test_diagnostic,V2 final locked policy ranking,0.38,607,419,4254,720,0.05836559139784946,-0.2561827956989247,0.0,True,True,same probability ranker as V2 locked manual-review policy,False,Best EBM/monotonic model: Monotonic LightGBM,4
taiwan,heldout_test_diagnostic,Best CatBoost probability ranking,0.38,607,419,4254,720,0.05836559139784946,-0.2561827956989247,0.0,True,True,,False,Best EBM/monotonic model: Monotonic LightGBM,4
taiwan,heldout_test_diagnostic,Best Scorecard probability ranking,0.38,580,388,4285,747,0.05703225806451613,-0.2561827956989247,0.0,True,True,,False,Best EBM/monotonic model: Monotonic LightGBM,7
taiwan,heldout_test_diagnostic,Best literature reproduction model,0.38,592,402,4271,735,0.05760215053763441,-0.2561827956989247,0.0,True,True,Best literature reproduction: XGBoost no resampling proxy,False,Best EBM/monotonic model: Monotonic LightGBM,6
taiwan,heldout_test_diagnostic,SCRE-Optimized probability ranking,0.38,609,411,4262,718,0.059516129032258065,-0.2561827956989247,0.0,True,True,weights renormalized over available components,False,Best EBM/monotonic model: Monotonic LightGBM,3
taiwan,heldout_test_diagnostic,SCRE-Pareto probability ranking,0.38,603,397,4276,724,0.05994623655913979,-0.2561827956989247,0.0,True,True,weights renormalized over available components,False,Best EBM/monotonic model: Monotonic LightGBM,2
taiwan,heldout_test_diagnostic,Best EBM/monotonic model: Monotonic LightGBM,0.38,612,397,4276,715,0.06144623655913978,-0.2561827956989247,0.0,True,True,,False,Best EBM/monotonic model: Monotonic LightGBM,1
taiwan,heldout_test_diagnostic,V2 final locked policy ranking,0.39,602,411,4262,725,0.05653825136612021,-0.27677595628415297,0.0,True,True,same probability ranker as V2 locked manual-review policy,False,Best EBM/monotonic model: Monotonic LightGBM,4
taiwan,heldout_test_diagnostic,Best CatBoost probability ranking,0.39,602,411,4262,725,0.05653825136612021,-0.27677595628415297,0.0,True,True,,False,Best EBM/monotonic model: Monotonic LightGBM,4
taiwan,heldout_test_diagnostic,Best Scorecard probability ranking,0.39,570,365,4308,757,0.05610655737704918,-0.27677595628415297,0.0,True,True,,False,Best EBM/monotonic model: Monotonic LightGBM,7
taiwan,heldout_test_diagnostic,Best literature reproduction model,0.39,584,386,4287,743,0.056202185792349715,-0.27677595628415297,0.0,True,True,Best literature reproduction: XGBoost no resampling proxy,False,Best EBM/monotonic model: Monotonic LightGBM,6
taiwan,heldout_test_diagnostic,SCRE-Optimized probability ranking,0.39,601,391,4282,726,0.05850273224043716,-0.27677595628415297,0.0,True,True,weights renormalized over available components,False,Best EBM/monotonic model: Monotonic LightGBM,2
taiwan,heldout_test_diagnostic,SCRE-Pareto probability ranking,0.39,589,373,4300,738,0.0584207650273224,-0.27677595628415297,0.0,True,True,weights renormalized over available components,False,Best EBM/monotonic model: Monotonic LightGBM,3
taiwan,heldout_test_diagnostic,Best EBM/monotonic model: Monotonic LightGBM,0.39,606,376,4297,721,0.060934426229508204,-0.27677595628415297,0.0,True,True,,False,Best EBM/monotonic model: Monotonic LightGBM,1
taiwan,heldout_test_diagnostic,V2 final locked policy ranking,0.4,584,369,4304,743,0.056333333333333326,-0.2980555555555556,0.0,True,True,same probability ranker as V2 locked manual-review policy,False,Best EBM/monotonic model: Monotonic LightGBM,4
taiwan,heldout_test_diagnostic,Best CatBoost probability ranking,0.4,584,369,4304,743,0.056333333333333326,-0.2980555555555556,0.0,True,True,,False,Best EBM/monotonic model: Monotonic LightGBM,4
taiwan,heldout_test_diagnostic,Best Scorecard probability ranking,0.4,560,348,4325,767,0.05466666666666666,-0.2980555555555556,0.0,True,True,,False,Best EBM/monotonic model: Monotonic LightGBM,6
taiwan,heldout_test_diagnostic,Best literature reproduction model,0.4,576,372,4301,751,0.05466666666666666,-0.2980555555555556,0.0,True,True,Best literature reproduction: XGBoost no resampling proxy,False,Best EBM/monotonic model: Monotonic LightGBM,6
taiwan,heldout_test_diagnostic,SCRE-Optimized probability ranking,0.4,590,374,4299,737,0.05677777777777777,-0.2980555555555556,0.0,True,True,weights renormalized over available components,False,Best EBM/monotonic model: Monotonic LightGBM,2
taiwan,heldout_test_diagnostic,SCRE-Pareto probability ranking,0.4,579,360,4313,748,0.0565,-0.2980555555555556,0.0,True,True,weights renormalized over available components,False,Best EBM/monotonic model: Monotonic LightGBM,3
taiwan,heldout_test_diagnostic,Best EBM/monotonic model: Monotonic LightGBM,0.4,591,358,4315,736,0.058722222222222224,-0.2980555555555556,0.0,True,True,,False,Best EBM/monotonic model: Monotonic LightGBM,1
taiwan,heldout_test_diagnostic,V2 final locked policy ranking,0.41,582,362,4311,745,0.05507344632768363,-0.320056497175141,0.0,True,True,same probability ranker as V2 locked manual-review policy,False,Best EBM/monotonic model: Monotonic LightGBM,2
taiwan,heldout_test_diagnostic,Best CatBoost probability ranking,0.41,582,362,4311,745,0.05507344632768363,-0.320056497175141,0.0,True,True,,False,Best EBM/monotonic model: Monotonic LightGBM,2
taiwan,heldout_test_diagnostic,Best Scorecard probability ranking,0.41,549,328,4345,778,0.053511299435028255,-0.320056497175141,0.0,True,True,,False,Best EBM/monotonic model: Monotonic LightGBM,6
taiwan,heldout_test_diagnostic,Best literature reproduction model,0.41,566,356,4317,761,0.05310169491525425,-0.320056497175141,0.0,True,True,Best literature reproduction: XGBoost no resampling proxy,False,Best EBM/monotonic model: Monotonic LightGBM,7
taiwan,heldout_test_diagnostic,SCRE-Optimized probability ranking,0.41,576,359,4314,751,0.05442090395480227,-0.320056497175141,0.0,True,True,weights renormalized over available components,False,Best EBM/monotonic model: Monotonic LightGBM,5
taiwan,heldout_test_diagnostic,SCRE-Pareto probability ranking,0.41,566,341,4332,761,0.05483898305084747,-0.320056497175141,0.0,True,True,weights renormalized over available components,False,Best EBM/monotonic model: Monotonic LightGBM,4
taiwan,heldout_test_diagnostic,Best EBM/monotonic model: Monotonic LightGBM,0.41,576,341,4332,751,0.056505649717514136,-0.320056497175141,0.0,True,True,,False,Best EBM/monotonic model: Monotonic LightGBM,1
taiwan,heldout_test_diagnostic,V2 final locked policy ranking,0.42,570,347,4326,757,0.05312068965517242,-0.3428160919540228,0.0,True,True,same probability ranker as V2 locked manual-review policy,False,Best EBM/monotonic model: Monotonic LightGBM,2
taiwan,heldout_test_diagnostic,Best CatBoost probability ranking,0.42,570,347,4326,757,0.05312068965517242,-0.3428160919540228,0.0,True,True,,False,Best EBM/monotonic model: Monotonic LightGBM,2
taiwan,heldout_test_diagnostic,Best Scorecard probability ranking,0.42,539,315,4358,788,0.051816091954022994,-0.3428160919540228,0.0,True,True,,False,Best EBM/monotonic model: Monotonic LightGBM,6
taiwan,heldout_test_diagnostic,Best literature reproduction model,0.42,562,349,4324,765,0.05154597701149426,-0.3428160919540228,0.0,True,True,Best literature reproduction: XGBoost no resampling proxy,False,Best EBM/monotonic model: Monotonic LightGBM,7
taiwan,heldout_test_diagnostic,SCRE-Optimized probability ranking,0.42,560,337,4336,767,0.052660919540229896,-0.3428160919540228,0.0,True,True,weights renormalized over available components,False,Best EBM/monotonic model: Monotonic LightGBM,5
taiwan,heldout_test_diagnostic,SCRE-Pareto probability ranking,0.42,550,322,4351,777,0.052804597701149425,-0.3428160919540228,0.0,True,True,weights renormalized over available components,False,Best EBM/monotonic model: Monotonic LightGBM,4
taiwan,heldout_test_diagnostic,Best EBM/monotonic model: Monotonic LightGBM,0.42,568,331,4342,759,0.0547183908045977,-0.3428160919540228,0.0,True,True,,False,Best EBM/monotonic model: Monotonic LightGBM,1
taiwan,heldout_test_diagnostic,V2 final locked policy ranking,0.43,568,339,4334,759,0.05204385964912281,-0.36637426900584785,0.0,True,True,same probability ranker as V2 locked manual-review policy,False,Best EBM/monotonic model: Monotonic LightGBM,2
taiwan,heldout_test_diagnostic,Best CatBoost probability ranking,0.43,568,339,4334,759,0.05204385964912281,-0.36637426900584785,0.0,True,True,,False,Best EBM/monotonic model: Monotonic LightGBM,2
taiwan,heldout_test_diagnostic,Best Scorecard probability ranking,0.43,532,305,4368,795,0.05031871345029241,-0.36637426900584785,0.0,True,True,,False,Best EBM/monotonic model: Monotonic LightGBM,6
taiwan,heldout_test_diagnostic,Best literature reproduction model,0.43,549,333,4340,778,0.04963157894736842,-0.36637426900584785,0.0,True,True,Best literature reproduction: XGBoost no resampling proxy,False,Best EBM/monotonic model: Monotonic LightGBM,7
taiwan,heldout_test_diagnostic,SCRE-Optimized probability ranking,0.43,544,317,4356,783,0.05080994152046785,-0.36637426900584785,0.0,True,True,weights renormalized over available components,False,Best EBM/monotonic model: Monotonic LightGBM,4
taiwan,heldout_test_diagnostic,SCRE-Pareto probability ranking,0.43,535,308,4365,792,0.050441520467836266,-0.36637426900584785,0.0,True,True,weights renormalized over available components,False,Best EBM/monotonic model: Monotonic LightGBM,5
taiwan,heldout_test_diagnostic,Best EBM/monotonic model: Monotonic LightGBM,0.43,561,320,4353,766,0.05326608187134503,-0.36637426900584785,0.0,True,True,,False,Best EBM/monotonic model: Monotonic LightGBM,1
taiwan,heldout_test_diagnostic,V2 final locked policy ranking,0.44,544,312,4361,783,0.04980952380952382,-0.3907738095238094,0.0,True,True,same probability ranker as V2 locked manual-review policy,False,Best EBM/monotonic model: Monotonic LightGBM,2
taiwan,heldout_test_diagnostic,Best CatBoost probability ranking,0.44,544,312,4361,783,0.04980952380952382,-0.3907738095238094,0.0,True,True,,False,Best EBM/monotonic model: Monotonic LightGBM,2
taiwan,heldout_test_diagnostic,Best Scorecard probability ranking,0.44,517,290,4383,810,0.04819047619047619,-0.3907738095238094,0.0,True,True,,False,Best EBM/monotonic model: Monotonic LightGBM,7
taiwan,heldout_test_diagnostic,Best literature reproduction model,0.44,536,307,4366,791,0.049130952380952386,-0.3907738095238094,0.0,True,True,Best literature reproduction: XGBoost no resampling proxy,False,Best EBM/monotonic model: Monotonic LightGBM,4
taiwan,heldout_test_diagnostic,SCRE-Optimized probability ranking,0.44,535,306,4367,792,0.0490952380952381,-0.3907738095238094,0.0,True,True,weights renormalized over available components,False,Best EBM/monotonic model: Monotonic LightGBM,5
taiwan,heldout_test_diagnostic,SCRE-Pareto probability ranking,0.44,522,295,4378,805,0.04836904761904762,-0.3907738095238094,0.0,True,True,weights renormalized over available components,False,Best EBM/monotonic model: Monotonic LightGBM,6
taiwan,heldout_test_diagnostic,Best EBM/monotonic model: Monotonic LightGBM,0.44,548,306,4367,779,0.051261904761904765,-0.3907738095238094,0.0,True,True,,False,Best EBM/monotonic model: Monotonic LightGBM,1
taiwan,heldout_test_diagnostic,V2 final locked policy ranking,0.45,535,302,4371,792,0.04798484848484849,-0.41606060606060596,0.0,True,True,same probability ranker as V2 locked manual-review policy,False,Best EBM/monotonic model: Monotonic LightGBM,2
taiwan,heldout_test_diagnostic,Best CatBoost probability ranking,0.45,535,302,4371,792,0.04798484848484849,-0.41606060606060596,0.0,True,True,,False,Best EBM/monotonic model: Monotonic LightGBM,2
taiwan,heldout_test_diagnostic,Best Scorecard probability ranking,0.45,507,279,4394,820,0.046454545454545464,-0.41606060606060596,0.0,True,True,,False,Best EBM/monotonic model: Monotonic LightGBM,7
taiwan,heldout_test_diagnostic,Best literature reproduction model,0.45,523,295,4378,804,0.04693939393939395,-0.41606060606060596,0.0,True,True,Best literature reproduction: XGBoost no resampling proxy,False,Best EBM/monotonic model: Monotonic LightGBM,6
taiwan,heldout_test_diagnostic,SCRE-Optimized probability ranking,0.45,518,285,4388,809,0.04746969696969697,-0.41606060606060596,0.0,True,True,weights renormalized over available components,False,Best EBM/monotonic model: Monotonic LightGBM,4
taiwan,heldout_test_diagnostic,SCRE-Pareto probability ranking,0.45,509,277,4396,818,0.04706060606060606,-0.41606060606060596,0.0,True,True,weights renormalized over available components,False,Best EBM/monotonic model: Monotonic LightGBM,5
taiwan,heldout_test_diagnostic,Best EBM/monotonic model: Monotonic LightGBM,0.45,540,300,4373,787,0.04909090909090909,-0.41606060606060596,0.0,True,True,,False,Best EBM/monotonic model: Monotonic LightGBM,1
taiwan,heldout_test_diagnostic,V2 final locked policy ranking,0.46,507,275,4398,820,0.0454567901234568,-0.4422839506172839,0.0,True,True,same probability ranker as V2 locked manual-review policy,False,Best EBM/monotonic model: Monotonic LightGBM,4
taiwan,heldout_test_diagnostic,Best CatBoost probability ranking,0.46,507,275,4398,820,0.0454567901234568,-0.4422839506172839,0.0,True,True,,False,Best EBM/monotonic model: Monotonic LightGBM,4
taiwan,heldout_test_diagnostic,Best Scorecard probability ranking,0.46,502,270,4403,825,0.04533333333333334,-0.4422839506172839,0.0,True,True,,False,Best EBM/monotonic model: Monotonic LightGBM,6
taiwan,heldout_test_diagnostic,Best literature reproduction model,0.46,511,291,4382,816,0.04385185185185185,-0.4422839506172839,0.0,True,True,Best literature reproduction: XGBoost no resampling proxy,False,Best EBM/monotonic model: Monotonic LightGBM,7
taiwan,heldout_test_diagnostic,SCRE-Optimized probability ranking,0.46,510,272,4401,817,0.04638271604938272,-0.4422839506172839,0.0,True,True,weights renormalized over available components,False,Best EBM/monotonic model: Monotonic LightGBM,2
taiwan,heldout_test_diagnostic,SCRE-Pareto probability ranking,0.46,503,265,4408,824,0.04620987654320987,-0.4422839506172839,0.0,True,True,weights renormalized over available components,False,Best EBM/monotonic model: Monotonic LightGBM,3
taiwan,heldout_test_diagnostic,Best EBM/monotonic model: Monotonic LightGBM,0.46,530,292,4381,797,0.046876543209876546,-0.4422839506172839,0.0,True,True,,False,Best EBM/monotonic model: Monotonic LightGBM,1
taiwan,heldout_test_diagnostic,V2 final locked policy ranking,0.47,500,257,4416,827,0.045349056603773585,-0.46949685534591185,0.0,True,True,same probability ranker as V2 locked manual-review policy,False,Best EBM/monotonic model: Monotonic LightGBM,2
taiwan,heldout_test_diagnostic,Best CatBoost probability ranking,0.47,500,257,4416,827,0.045349056603773585,-0.46949685534591185,0.0,True,True,,False,Best EBM/monotonic model: Monotonic LightGBM,2
taiwan,heldout_test_diagnostic,Best Scorecard probability ranking,0.47,496,257,4416,831,0.04468238993710692,-0.46949685534591185,0.0,True,True,,False,Best EBM/monotonic model: Monotonic LightGBM,4
taiwan,heldout_test_diagnostic,Best literature reproduction model,0.47,497,270,4403,830,0.04292767295597484,-0.46949685534591185,0.0,True,True,Best literature reproduction: XGBoost no resampling proxy,False,Best EBM/monotonic model: Monotonic LightGBM,7
taiwan,heldout_test_diagnostic,SCRE-Optimized probability ranking,0.47,493,260,4413,834,0.04373899371069183,-0.46949685534591185,0.0,True,True,weights renormalized over available components,False,Best EBM/monotonic model: Monotonic LightGBM,6
taiwan,heldout_test_diagnostic,SCRE-Pareto probability ranking,0.47,494,258,4415,833,0.04420125786163522,-0.46949685534591185,0.0,True,True,weights renormalized over available components,False,Best EBM/monotonic model: Monotonic LightGBM,5
taiwan,heldout_test_diagnostic,Best EBM/monotonic model: Monotonic LightGBM,0.47,520,276,4397,807,0.045874213836477995,-0.46949685534591185,0.0,True,True,,False,Best EBM/monotonic model: Monotonic LightGBM,1
taiwan,heldout_test_diagnostic,V2 final locked policy ranking,0.48,487,240,4433,840,0.044243589743589745,-0.4977564102564101,0.0,True,True,same probability ranker as V2 locked manual-review policy,False,V2 final locked policy ranking; Best CatBoost probability ranking,1
taiwan,heldout_test_diagnostic,Best CatBoost probability ranking,0.48,487,240,4433,840,0.044243589743589745,-0.4977564102564101,0.0,True,True,,False,V2 final locked policy ranking; Best CatBoost probability ranking,1
taiwan,heldout_test_diagnostic,Best Scorecard probability ranking,0.48,491,246,4427,836,0.043987179487179486,-0.4977564102564101,0.0,True,True,,False,V2 final locked policy ranking; Best CatBoost probability ranking,4
taiwan,heldout_test_diagnostic,Best literature reproduction model,0.48,494,263,4410,833,0.04187179487179487,-0.4977564102564101,0.0,True,True,Best literature reproduction: XGBoost no resampling proxy,False,V2 final locked policy ranking; Best CatBoost probability ranking,7
taiwan,heldout_test_diagnostic,SCRE-Optimized probability ranking,0.48,486,250,4423,841,0.042538461538461546,-0.4977564102564101,0.0,True,True,weights renormalized over available components,False,V2 final locked policy ranking; Best CatBoost probability ranking,6
taiwan,heldout_test_diagnostic,SCRE-Pareto probability ranking,0.48,483,244,4429,844,0.04296153846153847,-0.4977564102564101,0.0,True,True,weights renormalized over available components,False,V2 final locked policy ranking; Best CatBoost probability ranking,5
taiwan,heldout_test_diagnostic,Best EBM/monotonic model: Monotonic LightGBM,0.48,512,268,4405,815,0.0441025641025641,-0.4977564102564101,0.0,True,True,,False,V2 final locked policy ranking; Best CatBoost probability ranking,3
taiwan,heldout_test_diagnostic,V2 final locked policy ranking,0.49,473,234,4439,854,0.04136274509803922,-0.5271241830065359,0.0,True,True,same probability ranker as V2 locked manual-review policy,False,Best EBM/monotonic model: Monotonic LightGBM,5
taiwan,heldout_test_diagnostic,Best CatBoost probability ranking,0.49,473,234,4439,854,0.04136274509803922,-0.5271241830065359,0.0,True,True,,False,Best EBM/monotonic model: Monotonic LightGBM,5
taiwan,heldout_test_diagnostic,Best Scorecard probability ranking,0.49,483,240,4433,844,0.042068627450980396,-0.5271241830065359,0.0,True,True,,False,Best EBM/monotonic model: Monotonic LightGBM,2
taiwan,heldout_test_diagnostic,Best literature reproduction model,0.49,488,255,4418,839,0.040499999999999994,-0.5271241830065359,0.0,True,True,Best literature reproduction: XGBoost no resampling proxy,False,Best EBM/monotonic model: Monotonic LightGBM,7
taiwan,heldout_test_diagnostic,SCRE-Optimized probability ranking,0.49,476,234,4439,851,0.04186274509803922,-0.5271241830065359,0.0,True,True,weights renormalized over available components,False,Best EBM/monotonic model: Monotonic LightGBM,3
taiwan,heldout_test_diagnostic,SCRE-Pareto probability ranking,0.49,474,234,4439,853,0.041529411764705884,-0.5271241830065359,0.0,True,True,weights renormalized over available components,False,Best EBM/monotonic model: Monotonic LightGBM,4
taiwan,heldout_test_diagnostic,Best EBM/monotonic model: Monotonic LightGBM,0.49,503,257,4416,824,0.0426797385620915,-0.5271241830065359,0.0,True,True,,False,Best EBM/monotonic model: Monotonic LightGBM,1
taiwan,heldout_test_diagnostic,V2 final locked policy ranking,0.5,467,226,4447,860,0.04016666666666667,-0.5576666666666665,0.0,True,True,same probability ranker as V2 locked manual-review policy,False,Best EBM/monotonic model: Monotonic LightGBM,3
taiwan,heldout_test_diagnostic,Best CatBoost probability ranking,0.5,467,226,4447,860,0.04016666666666667,-0.5576666666666665,0.0,True,True,,False,Best EBM/monotonic model: Monotonic LightGBM,3
taiwan,heldout_test_diagnostic,Best Scorecard probability ranking,0.5,470,234,4439,857,0.03933333333333334,-0.5576666666666665,0.0,True,True,,False,Best EBM/monotonic model: Monotonic LightGBM,7
taiwan,heldout_test_diagnostic,Best literature reproduction model,0.5,479,239,4434,848,0.04000000000000001,-0.5576666666666665,0.0,True,True,Best literature reproduction: XGBoost no resampling proxy,False,Best EBM/monotonic model: Monotonic LightGBM,5
taiwan,heldout_test_diagnostic,SCRE-Optimized probability ranking,0.5,468,228,4445,859,0.04,-0.5576666666666665,0.0,True,True,weights renormalized over available components,False,Best EBM/monotonic model: Monotonic LightGBM,6
taiwan,heldout_test_diagnostic,SCRE-Pareto probability ranking,0.5,469,222,4451,858,0.041166666666666664,-0.5576666666666665,0.0,True,True,weights renormalized over available components,False,Best EBM/monotonic model: Monotonic LightGBM,2
taiwan,heldout_test_diagnostic,Best EBM/monotonic model: Monotonic LightGBM,0.5,497,246,4427,830,0.04183333333333333,-0.5576666666666665,0.0,True,True,,False,Best EBM/monotonic model: Monotonic LightGBM,1
taiwan,heldout_test_diagnostic,V2 final locked policy ranking,0.51,461,216,4457,866,0.0393639455782313,-0.5894557823129252,0.0,True,True,same probability ranker as V2 locked manual-review policy,False,Best EBM/monotonic model: Monotonic LightGBM,2
taiwan,heldout_test_diagnostic,Best CatBoost probability ranking,0.51,461,216,4457,866,0.0393639455782313,-0.5894557823129252,0.0,True,True,,False,Best EBM/monotonic model: Monotonic LightGBM,2
taiwan,heldout_test_diagnostic,Best Scorecard probability ranking,0.51,459,228,4445,868,0.03694897959183673,-0.5894557823129252,0.0,True,True,,False,Best EBM/monotonic model: Monotonic LightGBM,7
taiwan,heldout_test_diagnostic,Best literature reproduction model,0.51,465,224,4449,862,0.03864285714285714,-0.5894557823129252,0.0,True,True,Best literature reproduction: XGBoost no resampling proxy,False,Best EBM/monotonic model: Monotonic LightGBM,6
taiwan,heldout_test_diagnostic,SCRE-Optimized probability ranking,0.51,457,215,4458,870,0.03887074829931972,-0.5894557823129252,0.0,True,True,weights renormalized over available components,False,Best EBM/monotonic model: Monotonic LightGBM,4
taiwan,heldout_test_diagnostic,SCRE-Pareto probability ranking,0.51,460,219,4454,867,0.038676870748299313,-0.5894557823129252,0.0,True,True,weights renormalized over available components,False,Best EBM/monotonic model: Monotonic LightGBM,5
taiwan,heldout_test_diagnostic,Best EBM/monotonic model: Monotonic LightGBM,0.51,485,239,4434,842,0.03937414965986394,-0.5894557823129252,0.0,True,True,,False,Best EBM/monotonic model: Monotonic LightGBM,1
taiwan,heldout_test_diagnostic,V2 final locked policy ranking,0.52,455,212,4461,872,0.03755555555555555,-0.6225694444444445,0.0,True,True,same probability ranker as V2 locked manual-review policy,False,Best EBM/monotonic model: Monotonic LightGBM,2
taiwan,heldout_test_diagnostic,Best CatBoost probability ranking,0.52,455,212,4461,872,0.03755555555555555,-0.6225694444444445,0.0,True,True,,False,Best EBM/monotonic model: Monotonic LightGBM,2
taiwan,heldout_test_diagnostic,Best Scorecard probability ranking,0.52,449,220,4453,878,0.03511111111111111,-0.6225694444444445,0.0,True,True,,False,Best EBM/monotonic model: Monotonic LightGBM,7
taiwan,heldout_test_diagnostic,Best literature reproduction model,0.52,453,218,4455,874,0.03613888888888888,-0.6225694444444445,0.0,True,True,Best literature reproduction: XGBoost no resampling proxy,False,Best EBM/monotonic model: Monotonic LightGBM,6
taiwan,heldout_test_diagnostic,SCRE-Optimized probability ranking,0.52,448,207,4466,879,0.03729166666666667,-0.6225694444444445,0.0,True,True,weights renormalized over available components,False,Best EBM/monotonic model: Monotonic LightGBM,5
taiwan,heldout_test_diagnostic,SCRE-Pareto probability ranking,0.52,450,208,4465,877,0.03744444444444444,-0.6225694444444445,0.0,True,True,weights renormalized over available components,False,Best EBM/monotonic model: Monotonic LightGBM,4
taiwan,heldout_test_diagnostic,Best EBM/monotonic model: Monotonic LightGBM,0.52,477,230,4443,850,0.03797222222222222,-0.6225694444444445,0.0,True,True,,False,Best EBM/monotonic model: Monotonic LightGBM,1
taiwan,heldout_test_diagnostic,V2 final locked policy ranking,0.53,449,207,4466,878,0.035929078014184386,-0.6570921985815603,0.0,True,True,same probability ranker as V2 locked manual-review policy,False,Best EBM/monotonic model: Monotonic LightGBM,3
taiwan,heldout_test_diagnostic,Best CatBoost probability ranking,0.53,449,207,4466,878,0.035929078014184386,-0.6570921985815603,0.0,True,True,,False,Best EBM/monotonic model: Monotonic LightGBM,3
taiwan,heldout_test_diagnostic,Best Scorecard probability ranking,0.53,440,212,4461,887,0.03348936170212765,-0.6570921985815603,0.0,True,True,,False,Best EBM/monotonic model: Monotonic LightGBM,7
taiwan,heldout_test_diagnostic,Best literature reproduction model,0.53,443,204,4469,884,0.03549290780141843,-0.6570921985815603,0.0,True,True,Best literature reproduction: XGBoost no resampling proxy,False,Best EBM/monotonic model: Monotonic LightGBM,5
taiwan,heldout_test_diagnostic,SCRE-Optimized probability ranking,0.53,442,200,4473,885,0.03607801418439716,-0.6570921985815603,0.0,True,True,weights renormalized over available components,False,Best EBM/monotonic model: Monotonic LightGBM,2
taiwan,heldout_test_diagnostic,SCRE-Pareto probability ranking,0.53,437,199,4474,890,0.03543262411347518,-0.6570921985815603,0.0,True,True,weights renormalized over available components,False,Best EBM/monotonic model: Monotonic LightGBM,6
taiwan,heldout_test_diagnostic,Best EBM/monotonic model: Monotonic LightGBM,0.53,470,222,4451,857,0.036609929078014185,-0.6570921985815603,0.0,True,True,,False,Best EBM/monotonic model: Monotonic LightGBM,1
taiwan,heldout_test_diagnostic,V2 final locked policy ranking,0.54,440,198,4475,887,0.03459420289855072,-0.6931159420289854,0.0,True,True,same probability ranker as V2 locked manual-review policy,False,Best EBM/monotonic model: Monotonic LightGBM,3
taiwan,heldout_test_diagnostic,Best CatBoost probability ranking,0.54,440,198,4475,887,0.03459420289855072,-0.6931159420289854,0.0,True,True,,False,Best EBM/monotonic model: Monotonic LightGBM,3
taiwan,heldout_test_diagnostic,Best Scorecard probability ranking,0.54,430,204,4469,897,0.03175362318840579,-0.6931159420289854,0.0,True,True,,False,Best EBM/monotonic model: Monotonic LightGBM,7
taiwan,heldout_test_diagnostic,Best literature reproduction model,0.54,439,201,4472,888,0.033840579710144925,-0.6931159420289854,0.0,True,True,Best literature reproduction: XGBoost no resampling proxy,False,Best EBM/monotonic model: Monotonic LightGBM,6
taiwan,heldout_test_diagnostic,SCRE-Optimized probability ranking,0.54,438,195,4478,889,0.03484782608695651,-0.6931159420289854,0.0,True,True,weights renormalized over available components,False,Best EBM/monotonic model: Monotonic LightGBM,2
taiwan,heldout_test_diagnostic,SCRE-Pareto probability ranking,0.54,429,192,4481,898,0.03393478260869564,-0.6931159420289854,0.0,True,True,weights renormalized over available components,False,Best EBM/monotonic model: Monotonic LightGBM,5
taiwan,heldout_test_diagnostic,Best EBM/monotonic model: Monotonic LightGBM,0.54,464,214,4459,863,0.035463768115942026,-0.6931159420289854,0.0,True,True,,False,Best EBM/monotonic model: Monotonic LightGBM,1
taiwan,heldout_test_diagnostic,V2 final locked policy ranking,0.55,436,192,4481,891,0.03355555555555555,-0.7307407407407409,0.0,True,True,same probability ranker as V2 locked manual-review policy,False,Best EBM/monotonic model: Monotonic LightGBM,2
taiwan,heldout_test_diagnostic,Best CatBoost probability ranking,0.55,436,192,4481,891,0.03355555555555555,-0.7307407407407409,0.0,True,True,,False,Best EBM/monotonic model: Monotonic LightGBM,2
taiwan,heldout_test_diagnostic,Best Scorecard probability ranking,0.55,425,197,4476,902,0.03070370370370369,-0.7307407407407409,0.0,True,True,,False,Best EBM/monotonic model: Monotonic LightGBM,7
taiwan,heldout_test_diagnostic,Best literature reproduction model,0.55,426,189,4484,901,0.03249999999999998,-0.7307407407407409,0.0,True,True,Best literature reproduction: XGBoost no resampling proxy,False,Best EBM/monotonic model: Monotonic LightGBM,6
taiwan,heldout_test_diagnostic,SCRE-Optimized probability ranking,0.55,433,192,4481,894,0.033055555555555546,-0.7307407407407409,0.0,True,True,weights renormalized over available components,False,Best EBM/monotonic model: Monotonic LightGBM,4
taiwan,heldout_test_diagnostic,SCRE-Pareto probability ranking,0.55,420,183,4490,907,0.03272222222222222,-0.7307407407407409,0.0,True,True,weights renormalized over available components,False,Best EBM/monotonic model: Monotonic LightGBM,5
taiwan,heldout_test_diagnostic,Best EBM/monotonic model: Monotonic LightGBM,0.55,454,206,4467,873,0.03370370370370369,-0.7307407407407409,0.0,True,True,,False,Best EBM/monotonic model: Monotonic LightGBM,1
taiwan,heldout_test_diagnostic,V2 final locked policy ranking,0.56,429,191,4482,898,0.030984848484848476,-0.7700757575757577,0.0,True,True,same probability ranker as V2 locked manual-review policy,False,SCRE-Pareto probability ranking,5
taiwan,heldout_test_diagnostic,Best CatBoost probability ranking,0.56,429,191,4482,898,0.030984848484848476,-0.7700757575757577,0.0,True,True,,False,SCRE-Pareto probability ranking,5
taiwan,heldout_test_diagnostic,Best Scorecard probability ranking,0.56,418,194,4479,909,0.028515151515151514,-0.7700757575757577,0.0,True,True,,False,SCRE-Pareto probability ranking,7
taiwan,heldout_test_diagnostic,Best literature reproduction model,0.56,418,180,4493,909,0.031484848484848484,-0.7700757575757577,0.0,True,True,Best literature reproduction: XGBoost no resampling proxy,False,SCRE-Pareto probability ranking,3
taiwan,heldout_test_diagnostic,SCRE-Optimized probability ranking,0.56,423,184,4489,904,0.03146969696969696,-0.7700757575757577,0.0,True,True,weights renormalized over available components,False,SCRE-Pareto probability ranking,4
taiwan,heldout_test_diagnostic,SCRE-Pareto probability ranking,0.56,411,174,4499,916,0.031590909090909086,-0.7700757575757577,0.0,True,True,weights renormalized over available components,False,SCRE-Pareto probability ranking,1
taiwan,heldout_test_diagnostic,Best EBM/monotonic model: Monotonic LightGBM,0.56,444,200,4473,883,0.03157575757575756,-0.7700757575757577,0.0,True,True,,False,SCRE-Pareto probability ranking,2
taiwan,heldout_test_diagnostic,V2 final locked policy ranking,0.57,415,179,4494,912,0.0296201550387597,-0.811240310077519,0.0,True,True,same probability ranker as V2 locked manual-review policy,False,SCRE-Pareto probability ranking,2
taiwan,heldout_test_diagnostic,Best CatBoost probability ranking,0.57,415,179,4494,912,0.0296201550387597,-0.811240310077519,0.0,True,True,,False,SCRE-Pareto probability ranking,2
taiwan,heldout_test_diagnostic,Best Scorecard probability ranking,0.57,408,191,4482,919,0.025802325581395363,-0.811240310077519,0.0,True,True,,False,SCRE-Pareto probability ranking,7
taiwan,heldout_test_diagnostic,Best literature reproduction model,0.57,405,173,4500,922,0.029279069767441872,-0.811240310077519,0.0,True,True,Best literature reproduction: XGBoost no resampling proxy,False,SCRE-Pareto probability ranking,6
taiwan,heldout_test_diagnostic,SCRE-Optimized probability ranking,0.57,412,177,4496,915,0.02956201550387598,-0.811240310077519,0.0,True,True,weights renormalized over available components,False,SCRE-Pareto probability ranking,4
taiwan,heldout_test_diagnostic,SCRE-Pareto probability ranking,0.57,405,167,4506,922,0.030604651162790708,-0.811240310077519,0.0,True,True,weights renormalized over available components,False,SCRE-Pareto probability ranking,1
taiwan,heldout_test_diagnostic,Best EBM/monotonic model: Monotonic LightGBM,0.57,434,194,4479,893,0.029472868217054277,-0.811240310077519,0.0,True,True,,False,SCRE-Pareto probability ranking,5
taiwan,heldout_test_diagnostic,V2 final locked policy ranking,0.58,408,175,4498,919,0.02772222222222223,-0.854365079365079,0.0,True,True,same probability ranker as V2 locked manual-review policy,False,SCRE-Optimized probability ranking,5
taiwan,heldout_test_diagnostic,Best CatBoost probability ranking,0.58,408,175,4498,919,0.02772222222222223,-0.854365079365079,0.0,True,True,,False,SCRE-Optimized probability ranking,5
taiwan,heldout_test_diagnostic,Best Scorecard probability ranking,0.58,399,185,4488,928,0.023920634920634933,-0.854365079365079,0.0,True,True,,False,SCRE-Optimized probability ranking,7
taiwan,heldout_test_diagnostic,Best literature reproduction model,0.58,386,159,4514,941,0.02773809523809525,-0.854365079365079,0.0,True,True,Best literature reproduction: XGBoost no resampling proxy,False,SCRE-Optimized probability ranking,4
taiwan,heldout_test_diagnostic,SCRE-Optimized probability ranking,0.58,405,169,4504,922,0.028603174603174616,-0.854365079365079,0.0,True,True,weights renormalized over available components,False,SCRE-Optimized probability ranking,1
taiwan,heldout_test_diagnostic,SCRE-Pareto probability ranking,0.58,395,164,4509,932,0.028087301587301584,-0.854365079365079,0.0,True,True,weights renormalized over available components,False,SCRE-Optimized probability ranking,3
taiwan,heldout_test_diagnostic,Best EBM/monotonic model: Monotonic LightGBM,0.58,426,185,4488,901,0.028420634920634923,-0.854365079365079,0.0,True,True,,False,SCRE-Optimized probability ranking,2
taiwan,heldout_test_diagnostic,V2 final locked policy ranking,0.59,406,174,4499,921,0.0259349593495935,-0.899593495934959,0.0,True,True,same probability ranker as V2 locked manual-review policy,False,SCRE-Optimized probability ranking,5
taiwan,heldout_test_diagnostic,Best CatBoost probability ranking,0.59,406,174,4499,921,0.0259349593495935,-0.899593495934959,0.0,True,True,,False,SCRE-Optimized probability ranking,5
taiwan,heldout_test_diagnostic,Best Scorecard probability ranking,0.59,389,173,4500,938,0.02334146341463416,-0.899593495934959,0.0,True,True,,False,SCRE-Optimized probability ranking,7
taiwan,heldout_test_diagnostic,Best literature reproduction model,0.59,378,152,4521,949,0.026544715447154477,-0.899593495934959,0.0,True,True,Best literature reproduction: XGBoost no resampling proxy,False,SCRE-Optimized probability ranking,4
taiwan,heldout_test_diagnostic,SCRE-Optimized probability ranking,0.59,399,161,4512,928,0.02788617886178863,-0.899593495934959,0.0,True,True,weights renormalized over available components,False,SCRE-Optimized probability ranking,1
taiwan,heldout_test_diagnostic,SCRE-Pareto probability ranking,0.59,385,153,4520,942,0.02747154471544716,-0.899593495934959,0.0,True,True,weights renormalized over available components,False,SCRE-Optimized probability ranking,2
taiwan,heldout_test_diagnostic,Best EBM/monotonic model: Monotonic LightGBM,0.59,415,175,4498,912,0.027195121951219522,-0.899593495934959,0.0,True,True,,False,SCRE-Optimized probability ranking,3
taiwan,heldout_test_diagnostic,V2 final locked policy ranking,0.6,403,172,4501,924,0.02416666666666667,-0.947083333333333,0.0,True,True,same probability ranker as V2 locked manual-review policy,False,Best literature reproduction model,5
taiwan,heldout_test_diagnostic,Best CatBoost probability ranking,0.6,403,172,4501,924,0.02416666666666667,-0.947083333333333,0.0,True,True,,False,Best literature reproduction model,5
taiwan,heldout_test_diagnostic,Best Scorecard probability ranking,0.6,377,167,4506,950,0.021083333333333343,-0.947083333333333,0.0,True,True,,False,Best literature reproduction model,7
taiwan,heldout_test_diagnostic,Best literature reproduction model,0.6,348,126,4547,979,0.026500000000000003,-0.947083333333333,0.0,True,True,Best literature reproduction: XGBoost no resampling proxy,False,Best literature reproduction model,1
taiwan,heldout_test_diagnostic,SCRE-Optimized probability ranking,0.6,387,154,4519,940,0.02600000000000001,-0.947083333333333,0.0,True,True,weights renormalized over available components,False,Best literature reproduction model,3
taiwan,heldout_test_diagnostic,SCRE-Pareto probability ranking,0.6,371,142,4531,956,0.02633333333333334,-0.947083333333333,0.0,True,True,weights renormalized over available components,False,Best literature reproduction model,2
taiwan,heldout_test_diagnostic,Best EBM/monotonic model: Monotonic LightGBM,0.6,405,167,4506,922,0.02575000000000001,-0.947083333333333,0.0,True,True,,False,Best literature reproduction model,4
taiwan,heldout_test_diagnostic,V2 final locked policy ranking,0.61,380,155,4518,947,0.022927350427350432,-0.9970085470085468,0.0,True,True,same probability ranker as V2 locked manual-review policy,False,SCRE-Optimized probability ranking,5
taiwan,heldout_test_diagnostic,Best CatBoost probability ranking,0.61,380,155,4518,947,0.022927350427350432,-0.9970085470085468,0.0,True,True,,False,SCRE-Optimized probability ranking,5
taiwan,heldout_test_diagnostic,Best Scorecard probability ranking,0.61,369,158,4515,958,0.02031196581196581,-0.9970085470085468,0.0,True,True,,False,SCRE-Optimized probability ranking,7
taiwan,heldout_test_diagnostic,Best literature reproduction model,0.61,343,125,4548,984,0.024581196581196584,-0.9970085470085468,0.0,True,True,Best literature reproduction: XGBoost no resampling proxy,False,SCRE-Optimized probability ranking,2
taiwan,heldout_test_diagnostic,SCRE-Optimized probability ranking,0.61,371,139,4534,956,0.0255982905982906,-0.9970085470085468,0.0,True,True,weights renormalized over available components,False,SCRE-Optimized probability ranking,1
taiwan,heldout_test_diagnostic,SCRE-Pareto probability ranking,0.61,350,132,4541,977,0.02392307692307693,-0.9970085470085468,0.0,True,True,weights renormalized over available components,False,SCRE-Optimized probability ranking,3
taiwan,heldout_test_diagnostic,Best EBM/monotonic model: Monotonic LightGBM,0.61,396,162,4511,931,0.02376923076923077,-0.9970085470085468,0.0,True,True,,False,SCRE-Optimized probability ranking,4
taiwan,heldout_test_diagnostic,V2 final locked policy ranking,0.62,365,145,4528,962,0.021403508771929827,-1.0495614035087717,0.0,True,True,same probability ranker as V2 locked manual-review policy,False,SCRE-Optimized probability ranking,4
taiwan,heldout_test_diagnostic,Best CatBoost probability ranking,0.62,365,145,4528,962,0.021403508771929827,-1.0495614035087717,0.0,True,True,,False,SCRE-Optimized probability ranking,4
taiwan,heldout_test_diagnostic,Best Scorecard probability ranking,0.62,350,148,4525,977,0.018087719298245618,-1.0495614035087717,0.0,True,True,,False,SCRE-Optimized probability ranking,7
taiwan,heldout_test_diagnostic,Best literature reproduction model,0.62,334,122,4551,993,0.022491228070175444,-1.0495614035087717,0.0,True,True,Best literature reproduction: XGBoost no resampling proxy,False,SCRE-Optimized probability ranking,2
taiwan,heldout_test_diagnostic,SCRE-Optimized probability ranking,0.62,354,129,4544,973,0.023921052631578947,-1.0495614035087717,0.0,True,True,weights renormalized over available components,False,SCRE-Optimized probability ranking,1
taiwan,heldout_test_diagnostic,SCRE-Pareto probability ranking,0.62,334,122,4551,993,0.022491228070175444,-1.0495614035087717,0.0,True,True,weights renormalized over available components,False,SCRE-Optimized probability ranking,2
taiwan,heldout_test_diagnostic,Best EBM/monotonic model: Monotonic LightGBM,0.62,379,156,4517,948,0.02074561403508772,-1.0495614035087717,0.0,True,True,,False,SCRE-Optimized probability ranking,6
taiwan,heldout_test_diagnostic,V2 final locked policy ranking,0.63,351,132,4541,976,0.021040540540540546,-1.1049549549549547,0.0,True,True,same probability ranker as V2 locked manual-review policy,False,SCRE-Optimized probability ranking,3
taiwan,heldout_test_diagnostic,Best CatBoost probability ranking,0.63,351,132,4541,976,0.021040540540540546,-1.1049549549549547,0.0,True,True,,False,SCRE-Optimized probability ranking,3
taiwan,heldout_test_diagnostic,Best Scorecard probability ranking,0.63,339,143,4530,988,0.015918918918918917,-1.1049549549549547,0.0,True,True,,False,SCRE-Optimized probability ranking,7
taiwan,heldout_test_diagnostic,Best literature reproduction model,0.63,322,117,4556,1005,0.020463963963963966,-1.1049549549549547,0.0,True,True,Best literature reproduction: XGBoost no resampling proxy,False,SCRE-Optimized probability ranking,5
taiwan,heldout_test_diagnostic,SCRE-Optimized probability ranking,0.63,339,121,4552,988,0.022162162162162165,-1.1049549549549547,0.0,True,True,weights renormalized over available components,False,SCRE-Optimized probability ranking,1
taiwan,heldout_test_diagnostic,SCRE-Pareto probability ranking,0.63,319,110,4563,1008,0.02195045045045045,-1.1049549549549547,0.0,True,True,weights renormalized over available components,False,SCRE-Optimized probability ranking,2
taiwan,heldout_test_diagnostic,Best EBM/monotonic model: Monotonic LightGBM,0.63,366,147,4526,961,0.01928378378378378,-1.1049549549549547,0.0,True,True,,False,SCRE-Optimized probability ranking,6
taiwan,heldout_test_diagnostic,V2 final locked policy ranking,0.64,341,126,4547,986,0.019499999999999997,-1.1634259259259259,0.0,True,True,same probability ranker as V2 locked manual-review policy,False,SCRE-Optimized probability ranking,3
taiwan,heldout_test_diagnostic,Best CatBoost probability ranking,0.64,341,126,4547,986,0.019499999999999997,-1.1634259259259259,0.0,True,True,,False,SCRE-Optimized probability ranking,3
taiwan,heldout_test_diagnostic,Best Scorecard probability ranking,0.64,323,132,4541,1004,0.01472222222222222,-1.1634259259259259,0.0,True,True,,False,SCRE-Optimized probability ranking,7
taiwan,heldout_test_diagnostic,Best literature reproduction model,0.64,311,110,4563,1016,0.01924074074074074,-1.1634259259259259,0.0,True,True,Best literature reproduction: XGBoost no resampling proxy,False,SCRE-Optimized probability ranking,5
taiwan,heldout_test_diagnostic,SCRE-Optimized probability ranking,0.64,323,113,4560,1004,0.020351851851851843,-1.1634259259259259,0.0,True,True,weights renormalized over available components,False,SCRE-Optimized probability ranking,1
taiwan,heldout_test_diagnostic,SCRE-Pareto probability ranking,0.64,300,101,4572,1027,0.020074074074074078,-1.1634259259259259,0.0,True,True,weights renormalized over available components,False,SCRE-Optimized probability ranking,2
taiwan,heldout_test_diagnostic,Best EBM/monotonic model: Monotonic LightGBM,0.64,351,140,4533,976,0.017018518518518516,-1.1634259259259259,0.0,True,True,,False,SCRE-Optimized probability ranking,6
taiwan,heldout_test_diagnostic,V2 final locked policy ranking,0.65,330,118,4555,997,0.018476190476190472,-1.2252380952380952,0.0,True,True,same probability ranker as V2 locked manual-review policy,False,SCRE-Pareto probability ranking,3
taiwan,heldout_test_diagnostic,Best CatBoost probability ranking,0.65,330,118,4555,997,0.018476190476190472,-1.2252380952380952,0.0,True,True,,False,SCRE-Pareto probability ranking,3
taiwan,heldout_test_diagnostic,Best Scorecard probability ranking,0.65,306,118,4555,1021,0.014476190476190469,-1.2252380952380952,0.0,True,True,,False,SCRE-Pareto probability ranking,6
taiwan,heldout_test_diagnostic,Best literature reproduction model,0.65,297,103,4570,1030,0.017619047619047618,-1.2252380952380952,0.0,True,True,Best literature reproduction: XGBoost no resampling proxy,False,SCRE-Pareto probability ranking,5
taiwan,heldout_test_diagnostic,SCRE-Optimized probability ranking,0.65,301,102,4571,1026,0.01859523809523809,-1.2252380952380952,0.0,True,True,weights renormalized over available components,False,SCRE-Pareto probability ranking,2
taiwan,heldout_test_diagnostic,SCRE-Pareto probability ranking,0.65,288,93,4580,1039,0.01921428571428571,-1.2252380952380952,0.0,True,True,weights renormalized over available components,False,SCRE-Pareto probability ranking,1
taiwan,heldout_test_diagnostic,Best EBM/monotonic model: Monotonic LightGBM,0.65,335,134,4539,992,0.014357142857142846,-1.2252380952380952,0.0,True,True,,False,SCRE-Pareto probability ranking,7
taiwan,heldout_test_diagnostic,V2 final locked policy ranking,0.66,317,105,4568,1010,0.01886274509803921,-1.2906862745098038,0.0,True,True,same probability ranker as V2 locked manual-review policy,False,V2 final locked policy ranking; Best CatBoost probability ranking,1
taiwan,heldout_test_diagnostic,Best CatBoost probability ranking,0.66,317,105,4568,1010,0.01886274509803921,-1.2906862745098038,0.0,True,True,,False,V2 final locked policy ranking; Best CatBoost probability ranking,1
taiwan,heldout_test_diagnostic,Best Scorecard probability ranking,0.66,293,111,4562,1034,0.012921568627450974,-1.2906862745098038,0.0,True,True,,False,V2 final locked policy ranking; Best CatBoost probability ranking,7
taiwan,heldout_test_diagnostic,Best literature reproduction model,0.66,287,93,4580,1040,0.01774509803921568,-1.2906862745098038,0.0,True,True,Best literature reproduction: XGBoost no resampling proxy,False,V2 final locked policy ranking; Best CatBoost probability ranking,4
taiwan,heldout_test_diagnostic,SCRE-Optimized probability ranking,0.66,288,95,4578,1039,0.017264705882352935,-1.2906862745098038,0.0,True,True,weights renormalized over available components,False,V2 final locked policy ranking; Best CatBoost probability ranking,5
taiwan,heldout_test_diagnostic,SCRE-Pareto probability ranking,0.66,272,83,4590,1055,0.018480392156862747,-1.2906862745098038,0.0,True,True,weights renormalized over available components,False,V2 final locked policy ranking; Best CatBoost probability ranking,3
taiwan,heldout_test_diagnostic,Best EBM/monotonic model: Monotonic LightGBM,0.66,324,126,4547,1003,0.013235294117647053,-1.2906862745098038,0.0,True,True,,False,V2 final locked policy ranking; Best CatBoost probability ranking,6
taiwan,heldout_test_diagnostic,V2 final locked policy ranking,0.67,305,99,4574,1022,0.017333333333333326,-1.3601010101010103,0.0,True,True,same probability ranker as V2 locked manual-review policy,False,V2 final locked policy ranking; Best CatBoost probability ranking,1
taiwan,heldout_test_diagnostic,Best CatBoost probability ranking,0.67,305,99,4574,1022,0.017333333333333326,-1.3601010101010103,0.0,True,True,,False,V2 final locked policy ranking; Best CatBoost probability ranking,1
taiwan,heldout_test_diagnostic,Best Scorecard probability ranking,0.67,278,103,4570,1049,0.011479797979797972,-1.3601010101010103,0.0,True,True,,False,V2 final locked policy ranking; Best CatBoost probability ranking,7
taiwan,heldout_test_diagnostic,Best literature reproduction model,0.67,279,90,4583,1048,0.01604545454545454,-1.3601010101010103,0.0,True,True,Best literature reproduction: XGBoost no resampling proxy,False,V2 final locked policy ranking; Best CatBoost probability ranking,4
taiwan,heldout_test_diagnostic,SCRE-Optimized probability ranking,0.67,278,86,4587,1049,0.017232323232323224,-1.3601010101010103,0.0,True,True,weights renormalized over available components,False,V2 final locked policy ranking; Best CatBoost probability ranking,3
taiwan,heldout_test_diagnostic,SCRE-Pareto probability ranking,0.67,249,76,4597,1078,0.01578282828282828,-1.3601010101010103,0.0,True,True,weights renormalized over available components,False,V2 final locked policy ranking; Best CatBoost probability ranking,5
taiwan,heldout_test_diagnostic,Best EBM/monotonic model: Monotonic LightGBM,0.67,303,115,4558,1024,0.011585858585858581,-1.3601010101010103,0.0,True,True,,False,V2 final locked policy ranking; Best CatBoost probability ranking,6
taiwan,heldout_test_diagnostic,V2 final locked policy ranking,0.68,286,91,4582,1041,0.015437499999999993,-1.4338541666666669,0.0,True,True,same probability ranker as V2 locked manual-review policy,False,SCRE-Pareto probability ranking,3
taiwan,heldout_test_diagnostic,Best CatBoost probability ranking,0.68,286,91,4582,1041,0.015437499999999993,-1.4338541666666669,0.0,True,True,,False,SCRE-Pareto probability ranking,3
taiwan,heldout_test_diagnostic,Best Scorecard probability ranking,0.68,269,95,4578,1058,0.011187499999999996,-1.4338541666666669,0.0,True,True,,False,SCRE-Pareto probability ranking,6
taiwan,heldout_test_diagnostic,Best literature reproduction model,0.68,260,84,4589,1067,0.01358333333333333,-1.4338541666666669,0.0,True,True,Best literature reproduction: XGBoost no resampling proxy,False,SCRE-Pareto probability ranking,5
taiwan,heldout_test_diagnostic,SCRE-Optimized probability ranking,0.68,262,79,4594,1065,0.015687499999999993,-1.4338541666666669,0.0,True,True,weights renormalized over available components,False,SCRE-Pareto probability ranking,2
taiwan,heldout_test_diagnostic,SCRE-Pareto probability ranking,0.68,235,66,4607,1092,0.015791666666666666,-1.4338541666666669,0.0,True,True,weights renormalized over available components,False,SCRE-Pareto probability ranking,1
taiwan,heldout_test_diagnostic,Best EBM/monotonic model: Monotonic LightGBM,0.68,290,108,4565,1037,0.010083333333333326,-1.4338541666666669,0.0,True,True,,False,SCRE-Pareto probability ranking,7
taiwan,heldout_test_diagnostic,V2 final locked policy ranking,0.69,269,87,4586,1058,0.012559139784946244,-1.5123655913978487,0.0,True,True,same probability ranker as V2 locked manual-review policy,False,SCRE-Pareto probability ranking,3
taiwan,heldout_test_diagnostic,Best CatBoost probability ranking,0.69,269,87,4586,1058,0.012559139784946244,-1.5123655913978487,0.0,True,True,,False,SCRE-Pareto probability ranking,3
taiwan,heldout_test_diagnostic,Best Scorecard probability ranking,0.69,251,85,4588,1076,0.010301075268817218,-1.5123655913978487,0.0,True,True,,False,SCRE-Pareto probability ranking,6
taiwan,heldout_test_diagnostic,Best literature reproduction model,0.69,239,75,4598,1088,0.012010752688172047,-1.5123655913978487,0.0,True,True,Best literature reproduction: XGBoost no resampling proxy,False,SCRE-Pareto probability ranking,5
taiwan,heldout_test_diagnostic,SCRE-Optimized probability ranking,0.69,245,72,4601,1082,0.0141236559139785,-1.5123655913978487,0.0,True,True,weights renormalized over available components,False,SCRE-Pareto probability ranking,2
taiwan,heldout_test_diagnostic,SCRE-Pareto probability ranking,0.69,217,58,4615,1110,0.014650537634408607,-1.5123655913978487,0.0,True,True,weights renormalized over available components,False,SCRE-Pareto probability ranking,1
taiwan,heldout_test_diagnostic,Best EBM/monotonic model: Monotonic LightGBM,0.69,273,98,4575,1054,0.009145161290322591,-1.5123655913978487,0.0,True,True,,False,SCRE-Pareto probability ranking,7
taiwan,heldout_test_diagnostic,V2 final locked policy ranking,0.7,256,80,4593,1071,0.011555555555555555,-1.5961111111111106,0.0,True,True,same probability ranker as V2 locked manual-review policy,False,SCRE-Optimized probability ranking,3
taiwan,heldout_test_diagnostic,Best CatBoost probability ranking,0.7,256,80,4593,1071,0.011555555555555555,-1.5961111111111106,0.0,True,True,,False,SCRE-Optimized probability ranking,3
taiwan,heldout_test_diagnostic,Best Scorecard probability ranking,0.7,234,79,4594,1093,0.00827777777777778,-1.5961111111111106,0.0,True,True,,False,SCRE-Optimized probability ranking,7
taiwan,heldout_test_diagnostic,Best literature reproduction model,0.7,235,73,4600,1092,0.010777777777777785,-1.5961111111111106,0.0,True,True,Best literature reproduction: XGBoost no resampling proxy,False,SCRE-Optimized probability ranking,5
taiwan,heldout_test_diagnostic,SCRE-Optimized probability ranking,0.7,227,63,4610,1100,0.013333333333333332,-1.5961111111111106,0.0,True,True,weights renormalized over available components,False,SCRE-Optimized probability ranking,1
taiwan,heldout_test_diagnostic,SCRE-Pareto probability ranking,0.7,202,53,4620,1125,0.013055555555555556,-1.5961111111111106,0.0,True,True,weights renormalized over available components,False,SCRE-Optimized probability ranking,2
taiwan,heldout_test_diagnostic,Best EBM/monotonic model: Monotonic LightGBM,0.7,262,88,4585,1065,0.00944444444444445,-1.5961111111111106,0.0,True,True,,False,SCRE-Optimized probability ranking,6
taiwan,heldout_test_diagnostic,V2 final locked policy ranking,0.71,247,70,4603,1080,0.012603448275862069,-1.6856321839080455,0.0,True,True,same probability ranker as V2 locked manual-review policy,False,SCRE-Optimized probability ranking,2
taiwan,heldout_test_diagnostic,Best CatBoost probability ranking,0.71,247,70,4603,1080,0.012603448275862069,-1.6856321839080455,0.0,True,True,,False,SCRE-Optimized probability ranking,2
taiwan,heldout_test_diagnostic,Best Scorecard probability ranking,0.71,216,63,4610,1111,0.010293103448275859,-1.6856321839080455,0.0,True,True,,False,SCRE-Optimized probability ranking,5
taiwan,heldout_test_diagnostic,Best literature reproduction model,0.71,209,62,4611,1118,0.009534482758620694,-1.6856321839080455,0.0,True,True,Best literature reproduction: XGBoost no resampling proxy,False,SCRE-Optimized probability ranking,6
taiwan,heldout_test_diagnostic,SCRE-Optimized probability ranking,0.71,211,54,4619,1116,0.01313218390804598,-1.6856321839080455,0.0,True,True,weights renormalized over available components,False,SCRE-Optimized probability ranking,1
taiwan,heldout_test_diagnostic,SCRE-Pareto probability ranking,0.71,172,44,4629,1155,0.01071264367816092,-1.6856321839080455,0.0,True,True,weights renormalized over available components,False,SCRE-Optimized probability ranking,4
taiwan,heldout_test_diagnostic,Best EBM/monotonic model: Monotonic LightGBM,0.71,243,77,4596,1084,0.009080459770114943,-1.6856321839080455,0.0,True,True,,False,SCRE-Optimized probability ranking,7
taiwan,heldout_test_diagnostic,V2 final locked policy ranking,0.72,223,58,4615,1104,0.012309523809523812,-1.7815476190476185,0.0,True,True,same probability ranker as V2 locked manual-review policy,False,V2 final locked policy ranking; Best CatBoost probability ranking,1
taiwan,heldout_test_diagnostic,Best CatBoost probability ranking,0.72,223,58,4615,1104,0.012309523809523812,-1.7815476190476185,0.0,True,True,,False,V2 final locked policy ranking; Best CatBoost probability ranking,1
taiwan,heldout_test_diagnostic,Best Scorecard probability ranking,0.72,199,59,4614,1128,0.00788095238095238,-1.7815476190476185,0.0,True,True,,False,V2 final locked policy ranking; Best CatBoost probability ranking,7
taiwan,heldout_test_diagnostic,Best literature reproduction model,0.72,198,56,4617,1129,0.009000000000000001,-1.7815476190476185,0.0,True,True,Best literature reproduction: XGBoost no resampling proxy,False,V2 final locked policy ranking; Best CatBoost probability ranking,5
taiwan,heldout_test_diagnostic,SCRE-Optimized probability ranking,0.72,192,46,4627,1135,0.012285714285714289,-1.7815476190476185,0.0,True,True,weights renormalized over available components,False,V2 final locked policy ranking; Best CatBoost probability ranking,3
taiwan,heldout_test_diagnostic,SCRE-Pareto probability ranking,0.72,147,36,4637,1180,0.009071428571428574,-1.7815476190476185,0.0,True,True,weights renormalized over available components,False,V2 final locked policy ranking; Best CatBoost probability ranking,4
taiwan,heldout_test_diagnostic,Best EBM/monotonic model: Monotonic LightGBM,0.72,230,70,4603,1097,0.008333333333333331,-1.7815476190476185,0.0,True,True,,False,V2 final locked policy ranking; Best CatBoost probability ranking,6
taiwan,heldout_test_diagnostic,V2 final locked policy ranking,0.73,203,55,4618,1124,0.009049382716049388,-1.8845679012345673,0.0,True,True,same probability ranker as V2 locked manual-review policy,False,SCRE-Optimized probability ranking,2
taiwan,heldout_test_diagnostic,Best CatBoost probability ranking,0.73,203,55,4618,1124,0.009049382716049388,-1.8845679012345673,0.0,True,True,,False,SCRE-Optimized probability ranking,2
taiwan,heldout_test_diagnostic,Best Scorecard probability ranking,0.73,180,52,4621,1147,0.006567901234567904,-1.8845679012345673,0.0,True,True,,False,SCRE-Optimized probability ranking,7
taiwan,heldout_test_diagnostic,Best literature reproduction model,0.73,192,51,4622,1135,0.00901851851851852,-1.8845679012345673,0.0,True,True,Best literature reproduction: XGBoost no resampling proxy,False,SCRE-Optimized probability ranking,4
taiwan,heldout_test_diagnostic,SCRE-Optimized probability ranking,0.73,169,36,4637,1158,0.011944444444444445,-1.8845679012345673,0.0,True,True,weights renormalized over available components,False,SCRE-Optimized probability ranking,1
taiwan,heldout_test_diagnostic,SCRE-Pareto probability ranking,0.73,129,30,4643,1198,0.007981481481481482,-1.8845679012345673,0.0,True,True,weights renormalized over available components,False,SCRE-Optimized probability ranking,5
taiwan,heldout_test_diagnostic,Best EBM/monotonic model: Monotonic LightGBM,0.73,213,64,4609,1114,0.006660493827160496,-1.8845679012345673,0.0,True,True,,False,SCRE-Optimized probability ranking,6
taiwan,heldout_test_diagnostic,V2 final locked policy ranking,0.74,196,50,4623,1131,0.00894871794871795,-1.9955128205128199,0.0,True,True,same probability ranker as V2 locked manual-review policy,False,Best literature reproduction model,2
taiwan,heldout_test_diagnostic,Best CatBoost probability ranking,0.74,196,50,4623,1131,0.00894871794871795,-1.9955128205128199,0.0,True,True,,False,Best literature reproduction model,2
taiwan,heldout_test_diagnostic,Best Scorecard probability ranking,0.74,164,46,4627,1163,0.005512820512820517,-1.9955128205128199,0.0,True,True,,False,Best literature reproduction model,7
taiwan,heldout_test_diagnostic,Best literature reproduction model,0.74,171,40,4633,1156,0.009525641025641029,-1.9955128205128199,0.0,True,True,Best literature reproduction: XGBoost no resampling proxy,False,Best literature reproduction model,1
taiwan,heldout_test_diagnostic,SCRE-Optimized probability ranking,0.74,140,31,4642,1187,0.00862820512820513,-1.9955128205128199,0.0,True,True,weights renormalized over available components,False,Best literature reproduction model,4
taiwan,heldout_test_diagnostic,SCRE-Pareto probability ranking,0.74,111,22,4651,1216,0.008064102564102565,-1.9955128205128199,0.0,True,True,weights renormalized over available components,False,Best literature reproduction model,5
taiwan,heldout_test_diagnostic,Best EBM/monotonic model: Monotonic LightGBM,0.74,199,54,4619,1128,0.007551282051282054,-1.9955128205128199,0.0,True,True,,False,Best literature reproduction model,6
taiwan,heldout_test_diagnostic,V2 final locked policy ranking,0.75,177,40,4633,1150,0.009499999999999998,-2.1153333333333335,0.0,True,True,same probability ranker as V2 locked manual-review policy,False,Best literature reproduction model,2
taiwan,heldout_test_diagnostic,Best CatBoost probability ranking,0.75,177,40,4633,1150,0.009499999999999998,-2.1153333333333335,0.0,True,True,,False,Best literature reproduction model,2
taiwan,heldout_test_diagnostic,Best Scorecard probability ranking,0.75,150,40,4633,1177,0.005000000000000001,-2.1153333333333335,0.0,True,True,,False,Best literature reproduction model,7
taiwan,heldout_test_diagnostic,Best literature reproduction model,0.75,167,36,4637,1160,0.009833333333333333,-2.1153333333333335,0.0,True,True,Best literature reproduction: XGBoost no resampling proxy,False,Best literature reproduction model,1
taiwan,heldout_test_diagnostic,SCRE-Optimized probability ranking,0.75,121,22,4651,1206,0.009166666666666667,-2.1153333333333335,0.0,True,True,weights renormalized over available components,False,Best literature reproduction model,4
taiwan,heldout_test_diagnostic,SCRE-Pareto probability ranking,0.75,92,15,4658,1235,0.007833333333333333,-2.1153333333333335,0.0,True,True,weights renormalized over available components,False,Best literature reproduction model,5
taiwan,heldout_test_diagnostic,Best EBM/monotonic model: Monotonic LightGBM,0.75,180,49,4624,1147,0.005500000000000001,-2.1153333333333335,0.0,True,True,,False,Best literature reproduction model,6
taiwan,heldout_test_diagnostic,V2 final locked policy ranking,0.76,161,35,4638,1166,0.00836111111111111,-2.245138888888889,0.0,True,True,same probability ranker as V2 locked manual-review policy,False,SCRE-Optimized probability ranking,2
taiwan,heldout_test_diagnostic,Best CatBoost probability ranking,0.76,161,35,4638,1166,0.00836111111111111,-2.245138888888889,0.0,True,True,,False,SCRE-Optimized probability ranking,2
taiwan,heldout_test_diagnostic,Best Scorecard probability ranking,0.76,140,34,4639,1187,0.0053888888888888875,-2.245138888888889,0.0,True,True,,False,SCRE-Optimized probability ranking,6
taiwan,heldout_test_diagnostic,Best literature reproduction model,0.76,138,30,4643,1189,0.007166666666666665,-2.245138888888889,0.0,True,True,Best literature reproduction: XGBoost no resampling proxy,False,SCRE-Optimized probability ranking,5
taiwan,heldout_test_diagnostic,SCRE-Optimized probability ranking,0.76,98,15,4658,1229,0.008416666666666664,-2.245138888888889,0.0,True,True,weights renormalized over available components,False,SCRE-Optimized probability ranking,1
taiwan,heldout_test_diagnostic,SCRE-Pareto probability ranking,0.76,73,9,4664,1254,0.007416666666666665,-2.245138888888889,0.0,True,True,weights renormalized over available components,False,SCRE-Optimized probability ranking,4
taiwan,heldout_test_diagnostic,Best EBM/monotonic model: Monotonic LightGBM,0.76,157,45,4628,1170,0.0024166666666666677,-2.245138888888889,0.0,True,True,,False,SCRE-Optimized probability ranking,7
taiwan,heldout_test_diagnostic,V2 final locked policy ranking,0.77,148,30,4643,1179,0.007927536231884056,-2.3862318840579713,0.0,True,True,same probability ranker as V2 locked manual-review policy,False,Best literature reproduction model,2
taiwan,heldout_test_diagnostic,Best CatBoost probability ranking,0.77,148,30,4643,1179,0.007927536231884056,-2.3862318840579713,0.0,True,True,,False,Best literature reproduction model,2
taiwan,heldout_test_diagnostic,Best Scorecard probability ranking,0.77,122,30,4643,1205,0.003594202898550721,-2.3862318840579713,0.0,True,True,,False,Best literature reproduction model,6
taiwan,heldout_test_diagnostic,Best literature reproduction model,0.77,115,20,4653,1212,0.008007246376811591,-2.3862318840579713,0.0,True,True,Best literature reproduction: XGBoost no resampling proxy,False,Best literature reproduction model,1
taiwan,heldout_test_diagnostic,SCRE-Optimized probability ranking,0.77,72,9,4664,1255,0.006978260869565218,-2.3862318840579713,0.0,True,True,weights renormalized over available components,False,Best literature reproduction model,5
taiwan,heldout_test_diagnostic,SCRE-Pareto probability ranking,0.77,59,5,4668,1268,0.007043478260869564,-2.3862318840579713,0.0,True,True,weights renormalized over available components,False,Best literature reproduction model,4
taiwan,heldout_test_diagnostic,Best EBM/monotonic model: Monotonic LightGBM,0.77,143,39,4634,1184,0.0020724637681159425,-2.3862318840579713,0.0,True,True,,False,Best literature reproduction model,7
taiwan,heldout_test_diagnostic,V2 final locked policy ranking,0.78,99,15,4658,1228,0.007636363636363636,-2.5401515151515155,0.0,True,True,same probability ranker as V2 locked manual-review policy,False,V2 final locked policy ranking; Best CatBoost probability ranking,1
taiwan,heldout_test_diagnostic,Best CatBoost probability ranking,0.78,99,15,4658,1228,0.007636363636363636,-2.5401515151515155,0.0,True,True,,False,V2 final locked policy ranking; Best CatBoost probability ranking,1
taiwan,heldout_test_diagnostic,Best Scorecard probability ranking,0.78,109,26,4647,1218,0.0028030303030303037,-2.5401515151515155,0.0,True,True,,False,V2 final locked policy ranking; Best CatBoost probability ranking,7
taiwan,heldout_test_diagnostic,Best literature reproduction model,0.78,105,18,4655,1222,0.006863636363636363,-2.5401515151515155,0.0,True,True,Best literature reproduction: XGBoost no resampling proxy,False,V2 final locked policy ranking; Best CatBoost probability ranking,3
taiwan,heldout_test_diagnostic,SCRE-Optimized probability ranking,0.78,47,5,4668,1280,0.004878787878787878,-2.5401515151515155,0.0,True,True,weights renormalized over available components,False,V2 final locked policy ranking; Best CatBoost probability ranking,5
taiwan,heldout_test_diagnostic,SCRE-Pareto probability ranking,0.78,45,2,4671,1282,0.006318181818181818,-2.5401515151515155,0.0,True,True,weights renormalized over available components,False,V2 final locked policy ranking; Best CatBoost probability ranking,4
taiwan,heldout_test_diagnostic,Best EBM/monotonic model: Monotonic LightGBM,0.78,124,27,4646,1203,0.004712121212121213,-2.5401515151515155,0.0,True,True,,False,V2 final locked policy ranking; Best CatBoost probability ranking,6
taiwan,heldout_test_diagnostic,V2 final locked policy ranking,0.79,50,6,4667,1277,0.00457142857142857,-2.7087301587301593,0.0,True,True,same probability ranker as V2 locked manual-review policy,False,Best literature reproduction model,4
taiwan,heldout_test_diagnostic,Best CatBoost probability ranking,0.79,50,6,4667,1277,0.00457142857142857,-2.7087301587301593,0.0,True,True,,False,Best literature reproduction model,4
taiwan,heldout_test_diagnostic,Best Scorecard probability ranking,0.79,94,21,4652,1233,0.0024999999999999953,-2.7087301587301593,0.0,True,True,,False,Best literature reproduction model,7
taiwan,heldout_test_diagnostic,Best literature reproduction model,0.79,93,16,4657,1234,0.005468253968253966,-2.7087301587301593,0.0,True,True,Best literature reproduction: XGBoost no resampling proxy,False,Best literature reproduction model,1
taiwan,heldout_test_diagnostic,SCRE-Optimized probability ranking,0.79,35,2,4671,1292,0.004579365079365079,-2.7087301587301593,0.0,True,True,weights renormalized over available components,False,Best literature reproduction model,3
taiwan,heldout_test_diagnostic,SCRE-Pareto probability ranking,0.79,32,2,4671,1295,0.0040793650793650785,-2.7087301587301593,0.0,True,True,weights renormalized over available components,False,Best literature reproduction model,6
taiwan,heldout_test_diagnostic,Best EBM/monotonic model: Monotonic LightGBM,0.79,101,19,4654,1226,0.004920634920634917,-2.7087301587301593,0.0,True,True,,False,Best literature reproduction model,2
taiwan,heldout_test_diagnostic,V2 final locked policy ranking,0.8,24,4,4669,1303,0.001333333333333333,-2.8941666666666674,0.0,True,True,same probability ranker as V2 locked manual-review policy,False,Best literature reproduction model,5
taiwan,heldout_test_diagnostic,Best CatBoost probability ranking,0.8,24,4,4669,1303,0.001333333333333333,-2.8941666666666674,0.0,True,True,,False,Best literature reproduction model,5
taiwan,heldout_test_diagnostic,Best Scorecard probability ranking,0.8,80,19,4654,1247,0.0006666666666666644,-2.8941666666666674,0.0,True,True,,False,Best literature reproduction model,7
taiwan,heldout_test_diagnostic,Best literature reproduction model,0.8,62,6,4667,1265,0.006333333333333332,-2.8941666666666674,0.0,True,True,Best literature reproduction: XGBoost no resampling proxy,False,Best literature reproduction model,1
taiwan,heldout_test_diagnostic,SCRE-Optimized probability ranking,0.8,28,2,4671,1299,0.0033333333333333335,-2.8941666666666674,0.0,True,True,weights renormalized over available components,False,Best literature reproduction model,3
taiwan,heldout_test_diagnostic,SCRE-Pareto probability ranking,0.8,26,2,4671,1301,0.0029999999999999996,-2.8941666666666674,0.0,True,True,weights renormalized over available components,False,Best literature reproduction model,4
taiwan,heldout_test_diagnostic,Best EBM/monotonic model: Monotonic LightGBM,0.8,80,13,4660,1247,0.004666666666666666,-2.8941666666666674,0.0,True,True,,False,Best literature reproduction model,2
