file_path,exists,stage,row_count,column_count,purpose,contains_train_metrics,contains_validation_metrics,contains_test_metrics,contains_rank_or_winner,contains_audit_status,safe_for_main_report,safe_for_appendix,unsafe_reason,notes
data/interim/heloc_cleaned.csv,True,Data,9871,24,Dataset/model result,False,False,False,False,False,False,False,,Generated from current filesystem inventory.
data/interim/taiwan_cleaned.csv,True,Data,30000,25,Dataset/model result,False,False,False,False,False,False,False,,Generated from current filesystem inventory.
data/processed/heloc_model_ready.csv,True,Data,9871,32,Dataset/model result,False,False,False,False,True,False,False,,Generated from current filesystem inventory.
data/processed/taiwan_model_ready.csv,True,Data,30000,41,Dataset/model result,False,False,False,False,True,False,False,,Generated from current filesystem inventory.
data/raw/heloc/heloc_dataset.csv,True,Data,9871,24,Dataset/model result,False,False,False,False,False,False,False,,Generated from current filesystem inventory.
data/raw/taiwan_default/default_credit_card_clients.csv,True,Data,30001,25,Project artifact,False,False,False,False,False,False,False,,Generated from current filesystem inventory.
outputs/calibration/calibration_curve.png,True,Unknown,,,Calibration evidence,False,False,False,False,False,False,False,,Generated from current filesystem inventory.
outputs/decision_revision/cost_matrix_sensitivity_heloc.csv,True,Decision Revision V1,70,43,Threshold / cost analysis,False,True,True,False,False,False,True,Decision Revision V1 was NOT READY; diagnostic only.,Generated from current filesystem inventory.
outputs/decision_revision/cost_matrix_sensitivity_taiwan.csv,True,Decision Revision V1,70,43,Threshold / cost analysis,False,True,True,False,False,False,True,Decision Revision V1 was NOT READY; diagnostic only.,Generated from current filesystem inventory.
outputs/decision_revision/cost_matrix_summary_heloc.md,True,Decision Revision V1,30,,Threshold / cost analysis,False,True,False,True,True,False,True,Decision Revision V1 was NOT READY; diagnostic only.,Generated from current filesystem inventory.
outputs/decision_revision/cost_matrix_summary_taiwan.md,True,Decision Revision V1,30,,Threshold / cost analysis,False,True,False,True,True,False,True,Decision Revision V1 was NOT READY; diagnostic only.,Generated from current filesystem inventory.
outputs/decision_revision/cost_sensitivity_fp_reduction_taiwan.png,True,Decision Revision V1,,,Threshold / cost analysis,False,False,False,False,False,False,True,Decision Revision V1 was NOT READY; diagnostic only.,Generated from current filesystem inventory.
outputs/decision_revision/cost_sensitivity_precision_recall_taiwan.png,True,Decision Revision V1,,,Threshold / cost analysis,False,False,False,False,False,False,True,Decision Revision V1 was NOT READY; diagnostic only.,Generated from current filesystem inventory.
outputs/decision_revision/cost_sensitivity_thresholds_taiwan.png,True,Decision Revision V1,,,Threshold / cost analysis,False,False,False,False,False,False,True,Decision Revision V1 was NOT READY; diagnostic only.,Generated from current filesystem inventory.
outputs/decision_revision/current_problem_summary.md,True,Decision Revision V1,40,,Project artifact,False,False,False,True,False,False,True,Decision Revision V1 was NOT READY; diagnostic only.,Generated from current filesystem inventory.
outputs/decision_revision/current_threshold_baseline_heloc.csv,True,Decision Revision V1,24,20,Threshold / cost analysis,False,False,False,False,False,False,True,Decision Revision V1 was NOT READY; diagnostic only.,Generated from current filesystem inventory.
outputs/decision_revision/current_threshold_baseline_taiwan.csv,True,Decision Revision V1,24,20,Threshold / cost analysis,False,False,False,False,False,False,True,Decision Revision V1 was NOT READY; diagnostic only.,Generated from current filesystem inventory.
outputs/decision_revision/decision_curve_heloc.png,True,Decision Revision V1,,,Decision curve / net benefit,False,False,False,False,False,False,True,Decision Revision V1 was NOT READY; diagnostic only.,Generated from current filesystem inventory.
outputs/decision_revision/decision_curve_results_heloc.csv,True,Decision Revision V1,400,16,Decision curve / net benefit,False,False,False,True,False,False,True,Decision Revision V1 was NOT READY; diagnostic only.,Generated from current filesystem inventory.
outputs/decision_revision/decision_curve_results_taiwan.csv,True,Decision Revision V1,400,16,Decision curve / net benefit,False,False,False,True,False,False,True,Decision Revision V1 was NOT READY; diagnostic only.,Generated from current filesystem inventory.
outputs/decision_revision/decision_curve_summary_heloc.md,True,Decision Revision V1,61,,Decision curve / net benefit,True,False,False,True,False,False,True,Decision Revision V1 was NOT READY; diagnostic only.,Generated from current filesystem inventory.
outputs/decision_revision/decision_curve_summary_taiwan.md,True,Decision Revision V1,80,,Decision curve / net benefit,True,False,False,True,False,False,True,Decision Revision V1 was NOT READY; diagnostic only.,Generated from current filesystem inventory.
outputs/decision_revision/decision_curve_taiwan.png,True,Decision Revision V1,,,Decision curve / net benefit,False,False,False,False,False,False,True,Decision Revision V1 was NOT READY; diagnostic only.,Generated from current filesystem inventory.
outputs/decision_revision/decision_curve_winner_ranges.csv,True,Decision Revision V1,74,9,Decision curve / net benefit,False,False,False,True,False,False,True,Decision Revision V1 was NOT READY; diagnostic only.,Generated from current filesystem inventory.
outputs/decision_revision/eligibility_summary.md,True,Decision Revision V1,45,,Project artifact,False,False,False,True,False,False,True,Decision Revision V1 was NOT READY; diagnostic only.,Generated from current filesystem inventory.
outputs/decision_revision/eligible_model_selection_heloc.csv,True,Decision Revision V1,757,29,Validation-only selection evidence,False,False,False,True,False,False,True,Decision Revision V1 was NOT READY; diagnostic only.,Generated from current filesystem inventory.
outputs/decision_revision/eligible_model_selection_taiwan.csv,True,Decision Revision V1,756,29,Validation-only selection evidence,False,False,False,True,False,False,True,Decision Revision V1 was NOT READY; diagnostic only.,Generated from current filesystem inventory.
outputs/decision_revision/error_group_distributions_taiwan.png,True,Decision Revision V1,,,Dataset/model result,False,False,False,False,False,False,True,Decision Revision V1 was NOT READY; diagnostic only.,Generated from current filesystem inventory.
outputs/decision_revision/error_group_feature_summary_heloc.csv,True,Decision Revision V1,280,12,Dataset/model result,False,False,False,False,False,False,True,Decision Revision V1 was NOT READY; diagnostic only.,Generated from current filesystem inventory.
outputs/decision_revision/error_group_feature_summary_taiwan.csv,True,Decision Revision V1,400,12,Dataset/model result,False,False,False,False,False,False,True,Decision Revision V1 was NOT READY; diagnostic only.,Generated from current filesystem inventory.
outputs/decision_revision/false_positive_interpretation.md,True,Decision Revision V1,30,,Project artifact,False,False,False,False,False,False,True,Decision Revision V1 was NOT READY; diagnostic only.,Generated from current filesystem inventory.
outputs/decision_revision/false_positive_interpretation_heloc.md,True,Decision Revision V1,30,,Dataset/model result,False,False,False,False,False,False,True,Decision Revision V1 was NOT READY; diagnostic only.,Generated from current filesystem inventory.
outputs/decision_revision/false_positive_profile_heloc.csv,True,Decision Revision V1,5,7,Dataset/model result,False,False,False,False,False,False,True,Decision Revision V1 was NOT READY; diagnostic only.,Generated from current filesystem inventory.
outputs/decision_revision/false_positive_profile_taiwan.csv,True,Decision Revision V1,5,11,Dataset/model result,False,False,False,False,False,False,True,Decision Revision V1 was NOT READY; diagnostic only.,Generated from current filesystem inventory.
outputs/decision_revision/false_positive_system_comparison_heloc.csv,True,Decision Revision V1,5,17,Dataset/model result,False,False,False,False,False,False,True,Decision Revision V1 was NOT READY; diagnostic only.,Generated from current filesystem inventory.
outputs/decision_revision/false_positive_system_comparison_taiwan.csv,True,Decision Revision V1,5,17,Dataset/model result,False,False,False,False,False,False,True,Decision Revision V1 was NOT READY; diagnostic only.,Generated from current filesystem inventory.
outputs/decision_revision/final_decision_revision_audit.csv,True,Decision Revision V1,100,8,Audit / validation evidence,False,False,False,False,True,False,True,Decision Revision V1 was NOT READY; diagnostic only.,Generated from current filesystem inventory.
outputs/decision_revision/final_decision_revision_audit.md,True,Decision Revision V1,70,,Audit / validation evidence,True,True,True,True,True,False,True,Decision Revision V1 was NOT READY; diagnostic only.,Generated from current filesystem inventory.
outputs/decision_revision/final_operational_model_selection_revised.csv,True,Decision Revision V1,4,30,Validation-only selection evidence,False,False,False,True,False,False,True,Decision Revision V1 was NOT READY; diagnostic only.,Generated from current filesystem inventory.
outputs/decision_revision/final_revised_comparison_heloc.csv,True,Decision Revision V1,9,31,Dataset/model result,False,False,False,True,False,False,True,Decision Revision V1 was NOT READY; diagnostic only.,Generated from current filesystem inventory.
outputs/decision_revision/final_revised_comparison_taiwan.csv,True,Decision Revision V1,8,31,Dataset/model result,False,False,False,True,False,False,True,Decision Revision V1 was NOT READY; diagnostic only.,Generated from current filesystem inventory.
outputs/decision_revision/final_revised_decision_summary.md,True,Decision Revision V1,56,,Project artifact,True,True,False,True,False,False,True,Decision Revision V1 was NOT READY; diagnostic only.,Generated from current filesystem inventory.
outputs/decision_revision/final_revised_recommendation.csv,True,Decision Revision V1,18,14,Project artifact,False,False,False,True,False,False,True,Decision Revision V1 was NOT READY; diagnostic only.,Generated from current filesystem inventory.
outputs/decision_revision/fp_tp_tn_similarity_heloc.csv,True,Decision Revision V1,75,7,Dataset/model result,False,False,False,False,False,False,True,Decision Revision V1 was NOT READY; diagnostic only.,Generated from current filesystem inventory.
outputs/decision_revision/fp_tp_tn_similarity_taiwan.csv,True,Decision Revision V1,105,7,Dataset/model result,False,False,False,False,False,False,True,Decision Revision V1 was NOT READY; diagnostic only.,Generated from current filesystem inventory.
outputs/decision_revision/frozen_baseline_inventory.csv,True,Decision Revision V1,24,6,Project artifact,False,False,False,False,False,False,True,Decision Revision V1 was NOT READY; diagnostic only.,Generated from current filesystem inventory.
outputs/decision_revision/imbalance_training_best_variants.csv,True,Decision Revision V1,8,52,Project artifact,True,True,True,False,False,False,True,Decision Revision V1 was NOT READY; diagnostic only.,Generated from current filesystem inventory.
outputs/decision_revision/imbalance_training_summary_heloc.md,True,Decision Revision V1,27,,Dataset/model result,True,True,False,False,True,False,True,Decision Revision V1 was NOT READY; diagnostic only.,Generated from current filesystem inventory.
outputs/decision_revision/imbalance_training_summary_taiwan.md,True,Decision Revision V1,27,,Dataset/model result,True,True,False,False,True,False,True,Decision Revision V1 was NOT READY; diagnostic only.,Generated from current filesystem inventory.
outputs/decision_revision/imbalance_training_variants_heloc.csv,True,Decision Revision V1,495,47,Dataset/model result,True,True,True,False,False,False,True,Decision Revision V1 was NOT READY; diagnostic only.,Generated from current filesystem inventory.
outputs/decision_revision/imbalance_training_variants_taiwan.csv,True,Decision Revision V1,495,47,Dataset/model result,True,True,True,False,False,False,True,Decision Revision V1 was NOT READY; diagnostic only.,Generated from current filesystem inventory.
outputs/decision_revision/imbalance_variant_cost_fp_taiwan.png,True,Decision Revision V1,,,Threshold / cost analysis,False,False,False,False,False,False,True,Decision Revision V1 was NOT READY; diagnostic only.,Generated from current filesystem inventory.
outputs/decision_revision/imbalance_variant_precision_recall_taiwan.png,True,Decision Revision V1,,,Dataset/model result,False,False,False,False,False,False,True,Decision Revision V1 was NOT READY; diagnostic only.,Generated from current filesystem inventory.
outputs/decision_revision/manual_review_band_cost_tradeoff_heloc.png,True,Decision Revision V1,,,Threshold / cost analysis,False,False,False,False,False,False,True,Decision Revision V1 was NOT READY; diagnostic only.,Generated from current filesystem inventory.
outputs/decision_revision/manual_review_band_cost_tradeoff_taiwan.png,True,Decision Revision V1,,,Threshold / cost analysis,False,False,False,False,False,False,True,Decision Revision V1 was NOT READY; diagnostic only.,Generated from current filesystem inventory.
outputs/decision_revision/manual_review_band_distribution_heloc.png,True,Decision Revision V1,,,Dataset/model result,False,False,False,False,False,False,True,Decision Revision V1 was NOT READY; diagnostic only.,Generated from current filesystem inventory.
outputs/decision_revision/manual_review_band_distribution_taiwan.png,True,Decision Revision V1,,,Dataset/model result,False,False,False,False,False,False,True,Decision Revision V1 was NOT READY; diagnostic only.,Generated from current filesystem inventory.
outputs/decision_revision/manual_review_band_optimized_heloc.csv,True,Decision Revision V1,70,39,Dataset/model result,False,True,True,False,False,False,True,Decision Revision V1 was NOT READY; diagnostic only.,Generated from current filesystem inventory.
outputs/decision_revision/manual_review_band_optimized_taiwan.csv,True,Decision Revision V1,70,39,Dataset/model result,False,True,True,False,False,False,True,Decision Revision V1 was NOT READY; diagnostic only.,Generated from current filesystem inventory.
outputs/decision_revision/manual_review_band_summary_heloc.md,True,Decision Revision V1,26,,Dataset/model result,False,True,False,False,False,False,True,Decision Revision V1 was NOT READY; diagnostic only.,Generated from current filesystem inventory.
outputs/decision_revision/manual_review_band_summary_taiwan.md,True,Decision Revision V1,35,,Dataset/model result,False,True,False,False,False,False,True,Decision Revision V1 was NOT READY; diagnostic only.,Generated from current filesystem inventory.
outputs/decision_revision/net_benefit_model_ranges.csv,True,Decision Revision V1,44,10,Project artifact,False,False,False,True,False,False,True,Decision Revision V1 was NOT READY; diagnostic only.,Generated from current filesystem inventory.
outputs/decision_revision/precision_constrained_run_inventory.csv,True,Decision Revision V1,6,5,Project artifact,False,False,False,False,False,False,True,Decision Revision V1 was NOT READY; diagnostic only.,Generated from current filesystem inventory.
outputs/decision_revision/precision_constrained_test_results_heloc.csv,True,Decision Revision V1,98,44,Dataset/model result,False,True,True,False,False,False,True,Decision Revision V1 was NOT READY; diagnostic only.,Generated from current filesystem inventory.
outputs/decision_revision/precision_constrained_test_results_taiwan.csv,True,Decision Revision V1,98,44,Dataset/model result,False,True,True,False,False,False,True,Decision Revision V1 was NOT READY; diagnostic only.,Generated from current filesystem inventory.
outputs/decision_revision/precision_constrained_thresholds_heloc_validation.csv,True,Decision Revision V1,98,24,Validation-only selection evidence,False,True,True,False,False,False,True,Decision Revision V1 was NOT READY; diagnostic only.,Generated from current filesystem inventory.
outputs/decision_revision/precision_constrained_thresholds_taiwan_validation.csv,True,Decision Revision V1,98,24,Validation-only selection evidence,False,True,True,False,False,False,True,Decision Revision V1 was NOT READY; diagnostic only.,Generated from current filesystem inventory.
outputs/decision_revision/precision_constraint_summary_heloc.md,True,Decision Revision V1,22,,Dataset/model result,False,True,False,False,False,False,True,Decision Revision V1 was NOT READY; diagnostic only.,Generated from current filesystem inventory.
outputs/decision_revision/precision_constraint_summary_taiwan.md,True,Decision Revision V1,43,,Dataset/model result,False,True,False,False,False,False,True,Decision Revision V1 was NOT READY; diagnostic only.,Generated from current filesystem inventory.
outputs/decision_revision_archive_20260505_111036/cost_matrix_sensitivity_heloc.csv,True,Unknown,70,43,Threshold / cost analysis,False,True,True,False,False,False,False,,Generated from current filesystem inventory.
outputs/decision_revision_archive_20260505_111036/cost_matrix_sensitivity_taiwan.csv,True,Unknown,70,43,Threshold / cost analysis,False,True,True,False,False,False,False,,Generated from current filesystem inventory.
outputs/decision_revision_archive_20260505_111036/cost_matrix_summary_heloc.md,True,Unknown,30,,Threshold / cost analysis,False,True,False,True,True,False,False,,Generated from current filesystem inventory.
outputs/decision_revision_archive_20260505_111036/cost_matrix_summary_taiwan.md,True,Unknown,30,,Threshold / cost analysis,False,True,False,True,True,False,False,,Generated from current filesystem inventory.
outputs/decision_revision_archive_20260505_111036/cost_sensitivity_fp_reduction_taiwan.png,True,Unknown,,,Threshold / cost analysis,False,False,False,False,False,False,False,,Generated from current filesystem inventory.
outputs/decision_revision_archive_20260505_111036/cost_sensitivity_precision_recall_taiwan.png,True,Unknown,,,Threshold / cost analysis,False,False,False,False,False,False,False,,Generated from current filesystem inventory.
outputs/decision_revision_archive_20260505_111036/cost_sensitivity_thresholds_taiwan.png,True,Unknown,,,Threshold / cost analysis,False,False,False,False,False,False,False,,Generated from current filesystem inventory.
outputs/decision_revision_archive_20260505_111036/current_problem_summary.md,True,Unknown,40,,Project artifact,False,False,False,True,False,False,False,,Generated from current filesystem inventory.
outputs/decision_revision_archive_20260505_111036/current_threshold_baseline_heloc.csv,True,Unknown,24,20,Threshold / cost analysis,False,False,False,False,False,False,False,,Generated from current filesystem inventory.
outputs/decision_revision_archive_20260505_111036/current_threshold_baseline_taiwan.csv,True,Unknown,24,20,Threshold / cost analysis,False,False,False,False,False,False,False,,Generated from current filesystem inventory.
outputs/decision_revision_archive_20260505_111036/decision_curve_heloc.png,True,Unknown,,,Decision curve / net benefit,False,False,False,False,False,False,False,,Generated from current filesystem inventory.
outputs/decision_revision_archive_20260505_111036/decision_curve_results_heloc.csv,True,Unknown,400,16,Decision curve / net benefit,False,False,False,True,False,False,False,,Generated from current filesystem inventory.
outputs/decision_revision_archive_20260505_111036/decision_curve_results_taiwan.csv,True,Unknown,400,16,Decision curve / net benefit,False,False,False,True,False,False,False,,Generated from current filesystem inventory.
outputs/decision_revision_archive_20260505_111036/decision_curve_summary_heloc.md,True,Unknown,61,,Decision curve / net benefit,True,False,False,True,False,False,False,,Generated from current filesystem inventory.
outputs/decision_revision_archive_20260505_111036/decision_curve_summary_taiwan.md,True,Unknown,80,,Decision curve / net benefit,True,False,False,True,False,False,False,,Generated from current filesystem inventory.
outputs/decision_revision_archive_20260505_111036/decision_curve_taiwan.png,True,Unknown,,,Decision curve / net benefit,False,False,False,False,False,False,False,,Generated from current filesystem inventory.
outputs/decision_revision_archive_20260505_111036/decision_curve_winner_ranges.csv,True,Unknown,74,9,Decision curve / net benefit,False,False,False,True,False,False,False,,Generated from current filesystem inventory.
outputs/decision_revision_archive_20260505_111036/eligibility_summary.md,True,Unknown,45,,Project artifact,False,False,False,True,False,False,False,,Generated from current filesystem inventory.
outputs/decision_revision_archive_20260505_111036/eligible_model_selection_heloc.csv,True,Unknown,757,29,Validation-only selection evidence,False,False,False,True,False,False,False,,Generated from current filesystem inventory.
outputs/decision_revision_archive_20260505_111036/eligible_model_selection_taiwan.csv,True,Unknown,756,29,Validation-only selection evidence,False,False,False,True,False,False,False,,Generated from current filesystem inventory.
outputs/decision_revision_archive_20260505_111036/error_group_distributions_taiwan.png,True,Unknown,,,Dataset/model result,False,False,False,False,False,False,False,,Generated from current filesystem inventory.
outputs/decision_revision_archive_20260505_111036/error_group_feature_summary_heloc.csv,True,Unknown,280,12,Dataset/model result,False,False,False,False,False,False,False,,Generated from current filesystem inventory.
outputs/decision_revision_archive_20260505_111036/error_group_feature_summary_taiwan.csv,True,Unknown,400,12,Dataset/model result,False,False,False,False,False,False,False,,Generated from current filesystem inventory.
outputs/decision_revision_archive_20260505_111036/false_positive_interpretation.md,True,Unknown,30,,Project artifact,False,False,False,False,False,False,False,,Generated from current filesystem inventory.
outputs/decision_revision_archive_20260505_111036/false_positive_interpretation_heloc.md,True,Unknown,30,,Dataset/model result,False,False,False,False,False,False,False,,Generated from current filesystem inventory.
outputs/decision_revision_archive_20260505_111036/false_positive_profile_heloc.csv,True,Unknown,5,7,Dataset/model result,False,False,False,False,False,False,False,,Generated from current filesystem inventory.
outputs/decision_revision_archive_20260505_111036/false_positive_profile_taiwan.csv,True,Unknown,5,11,Dataset/model result,False,False,False,False,False,False,False,,Generated from current filesystem inventory.
outputs/decision_revision_archive_20260505_111036/false_positive_system_comparison_heloc.csv,True,Unknown,5,17,Dataset/model result,False,False,False,False,False,False,False,,Generated from current filesystem inventory.
outputs/decision_revision_archive_20260505_111036/false_positive_system_comparison_taiwan.csv,True,Unknown,5,17,Dataset/model result,False,False,False,False,False,False,False,,Generated from current filesystem inventory.
outputs/decision_revision_archive_20260505_111036/final_decision_revision_audit.csv,True,Unknown,100,8,Audit / validation evidence,False,False,False,False,True,False,False,,Generated from current filesystem inventory.
outputs/decision_revision_archive_20260505_111036/final_decision_revision_audit.md,True,Unknown,70,,Audit / validation evidence,True,True,True,True,True,False,False,,Generated from current filesystem inventory.
outputs/decision_revision_archive_20260505_111036/final_operational_model_selection_revised.csv,True,Unknown,4,30,Validation-only selection evidence,False,False,False,True,False,False,False,,Generated from current filesystem inventory.
outputs/decision_revision_archive_20260505_111036/final_revised_comparison_heloc.csv,True,Unknown,9,31,Dataset/model result,False,False,False,True,False,False,False,,Generated from current filesystem inventory.
outputs/decision_revision_archive_20260505_111036/final_revised_comparison_taiwan.csv,True,Unknown,8,31,Dataset/model result,False,False,False,True,False,False,False,,Generated from current filesystem inventory.
outputs/decision_revision_archive_20260505_111036/final_revised_decision_summary.md,True,Unknown,56,,Project artifact,True,True,False,True,False,False,False,,Generated from current filesystem inventory.
outputs/decision_revision_archive_20260505_111036/final_revised_recommendation.csv,True,Unknown,18,14,Project artifact,False,False,False,True,False,False,False,,Generated from current filesystem inventory.
outputs/decision_revision_archive_20260505_111036/fp_tp_tn_similarity_heloc.csv,True,Unknown,75,7,Dataset/model result,False,False,False,False,False,False,False,,Generated from current filesystem inventory.
outputs/decision_revision_archive_20260505_111036/fp_tp_tn_similarity_taiwan.csv,True,Unknown,105,7,Dataset/model result,False,False,False,False,False,False,False,,Generated from current filesystem inventory.
outputs/decision_revision_archive_20260505_111036/frozen_baseline_inventory.csv,True,Unknown,24,6,Project artifact,False,False,False,False,False,False,False,,Generated from current filesystem inventory.
outputs/decision_revision_archive_20260505_111036/imbalance_training_best_variants.csv,True,Unknown,8,52,Project artifact,True,True,True,False,False,False,False,,Generated from current filesystem inventory.
outputs/decision_revision_archive_20260505_111036/imbalance_training_summary_heloc.md,True,Unknown,27,,Dataset/model result,True,True,False,False,True,False,False,,Generated from current filesystem inventory.
outputs/decision_revision_archive_20260505_111036/imbalance_training_summary_taiwan.md,True,Unknown,27,,Dataset/model result,True,True,False,False,True,False,False,,Generated from current filesystem inventory.
outputs/decision_revision_archive_20260505_111036/imbalance_training_variants_heloc.csv,True,Unknown,495,47,Dataset/model result,True,True,True,False,False,False,False,,Generated from current filesystem inventory.
outputs/decision_revision_archive_20260505_111036/imbalance_training_variants_taiwan.csv,True,Unknown,495,47,Dataset/model result,True,True,True,False,False,False,False,,Generated from current filesystem inventory.
outputs/decision_revision_archive_20260505_111036/imbalance_variant_cost_fp_taiwan.png,True,Unknown,,,Threshold / cost analysis,False,False,False,False,False,False,False,,Generated from current filesystem inventory.
outputs/decision_revision_archive_20260505_111036/imbalance_variant_precision_recall_taiwan.png,True,Unknown,,,Dataset/model result,False,False,False,False,False,False,False,,Generated from current filesystem inventory.
outputs/decision_revision_archive_20260505_111036/manual_review_band_cost_tradeoff_heloc.png,True,Unknown,,,Threshold / cost analysis,False,False,False,False,False,False,False,,Generated from current filesystem inventory.
outputs/decision_revision_archive_20260505_111036/manual_review_band_cost_tradeoff_taiwan.png,True,Unknown,,,Threshold / cost analysis,False,False,False,False,False,False,False,,Generated from current filesystem inventory.
outputs/decision_revision_archive_20260505_111036/manual_review_band_distribution_heloc.png,True,Unknown,,,Dataset/model result,False,False,False,False,False,False,False,,Generated from current filesystem inventory.
outputs/decision_revision_archive_20260505_111036/manual_review_band_distribution_taiwan.png,True,Unknown,,,Dataset/model result,False,False,False,False,False,False,False,,Generated from current filesystem inventory.
outputs/decision_revision_archive_20260505_111036/manual_review_band_optimized_heloc.csv,True,Unknown,70,39,Dataset/model result,False,True,True,False,False,False,False,,Generated from current filesystem inventory.
outputs/decision_revision_archive_20260505_111036/manual_review_band_optimized_taiwan.csv,True,Unknown,70,39,Dataset/model result,False,True,True,False,False,False,False,,Generated from current filesystem inventory.
outputs/decision_revision_archive_20260505_111036/manual_review_band_summary_heloc.md,True,Unknown,26,,Dataset/model result,False,True,False,False,False,False,False,,Generated from current filesystem inventory.
outputs/decision_revision_archive_20260505_111036/manual_review_band_summary_taiwan.md,True,Unknown,35,,Dataset/model result,False,True,False,False,False,False,False,,Generated from current filesystem inventory.
outputs/decision_revision_archive_20260505_111036/net_benefit_model_ranges.csv,True,Unknown,44,10,Project artifact,False,False,False,True,False,False,False,,Generated from current filesystem inventory.
outputs/decision_revision_archive_20260505_111036/precision_constrained_run_inventory.csv,True,Unknown,6,5,Project artifact,False,False,False,False,False,False,False,,Generated from current filesystem inventory.
outputs/decision_revision_archive_20260505_111036/precision_constrained_test_results_heloc.csv,True,Unknown,98,44,Dataset/model result,False,True,True,False,False,False,False,,Generated from current filesystem inventory.
outputs/decision_revision_archive_20260505_111036/precision_constrained_test_results_taiwan.csv,True,Unknown,98,44,Dataset/model result,False,True,True,False,False,False,False,,Generated from current filesystem inventory.
outputs/decision_revision_archive_20260505_111036/precision_constrained_thresholds_heloc_validation.csv,True,Unknown,98,24,Validation-only selection evidence,False,True,True,False,False,False,False,,Generated from current filesystem inventory.
outputs/decision_revision_archive_20260505_111036/precision_constrained_thresholds_taiwan_validation.csv,True,Unknown,98,24,Validation-only selection evidence,False,True,True,False,False,False,False,,Generated from current filesystem inventory.
outputs/decision_revision_archive_20260505_111036/precision_constraint_summary_heloc.md,True,Unknown,22,,Dataset/model result,False,True,False,False,False,False,False,,Generated from current filesystem inventory.
outputs/decision_revision_archive_20260505_111036/precision_constraint_summary_taiwan.md,True,Unknown,43,,Dataset/model result,False,True,False,False,False,False,False,,Generated from current filesystem inventory.
outputs/decision_revision_v2/calibration_policy_separated_results_heloc.csv,True,V2,3,45,Calibration evidence,True,True,True,False,False,False,True,,Generated from current filesystem inventory.
outputs/decision_revision_v2/calibration_policy_separated_results_taiwan.csv,True,V2,3,45,Calibration evidence,True,True,True,False,False,False,True,,Generated from current filesystem inventory.
outputs/decision_revision_v2/calibration_policy_split_check.md,True,V2,19,,Calibration evidence,True,True,True,False,False,False,True,,Generated from current filesystem inventory.
outputs/decision_revision_v2/calibration_threshold_caveat.md,True,V2,25,,Calibration evidence,True,True,False,False,False,False,True,,Generated from current filesystem inventory.
outputs/decision_revision_v2/candidate_registry_summary.md,True,V2,35,,Project artifact,True,True,False,True,True,False,True,,Generated from current filesystem inventory.
outputs/decision_revision_v2/false_positive_profile_heloc_completed.csv,True,V2,5,16,Dataset/model result,False,False,False,False,False,False,True,,Generated from current filesystem inventory.
outputs/decision_revision_v2/false_positive_profile_interpretation.md,True,V2,20,,Project artifact,False,False,False,False,False,False,True,,Generated from current filesystem inventory.
outputs/decision_revision_v2/false_positive_profile_taiwan_completed.csv,True,V2,5,26,Dataset/model result,False,False,False,False,False,False,True,,Generated from current filesystem inventory.
outputs/decision_revision_v2/final_audit_v2.csv,True,V2,39,7,Audit / validation evidence,False,False,False,False,True,False,True,,Generated from current filesystem inventory.
outputs/decision_revision_v2/final_audit_v2.md,True,V2,86,,Audit / validation evidence,False,True,True,True,True,True,True,,Generated from current filesystem inventory.
outputs/decision_revision_v2/final_heldout_test_evidence_table.csv,True,V2,2,22,Locked held-out test evidence,False,False,True,True,False,True,True,,Generated from current filesystem inventory.
outputs/decision_revision_v2/final_safe_recommendation.md,True,V2,55,,Project artifact,False,True,True,True,False,True,True,,Generated from current filesystem inventory.
outputs/decision_revision_v2/final_table_methodology_note.md,True,V2,22,,Project artifact,False,True,True,True,True,False,True,,Generated from current filesystem inventory.
outputs/decision_revision_v2/final_validation_selection_table.csv,True,V2,84,22,Validation-only selection evidence,False,True,False,True,False,True,True,,Generated from current filesystem inventory.
outputs/decision_revision_v2/fp_similarity_summary_heloc.csv,True,V2,75,20,Dataset/model result,False,False,False,False,False,False,True,,Generated from current filesystem inventory.
outputs/decision_revision_v2/fp_similarity_summary_taiwan.csv,True,V2,115,20,Dataset/model result,False,False,False,False,False,False,True,,Generated from current filesystem inventory.
outputs/decision_revision_v2/input_file_inventory.csv,True,V2,13,15,Project artifact,False,True,True,True,False,False,True,,Generated from current filesystem inventory.
outputs/decision_revision_v2/locked_final_policy_heloc.json,True,V2,20,,Dataset/model result,False,True,False,True,False,False,True,,Generated from current filesystem inventory.
outputs/decision_revision_v2/locked_final_policy_taiwan.json,True,V2,20,,Dataset/model result,False,True,False,True,False,False,True,,Generated from current filesystem inventory.
outputs/decision_revision_v2/locked_test_evaluation_heloc.csv,True,V2,1,47,Locked held-out test evidence,False,True,True,False,False,True,True,,Generated from current filesystem inventory.
outputs/decision_revision_v2/locked_test_evaluation_summary.md,True,V2,73,,Locked held-out test evidence,False,True,True,False,False,True,True,,Generated from current filesystem inventory.
outputs/decision_revision_v2/locked_test_evaluation_taiwan.csv,True,V2,1,47,Locked held-out test evidence,False,True,True,False,False,True,True,,Generated from current filesystem inventory.
outputs/decision_revision_v2/manual_review_cost_interpretation.md,True,V2,50,,Threshold / cost analysis,False,True,False,True,False,False,True,,Generated from current filesystem inventory.
outputs/decision_revision_v2/manual_review_cost_model_all.csv,True,V2,8820,31,Threshold / cost analysis,False,False,False,False,False,False,True,,Generated from current filesystem inventory.
outputs/decision_revision_v2/manual_review_cost_model_heloc.csv,True,V2,4410,31,Threshold / cost analysis,False,False,False,False,False,False,True,,Generated from current filesystem inventory.
outputs/decision_revision_v2/manual_review_cost_model_taiwan.csv,True,V2,4410,31,Threshold / cost analysis,False,False,False,False,False,False,True,,Generated from current filesystem inventory.
outputs/decision_revision_v2/old_results_status.md,True,V2,36,,Project artifact,False,True,False,True,True,False,True,,Generated from current filesystem inventory.
outputs/decision_revision_v2/retrospective_all_candidate_test_diagnostics.csv,True,V2,35,38,Project artifact,False,False,True,True,False,False,True,,Generated from current filesystem inventory.
outputs/decision_revision_v2/SELECTION_PROTOCOL_V2.md,True,V2,71,,Validation-only selection evidence,True,True,False,True,True,False,True,,Generated from current filesystem inventory.
outputs/decision_revision_v2/validation_candidate_registry_all.csv,True,V2,500,41,Validation-only selection evidence,False,True,False,False,False,False,True,,Generated from current filesystem inventory.
outputs/decision_revision_v2/validation_candidate_registry_heloc.csv,True,V2,250,41,Validation-only selection evidence,False,True,False,False,False,False,True,,Generated from current filesystem inventory.
outputs/decision_revision_v2/validation_candidate_registry_taiwan.csv,True,V2,250,41,Validation-only selection evidence,False,True,False,False,False,False,True,,Generated from current filesystem inventory.
outputs/decision_revision_v2/validation_only_selection_heloc.csv,True,V2,42,35,Validation-only selection evidence,False,True,False,True,False,False,True,,Generated from current filesystem inventory.
outputs/decision_revision_v2/validation_only_selection_summary.md,True,V2,33,,Validation-only selection evidence,False,True,False,True,False,False,True,,Generated from current filesystem inventory.
outputs/decision_revision_v2/validation_only_selection_taiwan.csv,True,V2,42,35,Validation-only selection evidence,False,True,False,True,False,False,True,,Generated from current filesystem inventory.
outputs/experiment_logs/catboost_info/catboost_training.json,True,Unknown,53,,Project artifact,True,False,True,False,False,False,False,,Generated from current filesystem inventory.
outputs/experiment_plan.md,True,Unknown,148,,Project artifact,True,True,False,False,True,False,False,,Generated from current filesystem inventory.
outputs/faithfulness/probability_shift_after_perturbation.png,True,Unknown,,,Project artifact,False,False,False,False,False,False,False,,Generated from current filesystem inventory.
outputs/figures/ablation_cost_vs_auc.png,True,Figures,,,Threshold / cost analysis,False,False,False,False,False,False,False,,Generated from current filesystem inventory.
outputs/figures/ablation_results_barplot.png,True,Figures,,,Project artifact,False,False,False,False,False,False,False,,Generated from current filesystem inventory.
outputs/figures/age_distribution_by_default.png,True,Figures,,,Project artifact,False,False,False,False,False,False,False,,Generated from current filesystem inventory.
outputs/figures/auc_drop_by_feature.png,True,Figures,,,Project artifact,False,False,False,False,False,False,False,,Generated from current filesystem inventory.
outputs/figures/background_rank_shift.png,True,Figures,,,Project artifact,False,False,False,True,False,False,False,,Generated from current filesystem inventory.
outputs/figures/background_shap_drift.png,True,Figures,,,Explainability evidence,False,False,False,False,False,False,False,,Generated from current filesystem inventory.
outputs/figures/bill_amount_distributions.png,True,Figures,,,Project artifact,False,False,False,False,False,False,False,,Generated from current filesystem inventory.
outputs/figures/bootstrap_metric_distributions.png,True,Figures,,,Project artifact,False,False,False,False,False,False,False,,Generated from current filesystem inventory.
outputs/figures/calibration_curve.png,True,Figures,,,Calibration evidence,False,False,False,False,False,False,False,,Generated from current filesystem inventory.
outputs/figures/calibration_curve_heloc.png,True,Figures,,,Calibration evidence,False,False,False,False,False,False,False,,Generated from current filesystem inventory.
outputs/figures/calibration_curve_taiwan.png,True,Figures,,,Calibration evidence,False,False,False,False,False,False,False,,Generated from current filesystem inventory.
outputs/figures/confusion_matrix_threshold_035.png,True,Figures,,,Threshold / cost analysis,False,False,False,False,False,False,False,,Generated from current filesystem inventory.
outputs/figures/confusion_matrix_threshold_05.png,True,Figures,,,Threshold / cost analysis,False,False,False,False,False,False,False,,Generated from current filesystem inventory.
outputs/figures/correlation_heatmap.png,True,Figures,,,Project artifact,False,False,False,False,False,False,False,,Generated from current filesystem inventory.
outputs/figures/cost_curve.png,True,Figures,,,Threshold / cost analysis,False,False,False,False,False,False,False,,Generated from current filesystem inventory.
outputs/figures/cost_curve_heloc.png,True,Figures,,,Threshold / cost analysis,False,False,False,False,False,False,False,,Generated from current filesystem inventory.
outputs/figures/cost_curve_taiwan.png,True,Figures,,,Threshold / cost analysis,False,False,False,False,False,False,False,,Generated from current filesystem inventory.
outputs/figures/default_rate_by_delay_count.png,True,Figures,,,Project artifact,False,False,False,False,False,False,False,,Generated from current filesystem inventory.
outputs/figures/default_rate_by_education.png,True,Figures,,,Project artifact,False,False,False,False,False,False,False,,Generated from current filesystem inventory.
outputs/figures/default_rate_by_marriage.png,True,Figures,,,Project artifact,False,False,False,False,False,False,False,,Generated from current filesystem inventory.
outputs/figures/default_rate_by_sex.png,True,Figures,,,Project artifact,False,False,False,False,False,False,False,,Generated from current filesystem inventory.
outputs/figures/deletion_curve.png,True,Figures,,,Project artifact,False,False,False,False,False,False,False,,Generated from current filesystem inventory.
outputs/figures/heloc_target_distribution.png,True,Figures,,,Dataset/model result,False,False,False,False,False,False,False,,Generated from current filesystem inventory.
outputs/figures/insertion_curve.png,True,Figures,,,Project artifact,False,False,False,False,False,False,False,,Generated from current filesystem inventory.
outputs/figures/kendalls_w_comparison.png,True,Figures,,,Project artifact,False,False,False,False,False,False,False,,Generated from current filesystem inventory.
outputs/figures/lime_borderline_customer.png,True,Figures,,,Explainability evidence,False,False,False,False,False,False,False,,Generated from current filesystem inventory.
outputs/figures/lime_borderline_near_threshold.png,True,Figures,,,Explainability evidence,False,False,False,False,False,False,False,,Generated from current filesystem inventory.
outputs/figures/lime_correct_default_high_risk.png,True,Figures,,,Explainability evidence,False,False,False,False,False,False,False,,Generated from current filesystem inventory.
outputs/figures/lime_correct_non_default_low_risk.png,True,Figures,,,Explainability evidence,False,False,False,False,False,False,False,,Generated from current filesystem inventory.
outputs/figures/lime_false_negative_borderline.png,True,Figures,,,Explainability evidence,False,False,False,False,False,False,False,,Generated from current filesystem inventory.
outputs/figures/limit_bal_distribution_by_default.png,True,Figures,,,Project artifact,False,False,False,False,False,False,False,,Generated from current filesystem inventory.
outputs/figures/manual_review_band_distribution_heloc.png,True,Figures,,,Dataset/model result,False,False,False,False,False,False,False,,Generated from current filesystem inventory.
outputs/figures/manual_review_band_distribution_taiwan.png,True,Figures,,,Dataset/model result,False,False,False,False,False,False,False,,Generated from current filesystem inventory.
outputs/figures/optuna_optimization_history.png,True,Figures,,,Project artifact,False,False,False,False,False,False,False,,Generated from current filesystem inventory.
outputs/figures/optuna_param_importance.png,True,Figures,,,Project artifact,False,False,False,False,False,False,False,,Generated from current filesystem inventory.
outputs/figures/pay0_default_rate.png,True,Figures,,,Project artifact,False,False,False,False,False,False,False,,Generated from current filesystem inventory.
outputs/figures/payment_amount_distributions.png,True,Figures,,,Project artifact,False,False,False,False,False,False,False,,Generated from current filesystem inventory.
outputs/figures/precision_recall_curves.png,True,Figures,,,Project artifact,False,False,False,False,False,False,False,,Generated from current filesystem inventory.
outputs/figures/probability_shift_after_perturbation.png,True,Figures,,,Project artifact,False,False,False,False,False,False,False,,Generated from current filesystem inventory.
outputs/figures/roc_curves.png,True,Figures,,,Project artifact,False,False,False,False,False,False,False,,Generated from current filesystem inventory.
outputs/figures/shap_rank_stability_heatmap.png,True,Figures,,,Explainability evidence,False,False,False,True,False,False,False,,Generated from current filesystem inventory.
outputs/figures/shap_stability_top5_frequency.png,True,Figures,,,Explainability evidence,False,False,False,False,False,False,False,,Generated from current filesystem inventory.
outputs/figures/shap_top_feature_frequency.png,True,Figures,,,Explainability evidence,False,False,False,False,False,False,False,,Generated from current filesystem inventory.
outputs/figures/subgroup_calibration.png,True,Figures,,,Calibration evidence,False,False,False,False,False,False,False,,Generated from current filesystem inventory.
outputs/figures/subgroup_cost.png,True,Figures,,,Threshold / cost analysis,False,False,False,False,False,False,False,,Generated from current filesystem inventory.
outputs/figures/subgroup_recall_fnr.png,True,Figures,,,Project artifact,False,False,False,False,False,False,False,,Generated from current filesystem inventory.
outputs/figures/taiwan_target_distribution.png,True,Figures,,,Dataset/model result,False,False,False,False,False,False,False,,Generated from current filesystem inventory.
outputs/figures/taiwan_vs_heloc_calibration.png,True,Figures,,,Calibration evidence,False,False,False,False,False,False,False,,Generated from current filesystem inventory.
outputs/figures/taiwan_vs_heloc_metrics.png,True,Figures,,,Dataset/model result,False,False,False,False,False,False,False,,Generated from current filesystem inventory.
outputs/figures/target_class_distribution.png,True,Figures,,,Project artifact,False,False,False,False,False,False,False,,Generated from current filesystem inventory.
outputs/figures/threshold_tradeoff.png,True,Figures,,,Threshold / cost analysis,False,False,False,False,False,False,False,,Generated from current filesystem inventory.
outputs/figures/threshold_tradeoff_heloc.png,True,Figures,,,Threshold / cost analysis,False,False,False,False,False,False,False,,Generated from current filesystem inventory.
outputs/figures/threshold_tradeoff_taiwan.png,True,Figures,,,Threshold / cost analysis,False,False,False,False,False,False,False,,Generated from current filesystem inventory.
outputs/final_attempt/audit/final_attempt_audit.csv,True,Final Attempt,96,6,Audit / validation evidence,False,False,False,False,True,False,True,Final Attempt audit BLOCKED; appendix/robustness only.,Generated from current filesystem inventory.
outputs/final_attempt/audit/final_attempt_audit.md,True,Final Attempt,67,,Audit / validation evidence,True,True,True,True,True,False,True,Final Attempt audit BLOCKED; appendix/robustness only.,Generated from current filesystem inventory.
outputs/final_attempt/capacity_review/capacity_candidate_inventory.csv,True,Final Attempt,16,6,Capacity-aware review / Lift@K,False,False,False,False,False,False,True,Final Attempt audit BLOCKED; appendix/robustness only.,Generated from current filesystem inventory.
outputs/final_attempt/capacity_review/capacity_lift_results_heloc.csv,True,Final Attempt,126,21,Capacity-aware review / Lift@K,False,False,True,False,False,False,True,Final Attempt audit BLOCKED; appendix/robustness only.,Generated from current filesystem inventory.
outputs/final_attempt/capacity_review/capacity_lift_results_taiwan.csv,True,Final Attempt,126,21,Capacity-aware review / Lift@K,False,False,True,False,False,False,True,Final Attempt audit BLOCKED; appendix/robustness only.,Generated from current filesystem inventory.
outputs/final_attempt/capacity_review/capacity_model_comparison.csv,True,Final Attempt,28,12,Capacity-aware review / Lift@K,False,False,True,False,False,False,True,Final Attempt audit BLOCKED; appendix/robustness only.,Generated from current filesystem inventory.
outputs/final_attempt/capacity_review/capacity_review_protocol_audit.json,True,Final Attempt,18,,Audit / validation evidence,False,False,True,False,True,False,True,Final Attempt audit BLOCKED; appendix/robustness only.,Generated from current filesystem inventory.
outputs/final_attempt/capacity_review/capacity_review_summary.md,True,Final Attempt,57,,Capacity-aware review / Lift@K,False,True,True,True,False,False,True,Final Attempt audit BLOCKED; appendix/robustness only.,Generated from current filesystem inventory.
outputs/final_attempt/capacity_review/cumulative_gains_heloc.png,True,Final Attempt,,,Dataset/model result,False,False,False,False,False,False,True,Final Attempt audit BLOCKED; appendix/robustness only.,Generated from current filesystem inventory.
outputs/final_attempt/capacity_review/cumulative_gains_taiwan.png,True,Final Attempt,,,Dataset/model result,False,False,False,False,False,False,True,Final Attempt audit BLOCKED; appendix/robustness only.,Generated from current filesystem inventory.
outputs/final_attempt/capacity_review/lift_curve_heloc.png,True,Final Attempt,,,Capacity-aware review / Lift@K,False,False,False,False,False,False,True,Final Attempt audit BLOCKED; appendix/robustness only.,Generated from current filesystem inventory.
outputs/final_attempt/capacity_review/lift_curve_taiwan.png,True,Final Attempt,,,Capacity-aware review / Lift@K,False,False,False,False,False,False,True,Final Attempt audit BLOCKED; appendix/robustness only.,Generated from current filesystem inventory.
outputs/final_attempt/capacity_review/net_value_at_k_heloc.png,True,Final Attempt,,,Dataset/model result,False,False,False,False,False,False,True,Final Attempt audit BLOCKED; appendix/robustness only.,Generated from current filesystem inventory.
outputs/final_attempt/capacity_review/net_value_at_k_taiwan.png,True,Final Attempt,,,Dataset/model result,False,False,False,False,False,False,True,Final Attempt audit BLOCKED; appendix/robustness only.,Generated from current filesystem inventory.
outputs/final_attempt/capacity_review/precision_at_k_heloc.png,True,Final Attempt,,,Dataset/model result,False,False,False,False,False,False,True,Final Attempt audit BLOCKED; appendix/robustness only.,Generated from current filesystem inventory.
outputs/final_attempt/capacity_review/precision_at_k_taiwan.png,True,Final Attempt,,,Dataset/model result,False,False,False,False,False,False,True,Final Attempt audit BLOCKED; appendix/robustness only.,Generated from current filesystem inventory.
outputs/final_attempt/decision_curve/decision_curve_best_ranges.csv,True,Final Attempt,28,12,Decision curve / net benefit,False,False,True,False,False,False,True,Final Attempt audit BLOCKED; appendix/robustness only.,Generated from current filesystem inventory.
outputs/final_attempt/decision_curve/decision_curve_candidate_inventory.csv,True,Final Attempt,16,6,Decision curve / net benefit,False,False,False,False,False,False,True,Final Attempt audit BLOCKED; appendix/robustness only.,Generated from current filesystem inventory.
outputs/final_attempt/decision_curve/decision_curve_heloc.png,True,Final Attempt,,,Decision curve / net benefit,False,False,False,False,False,False,True,Final Attempt audit BLOCKED; appendix/robustness only.,Generated from current filesystem inventory.
outputs/final_attempt/decision_curve/decision_curve_protocol_audit.json,True,Final Attempt,10,,Audit / validation evidence,False,False,True,False,True,False,True,Final Attempt audit BLOCKED; appendix/robustness only.,Generated from current filesystem inventory.
outputs/final_attempt/decision_curve/decision_curve_results_heloc.csv,True,Final Attempt,1120,17,Decision curve / net benefit,False,False,True,True,False,False,True,Final Attempt audit BLOCKED; appendix/robustness only.,Generated from current filesystem inventory.
outputs/final_attempt/decision_curve/decision_curve_results_taiwan.csv,True,Final Attempt,1120,17,Decision curve / net benefit,False,False,True,True,False,False,True,Final Attempt audit BLOCKED; appendix/robustness only.,Generated from current filesystem inventory.
outputs/final_attempt/decision_curve/decision_curve_summary.md,True,Final Attempt,59,,Decision curve / net benefit,False,True,True,True,False,False,True,Final Attempt audit BLOCKED; appendix/robustness only.,Generated from current filesystem inventory.
outputs/final_attempt/decision_curve/decision_curve_taiwan.png,True,Final Attempt,,,Decision curve / net benefit,False,False,False,False,False,False,True,Final Attempt audit BLOCKED; appendix/robustness only.,Generated from current filesystem inventory.
outputs/final_attempt/deep_tabular/deep_tabular_best_configs.csv,True,Final Attempt,768,65,Project artifact,True,True,True,True,False,False,True,Final Attempt audit BLOCKED; appendix/robustness only.,Generated from current filesystem inventory.
outputs/final_attempt/deep_tabular/deep_tabular_locked_configs.csv,True,Final Attempt,6,65,Project artifact,True,True,True,False,False,False,True,Final Attempt audit BLOCKED; appendix/robustness only.,Generated from current filesystem inventory.
outputs/final_attempt/deep_tabular/deep_tabular_locked_test_heloc.csv,True,Final Attempt,3,41,Locked held-out test evidence,False,True,True,False,False,False,True,Final Attempt audit BLOCKED; appendix/robustness only.,Generated from current filesystem inventory.
outputs/final_attempt/deep_tabular/deep_tabular_locked_test_taiwan.csv,True,Final Attempt,3,41,Locked held-out test evidence,False,True,True,False,False,False,True,Final Attempt audit BLOCKED; appendix/robustness only.,Generated from current filesystem inventory.
outputs/final_attempt/deep_tabular/deep_tabular_protocol_audit.json,True,Final Attempt,15,,Audit / validation evidence,True,True,True,False,True,False,True,Final Attempt audit BLOCKED; appendix/robustness only.,Generated from current filesystem inventory.
outputs/final_attempt/deep_tabular/deep_tabular_summary.md,True,Final Attempt,66,,Project artifact,True,True,False,False,False,False,True,Final Attempt audit BLOCKED; appendix/robustness only.,Generated from current filesystem inventory.
outputs/final_attempt/deep_tabular/deep_tabular_training_curves/heloc_mlp_128-64-32_relu_base_curve.png,True,Final Attempt,,,Dataset/model result,True,False,False,False,False,False,True,Final Attempt audit BLOCKED; appendix/robustness only.,Generated from current filesystem inventory.
outputs/final_attempt/deep_tabular/deep_tabular_training_curves/heloc_mlp_128-64-32_relu_base_history.csv,True,Final Attempt,42,6,Dataset/model result,True,True,False,False,False,False,True,Final Attempt audit BLOCKED; appendix/robustness only.,Generated from current filesystem inventory.
outputs/final_attempt/deep_tabular/deep_tabular_training_curves/heloc_mlp_128-64_class_weight_balanced_curve.png,True,Final Attempt,,,Dataset/model result,True,False,False,False,False,False,True,Final Attempt audit BLOCKED; appendix/robustness only.,Generated from current filesystem inventory.
outputs/final_attempt/deep_tabular/deep_tabular_training_curves/heloc_mlp_128-64_class_weight_balanced_history.csv,True,Final Attempt,33,6,Dataset/model result,True,True,False,False,False,False,True,Final Attempt audit BLOCKED; appendix/robustness only.,Generated from current filesystem inventory.
outputs/final_attempt/deep_tabular/deep_tabular_training_curves/heloc_mlp_128-64_dropout_0_0_curve.png,True,Final Attempt,,,Dataset/model result,True,False,False,False,False,False,True,Final Attempt audit BLOCKED; appendix/robustness only.,Generated from current filesystem inventory.
outputs/final_attempt/deep_tabular/deep_tabular_training_curves/heloc_mlp_128-64_dropout_0_0_history.csv,True,Final Attempt,15,6,Dataset/model result,True,True,False,False,False,False,True,Final Attempt audit BLOCKED; appendix/robustness only.,Generated from current filesystem inventory.
outputs/final_attempt/deep_tabular/deep_tabular_training_curves/heloc_mlp_128-64_dropout_0_1_curve.png,True,Final Attempt,,,Dataset/model result,True,False,False,False,False,False,True,Final Attempt audit BLOCKED; appendix/robustness only.,Generated from current filesystem inventory.
outputs/final_attempt/deep_tabular/deep_tabular_training_curves/heloc_mlp_128-64_dropout_0_1_history.csv,True,Final Attempt,19,6,Dataset/model result,True,True,False,False,False,False,True,Final Attempt audit BLOCKED; appendix/robustness only.,Generated from current filesystem inventory.
outputs/final_attempt/deep_tabular/deep_tabular_training_curves/heloc_mlp_128-64_dropout_0_2_curve.png,True,Final Attempt,,,Dataset/model result,True,False,False,False,False,False,True,Final Attempt audit BLOCKED; appendix/robustness only.,Generated from current filesystem inventory.
outputs/final_attempt/deep_tabular/deep_tabular_training_curves/heloc_mlp_128-64_dropout_0_2_history.csv,True,Final Attempt,44,6,Dataset/model result,True,True,False,False,False,False,True,Final Attempt audit BLOCKED; appendix/robustness only.,Generated from current filesystem inventory.
outputs/final_attempt/deep_tabular/deep_tabular_training_curves/heloc_mlp_128-64_dropout_0_3_curve.png,True,Final Attempt,,,Dataset/model result,True,False,False,False,False,False,True,Final Attempt audit BLOCKED; appendix/robustness only.,Generated from current filesystem inventory.
outputs/final_attempt/deep_tabular/deep_tabular_training_curves/heloc_mlp_128-64_dropout_0_3_history.csv,True,Final Attempt,21,6,Dataset/model result,True,True,False,False,False,False,True,Final Attempt audit BLOCKED; appendix/robustness only.,Generated from current filesystem inventory.
outputs/final_attempt/deep_tabular/deep_tabular_training_curves/heloc_mlp_128-64_elu_activation_curve.png,True,Final Attempt,,,Dataset/model result,True,False,False,False,False,False,True,Final Attempt audit BLOCKED; appendix/robustness only.,Generated from current filesystem inventory.
outputs/final_attempt/deep_tabular/deep_tabular_training_curves/heloc_mlp_128-64_elu_activation_history.csv,True,Final Attempt,43,6,Dataset/model result,True,True,False,False,False,False,True,Final Attempt audit BLOCKED; appendix/robustness only.,Generated from current filesystem inventory.
outputs/final_attempt/deep_tabular/deep_tabular_training_curves/heloc_mlp_128-64_focal_loss_experimental_curve.png,True,Final Attempt,,,Dataset/model result,True,False,False,False,False,False,True,Final Attempt audit BLOCKED; appendix/robustness only.,Generated from current filesystem inventory.
outputs/final_attempt/deep_tabular/deep_tabular_training_curves/heloc_mlp_128-64_focal_loss_experimental_history.csv,True,Final Attempt,36,6,Dataset/model result,True,True,False,False,False,False,True,Final Attempt audit BLOCKED; appendix/robustness only.,Generated from current filesystem inventory.
outputs/final_attempt/deep_tabular/deep_tabular_training_curves/heloc_mlp_128-64_kmeans_smote_train_only_curve.png,True,Final Attempt,,,Dataset/model result,True,False,False,False,False,False,True,Final Attempt audit BLOCKED; appendix/robustness only.,Generated from current filesystem inventory.
outputs/final_attempt/deep_tabular/deep_tabular_training_curves/heloc_mlp_128-64_kmeans_smote_train_only_history.csv,True,Final Attempt,17,6,Dataset/model result,True,True,False,False,False,False,True,Final Attempt audit BLOCKED; appendix/robustness only.,Generated from current filesystem inventory.
outputs/final_attempt/deep_tabular/deep_tabular_training_curves/heloc_mlp_128-64_none_curve.png,True,Final Attempt,,,Dataset/model result,True,False,False,False,False,False,True,Final Attempt audit BLOCKED; appendix/robustness only.,Generated from current filesystem inventory.
outputs/final_attempt/deep_tabular/deep_tabular_training_curves/heloc_mlp_128-64_none_history.csv,True,Final Attempt,38,6,Dataset/model result,True,True,False,False,False,False,True,Final Attempt audit BLOCKED; appendix/robustness only.,Generated from current filesystem inventory.
outputs/final_attempt/deep_tabular/deep_tabular_training_curves/heloc_mlp_128-64_relu_activation_curve.png,True,Final Attempt,,,Dataset/model result,True,False,False,False,False,False,True,Final Attempt audit BLOCKED; appendix/robustness only.,Generated from current filesystem inventory.
outputs/final_attempt/deep_tabular/deep_tabular_training_curves/heloc_mlp_128-64_relu_activation_history.csv,True,Final Attempt,33,6,Dataset/model result,True,True,False,False,False,False,True,Final Attempt audit BLOCKED; appendix/robustness only.,Generated from current filesystem inventory.
outputs/final_attempt/deep_tabular/deep_tabular_training_curves/heloc_mlp_128-64_relu_base_curve.png,True,Final Attempt,,,Dataset/model result,True,False,False,False,False,False,True,Final Attempt audit BLOCKED; appendix/robustness only.,Generated from current filesystem inventory.
outputs/final_attempt/deep_tabular/deep_tabular_training_curves/heloc_mlp_128-64_relu_base_history.csv,True,Final Attempt,24,6,Dataset/model result,True,True,False,False,False,False,True,Final Attempt audit BLOCKED; appendix/robustness only.,Generated from current filesystem inventory.
outputs/final_attempt/deep_tabular/deep_tabular_training_curves/heloc_mlp_128-64_smote_tomek_train_only_curve.png,True,Final Attempt,,,Dataset/model result,True,False,False,False,False,False,True,Final Attempt audit BLOCKED; appendix/robustness only.,Generated from current filesystem inventory.
outputs/final_attempt/deep_tabular/deep_tabular_training_curves/heloc_mlp_128-64_smote_tomek_train_only_history.csv,True,Final Attempt,49,6,Dataset/model result,True,True,False,False,False,False,True,Final Attempt audit BLOCKED; appendix/robustness only.,Generated from current filesystem inventory.
outputs/final_attempt/deep_tabular/deep_tabular_training_curves/heloc_mlp_128_relu_base_curve.png,True,Final Attempt,,,Dataset/model result,True,False,False,False,False,False,True,Final Attempt audit BLOCKED; appendix/robustness only.,Generated from current filesystem inventory.
outputs/final_attempt/deep_tabular/deep_tabular_training_curves/heloc_mlp_128_relu_base_history.csv,True,Final Attempt,34,6,Dataset/model result,True,True,False,False,False,False,True,Final Attempt audit BLOCKED; appendix/robustness only.,Generated from current filesystem inventory.
outputs/final_attempt/deep_tabular/deep_tabular_training_curves/heloc_mlp_128m64_l2_0.0001_curve.png,True,Final Attempt,,,Dataset/model result,True,False,False,False,False,False,True,Final Attempt audit BLOCKED; appendix/robustness only.,Generated from current filesystem inventory.
outputs/final_attempt/deep_tabular/deep_tabular_training_curves/heloc_mlp_128m64_l2_0.0001_history.csv,True,Final Attempt,13,6,Dataset/model result,True,True,False,False,False,False,True,Final Attempt audit BLOCKED; appendix/robustness only.,Generated from current filesystem inventory.
outputs/final_attempt/deep_tabular/deep_tabular_training_curves/heloc_mlp_128m64_l2_0.001_curve.png,True,Final Attempt,,,Dataset/model result,True,False,False,False,False,False,True,Final Attempt audit BLOCKED; appendix/robustness only.,Generated from current filesystem inventory.
outputs/final_attempt/deep_tabular/deep_tabular_training_curves/heloc_mlp_128m64_l2_0.001_history.csv,True,Final Attempt,33,6,Dataset/model result,True,True,False,False,False,False,True,Final Attempt audit BLOCKED; appendix/robustness only.,Generated from current filesystem inventory.
outputs/final_attempt/deep_tabular/deep_tabular_training_curves/heloc_mlp_128m64_l2_0_curve.png,True,Final Attempt,,,Dataset/model result,True,False,False,False,False,False,True,Final Attempt audit BLOCKED; appendix/robustness only.,Generated from current filesystem inventory.
outputs/final_attempt/deep_tabular/deep_tabular_training_curves/heloc_mlp_128m64_l2_0_history.csv,True,Final Attempt,24,6,Dataset/model result,True,True,False,False,False,False,True,Final Attempt audit BLOCKED; appendix/robustness only.,Generated from current filesystem inventory.
outputs/final_attempt/deep_tabular/deep_tabular_training_curves/heloc_mlp_128m64_l2_1em05_curve.png,True,Final Attempt,,,Dataset/model result,True,False,False,False,False,False,True,Final Attempt audit BLOCKED; appendix/robustness only.,Generated from current filesystem inventory.
outputs/final_attempt/deep_tabular/deep_tabular_training_curves/heloc_mlp_128m64_l2_1em05_history.csv,True,Final Attempt,29,6,Dataset/model result,True,True,False,False,False,False,True,Final Attempt audit BLOCKED; appendix/robustness only.,Generated from current filesystem inventory.
outputs/final_attempt/deep_tabular/deep_tabular_training_curves/heloc_mlp_128m64_lr_0.0001_batch_128_curve.png,True,Final Attempt,,,Dataset/model result,True,False,False,False,False,False,True,Final Attempt audit BLOCKED; appendix/robustness only.,Generated from current filesystem inventory.
outputs/final_attempt/deep_tabular/deep_tabular_training_curves/heloc_mlp_128m64_lr_0.0001_batch_128_history.csv,True,Final Attempt,18,6,Dataset/model result,True,True,False,False,False,False,True,Final Attempt audit BLOCKED; appendix/robustness only.,Generated from current filesystem inventory.
outputs/final_attempt/deep_tabular/deep_tabular_training_curves/heloc_mlp_128m64_lr_0.0001_batch_256_curve.png,True,Final Attempt,,,Dataset/model result,True,False,False,False,False,False,True,Final Attempt audit BLOCKED; appendix/robustness only.,Generated from current filesystem inventory.
outputs/final_attempt/deep_tabular/deep_tabular_training_curves/heloc_mlp_128m64_lr_0.0001_batch_256_history.csv,True,Final Attempt,31,6,Dataset/model result,True,True,False,False,False,False,True,Final Attempt audit BLOCKED; appendix/robustness only.,Generated from current filesystem inventory.
outputs/final_attempt/deep_tabular/deep_tabular_training_curves/heloc_mlp_128m64_lr_0.0001_batch_512_curve.png,True,Final Attempt,,,Dataset/model result,True,False,False,False,False,False,True,Final Attempt audit BLOCKED; appendix/robustness only.,Generated from current filesystem inventory.
outputs/final_attempt/deep_tabular/deep_tabular_training_curves/heloc_mlp_128m64_lr_0.0001_batch_512_history.csv,True,Final Attempt,75,6,Dataset/model result,True,True,False,False,False,False,True,Final Attempt audit BLOCKED; appendix/robustness only.,Generated from current filesystem inventory.
outputs/final_attempt/deep_tabular/deep_tabular_training_curves/heloc_mlp_128m64_lr_0.0003_batch_128_curve.png,True,Final Attempt,,,Dataset/model result,True,False,False,False,False,False,True,Final Attempt audit BLOCKED; appendix/robustness only.,Generated from current filesystem inventory.
outputs/final_attempt/deep_tabular/deep_tabular_training_curves/heloc_mlp_128m64_lr_0.0003_batch_128_history.csv,True,Final Attempt,13,6,Dataset/model result,True,True,False,False,False,False,True,Final Attempt audit BLOCKED; appendix/robustness only.,Generated from current filesystem inventory.
outputs/final_attempt/deep_tabular/deep_tabular_training_curves/heloc_mlp_128m64_lr_0.0003_batch_256_curve.png,True,Final Attempt,,,Dataset/model result,True,False,False,False,False,False,True,Final Attempt audit BLOCKED; appendix/robustness only.,Generated from current filesystem inventory.
outputs/final_attempt/deep_tabular/deep_tabular_training_curves/heloc_mlp_128m64_lr_0.0003_batch_256_history.csv,True,Final Attempt,17,6,Dataset/model result,True,True,False,False,False,False,True,Final Attempt audit BLOCKED; appendix/robustness only.,Generated from current filesystem inventory.
outputs/final_attempt/deep_tabular/deep_tabular_training_curves/heloc_mlp_128m64_lr_0.0003_batch_512_curve.png,True,Final Attempt,,,Dataset/model result,True,False,False,False,False,False,True,Final Attempt audit BLOCKED; appendix/robustness only.,Generated from current filesystem inventory.
outputs/final_attempt/deep_tabular/deep_tabular_training_curves/heloc_mlp_128m64_lr_0.0003_batch_512_history.csv,True,Final Attempt,23,6,Dataset/model result,True,True,False,False,False,False,True,Final Attempt audit BLOCKED; appendix/robustness only.,Generated from current filesystem inventory.
outputs/final_attempt/deep_tabular/deep_tabular_training_curves/heloc_mlp_128m64_lr_0.001_batch_128_curve.png,True,Final Attempt,,,Dataset/model result,True,False,False,False,False,False,True,Final Attempt audit BLOCKED; appendix/robustness only.,Generated from current filesystem inventory.
outputs/final_attempt/deep_tabular/deep_tabular_training_curves/heloc_mlp_128m64_lr_0.001_batch_128_history.csv,True,Final Attempt,11,6,Dataset/model result,True,True,False,False,False,False,True,Final Attempt audit BLOCKED; appendix/robustness only.,Generated from current filesystem inventory.
outputs/final_attempt/deep_tabular/deep_tabular_training_curves/heloc_mlp_128m64_lr_0.001_batch_256_curve.png,True,Final Attempt,,,Dataset/model result,True,False,False,False,False,False,True,Final Attempt audit BLOCKED; appendix/robustness only.,Generated from current filesystem inventory.
outputs/final_attempt/deep_tabular/deep_tabular_training_curves/heloc_mlp_128m64_lr_0.001_batch_256_history.csv,True,Final Attempt,17,6,Dataset/model result,True,True,False,False,False,False,True,Final Attempt audit BLOCKED; appendix/robustness only.,Generated from current filesystem inventory.
outputs/final_attempt/deep_tabular/deep_tabular_training_curves/heloc_mlp_128m64_lr_0.001_batch_512_curve.png,True,Final Attempt,,,Dataset/model result,True,False,False,False,False,False,True,Final Attempt audit BLOCKED; appendix/robustness only.,Generated from current filesystem inventory.
outputs/final_attempt/deep_tabular/deep_tabular_training_curves/heloc_mlp_128m64_lr_0.001_batch_512_history.csv,True,Final Attempt,16,6,Dataset/model result,True,True,False,False,False,False,True,Final Attempt audit BLOCKED; appendix/robustness only.,Generated from current filesystem inventory.
outputs/final_attempt/deep_tabular/deep_tabular_training_curves/heloc_mlp_256-128-64_focal_dropout_0_2_curve.png,True,Final Attempt,,,Dataset/model result,True,False,False,False,False,False,True,Final Attempt audit BLOCKED; appendix/robustness only.,Generated from current filesystem inventory.
outputs/final_attempt/deep_tabular/deep_tabular_training_curves/heloc_mlp_256-128-64_focal_dropout_0_2_history.csv,True,Final Attempt,21,6,Dataset/model result,True,True,False,False,False,False,True,Final Attempt audit BLOCKED; appendix/robustness only.,Generated from current filesystem inventory.
outputs/final_attempt/deep_tabular/deep_tabular_training_curves/heloc_mlp_256-128-64_relu_base_curve.png,True,Final Attempt,,,Dataset/model result,True,False,False,False,False,False,True,Final Attempt audit BLOCKED; appendix/robustness only.,Generated from current filesystem inventory.
outputs/final_attempt/deep_tabular/deep_tabular_training_curves/heloc_mlp_256-128-64_relu_base_history.csv,True,Final Attempt,15,6,Dataset/model result,True,True,False,False,False,False,True,Final Attempt audit BLOCKED; appendix/robustness only.,Generated from current filesystem inventory.
outputs/final_attempt/deep_tabular/deep_tabular_training_curves/heloc_mlp_256-128_relu_base_curve.png,True,Final Attempt,,,Dataset/model result,True,False,False,False,False,False,True,Final Attempt audit BLOCKED; appendix/robustness only.,Generated from current filesystem inventory.
outputs/final_attempt/deep_tabular/deep_tabular_training_curves/heloc_mlp_256-128_relu_base_history.csv,True,Final Attempt,14,6,Dataset/model result,True,True,False,False,False,False,True,Final Attempt audit BLOCKED; appendix/robustness only.,Generated from current filesystem inventory.
outputs/final_attempt/deep_tabular/deep_tabular_training_curves/heloc_mlp_256-128_smote_tomek_curve.png,True,Final Attempt,,,Dataset/model result,True,False,False,False,False,False,True,Final Attempt audit BLOCKED; appendix/robustness only.,Generated from current filesystem inventory.
outputs/final_attempt/deep_tabular/deep_tabular_training_curves/heloc_mlp_256-128_smote_tomek_history.csv,True,Final Attempt,16,6,Dataset/model result,True,True,False,False,False,False,True,Final Attempt audit BLOCKED; appendix/robustness only.,Generated from current filesystem inventory.
outputs/final_attempt/deep_tabular/deep_tabular_training_curves/heloc_mlp_64_relu_base_curve.png,True,Final Attempt,,,Dataset/model result,True,False,False,False,False,False,True,Final Attempt audit BLOCKED; appendix/robustness only.,Generated from current filesystem inventory.
outputs/final_attempt/deep_tabular/deep_tabular_training_curves/heloc_mlp_64_relu_base_history.csv,True,Final Attempt,63,6,Dataset/model result,True,True,False,False,False,False,True,Final Attempt audit BLOCKED; appendix/robustness only.,Generated from current filesystem inventory.
outputs/final_attempt/deep_tabular/deep_tabular_training_curves/taiwan_mlp_128-64-32_relu_base_curve.png,True,Final Attempt,,,Dataset/model result,True,False,False,False,False,False,True,Final Attempt audit BLOCKED; appendix/robustness only.,Generated from current filesystem inventory.
outputs/final_attempt/deep_tabular/deep_tabular_training_curves/taiwan_mlp_128-64-32_relu_base_history.csv,True,Final Attempt,55,6,Dataset/model result,True,True,False,False,False,False,True,Final Attempt audit BLOCKED; appendix/robustness only.,Generated from current filesystem inventory.
outputs/final_attempt/deep_tabular/deep_tabular_training_curves/taiwan_mlp_128-64_class_weight_balanced_curve.png,True,Final Attempt,,,Dataset/model result,True,False,False,False,False,False,True,Final Attempt audit BLOCKED; appendix/robustness only.,Generated from current filesystem inventory.
outputs/final_attempt/deep_tabular/deep_tabular_training_curves/taiwan_mlp_128-64_class_weight_balanced_history.csv,True,Final Attempt,56,6,Dataset/model result,True,True,False,False,False,False,True,Final Attempt audit BLOCKED; appendix/robustness only.,Generated from current filesystem inventory.
outputs/final_attempt/deep_tabular/deep_tabular_training_curves/taiwan_mlp_128-64_dropout_0_0_curve.png,True,Final Attempt,,,Dataset/model result,True,False,False,False,False,False,True,Final Attempt audit BLOCKED; appendix/robustness only.,Generated from current filesystem inventory.
outputs/final_attempt/deep_tabular/deep_tabular_training_curves/taiwan_mlp_128-64_dropout_0_0_history.csv,True,Final Attempt,20,6,Dataset/model result,True,True,False,False,False,False,True,Final Attempt audit BLOCKED; appendix/robustness only.,Generated from current filesystem inventory.
outputs/final_attempt/deep_tabular/deep_tabular_training_curves/taiwan_mlp_128-64_dropout_0_1_curve.png,True,Final Attempt,,,Dataset/model result,True,False,False,False,False,False,True,Final Attempt audit BLOCKED; appendix/robustness only.,Generated from current filesystem inventory.
outputs/final_attempt/deep_tabular/deep_tabular_training_curves/taiwan_mlp_128-64_dropout_0_1_history.csv,True,Final Attempt,57,6,Dataset/model result,True,True,False,False,False,False,True,Final Attempt audit BLOCKED; appendix/robustness only.,Generated from current filesystem inventory.
outputs/final_attempt/deep_tabular/deep_tabular_training_curves/taiwan_mlp_128-64_dropout_0_2_curve.png,True,Final Attempt,,,Dataset/model result,True,False,False,False,False,False,True,Final Attempt audit BLOCKED; appendix/robustness only.,Generated from current filesystem inventory.
outputs/final_attempt/deep_tabular/deep_tabular_training_curves/taiwan_mlp_128-64_dropout_0_2_history.csv,True,Final Attempt,52,6,Dataset/model result,True,True,False,False,False,False,True,Final Attempt audit BLOCKED; appendix/robustness only.,Generated from current filesystem inventory.
outputs/final_attempt/deep_tabular/deep_tabular_training_curves/taiwan_mlp_128-64_dropout_0_3_curve.png,True,Final Attempt,,,Dataset/model result,True,False,False,False,False,False,True,Final Attempt audit BLOCKED; appendix/robustness only.,Generated from current filesystem inventory.
outputs/final_attempt/deep_tabular/deep_tabular_training_curves/taiwan_mlp_128-64_dropout_0_3_history.csv,True,Final Attempt,58,6,Dataset/model result,True,True,False,False,False,False,True,Final Attempt audit BLOCKED; appendix/robustness only.,Generated from current filesystem inventory.
outputs/final_attempt/deep_tabular/deep_tabular_training_curves/taiwan_mlp_128-64_elu_activation_curve.png,True,Final Attempt,,,Dataset/model result,True,False,False,False,False,False,True,Final Attempt audit BLOCKED; appendix/robustness only.,Generated from current filesystem inventory.
outputs/final_attempt/deep_tabular/deep_tabular_training_curves/taiwan_mlp_128-64_elu_activation_history.csv,True,Final Attempt,63,6,Dataset/model result,True,True,False,False,False,False,True,Final Attempt audit BLOCKED; appendix/robustness only.,Generated from current filesystem inventory.
outputs/final_attempt/deep_tabular/deep_tabular_training_curves/taiwan_mlp_128-64_focal_loss_experimental_curve.png,True,Final Attempt,,,Dataset/model result,True,False,False,False,False,False,True,Final Attempt audit BLOCKED; appendix/robustness only.,Generated from current filesystem inventory.
outputs/final_attempt/deep_tabular/deep_tabular_training_curves/taiwan_mlp_128-64_focal_loss_experimental_history.csv,True,Final Attempt,45,6,Dataset/model result,True,True,False,False,False,False,True,Final Attempt audit BLOCKED; appendix/robustness only.,Generated from current filesystem inventory.
outputs/final_attempt/deep_tabular/deep_tabular_training_curves/taiwan_mlp_128-64_kmeans_smote_train_only_curve.png,True,Final Attempt,,,Dataset/model result,True,False,False,False,False,False,True,Final Attempt audit BLOCKED; appendix/robustness only.,Generated from current filesystem inventory.
outputs/final_attempt/deep_tabular/deep_tabular_training_curves/taiwan_mlp_128-64_kmeans_smote_train_only_history.csv,True,Final Attempt,25,6,Dataset/model result,True,True,False,False,False,False,True,Final Attempt audit BLOCKED; appendix/robustness only.,Generated from current filesystem inventory.
outputs/final_attempt/deep_tabular/deep_tabular_training_curves/taiwan_mlp_128-64_none_curve.png,True,Final Attempt,,,Dataset/model result,True,False,False,False,False,False,True,Final Attempt audit BLOCKED; appendix/robustness only.,Generated from current filesystem inventory.
outputs/final_attempt/deep_tabular/deep_tabular_training_curves/taiwan_mlp_128-64_none_history.csv,True,Final Attempt,31,6,Dataset/model result,True,True,False,False,False,False,True,Final Attempt audit BLOCKED; appendix/robustness only.,Generated from current filesystem inventory.
outputs/final_attempt/deep_tabular/deep_tabular_training_curves/taiwan_mlp_128-64_relu_activation_curve.png,True,Final Attempt,,,Dataset/model result,True,False,False,False,False,False,True,Final Attempt audit BLOCKED; appendix/robustness only.,Generated from current filesystem inventory.
outputs/final_attempt/deep_tabular/deep_tabular_training_curves/taiwan_mlp_128-64_relu_activation_history.csv,True,Final Attempt,44,6,Dataset/model result,True,True,False,False,False,False,True,Final Attempt audit BLOCKED; appendix/robustness only.,Generated from current filesystem inventory.
outputs/final_attempt/deep_tabular/deep_tabular_training_curves/taiwan_mlp_128-64_relu_base_curve.png,True,Final Attempt,,,Dataset/model result,True,False,False,False,False,False,True,Final Attempt audit BLOCKED; appendix/robustness only.,Generated from current filesystem inventory.
outputs/final_attempt/deep_tabular/deep_tabular_training_curves/taiwan_mlp_128-64_relu_base_history.csv,True,Final Attempt,42,6,Dataset/model result,True,True,False,False,False,False,True,Final Attempt audit BLOCKED; appendix/robustness only.,Generated from current filesystem inventory.
outputs/final_attempt/deep_tabular/deep_tabular_training_curves/taiwan_mlp_128-64_smote_tomek_train_only_curve.png,True,Final Attempt,,,Dataset/model result,True,False,False,False,False,False,True,Final Attempt audit BLOCKED; appendix/robustness only.,Generated from current filesystem inventory.
outputs/final_attempt/deep_tabular/deep_tabular_training_curves/taiwan_mlp_128-64_smote_tomek_train_only_history.csv,True,Final Attempt,25,6,Dataset/model result,True,True,False,False,False,False,True,Final Attempt audit BLOCKED; appendix/robustness only.,Generated from current filesystem inventory.
outputs/final_attempt/deep_tabular/deep_tabular_training_curves/taiwan_mlp_128_relu_base_curve.png,True,Final Attempt,,,Dataset/model result,True,False,False,False,False,False,True,Final Attempt audit BLOCKED; appendix/robustness only.,Generated from current filesystem inventory.
outputs/final_attempt/deep_tabular/deep_tabular_training_curves/taiwan_mlp_128_relu_base_history.csv,True,Final Attempt,42,6,Dataset/model result,True,True,False,False,False,False,True,Final Attempt audit BLOCKED; appendix/robustness only.,Generated from current filesystem inventory.
outputs/final_attempt/deep_tabular/deep_tabular_training_curves/taiwan_mlp_128m64_l2_0.0001_curve.png,True,Final Attempt,,,Dataset/model result,True,False,False,False,False,False,True,Final Attempt audit BLOCKED; appendix/robustness only.,Generated from current filesystem inventory.
outputs/final_attempt/deep_tabular/deep_tabular_training_curves/taiwan_mlp_128m64_l2_0.0001_history.csv,True,Final Attempt,41,6,Dataset/model result,True,True,False,False,False,False,True,Final Attempt audit BLOCKED; appendix/robustness only.,Generated from current filesystem inventory.
outputs/final_attempt/deep_tabular/deep_tabular_training_curves/taiwan_mlp_128m64_l2_0.001_curve.png,True,Final Attempt,,,Dataset/model result,True,False,False,False,False,False,True,Final Attempt audit BLOCKED; appendix/robustness only.,Generated from current filesystem inventory.
outputs/final_attempt/deep_tabular/deep_tabular_training_curves/taiwan_mlp_128m64_l2_0.001_history.csv,True,Final Attempt,55,6,Dataset/model result,True,True,False,False,False,False,True,Final Attempt audit BLOCKED; appendix/robustness only.,Generated from current filesystem inventory.
outputs/final_attempt/deep_tabular/deep_tabular_training_curves/taiwan_mlp_128m64_l2_0_curve.png,True,Final Attempt,,,Dataset/model result,True,False,False,False,False,False,True,Final Attempt audit BLOCKED; appendix/robustness only.,Generated from current filesystem inventory.
outputs/final_attempt/deep_tabular/deep_tabular_training_curves/taiwan_mlp_128m64_l2_0_history.csv,True,Final Attempt,42,6,Dataset/model result,True,True,False,False,False,False,True,Final Attempt audit BLOCKED; appendix/robustness only.,Generated from current filesystem inventory.
outputs/final_attempt/deep_tabular/deep_tabular_training_curves/taiwan_mlp_128m64_l2_1em05_curve.png,True,Final Attempt,,,Dataset/model result,True,False,False,False,False,False,True,Final Attempt audit BLOCKED; appendix/robustness only.,Generated from current filesystem inventory.
outputs/final_attempt/deep_tabular/deep_tabular_training_curves/taiwan_mlp_128m64_l2_1em05_history.csv,True,Final Attempt,55,6,Dataset/model result,True,True,False,False,False,False,True,Final Attempt audit BLOCKED; appendix/robustness only.,Generated from current filesystem inventory.
outputs/final_attempt/deep_tabular/deep_tabular_training_curves/taiwan_mlp_128m64_lr_0.0001_batch_128_curve.png,True,Final Attempt,,,Dataset/model result,True,False,False,False,False,False,True,Final Attempt audit BLOCKED; appendix/robustness only.,Generated from current filesystem inventory.
outputs/final_attempt/deep_tabular/deep_tabular_training_curves/taiwan_mlp_128m64_lr_0.0001_batch_128_history.csv,True,Final Attempt,58,6,Dataset/model result,True,True,False,False,False,False,True,Final Attempt audit BLOCKED; appendix/robustness only.,Generated from current filesystem inventory.
outputs/final_attempt/deep_tabular/deep_tabular_training_curves/taiwan_mlp_128m64_lr_0.0001_batch_256_curve.png,True,Final Attempt,,,Dataset/model result,True,False,False,False,False,False,True,Final Attempt audit BLOCKED; appendix/robustness only.,Generated from current filesystem inventory.
outputs/final_attempt/deep_tabular/deep_tabular_training_curves/taiwan_mlp_128m64_lr_0.0001_batch_256_history.csv,True,Final Attempt,54,6,Dataset/model result,True,True,False,False,False,False,True,Final Attempt audit BLOCKED; appendix/robustness only.,Generated from current filesystem inventory.
outputs/final_attempt/deep_tabular/deep_tabular_training_curves/taiwan_mlp_128m64_lr_0.0001_batch_512_curve.png,True,Final Attempt,,,Dataset/model result,True,False,False,False,False,False,True,Final Attempt audit BLOCKED; appendix/robustness only.,Generated from current filesystem inventory.
outputs/final_attempt/deep_tabular/deep_tabular_training_curves/taiwan_mlp_128m64_lr_0.0001_batch_512_history.csv,True,Final Attempt,100,6,Dataset/model result,True,True,False,False,False,False,True,Final Attempt audit BLOCKED; appendix/robustness only.,Generated from current filesystem inventory.
outputs/final_attempt/deep_tabular/deep_tabular_training_curves/taiwan_mlp_128m64_lr_0.0003_batch_128_curve.png,True,Final Attempt,,,Dataset/model result,True,False,False,False,False,False,True,Final Attempt audit BLOCKED; appendix/robustness only.,Generated from current filesystem inventory.
outputs/final_attempt/deep_tabular/deep_tabular_training_curves/taiwan_mlp_128m64_lr_0.0003_batch_128_history.csv,True,Final Attempt,32,6,Dataset/model result,True,True,False,False,False,False,True,Final Attempt audit BLOCKED; appendix/robustness only.,Generated from current filesystem inventory.
outputs/final_attempt/deep_tabular/deep_tabular_training_curves/taiwan_mlp_128m64_lr_0.0003_batch_256_curve.png,True,Final Attempt,,,Dataset/model result,True,False,False,False,False,False,True,Final Attempt audit BLOCKED; appendix/robustness only.,Generated from current filesystem inventory.
outputs/final_attempt/deep_tabular/deep_tabular_training_curves/taiwan_mlp_128m64_lr_0.0003_batch_256_history.csv,True,Final Attempt,34,6,Dataset/model result,True,True,False,False,False,False,True,Final Attempt audit BLOCKED; appendix/robustness only.,Generated from current filesystem inventory.
outputs/final_attempt/deep_tabular/deep_tabular_training_curves/taiwan_mlp_128m64_lr_0.0003_batch_512_curve.png,True,Final Attempt,,,Dataset/model result,True,False,False,False,False,False,True,Final Attempt audit BLOCKED; appendix/robustness only.,Generated from current filesystem inventory.
outputs/final_attempt/deep_tabular/deep_tabular_training_curves/taiwan_mlp_128m64_lr_0.0003_batch_512_history.csv,True,Final Attempt,64,6,Dataset/model result,True,True,False,False,False,False,True,Final Attempt audit BLOCKED; appendix/robustness only.,Generated from current filesystem inventory.
outputs/final_attempt/deep_tabular/deep_tabular_training_curves/taiwan_mlp_128m64_lr_0.001_batch_128_curve.png,True,Final Attempt,,,Dataset/model result,True,False,False,False,False,False,True,Final Attempt audit BLOCKED; appendix/robustness only.,Generated from current filesystem inventory.
outputs/final_attempt/deep_tabular/deep_tabular_training_curves/taiwan_mlp_128m64_lr_0.001_batch_128_history.csv,True,Final Attempt,29,6,Dataset/model result,True,True,False,False,False,False,True,Final Attempt audit BLOCKED; appendix/robustness only.,Generated from current filesystem inventory.
outputs/final_attempt/deep_tabular/deep_tabular_training_curves/taiwan_mlp_128m64_lr_0.001_batch_256_curve.png,True,Final Attempt,,,Dataset/model result,True,False,False,False,False,False,True,Final Attempt audit BLOCKED; appendix/robustness only.,Generated from current filesystem inventory.
outputs/final_attempt/deep_tabular/deep_tabular_training_curves/taiwan_mlp_128m64_lr_0.001_batch_256_history.csv,True,Final Attempt,29,6,Dataset/model result,True,True,False,False,False,False,True,Final Attempt audit BLOCKED; appendix/robustness only.,Generated from current filesystem inventory.
outputs/final_attempt/deep_tabular/deep_tabular_training_curves/taiwan_mlp_128m64_lr_0.001_batch_512_curve.png,True,Final Attempt,,,Dataset/model result,True,False,False,False,False,False,True,Final Attempt audit BLOCKED; appendix/robustness only.,Generated from current filesystem inventory.
outputs/final_attempt/deep_tabular/deep_tabular_training_curves/taiwan_mlp_128m64_lr_0.001_batch_512_history.csv,True,Final Attempt,28,6,Dataset/model result,True,True,False,False,False,False,True,Final Attempt audit BLOCKED; appendix/robustness only.,Generated from current filesystem inventory.
outputs/final_attempt/deep_tabular/deep_tabular_training_curves/taiwan_mlp_256-128-64_focal_dropout_0_2_curve.png,True,Final Attempt,,,Dataset/model result,True,False,False,False,False,False,True,Final Attempt audit BLOCKED; appendix/robustness only.,Generated from current filesystem inventory.
outputs/final_attempt/deep_tabular/deep_tabular_training_curves/taiwan_mlp_256-128-64_focal_dropout_0_2_history.csv,True,Final Attempt,33,6,Dataset/model result,True,True,False,False,False,False,True,Final Attempt audit BLOCKED; appendix/robustness only.,Generated from current filesystem inventory.
outputs/final_attempt/deep_tabular/deep_tabular_training_curves/taiwan_mlp_256-128-64_relu_base_curve.png,True,Final Attempt,,,Dataset/model result,True,False,False,False,False,False,True,Final Attempt audit BLOCKED; appendix/robustness only.,Generated from current filesystem inventory.
outputs/final_attempt/deep_tabular/deep_tabular_training_curves/taiwan_mlp_256-128-64_relu_base_history.csv,True,Final Attempt,32,6,Dataset/model result,True,True,False,False,False,False,True,Final Attempt audit BLOCKED; appendix/robustness only.,Generated from current filesystem inventory.
outputs/final_attempt/deep_tabular/deep_tabular_training_curves/taiwan_mlp_256-128_relu_base_curve.png,True,Final Attempt,,,Dataset/model result,True,False,False,False,False,False,True,Final Attempt audit BLOCKED; appendix/robustness only.,Generated from current filesystem inventory.
outputs/final_attempt/deep_tabular/deep_tabular_training_curves/taiwan_mlp_256-128_relu_base_history.csv,True,Final Attempt,24,6,Dataset/model result,True,True,False,False,False,False,True,Final Attempt audit BLOCKED; appendix/robustness only.,Generated from current filesystem inventory.
outputs/final_attempt/deep_tabular/deep_tabular_training_curves/taiwan_mlp_256-128_smote_tomek_curve.png,True,Final Attempt,,,Dataset/model result,True,False,False,False,False,False,True,Final Attempt audit BLOCKED; appendix/robustness only.,Generated from current filesystem inventory.
outputs/final_attempt/deep_tabular/deep_tabular_training_curves/taiwan_mlp_256-128_smote_tomek_history.csv,True,Final Attempt,22,6,Dataset/model result,True,True,False,False,False,False,True,Final Attempt audit BLOCKED; appendix/robustness only.,Generated from current filesystem inventory.
outputs/final_attempt/deep_tabular/deep_tabular_training_curves/taiwan_mlp_64_relu_base_curve.png,True,Final Attempt,,,Dataset/model result,True,False,False,False,False,False,True,Final Attempt audit BLOCKED; appendix/robustness only.,Generated from current filesystem inventory.
outputs/final_attempt/deep_tabular/deep_tabular_training_curves/taiwan_mlp_64_relu_base_history.csv,True,Final Attempt,70,6,Dataset/model result,True,True,False,False,False,False,True,Final Attempt audit BLOCKED; appendix/robustness only.,Generated from current filesystem inventory.
outputs/final_attempt/deep_tabular/deep_tabular_validation_all.csv,True,Final Attempt,768,64,Validation-only selection evidence,True,True,True,False,False,False,True,Final Attempt audit BLOCKED; appendix/robustness only.,Generated from current filesystem inventory.
outputs/final_attempt/final_selection/final_multitrack_selection_heloc.csv,True,Final Attempt,7,43,Validation-only selection evidence,False,True,True,False,True,False,True,Final Attempt audit BLOCKED; appendix/robustness only.,Generated from current filesystem inventory.
outputs/final_attempt/final_selection/final_multitrack_selection_taiwan.csv,True,Final Attempt,7,43,Validation-only selection evidence,False,True,True,False,True,False,True,Final Attempt audit BLOCKED; appendix/robustness only.,Generated from current filesystem inventory.
outputs/final_attempt/final_selection/final_selected_locked_policies.json,True,Final Attempt,96,,Project artifact,False,True,True,True,True,False,True,Final Attempt audit BLOCKED; appendix/robustness only.,Generated from current filesystem inventory.
outputs/final_attempt/final_selection/final_selection_summary.md,True,Final Attempt,49,,Validation-only selection evidence,False,True,False,True,False,False,True,Final Attempt audit BLOCKED; appendix/robustness only.,Generated from current filesystem inventory.
outputs/final_attempt/imbalance_boosting/advanced_imbalance_best_configs.csv,True,Final Attempt,2310,53,Project artifact,False,True,True,True,False,False,True,Final Attempt audit BLOCKED; appendix/robustness only.,Generated from current filesystem inventory.
outputs/final_attempt/imbalance_boosting/advanced_imbalance_calibration_comparison.csv,True,Final Attempt,330,24,Calibration evidence,False,True,True,False,False,False,True,Final Attempt audit BLOCKED; appendix/robustness only.,Generated from current filesystem inventory.
outputs/final_attempt/imbalance_boosting/advanced_imbalance_locked_configs.csv,True,Final Attempt,2,53,Project artifact,False,True,True,False,False,False,True,Final Attempt audit BLOCKED; appendix/robustness only.,Generated from current filesystem inventory.
outputs/final_attempt/imbalance_boosting/advanced_imbalance_locked_test_heloc.csv,True,Final Attempt,1,46,Locked held-out test evidence,False,True,True,False,False,False,True,Final Attempt audit BLOCKED; appendix/robustness only.,Generated from current filesystem inventory.
outputs/final_attempt/imbalance_boosting/advanced_imbalance_locked_test_taiwan.csv,True,Final Attempt,1,46,Locked held-out test evidence,False,True,True,False,False,False,True,Final Attempt audit BLOCKED; appendix/robustness only.,Generated from current filesystem inventory.
outputs/final_attempt/imbalance_boosting/advanced_imbalance_protocol_audit.json,True,Final Attempt,12,,Audit / validation evidence,True,True,True,False,True,False,True,Final Attempt audit BLOCKED; appendix/robustness only.,Generated from current filesystem inventory.
outputs/final_attempt/imbalance_boosting/advanced_imbalance_summary.md,True,Final Attempt,62,,Project artifact,False,True,False,False,False,False,True,Final Attempt audit BLOCKED; appendix/robustness only.,Generated from current filesystem inventory.
outputs/final_attempt/imbalance_boosting/advanced_imbalance_validation_all.csv,True,Final Attempt,2310,51,Validation-only selection evidence,False,True,True,False,False,False,True,Final Attempt audit BLOCKED; appendix/robustness only.,Generated from current filesystem inventory.
outputs/final_attempt/interpretable_models/ebm_global_terms_heloc.csv,True,Final Attempt,41,7,Dataset/model result,False,False,False,True,False,False,True,Final Attempt audit BLOCKED; appendix/robustness only.,Generated from current filesystem inventory.
outputs/final_attempt/interpretable_models/ebm_global_terms_taiwan.csv,True,Final Attempt,40,7,Dataset/model result,False,False,False,True,False,False,True,Final Attempt audit BLOCKED; appendix/robustness only.,Generated from current filesystem inventory.
outputs/final_attempt/interpretable_models/heloc_ebm_i10_lr0.01_bins256_ob8_ib4_leaf2_isotonic.joblib,True,Final Attempt,,,Dataset/model result,False,False,False,False,False,False,True,Final Attempt audit BLOCKED; appendix/robustness only.,Generated from current filesystem inventory.
outputs/final_attempt/interpretable_models/heloc_ebm_i10_lr0.01_bins256_ob8_ib4_leaf5_isotonic.joblib,True,Final Attempt,,,Dataset/model result,False,False,False,False,False,False,True,Final Attempt audit BLOCKED; appendix/robustness only.,Generated from current filesystem inventory.
outputs/final_attempt/interpretable_models/heloc_scorecard_woe_unweighted_uncalibrated.joblib,True,Final Attempt,,,Dataset/model result,False,False,False,False,False,False,True,Final Attempt audit BLOCKED; appendix/robustness only.,Generated from current filesystem inventory.
outputs/final_attempt/interpretable_models/interpetable_models_summary.md,True,Final Attempt,46,,Project artifact,False,True,False,True,False,False,True,Final Attempt audit BLOCKED; appendix/robustness only.,Generated from current filesystem inventory.
outputs/final_attempt/interpretable_models/interpretable_failures_heloc.csv,True,Final Attempt,0,4,Dataset/model result,False,False,False,False,False,False,True,Final Attempt audit BLOCKED; appendix/robustness only.,Generated from current filesystem inventory.
outputs/final_attempt/interpretable_models/interpretable_failures_taiwan.csv,True,Final Attempt,0,4,Dataset/model result,False,False,False,False,False,False,True,Final Attempt audit BLOCKED; appendix/robustness only.,Generated from current filesystem inventory.
outputs/final_attempt/interpretable_models/interpretable_models_best_configs.csv,True,Final Attempt,5328,47,Project artifact,False,True,True,True,False,False,True,Final Attempt audit BLOCKED; appendix/robustness only.,Generated from current filesystem inventory.
outputs/final_attempt/interpretable_models/interpretable_models_locked_test_heloc.csv,True,Final Attempt,3,37,Locked held-out test evidence,False,False,True,False,False,False,True,Final Attempt audit BLOCKED; appendix/robustness only.,Generated from current filesystem inventory.
outputs/final_attempt/interpretable_models/interpretable_models_locked_test_taiwan.csv,True,Final Attempt,3,37,Locked held-out test evidence,False,False,True,False,False,False,True,Final Attempt audit BLOCKED; appendix/robustness only.,Generated from current filesystem inventory.
outputs/final_attempt/interpretable_models/interpretable_models_protocol_audit.json,True,Final Attempt,15,,Audit / validation evidence,True,True,True,False,True,False,True,Final Attempt audit BLOCKED; appendix/robustness only.,Generated from current filesystem inventory.
outputs/final_attempt/interpretable_models/interpretable_models_summary.md,True,Final Attempt,46,,Project artifact,False,True,False,True,False,False,True,Final Attempt audit BLOCKED; appendix/robustness only.,Generated from current filesystem inventory.
outputs/final_attempt/interpretable_models/interpretable_models_validation_all.csv,True,Final Attempt,5328,47,Validation-only selection evidence,False,True,True,True,False,False,True,Final Attempt audit BLOCKED; appendix/robustness only.,Generated from current filesystem inventory.
outputs/final_attempt/interpretable_models/monotonic_constraint_report.csv,True,Final Attempt,284,7,Project artifact,False,False,False,False,False,False,True,Final Attempt audit BLOCKED; appendix/robustness only.,Generated from current filesystem inventory.
outputs/final_attempt/interpretable_models/monotonic_global_terms.csv,True,Final Attempt,90,8,Project artifact,False,False,False,True,False,False,True,Final Attempt audit BLOCKED; appendix/robustness only.,Generated from current filesystem inventory.
outputs/final_attempt/interpretable_models/scorecard_reason_codes.csv,True,Final Attempt,71,8,Project artifact,False,False,False,True,False,False,True,Final Attempt audit BLOCKED; appendix/robustness only.,Generated from current filesystem inventory.
outputs/final_attempt/interpretable_models/taiwan_monotonic_lightgbm_base_sigmoid.joblib,True,Final Attempt,,,Dataset/model result,False,False,False,False,False,False,True,Final Attempt audit BLOCKED; appendix/robustness only.,Generated from current filesystem inventory.
outputs/final_attempt/interpretable_models/taiwan_monotonic_lightgbm_conservative_uncalibrated.joblib,True,Final Attempt,,,Dataset/model result,False,False,False,False,False,False,True,Final Attempt audit BLOCKED; appendix/robustness only.,Generated from current filesystem inventory.
outputs/final_attempt/interpretable_models/taiwan_monotonic_xgboost_base_uncalibrated.joblib,True,Final Attempt,,,Dataset/model result,False,False,False,False,False,False,True,Final Attempt audit BLOCKED; appendix/robustness only.,Generated from current filesystem inventory.
outputs/final_attempt/literature_reproduction/literature_reproduction_best_configs.csv,True,Final Attempt,42,46,Project artifact,True,True,True,True,False,False,True,Final Attempt audit BLOCKED; appendix/robustness only.,Generated from current filesystem inventory.
outputs/final_attempt/literature_reproduction/literature_reproduction_config_summaries.csv,True,Final Attempt,42,45,Project artifact,True,True,True,False,False,False,True,Final Attempt audit BLOCKED; appendix/robustness only.,Generated from current filesystem inventory.
outputs/final_attempt/literature_reproduction/literature_reproduction_locked_configs.csv,True,Final Attempt,2,19,Project artifact,False,True,True,False,False,False,True,Final Attempt audit BLOCKED; appendix/robustness only.,Generated from current filesystem inventory.
outputs/final_attempt/literature_reproduction/literature_reproduction_locked_test_heloc.csv,True,Final Attempt,1,41,Locked held-out test evidence,False,True,True,False,False,False,True,Final Attempt audit BLOCKED; appendix/robustness only.,Generated from current filesystem inventory.
outputs/final_attempt/literature_reproduction/literature_reproduction_locked_test_taiwan.csv,True,Final Attempt,1,41,Locked held-out test evidence,False,True,True,False,False,False,True,Final Attempt audit BLOCKED; appendix/robustness only.,Generated from current filesystem inventory.
outputs/final_attempt/literature_reproduction/literature_reproduction_summary.md,True,Final Attempt,48,,Project artifact,False,True,False,False,True,False,True,Final Attempt audit BLOCKED; appendix/robustness only.,Generated from current filesystem inventory.
outputs/final_attempt/literature_reproduction/literature_reproduction_validation_all.csv,True,Final Attempt,288,53,Validation-only selection evidence,True,True,True,False,False,False,True,Final Attempt audit BLOCKED; appendix/robustness only.,Generated from current filesystem inventory.
outputs/final_attempt/locked_test/final_locked_test_evaluation_heloc.csv,True,Final Attempt,4,47,Locked held-out test evidence,False,False,True,False,False,False,True,Final Attempt audit BLOCKED; appendix/robustness only.,Generated from current filesystem inventory.
outputs/final_attempt/locked_test/final_locked_test_evaluation_summary.md,True,Final Attempt,47,,Locked held-out test evidence,False,False,True,True,False,False,True,Final Attempt audit BLOCKED; appendix/robustness only.,Generated from current filesystem inventory.
outputs/final_attempt/locked_test/final_locked_test_evaluation_taiwan.csv,True,Final Attempt,4,47,Locked held-out test evidence,False,False,True,False,False,False,True,Final Attempt audit BLOCKED; appendix/robustness only.,Generated from current filesystem inventory.
outputs/final_attempt/protocol/final_attempt_input_inventory.csv,True,Final Attempt,20,12,Project artifact,False,False,False,False,False,False,True,Final Attempt audit BLOCKED; appendix/robustness only.,Generated from current filesystem inventory.
outputs/final_attempt/protocol/FINAL_ATTEMPT_PROTOCOL.md,True,Final Attempt,87,,Project artifact,True,True,False,True,True,False,True,Final Attempt audit BLOCKED; appendix/robustness only.,Generated from current filesystem inventory.
outputs/final_attempt/protocol/v2_baseline_freeze.csv,True,Final Attempt,2,53,Project artifact,False,True,True,True,True,False,True,Final Attempt audit BLOCKED; appendix/robustness only.,Generated from current filesystem inventory.
outputs/final_attempt/report_to_user/FINAL_ATTEMPT_RESULTS_FOR_CHATGPT.md,True,Final Attempt,81,,Project artifact,False,True,True,True,True,False,True,Final Attempt audit BLOCKED; appendix/robustness only.,Generated from current filesystem inventory.
outputs/final_decision_summary.md,True,Unknown,51,,Project artifact,False,True,False,True,True,False,False,,Generated from current filesystem inventory.
outputs/final_frozen_v2/final_attempt_usage_status.md,True,V2 Frozen,33,,Project artifact,False,False,False,True,True,True,True,,Generated from current filesystem inventory.
outputs/final_frozen_v2/final_claim_control_matrix.csv,True,V2 Frozen,12,6,Claim control,False,False,False,False,False,True,True,,Generated from current filesystem inventory.
outputs/final_frozen_v2/final_readiness_check.md,True,V2 Frozen,28,,Project artifact,False,False,False,False,True,True,True,,Generated from current filesystem inventory.
outputs/final_frozen_v2/final_v2_audit_summary.md,True,V2 Frozen,23,,Audit / validation evidence,False,False,False,True,True,True,True,,Generated from current filesystem inventory.
outputs/final_frozen_v2/final_v2_do_not_claim.md,True,V2 Frozen,15,,Claim control,False,True,False,False,True,True,True,,Generated from current filesystem inventory.
outputs/final_frozen_v2/final_v2_heloc_operational_policy.csv,True,V2 Frozen,1,14,Dataset/model result,False,False,False,False,True,True,True,,Generated from current filesystem inventory.
outputs/final_frozen_v2/final_v2_main_result_table.md,True,V2 Frozen,16,,Project artifact,False,True,False,False,True,True,True,,Generated from current filesystem inventory.
outputs/final_frozen_v2/final_v2_model_roles.md,True,V2 Frozen,43,,Project artifact,False,True,False,True,True,True,True,,Generated from current filesystem inventory.
outputs/final_frozen_v2/final_v2_safe_claims.md,True,V2 Frozen,12,,Claim control,False,True,False,False,True,True,True,,Generated from current filesystem inventory.
outputs/final_frozen_v2/final_v2_taiwan_operational_policy.csv,True,V2 Frozen,1,14,Dataset/model result,False,False,False,False,True,True,True,,Generated from current filesystem inventory.
outputs/final_frozen_v2/generate_final_claim_control_matrix.py,True,V2 Frozen,,,Claim control,False,False,False,False,False,True,True,,Generated from current filesystem inventory.
outputs/final_frozen_v2/generate_final_frozen_v2.py,True,V2 Frozen,,,Project artifact,False,False,False,False,False,True,True,,Generated from current filesystem inventory.
outputs/final_frozen_v2/manual_review_metric_definitions.md,True,V2 Frozen,114,,Project artifact,False,False,False,False,True,True,True,,Generated from current filesystem inventory.
outputs/final_frozen_v2/source_final_audit_v2.md,True,V2 Frozen,86,,Audit / validation evidence,False,True,True,True,True,True,True,,Generated from current filesystem inventory.
outputs/final_frozen_v2/source_final_safe_recommendation.md,True,V2 Frozen,55,,Project artifact,False,True,True,True,False,True,True,,Generated from current filesystem inventory.
outputs/final_frozen_v2/source_locked_test_evaluation_heloc.csv,True,V2 Frozen,1,47,Locked held-out test evidence,False,True,True,False,False,True,True,,Generated from current filesystem inventory.
outputs/final_frozen_v2/source_locked_test_evaluation_taiwan.csv,True,V2 Frozen,1,47,Locked held-out test evidence,False,True,True,False,False,True,True,,Generated from current filesystem inventory.
outputs/final_positioning_statement.md,True,Unknown,10,,Project artifact,False,True,False,True,False,False,False,,Generated from current filesystem inventory.
outputs/final_project_inventory/all_key_results_summary.csv,True,Unknown,14,26,Project artifact,False,False,False,False,True,False,False,,Generated from current filesystem inventory.
outputs/final_project_inventory/audit_interpretation.md,True,Unknown,8,,Audit / validation evidence,False,False,False,True,True,False,False,,Generated from current filesystem inventory.
outputs/final_project_inventory/audit_summary_table.csv,True,Unknown,4,13,Audit / validation evidence,False,False,True,True,True,False,False,,Generated from current filesystem inventory.
outputs/final_project_inventory/evidence_file_inventory.csv,True,Unknown,655,13,Project artifact,False,True,True,True,True,False,False,,Generated from current filesystem inventory.
outputs/final_project_inventory/final_fix_or_freeze_decision.md,True,Unknown,12,,Project artifact,False,False,False,False,True,False,False,,Generated from current filesystem inventory.
outputs/final_project_inventory/final_story_academic_en.md,True,Unknown,8,,Project artifact,False,True,False,False,True,False,False,,Generated from current filesystem inventory.
outputs/final_project_inventory/final_story_short.md,True,Unknown,4,,Project artifact,False,True,False,False,True,False,False,,Generated from current filesystem inventory.
outputs/final_project_inventory/final_story_teacher_tr.md,True,Unknown,10,,Project artifact,False,True,False,False,True,False,False,,Generated from current filesystem inventory.
outputs/final_project_inventory/generate_final_project_inventory.py,True,Unknown,,,Project artifact,False,False,False,False,False,False,False,,Generated from current filesystem inventory.
outputs/final_project_inventory/literature_positioning_summary.md,True,Unknown,6,,Project artifact,False,True,False,False,True,False,False,,Generated from current filesystem inventory.
outputs/final_project_inventory/literature_positioning_table.csv,True,Unknown,7,7,Project artifact,False,False,False,False,False,False,False,,Generated from current filesystem inventory.
outputs/final_project_inventory/report_usage_plan.md,True,Unknown,32,,Project artifact,False,False,False,True,True,False,False,,Generated from current filesystem inventory.
outputs/final_project_inventory/scre_role_assessment.md,True,Unknown,19,,SCRE-Credit framework evidence,False,False,False,True,False,False,False,,Generated from current filesystem inventory.
outputs/final_project_inventory/SEND_TO_CHATGPT_FINAL_INVENTORY.md,True,Unknown,65,,Project artifact,False,True,True,True,True,False,False,,Generated from current filesystem inventory.
outputs/final_project_inventory/v2_vs_final_attempt_decision.csv,True,Final Attempt,10,5,Project artifact,False,False,False,True,False,False,False,,Generated from current filesystem inventory.
outputs/final_project_inventory/v2_vs_final_attempt_decision.md,True,Final Attempt,6,,Project artifact,False,False,False,False,True,False,False,,Generated from current filesystem inventory.
outputs/final_revision_audit.md,True,Unknown,44,,Audit / validation evidence,False,True,False,True,True,False,False,,Generated from current filesystem inventory.
outputs/final_weakness_closing/audit/final_weakness_closing_audit.csv,True,Weakness Closing,44,6,Audit / validation evidence,False,False,False,False,True,False,True,,Generated from current filesystem inventory.
outputs/final_weakness_closing/audit/final_weakness_closing_audit.md,True,Weakness Closing,57,,Audit / validation evidence,False,True,True,True,True,False,True,,Generated from current filesystem inventory.
outputs/final_weakness_closing/capacity_review/capacity_candidate_inventory.csv,True,Weakness Closing,14,6,Capacity-aware review / Lift@K,False,False,False,False,False,False,True,,Generated from current filesystem inventory.
outputs/final_weakness_closing/capacity_review/capacity_model_comparison.csv,True,Weakness Closing,14,12,Capacity-aware review / Lift@K,False,False,True,False,False,False,True,,Generated from current filesystem inventory.
outputs/final_weakness_closing/capacity_review/capacity_review_heloc.csv,True,Weakness Closing,88,35,Capacity-aware review / Lift@K,False,True,True,False,False,False,True,,Generated from current filesystem inventory.
outputs/final_weakness_closing/capacity_review/capacity_review_summary.md,True,Weakness Closing,58,,Capacity-aware review / Lift@K,True,True,False,True,True,False,True,,Generated from current filesystem inventory.
outputs/final_weakness_closing/capacity_review/capacity_review_taiwan.csv,True,Weakness Closing,88,35,Capacity-aware review / Lift@K,False,True,True,False,False,False,True,,Generated from current filesystem inventory.
outputs/final_weakness_closing/capacity_review/cumulative_gains_heloc.png,True,Weakness Closing,,,Dataset/model result,False,False,False,False,False,False,True,,Generated from current filesystem inventory.
outputs/final_weakness_closing/capacity_review/cumulative_gains_taiwan.png,True,Weakness Closing,,,Dataset/model result,False,False,False,False,False,False,True,,Generated from current filesystem inventory.
outputs/final_weakness_closing/capacity_review/lift_curve_heloc.png,True,Weakness Closing,,,Capacity-aware review / Lift@K,False,False,False,False,False,False,True,,Generated from current filesystem inventory.
outputs/final_weakness_closing/capacity_review/lift_curve_taiwan.png,True,Weakness Closing,,,Capacity-aware review / Lift@K,False,False,False,False,False,False,True,,Generated from current filesystem inventory.
outputs/final_weakness_closing/cost_sensitivity/cost_decision_summary.md,True,Weakness Closing,45,,Threshold / cost analysis,True,True,False,True,False,False,True,,Generated from current filesystem inventory.
outputs/final_weakness_closing/cost_sensitivity/cost_sensitivity_all.csv,True,Weakness Closing,1120,36,Threshold / cost analysis,False,False,True,True,False,False,True,,Generated from current filesystem inventory.
outputs/final_weakness_closing/cost_sensitivity/cost_sensitivity_heloc.csv,True,Weakness Closing,560,36,Threshold / cost analysis,False,False,True,True,False,False,True,,Generated from current filesystem inventory.
outputs/final_weakness_closing/cost_sensitivity/cost_sensitivity_taiwan.csv,True,Weakness Closing,560,36,Threshold / cost analysis,False,False,True,True,False,False,True,,Generated from current filesystem inventory.
outputs/final_weakness_closing/cost_sensitivity/decision_curve_heloc.csv,True,Weakness Closing,1120,17,Decision curve / net benefit,False,False,True,False,False,False,True,,Generated from current filesystem inventory.
outputs/final_weakness_closing/cost_sensitivity/decision_curve_heloc.png,True,Weakness Closing,,,Decision curve / net benefit,False,False,False,False,False,False,True,,Generated from current filesystem inventory.
outputs/final_weakness_closing/cost_sensitivity/decision_curve_taiwan.csv,True,Weakness Closing,1120,17,Decision curve / net benefit,False,False,True,False,False,False,True,,Generated from current filesystem inventory.
outputs/final_weakness_closing/cost_sensitivity/decision_curve_taiwan.png,True,Weakness Closing,,,Decision curve / net benefit,False,False,False,False,False,False,True,,Generated from current filesystem inventory.
outputs/final_weakness_closing/final_selection/final_selected_version.json,True,Weakness Closing,27,,Project artifact,False,True,False,False,True,False,True,,Generated from current filesystem inventory.
outputs/final_weakness_closing/final_selection/final_selection_summary.md,True,Weakness Closing,41,,Validation-only selection evidence,False,True,False,True,True,False,True,,Generated from current filesystem inventory.
outputs/final_weakness_closing/final_selection/v2_vs_v3_selection_heloc.csv,True,Weakness Closing,6,24,Validation-only selection evidence,False,True,True,False,True,False,True,,Generated from current filesystem inventory.
outputs/final_weakness_closing/final_selection/v2_vs_v3_selection_taiwan.csv,True,Weakness Closing,6,24,Validation-only selection evidence,False,True,True,False,True,False,True,,Generated from current filesystem inventory.
outputs/final_weakness_closing/heloc_specificity/heloc_scorecard_calibration_comparison.csv,True,Weakness Closing,3,14,Calibration evidence,False,True,True,False,False,False,True,,Generated from current filesystem inventory.
outputs/final_weakness_closing/heloc_specificity/heloc_specificity_locked_test.csv,True,Weakness Closing,3,48,Locked held-out test evidence,False,True,True,False,False,False,True,,Generated from current filesystem inventory.
outputs/final_weakness_closing/heloc_specificity/heloc_specificity_recall_tradeoff.png,True,Weakness Closing,,,Dataset/model result,False,False,False,False,False,False,True,,Generated from current filesystem inventory.
outputs/final_weakness_closing/heloc_specificity/heloc_specificity_summary.md,True,Weakness Closing,34,,Dataset/model result,True,True,True,False,True,False,True,,Generated from current filesystem inventory.
outputs/final_weakness_closing/heloc_specificity/heloc_specificity_validation_all.csv,True,Weakness Closing,122482,48,Validation-only selection evidence,False,True,True,False,False,False,True,Diagnostic test columns exist; not selection evidence.,Generated from current filesystem inventory.
outputs/final_weakness_closing/instance_cost/high_exposure_error_analysis_heloc.csv,True,Weakness Closing,48,17,Dataset/model result,False,False,False,True,False,False,True,,Generated from current filesystem inventory.
outputs/final_weakness_closing/instance_cost/high_exposure_error_analysis_taiwan.csv,True,Weakness Closing,64,17,Dataset/model result,False,False,False,True,False,False,True,,Generated from current filesystem inventory.
outputs/final_weakness_closing/instance_cost/instance_cost_summary.md,True,Weakness Closing,51,,Threshold / cost analysis,True,False,False,True,True,False,True,,Generated from current filesystem inventory.
outputs/final_weakness_closing/instance_cost/instance_dependent_cost_heloc.csv,True,Weakness Closing,48,33,Threshold / cost analysis,False,False,True,True,False,False,True,,Generated from current filesystem inventory.
outputs/final_weakness_closing/instance_cost/instance_dependent_cost_taiwan.csv,True,Weakness Closing,64,33,Threshold / cost analysis,False,False,True,True,False,False,True,,Generated from current filesystem inventory.
outputs/final_weakness_closing/metric_repair/final_attempt_manual_review_3x2_heloc.csv,True,Weakness Closing,6,38,Dataset/model result,False,False,True,False,False,False,True,,Generated from current filesystem inventory.
outputs/final_weakness_closing/metric_repair/final_attempt_manual_review_3x2_taiwan.csv,True,Weakness Closing,6,38,Dataset/model result,False,False,True,False,False,False,True,,Generated from current filesystem inventory.
outputs/final_weakness_closing/metric_repair/final_attempt_metric_repair_summary.md,True,Weakness Closing,29,,Project artifact,False,False,False,False,True,False,True,,Generated from current filesystem inventory.
outputs/final_weakness_closing/metric_repair/final_attempt_repaired_audit_check.csv,True,Weakness Closing,4,41,Audit / validation evidence,False,False,True,False,True,False,True,,Generated from current filesystem inventory.
outputs/final_weakness_closing/protocol/allowed_vs_forbidden_actions.md,True,Weakness Closing,42,,Project artifact,False,True,False,True,True,False,True,,Generated from current filesystem inventory.
outputs/final_weakness_closing/protocol/v2_reference_freeze.csv,True,Weakness Closing,2,15,Project artifact,False,False,False,False,True,False,True,,Generated from current filesystem inventory.
outputs/final_weakness_closing/protocol/WEAKNESS_CLOSING_PROTOCOL.md,True,Weakness Closing,143,,Project artifact,False,True,False,True,True,False,True,,Generated from current filesystem inventory.
outputs/final_weakness_closing/scre_prioritization/scre_rank_stability.csv,True,Weakness Closing,38,13,SCRE-Credit framework evidence,True,False,False,True,False,False,True,,Generated from current filesystem inventory.
outputs/final_weakness_closing/scre_prioritization/scre_role_summary.md,True,Weakness Closing,38,,SCRE-Credit framework evidence,True,True,False,True,False,False,True,,Generated from current filesystem inventory.
outputs/final_weakness_closing/scre_prioritization/scre_safe_claims.md,True,Weakness Closing,15,,Claim control,False,False,False,True,True,False,True,,Generated from current filesystem inventory.
outputs/final_weakness_closing/scre_prioritization/scre_score_decomposition.csv,True,Weakness Closing,16,16,SCRE-Credit framework evidence,False,False,True,False,False,False,True,,Generated from current filesystem inventory.
outputs/final_weakness_closing/scre_prioritization/scre_topk_review_heloc.csv,True,Weakness Closing,14,18,SCRE-Credit framework evidence,False,False,True,False,False,False,True,,Generated from current filesystem inventory.
outputs/final_weakness_closing/scre_prioritization/scre_topk_review_taiwan.csv,True,Weakness Closing,14,18,SCRE-Credit framework evidence,False,False,True,False,False,False,True,,Generated from current filesystem inventory.
outputs/final_weakness_closing/segment_thresholds/segment_policy_locked_test_heloc.csv,True,Weakness Closing,3,25,Locked held-out test evidence,False,True,True,False,False,False,True,,Generated from current filesystem inventory.
outputs/final_weakness_closing/segment_thresholds/segment_policy_locked_test_taiwan.csv,True,Weakness Closing,3,25,Locked held-out test evidence,False,True,True,False,False,False,True,,Generated from current filesystem inventory.
outputs/final_weakness_closing/segment_thresholds/segment_policy_summary.md,True,Weakness Closing,38,,Project artifact,False,True,False,True,True,False,True,,Generated from current filesystem inventory.
outputs/final_weakness_closing/segment_thresholds/segment_policy_validation_heloc.csv,True,Weakness Closing,900,34,Validation-only selection evidence,False,True,True,True,False,False,True,,Generated from current filesystem inventory.
outputs/final_weakness_closing/segment_thresholds/segment_policy_validation_taiwan.csv,True,Weakness Closing,900,34,Validation-only selection evidence,False,True,True,True,False,False,True,,Generated from current filesystem inventory.
outputs/final_weakness_closing/send_to_chatgpt/WEAKNESS_CLOSING_RESULTS_FOR_CHATGPT.md,True,Weakness Closing,64,,Project artifact,False,True,False,True,True,False,True,,Generated from current filesystem inventory.
outputs/final_weakness_closing/taiwan_recall/taiwan_recall_mr_cost_tradeoff.png,True,Weakness Closing,,,Threshold / cost analysis,False,False,False,False,False,False,True,,Generated from current filesystem inventory.
outputs/final_weakness_closing/taiwan_recall/taiwan_recall_policy_locked_test.csv,True,Weakness Closing,3,40,Locked held-out test evidence,False,True,True,False,False,False,True,,Generated from current filesystem inventory.
outputs/final_weakness_closing/taiwan_recall/taiwan_recall_policy_validation_all.csv,True,Weakness Closing,16290,37,Validation-only selection evidence,False,True,True,False,False,False,True,Diagnostic test columns exist; not selection evidence.,Generated from current filesystem inventory.
outputs/final_weakness_closing/taiwan_recall/taiwan_recall_precision_tradeoff.png,True,Weakness Closing,,,Dataset/model result,False,False,False,False,False,False,True,,Generated from current filesystem inventory.
outputs/final_weakness_closing/taiwan_recall/taiwan_recall_tradeoff_summary.md,True,Weakness Closing,30,,Dataset/model result,True,True,True,False,True,False,True,,Generated from current filesystem inventory.
outputs/final_weakness_closing/temporal_robustness/pseudo_temporal_robustness.csv,True,Weakness Closing,60,30,Project artifact,False,True,False,False,False,False,True,,Generated from current filesystem inventory.
outputs/final_weakness_closing/temporal_robustness/temporal_data_availability_check.md,True,Weakness Closing,16,,Project artifact,False,True,False,False,False,False,True,,Generated from current filesystem inventory.
outputs/final_weakness_closing/temporal_robustness/temporal_robustness_summary.md,True,Weakness Closing,21,,Project artifact,False,True,False,False,False,False,True,,Generated from current filesystem inventory.
outputs/full_project_discussion_report/data_cleaning_audit.csv,True,Unknown,22,5,Audit / validation evidence,False,False,False,False,True,False,False,,Generated from current filesystem inventory.
outputs/full_project_discussion_report/DATASET_COLUMN_DICTIONARY.csv,True,Unknown,49,15,Project artifact,False,False,False,False,False,False,False,,Generated from current filesystem inventory.
outputs/full_project_discussion_report/EVALUATION_METRICS_DICTIONARY.csv,True,Unknown,21,6,Project artifact,False,False,False,False,False,False,False,,Generated from current filesystem inventory.
outputs/full_project_discussion_report/EXPERIMENT_INVENTORY_ALL.csv,True,Unknown,10,6,Project artifact,False,False,False,False,False,False,False,,Generated from current filesystem inventory.
outputs/full_project_discussion_report/file_inventory.csv,True,Unknown,1074,15,Project artifact,True,True,True,True,True,False,False,,Generated from current filesystem inventory.
outputs/full_project_discussion_report/FINAL_CLAIM_CONTROL_TABLE.csv,True,Unknown,17,6,Claim control,False,False,False,False,False,False,False,,Generated from current filesystem inventory.
outputs/full_project_discussion_report/FINAL_DECISION_EXPLAINED.md,True,Unknown,35,,Project artifact,False,True,False,True,True,False,False,,Generated from current filesystem inventory.
outputs/full_project_discussion_report/FULL_PROJECT_DETAILED_REPORT_FOR_TEACHER_TR.md,True,Unknown,34,,Project artifact,False,True,False,False,True,False,False,,Generated from current filesystem inventory.
outputs/full_project_discussion_report/FULL_PROJECT_DETAILED_REPORT_TR.md,True,Unknown,72,,Project artifact,False,True,False,True,True,False,False,,Generated from current filesystem inventory.
outputs/full_project_discussion_report/literature_positioning_table.csv,True,Unknown,11,7,Project artifact,False,False,False,False,False,False,False,,Generated from current filesystem inventory.
outputs/full_project_discussion_report/MODEL_AND_POLICY_RESULTS_SUMMARY.csv,True,Unknown,14,26,Project artifact,False,False,False,False,True,False,False,,Generated from current filesystem inventory.
outputs/full_project_discussion_report/TABLE_FIGURE_PLACEMENT_PLAN.csv,True,Unknown,14,6,Project artifact,False,False,False,False,False,False,False,,Generated from current filesystem inventory.
outputs/full_project_discussion_report/TEACHER_QA_PREPARATION.md,True,Unknown,123,,Project artifact,False,True,False,True,True,False,False,,Generated from current filesystem inventory.
outputs/full_project_discussion_report/USED_UNUSED_FEATURES.csv,True,Unknown,27,13,Project artifact,False,False,False,False,False,False,False,,Generated from current filesystem inventory.
outputs/full_project_discussion_report/WHAT_WORKED_WHAT_FAILED.csv,True,Unknown,12,6,Project artifact,False,False,False,False,False,False,False,,Generated from current filesystem inventory.
outputs/homework_delivery_pack/delivery_pack_file_inventory.csv,True,Unknown,38,5,Project artifact,False,False,False,False,False,False,False,,Generated from current filesystem inventory.
outputs/homework_delivery_pack/environment/pip_freeze.txt,True,Unknown,83,,Project artifact,False,False,False,False,False,False,False,,Generated from current filesystem inventory.
outputs/homework_delivery_pack/environment/precheck_command_log.txt,True,Unknown,101,,Project artifact,False,False,False,False,False,False,False,,Generated from current filesystem inventory.
outputs/homework_delivery_pack/environment/pwd.txt,True,Unknown,7,,Project artifact,False,False,False,False,False,False,False,,Generated from current filesystem inventory.
outputs/homework_delivery_pack/environment/python_version.txt,True,Unknown,2,,Project artifact,False,False,False,False,False,False,False,,Generated from current filesystem inventory.
outputs/homework_delivery_pack/environment/tree_L3_requested.txt,True,Unknown,1,,Project artifact,False,False,False,False,False,False,False,,Generated from current filesystem inventory.
outputs/homework_delivery_pack/environment/tree_windows_fallback.txt,True,Unknown,1,,Project artifact,False,False,False,False,False,False,False,,Generated from current filesystem inventory.
outputs/homework_delivery_pack/figures/ablation_cost_vs_auc.png,True,Figures,,,Threshold / cost analysis,False,False,False,False,False,False,False,,Generated from current filesystem inventory.
outputs/homework_delivery_pack/figures/ablation_results_barplot.png,True,Figures,,,Project artifact,False,False,False,False,False,False,False,,Generated from current filesystem inventory.
outputs/homework_delivery_pack/figures/calibration_curve.png,True,Figures,,,Calibration evidence,False,False,False,False,False,False,False,,Generated from current filesystem inventory.
outputs/homework_delivery_pack/figures/calibration_curve_heloc.png,True,Figures,,,Calibration evidence,False,False,False,False,False,False,False,,Generated from current filesystem inventory.
outputs/homework_delivery_pack/figures/calibration_curve_taiwan.png,True,Figures,,,Calibration evidence,False,False,False,False,False,False,False,,Generated from current filesystem inventory.
outputs/homework_delivery_pack/figures/cost_curve.png,True,Figures,,,Threshold / cost analysis,False,False,False,False,False,False,False,,Generated from current filesystem inventory.
outputs/homework_delivery_pack/figures/cost_curve_heloc.png,True,Figures,,,Threshold / cost analysis,False,False,False,False,False,False,False,,Generated from current filesystem inventory.
outputs/homework_delivery_pack/figures/cost_curve_taiwan.png,True,Figures,,,Threshold / cost analysis,False,False,False,False,False,False,False,,Generated from current filesystem inventory.
outputs/homework_delivery_pack/figures/kendalls_w_comparison.png,True,Figures,,,Project artifact,False,False,False,False,False,False,False,,Generated from current filesystem inventory.
outputs/homework_delivery_pack/figures/manual_review_band_distribution_heloc.png,True,Figures,,,Dataset/model result,False,False,False,False,False,False,False,,Generated from current filesystem inventory.
outputs/homework_delivery_pack/figures/manual_review_band_distribution_taiwan.png,True,Figures,,,Dataset/model result,False,False,False,False,False,False,False,,Generated from current filesystem inventory.
outputs/homework_delivery_pack/figures/precision_recall_curves.png,True,Figures,,,Project artifact,False,False,False,False,False,False,False,,Generated from current filesystem inventory.
outputs/homework_delivery_pack/figures/roc_curves.png,True,Figures,,,Project artifact,False,False,False,False,False,False,False,,Generated from current filesystem inventory.
outputs/homework_delivery_pack/figures/shap/external_validation_heloc/global_bar.png,True,Figures,,,Project artifact,False,True,False,False,False,False,False,,Generated from current filesystem inventory.
outputs/homework_delivery_pack/figures/shap/external_validation_heloc/global_beeswarm.png,True,Figures,,,Project artifact,False,True,False,False,False,False,False,,Generated from current filesystem inventory.
outputs/homework_delivery_pack/figures/shap/global_bar.png,True,Figures,,,Project artifact,False,False,False,False,False,False,False,,Generated from current filesystem inventory.
outputs/homework_delivery_pack/figures/shap/global_beeswarm.png,True,Figures,,,Project artifact,False,False,False,False,False,False,False,,Generated from current filesystem inventory.
outputs/homework_delivery_pack/figures/shap_rank_stability_heatmap.png,True,Figures,,,Explainability evidence,False,False,False,True,False,False,False,,Generated from current filesystem inventory.
outputs/homework_delivery_pack/figures/taiwan_vs_heloc_calibration.png,True,Figures,,,Calibration evidence,False,False,False,False,False,False,False,,Generated from current filesystem inventory.
outputs/homework_delivery_pack/figures/taiwan_vs_heloc_metrics.png,True,Figures,,,Dataset/model result,False,False,False,False,False,False,False,,Generated from current filesystem inventory.
outputs/homework_delivery_pack/FREEZE_SUMMARY.txt,True,Unknown,6,,Project artifact,False,False,False,False,True,False,False,,Generated from current filesystem inventory.
outputs/homework_delivery_pack/HOMEWORK_FREEZE_AUDIT.md,True,Unknown,82,,Audit / validation evidence,False,True,False,True,True,False,False,,Generated from current filesystem inventory.
outputs/homework_delivery_pack/project_metadata/final_positioning_statement.md,True,Unknown,10,,Project artifact,False,True,False,True,False,False,False,,Generated from current filesystem inventory.
outputs/homework_delivery_pack/project_metadata/final_revision_audit.md,True,Unknown,44,,Audit / validation evidence,False,True,False,True,True,False,False,,Generated from current filesystem inventory.
outputs/homework_delivery_pack/project_metadata/PROJECT_SCOPE.md,True,Unknown,52,,Project artifact,True,True,False,False,True,False,False,,Generated from current filesystem inventory.
outputs/homework_delivery_pack/project_metadata/README.md,True,Unknown,44,,Project artifact,False,True,False,False,True,False,False,,Generated from current filesystem inventory.
outputs/homework_delivery_pack/project_metadata/requirements.txt,True,Unknown,22,,Project artifact,False,False,False,False,False,False,False,,Generated from current filesystem inventory.
outputs/homework_delivery_pack/project_metadata/run_all.py,True,Unknown,,,Project artifact,False,False,False,False,False,False,False,,Generated from current filesystem inventory.
outputs/homework_delivery_pack/tables/claim_control_matrix.csv,True,Original SCRE / Core Tables,12,7,Claim control,False,False,False,False,False,False,False,,Generated from current filesystem inventory.
outputs/homework_delivery_pack/tables/final_decision_matrix.csv,True,Original SCRE / Core Tables,11,9,Project artifact,False,False,False,True,True,False,False,,Generated from current filesystem inventory.
outputs/homework_delivery_pack/tables/final_winners_heloc.csv,True,Original SCRE / Core Tables,9,13,Dataset/model result,False,False,False,True,False,False,False,,Generated from current filesystem inventory.
outputs/homework_delivery_pack/tables/final_winners_taiwan.csv,True,Original SCRE / Core Tables,9,13,Dataset/model result,False,False,False,True,False,False,False,,Generated from current filesystem inventory.
outputs/homework_delivery_pack/tables/kendalls_w_stability_heloc.csv,True,Original SCRE / Core Tables,16,19,Dataset/model result,False,False,False,False,False,False,False,,Generated from current filesystem inventory.
outputs/homework_delivery_pack/tables/kendalls_w_stability_taiwan.csv,True,Original SCRE / Core Tables,20,19,Dataset/model result,False,False,False,False,False,False,False,,Generated from current filesystem inventory.
outputs/homework_delivery_pack/tables/scre_revision_global_comparison.csv,True,Original SCRE / Core Tables,16,23,SCRE-Credit framework evidence,False,False,False,True,False,False,False,,Generated from current filesystem inventory.
outputs/homework_delivery_pack/tables/statistical_tests_cleaned.csv,True,Original SCRE / Core Tables,84,25,Project artifact,False,False,True,True,False,False,False,,Generated from current filesystem inventory.
outputs/lime/local_explanations/borderline_manual_review_row_5360.png,True,Unknown,,,Project artifact,False,False,False,False,False,False,False,,Generated from current filesystem inventory.
outputs/lime/local_explanations/borderline_manual_review_row_727.png,True,Unknown,,,Project artifact,False,False,False,False,False,False,False,,Generated from current filesystem inventory.
outputs/lime/local_explanations/false_negative_row_982.png,True,Unknown,,,Project artifact,False,False,False,False,False,False,False,,Generated from current filesystem inventory.
outputs/lime/local_explanations/false_positive_row_28747.png,True,Unknown,,,Project artifact,False,False,False,False,False,False,False,,Generated from current filesystem inventory.
outputs/lime/local_explanations/true_negative_row_260.png,True,Unknown,,,Project artifact,False,False,False,False,False,False,False,,Generated from current filesystem inventory.
outputs/lime/local_explanations/true_negative_row_28850.png,True,Unknown,,,Project artifact,False,False,False,False,False,False,False,,Generated from current filesystem inventory.
outputs/lime/local_explanations/true_positive_row_27536.png,True,Unknown,,,Project artifact,False,False,False,False,False,False,False,,Generated from current filesystem inventory.
outputs/models/ablation_study/a6_without_engineered_catboost_isotonic.joblib,True,Models,,,Project artifact,False,False,False,False,False,False,False,,Generated from current filesystem inventory.
outputs/models/ablation_study/a6_without_engineered_class_weighted_lightgbm_isotonic.joblib,True,Models,,,Project artifact,False,False,False,False,False,False,False,,Generated from current filesystem inventory.
outputs/models/ablation_study/a6_without_engineered_class_weighted_logistic_regression_isotonic.joblib,True,Models,,,Project artifact,False,False,False,False,False,False,False,,Generated from current filesystem inventory.
outputs/models/ablation_study/a6_without_engineered_decision_tree_isotonic.joblib,True,Models,,,Project artifact,False,False,False,False,False,False,False,,Generated from current filesystem inventory.
outputs/models/ablation_study/a6_without_engineered_lightgbm_isotonic.joblib,True,Models,,,Project artifact,False,False,False,False,False,False,False,,Generated from current filesystem inventory.
outputs/models/ablation_study/a6_without_engineered_logistic_regression_isotonic.joblib,True,Models,,,Project artifact,False,False,False,False,False,False,False,,Generated from current filesystem inventory.
outputs/models/ablation_study/a6_without_engineered_majority_baseline_isotonic.joblib,True,Models,,,Project artifact,False,False,False,False,False,False,False,,Generated from current filesystem inventory.
outputs/models/ablation_study/a6_without_engineered_monotonic_lightgbm_isotonic.joblib,True,Models,,,Project artifact,False,False,False,False,False,False,False,,Generated from current filesystem inventory.
outputs/models/ablation_study/a6_without_engineered_monotonic_xgboost_isotonic.joblib,True,Models,,,Project artifact,False,False,False,False,False,False,False,,Generated from current filesystem inventory.
outputs/models/ablation_study/a6_without_engineered_optuna_best_catboost_isotonic.joblib,True,Models,,,Project artifact,False,False,False,False,False,False,False,,Generated from current filesystem inventory.
outputs/models/ablation_study/a6_without_engineered_random_forest_isotonic.joblib,True,Models,,,Project artifact,False,False,False,False,False,False,False,,Generated from current filesystem inventory.
outputs/models/ablation_study/a6_without_engineered_smotenc_xgboost_sigmoid.joblib,True,Models,,,Project artifact,False,False,False,False,False,False,False,,Generated from current filesystem inventory.
outputs/models/ablation_study/a6_without_engineered_woe_scorecard_logistic_regression_isotonic.joblib,True,Models,,,Project artifact,False,False,False,False,False,False,False,,Generated from current filesystem inventory.
outputs/models/ablation_study/a6_without_engineered_xgboost_isotonic.joblib,True,Models,,,Project artifact,False,False,False,False,False,False,False,,Generated from current filesystem inventory.
outputs/models/baselines/heloc/class_weighted_logistic_regression.joblib,True,Models,,,Project artifact,False,False,False,False,False,False,False,,Generated from current filesystem inventory.
outputs/models/baselines/heloc/decision_tree.joblib,True,Models,,,Project artifact,False,False,False,False,False,False,False,,Generated from current filesystem inventory.
outputs/models/baselines/heloc/logistic_regression.joblib,True,Models,,,Project artifact,False,False,False,False,False,False,False,,Generated from current filesystem inventory.
outputs/models/baselines/heloc/majority_baseline.joblib,True,Models,,,Project artifact,False,False,False,False,False,False,False,,Generated from current filesystem inventory.
outputs/models/baselines/heloc/random_forest.joblib,True,Models,,,Project artifact,False,False,False,False,False,False,False,,Generated from current filesystem inventory.
outputs/models/baselines/heloc/woe_scorecard_logistic_regression.joblib,True,Models,,,Project artifact,False,False,False,False,False,False,False,,Generated from current filesystem inventory.
outputs/models/baselines/taiwan/class_weighted_logistic_regression.joblib,True,Models,,,Project artifact,False,False,False,False,False,False,False,,Generated from current filesystem inventory.
outputs/models/baselines/taiwan/decision_tree.joblib,True,Models,,,Project artifact,False,False,False,False,False,False,False,,Generated from current filesystem inventory.
outputs/models/baselines/taiwan/logistic_regression.joblib,True,Models,,,Project artifact,False,False,False,False,False,False,False,,Generated from current filesystem inventory.
outputs/models/baselines/taiwan/majority_baseline.joblib,True,Models,,,Project artifact,False,False,False,False,False,False,False,,Generated from current filesystem inventory.
outputs/models/baselines/taiwan/random_forest.joblib,True,Models,,,Project artifact,False,False,False,False,False,False,False,,Generated from current filesystem inventory.
outputs/models/baselines/taiwan/woe_scorecard_logistic_regression.joblib,True,Models,,,Project artifact,False,False,False,False,False,False,False,,Generated from current filesystem inventory.
outputs/models/boosting/heloc/catboost.joblib,True,Models,,,Project artifact,False,False,False,False,False,False,False,,Generated from current filesystem inventory.
outputs/models/boosting/heloc/class_weighted_lightgbm.joblib,True,Models,,,Project artifact,False,False,False,False,False,False,False,,Generated from current filesystem inventory.
outputs/models/boosting/heloc/lightgbm.joblib,True,Models,,,Project artifact,False,False,False,False,False,False,False,,Generated from current filesystem inventory.
outputs/models/boosting/heloc/smotenc_xgboost.joblib,True,Models,,,Project artifact,False,False,False,False,False,False,False,,Generated from current filesystem inventory.
outputs/models/boosting/heloc/xgboost.joblib,True,Models,,,Project artifact,False,False,False,False,False,False,False,,Generated from current filesystem inventory.
outputs/models/boosting/taiwan/catboost.joblib,True,Models,,,Project artifact,False,False,False,False,False,False,False,,Generated from current filesystem inventory.
outputs/models/boosting/taiwan/class_weighted_lightgbm.joblib,True,Models,,,Project artifact,False,False,False,False,False,False,False,,Generated from current filesystem inventory.
outputs/models/boosting/taiwan/lightgbm.joblib,True,Models,,,Project artifact,False,False,False,False,False,False,False,,Generated from current filesystem inventory.
outputs/models/boosting/taiwan/smotenc_xgboost.joblib,True,Models,,,Project artifact,False,False,False,False,False,False,False,,Generated from current filesystem inventory.
outputs/models/boosting/taiwan/xgboost.joblib,True,Models,,,Project artifact,False,False,False,False,False,False,False,,Generated from current filesystem inventory.
outputs/models/boosting/tuned/heloc_optuna_best_xgboost.joblib,True,Models,,,Dataset/model result,False,False,False,False,False,False,False,,Generated from current filesystem inventory.
outputs/models/boosting/tuned/heloc_optuna_study.joblib,True,Models,,,Dataset/model result,False,False,False,False,False,False,False,,Generated from current filesystem inventory.
outputs/models/boosting/tuned/taiwan_optuna_best_catboost.joblib,True,Models,,,Dataset/model result,False,False,False,False,False,False,False,,Generated from current filesystem inventory.
outputs/models/boosting/tuned/taiwan_optuna_study.joblib,True,Models,,,Dataset/model result,False,False,False,False,False,False,False,,Generated from current filesystem inventory.
outputs/models/calibrated/heloc/catboost_isotonic.joblib,True,Models,,,Project artifact,False,False,False,False,False,False,False,,Generated from current filesystem inventory.
outputs/models/calibrated/heloc/catboost_sigmoid.joblib,True,Models,,,Project artifact,False,False,False,False,False,False,False,,Generated from current filesystem inventory.
outputs/models/calibrated/heloc/catboost_uncalibrated.joblib,True,Models,,,Project artifact,False,False,False,False,False,False,False,,Generated from current filesystem inventory.
outputs/models/calibrated/heloc/class_weighted_lightgbm_isotonic.joblib,True,Models,,,Project artifact,False,False,False,False,False,False,False,,Generated from current filesystem inventory.
outputs/models/calibrated/heloc/class_weighted_lightgbm_sigmoid.joblib,True,Models,,,Project artifact,False,False,False,False,False,False,False,,Generated from current filesystem inventory.
outputs/models/calibrated/heloc/class_weighted_lightgbm_uncalibrated.joblib,True,Models,,,Project artifact,False,False,False,False,False,False,False,,Generated from current filesystem inventory.
outputs/models/calibrated/heloc/class_weighted_logistic_regression_isotonic.joblib,True,Models,,,Project artifact,False,False,False,False,False,False,False,,Generated from current filesystem inventory.
outputs/models/calibrated/heloc/class_weighted_logistic_regression_sigmoid.joblib,True,Models,,,Project artifact,False,False,False,False,False,False,False,,Generated from current filesystem inventory.
outputs/models/calibrated/heloc/class_weighted_logistic_regression_uncalibrated.joblib,True,Models,,,Project artifact,False,False,False,False,False,False,False,,Generated from current filesystem inventory.
outputs/models/calibrated/heloc/decision_tree_isotonic.joblib,True,Models,,,Project artifact,False,False,False,False,False,False,False,,Generated from current filesystem inventory.
outputs/models/calibrated/heloc/decision_tree_sigmoid.joblib,True,Models,,,Project artifact,False,False,False,False,False,False,False,,Generated from current filesystem inventory.
outputs/models/calibrated/heloc/decision_tree_uncalibrated.joblib,True,Models,,,Project artifact,False,False,False,False,False,False,False,,Generated from current filesystem inventory.
outputs/models/calibrated/heloc/lightgbm_isotonic.joblib,True,Models,,,Project artifact,False,False,False,False,False,False,False,,Generated from current filesystem inventory.
outputs/models/calibrated/heloc/lightgbm_sigmoid.joblib,True,Models,,,Project artifact,False,False,False,False,False,False,False,,Generated from current filesystem inventory.
outputs/models/calibrated/heloc/lightgbm_uncalibrated.joblib,True,Models,,,Project artifact,False,False,False,False,False,False,False,,Generated from current filesystem inventory.
outputs/models/calibrated/heloc/logistic_regression_isotonic.joblib,True,Models,,,Project artifact,False,False,False,False,False,False,False,,Generated from current filesystem inventory.
outputs/models/calibrated/heloc/logistic_regression_sigmoid.joblib,True,Models,,,Project artifact,False,False,False,False,False,False,False,,Generated from current filesystem inventory.
outputs/models/calibrated/heloc/logistic_regression_uncalibrated.joblib,True,Models,,,Project artifact,False,False,False,False,False,False,False,,Generated from current filesystem inventory.
outputs/models/calibrated/heloc/majority_baseline_isotonic.joblib,True,Models,,,Project artifact,False,False,False,False,False,False,False,,Generated from current filesystem inventory.
outputs/models/calibrated/heloc/majority_baseline_sigmoid.joblib,True,Models,,,Project artifact,False,False,False,False,False,False,False,,Generated from current filesystem inventory.
outputs/models/calibrated/heloc/majority_baseline_uncalibrated.joblib,True,Models,,,Project artifact,False,False,False,False,False,False,False,,Generated from current filesystem inventory.
outputs/models/calibrated/heloc/monotonic_lightgbm_isotonic.joblib,True,Models,,,Project artifact,False,False,False,False,False,False,False,,Generated from current filesystem inventory.
outputs/models/calibrated/heloc/monotonic_lightgbm_sigmoid.joblib,True,Models,,,Project artifact,False,False,False,False,False,False,False,,Generated from current filesystem inventory.
outputs/models/calibrated/heloc/monotonic_lightgbm_uncalibrated.joblib,True,Models,,,Project artifact,False,False,False,False,False,False,False,,Generated from current filesystem inventory.
outputs/models/calibrated/heloc/monotonic_xgboost_isotonic.joblib,True,Models,,,Project artifact,False,False,False,False,False,False,False,,Generated from current filesystem inventory.
outputs/models/calibrated/heloc/monotonic_xgboost_sigmoid.joblib,True,Models,,,Project artifact,False,False,False,False,False,False,False,,Generated from current filesystem inventory.
outputs/models/calibrated/heloc/monotonic_xgboost_uncalibrated.joblib,True,Models,,,Project artifact,False,False,False,False,False,False,False,,Generated from current filesystem inventory.
outputs/models/calibrated/heloc/optuna_best_xgboost_isotonic.joblib,True,Models,,,Project artifact,False,False,False,False,False,False,False,,Generated from current filesystem inventory.
outputs/models/calibrated/heloc/optuna_best_xgboost_sigmoid.joblib,True,Models,,,Project artifact,False,False,False,False,False,False,False,,Generated from current filesystem inventory.
outputs/models/calibrated/heloc/optuna_best_xgboost_uncalibrated.joblib,True,Models,,,Project artifact,False,False,False,False,False,False,False,,Generated from current filesystem inventory.
outputs/models/calibrated/heloc/random_forest_isotonic.joblib,True,Models,,,Project artifact,False,False,False,False,False,False,False,,Generated from current filesystem inventory.
outputs/models/calibrated/heloc/random_forest_sigmoid.joblib,True,Models,,,Project artifact,False,False,False,False,False,False,False,,Generated from current filesystem inventory.
outputs/models/calibrated/heloc/random_forest_uncalibrated.joblib,True,Models,,,Project artifact,False,False,False,False,False,False,False,,Generated from current filesystem inventory.
outputs/models/calibrated/heloc/smotenc_xgboost_isotonic.joblib,True,Models,,,Project artifact,False,False,False,False,False,False,False,,Generated from current filesystem inventory.
outputs/models/calibrated/heloc/smotenc_xgboost_sigmoid.joblib,True,Models,,,Project artifact,False,False,False,False,False,False,False,,Generated from current filesystem inventory.
outputs/models/calibrated/heloc/smotenc_xgboost_uncalibrated.joblib,True,Models,,,Project artifact,False,False,False,False,False,False,False,,Generated from current filesystem inventory.
outputs/models/calibrated/heloc/woe_scorecard_logistic_regression_isotonic.joblib,True,Models,,,Project artifact,False,False,False,False,False,False,False,,Generated from current filesystem inventory.
outputs/models/calibrated/heloc/woe_scorecard_logistic_regression_sigmoid.joblib,True,Models,,,Project artifact,False,False,False,False,False,False,False,,Generated from current filesystem inventory.
outputs/models/calibrated/heloc/woe_scorecard_logistic_regression_uncalibrated.joblib,True,Models,,,Project artifact,False,False,False,False,False,False,False,,Generated from current filesystem inventory.
outputs/models/calibrated/heloc/xgboost_isotonic.joblib,True,Models,,,Project artifact,False,False,False,False,False,False,False,,Generated from current filesystem inventory.
outputs/models/calibrated/heloc/xgboost_sigmoid.joblib,True,Models,,,Project artifact,False,False,False,False,False,False,False,,Generated from current filesystem inventory.
outputs/models/calibrated/heloc/xgboost_uncalibrated.joblib,True,Models,,,Project artifact,False,False,False,False,False,False,False,,Generated from current filesystem inventory.
outputs/models/calibrated/taiwan/catboost_isotonic.joblib,True,Models,,,Project artifact,False,False,False,False,False,False,False,,Generated from current filesystem inventory.
outputs/models/calibrated/taiwan/catboost_sigmoid.joblib,True,Models,,,Project artifact,False,False,False,False,False,False,False,,Generated from current filesystem inventory.
outputs/models/calibrated/taiwan/catboost_uncalibrated.joblib,True,Models,,,Project artifact,False,False,False,False,False,False,False,,Generated from current filesystem inventory.
outputs/models/calibrated/taiwan/class_weighted_lightgbm_isotonic.joblib,True,Models,,,Project artifact,False,False,False,False,False,False,False,,Generated from current filesystem inventory.
outputs/models/calibrated/taiwan/class_weighted_lightgbm_sigmoid.joblib,True,Models,,,Project artifact,False,False,False,False,False,False,False,,Generated from current filesystem inventory.
outputs/models/calibrated/taiwan/class_weighted_lightgbm_uncalibrated.joblib,True,Models,,,Project artifact,False,False,False,False,False,False,False,,Generated from current filesystem inventory.
outputs/models/calibrated/taiwan/class_weighted_logistic_regression_isotonic.joblib,True,Models,,,Project artifact,False,False,False,False,False,False,False,,Generated from current filesystem inventory.
outputs/models/calibrated/taiwan/class_weighted_logistic_regression_sigmoid.joblib,True,Models,,,Project artifact,False,False,False,False,False,False,False,,Generated from current filesystem inventory.
outputs/models/calibrated/taiwan/class_weighted_logistic_regression_uncalibrated.joblib,True,Models,,,Project artifact,False,False,False,False,False,False,False,,Generated from current filesystem inventory.
outputs/models/calibrated/taiwan/decision_tree_isotonic.joblib,True,Models,,,Project artifact,False,False,False,False,False,False,False,,Generated from current filesystem inventory.
outputs/models/calibrated/taiwan/decision_tree_sigmoid.joblib,True,Models,,,Project artifact,False,False,False,False,False,False,False,,Generated from current filesystem inventory.
outputs/models/calibrated/taiwan/decision_tree_uncalibrated.joblib,True,Models,,,Project artifact,False,False,False,False,False,False,False,,Generated from current filesystem inventory.
outputs/models/calibrated/taiwan/lightgbm_isotonic.joblib,True,Models,,,Project artifact,False,False,False,False,False,False,False,,Generated from current filesystem inventory.
outputs/models/calibrated/taiwan/lightgbm_sigmoid.joblib,True,Models,,,Project artifact,False,False,False,False,False,False,False,,Generated from current filesystem inventory.
outputs/models/calibrated/taiwan/lightgbm_uncalibrated.joblib,True,Models,,,Project artifact,False,False,False,False,False,False,False,,Generated from current filesystem inventory.
outputs/models/calibrated/taiwan/logistic_regression_isotonic.joblib,True,Models,,,Project artifact,False,False,False,False,False,False,False,,Generated from current filesystem inventory.
outputs/models/calibrated/taiwan/logistic_regression_sigmoid.joblib,True,Models,,,Project artifact,False,False,False,False,False,False,False,,Generated from current filesystem inventory.
outputs/models/calibrated/taiwan/logistic_regression_uncalibrated.joblib,True,Models,,,Project artifact,False,False,False,False,False,False,False,,Generated from current filesystem inventory.
outputs/models/calibrated/taiwan/majority_baseline_isotonic.joblib,True,Models,,,Project artifact,False,False,False,False,False,False,False,,Generated from current filesystem inventory.
outputs/models/calibrated/taiwan/majority_baseline_sigmoid.joblib,True,Models,,,Project artifact,False,False,False,False,False,False,False,,Generated from current filesystem inventory.
outputs/models/calibrated/taiwan/majority_baseline_uncalibrated.joblib,True,Models,,,Project artifact,False,False,False,False,False,False,False,,Generated from current filesystem inventory.
outputs/models/calibrated/taiwan/monotonic_lightgbm_isotonic.joblib,True,Models,,,Project artifact,False,False,False,False,False,False,False,,Generated from current filesystem inventory.
outputs/models/calibrated/taiwan/monotonic_lightgbm_sigmoid.joblib,True,Models,,,Project artifact,False,False,False,False,False,False,False,,Generated from current filesystem inventory.
outputs/models/calibrated/taiwan/monotonic_lightgbm_uncalibrated.joblib,True,Models,,,Project artifact,False,False,False,False,False,False,False,,Generated from current filesystem inventory.
outputs/models/calibrated/taiwan/monotonic_xgboost_isotonic.joblib,True,Models,,,Project artifact,False,False,False,False,False,False,False,,Generated from current filesystem inventory.
outputs/models/calibrated/taiwan/monotonic_xgboost_sigmoid.joblib,True,Models,,,Project artifact,False,False,False,False,False,False,False,,Generated from current filesystem inventory.
outputs/models/calibrated/taiwan/monotonic_xgboost_uncalibrated.joblib,True,Models,,,Project artifact,False,False,False,False,False,False,False,,Generated from current filesystem inventory.
outputs/models/calibrated/taiwan/optuna_best_catboost_isotonic.joblib,True,Models,,,Project artifact,False,False,False,False,False,False,False,,Generated from current filesystem inventory.
outputs/models/calibrated/taiwan/optuna_best_catboost_sigmoid.joblib,True,Models,,,Project artifact,False,False,False,False,False,False,False,,Generated from current filesystem inventory.
outputs/models/calibrated/taiwan/optuna_best_catboost_uncalibrated.joblib,True,Models,,,Project artifact,False,False,False,False,False,False,False,,Generated from current filesystem inventory.
outputs/models/calibrated/taiwan/optuna_best_lightgbm_isotonic.joblib,True,Models,,,Project artifact,False,False,False,False,False,False,False,,Generated from current filesystem inventory.
outputs/models/calibrated/taiwan/optuna_best_lightgbm_sigmoid.joblib,True,Models,,,Project artifact,False,False,False,False,False,False,False,,Generated from current filesystem inventory.
outputs/models/calibrated/taiwan/optuna_best_lightgbm_uncalibrated.joblib,True,Models,,,Project artifact,False,False,False,False,False,False,False,,Generated from current filesystem inventory.
outputs/models/calibrated/taiwan/random_forest_isotonic.joblib,True,Models,,,Project artifact,False,False,False,False,False,False,False,,Generated from current filesystem inventory.
outputs/models/calibrated/taiwan/random_forest_sigmoid.joblib,True,Models,,,Project artifact,False,False,False,False,False,False,False,,Generated from current filesystem inventory.
outputs/models/calibrated/taiwan/random_forest_uncalibrated.joblib,True,Models,,,Project artifact,False,False,False,False,False,False,False,,Generated from current filesystem inventory.
outputs/models/calibrated/taiwan/smotenc_xgboost_isotonic.joblib,True,Models,,,Project artifact,False,False,False,False,False,False,False,,Generated from current filesystem inventory.
outputs/models/calibrated/taiwan/smotenc_xgboost_sigmoid.joblib,True,Models,,,Project artifact,False,False,False,False,False,False,False,,Generated from current filesystem inventory.
outputs/models/calibrated/taiwan/smotenc_xgboost_uncalibrated.joblib,True,Models,,,Project artifact,False,False,False,False,False,False,False,,Generated from current filesystem inventory.
outputs/models/calibrated/taiwan/woe_scorecard_logistic_regression_isotonic.joblib,True,Models,,,Project artifact,False,False,False,False,False,False,False,,Generated from current filesystem inventory.
outputs/models/calibrated/taiwan/woe_scorecard_logistic_regression_sigmoid.joblib,True,Models,,,Project artifact,False,False,False,False,False,False,False,,Generated from current filesystem inventory.
outputs/models/calibrated/taiwan/woe_scorecard_logistic_regression_uncalibrated.joblib,True,Models,,,Project artifact,False,False,False,False,False,False,False,,Generated from current filesystem inventory.
outputs/models/calibrated/taiwan/xgboost_isotonic.joblib,True,Models,,,Project artifact,False,False,False,False,False,False,False,,Generated from current filesystem inventory.
outputs/models/calibrated/taiwan/xgboost_sigmoid.joblib,True,Models,,,Project artifact,False,False,False,False,False,False,False,,Generated from current filesystem inventory.
outputs/models/calibrated/taiwan/xgboost_uncalibrated.joblib,True,Models,,,Project artifact,False,False,False,False,False,False,False,,Generated from current filesystem inventory.
outputs/models/external_validation_heloc/lightgbm_isotonic.joblib,True,Models,,,Project artifact,False,True,False,False,False,False,False,,Generated from current filesystem inventory.
outputs/models/external_validation_heloc/logistic_regression_isotonic.joblib,True,Models,,,Project artifact,False,True,False,False,False,False,False,,Generated from current filesystem inventory.
outputs/models/external_validation_heloc/monotonic_boosting_isotonic.joblib,True,Models,,,Project artifact,False,True,False,False,False,False,False,,Generated from current filesystem inventory.
outputs/models/external_validation_heloc/scorecard_baseline_isotonic.joblib,True,Models,,,Project artifact,False,True,False,False,False,False,False,,Generated from current filesystem inventory.
outputs/models/external_validation_heloc/scre_credit.joblib,True,Models,,,SCRE-Credit framework evidence,False,True,False,False,False,False,False,,Generated from current filesystem inventory.
outputs/models/external_validation_heloc/xgboost_isotonic.joblib,True,Models,,,Project artifact,False,True,False,False,False,False,False,,Generated from current filesystem inventory.
outputs/models/final_model.joblib,True,Models,,,Project artifact,False,False,False,False,False,False,False,,Generated from current filesystem inventory.
outputs/models/final_model_calibrated_isotonic.joblib,True,Models,,,Project artifact,False,False,False,False,False,False,False,,Generated from current filesystem inventory.
outputs/models/final_model_calibrated_sigmoid.joblib,True,Models,,,Project artifact,False,False,False,False,False,False,False,,Generated from current filesystem inventory.
outputs/models/heloc_scre_credit.joblib,True,Models,,,SCRE-Credit framework evidence,False,False,False,False,False,False,False,,Generated from current filesystem inventory.
outputs/models/heloc_scre_credit_20260427T061543Z_06e3fce3.joblib,True,Models,,,SCRE-Credit framework evidence,False,False,False,False,False,False,False,,Generated from current filesystem inventory.
outputs/models/heloc_scre_credit_20260427T062407Z_d3d38dbb.joblib,True,Models,,,SCRE-Credit framework evidence,False,False,False,False,False,False,False,,Generated from current filesystem inventory.
outputs/models/heloc_scre_credit_20260427T070851Z_6f50835c.joblib,True,Models,,,SCRE-Credit framework evidence,False,False,False,False,False,False,False,,Generated from current filesystem inventory.
outputs/models/heloc_scre_credit_20260427T073746Z_4611280c.joblib,True,Models,,,SCRE-Credit framework evidence,False,False,False,False,False,False,False,,Generated from current filesystem inventory.
outputs/models/heloc_scre_credit_20260427T073847Z_bd56fcfc.joblib,True,Models,,,SCRE-Credit framework evidence,False,False,False,False,False,False,False,,Generated from current filesystem inventory.
outputs/models/lightgbm_no_resampling.joblib,True,Models,,,Project artifact,False,False,False,False,False,False,False,,Generated from current filesystem inventory.
outputs/models/monotonic/heloc/monotonic_lightgbm.joblib,True,Models,,,Project artifact,False,False,False,False,False,False,False,,Generated from current filesystem inventory.
outputs/models/monotonic/heloc/monotonic_xgboost.joblib,True,Models,,,Project artifact,False,False,False,False,False,False,False,,Generated from current filesystem inventory.
outputs/models/monotonic/taiwan/monotonic_lightgbm.joblib,True,Models,,,Project artifact,False,False,False,False,False,False,False,,Generated from current filesystem inventory.
outputs/models/monotonic/taiwan/monotonic_xgboost.joblib,True,Models,,,Project artifact,False,False,False,False,False,False,False,,Generated from current filesystem inventory.
outputs/models/scorecard/heloc/woe_scorecard_logistic_regression.joblib,True,Models,,,Project artifact,False,False,False,False,False,False,False,,Generated from current filesystem inventory.
outputs/models/scorecard/taiwan/woe_scorecard_logistic_regression.joblib,True,Models,,,Project artifact,False,False,False,False,False,False,False,,Generated from current filesystem inventory.
outputs/models/scre_credit_model.joblib,True,Models,,,SCRE-Credit framework evidence,False,False,False,False,False,False,False,,Generated from current filesystem inventory.
outputs/models/scre_credit_revised_variants.joblib,True,Models,,,SCRE-Credit framework evidence,False,False,False,False,False,False,False,,Generated from current filesystem inventory.
outputs/models/scre_optimized_heloc.joblib,True,Models,,,SCRE-Credit framework evidence,False,False,False,False,False,False,False,,Generated from current filesystem inventory.
outputs/models/scre_optimized_taiwan.joblib,True,Models,,,SCRE-Credit framework evidence,False,False,False,False,False,False,False,,Generated from current filesystem inventory.
outputs/models/scre_pareto_heloc.joblib,True,Models,,,SCRE-Credit framework evidence,False,False,False,False,False,False,False,,Generated from current filesystem inventory.
outputs/models/scre_pareto_taiwan.joblib,True,Models,,,SCRE-Credit framework evidence,False,False,False,False,False,False,False,,Generated from current filesystem inventory.
outputs/models/taiwan_scre_credit.joblib,True,Models,,,SCRE-Credit framework evidence,False,False,False,False,False,False,False,,Generated from current filesystem inventory.
outputs/models/taiwan_scre_credit_20260427T061537Z_ef829d39.joblib,True,Models,,,SCRE-Credit framework evidence,False,False,False,False,False,False,False,,Generated from current filesystem inventory.
outputs/models/taiwan_scre_credit_20260427T070845Z_f722372c.joblib,True,Models,,,SCRE-Credit framework evidence,False,False,False,False,False,False,False,,Generated from current filesystem inventory.
outputs/models/taiwan_scre_credit_20260427T073739Z_2427bdbc.joblib,True,Models,,,SCRE-Credit framework evidence,False,False,False,False,False,False,False,,Generated from current filesystem inventory.
outputs/models/taiwan_scre_credit_20260427T073841Z_8591fb01.joblib,True,Models,,,SCRE-Credit framework evidence,False,False,False,False,False,False,False,,Generated from current filesystem inventory.
outputs/models/xgboost_no_resampling.joblib,True,Models,,,Project artifact,False,False,False,False,False,False,False,,Generated from current filesystem inventory.
outputs/models/xgboost_tuned_randomized_search.joblib,True,Models,,,Project artifact,False,False,False,False,False,False,False,,Generated from current filesystem inventory.
outputs/project_scope.md,True,Unknown,78,,Project artifact,False,True,False,False,False,False,False,,Generated from current filesystem inventory.
outputs/reporting/2540041007_Ozkale_Week13_Progress_Report.md,True,Unknown,46,,Project artifact,False,True,False,True,True,False,False,,Generated from current filesystem inventory.
outputs/reporting/generate_week13_complete_report.py,True,Unknown,,,Project artifact,False,False,False,False,False,False,False,,Generated from current filesystem inventory.
outputs/reporting/week11/week11_extracted_text.txt,True,Unknown,107,,Project artifact,True,True,False,False,True,False,False,,Generated from current filesystem inventory.
outputs/reporting/week11/week1_extracted_text.txt,True,Unknown,1,,Project artifact,True,True,False,False,True,False,False,,Generated from current filesystem inventory.
outputs/shap/dependence_top_features/delay_count.png,True,Unknown,,,Project artifact,False,False,False,False,False,False,False,,Generated from current filesystem inventory.
outputs/shap/dependence_top_features/LIMIT_BAL.png,True,Unknown,,,Project artifact,False,False,False,False,False,False,False,,Generated from current filesystem inventory.
outputs/shap/dependence_top_features/max_delay.png,True,Unknown,,,Project artifact,False,False,False,False,False,False,False,,Generated from current filesystem inventory.
outputs/shap/dependence_top_features/PAY_0.png,True,Unknown,,,Project artifact,False,False,False,False,False,False,False,,Generated from current filesystem inventory.
outputs/shap/dependence_top_features/recent_delay.png,True,Unknown,,,Project artifact,False,False,False,False,False,False,False,,Generated from current filesystem inventory.
outputs/shap/dependence_top_features/utilization_proxy.png,True,Unknown,,,Project artifact,False,False,False,False,False,False,False,,Generated from current filesystem inventory.
outputs/shap/external_validation_heloc/global_bar.png,True,Unknown,,,Project artifact,False,True,False,False,False,False,False,,Generated from current filesystem inventory.
outputs/shap/external_validation_heloc/global_beeswarm.png,True,Unknown,,,Project artifact,False,True,False,False,False,False,False,,Generated from current filesystem inventory.
outputs/shap/global_bar.png,True,Unknown,,,Project artifact,False,False,False,False,False,False,False,,Generated from current filesystem inventory.
outputs/shap/global_beeswarm.png,True,Unknown,,,Project artifact,False,False,False,False,False,False,False,,Generated from current filesystem inventory.
outputs/shap/local_waterfall/borderline_manual_review_row_5360.png,True,Unknown,,,Project artifact,False,False,False,False,False,False,False,,Generated from current filesystem inventory.
outputs/shap/local_waterfall/borderline_manual_review_row_727.png,True,Unknown,,,Project artifact,False,False,False,False,False,False,False,,Generated from current filesystem inventory.
outputs/shap/local_waterfall/false_negative_row_982.png,True,Unknown,,,Project artifact,False,False,False,False,False,False,False,,Generated from current filesystem inventory.
outputs/shap/local_waterfall/false_positive_row_28747.png,True,Unknown,,,Project artifact,False,False,False,False,False,False,False,,Generated from current filesystem inventory.
outputs/shap/local_waterfall/true_negative_row_260.png,True,Unknown,,,Project artifact,False,False,False,False,False,False,False,,Generated from current filesystem inventory.
outputs/shap/local_waterfall/true_negative_row_28850.png,True,Unknown,,,Project artifact,False,False,False,False,False,False,False,,Generated from current filesystem inventory.
outputs/shap/local_waterfall/true_positive_row_27536.png,True,Unknown,,,Project artifact,False,False,False,False,False,False,False,,Generated from current filesystem inventory.
outputs/shap/shap_bar.png,True,Unknown,,,Explainability evidence,False,False,False,False,False,False,False,,Generated from current filesystem inventory.
outputs/shap/shap_beeswarm.png,True,Unknown,,,Explainability evidence,False,False,False,False,False,False,False,,Generated from current filesystem inventory.
outputs/shap/shap_waterfall_borderline_near_threshold.png,True,Unknown,,,Explainability evidence,False,False,False,False,False,False,False,,Generated from current filesystem inventory.
outputs/shap/shap_waterfall_correct_default_high_risk.png,True,Unknown,,,Explainability evidence,False,False,False,False,False,False,False,,Generated from current filesystem inventory.
outputs/shap/shap_waterfall_correct_non_default_low_risk.png,True,Unknown,,,Explainability evidence,False,False,False,False,False,False,False,,Generated from current filesystem inventory.
outputs/shap/shap_waterfall_false_negative_borderline.png,True,Unknown,,,Explainability evidence,False,False,False,False,False,False,False,,Generated from current filesystem inventory.
outputs/shap/shap_waterfall_high_risk_customer.png,True,Unknown,,,Explainability evidence,False,False,False,False,False,False,False,,Generated from current filesystem inventory.
outputs/stability/shap_stability_top5_frequency.png,True,Unknown,,,Explainability evidence,False,False,False,False,False,False,False,,Generated from current filesystem inventory.
outputs/tables/ablation_faithfulness_details.csv,True,Original SCRE / Core Tables,100,15,Project artifact,False,False,True,False,False,False,True,,Generated from current filesystem inventory.
outputs/tables/ablation_results.csv,True,Original SCRE / Core Tables,10,38,Project artifact,True,True,True,False,False,False,True,,Generated from current filesystem inventory.
outputs/tables/ablation_shap_rank_correlations.csv,True,Original SCRE / Core Tables,2450,14,Explainability evidence,False,False,False,True,False,False,True,,Generated from current filesystem inventory.
outputs/tables/ablation_shap_stability_seed_results.csv,True,Original SCRE / Core Tables,3750,13,Explainability evidence,False,False,False,True,False,False,True,,Generated from current filesystem inventory.
outputs/tables/ablation_shap_topk_frequency.csv,True,Original SCRE / Core Tables,75,15,Explainability evidence,False,False,False,True,False,False,True,,Generated from current filesystem inventory.
outputs/tables/background_sensitivity_results.csv,True,Original SCRE / Core Tables,240,25,Project artifact,False,False,False,True,False,False,True,,Generated from current filesystem inventory.
outputs/tables/baseline_model_comparison.csv,True,Original SCRE / Core Tables,5,14,Project artifact,False,False,False,False,False,False,True,,Generated from current filesystem inventory.
outputs/tables/baseline_results_heloc.csv,True,Original SCRE / Core Tables,12,28,Dataset/model result,True,True,True,False,False,False,True,,Generated from current filesystem inventory.
outputs/tables/baseline_results_taiwan.csv,True,Original SCRE / Core Tables,12,28,Dataset/model result,True,True,True,False,False,False,True,,Generated from current filesystem inventory.
outputs/tables/best_params.csv,True,Original SCRE / Core Tables,2,23,Project artifact,False,True,True,False,False,False,True,,Generated from current filesystem inventory.
outputs/tables/boosting_results_heloc.csv,True,Original SCRE / Core Tables,14,29,Dataset/model result,True,True,True,False,False,False,True,,Generated from current filesystem inventory.
outputs/tables/boosting_results_taiwan.csv,True,Original SCRE / Core Tables,14,29,Dataset/model result,True,True,True,False,False,False,True,,Generated from current filesystem inventory.
outputs/tables/bootstrap_confidence_intervals.csv,True,Original SCRE / Core Tables,60,11,Project artifact,False,False,False,False,False,False,True,,Generated from current filesystem inventory.
outputs/tables/calibration_results.csv,True,Original SCRE / Core Tables,3,14,Calibration evidence,False,False,False,False,False,False,True,,Generated from current filesystem inventory.
outputs/tables/calibration_results_heloc.csv,True,Original SCRE / Core Tables,42,34,Calibration evidence,True,True,True,False,False,False,True,,Generated from current filesystem inventory.
outputs/tables/calibration_results_taiwan.csv,True,Original SCRE / Core Tables,42,34,Calibration evidence,True,True,True,False,False,False,True,,Generated from current filesystem inventory.
outputs/tables/claim_control_matrix.csv,True,Original SCRE / Core Tables,12,7,Claim control,False,False,False,False,False,False,True,,Generated from current filesystem inventory.
outputs/tables/cv_oof_model_threshold_comparison.csv,True,Original SCRE / Core Tables,4,11,Threshold / cost analysis,False,False,False,False,False,False,True,,Generated from current filesystem inventory.
outputs/tables/data_quality_report.json,True,Original SCRE / Core Tables,218,,Project artifact,False,False,False,False,False,False,True,,Generated from current filesystem inventory.
outputs/tables/dataset_variable_description.csv,True,Original SCRE / Core Tables,10,3,Project artifact,False,False,False,False,False,False,True,,Generated from current filesystem inventory.
outputs/tables/default_rate_by_delay_count.csv,True,Original SCRE / Core Tables,7,3,Project artifact,False,False,False,False,False,False,True,,Generated from current filesystem inventory.
outputs/tables/default_rate_by_demographics.csv,True,Original SCRE / Core Tables,9,4,Project artifact,False,False,False,False,False,False,True,,Generated from current filesystem inventory.
outputs/tables/duplicate_split_overlap_audit.csv,True,Original SCRE / Core Tables,6,10,Audit / validation evidence,False,False,False,False,True,False,True,,Generated from current filesystem inventory.
outputs/tables/eda_summary.json,True,Original SCRE / Core Tables,9,,Project artifact,False,False,False,False,False,False,True,,Generated from current filesystem inventory.
outputs/tables/enhanced_model_comparison.csv,True,Original SCRE / Core Tables,10,17,Project artifact,True,False,False,False,False,False,True,,Generated from current filesystem inventory.
outputs/tables/environment_versions.csv,True,Original SCRE / Core Tables,17,3,Project artifact,False,False,False,False,False,False,True,,Generated from current filesystem inventory.
outputs/tables/external_validation_heloc_faithfulness_group_results.csv,True,Original SCRE / Core Tables,5,19,Validation-only selection evidence,False,True,True,False,False,False,True,,Generated from current filesystem inventory.
outputs/tables/external_validation_heloc_faithfulness_results.csv,True,Original SCRE / Core Tables,61,20,Validation-only selection evidence,False,True,True,False,False,False,True,,Generated from current filesystem inventory.
outputs/tables/external_validation_heloc_results.csv,True,Original SCRE / Core Tables,12,31,Validation-only selection evidence,True,True,True,False,False,False,True,,Generated from current filesystem inventory.
outputs/tables/external_validation_heloc_scre_metric_inputs.csv,True,Original SCRE / Core Tables,5,10,Validation-only selection evidence,False,True,False,False,False,False,True,,Generated from current filesystem inventory.
outputs/tables/external_validation_heloc_scre_weights.csv,True,Original SCRE / Core Tables,5,19,Validation-only selection evidence,False,True,False,False,False,False,True,,Generated from current filesystem inventory.
outputs/tables/external_validation_heloc_shap_rank_correlations.csv,True,Original SCRE / Core Tables,1225,14,Validation-only selection evidence,False,True,False,True,False,False,True,,Generated from current filesystem inventory.
outputs/tables/external_validation_heloc_shap_stability_seed_results.csv,True,Original SCRE / Core Tables,400,13,Validation-only selection evidence,False,True,False,True,False,False,True,,Generated from current filesystem inventory.
outputs/tables/external_validation_heloc_shap_top_features.csv,True,Original SCRE / Core Tables,31,10,Validation-only selection evidence,False,True,False,True,False,False,True,,Generated from current filesystem inventory.
outputs/tables/external_validation_heloc_shap_topk_frequency.csv,True,Original SCRE / Core Tables,8,15,Validation-only selection evidence,False,True,False,True,False,False,True,,Generated from current filesystem inventory.
outputs/tables/external_validation_heloc_threshold_analysis.csv,True,Original SCRE / Core Tables,495,24,Validation-only selection evidence,False,True,False,False,False,False,True,,Generated from current filesystem inventory.
outputs/tables/faithfulness_group_results.csv,True,Original SCRE / Core Tables,5,21,Project artifact,False,False,True,False,False,False,True,,Generated from current filesystem inventory.
outputs/tables/faithfulness_results.csv,True,Original SCRE / Core Tables,70,22,Project artifact,False,False,True,False,False,False,True,,Generated from current filesystem inventory.
outputs/tables/faithfulness_test_results.csv,True,Original SCRE / Core Tables,10,5,Project artifact,False,False,True,False,False,False,True,,Generated from current filesystem inventory.
outputs/tables/feature_dictionary_heloc.csv,True,Original SCRE / Core Tables,8,9,Dataset/model result,False,False,False,False,False,False,True,,Generated from current filesystem inventory.
outputs/tables/feature_dictionary_taiwan.csv,True,Original SCRE / Core Tables,17,9,Dataset/model result,False,False,False,False,False,False,True,,Generated from current filesystem inventory.
outputs/tables/feature_engineering_list.csv,True,Original SCRE / Core Tables,17,9,Project artifact,False,False,False,False,False,False,True,,Generated from current filesystem inventory.
outputs/tables/final_decision_matrix.csv,True,Original SCRE / Core Tables,11,9,Project artifact,False,False,False,True,True,False,True,,Generated from current filesystem inventory.
outputs/tables/final_decision_summary.csv,True,Original SCRE / Core Tables,1,5,Project artifact,False,False,True,True,False,False,True,,Generated from current filesystem inventory.
outputs/tables/final_leaderboard_heloc.csv,True,Original SCRE / Core Tables,8,37,Dataset/model result,False,False,False,True,False,False,True,,Generated from current filesystem inventory.
outputs/tables/final_leaderboard_taiwan.csv,True,Original SCRE / Core Tables,10,37,Dataset/model result,False,False,False,True,False,False,True,,Generated from current filesystem inventory.
outputs/tables/final_metrics_with_gmean_ks.csv,True,Original SCRE / Core Tables,2,17,Project artifact,False,False,False,False,False,False,True,,Generated from current filesystem inventory.
outputs/tables/final_model_comparison.csv,True,Original SCRE / Core Tables,28,48,Project artifact,True,False,True,True,False,False,True,,Generated from current filesystem inventory.
outputs/tables/final_model_metadata.json,True,Original SCRE / Core Tables,23,,Project artifact,False,False,True,False,False,False,True,,Generated from current filesystem inventory.
outputs/tables/final_model_recommendations.csv,True,Original SCRE / Core Tables,6,5,Project artifact,False,False,False,False,True,False,True,,Generated from current filesystem inventory.
outputs/tables/final_output_inventory.csv,True,Original SCRE / Core Tables,442,7,Project artifact,False,False,False,False,False,False,True,,Generated from current filesystem inventory.
outputs/tables/final_test_metrics.csv,True,Original SCRE / Core Tables,1,14,Project artifact,False,False,True,False,False,False,True,,Generated from current filesystem inventory.
outputs/tables/final_winners_heloc.csv,True,Original SCRE / Core Tables,9,13,Dataset/model result,False,False,False,True,False,False,True,,Generated from current filesystem inventory.
outputs/tables/final_winners_taiwan.csv,True,Original SCRE / Core Tables,9,13,Dataset/model result,False,False,False,True,False,False,True,,Generated from current filesystem inventory.
outputs/tables/heloc_cleaning_decisions.csv,True,Original SCRE / Core Tables,5,4,Dataset/model result,False,False,False,False,False,False,True,,Generated from current filesystem inventory.
outputs/tables/heloc_data_audit.csv,True,Original SCRE / Core Tables,37,4,Audit / validation evidence,False,False,False,False,True,False,True,,Generated from current filesystem inventory.
outputs/tables/heloc_data_dictionary.csv,True,Original SCRE / Core Tables,24,12,Dataset/model result,False,False,False,False,False,False,True,,Generated from current filesystem inventory.
outputs/tables/heloc_data_quality_report.json,True,Original SCRE / Core Tables,64,,Dataset/model result,False,True,False,False,False,False,True,,Generated from current filesystem inventory.
outputs/tables/heloc_scre_credit_20260427T061543Z_06e3fce3_bootstrap_ci.csv,True,Original SCRE / Core Tables,3,4,SCRE-Credit framework evidence,False,False,False,False,False,False,True,,Generated from current filesystem inventory.
outputs/tables/heloc_scre_credit_20260427T061543Z_06e3fce3_candidate_pool.csv,True,Original SCRE / Core Tables,6,1,SCRE-Credit framework evidence,False,False,False,False,False,False,True,,Generated from current filesystem inventory.
outputs/tables/heloc_scre_credit_20260427T061543Z_06e3fce3_cost_curve.csv,True,Original SCRE / Core Tables,95,9,SCRE-Credit framework evidence,False,False,False,False,False,False,True,,Generated from current filesystem inventory.
outputs/tables/heloc_scre_credit_20260427T061543Z_06e3fce3_manual_review_band.csv,True,Original SCRE / Core Tables,4,11,SCRE-Credit framework evidence,False,False,False,False,False,False,True,,Generated from current filesystem inventory.
outputs/tables/heloc_scre_credit_20260427T061543Z_06e3fce3_three_way_test_policy.csv,True,Original SCRE / Core Tables,1,19,SCRE-Credit framework evidence,False,False,True,False,False,False,True,,Generated from current filesystem inventory.
outputs/tables/heloc_scre_credit_20260427T061543Z_06e3fce3_three_way_threshold_search.csv,True,Original SCRE / Core Tables,74,22,SCRE-Credit framework evidence,False,False,False,False,False,False,True,,Generated from current filesystem inventory.
outputs/tables/heloc_scre_credit_20260427T061543Z_06e3fce3_thresholds.csv,True,Original SCRE / Core Tables,17,20,SCRE-Credit framework evidence,False,False,False,False,False,False,True,,Generated from current filesystem inventory.
outputs/tables/heloc_scre_credit_20260427T061543Z_06e3fce3_validation_results.csv,True,Original SCRE / Core Tables,6,30,Validation-only selection evidence,False,True,False,False,False,False,True,,Generated from current filesystem inventory.
outputs/tables/heloc_scre_credit_20260427T061543Z_06e3fce3_weights.csv,True,Original SCRE / Core Tables,6,10,SCRE-Credit framework evidence,False,False,False,False,False,False,True,,Generated from current filesystem inventory.
outputs/tables/heloc_scre_credit_20260427T062407Z_d3d38dbb_bootstrap_ci.csv,True,Original SCRE / Core Tables,3,4,SCRE-Credit framework evidence,False,False,False,False,False,False,True,,Generated from current filesystem inventory.
outputs/tables/heloc_scre_credit_20260427T062407Z_d3d38dbb_candidate_pool.csv,True,Original SCRE / Core Tables,6,1,SCRE-Credit framework evidence,False,False,False,False,False,False,True,,Generated from current filesystem inventory.
outputs/tables/heloc_scre_credit_20260427T062407Z_d3d38dbb_cost_curve.csv,True,Original SCRE / Core Tables,95,9,SCRE-Credit framework evidence,False,False,False,False,False,False,True,,Generated from current filesystem inventory.
outputs/tables/heloc_scre_credit_20260427T062407Z_d3d38dbb_manual_review_band.csv,True,Original SCRE / Core Tables,4,11,SCRE-Credit framework evidence,False,False,False,False,False,False,True,,Generated from current filesystem inventory.
outputs/tables/heloc_scre_credit_20260427T062407Z_d3d38dbb_three_way_test_policy.csv,True,Original SCRE / Core Tables,1,19,SCRE-Credit framework evidence,False,False,True,False,False,False,True,,Generated from current filesystem inventory.
outputs/tables/heloc_scre_credit_20260427T062407Z_d3d38dbb_three_way_threshold_search.csv,True,Original SCRE / Core Tables,74,22,SCRE-Credit framework evidence,False,False,False,False,False,False,True,,Generated from current filesystem inventory.
outputs/tables/heloc_scre_credit_20260427T062407Z_d3d38dbb_thresholds.csv,True,Original SCRE / Core Tables,17,20,SCRE-Credit framework evidence,False,False,False,False,False,False,True,,Generated from current filesystem inventory.
outputs/tables/heloc_scre_credit_20260427T062407Z_d3d38dbb_validation_results.csv,True,Original SCRE / Core Tables,6,30,Validation-only selection evidence,False,True,False,False,False,False,True,,Generated from current filesystem inventory.
outputs/tables/heloc_scre_credit_20260427T062407Z_d3d38dbb_weights.csv,True,Original SCRE / Core Tables,6,10,SCRE-Credit framework evidence,False,False,False,False,False,False,True,,Generated from current filesystem inventory.
outputs/tables/heloc_scre_credit_20260427T070851Z_6f50835c_bootstrap_ci.csv,True,Original SCRE / Core Tables,3,4,SCRE-Credit framework evidence,False,False,False,False,False,False,True,,Generated from current filesystem inventory.
outputs/tables/heloc_scre_credit_20260427T070851Z_6f50835c_candidate_pool.csv,True,Original SCRE / Core Tables,6,1,SCRE-Credit framework evidence,False,False,False,False,False,False,True,,Generated from current filesystem inventory.
outputs/tables/heloc_scre_credit_20260427T070851Z_6f50835c_cost_curve.csv,True,Original SCRE / Core Tables,95,9,SCRE-Credit framework evidence,False,False,False,False,False,False,True,,Generated from current filesystem inventory.
outputs/tables/heloc_scre_credit_20260427T070851Z_6f50835c_manual_review_band.csv,True,Original SCRE / Core Tables,4,11,SCRE-Credit framework evidence,False,False,False,False,False,False,True,,Generated from current filesystem inventory.
outputs/tables/heloc_scre_credit_20260427T070851Z_6f50835c_three_way_test_policy.csv,True,Original SCRE / Core Tables,1,19,SCRE-Credit framework evidence,False,False,True,False,False,False,True,,Generated from current filesystem inventory.
outputs/tables/heloc_scre_credit_20260427T070851Z_6f50835c_three_way_threshold_search.csv,True,Original SCRE / Core Tables,76,22,SCRE-Credit framework evidence,False,False,False,False,False,False,True,,Generated from current filesystem inventory.
outputs/tables/heloc_scre_credit_20260427T070851Z_6f50835c_thresholds.csv,True,Original SCRE / Core Tables,17,20,SCRE-Credit framework evidence,False,False,False,False,False,False,True,,Generated from current filesystem inventory.
outputs/tables/heloc_scre_credit_20260427T070851Z_6f50835c_validation_results.csv,True,Original SCRE / Core Tables,6,30,Validation-only selection evidence,False,True,False,False,False,False,True,,Generated from current filesystem inventory.
outputs/tables/heloc_scre_credit_20260427T070851Z_6f50835c_weights.csv,True,Original SCRE / Core Tables,6,10,SCRE-Credit framework evidence,False,False,False,False,False,False,True,,Generated from current filesystem inventory.
outputs/tables/heloc_scre_credit_20260427T073746Z_4611280c_bootstrap_ci.csv,True,Original SCRE / Core Tables,3,4,SCRE-Credit framework evidence,False,False,False,False,False,False,True,,Generated from current filesystem inventory.
outputs/tables/heloc_scre_credit_20260427T073746Z_4611280c_candidate_pool.csv,True,Original SCRE / Core Tables,6,1,SCRE-Credit framework evidence,False,False,False,False,False,False,True,,Generated from current filesystem inventory.
outputs/tables/heloc_scre_credit_20260427T073746Z_4611280c_cost_curve.csv,True,Original SCRE / Core Tables,95,9,SCRE-Credit framework evidence,False,False,False,False,False,False,True,,Generated from current filesystem inventory.
outputs/tables/heloc_scre_credit_20260427T073746Z_4611280c_manual_review_band.csv,True,Original SCRE / Core Tables,4,11,SCRE-Credit framework evidence,False,False,False,False,False,False,True,,Generated from current filesystem inventory.
outputs/tables/heloc_scre_credit_20260427T073746Z_4611280c_three_way_test_policy.csv,True,Original SCRE / Core Tables,1,19,SCRE-Credit framework evidence,False,False,True,False,False,False,True,,Generated from current filesystem inventory.
outputs/tables/heloc_scre_credit_20260427T073746Z_4611280c_three_way_threshold_search.csv,True,Original SCRE / Core Tables,84,22,SCRE-Credit framework evidence,False,False,False,False,False,False,True,,Generated from current filesystem inventory.
outputs/tables/heloc_scre_credit_20260427T073746Z_4611280c_thresholds.csv,True,Original SCRE / Core Tables,17,20,SCRE-Credit framework evidence,False,False,False,False,False,False,True,,Generated from current filesystem inventory.
outputs/tables/heloc_scre_credit_20260427T073746Z_4611280c_validation_results.csv,True,Original SCRE / Core Tables,6,30,Validation-only selection evidence,False,True,False,False,False,False,True,,Generated from current filesystem inventory.
outputs/tables/heloc_scre_credit_20260427T073746Z_4611280c_weights.csv,True,Original SCRE / Core Tables,6,10,SCRE-Credit framework evidence,False,False,False,False,False,False,True,,Generated from current filesystem inventory.
outputs/tables/heloc_scre_credit_20260427T073847Z_bd56fcfc_bootstrap_ci.csv,True,Original SCRE / Core Tables,3,4,SCRE-Credit framework evidence,False,False,False,False,False,False,True,,Generated from current filesystem inventory.
outputs/tables/heloc_scre_credit_20260427T073847Z_bd56fcfc_candidate_pool.csv,True,Original SCRE / Core Tables,6,1,SCRE-Credit framework evidence,False,False,False,False,False,False,True,,Generated from current filesystem inventory.
outputs/tables/heloc_scre_credit_20260427T073847Z_bd56fcfc_cost_curve.csv,True,Original SCRE / Core Tables,95,9,SCRE-Credit framework evidence,False,False,False,False,False,False,True,,Generated from current filesystem inventory.
outputs/tables/heloc_scre_credit_20260427T073847Z_bd56fcfc_manual_review_band.csv,True,Original SCRE / Core Tables,4,11,SCRE-Credit framework evidence,False,False,False,False,False,False,True,,Generated from current filesystem inventory.
outputs/tables/heloc_scre_credit_20260427T073847Z_bd56fcfc_three_way_test_policy.csv,True,Original SCRE / Core Tables,1,19,SCRE-Credit framework evidence,False,False,True,False,False,False,True,,Generated from current filesystem inventory.
outputs/tables/heloc_scre_credit_20260427T073847Z_bd56fcfc_three_way_threshold_search.csv,True,Original SCRE / Core Tables,84,22,SCRE-Credit framework evidence,False,False,False,False,False,False,True,,Generated from current filesystem inventory.
outputs/tables/heloc_scre_credit_20260427T073847Z_bd56fcfc_thresholds.csv,True,Original SCRE / Core Tables,17,22,SCRE-Credit framework evidence,False,False,False,False,False,False,True,,Generated from current filesystem inventory.
outputs/tables/heloc_scre_credit_20260427T073847Z_bd56fcfc_validation_results.csv,True,Original SCRE / Core Tables,6,30,Validation-only selection evidence,False,True,False,False,False,False,True,,Generated from current filesystem inventory.
outputs/tables/heloc_scre_credit_20260427T073847Z_bd56fcfc_weights.csv,True,Original SCRE / Core Tables,6,10,SCRE-Credit framework evidence,False,False,False,False,False,False,True,,Generated from current filesystem inventory.
outputs/tables/heloc_scre_credit_bootstrap_ci.csv,True,Original SCRE / Core Tables,3,4,SCRE-Credit framework evidence,False,False,False,False,False,False,True,,Generated from current filesystem inventory.
outputs/tables/heloc_scre_credit_candidate_pool.csv,True,Original SCRE / Core Tables,6,1,SCRE-Credit framework evidence,False,False,False,False,False,False,True,,Generated from current filesystem inventory.
outputs/tables/heloc_scre_credit_cost_curve.csv,True,Original SCRE / Core Tables,95,9,SCRE-Credit framework evidence,False,False,False,False,False,False,True,,Generated from current filesystem inventory.
outputs/tables/heloc_scre_credit_manual_review_band.csv,True,Original SCRE / Core Tables,4,11,SCRE-Credit framework evidence,False,False,False,False,False,False,True,,Generated from current filesystem inventory.
outputs/tables/heloc_scre_credit_three_way_test_policy.csv,True,Original SCRE / Core Tables,1,19,SCRE-Credit framework evidence,False,False,True,False,False,False,True,,Generated from current filesystem inventory.
outputs/tables/heloc_scre_credit_three_way_threshold_search.csv,True,Original SCRE / Core Tables,84,22,SCRE-Credit framework evidence,False,False,False,False,False,False,True,,Generated from current filesystem inventory.
outputs/tables/heloc_scre_credit_thresholds.csv,True,Original SCRE / Core Tables,17,22,SCRE-Credit framework evidence,False,False,False,False,False,False,True,,Generated from current filesystem inventory.
outputs/tables/heloc_scre_credit_validation_results.csv,True,Original SCRE / Core Tables,6,30,Validation-only selection evidence,False,True,False,False,False,False,True,,Generated from current filesystem inventory.
outputs/tables/heloc_scre_credit_weights.csv,True,Original SCRE / Core Tables,6,10,SCRE-Credit framework evidence,False,False,False,False,False,False,True,,Generated from current filesystem inventory.
outputs/tables/hyperparameter_search_results.csv,True,Original SCRE / Core Tables,150,44,Project artifact,False,False,False,False,False,False,True,,Generated from current filesystem inventory.
outputs/tables/hyperparameter_search_space.csv,True,Original SCRE / Core Tables,6,3,Project artifact,False,False,False,False,False,False,True,,Generated from current filesystem inventory.
outputs/tables/hyperparameter_tuning_results.csv,True,Original SCRE / Core Tables,8,9,Project artifact,False,False,True,True,False,False,True,,Generated from current filesystem inventory.
outputs/tables/kendalls_w_stability_heloc.csv,True,Original SCRE / Core Tables,16,19,Dataset/model result,False,False,False,False,False,False,True,,Generated from current filesystem inventory.
outputs/tables/kendalls_w_stability_taiwan.csv,True,Original SCRE / Core Tables,20,19,Dataset/model result,False,False,False,False,False,False,True,,Generated from current filesystem inventory.
outputs/tables/ks_decile_table.csv,True,Original SCRE / Core Tables,10,8,Project artifact,False,False,False,False,False,False,True,,Generated from current filesystem inventory.
outputs/tables/leakage_checklist.csv,True,Original SCRE / Core Tables,13,3,Project artifact,False,False,False,False,False,False,True,,Generated from current filesystem inventory.
outputs/tables/lime_borderline_customer.csv,True,Original SCRE / Core Tables,10,2,Explainability evidence,False,False,False,False,False,False,True,,Generated from current filesystem inventory.
outputs/tables/lime_local_cases.csv,True,Original SCRE / Core Tables,40,4,Explainability evidence,False,False,False,False,False,False,True,,Generated from current filesystem inventory.
outputs/tables/lime_local_features.csv,True,Original SCRE / Core Tables,50,14,Explainability evidence,False,False,False,True,False,False,True,,Generated from current filesystem inventory.
outputs/tables/local_explanation_cases.csv,True,Original SCRE / Core Tables,4,5,Project artifact,False,False,False,False,False,False,True,,Generated from current filesystem inventory.
outputs/tables/manual_review_band_results.csv,True,Original SCRE / Core Tables,29106,42,Project artifact,True,True,True,False,False,False,True,,Generated from current filesystem inventory.
outputs/tables/manual_review_band_results_heloc.csv,True,Original SCRE / Core Tables,14553,42,Dataset/model result,True,True,True,False,False,False,True,,Generated from current filesystem inventory.
outputs/tables/manual_review_band_results_taiwan.csv,True,Original SCRE / Core Tables,14553,42,Dataset/model result,True,True,True,False,False,False,True,,Generated from current filesystem inventory.
outputs/tables/manual_review_band_revision_heloc.csv,True,Original SCRE / Core Tables,10,40,Dataset/model result,False,True,True,True,False,False,True,,Generated from current filesystem inventory.
outputs/tables/manual_review_band_revision_taiwan.csv,True,Original SCRE / Core Tables,10,40,Dataset/model result,False,True,True,True,False,False,True,,Generated from current filesystem inventory.
outputs/tables/methodology_guardrails.csv,True,Original SCRE / Core Tables,5,4,Project artifact,False,False,False,True,False,False,True,,Generated from current filesystem inventory.
outputs/tables/metric_direction_registry.csv,True,Original SCRE / Core Tables,24,12,Project artifact,False,False,False,True,False,False,True,,Generated from current filesystem inventory.
outputs/tables/metric_winner_table.csv,True,Original SCRE / Core Tables,28,13,Project artifact,False,False,False,True,False,False,True,,Generated from current filesystem inventory.
outputs/tables/model_comparison_tests.csv,True,Original SCRE / Core Tables,64,18,Project artifact,False,False,False,False,False,False,True,,Generated from current filesystem inventory.
outputs/tables/model_comparison_tests_clean.csv,True,Original SCRE / Core Tables,64,30,Project artifact,True,False,True,True,False,False,True,,Generated from current filesystem inventory.
outputs/tables/model_results_heloc.csv,True,Original SCRE / Core Tables,14,29,Dataset/model result,True,True,True,False,False,False,True,,Generated from current filesystem inventory.
outputs/tables/model_results_taiwan.csv,True,Original SCRE / Core Tables,14,29,Dataset/model result,True,True,True,False,False,False,True,,Generated from current filesystem inventory.
outputs/tables/model_threshold_cost_comparison.csv,True,Original SCRE / Core Tables,10,15,Threshold / cost analysis,False,False,False,False,False,False,True,,Generated from current filesystem inventory.
outputs/tables/optuna_run_status.csv,True,Original SCRE / Core Tables,2,18,Project artifact,False,True,True,False,False,False,True,,Generated from current filesystem inventory.
outputs/tables/optuna_trials.csv,True,Original SCRE / Core Tables,150,44,Project artifact,False,False,False,False,False,False,True,,Generated from current filesystem inventory.
outputs/tables/pareto_excluded_models_heloc.csv,True,Original SCRE / Core Tables,4,30,Dataset/model result,False,False,True,False,False,False,True,,Generated from current filesystem inventory.
outputs/tables/pareto_excluded_models_taiwan.csv,True,Original SCRE / Core Tables,4,30,Dataset/model result,False,False,True,False,False,False,True,,Generated from current filesystem inventory.
outputs/tables/pareto_front_heloc.csv,True,Original SCRE / Core Tables,11,30,Dataset/model result,False,False,True,False,False,False,True,,Generated from current filesystem inventory.
outputs/tables/pareto_front_taiwan.csv,True,Original SCRE / Core Tables,11,30,Dataset/model result,False,False,True,False,False,False,True,,Generated from current filesystem inventory.
outputs/tables/result_inventory_audit.csv,True,Original SCRE / Core Tables,252,23,Audit / validation evidence,False,False,False,True,True,False,True,,Generated from current filesystem inventory.
outputs/tables/reviewed_papers_summary.csv,True,Original SCRE / Core Tables,4,4,Project artifact,False,False,False,False,False,False,True,,Generated from current filesystem inventory.
outputs/tables/run_all_step_summary.csv,True,Original SCRE / Core Tables,20,11,Project artifact,False,False,False,False,False,False,True,,Generated from current filesystem inventory.
outputs/tables/scorecard_feature_contributions.csv,True,Original SCRE / Core Tables,71,6,Project artifact,False,False,False,False,False,False,True,,Generated from current filesystem inventory.
outputs/tables/scorecard_results.csv,True,Original SCRE / Core Tables,4,26,Project artifact,True,True,True,False,False,False,True,,Generated from current filesystem inventory.
outputs/tables/SCRE_Credit_All_Results_Audit_20260429.xlsx,True,Original SCRE / Core Tables,,,Audit / validation evidence,False,False,False,False,True,False,True,,Generated from current filesystem inventory.
outputs/tables/scre_credit_external_validation_summary.csv,True,Original SCRE / Core Tables,2,44,Validation-only selection evidence,False,True,False,False,False,False,True,,Generated from current filesystem inventory.
outputs/tables/scre_credit_results_heloc.csv,True,Original SCRE / Core Tables,30,28,SCRE-Credit framework evidence,True,False,True,False,False,False,True,,Generated from current filesystem inventory.
outputs/tables/scre_credit_results_taiwan.csv,True,Original SCRE / Core Tables,30,28,SCRE-Credit framework evidence,True,False,True,False,False,False,True,,Generated from current filesystem inventory.
outputs/tables/scre_model_weights.csv,True,Original SCRE / Core Tables,28,28,SCRE-Credit framework evidence,False,False,False,False,False,False,True,,Generated from current filesystem inventory.
outputs/tables/scre_optimized_results_heloc.csv,True,Original SCRE / Core Tables,5,34,SCRE-Credit framework evidence,False,False,True,False,False,False,True,,Generated from current filesystem inventory.
outputs/tables/scre_optimized_results_taiwan.csv,True,Original SCRE / Core Tables,5,34,SCRE-Credit framework evidence,False,False,True,False,False,False,True,,Generated from current filesystem inventory.
outputs/tables/scre_optimized_validation_objectives.csv,True,Original SCRE / Core Tables,8,37,Validation-only selection evidence,False,True,True,False,False,False,True,,Generated from current filesystem inventory.
outputs/tables/scre_optimized_weights_heloc.csv,True,Original SCRE / Core Tables,44,12,SCRE-Credit framework evidence,False,False,True,False,False,False,True,,Generated from current filesystem inventory.
outputs/tables/scre_optimized_weights_taiwan.csv,True,Original SCRE / Core Tables,44,12,SCRE-Credit framework evidence,False,False,True,False,False,False,True,,Generated from current filesystem inventory.
outputs/tables/scre_pareto_pool.csv,True,Original SCRE / Core Tables,8,35,SCRE-Credit framework evidence,False,False,True,True,False,False,True,,Generated from current filesystem inventory.
outputs/tables/scre_pareto_results_heloc.csv,True,Original SCRE / Core Tables,2,30,SCRE-Credit framework evidence,False,False,True,False,False,False,True,,Generated from current filesystem inventory.
outputs/tables/scre_pareto_results_taiwan.csv,True,Original SCRE / Core Tables,2,30,SCRE-Credit framework evidence,False,False,True,False,False,False,True,,Generated from current filesystem inventory.
outputs/tables/scre_pareto_weights_heloc.csv,True,Original SCRE / Core Tables,11,51,SCRE-Credit framework evidence,False,False,True,False,False,False,True,,Generated from current filesystem inventory.
outputs/tables/scre_pareto_weights_taiwan.csv,True,Original SCRE / Core Tables,11,51,SCRE-Credit framework evidence,False,False,True,False,False,False,True,,Generated from current filesystem inventory.
outputs/tables/scre_revision_comparison_heloc.csv,True,Original SCRE / Core Tables,8,23,SCRE-Credit framework evidence,False,False,False,True,False,False,True,,Generated from current filesystem inventory.
outputs/tables/scre_revision_comparison_taiwan.csv,True,Original SCRE / Core Tables,8,23,SCRE-Credit framework evidence,False,False,False,True,False,False,True,,Generated from current filesystem inventory.
outputs/tables/scre_revision_global_comparison.csv,True,Original SCRE / Core Tables,16,23,SCRE-Credit framework evidence,False,False,False,True,False,False,True,,Generated from current filesystem inventory.
outputs/tables/scre_revision_results.csv,True,Original SCRE / Core Tables,8,47,SCRE-Credit framework evidence,True,False,True,True,False,False,True,,Generated from current filesystem inventory.
outputs/tables/scre_revision_weights.csv,True,Original SCRE / Core Tables,16,45,SCRE-Credit framework evidence,False,False,True,True,False,False,True,,Generated from current filesystem inventory.
outputs/tables/scre_weight_optimization_audit.csv,True,Original SCRE / Core Tables,6012,18,Audit / validation evidence,False,False,True,True,True,False,True,,Generated from current filesystem inventory.
outputs/tables/shap_explainer_metadata.csv,True,Original SCRE / Core Tables,1,10,Explainability evidence,False,False,False,False,False,False,True,,Generated from current filesystem inventory.
outputs/tables/shap_kendalls_w.csv,True,Original SCRE / Core Tables,2,12,Explainability evidence,False,False,False,True,False,False,True,,Generated from current filesystem inventory.
outputs/tables/shap_lime_agreement.csv,True,Original SCRE / Core Tables,5,12,Explainability evidence,False,False,False,False,False,False,True,,Generated from current filesystem inventory.
outputs/tables/shap_rank_correlations.csv,True,Original SCRE / Core Tables,2450,14,Explainability evidence,False,False,False,True,False,False,True,,Generated from current filesystem inventory.
outputs/tables/shap_stability_literature_comparison.csv,True,Original SCRE / Core Tables,5,20,Explainability evidence,False,False,False,False,False,False,True,,Generated from current filesystem inventory.
outputs/tables/shap_stability_rankings.csv,True,Original SCRE / Core Tables,100,4,Explainability evidence,False,False,False,True,False,False,True,,Generated from current filesystem inventory.
outputs/tables/shap_stability_seed_results.csv,True,Original SCRE / Core Tables,2700,13,Explainability evidence,False,False,False,True,False,False,True,,Generated from current filesystem inventory.
outputs/tables/shap_stability_spearman.csv,True,Original SCRE / Core Tables,45,4,Explainability evidence,False,False,False,False,False,False,True,,Generated from current filesystem inventory.
outputs/tables/shap_top5_frequency.csv,True,Original SCRE / Core Tables,7,3,Explainability evidence,False,False,False,False,False,False,True,,Generated from current filesystem inventory.
outputs/tables/shap_top_features.csv,True,Original SCRE / Core Tables,20,8,Explainability evidence,False,False,False,True,False,False,True,,Generated from current filesystem inventory.
outputs/tables/shap_topk_frequency.csv,True,Original SCRE / Core Tables,54,15,Explainability evidence,False,False,False,True,False,False,True,,Generated from current filesystem inventory.
outputs/tables/split_summary_heloc.csv,True,Original SCRE / Core Tables,3,11,Dataset/model result,False,False,False,False,False,False,True,,Generated from current filesystem inventory.
outputs/tables/split_summary_taiwan.csv,True,Original SCRE / Core Tables,3,11,Dataset/model result,False,False,False,False,False,False,True,,Generated from current filesystem inventory.
outputs/tables/statistical_tests_cleaned.csv,True,Original SCRE / Core Tables,84,25,Project artifact,False,False,True,True,False,False,True,,Generated from current filesystem inventory.
outputs/tables/statistical_tests_summary.csv,True,Original SCRE / Core Tables,12,13,Project artifact,False,False,False,True,False,False,True,,Generated from current filesystem inventory.
outputs/tables/subgroup_reliability_taiwan.csv,True,Original SCRE / Core Tables,13,32,Dataset/model result,True,False,True,False,False,False,True,,Generated from current filesystem inventory.
outputs/tables/taiwan_data_audit.csv,True,Original SCRE / Core Tables,26,4,Audit / validation evidence,False,False,False,False,True,False,True,,Generated from current filesystem inventory.
outputs/tables/taiwan_scre_credit_20260427T061537Z_ef829d39_bootstrap_ci.csv,True,Original SCRE / Core Tables,3,4,SCRE-Credit framework evidence,False,False,False,False,False,False,True,,Generated from current filesystem inventory.
outputs/tables/taiwan_scre_credit_20260427T061537Z_ef829d39_candidate_pool.csv,True,Original SCRE / Core Tables,9,1,SCRE-Credit framework evidence,False,False,False,False,False,False,True,,Generated from current filesystem inventory.
outputs/tables/taiwan_scre_credit_20260427T061537Z_ef829d39_cost_curve.csv,True,Original SCRE / Core Tables,95,9,SCRE-Credit framework evidence,False,False,False,False,False,False,True,,Generated from current filesystem inventory.
outputs/tables/taiwan_scre_credit_20260427T061537Z_ef829d39_manual_review_band.csv,True,Original SCRE / Core Tables,4,11,SCRE-Credit framework evidence,False,False,False,False,False,False,True,,Generated from current filesystem inventory.
outputs/tables/taiwan_scre_credit_20260427T061537Z_ef829d39_three_way_test_policy.csv,True,Original SCRE / Core Tables,1,19,SCRE-Credit framework evidence,False,False,True,False,False,False,True,,Generated from current filesystem inventory.
outputs/tables/taiwan_scre_credit_20260427T061537Z_ef829d39_three_way_threshold_search.csv,True,Original SCRE / Core Tables,32,22,SCRE-Credit framework evidence,False,False,False,False,False,False,True,,Generated from current filesystem inventory.
outputs/tables/taiwan_scre_credit_20260427T061537Z_ef829d39_thresholds.csv,True,Original SCRE / Core Tables,17,20,SCRE-Credit framework evidence,False,False,False,False,False,False,True,,Generated from current filesystem inventory.
outputs/tables/taiwan_scre_credit_20260427T061537Z_ef829d39_validation_results.csv,True,Original SCRE / Core Tables,9,30,Validation-only selection evidence,False,True,False,False,False,False,True,,Generated from current filesystem inventory.
outputs/tables/taiwan_scre_credit_20260427T061537Z_ef829d39_weights.csv,True,Original SCRE / Core Tables,9,10,SCRE-Credit framework evidence,False,False,False,False,False,False,True,,Generated from current filesystem inventory.
outputs/tables/taiwan_scre_credit_20260427T070845Z_f722372c_bootstrap_ci.csv,True,Original SCRE / Core Tables,3,4,SCRE-Credit framework evidence,False,False,False,False,False,False,True,,Generated from current filesystem inventory.
outputs/tables/taiwan_scre_credit_20260427T070845Z_f722372c_candidate_pool.csv,True,Original SCRE / Core Tables,9,1,SCRE-Credit framework evidence,False,False,False,False,False,False,True,,Generated from current filesystem inventory.
outputs/tables/taiwan_scre_credit_20260427T070845Z_f722372c_cost_curve.csv,True,Original SCRE / Core Tables,95,9,SCRE-Credit framework evidence,False,False,False,False,False,False,True,,Generated from current filesystem inventory.
outputs/tables/taiwan_scre_credit_20260427T070845Z_f722372c_manual_review_band.csv,True,Original SCRE / Core Tables,4,11,SCRE-Credit framework evidence,False,False,False,False,False,False,True,,Generated from current filesystem inventory.
outputs/tables/taiwan_scre_credit_20260427T070845Z_f722372c_three_way_test_policy.csv,True,Original SCRE / Core Tables,1,19,SCRE-Credit framework evidence,False,False,True,False,False,False,True,,Generated from current filesystem inventory.
outputs/tables/taiwan_scre_credit_20260427T070845Z_f722372c_three_way_threshold_search.csv,True,Original SCRE / Core Tables,32,22,SCRE-Credit framework evidence,False,False,False,False,False,False,True,,Generated from current filesystem inventory.
outputs/tables/taiwan_scre_credit_20260427T070845Z_f722372c_thresholds.csv,True,Original SCRE / Core Tables,17,20,SCRE-Credit framework evidence,False,False,False,False,False,False,True,,Generated from current filesystem inventory.
outputs/tables/taiwan_scre_credit_20260427T070845Z_f722372c_validation_results.csv,True,Original SCRE / Core Tables,9,30,Validation-only selection evidence,False,True,False,False,False,False,True,,Generated from current filesystem inventory.
outputs/tables/taiwan_scre_credit_20260427T070845Z_f722372c_weights.csv,True,Original SCRE / Core Tables,9,10,SCRE-Credit framework evidence,False,False,False,False,False,False,True,,Generated from current filesystem inventory.
outputs/tables/taiwan_scre_credit_20260427T073739Z_2427bdbc_bootstrap_ci.csv,True,Original SCRE / Core Tables,3,4,SCRE-Credit framework evidence,False,False,False,False,False,False,True,,Generated from current filesystem inventory.
outputs/tables/taiwan_scre_credit_20260427T073739Z_2427bdbc_candidate_pool.csv,True,Original SCRE / Core Tables,9,1,SCRE-Credit framework evidence,False,False,False,False,False,False,True,,Generated from current filesystem inventory.
outputs/tables/taiwan_scre_credit_20260427T073739Z_2427bdbc_cost_curve.csv,True,Original SCRE / Core Tables,95,9,SCRE-Credit framework evidence,False,False,False,False,False,False,True,,Generated from current filesystem inventory.
outputs/tables/taiwan_scre_credit_20260427T073739Z_2427bdbc_manual_review_band.csv,True,Original SCRE / Core Tables,4,11,SCRE-Credit framework evidence,False,False,False,False,False,False,True,,Generated from current filesystem inventory.
outputs/tables/taiwan_scre_credit_20260427T073739Z_2427bdbc_three_way_test_policy.csv,True,Original SCRE / Core Tables,1,19,SCRE-Credit framework evidence,False,False,True,False,False,False,True,,Generated from current filesystem inventory.
outputs/tables/taiwan_scre_credit_20260427T073739Z_2427bdbc_three_way_threshold_search.csv,True,Original SCRE / Core Tables,32,22,SCRE-Credit framework evidence,False,False,False,False,False,False,True,,Generated from current filesystem inventory.
outputs/tables/taiwan_scre_credit_20260427T073739Z_2427bdbc_thresholds.csv,True,Original SCRE / Core Tables,17,20,SCRE-Credit framework evidence,False,False,False,False,False,False,True,,Generated from current filesystem inventory.
outputs/tables/taiwan_scre_credit_20260427T073739Z_2427bdbc_validation_results.csv,True,Original SCRE / Core Tables,9,30,Validation-only selection evidence,False,True,False,False,False,False,True,,Generated from current filesystem inventory.
outputs/tables/taiwan_scre_credit_20260427T073739Z_2427bdbc_weights.csv,True,Original SCRE / Core Tables,9,10,SCRE-Credit framework evidence,False,False,False,False,False,False,True,,Generated from current filesystem inventory.
outputs/tables/taiwan_scre_credit_20260427T073841Z_8591fb01_bootstrap_ci.csv,True,Original SCRE / Core Tables,3,4,SCRE-Credit framework evidence,False,False,False,False,False,False,True,,Generated from current filesystem inventory.
outputs/tables/taiwan_scre_credit_20260427T073841Z_8591fb01_candidate_pool.csv,True,Original SCRE / Core Tables,9,1,SCRE-Credit framework evidence,False,False,False,False,False,False,True,,Generated from current filesystem inventory.
outputs/tables/taiwan_scre_credit_20260427T073841Z_8591fb01_cost_curve.csv,True,Original SCRE / Core Tables,95,9,SCRE-Credit framework evidence,False,False,False,False,False,False,True,,Generated from current filesystem inventory.
outputs/tables/taiwan_scre_credit_20260427T073841Z_8591fb01_manual_review_band.csv,True,Original SCRE / Core Tables,4,11,SCRE-Credit framework evidence,False,False,False,False,False,False,True,,Generated from current filesystem inventory.
outputs/tables/taiwan_scre_credit_20260427T073841Z_8591fb01_three_way_test_policy.csv,True,Original SCRE / Core Tables,1,19,SCRE-Credit framework evidence,False,False,True,False,False,False,True,,Generated from current filesystem inventory.
outputs/tables/taiwan_scre_credit_20260427T073841Z_8591fb01_three_way_threshold_search.csv,True,Original SCRE / Core Tables,32,22,SCRE-Credit framework evidence,False,False,False,False,False,False,True,,Generated from current filesystem inventory.
outputs/tables/taiwan_scre_credit_20260427T073841Z_8591fb01_thresholds.csv,True,Original SCRE / Core Tables,17,22,SCRE-Credit framework evidence,False,False,False,False,False,False,True,,Generated from current filesystem inventory.
outputs/tables/taiwan_scre_credit_20260427T073841Z_8591fb01_validation_results.csv,True,Original SCRE / Core Tables,9,30,Validation-only selection evidence,False,True,False,False,False,False,True,,Generated from current filesystem inventory.
outputs/tables/taiwan_scre_credit_20260427T073841Z_8591fb01_weights.csv,True,Original SCRE / Core Tables,9,10,SCRE-Credit framework evidence,False,False,False,False,False,False,True,,Generated from current filesystem inventory.
outputs/tables/taiwan_scre_credit_bootstrap_ci.csv,True,Original SCRE / Core Tables,3,4,SCRE-Credit framework evidence,False,False,False,False,False,False,True,,Generated from current filesystem inventory.
outputs/tables/taiwan_scre_credit_candidate_pool.csv,True,Original SCRE / Core Tables,9,1,SCRE-Credit framework evidence,False,False,False,False,False,False,True,,Generated from current filesystem inventory.
outputs/tables/taiwan_scre_credit_cost_curve.csv,True,Original SCRE / Core Tables,95,9,SCRE-Credit framework evidence,False,False,False,False,False,False,True,,Generated from current filesystem inventory.
outputs/tables/taiwan_scre_credit_manual_review_band.csv,True,Original SCRE / Core Tables,4,11,SCRE-Credit framework evidence,False,False,False,False,False,False,True,,Generated from current filesystem inventory.
outputs/tables/taiwan_scre_credit_three_way_test_policy.csv,True,Original SCRE / Core Tables,1,19,SCRE-Credit framework evidence,False,False,True,False,False,False,True,,Generated from current filesystem inventory.
outputs/tables/taiwan_scre_credit_three_way_threshold_search.csv,True,Original SCRE / Core Tables,32,22,SCRE-Credit framework evidence,False,False,False,False,False,False,True,,Generated from current filesystem inventory.
outputs/tables/taiwan_scre_credit_thresholds.csv,True,Original SCRE / Core Tables,17,22,SCRE-Credit framework evidence,False,False,False,False,False,False,True,,Generated from current filesystem inventory.
outputs/tables/taiwan_scre_credit_validation_results.csv,True,Original SCRE / Core Tables,9,30,Validation-only selection evidence,False,True,False,False,False,False,True,,Generated from current filesystem inventory.
outputs/tables/taiwan_scre_credit_weights.csv,True,Original SCRE / Core Tables,9,10,SCRE-Credit framework evidence,False,False,False,False,False,False,True,,Generated from current filesystem inventory.
outputs/tables/taiwan_vs_heloc_framework_comparison.csv,True,Original SCRE / Core Tables,12,15,Dataset/model result,False,False,False,False,False,False,True,,Generated from current filesystem inventory.
outputs/tables/threshold_analysis.csv,True,Original SCRE / Core Tables,24948,35,Threshold / cost analysis,True,True,True,False,False,False,True,,Generated from current filesystem inventory.
outputs/tables/threshold_analysis_heloc.csv,True,Original SCRE / Core Tables,12474,35,Threshold / cost analysis,True,True,True,False,False,False,True,,Generated from current filesystem inventory.
outputs/tables/threshold_analysis_taiwan.csv,True,Original SCRE / Core Tables,12474,35,Threshold / cost analysis,True,True,True,False,False,False,True,,Generated from current filesystem inventory.
outputs/tables/threshold_comparison.csv,True,Original SCRE / Core Tables,17,14,Threshold / cost analysis,False,False,False,False,False,False,True,,Generated from current filesystem inventory.
outputs/tables/tuned_xgboost_oof_threshold_comparison.csv,True,Original SCRE / Core Tables,17,14,Threshold / cost analysis,False,False,False,False,False,False,True,,Generated from current filesystem inventory.
outputs/tables/tuned_xgboost_test_metrics.csv,True,Original SCRE / Core Tables,1,16,Project artifact,False,False,True,False,False,False,True,,Generated from current filesystem inventory.
outputs/tables/tuned_xgboost_threshold_comparison.csv,True,Original SCRE / Core Tables,17,14,Threshold / cost analysis,False,False,False,False,False,False,True,,Generated from current filesystem inventory.
outputs/tables/validation_threshold_test_results.csv,True,Original SCRE / Core Tables,3,19,Validation-only selection evidence,False,True,True,False,False,False,True,,Generated from current filesystem inventory.
PROJECT_SCOPE.md,True,Unknown,52,,Project artifact,True,True,False,False,True,False,False,,Generated from current filesystem inventory.
README.md,True,Unknown,44,,Project artifact,False,True,False,False,True,False,False,,Generated from current filesystem inventory.
src/__init__.py,True,Source,,,Project artifact,False,False,False,False,False,False,False,,Generated from current filesystem inventory.
src/config/__init__.py,True,Source,,,Project artifact,False,False,False,False,False,False,False,,Generated from current filesystem inventory.
src/config/experiment_config.yaml,True,Source,,,Project artifact,False,False,False,False,False,False,False,,Generated from current filesystem inventory.
src/config/model_spaces.py,True,Source,,,Project artifact,False,False,False,False,False,False,False,,Generated from current filesystem inventory.
src/config/paths.py,True,Source,,,Project artifact,False,False,False,False,False,False,False,,Generated from current filesystem inventory.
src/config/settings.py,True,Source,,,Project artifact,False,False,False,False,False,False,False,,Generated from current filesystem inventory.
src/counterfactual_recourse.py,True,Source,,,Project artifact,False,False,False,False,False,False,False,,Generated from current filesystem inventory.
src/data/__init__.py,True,Source,,,Project artifact,False,False,False,False,False,False,False,,Generated from current filesystem inventory.
src/data/clean_heloc.py,True,Source,,,Dataset/model result,False,False,False,False,False,False,False,,Generated from current filesystem inventory.
src/data/clean_taiwan.py,True,Source,,,Dataset/model result,False,False,False,False,False,False,False,,Generated from current filesystem inventory.
src/data/load_heloc.py,True,Source,,,Dataset/model result,False,False,False,False,False,False,False,,Generated from current filesystem inventory.
src/data/load_taiwan.py,True,Source,,,Dataset/model result,False,False,False,False,False,False,False,,Generated from current filesystem inventory.
src/data/split_leakage.py,True,Source,,,Project artifact,False,False,False,False,False,False,False,,Generated from current filesystem inventory.
src/data/validation_checks.py,True,Source,,,Validation-only selection evidence,False,True,False,False,False,False,False,,Generated from current filesystem inventory.
src/data_preprocessing.py,True,Source,,,Project artifact,False,False,False,False,False,False,False,,Generated from current filesystem inventory.
src/evaluation.py,True,Source,,,Project artifact,False,False,False,False,False,False,False,,Generated from current filesystem inventory.
src/evaluation/__init__.py,True,Source,,,Project artifact,False,False,False,False,False,False,False,,Generated from current filesystem inventory.
src/evaluation/calibration_metrics.py,True,Source,,,Calibration evidence,False,False,False,False,False,False,False,,Generated from current filesystem inventory.
src/evaluation/cost_analysis.py,True,Source,,,Threshold / cost analysis,False,False,False,False,False,False,False,,Generated from current filesystem inventory.
src/evaluation/metrics.py,True,Source,,,Project artifact,False,False,False,False,False,False,False,,Generated from current filesystem inventory.
src/evaluation/statistical_tests.py,True,Source,,,Project artifact,False,False,False,False,False,False,False,,Generated from current filesystem inventory.
src/evaluation/subgroup_reliability.py,True,Source,,,Project artifact,False,False,False,False,False,False,False,,Generated from current filesystem inventory.
src/evaluation/thresholding.py,True,Source,,,Threshold / cost analysis,False,False,False,False,False,False,False,,Generated from current filesystem inventory.
src/experiment_registry.py,True,Source,,,Project artifact,False,False,False,False,False,False,False,,Generated from current filesystem inventory.
src/explainability.py,True,Source,,,Project artifact,False,False,False,False,False,False,False,,Generated from current filesystem inventory.
src/explainability/__init__.py,True,Source,,,Project artifact,False,False,False,False,False,False,False,,Generated from current filesystem inventory.
src/explainability/background_sensitivity.py,True,Source,,,Project artifact,False,False,False,False,False,False,False,,Generated from current filesystem inventory.
src/explainability/counterfactuals.py,True,Source,,,Project artifact,False,False,False,False,False,False,False,,Generated from current filesystem inventory.
src/explainability/faithfulness.py,True,Source,,,Project artifact,False,False,False,False,False,False,False,,Generated from current filesystem inventory.
src/explainability/lime_analysis.py,True,Source,,,Explainability evidence,False,False,False,False,False,False,False,,Generated from current filesystem inventory.
src/explainability/shap_analysis.py,True,Source,,,Explainability evidence,False,False,False,False,False,False,False,,Generated from current filesystem inventory.
src/explainability/shap_stability.py,True,Source,,,Explainability evidence,False,False,False,False,False,False,False,,Generated from current filesystem inventory.
src/faithfulness_extensions.py,True,Source,,,Project artifact,False,False,False,False,False,False,False,,Generated from current filesystem inventory.
src/feature_engineering.py,True,Source,,,Project artifact,False,False,False,False,False,False,False,,Generated from current filesystem inventory.
src/features/__init__.py,True,Source,,,Project artifact,False,False,False,False,False,False,False,,Generated from current filesystem inventory.
src/features/common_transformers.py,True,Source,,,Project artifact,False,False,False,False,False,False,False,,Generated from current filesystem inventory.
src/features/feature_registry.py,True,Source,,,Project artifact,False,False,False,False,False,False,False,,Generated from current filesystem inventory.
src/features/heloc_features.py,True,Source,,,Dataset/model result,False,False,False,False,False,False,False,,Generated from current filesystem inventory.
src/features/taiwan_features.py,True,Source,,,Dataset/model result,False,False,False,False,False,False,False,,Generated from current filesystem inventory.
src/heloc_preprocessing.py,True,Source,,,Dataset/model result,False,False,False,False,False,False,False,,Generated from current filesystem inventory.
src/model_training.py,True,Source,,,Project artifact,True,False,False,False,False,False,False,,Generated from current filesystem inventory.
src/models/__init__.py,True,Models,,,Project artifact,False,False,False,False,False,False,False,,Generated from current filesystem inventory.
src/models/baselines.py,True,Models,,,Project artifact,False,False,False,False,False,False,False,,Generated from current filesystem inventory.
src/models/boosting.py,True,Models,,,Project artifact,False,False,False,False,False,False,False,,Generated from current filesystem inventory.
src/models/calibration.py,True,Models,,,Calibration evidence,False,False,False,False,False,False,False,,Generated from current filesystem inventory.
src/models/model_factory.py,True,Models,,,Project artifact,False,False,False,False,False,False,False,,Generated from current filesystem inventory.
src/models/monotonic_models.py,True,Models,,,Project artifact,False,False,False,False,False,False,False,,Generated from current filesystem inventory.
src/models/scorecard.py,True,Models,,,Project artifact,False,False,False,False,False,False,False,,Generated from current filesystem inventory.
src/models/scre_credit.py,True,Models,,,SCRE-Credit framework evidence,False,False,False,False,False,False,False,,Generated from current filesystem inventory.
src/monotonic_models.py,True,Source,,,Project artifact,False,False,False,False,False,False,False,,Generated from current filesystem inventory.
src/reliability_analysis.py,True,Source,,,Project artifact,False,False,False,False,False,False,False,,Generated from current filesystem inventory.
src/run_baseline_models.py,True,Source,,,Project artifact,False,False,False,False,False,False,False,,Generated from current filesystem inventory.
src/run_blackbox_constrained_models.py,True,Source,,,Project artifact,False,False,False,False,False,False,False,,Generated from current filesystem inventory.
src/run_calibration_analysis.py,True,Source,,,Calibration evidence,False,False,False,False,False,False,False,,Generated from current filesystem inventory.
src/run_cost_threshold_analysis.py,True,Source,,,Threshold / cost analysis,False,False,False,False,False,False,False,,Generated from current filesystem inventory.
src/run_enhanced_modeling.py,True,Source,,,Project artifact,False,False,False,False,False,False,False,,Generated from current filesystem inventory.
src/run_explainability_analysis.py,True,Source,,,Project artifact,False,False,False,False,False,False,False,,Generated from current filesystem inventory.
src/run_final_evaluation.py,True,Source,,,Project artifact,False,False,False,False,False,False,False,,Generated from current filesystem inventory.
src/run_hyperparameter_optimization.py,True,Source,,,Project artifact,False,False,False,False,False,False,False,,Generated from current filesystem inventory.
src/run_scre_credit_experiments.py,True,Source,,,SCRE-Credit framework evidence,False,False,False,False,False,False,False,,Generated from current filesystem inventory.
src/scorecard.py,True,Source,,,Project artifact,False,False,False,False,False,False,False,,Generated from current filesystem inventory.
src/scre_credit.py,True,Source,,,SCRE-Credit framework evidence,False,False,False,False,False,False,False,,Generated from current filesystem inventory.
src/utils/__init__.py,True,Source,,,Project artifact,False,False,False,False,False,False,False,,Generated from current filesystem inventory.
src/utils/logging_utils.py,True,Source,,,Project artifact,False,False,False,False,False,False,False,,Generated from current filesystem inventory.
src/utils/plotting.py,True,Source,,,Project artifact,False,False,False,False,False,False,False,,Generated from current filesystem inventory.
src/utils/save_utils.py,True,Source,,,Project artifact,False,False,False,False,False,False,False,,Generated from current filesystem inventory.
src/utils/seed_utils.py,True,Source,,,Project artifact,False,False,False,False,False,False,False,,Generated from current filesystem inventory.
src/xai_reliability.py,True,Source,,,Project artifact,False,False,False,False,False,False,False,,Generated from current filesystem inventory.
