file_path,exists,source_stage,row_count,column_count,contains_validation_metrics,contains_test_metrics,contains_rank_or_winner,contains_audit_status,safe_for_main_report,safe_for_appendix,unsafe_reason,notes
outputs/decision_revision_v2/calibration_policy_separated_results_heloc.csv,True,V2,3,45,False,True,False,False,False,True,,V2 supporting artifact.
outputs/decision_revision_v2/calibration_policy_separated_results_taiwan.csv,True,V2,3,45,False,True,False,False,False,True,,V2 supporting artifact.
outputs/decision_revision_v2/calibration_policy_split_check.md,True,V2,18,,True,True,False,False,False,True,,V2 supporting artifact.
outputs/decision_revision_v2/calibration_threshold_caveat.md,True,V2,24,,True,True,False,False,False,True,,V2 supporting artifact.
outputs/decision_revision_v2/candidate_registry_summary.md,True,V2,35,,True,False,True,False,False,True,,V2 supporting artifact.
outputs/decision_revision_v2/false_positive_profile_heloc_completed.csv,True,V2,5,16,False,False,False,False,False,True,,V2 supporting artifact.
outputs/decision_revision_v2/false_positive_profile_interpretation.md,True,V2,19,,False,False,False,False,False,True,,V2 supporting artifact.
outputs/decision_revision_v2/false_positive_profile_taiwan_completed.csv,True,V2,5,26,False,False,False,False,False,True,,V2 supporting artifact.
outputs/decision_revision_v2/final_audit_v2.csv,True,V2,39,7,False,False,False,True,True,True,,V2 audit-clean evidence.
outputs/decision_revision_v2/final_audit_v2.md,True,V2,85,,True,True,True,True,True,True,,V2 audit-clean evidence.
outputs/decision_revision_v2/final_heldout_test_evidence_table.csv,True,V2,2,22,False,True,True,False,True,True,,V2 audit-clean evidence.
outputs/decision_revision_v2/final_safe_recommendation.md,True,V2,95,,True,True,True,False,True,True,,V2 audit-clean evidence.
outputs/decision_revision_v2/final_table_methodology_note.md,True,V2,21,,True,True,True,True,False,True,,V2 supporting artifact.
outputs/decision_revision_v2/final_validation_selection_table.csv,True,V2,84,22,True,False,True,False,True,True,,V2 audit-clean evidence.
outputs/decision_revision_v2/fp_similarity_summary_heloc.csv,True,V2,75,20,False,False,False,False,False,True,,V2 supporting artifact.
outputs/decision_revision_v2/fp_similarity_summary_taiwan.csv,True,V2,115,20,False,False,False,False,False,True,,V2 supporting artifact.
outputs/decision_revision_v2/input_file_inventory.csv,True,V2,13,15,True,True,True,False,False,True,,V2 supporting artifact.
outputs/decision_revision_v2/locked_final_policy_heloc.json,True,V2,20,18,True,False,True,False,False,True,,V2 supporting artifact.
outputs/decision_revision_v2/locked_final_policy_taiwan.json,True,V2,20,18,True,False,True,False,False,True,,V2 supporting artifact.
outputs/decision_revision_v2/locked_test_evaluation_heloc.csv,True,V2,1,47,True,True,False,False,True,True,,V2 audit-clean evidence.
outputs/decision_revision_v2/locked_test_evaluation_summary.md,True,V2,73,,True,True,False,False,True,True,,V2 audit-clean evidence.
outputs/decision_revision_v2/locked_test_evaluation_taiwan.csv,True,V2,1,47,True,True,False,False,True,True,,V2 audit-clean evidence.
outputs/decision_revision_v2/manual_review_cost_interpretation.md,True,V2,50,,True,False,True,False,False,True,,V2 supporting artifact.
outputs/decision_revision_v2/manual_review_cost_model_all.csv,True,V2,8820,31,False,False,False,False,False,True,,V2 supporting artifact.
outputs/decision_revision_v2/manual_review_cost_model_heloc.csv,True,V2,4410,31,False,False,False,False,False,True,,V2 supporting artifact.
outputs/decision_revision_v2/manual_review_cost_model_taiwan.csv,True,V2,4410,31,False,False,False,False,False,True,,V2 supporting artifact.
outputs/decision_revision_v2/old_results_status.md,True,V2,35,,True,True,False,False,False,True,,V2 supporting artifact.
outputs/decision_revision_v2/retrospective_all_candidate_test_diagnostics.csv,True,V2,35,38,False,False,True,False,False,True,Retrospective diagnostic file explicitly not for model selection.,Diagnostic only.
outputs/decision_revision_v2/SELECTION_PROTOCOL_V2.md,True,V2,70,,True,True,True,False,False,True,,V2 supporting artifact.
outputs/decision_revision_v2/validation_candidate_registry_all.csv,True,V2,500,41,True,False,False,False,False,True,,V2 supporting artifact.
outputs/decision_revision_v2/validation_candidate_registry_heloc.csv,True,V2,250,41,True,False,False,False,False,True,,V2 supporting artifact.
outputs/decision_revision_v2/validation_candidate_registry_taiwan.csv,True,V2,250,41,True,False,False,False,False,True,,V2 supporting artifact.
outputs/decision_revision_v2/validation_only_selection_heloc.csv,True,V2,42,35,True,False,True,False,False,True,,V2 supporting artifact.
outputs/decision_revision_v2/validation_only_selection_summary.md,True,V2,33,,True,False,True,False,False,True,,V2 supporting artifact.
outputs/decision_revision_v2/validation_only_selection_taiwan.csv,True,V2,42,35,True,False,True,False,False,True,,V2 supporting artifact.
outputs/final_attempt/audit/final_attempt_audit.csv,True,Audit,96,6,False,False,False,True,False,True,Audit verdict is BLOCKED; file is useful only to explain why Final Attempt cannot be final.,Use as appendix/audit explanation.
outputs/final_attempt/audit/final_attempt_audit.md,True,Audit,118,,True,True,True,True,False,True,Audit verdict is BLOCKED; file is useful only to explain why Final Attempt cannot be final.,Use as appendix/audit explanation.
outputs/final_attempt/capacity_review/capacity_candidate_inventory.csv,True,Capacity Review,16,6,False,False,False,False,False,True,,Final Attempt stress-test/robustness artifact; not final operational evidence.
outputs/final_attempt/capacity_review/capacity_lift_results_heloc.csv,True,Capacity Review,126,21,False,True,False,False,False,True,,Final Attempt stress-test/robustness artifact; not final operational evidence.
outputs/final_attempt/capacity_review/capacity_lift_results_taiwan.csv,True,Capacity Review,126,21,False,True,False,False,False,True,,Final Attempt stress-test/robustness artifact; not final operational evidence.
outputs/final_attempt/capacity_review/capacity_model_comparison.csv,True,Capacity Review,28,12,False,True,False,False,False,True,,Final Attempt stress-test/robustness artifact; not final operational evidence.
outputs/final_attempt/capacity_review/capacity_review.log,True,Capacity Review,3,,False,False,False,False,False,True,,Final Attempt stress-test/robustness artifact; not final operational evidence.
outputs/final_attempt/capacity_review/capacity_review_protocol_audit.json,True,Audit,18,8,False,True,False,True,False,True,,Final Attempt stress-test/robustness artifact; not final operational evidence.
outputs/final_attempt/capacity_review/capacity_review_summary.md,True,Capacity Review,61,,True,True,False,False,False,True,,Final Attempt stress-test/robustness artifact; not final operational evidence.
outputs/final_attempt/capacity_review/cumulative_gains_heloc.png,True,Capacity Review,,,False,False,False,False,False,True,,Final Attempt stress-test/robustness artifact; not final operational evidence.
outputs/final_attempt/capacity_review/cumulative_gains_taiwan.png,True,Capacity Review,,,False,False,False,False,False,True,,Final Attempt stress-test/robustness artifact; not final operational evidence.
outputs/final_attempt/capacity_review/lift_curve_heloc.png,True,Capacity Review,,,False,False,False,False,False,True,,Final Attempt stress-test/robustness artifact; not final operational evidence.
outputs/final_attempt/capacity_review/lift_curve_taiwan.png,True,Capacity Review,,,False,False,False,False,False,True,,Final Attempt stress-test/robustness artifact; not final operational evidence.
outputs/final_attempt/capacity_review/net_value_at_k_heloc.png,True,Capacity Review,,,False,False,False,False,False,True,,Final Attempt stress-test/robustness artifact; not final operational evidence.
outputs/final_attempt/capacity_review/net_value_at_k_taiwan.png,True,Capacity Review,,,False,False,False,False,False,True,,Final Attempt stress-test/robustness artifact; not final operational evidence.
outputs/final_attempt/capacity_review/precision_at_k_heloc.png,True,Capacity Review,,,False,False,False,False,False,True,,Final Attempt stress-test/robustness artifact; not final operational evidence.
outputs/final_attempt/capacity_review/precision_at_k_taiwan.png,True,Capacity Review,,,False,False,False,False,False,True,,Final Attempt stress-test/robustness artifact; not final operational evidence.
outputs/final_attempt/decision_curve/decision_curve.log,True,Decision Curve,3,,False,False,False,False,False,True,,Final Attempt stress-test/robustness artifact; not final operational evidence.
outputs/final_attempt/decision_curve/decision_curve_best_ranges.csv,True,Decision Curve,28,12,False,True,False,False,False,True,,Final Attempt stress-test/robustness artifact; not final operational evidence.
outputs/final_attempt/decision_curve/decision_curve_candidate_inventory.csv,True,Decision Curve,16,6,False,False,False,False,False,True,,Final Attempt stress-test/robustness artifact; not final operational evidence.
outputs/final_attempt/decision_curve/decision_curve_heloc.png,True,Decision Curve,,,False,False,False,False,False,True,,Final Attempt stress-test/robustness artifact; not final operational evidence.
outputs/final_attempt/decision_curve/decision_curve_protocol_audit.json,True,Audit,10,8,False,True,False,True,False,True,,Final Attempt stress-test/robustness artifact; not final operational evidence.
outputs/final_attempt/decision_curve/decision_curve_results_heloc.csv,True,Decision Curve,1120,17,False,True,True,False,False,True,,Final Attempt stress-test/robustness artifact; not final operational evidence.
outputs/final_attempt/decision_curve/decision_curve_results_taiwan.csv,True,Decision Curve,1120,17,False,True,True,False,False,True,,Final Attempt stress-test/robustness artifact; not final operational evidence.
outputs/final_attempt/decision_curve/decision_curve_summary.md,True,Decision Curve,58,,True,True,True,False,False,True,,Final Attempt stress-test/robustness artifact; not final operational evidence.
outputs/final_attempt/decision_curve/decision_curve_taiwan.png,True,Decision Curve,,,False,False,False,False,False,True,,Final Attempt stress-test/robustness artifact; not final operational evidence.
outputs/final_attempt/deep_tabular/deep_tabular.log,True,Final Attempt,70,,True,False,False,False,False,True,,Final Attempt stress-test/robustness artifact; not final operational evidence.
outputs/final_attempt/deep_tabular/deep_tabular_best_configs.csv,True,Final Attempt,768,65,True,True,True,False,False,True,,Final Attempt stress-test/robustness artifact; not final operational evidence.
outputs/final_attempt/deep_tabular/deep_tabular_locked_configs.csv,True,Final Attempt,6,65,True,True,False,False,False,True,,Final Attempt stress-test/robustness artifact; not final operational evidence.
outputs/final_attempt/deep_tabular/deep_tabular_locked_test_heloc.csv,True,Final Attempt,3,41,True,True,False,False,False,True,,Final Attempt stress-test/robustness artifact; not final operational evidence.
outputs/final_attempt/deep_tabular/deep_tabular_locked_test_taiwan.csv,True,Final Attempt,3,41,True,True,False,False,False,True,,Final Attempt stress-test/robustness artifact; not final operational evidence.
outputs/final_attempt/deep_tabular/deep_tabular_protocol_audit.json,True,Audit,15,10,True,True,False,True,False,True,,Final Attempt stress-test/robustness artifact; not final operational evidence.
outputs/final_attempt/deep_tabular/deep_tabular_run_stderr.log,True,Final Attempt,6,,False,False,False,True,False,True,,Final Attempt stress-test/robustness artifact; not final operational evidence.
outputs/final_attempt/deep_tabular/deep_tabular_run_stdout.log,True,Final Attempt,70,,True,False,False,False,False,True,,Final Attempt stress-test/robustness artifact; not final operational evidence.
outputs/final_attempt/deep_tabular/deep_tabular_summary.md,True,Final Attempt,66,,True,True,False,False,False,True,,Final Attempt stress-test/robustness artifact; not final operational evidence.
outputs/final_attempt/deep_tabular/deep_tabular_training_curves/heloc_mlp_128-64-32_relu_base_curve.png,True,Final Attempt,,,False,False,False,False,False,True,,Final Attempt stress-test/robustness artifact; not final operational evidence.
outputs/final_attempt/deep_tabular/deep_tabular_training_curves/heloc_mlp_128-64-32_relu_base_history.csv,True,Final Attempt,42,6,False,False,False,False,False,True,,Final Attempt stress-test/robustness artifact; not final operational evidence.
outputs/final_attempt/deep_tabular/deep_tabular_training_curves/heloc_mlp_128-64_class_weight_balanced_curve.png,True,Final Attempt,,,False,False,False,False,False,True,,Final Attempt stress-test/robustness artifact; not final operational evidence.
outputs/final_attempt/deep_tabular/deep_tabular_training_curves/heloc_mlp_128-64_class_weight_balanced_history.csv,True,Final Attempt,33,6,False,False,False,False,False,True,,Final Attempt stress-test/robustness artifact; not final operational evidence.
outputs/final_attempt/deep_tabular/deep_tabular_training_curves/heloc_mlp_128-64_dropout_0_0_curve.png,True,Final Attempt,,,False,False,False,False,False,True,,Final Attempt stress-test/robustness artifact; not final operational evidence.
outputs/final_attempt/deep_tabular/deep_tabular_training_curves/heloc_mlp_128-64_dropout_0_0_history.csv,True,Final Attempt,15,6,False,False,False,False,False,True,,Final Attempt stress-test/robustness artifact; not final operational evidence.
outputs/final_attempt/deep_tabular/deep_tabular_training_curves/heloc_mlp_128-64_dropout_0_1_curve.png,True,Final Attempt,,,False,False,False,False,False,True,,Final Attempt stress-test/robustness artifact; not final operational evidence.
outputs/final_attempt/deep_tabular/deep_tabular_training_curves/heloc_mlp_128-64_dropout_0_1_history.csv,True,Final Attempt,19,6,False,False,False,False,False,True,,Final Attempt stress-test/robustness artifact; not final operational evidence.
outputs/final_attempt/deep_tabular/deep_tabular_training_curves/heloc_mlp_128-64_dropout_0_2_curve.png,True,Final Attempt,,,False,False,False,False,False,True,,Final Attempt stress-test/robustness artifact; not final operational evidence.
outputs/final_attempt/deep_tabular/deep_tabular_training_curves/heloc_mlp_128-64_dropout_0_2_history.csv,True,Final Attempt,44,6,False,False,False,False,False,True,,Final Attempt stress-test/robustness artifact; not final operational evidence.
outputs/final_attempt/deep_tabular/deep_tabular_training_curves/heloc_mlp_128-64_dropout_0_3_curve.png,True,Final Attempt,,,False,False,False,False,False,True,,Final Attempt stress-test/robustness artifact; not final operational evidence.
outputs/final_attempt/deep_tabular/deep_tabular_training_curves/heloc_mlp_128-64_dropout_0_3_history.csv,True,Final Attempt,21,6,False,False,False,False,False,True,,Final Attempt stress-test/robustness artifact; not final operational evidence.
outputs/final_attempt/deep_tabular/deep_tabular_training_curves/heloc_mlp_128-64_elu_activation_curve.png,True,Final Attempt,,,False,False,False,False,False,True,,Final Attempt stress-test/robustness artifact; not final operational evidence.
outputs/final_attempt/deep_tabular/deep_tabular_training_curves/heloc_mlp_128-64_elu_activation_history.csv,True,Final Attempt,43,6,False,False,False,False,False,True,,Final Attempt stress-test/robustness artifact; not final operational evidence.
outputs/final_attempt/deep_tabular/deep_tabular_training_curves/heloc_mlp_128-64_focal_loss_experimental_curve.png,True,Final Attempt,,,False,False,False,False,False,True,,Final Attempt stress-test/robustness artifact; not final operational evidence.
outputs/final_attempt/deep_tabular/deep_tabular_training_curves/heloc_mlp_128-64_focal_loss_experimental_history.csv,True,Final Attempt,36,6,False,False,False,False,False,True,,Final Attempt stress-test/robustness artifact; not final operational evidence.
outputs/final_attempt/deep_tabular/deep_tabular_training_curves/heloc_mlp_128-64_kmeans_smote_train_only_curve.png,True,Final Attempt,,,False,False,False,False,False,True,,Final Attempt stress-test/robustness artifact; not final operational evidence.
outputs/final_attempt/deep_tabular/deep_tabular_training_curves/heloc_mlp_128-64_kmeans_smote_train_only_history.csv,True,Final Attempt,17,6,False,False,False,False,False,True,,Final Attempt stress-test/robustness artifact; not final operational evidence.
outputs/final_attempt/deep_tabular/deep_tabular_training_curves/heloc_mlp_128-64_none_curve.png,True,Final Attempt,,,False,False,False,False,False,True,,Final Attempt stress-test/robustness artifact; not final operational evidence.
outputs/final_attempt/deep_tabular/deep_tabular_training_curves/heloc_mlp_128-64_none_history.csv,True,Final Attempt,38,6,False,False,False,False,False,True,,Final Attempt stress-test/robustness artifact; not final operational evidence.
outputs/final_attempt/deep_tabular/deep_tabular_training_curves/heloc_mlp_128-64_relu_activation_curve.png,True,Final Attempt,,,False,False,False,False,False,True,,Final Attempt stress-test/robustness artifact; not final operational evidence.
outputs/final_attempt/deep_tabular/deep_tabular_training_curves/heloc_mlp_128-64_relu_activation_history.csv,True,Final Attempt,33,6,False,False,False,False,False,True,,Final Attempt stress-test/robustness artifact; not final operational evidence.
outputs/final_attempt/deep_tabular/deep_tabular_training_curves/heloc_mlp_128-64_relu_base_curve.png,True,Final Attempt,,,False,False,False,False,False,True,,Final Attempt stress-test/robustness artifact; not final operational evidence.
outputs/final_attempt/deep_tabular/deep_tabular_training_curves/heloc_mlp_128-64_relu_base_history.csv,True,Final Attempt,24,6,False,False,False,False,False,True,,Final Attempt stress-test/robustness artifact; not final operational evidence.
outputs/final_attempt/deep_tabular/deep_tabular_training_curves/heloc_mlp_128-64_smote_tomek_train_only_curve.png,True,Final Attempt,,,False,False,False,False,False,True,,Final Attempt stress-test/robustness artifact; not final operational evidence.
outputs/final_attempt/deep_tabular/deep_tabular_training_curves/heloc_mlp_128-64_smote_tomek_train_only_history.csv,True,Final Attempt,49,6,False,False,False,False,False,True,,Final Attempt stress-test/robustness artifact; not final operational evidence.
outputs/final_attempt/deep_tabular/deep_tabular_training_curves/heloc_mlp_128_relu_base_curve.png,True,Final Attempt,,,False,False,False,False,False,True,,Final Attempt stress-test/robustness artifact; not final operational evidence.
outputs/final_attempt/deep_tabular/deep_tabular_training_curves/heloc_mlp_128_relu_base_history.csv,True,Final Attempt,34,6,False,False,False,False,False,True,,Final Attempt stress-test/robustness artifact; not final operational evidence.
outputs/final_attempt/deep_tabular/deep_tabular_training_curves/heloc_mlp_128m64_l2_0.0001_curve.png,True,Final Attempt,,,False,False,False,False,False,True,,Final Attempt stress-test/robustness artifact; not final operational evidence.
outputs/final_attempt/deep_tabular/deep_tabular_training_curves/heloc_mlp_128m64_l2_0.0001_history.csv,True,Final Attempt,13,6,False,False,False,False,False,True,,Final Attempt stress-test/robustness artifact; not final operational evidence.
outputs/final_attempt/deep_tabular/deep_tabular_training_curves/heloc_mlp_128m64_l2_0.001_curve.png,True,Final Attempt,,,False,False,False,False,False,True,,Final Attempt stress-test/robustness artifact; not final operational evidence.
outputs/final_attempt/deep_tabular/deep_tabular_training_curves/heloc_mlp_128m64_l2_0.001_history.csv,True,Final Attempt,33,6,False,False,False,False,False,True,,Final Attempt stress-test/robustness artifact; not final operational evidence.
outputs/final_attempt/deep_tabular/deep_tabular_training_curves/heloc_mlp_128m64_l2_0_curve.png,True,Final Attempt,,,False,False,False,False,False,True,,Final Attempt stress-test/robustness artifact; not final operational evidence.
outputs/final_attempt/deep_tabular/deep_tabular_training_curves/heloc_mlp_128m64_l2_0_history.csv,True,Final Attempt,24,6,False,False,False,False,False,True,,Final Attempt stress-test/robustness artifact; not final operational evidence.
outputs/final_attempt/deep_tabular/deep_tabular_training_curves/heloc_mlp_128m64_l2_1em05_curve.png,True,Final Attempt,,,False,False,False,False,False,True,,Final Attempt stress-test/robustness artifact; not final operational evidence.
outputs/final_attempt/deep_tabular/deep_tabular_training_curves/heloc_mlp_128m64_l2_1em05_history.csv,True,Final Attempt,29,6,False,False,False,False,False,True,,Final Attempt stress-test/robustness artifact; not final operational evidence.
outputs/final_attempt/deep_tabular/deep_tabular_training_curves/heloc_mlp_128m64_lr_0.0001_batch_128_curve.png,True,Final Attempt,,,False,False,False,False,False,True,,Final Attempt stress-test/robustness artifact; not final operational evidence.
outputs/final_attempt/deep_tabular/deep_tabular_training_curves/heloc_mlp_128m64_lr_0.0001_batch_128_history.csv,True,Final Attempt,18,6,False,False,False,False,False,True,,Final Attempt stress-test/robustness artifact; not final operational evidence.
outputs/final_attempt/deep_tabular/deep_tabular_training_curves/heloc_mlp_128m64_lr_0.0001_batch_256_curve.png,True,Final Attempt,,,False,False,False,False,False,True,,Final Attempt stress-test/robustness artifact; not final operational evidence.
outputs/final_attempt/deep_tabular/deep_tabular_training_curves/heloc_mlp_128m64_lr_0.0001_batch_256_history.csv,True,Final Attempt,31,6,False,False,False,False,False,True,,Final Attempt stress-test/robustness artifact; not final operational evidence.
outputs/final_attempt/deep_tabular/deep_tabular_training_curves/heloc_mlp_128m64_lr_0.0001_batch_512_curve.png,True,Final Attempt,,,False,False,False,False,False,True,,Final Attempt stress-test/robustness artifact; not final operational evidence.
outputs/final_attempt/deep_tabular/deep_tabular_training_curves/heloc_mlp_128m64_lr_0.0001_batch_512_history.csv,True,Final Attempt,75,6,False,False,False,False,False,True,,Final Attempt stress-test/robustness artifact; not final operational evidence.
outputs/final_attempt/deep_tabular/deep_tabular_training_curves/heloc_mlp_128m64_lr_0.0003_batch_128_curve.png,True,Final Attempt,,,False,False,False,False,False,True,,Final Attempt stress-test/robustness artifact; not final operational evidence.
outputs/final_attempt/deep_tabular/deep_tabular_training_curves/heloc_mlp_128m64_lr_0.0003_batch_128_history.csv,True,Final Attempt,13,6,False,False,False,False,False,True,,Final Attempt stress-test/robustness artifact; not final operational evidence.
outputs/final_attempt/deep_tabular/deep_tabular_training_curves/heloc_mlp_128m64_lr_0.0003_batch_256_curve.png,True,Final Attempt,,,False,False,False,False,False,True,,Final Attempt stress-test/robustness artifact; not final operational evidence.
outputs/final_attempt/deep_tabular/deep_tabular_training_curves/heloc_mlp_128m64_lr_0.0003_batch_256_history.csv,True,Final Attempt,17,6,False,False,False,False,False,True,,Final Attempt stress-test/robustness artifact; not final operational evidence.
outputs/final_attempt/deep_tabular/deep_tabular_training_curves/heloc_mlp_128m64_lr_0.0003_batch_512_curve.png,True,Final Attempt,,,False,False,False,False,False,True,,Final Attempt stress-test/robustness artifact; not final operational evidence.
outputs/final_attempt/deep_tabular/deep_tabular_training_curves/heloc_mlp_128m64_lr_0.0003_batch_512_history.csv,True,Final Attempt,23,6,False,False,False,False,False,True,,Final Attempt stress-test/robustness artifact; not final operational evidence.
outputs/final_attempt/deep_tabular/deep_tabular_training_curves/heloc_mlp_128m64_lr_0.001_batch_128_curve.png,True,Final Attempt,,,False,False,False,False,False,True,,Final Attempt stress-test/robustness artifact; not final operational evidence.
outputs/final_attempt/deep_tabular/deep_tabular_training_curves/heloc_mlp_128m64_lr_0.001_batch_128_history.csv,True,Final Attempt,11,6,False,False,False,False,False,True,,Final Attempt stress-test/robustness artifact; not final operational evidence.
outputs/final_attempt/deep_tabular/deep_tabular_training_curves/heloc_mlp_128m64_lr_0.001_batch_256_curve.png,True,Final Attempt,,,False,False,False,False,False,True,,Final Attempt stress-test/robustness artifact; not final operational evidence.
outputs/final_attempt/deep_tabular/deep_tabular_training_curves/heloc_mlp_128m64_lr_0.001_batch_256_history.csv,True,Final Attempt,17,6,False,False,False,False,False,True,,Final Attempt stress-test/robustness artifact; not final operational evidence.
outputs/final_attempt/deep_tabular/deep_tabular_training_curves/heloc_mlp_128m64_lr_0.001_batch_512_curve.png,True,Final Attempt,,,False,False,False,False,False,True,,Final Attempt stress-test/robustness artifact; not final operational evidence.
outputs/final_attempt/deep_tabular/deep_tabular_training_curves/heloc_mlp_128m64_lr_0.001_batch_512_history.csv,True,Final Attempt,16,6,False,False,False,False,False,True,,Final Attempt stress-test/robustness artifact; not final operational evidence.
outputs/final_attempt/deep_tabular/deep_tabular_training_curves/heloc_mlp_256-128-64_focal_dropout_0_2_curve.png,True,Final Attempt,,,False,False,False,False,False,True,,Final Attempt stress-test/robustness artifact; not final operational evidence.
outputs/final_attempt/deep_tabular/deep_tabular_training_curves/heloc_mlp_256-128-64_focal_dropout_0_2_history.csv,True,Final Attempt,21,6,False,False,False,False,False,True,,Final Attempt stress-test/robustness artifact; not final operational evidence.
outputs/final_attempt/deep_tabular/deep_tabular_training_curves/heloc_mlp_256-128-64_relu_base_curve.png,True,Final Attempt,,,False,False,False,False,False,True,,Final Attempt stress-test/robustness artifact; not final operational evidence.
outputs/final_attempt/deep_tabular/deep_tabular_training_curves/heloc_mlp_256-128-64_relu_base_history.csv,True,Final Attempt,15,6,False,False,False,False,False,True,,Final Attempt stress-test/robustness artifact; not final operational evidence.
outputs/final_attempt/deep_tabular/deep_tabular_training_curves/heloc_mlp_256-128_relu_base_curve.png,True,Final Attempt,,,False,False,False,False,False,True,,Final Attempt stress-test/robustness artifact; not final operational evidence.
outputs/final_attempt/deep_tabular/deep_tabular_training_curves/heloc_mlp_256-128_relu_base_history.csv,True,Final Attempt,14,6,False,False,False,False,False,True,,Final Attempt stress-test/robustness artifact; not final operational evidence.
outputs/final_attempt/deep_tabular/deep_tabular_training_curves/heloc_mlp_256-128_smote_tomek_curve.png,True,Final Attempt,,,False,False,False,False,False,True,,Final Attempt stress-test/robustness artifact; not final operational evidence.
outputs/final_attempt/deep_tabular/deep_tabular_training_curves/heloc_mlp_256-128_smote_tomek_history.csv,True,Final Attempt,16,6,False,False,False,False,False,True,,Final Attempt stress-test/robustness artifact; not final operational evidence.
outputs/final_attempt/deep_tabular/deep_tabular_training_curves/heloc_mlp_64_relu_base_curve.png,True,Final Attempt,,,False,False,False,False,False,True,,Final Attempt stress-test/robustness artifact; not final operational evidence.
outputs/final_attempt/deep_tabular/deep_tabular_training_curves/heloc_mlp_64_relu_base_history.csv,True,Final Attempt,63,6,False,False,False,False,False,True,,Final Attempt stress-test/robustness artifact; not final operational evidence.
outputs/final_attempt/deep_tabular/deep_tabular_training_curves/taiwan_mlp_128-64-32_relu_base_curve.png,True,Final Attempt,,,False,False,False,False,False,True,,Final Attempt stress-test/robustness artifact; not final operational evidence.
outputs/final_attempt/deep_tabular/deep_tabular_training_curves/taiwan_mlp_128-64-32_relu_base_history.csv,True,Final Attempt,55,6,False,False,False,False,False,True,,Final Attempt stress-test/robustness artifact; not final operational evidence.
outputs/final_attempt/deep_tabular/deep_tabular_training_curves/taiwan_mlp_128-64_class_weight_balanced_curve.png,True,Final Attempt,,,False,False,False,False,False,True,,Final Attempt stress-test/robustness artifact; not final operational evidence.
outputs/final_attempt/deep_tabular/deep_tabular_training_curves/taiwan_mlp_128-64_class_weight_balanced_history.csv,True,Final Attempt,56,6,False,False,False,False,False,True,,Final Attempt stress-test/robustness artifact; not final operational evidence.
outputs/final_attempt/deep_tabular/deep_tabular_training_curves/taiwan_mlp_128-64_dropout_0_0_curve.png,True,Final Attempt,,,False,False,False,False,False,True,,Final Attempt stress-test/robustness artifact; not final operational evidence.
outputs/final_attempt/deep_tabular/deep_tabular_training_curves/taiwan_mlp_128-64_dropout_0_0_history.csv,True,Final Attempt,20,6,False,False,False,False,False,True,,Final Attempt stress-test/robustness artifact; not final operational evidence.
outputs/final_attempt/deep_tabular/deep_tabular_training_curves/taiwan_mlp_128-64_dropout_0_1_curve.png,True,Final Attempt,,,False,False,False,False,False,True,,Final Attempt stress-test/robustness artifact; not final operational evidence.
outputs/final_attempt/deep_tabular/deep_tabular_training_curves/taiwan_mlp_128-64_dropout_0_1_history.csv,True,Final Attempt,57,6,False,False,False,False,False,True,,Final Attempt stress-test/robustness artifact; not final operational evidence.
outputs/final_attempt/deep_tabular/deep_tabular_training_curves/taiwan_mlp_128-64_dropout_0_2_curve.png,True,Final Attempt,,,False,False,False,False,False,True,,Final Attempt stress-test/robustness artifact; not final operational evidence.
outputs/final_attempt/deep_tabular/deep_tabular_training_curves/taiwan_mlp_128-64_dropout_0_2_history.csv,True,Final Attempt,52,6,False,False,False,False,False,True,,Final Attempt stress-test/robustness artifact; not final operational evidence.
outputs/final_attempt/deep_tabular/deep_tabular_training_curves/taiwan_mlp_128-64_dropout_0_3_curve.png,True,Final Attempt,,,False,False,False,False,False,True,,Final Attempt stress-test/robustness artifact; not final operational evidence.
outputs/final_attempt/deep_tabular/deep_tabular_training_curves/taiwan_mlp_128-64_dropout_0_3_history.csv,True,Final Attempt,58,6,False,False,False,False,False,True,,Final Attempt stress-test/robustness artifact; not final operational evidence.
outputs/final_attempt/deep_tabular/deep_tabular_training_curves/taiwan_mlp_128-64_elu_activation_curve.png,True,Final Attempt,,,False,False,False,False,False,True,,Final Attempt stress-test/robustness artifact; not final operational evidence.
outputs/final_attempt/deep_tabular/deep_tabular_training_curves/taiwan_mlp_128-64_elu_activation_history.csv,True,Final Attempt,63,6,False,False,False,False,False,True,,Final Attempt stress-test/robustness artifact; not final operational evidence.
outputs/final_attempt/deep_tabular/deep_tabular_training_curves/taiwan_mlp_128-64_focal_loss_experimental_curve.png,True,Final Attempt,,,False,False,False,False,False,True,,Final Attempt stress-test/robustness artifact; not final operational evidence.
outputs/final_attempt/deep_tabular/deep_tabular_training_curves/taiwan_mlp_128-64_focal_loss_experimental_history.csv,True,Final Attempt,45,6,False,False,False,False,False,True,,Final Attempt stress-test/robustness artifact; not final operational evidence.
outputs/final_attempt/deep_tabular/deep_tabular_training_curves/taiwan_mlp_128-64_kmeans_smote_train_only_curve.png,True,Final Attempt,,,False,False,False,False,False,True,,Final Attempt stress-test/robustness artifact; not final operational evidence.
outputs/final_attempt/deep_tabular/deep_tabular_training_curves/taiwan_mlp_128-64_kmeans_smote_train_only_history.csv,True,Final Attempt,25,6,False,False,False,False,False,True,,Final Attempt stress-test/robustness artifact; not final operational evidence.
outputs/final_attempt/deep_tabular/deep_tabular_training_curves/taiwan_mlp_128-64_none_curve.png,True,Final Attempt,,,False,False,False,False,False,True,,Final Attempt stress-test/robustness artifact; not final operational evidence.
outputs/final_attempt/deep_tabular/deep_tabular_training_curves/taiwan_mlp_128-64_none_history.csv,True,Final Attempt,31,6,False,False,False,False,False,True,,Final Attempt stress-test/robustness artifact; not final operational evidence.
outputs/final_attempt/deep_tabular/deep_tabular_training_curves/taiwan_mlp_128-64_relu_activation_curve.png,True,Final Attempt,,,False,False,False,False,False,True,,Final Attempt stress-test/robustness artifact; not final operational evidence.
outputs/final_attempt/deep_tabular/deep_tabular_training_curves/taiwan_mlp_128-64_relu_activation_history.csv,True,Final Attempt,44,6,False,False,False,False,False,True,,Final Attempt stress-test/robustness artifact; not final operational evidence.
outputs/final_attempt/deep_tabular/deep_tabular_training_curves/taiwan_mlp_128-64_relu_base_curve.png,True,Final Attempt,,,False,False,False,False,False,True,,Final Attempt stress-test/robustness artifact; not final operational evidence.
outputs/final_attempt/deep_tabular/deep_tabular_training_curves/taiwan_mlp_128-64_relu_base_history.csv,True,Final Attempt,42,6,False,False,False,False,False,True,,Final Attempt stress-test/robustness artifact; not final operational evidence.
outputs/final_attempt/deep_tabular/deep_tabular_training_curves/taiwan_mlp_128-64_smote_tomek_train_only_curve.png,True,Final Attempt,,,False,False,False,False,False,True,,Final Attempt stress-test/robustness artifact; not final operational evidence.
outputs/final_attempt/deep_tabular/deep_tabular_training_curves/taiwan_mlp_128-64_smote_tomek_train_only_history.csv,True,Final Attempt,25,6,False,False,False,False,False,True,,Final Attempt stress-test/robustness artifact; not final operational evidence.
outputs/final_attempt/deep_tabular/deep_tabular_training_curves/taiwan_mlp_128_relu_base_curve.png,True,Final Attempt,,,False,False,False,False,False,True,,Final Attempt stress-test/robustness artifact; not final operational evidence.
outputs/final_attempt/deep_tabular/deep_tabular_training_curves/taiwan_mlp_128_relu_base_history.csv,True,Final Attempt,42,6,False,False,False,False,False,True,,Final Attempt stress-test/robustness artifact; not final operational evidence.
outputs/final_attempt/deep_tabular/deep_tabular_training_curves/taiwan_mlp_128m64_l2_0.0001_curve.png,True,Final Attempt,,,False,False,False,False,False,True,,Final Attempt stress-test/robustness artifact; not final operational evidence.
outputs/final_attempt/deep_tabular/deep_tabular_training_curves/taiwan_mlp_128m64_l2_0.0001_history.csv,True,Final Attempt,41,6,False,False,False,False,False,True,,Final Attempt stress-test/robustness artifact; not final operational evidence.
outputs/final_attempt/deep_tabular/deep_tabular_training_curves/taiwan_mlp_128m64_l2_0.001_curve.png,True,Final Attempt,,,False,False,False,False,False,True,,Final Attempt stress-test/robustness artifact; not final operational evidence.
outputs/final_attempt/deep_tabular/deep_tabular_training_curves/taiwan_mlp_128m64_l2_0.001_history.csv,True,Final Attempt,55,6,False,False,False,False,False,True,,Final Attempt stress-test/robustness artifact; not final operational evidence.
outputs/final_attempt/deep_tabular/deep_tabular_training_curves/taiwan_mlp_128m64_l2_0_curve.png,True,Final Attempt,,,False,False,False,False,False,True,,Final Attempt stress-test/robustness artifact; not final operational evidence.
outputs/final_attempt/deep_tabular/deep_tabular_training_curves/taiwan_mlp_128m64_l2_0_history.csv,True,Final Attempt,42,6,False,False,False,False,False,True,,Final Attempt stress-test/robustness artifact; not final operational evidence.
outputs/final_attempt/deep_tabular/deep_tabular_training_curves/taiwan_mlp_128m64_l2_1em05_curve.png,True,Final Attempt,,,False,False,False,False,False,True,,Final Attempt stress-test/robustness artifact; not final operational evidence.
outputs/final_attempt/deep_tabular/deep_tabular_training_curves/taiwan_mlp_128m64_l2_1em05_history.csv,True,Final Attempt,55,6,False,False,False,False,False,True,,Final Attempt stress-test/robustness artifact; not final operational evidence.
outputs/final_attempt/deep_tabular/deep_tabular_training_curves/taiwan_mlp_128m64_lr_0.0001_batch_128_curve.png,True,Final Attempt,,,False,False,False,False,False,True,,Final Attempt stress-test/robustness artifact; not final operational evidence.
outputs/final_attempt/deep_tabular/deep_tabular_training_curves/taiwan_mlp_128m64_lr_0.0001_batch_128_history.csv,True,Final Attempt,58,6,False,False,False,False,False,True,,Final Attempt stress-test/robustness artifact; not final operational evidence.
outputs/final_attempt/deep_tabular/deep_tabular_training_curves/taiwan_mlp_128m64_lr_0.0001_batch_256_curve.png,True,Final Attempt,,,False,False,False,False,False,True,,Final Attempt stress-test/robustness artifact; not final operational evidence.
outputs/final_attempt/deep_tabular/deep_tabular_training_curves/taiwan_mlp_128m64_lr_0.0001_batch_256_history.csv,True,Final Attempt,54,6,False,False,False,False,False,True,,Final Attempt stress-test/robustness artifact; not final operational evidence.
outputs/final_attempt/deep_tabular/deep_tabular_training_curves/taiwan_mlp_128m64_lr_0.0001_batch_512_curve.png,True,Final Attempt,,,False,False,False,False,False,True,,Final Attempt stress-test/robustness artifact; not final operational evidence.
outputs/final_attempt/deep_tabular/deep_tabular_training_curves/taiwan_mlp_128m64_lr_0.0001_batch_512_history.csv,True,Final Attempt,100,6,False,False,False,False,False,True,,Final Attempt stress-test/robustness artifact; not final operational evidence.
outputs/final_attempt/deep_tabular/deep_tabular_training_curves/taiwan_mlp_128m64_lr_0.0003_batch_128_curve.png,True,Final Attempt,,,False,False,False,False,False,True,,Final Attempt stress-test/robustness artifact; not final operational evidence.
outputs/final_attempt/deep_tabular/deep_tabular_training_curves/taiwan_mlp_128m64_lr_0.0003_batch_128_history.csv,True,Final Attempt,32,6,False,False,False,False,False,True,,Final Attempt stress-test/robustness artifact; not final operational evidence.
outputs/final_attempt/deep_tabular/deep_tabular_training_curves/taiwan_mlp_128m64_lr_0.0003_batch_256_curve.png,True,Final Attempt,,,False,False,False,False,False,True,,Final Attempt stress-test/robustness artifact; not final operational evidence.
outputs/final_attempt/deep_tabular/deep_tabular_training_curves/taiwan_mlp_128m64_lr_0.0003_batch_256_history.csv,True,Final Attempt,34,6,False,False,False,False,False,True,,Final Attempt stress-test/robustness artifact; not final operational evidence.
outputs/final_attempt/deep_tabular/deep_tabular_training_curves/taiwan_mlp_128m64_lr_0.0003_batch_512_curve.png,True,Final Attempt,,,False,False,False,False,False,True,,Final Attempt stress-test/robustness artifact; not final operational evidence.
outputs/final_attempt/deep_tabular/deep_tabular_training_curves/taiwan_mlp_128m64_lr_0.0003_batch_512_history.csv,True,Final Attempt,64,6,False,False,False,False,False,True,,Final Attempt stress-test/robustness artifact; not final operational evidence.
outputs/final_attempt/deep_tabular/deep_tabular_training_curves/taiwan_mlp_128m64_lr_0.001_batch_128_curve.png,True,Final Attempt,,,False,False,False,False,False,True,,Final Attempt stress-test/robustness artifact; not final operational evidence.
outputs/final_attempt/deep_tabular/deep_tabular_training_curves/taiwan_mlp_128m64_lr_0.001_batch_128_history.csv,True,Final Attempt,29,6,False,False,False,False,False,True,,Final Attempt stress-test/robustness artifact; not final operational evidence.
outputs/final_attempt/deep_tabular/deep_tabular_training_curves/taiwan_mlp_128m64_lr_0.001_batch_256_curve.png,True,Final Attempt,,,False,False,False,False,False,True,,Final Attempt stress-test/robustness artifact; not final operational evidence.
outputs/final_attempt/deep_tabular/deep_tabular_training_curves/taiwan_mlp_128m64_lr_0.001_batch_256_history.csv,True,Final Attempt,29,6,False,False,False,False,False,True,,Final Attempt stress-test/robustness artifact; not final operational evidence.
outputs/final_attempt/deep_tabular/deep_tabular_training_curves/taiwan_mlp_128m64_lr_0.001_batch_512_curve.png,True,Final Attempt,,,False,False,False,False,False,True,,Final Attempt stress-test/robustness artifact; not final operational evidence.
outputs/final_attempt/deep_tabular/deep_tabular_training_curves/taiwan_mlp_128m64_lr_0.001_batch_512_history.csv,True,Final Attempt,28,6,False,False,False,False,False,True,,Final Attempt stress-test/robustness artifact; not final operational evidence.
outputs/final_attempt/deep_tabular/deep_tabular_training_curves/taiwan_mlp_256-128-64_focal_dropout_0_2_curve.png,True,Final Attempt,,,False,False,False,False,False,True,,Final Attempt stress-test/robustness artifact; not final operational evidence.
outputs/final_attempt/deep_tabular/deep_tabular_training_curves/taiwan_mlp_256-128-64_focal_dropout_0_2_history.csv,True,Final Attempt,33,6,False,False,False,False,False,True,,Final Attempt stress-test/robustness artifact; not final operational evidence.
outputs/final_attempt/deep_tabular/deep_tabular_training_curves/taiwan_mlp_256-128-64_relu_base_curve.png,True,Final Attempt,,,False,False,False,False,False,True,,Final Attempt stress-test/robustness artifact; not final operational evidence.
outputs/final_attempt/deep_tabular/deep_tabular_training_curves/taiwan_mlp_256-128-64_relu_base_history.csv,True,Final Attempt,32,6,False,False,False,False,False,True,,Final Attempt stress-test/robustness artifact; not final operational evidence.
outputs/final_attempt/deep_tabular/deep_tabular_training_curves/taiwan_mlp_256-128_relu_base_curve.png,True,Final Attempt,,,False,False,False,False,False,True,,Final Attempt stress-test/robustness artifact; not final operational evidence.
outputs/final_attempt/deep_tabular/deep_tabular_training_curves/taiwan_mlp_256-128_relu_base_history.csv,True,Final Attempt,24,6,False,False,False,False,False,True,,Final Attempt stress-test/robustness artifact; not final operational evidence.
outputs/final_attempt/deep_tabular/deep_tabular_training_curves/taiwan_mlp_256-128_smote_tomek_curve.png,True,Final Attempt,,,False,False,False,False,False,True,,Final Attempt stress-test/robustness artifact; not final operational evidence.
outputs/final_attempt/deep_tabular/deep_tabular_training_curves/taiwan_mlp_256-128_smote_tomek_history.csv,True,Final Attempt,22,6,False,False,False,False,False,True,,Final Attempt stress-test/robustness artifact; not final operational evidence.
outputs/final_attempt/deep_tabular/deep_tabular_training_curves/taiwan_mlp_64_relu_base_curve.png,True,Final Attempt,,,False,False,False,False,False,True,,Final Attempt stress-test/robustness artifact; not final operational evidence.
outputs/final_attempt/deep_tabular/deep_tabular_training_curves/taiwan_mlp_64_relu_base_history.csv,True,Final Attempt,70,6,False,False,False,False,False,True,,Final Attempt stress-test/robustness artifact; not final operational evidence.
outputs/final_attempt/deep_tabular/deep_tabular_validation_all.csv,True,Final Attempt,768,64,True,True,False,False,False,True,,Final Attempt stress-test/robustness artifact; not final operational evidence.
outputs/final_attempt/final_selection/final_multitrack_selection_heloc.csv,True,Final Attempt,7,43,True,True,False,False,False,True,,Final Attempt stress-test/robustness artifact; not final operational evidence.
outputs/final_attempt/final_selection/final_multitrack_selection_taiwan.csv,True,Final Attempt,7,43,True,True,False,False,False,True,,Final Attempt stress-test/robustness artifact; not final operational evidence.
outputs/final_attempt/final_selection/final_selected_locked_policies.json,True,Final Attempt,658,5,True,True,True,False,False,True,,Final Attempt stress-test/robustness artifact; not final operational evidence.
outputs/final_attempt/final_selection/final_selection_summary.md,True,Final Attempt,77,,True,True,True,False,False,True,,Final Attempt stress-test/robustness artifact; not final operational evidence.
outputs/final_attempt/imbalance_boosting/advanced_imbalance.log,True,Final Attempt,116,,True,False,False,False,False,True,,Final Attempt stress-test/robustness artifact; not final operational evidence.
outputs/final_attempt/imbalance_boosting/advanced_imbalance_best_configs.csv,True,Final Attempt,2310,53,True,True,True,False,False,True,,Final Attempt stress-test/robustness artifact; not final operational evidence.
outputs/final_attempt/imbalance_boosting/advanced_imbalance_calibration_comparison.csv,True,Calibration,330,24,True,True,False,False,False,True,,Final Attempt stress-test/robustness artifact; not final operational evidence.
outputs/final_attempt/imbalance_boosting/advanced_imbalance_locked_configs.csv,True,Final Attempt,2,53,True,True,False,False,False,True,,Final Attempt stress-test/robustness artifact; not final operational evidence.
outputs/final_attempt/imbalance_boosting/advanced_imbalance_locked_test_heloc.csv,True,Final Attempt,1,46,True,True,False,False,False,True,,Final Attempt stress-test/robustness artifact; not final operational evidence.
outputs/final_attempt/imbalance_boosting/advanced_imbalance_locked_test_taiwan.csv,True,Final Attempt,1,46,True,True,False,False,False,True,,Final Attempt stress-test/robustness artifact; not final operational evidence.
outputs/final_attempt/imbalance_boosting/advanced_imbalance_protocol_audit.json,True,Audit,12,7,True,True,False,True,False,True,,Final Attempt stress-test/robustness artifact; not final operational evidence.
outputs/final_attempt/imbalance_boosting/advanced_imbalance_run_stderr.log,True,Final Attempt,0,,False,False,False,False,False,True,,Final Attempt stress-test/robustness artifact; not final operational evidence.
outputs/final_attempt/imbalance_boosting/advanced_imbalance_run_stdout.log,True,Final Attempt,116,,True,False,False,False,False,True,,Final Attempt stress-test/robustness artifact; not final operational evidence.
outputs/final_attempt/imbalance_boosting/advanced_imbalance_summary.md,True,Final Attempt,71,,True,False,False,False,False,True,,Final Attempt stress-test/robustness artifact; not final operational evidence.
outputs/final_attempt/imbalance_boosting/advanced_imbalance_validation_all.csv,True,Final Attempt,2310,51,True,True,False,False,False,True,,Final Attempt stress-test/robustness artifact; not final operational evidence.
outputs/final_attempt/interpretable_models/ebm_global_terms_heloc.csv,True,Final Attempt,41,7,False,False,True,False,False,True,,Final Attempt stress-test/robustness artifact; not final operational evidence.
outputs/final_attempt/interpretable_models/ebm_global_terms_taiwan.csv,True,Final Attempt,40,7,False,False,True,False,False,True,,Final Attempt stress-test/robustness artifact; not final operational evidence.
outputs/final_attempt/interpretable_models/heloc_ebm_i10_lr0.01_bins256_ob8_ib4_leaf2_isotonic.joblib,True,Final Attempt,,,False,False,False,False,False,True,,Final Attempt stress-test/robustness artifact; not final operational evidence.
outputs/final_attempt/interpretable_models/heloc_ebm_i10_lr0.01_bins256_ob8_ib4_leaf5_isotonic.joblib,True,Final Attempt,,,False,False,False,False,False,True,,Final Attempt stress-test/robustness artifact; not final operational evidence.
outputs/final_attempt/interpretable_models/heloc_scorecard_woe_unweighted_uncalibrated.joblib,True,Final Attempt,,,False,False,False,False,False,True,,Final Attempt stress-test/robustness artifact; not final operational evidence.
outputs/final_attempt/interpretable_models/interpetable_models_summary.md,True,Final Attempt,57,,True,True,False,False,False,True,,Final Attempt stress-test/robustness artifact; not final operational evidence.
outputs/final_attempt/interpretable_models/interpretable_failures_heloc.csv,True,Final Attempt,0,0,False,False,False,False,False,True,,Final Attempt stress-test/robustness artifact; not final operational evidence.
outputs/final_attempt/interpretable_models/interpretable_failures_taiwan.csv,True,Final Attempt,0,0,False,False,False,False,False,True,,Final Attempt stress-test/robustness artifact; not final operational evidence.
outputs/final_attempt/interpretable_models/interpretable_full_stderr.log,True,Final Attempt,432,,False,False,False,False,False,True,,Final Attempt stress-test/robustness artifact; not final operational evidence.
outputs/final_attempt/interpretable_models/interpretable_full_stdout.log,True,Final Attempt,891,,True,False,False,False,False,True,,Final Attempt stress-test/robustness artifact; not final operational evidence.
outputs/final_attempt/interpretable_models/interpretable_models.log,True,Final Attempt,891,,True,False,False,False,False,True,,Final Attempt stress-test/robustness artifact; not final operational evidence.
outputs/final_attempt/interpretable_models/interpretable_models_best_configs.csv,True,Final Attempt,5328,47,True,True,True,False,False,True,,Final Attempt stress-test/robustness artifact; not final operational evidence.
outputs/final_attempt/interpretable_models/interpretable_models_locked_test_heloc.csv,True,Final Attempt,3,37,False,True,False,False,False,True,,Final Attempt stress-test/robustness artifact; not final operational evidence.
outputs/final_attempt/interpretable_models/interpretable_models_locked_test_taiwan.csv,True,Final Attempt,3,37,False,True,False,False,False,True,,Final Attempt stress-test/robustness artifact; not final operational evidence.
outputs/final_attempt/interpretable_models/interpretable_models_protocol_audit.json,True,Audit,15,10,True,True,False,True,False,True,,Final Attempt stress-test/robustness artifact; not final operational evidence.
outputs/final_attempt/interpretable_models/interpretable_models_summary.md,True,Final Attempt,57,,True,True,False,False,False,True,,Final Attempt stress-test/robustness artifact; not final operational evidence.
outputs/final_attempt/interpretable_models/interpretable_models_validation_all.csv,True,Final Attempt,5328,47,True,True,True,False,False,True,,Final Attempt stress-test/robustness artifact; not final operational evidence.
outputs/final_attempt/interpretable_models/monotonic_constraint_report.csv,True,Final Attempt,284,7,False,False,False,False,False,True,,Final Attempt stress-test/robustness artifact; not final operational evidence.
outputs/final_attempt/interpretable_models/monotonic_global_terms.csv,True,Final Attempt,90,8,False,False,True,False,False,True,,Final Attempt stress-test/robustness artifact; not final operational evidence.
outputs/final_attempt/interpretable_models/scorecard_reason_codes.csv,True,Final Attempt,71,8,False,False,True,False,False,True,,Final Attempt stress-test/robustness artifact; not final operational evidence.
outputs/final_attempt/interpretable_models/taiwan_monotonic_lightgbm_base_sigmoid.joblib,True,Final Attempt,,,False,False,False,False,False,True,,Final Attempt stress-test/robustness artifact; not final operational evidence.
outputs/final_attempt/interpretable_models/taiwan_monotonic_lightgbm_conservative_uncalibrated.joblib,True,Final Attempt,,,False,False,False,False,False,True,,Final Attempt stress-test/robustness artifact; not final operational evidence.
outputs/final_attempt/interpretable_models/taiwan_monotonic_xgboost_base_uncalibrated.joblib,True,Final Attempt,,,False,False,False,False,False,True,,Final Attempt stress-test/robustness artifact; not final operational evidence.
outputs/final_attempt/literature_reproduction/literature_reproduction.log,True,Literature Reproduction,169,,True,False,False,False,False,True,,Final Attempt stress-test/robustness artifact; not final operational evidence.
outputs/final_attempt/literature_reproduction/literature_reproduction_best_configs.csv,True,Literature Reproduction,42,46,True,True,True,False,False,True,,Final Attempt stress-test/robustness artifact; not final operational evidence.
outputs/final_attempt/literature_reproduction/literature_reproduction_config_summaries.csv,True,Literature Reproduction,42,45,True,True,False,False,False,True,,Final Attempt stress-test/robustness artifact; not final operational evidence.
outputs/final_attempt/literature_reproduction/literature_reproduction_locked_configs.csv,True,Literature Reproduction,2,19,True,True,False,False,False,True,,Final Attempt stress-test/robustness artifact; not final operational evidence.
outputs/final_attempt/literature_reproduction/literature_reproduction_locked_test_heloc.csv,True,Literature Reproduction,1,41,True,True,False,False,False,True,,Final Attempt stress-test/robustness artifact; not final operational evidence.
outputs/final_attempt/literature_reproduction/literature_reproduction_locked_test_taiwan.csv,True,Literature Reproduction,1,41,True,True,False,False,False,True,,Final Attempt stress-test/robustness artifact; not final operational evidence.
outputs/final_attempt/literature_reproduction/literature_reproduction_run_stderr.log,True,Literature Reproduction,0,,False,False,False,False,False,True,,Final Attempt stress-test/robustness artifact; not final operational evidence.
outputs/final_attempt/literature_reproduction/literature_reproduction_run_stdout.log,True,Literature Reproduction,169,,True,False,False,False,False,True,,Final Attempt stress-test/robustness artifact; not final operational evidence.
outputs/final_attempt/literature_reproduction/literature_reproduction_summary.md,True,Literature Reproduction,47,,True,True,False,False,False,True,,Final Attempt stress-test/robustness artifact; not final operational evidence.
outputs/final_attempt/literature_reproduction/literature_reproduction_validation_all.csv,True,Literature Reproduction,288,53,True,True,False,False,False,True,,Final Attempt stress-test/robustness artifact; not final operational evidence.
outputs/final_attempt/locked_test/final_locked_test_evaluation_heloc.csv,True,Final Attempt,4,47,False,True,False,False,False,False,Final Attempt locked-test manual-review rows have metric-consistency/auditability failures; do not use as final evidence.,DO NOT USE as final.
outputs/final_attempt/locked_test/final_locked_test_evaluation_summary.md,True,Final Attempt,46,,False,True,False,False,False,False,Final Attempt locked-test manual-review rows have metric-consistency/auditability failures; do not use as final evidence.,DO NOT USE as final.
outputs/final_attempt/locked_test/final_locked_test_evaluation_taiwan.csv,True,Final Attempt,4,47,False,True,False,False,False,False,Final Attempt locked-test manual-review rows have metric-consistency/auditability failures; do not use as final evidence.,DO NOT USE as final.
outputs/final_attempt/protocol/final_attempt_input_inventory.csv,True,Final Attempt,20,12,False,False,False,False,False,True,,Final Attempt stress-test/robustness artifact; not final operational evidence.
outputs/final_attempt/protocol/FINAL_ATTEMPT_PROTOCOL.md,True,Final Attempt,126,,True,True,True,False,False,True,,Final Attempt stress-test/robustness artifact; not final operational evidence.
outputs/final_attempt/protocol/v2_baseline_freeze.csv,True,Final Attempt,2,53,True,True,True,True,False,True,,Final Attempt stress-test/robustness artifact; not final operational evidence.
outputs/final_attempt/report_to_user/FINAL_ATTEMPT_RESULTS_FOR_CHATGPT.md,True,Final Attempt,170,,True,True,True,True,False,True,,Final Attempt stress-test/robustness artifact; not final operational evidence.
outputs/models/ablation_study/a6_without_engineered_catboost_isotonic.joblib,True,Unknown,,,False,False,False,False,False,True,,Supporting or inventory artifact.
outputs/models/ablation_study/a6_without_engineered_class_weighted_lightgbm_isotonic.joblib,True,Unknown,,,False,False,False,False,False,True,,Supporting or inventory artifact.
outputs/models/ablation_study/a6_without_engineered_class_weighted_logistic_regression_isotonic.joblib,True,Unknown,,,False,False,False,False,False,True,,Supporting or inventory artifact.
outputs/models/ablation_study/a6_without_engineered_decision_tree_isotonic.joblib,True,Unknown,,,False,False,False,False,False,True,,Supporting or inventory artifact.
outputs/models/ablation_study/a6_without_engineered_lightgbm_isotonic.joblib,True,Unknown,,,False,False,False,False,False,True,,Supporting or inventory artifact.
outputs/models/ablation_study/a6_without_engineered_logistic_regression_isotonic.joblib,True,Unknown,,,False,False,False,False,False,True,,Supporting or inventory artifact.
outputs/models/ablation_study/a6_without_engineered_majority_baseline_isotonic.joblib,True,Unknown,,,False,False,False,False,False,True,,Supporting or inventory artifact.
outputs/models/ablation_study/a6_without_engineered_monotonic_lightgbm_isotonic.joblib,True,Unknown,,,False,False,False,False,False,True,,Supporting or inventory artifact.
outputs/models/ablation_study/a6_without_engineered_monotonic_xgboost_isotonic.joblib,True,Unknown,,,False,False,False,False,False,True,,Supporting or inventory artifact.
outputs/models/ablation_study/a6_without_engineered_optuna_best_catboost_isotonic.joblib,True,Unknown,,,False,False,False,False,False,True,,Supporting or inventory artifact.
outputs/models/ablation_study/a6_without_engineered_random_forest_isotonic.joblib,True,Unknown,,,False,False,False,False,False,True,,Supporting or inventory artifact.
outputs/models/ablation_study/a6_without_engineered_smotenc_xgboost_sigmoid.joblib,True,Unknown,,,False,False,False,False,False,True,,Supporting or inventory artifact.
outputs/models/ablation_study/a6_without_engineered_woe_scorecard_logistic_regression_isotonic.joblib,True,Unknown,,,False,False,False,False,False,True,,Supporting or inventory artifact.
outputs/models/ablation_study/a6_without_engineered_xgboost_isotonic.joblib,True,Unknown,,,False,False,False,False,False,True,,Supporting or inventory artifact.
outputs/models/baselines/heloc/class_weighted_logistic_regression.joblib,True,Unknown,,,False,False,False,False,False,True,,Supporting or inventory artifact.
outputs/models/baselines/heloc/decision_tree.joblib,True,Unknown,,,False,False,False,False,False,True,,Supporting or inventory artifact.
outputs/models/baselines/heloc/logistic_regression.joblib,True,Unknown,,,False,False,False,False,False,True,,Supporting or inventory artifact.
outputs/models/baselines/heloc/majority_baseline.joblib,True,Unknown,,,False,False,False,False,False,True,,Supporting or inventory artifact.
outputs/models/baselines/heloc/random_forest.joblib,True,Unknown,,,False,False,False,False,False,True,,Supporting or inventory artifact.
outputs/models/baselines/heloc/woe_scorecard_logistic_regression.joblib,True,Unknown,,,False,False,False,False,False,True,,Supporting or inventory artifact.
outputs/models/baselines/taiwan/class_weighted_logistic_regression.joblib,True,Unknown,,,False,False,False,False,False,True,,Supporting or inventory artifact.
outputs/models/baselines/taiwan/decision_tree.joblib,True,Unknown,,,False,False,False,False,False,True,,Supporting or inventory artifact.
outputs/models/baselines/taiwan/logistic_regression.joblib,True,Unknown,,,False,False,False,False,False,True,,Supporting or inventory artifact.
outputs/models/baselines/taiwan/majority_baseline.joblib,True,Unknown,,,False,False,False,False,False,True,,Supporting or inventory artifact.
outputs/models/baselines/taiwan/random_forest.joblib,True,Unknown,,,False,False,False,False,False,True,,Supporting or inventory artifact.
outputs/models/baselines/taiwan/woe_scorecard_logistic_regression.joblib,True,Unknown,,,False,False,False,False,False,True,,Supporting or inventory artifact.
outputs/models/boosting/heloc/catboost.joblib,True,Unknown,,,False,False,False,False,False,True,,Supporting or inventory artifact.
outputs/models/boosting/heloc/class_weighted_lightgbm.joblib,True,Unknown,,,False,False,False,False,False,True,,Supporting or inventory artifact.
outputs/models/boosting/heloc/lightgbm.joblib,True,Unknown,,,False,False,False,False,False,True,,Supporting or inventory artifact.
outputs/models/boosting/heloc/smotenc_xgboost.joblib,True,Unknown,,,False,False,False,False,False,True,,Supporting or inventory artifact.
outputs/models/boosting/heloc/xgboost.joblib,True,Unknown,,,False,False,False,False,False,True,,Supporting or inventory artifact.
outputs/models/boosting/taiwan/catboost.joblib,True,Unknown,,,False,False,False,False,False,True,,Supporting or inventory artifact.
outputs/models/boosting/taiwan/class_weighted_lightgbm.joblib,True,Unknown,,,False,False,False,False,False,True,,Supporting or inventory artifact.
outputs/models/boosting/taiwan/lightgbm.joblib,True,Unknown,,,False,False,False,False,False,True,,Supporting or inventory artifact.
outputs/models/boosting/taiwan/smotenc_xgboost.joblib,True,Unknown,,,False,False,False,False,False,True,,Supporting or inventory artifact.
outputs/models/boosting/taiwan/xgboost.joblib,True,Unknown,,,False,False,False,False,False,True,,Supporting or inventory artifact.
outputs/models/boosting/tuned/heloc_optuna_best_xgboost.joblib,True,Unknown,,,False,False,False,False,False,True,,Supporting or inventory artifact.
outputs/models/boosting/tuned/heloc_optuna_study.joblib,True,Unknown,,,False,False,False,False,False,True,,Supporting or inventory artifact.
outputs/models/boosting/tuned/taiwan_optuna_best_catboost.joblib,True,Unknown,,,False,False,False,False,False,True,,Supporting or inventory artifact.
outputs/models/boosting/tuned/taiwan_optuna_study.joblib,True,Unknown,,,False,False,False,False,False,True,,Supporting or inventory artifact.
outputs/models/calibrated/heloc/catboost_isotonic.joblib,True,Unknown,,,False,False,False,False,False,True,,Supporting or inventory artifact.
outputs/models/calibrated/heloc/catboost_sigmoid.joblib,True,Unknown,,,False,False,False,False,False,True,,Supporting or inventory artifact.
outputs/models/calibrated/heloc/catboost_uncalibrated.joblib,True,Unknown,,,False,False,False,False,False,True,,Supporting or inventory artifact.
outputs/models/calibrated/heloc/class_weighted_lightgbm_isotonic.joblib,True,Unknown,,,False,False,False,False,False,True,,Supporting or inventory artifact.
outputs/models/calibrated/heloc/class_weighted_lightgbm_sigmoid.joblib,True,Unknown,,,False,False,False,False,False,True,,Supporting or inventory artifact.
outputs/models/calibrated/heloc/class_weighted_lightgbm_uncalibrated.joblib,True,Unknown,,,False,False,False,False,False,True,,Supporting or inventory artifact.
outputs/models/calibrated/heloc/class_weighted_logistic_regression_isotonic.joblib,True,Unknown,,,False,False,False,False,False,True,,Supporting or inventory artifact.
outputs/models/calibrated/heloc/class_weighted_logistic_regression_sigmoid.joblib,True,Unknown,,,False,False,False,False,False,True,,Supporting or inventory artifact.
outputs/models/calibrated/heloc/class_weighted_logistic_regression_uncalibrated.joblib,True,Unknown,,,False,False,False,False,False,True,,Supporting or inventory artifact.
outputs/models/calibrated/heloc/decision_tree_isotonic.joblib,True,Unknown,,,False,False,False,False,False,True,,Supporting or inventory artifact.
outputs/models/calibrated/heloc/decision_tree_sigmoid.joblib,True,Unknown,,,False,False,False,False,False,True,,Supporting or inventory artifact.
outputs/models/calibrated/heloc/decision_tree_uncalibrated.joblib,True,Unknown,,,False,False,False,False,False,True,,Supporting or inventory artifact.
outputs/models/calibrated/heloc/lightgbm_isotonic.joblib,True,Unknown,,,False,False,False,False,False,True,,Supporting or inventory artifact.
outputs/models/calibrated/heloc/lightgbm_sigmoid.joblib,True,Unknown,,,False,False,False,False,False,True,,Supporting or inventory artifact.
outputs/models/calibrated/heloc/lightgbm_uncalibrated.joblib,True,Unknown,,,False,False,False,False,False,True,,Supporting or inventory artifact.
outputs/models/calibrated/heloc/logistic_regression_isotonic.joblib,True,Unknown,,,False,False,False,False,False,True,,Supporting or inventory artifact.
outputs/models/calibrated/heloc/logistic_regression_sigmoid.joblib,True,Unknown,,,False,False,False,False,False,True,,Supporting or inventory artifact.
outputs/models/calibrated/heloc/logistic_regression_uncalibrated.joblib,True,Unknown,,,False,False,False,False,False,True,,Supporting or inventory artifact.
outputs/models/calibrated/heloc/majority_baseline_isotonic.joblib,True,Unknown,,,False,False,False,False,False,True,,Supporting or inventory artifact.
outputs/models/calibrated/heloc/majority_baseline_sigmoid.joblib,True,Unknown,,,False,False,False,False,False,True,,Supporting or inventory artifact.
outputs/models/calibrated/heloc/majority_baseline_uncalibrated.joblib,True,Unknown,,,False,False,False,False,False,True,,Supporting or inventory artifact.
outputs/models/calibrated/heloc/monotonic_lightgbm_isotonic.joblib,True,Unknown,,,False,False,False,False,False,True,,Supporting or inventory artifact.
outputs/models/calibrated/heloc/monotonic_lightgbm_sigmoid.joblib,True,Unknown,,,False,False,False,False,False,True,,Supporting or inventory artifact.
outputs/models/calibrated/heloc/monotonic_lightgbm_uncalibrated.joblib,True,Unknown,,,False,False,False,False,False,True,,Supporting or inventory artifact.
outputs/models/calibrated/heloc/monotonic_xgboost_isotonic.joblib,True,Unknown,,,False,False,False,False,False,True,,Supporting or inventory artifact.
outputs/models/calibrated/heloc/monotonic_xgboost_sigmoid.joblib,True,Unknown,,,False,False,False,False,False,True,,Supporting or inventory artifact.
outputs/models/calibrated/heloc/monotonic_xgboost_uncalibrated.joblib,True,Unknown,,,False,False,False,False,False,True,,Supporting or inventory artifact.
outputs/models/calibrated/heloc/optuna_best_xgboost_isotonic.joblib,True,Unknown,,,False,False,False,False,False,True,,Supporting or inventory artifact.
outputs/models/calibrated/heloc/optuna_best_xgboost_sigmoid.joblib,True,Unknown,,,False,False,False,False,False,True,,Supporting or inventory artifact.
outputs/models/calibrated/heloc/optuna_best_xgboost_uncalibrated.joblib,True,Unknown,,,False,False,False,False,False,True,,Supporting or inventory artifact.
outputs/models/calibrated/heloc/random_forest_isotonic.joblib,True,Unknown,,,False,False,False,False,False,True,,Supporting or inventory artifact.
outputs/models/calibrated/heloc/random_forest_sigmoid.joblib,True,Unknown,,,False,False,False,False,False,True,,Supporting or inventory artifact.
outputs/models/calibrated/heloc/random_forest_uncalibrated.joblib,True,Unknown,,,False,False,False,False,False,True,,Supporting or inventory artifact.
outputs/models/calibrated/heloc/smotenc_xgboost_isotonic.joblib,True,Unknown,,,False,False,False,False,False,True,,Supporting or inventory artifact.
outputs/models/calibrated/heloc/smotenc_xgboost_sigmoid.joblib,True,Unknown,,,False,False,False,False,False,True,,Supporting or inventory artifact.
outputs/models/calibrated/heloc/smotenc_xgboost_uncalibrated.joblib,True,Unknown,,,False,False,False,False,False,True,,Supporting or inventory artifact.
outputs/models/calibrated/heloc/woe_scorecard_logistic_regression_isotonic.joblib,True,Unknown,,,False,False,False,False,False,True,,Supporting or inventory artifact.
outputs/models/calibrated/heloc/woe_scorecard_logistic_regression_sigmoid.joblib,True,Unknown,,,False,False,False,False,False,True,,Supporting or inventory artifact.
outputs/models/calibrated/heloc/woe_scorecard_logistic_regression_uncalibrated.joblib,True,Unknown,,,False,False,False,False,False,True,,Supporting or inventory artifact.
outputs/models/calibrated/heloc/xgboost_isotonic.joblib,True,Unknown,,,False,False,False,False,False,True,,Supporting or inventory artifact.
outputs/models/calibrated/heloc/xgboost_sigmoid.joblib,True,Unknown,,,False,False,False,False,False,True,,Supporting or inventory artifact.
outputs/models/calibrated/heloc/xgboost_uncalibrated.joblib,True,Unknown,,,False,False,False,False,False,True,,Supporting or inventory artifact.
outputs/models/calibrated/taiwan/catboost_isotonic.joblib,True,Unknown,,,False,False,False,False,False,True,,Supporting or inventory artifact.
outputs/models/calibrated/taiwan/catboost_sigmoid.joblib,True,Unknown,,,False,False,False,False,False,True,,Supporting or inventory artifact.
outputs/models/calibrated/taiwan/catboost_uncalibrated.joblib,True,Unknown,,,False,False,False,False,False,True,,Supporting or inventory artifact.
outputs/models/calibrated/taiwan/class_weighted_lightgbm_isotonic.joblib,True,Unknown,,,False,False,False,False,False,True,,Supporting or inventory artifact.
outputs/models/calibrated/taiwan/class_weighted_lightgbm_sigmoid.joblib,True,Unknown,,,False,False,False,False,False,True,,Supporting or inventory artifact.
outputs/models/calibrated/taiwan/class_weighted_lightgbm_uncalibrated.joblib,True,Unknown,,,False,False,False,False,False,True,,Supporting or inventory artifact.
outputs/models/calibrated/taiwan/class_weighted_logistic_regression_isotonic.joblib,True,Unknown,,,False,False,False,False,False,True,,Supporting or inventory artifact.
outputs/models/calibrated/taiwan/class_weighted_logistic_regression_sigmoid.joblib,True,Unknown,,,False,False,False,False,False,True,,Supporting or inventory artifact.
outputs/models/calibrated/taiwan/class_weighted_logistic_regression_uncalibrated.joblib,True,Unknown,,,False,False,False,False,False,True,,Supporting or inventory artifact.
outputs/models/calibrated/taiwan/decision_tree_isotonic.joblib,True,Unknown,,,False,False,False,False,False,True,,Supporting or inventory artifact.
outputs/models/calibrated/taiwan/decision_tree_sigmoid.joblib,True,Unknown,,,False,False,False,False,False,True,,Supporting or inventory artifact.
outputs/models/calibrated/taiwan/decision_tree_uncalibrated.joblib,True,Unknown,,,False,False,False,False,False,True,,Supporting or inventory artifact.
outputs/models/calibrated/taiwan/lightgbm_isotonic.joblib,True,Unknown,,,False,False,False,False,False,True,,Supporting or inventory artifact.
outputs/models/calibrated/taiwan/lightgbm_sigmoid.joblib,True,Unknown,,,False,False,False,False,False,True,,Supporting or inventory artifact.
outputs/models/calibrated/taiwan/lightgbm_uncalibrated.joblib,True,Unknown,,,False,False,False,False,False,True,,Supporting or inventory artifact.
outputs/models/calibrated/taiwan/logistic_regression_isotonic.joblib,True,Unknown,,,False,False,False,False,False,True,,Supporting or inventory artifact.
outputs/models/calibrated/taiwan/logistic_regression_sigmoid.joblib,True,Unknown,,,False,False,False,False,False,True,,Supporting or inventory artifact.
outputs/models/calibrated/taiwan/logistic_regression_uncalibrated.joblib,True,Unknown,,,False,False,False,False,False,True,,Supporting or inventory artifact.
outputs/models/calibrated/taiwan/majority_baseline_isotonic.joblib,True,Unknown,,,False,False,False,False,False,True,,Supporting or inventory artifact.
outputs/models/calibrated/taiwan/majority_baseline_sigmoid.joblib,True,Unknown,,,False,False,False,False,False,True,,Supporting or inventory artifact.
outputs/models/calibrated/taiwan/majority_baseline_uncalibrated.joblib,True,Unknown,,,False,False,False,False,False,True,,Supporting or inventory artifact.
outputs/models/calibrated/taiwan/monotonic_lightgbm_isotonic.joblib,True,Unknown,,,False,False,False,False,False,True,,Supporting or inventory artifact.
outputs/models/calibrated/taiwan/monotonic_lightgbm_sigmoid.joblib,True,Unknown,,,False,False,False,False,False,True,,Supporting or inventory artifact.
outputs/models/calibrated/taiwan/monotonic_lightgbm_uncalibrated.joblib,True,Unknown,,,False,False,False,False,False,True,,Supporting or inventory artifact.
outputs/models/calibrated/taiwan/monotonic_xgboost_isotonic.joblib,True,Unknown,,,False,False,False,False,False,True,,Supporting or inventory artifact.
outputs/models/calibrated/taiwan/monotonic_xgboost_sigmoid.joblib,True,Unknown,,,False,False,False,False,False,True,,Supporting or inventory artifact.
outputs/models/calibrated/taiwan/monotonic_xgboost_uncalibrated.joblib,True,Unknown,,,False,False,False,False,False,True,,Supporting or inventory artifact.
outputs/models/calibrated/taiwan/optuna_best_catboost_isotonic.joblib,True,Unknown,,,False,False,False,False,False,True,,Supporting or inventory artifact.
outputs/models/calibrated/taiwan/optuna_best_catboost_sigmoid.joblib,True,Unknown,,,False,False,False,False,False,True,,Supporting or inventory artifact.
outputs/models/calibrated/taiwan/optuna_best_catboost_uncalibrated.joblib,True,Unknown,,,False,False,False,False,False,True,,Supporting or inventory artifact.
outputs/models/calibrated/taiwan/optuna_best_lightgbm_isotonic.joblib,True,Unknown,,,False,False,False,False,False,True,,Supporting or inventory artifact.
outputs/models/calibrated/taiwan/optuna_best_lightgbm_sigmoid.joblib,True,Unknown,,,False,False,False,False,False,True,,Supporting or inventory artifact.
outputs/models/calibrated/taiwan/optuna_best_lightgbm_uncalibrated.joblib,True,Unknown,,,False,False,False,False,False,True,,Supporting or inventory artifact.
outputs/models/calibrated/taiwan/random_forest_isotonic.joblib,True,Unknown,,,False,False,False,False,False,True,,Supporting or inventory artifact.
outputs/models/calibrated/taiwan/random_forest_sigmoid.joblib,True,Unknown,,,False,False,False,False,False,True,,Supporting or inventory artifact.
outputs/models/calibrated/taiwan/random_forest_uncalibrated.joblib,True,Unknown,,,False,False,False,False,False,True,,Supporting or inventory artifact.
outputs/models/calibrated/taiwan/smotenc_xgboost_isotonic.joblib,True,Unknown,,,False,False,False,False,False,True,,Supporting or inventory artifact.
outputs/models/calibrated/taiwan/smotenc_xgboost_sigmoid.joblib,True,Unknown,,,False,False,False,False,False,True,,Supporting or inventory artifact.
outputs/models/calibrated/taiwan/smotenc_xgboost_uncalibrated.joblib,True,Unknown,,,False,False,False,False,False,True,,Supporting or inventory artifact.
outputs/models/calibrated/taiwan/woe_scorecard_logistic_regression_isotonic.joblib,True,Unknown,,,False,False,False,False,False,True,,Supporting or inventory artifact.
outputs/models/calibrated/taiwan/woe_scorecard_logistic_regression_sigmoid.joblib,True,Unknown,,,False,False,False,False,False,True,,Supporting or inventory artifact.
outputs/models/calibrated/taiwan/woe_scorecard_logistic_regression_uncalibrated.joblib,True,Unknown,,,False,False,False,False,False,True,,Supporting or inventory artifact.
outputs/models/calibrated/taiwan/xgboost_isotonic.joblib,True,Unknown,,,False,False,False,False,False,True,,Supporting or inventory artifact.
outputs/models/calibrated/taiwan/xgboost_sigmoid.joblib,True,Unknown,,,False,False,False,False,False,True,,Supporting or inventory artifact.
outputs/models/calibrated/taiwan/xgboost_uncalibrated.joblib,True,Unknown,,,False,False,False,False,False,True,,Supporting or inventory artifact.
outputs/models/external_validation_heloc/lightgbm_isotonic.joblib,True,Unknown,,,False,False,False,False,False,True,,Supporting or inventory artifact.
outputs/models/external_validation_heloc/logistic_regression_isotonic.joblib,True,Unknown,,,False,False,False,False,False,True,,Supporting or inventory artifact.
outputs/models/external_validation_heloc/monotonic_boosting_isotonic.joblib,True,Unknown,,,False,False,False,False,False,True,,Supporting or inventory artifact.
outputs/models/external_validation_heloc/scorecard_baseline_isotonic.joblib,True,Unknown,,,False,False,False,False,False,True,,Supporting or inventory artifact.
outputs/models/external_validation_heloc/scre_credit.joblib,True,Original SCRE,,,False,False,False,False,False,True,,Supporting or inventory artifact.
outputs/models/external_validation_heloc/xgboost_isotonic.joblib,True,Unknown,,,False,False,False,False,False,True,,Supporting or inventory artifact.
outputs/models/final_model.joblib,True,Unknown,,,False,False,False,False,False,True,,Supporting or inventory artifact.
outputs/models/final_model_calibrated_isotonic.joblib,True,Unknown,,,False,False,False,False,False,True,,Supporting or inventory artifact.
outputs/models/final_model_calibrated_sigmoid.joblib,True,Unknown,,,False,False,False,False,False,True,,Supporting or inventory artifact.
outputs/models/heloc_scre_credit.joblib,True,Original SCRE,,,False,False,False,False,False,True,,Supporting or inventory artifact.
outputs/models/heloc_scre_credit_20260427T061543Z_06e3fce3.joblib,True,Original SCRE,,,False,False,False,False,False,True,,Supporting or inventory artifact.
outputs/models/heloc_scre_credit_20260427T062407Z_d3d38dbb.joblib,True,Original SCRE,,,False,False,False,False,False,True,,Supporting or inventory artifact.
outputs/models/heloc_scre_credit_20260427T070851Z_6f50835c.joblib,True,Original SCRE,,,False,False,False,False,False,True,,Supporting or inventory artifact.
outputs/models/heloc_scre_credit_20260427T073746Z_4611280c.joblib,True,Original SCRE,,,False,False,False,False,False,True,,Supporting or inventory artifact.
outputs/models/heloc_scre_credit_20260427T073847Z_bd56fcfc.joblib,True,Original SCRE,,,False,False,False,False,False,True,,Supporting or inventory artifact.
outputs/models/lightgbm_no_resampling.joblib,True,Unknown,,,False,False,False,False,False,True,,Supporting or inventory artifact.
outputs/models/monotonic/heloc/monotonic_lightgbm.joblib,True,Unknown,,,False,False,False,False,False,True,,Supporting or inventory artifact.
outputs/models/monotonic/heloc/monotonic_xgboost.joblib,True,Unknown,,,False,False,False,False,False,True,,Supporting or inventory artifact.
outputs/models/monotonic/taiwan/monotonic_lightgbm.joblib,True,Unknown,,,False,False,False,False,False,True,,Supporting or inventory artifact.
outputs/models/monotonic/taiwan/monotonic_xgboost.joblib,True,Unknown,,,False,False,False,False,False,True,,Supporting or inventory artifact.
outputs/models/scorecard/heloc/woe_scorecard_logistic_regression.joblib,True,Unknown,,,False,False,False,False,False,True,,Supporting or inventory artifact.
outputs/models/scorecard/taiwan/woe_scorecard_logistic_regression.joblib,True,Unknown,,,False,False,False,False,False,True,,Supporting or inventory artifact.
outputs/models/scre_credit_model.joblib,True,Original SCRE,,,False,False,False,False,False,True,,Supporting or inventory artifact.
outputs/models/scre_credit_revised_variants.joblib,True,Original SCRE,,,False,False,False,False,False,True,,Supporting or inventory artifact.
outputs/models/scre_optimized_heloc.joblib,True,Original SCRE,,,False,False,False,False,False,True,,Supporting or inventory artifact.
outputs/models/scre_optimized_taiwan.joblib,True,Original SCRE,,,False,False,False,False,False,True,,Supporting or inventory artifact.
outputs/models/scre_pareto_heloc.joblib,True,Original SCRE,,,False,False,False,False,False,True,,Supporting or inventory artifact.
outputs/models/scre_pareto_taiwan.joblib,True,Original SCRE,,,False,False,False,False,False,True,,Supporting or inventory artifact.
outputs/models/taiwan_scre_credit.joblib,True,Original SCRE,,,False,False,False,False,False,True,,Supporting or inventory artifact.
outputs/models/taiwan_scre_credit_20260427T061537Z_ef829d39.joblib,True,Original SCRE,,,False,False,False,False,False,True,,Supporting or inventory artifact.
outputs/models/taiwan_scre_credit_20260427T070845Z_f722372c.joblib,True,Original SCRE,,,False,False,False,False,False,True,,Supporting or inventory artifact.
outputs/models/taiwan_scre_credit_20260427T073739Z_2427bdbc.joblib,True,Original SCRE,,,False,False,False,False,False,True,,Supporting or inventory artifact.
outputs/models/taiwan_scre_credit_20260427T073841Z_8591fb01.joblib,True,Original SCRE,,,False,False,False,False,False,True,,Supporting or inventory artifact.
outputs/models/xgboost_no_resampling.joblib,True,Unknown,,,False,False,False,False,False,True,,Supporting or inventory artifact.
outputs/models/xgboost_tuned_randomized_search.joblib,True,Unknown,,,False,False,False,False,False,True,,Supporting or inventory artifact.
outputs/tables/ablation_faithfulness_details.csv,True,Explainability,100,15,False,True,False,False,False,True,,Supporting or inventory artifact.
outputs/tables/ablation_results.csv,True,Unknown,10,38,True,True,False,False,False,True,,Supporting or inventory artifact.
outputs/tables/ablation_shap_rank_correlations.csv,True,Explainability,2450,14,False,False,False,False,False,True,,Supporting or inventory artifact.
outputs/tables/ablation_shap_stability_seed_results.csv,True,Explainability,3750,13,False,False,True,False,False,True,,Supporting or inventory artifact.
outputs/tables/ablation_shap_topk_frequency.csv,True,Explainability,75,15,False,False,True,False,False,True,,Supporting or inventory artifact.
outputs/tables/background_sensitivity_results.csv,True,Unknown,240,25,False,False,True,False,False,True,,Supporting or inventory artifact.
outputs/tables/baseline_model_comparison.csv,True,Unknown,5,14,False,False,False,False,False,True,,Supporting or inventory artifact.
outputs/tables/baseline_results_heloc.csv,True,Unknown,12,28,True,True,False,False,False,True,,Supporting or inventory artifact.
outputs/tables/baseline_results_taiwan.csv,True,Unknown,12,28,True,True,False,False,False,True,,Supporting or inventory artifact.
outputs/tables/best_params.csv,True,Unknown,2,23,True,True,False,False,False,True,,Supporting or inventory artifact.
outputs/tables/boosting_results_heloc.csv,True,Unknown,14,29,True,True,False,False,False,True,,Supporting or inventory artifact.
outputs/tables/boosting_results_taiwan.csv,True,Unknown,14,29,True,True,False,False,False,True,,Supporting or inventory artifact.
outputs/tables/bootstrap_confidence_intervals.csv,True,Unknown,60,11,False,False,False,False,False,True,,Supporting or inventory artifact.
outputs/tables/calibration_results.csv,True,Calibration,3,14,False,False,False,False,False,True,,Supporting or inventory artifact.
outputs/tables/calibration_results_heloc.csv,True,Calibration,42,34,True,True,False,False,False,True,,Supporting or inventory artifact.
outputs/tables/calibration_results_taiwan.csv,True,Calibration,42,34,True,True,False,False,False,True,,Supporting or inventory artifact.
outputs/tables/claim_control_matrix.csv,True,Unknown,12,7,False,False,False,False,False,True,Earlier pre-V2 result; use only with protocol caveat.,Supporting historical artifact.
outputs/tables/cv_oof_model_threshold_comparison.csv,True,Threshold,4,11,False,False,False,False,False,True,,Supporting or inventory artifact.
outputs/tables/data_quality_report.json,True,Unknown,218,3,False,False,False,False,False,True,,Supporting or inventory artifact.
outputs/tables/dataset_variable_description.csv,True,Unknown,10,3,False,False,False,False,False,True,,Supporting or inventory artifact.
outputs/tables/default_rate_by_delay_count.csv,True,Unknown,7,3,False,False,False,False,False,True,,Supporting or inventory artifact.
outputs/tables/default_rate_by_demographics.csv,True,Unknown,9,4,False,False,False,False,False,True,,Supporting or inventory artifact.
outputs/tables/duplicate_split_overlap_audit.csv,True,Audit,6,10,False,False,False,True,False,True,,Supporting or inventory artifact.
outputs/tables/eda_summary.json,True,Unknown,9,4,False,False,False,False,False,True,,Supporting or inventory artifact.
outputs/tables/enhanced_model_comparison.csv,True,Unknown,10,17,False,False,False,False,False,True,,Supporting or inventory artifact.
outputs/tables/environment_versions.csv,True,Unknown,17,3,False,False,False,False,False,True,,Supporting or inventory artifact.
outputs/tables/external_validation_heloc_faithfulness_group_results.csv,True,Explainability,5,19,False,True,False,False,False,True,,Supporting or inventory artifact.
outputs/tables/external_validation_heloc_faithfulness_results.csv,True,Explainability,61,20,False,True,False,False,False,True,,Supporting or inventory artifact.
outputs/tables/external_validation_heloc_results.csv,True,Unknown,12,31,True,True,False,False,False,True,,Supporting or inventory artifact.
outputs/tables/external_validation_heloc_scre_metric_inputs.csv,True,Original SCRE,5,10,False,False,False,False,False,True,,Supporting or inventory artifact.
outputs/tables/external_validation_heloc_scre_weights.csv,True,Original SCRE,5,19,False,False,False,False,False,True,,Supporting or inventory artifact.
outputs/tables/external_validation_heloc_shap_rank_correlations.csv,True,Explainability,1225,14,False,False,False,False,False,True,,Supporting or inventory artifact.
outputs/tables/external_validation_heloc_shap_stability_seed_results.csv,True,Explainability,400,13,False,False,True,False,False,True,,Supporting or inventory artifact.
outputs/tables/external_validation_heloc_shap_top_features.csv,True,Explainability,31,10,False,False,True,False,False,True,,Supporting or inventory artifact.
outputs/tables/external_validation_heloc_shap_topk_frequency.csv,True,Explainability,8,15,False,False,True,False,False,True,,Supporting or inventory artifact.
outputs/tables/external_validation_heloc_threshold_analysis.csv,True,Threshold,495,24,False,False,False,False,False,True,,Supporting or inventory artifact.
outputs/tables/faithfulness_group_results.csv,True,Explainability,5,21,False,True,False,False,False,True,,Supporting or inventory artifact.
outputs/tables/faithfulness_results.csv,True,Explainability,70,22,False,True,False,False,False,True,,Supporting or inventory artifact.
outputs/tables/faithfulness_test_results.csv,True,Explainability,10,5,False,False,False,False,False,True,,Supporting or inventory artifact.
outputs/tables/feature_dictionary_heloc.csv,True,Unknown,8,9,False,False,False,False,False,True,,Supporting or inventory artifact.
outputs/tables/feature_dictionary_taiwan.csv,True,Unknown,17,9,False,False,False,False,False,True,,Supporting or inventory artifact.
outputs/tables/feature_engineering_list.csv,True,Unknown,17,9,False,False,False,False,False,True,,Supporting or inventory artifact.
outputs/tables/final_decision_matrix.csv,True,Unknown,11,9,False,False,True,False,False,True,Earlier pre-V2 result; use only with protocol caveat.,Supporting historical artifact.
outputs/tables/final_decision_summary.csv,True,Unknown,1,5,False,True,True,False,False,True,Earlier pre-V2 result; use only with protocol caveat.,Supporting historical artifact.
outputs/tables/final_leaderboard_heloc.csv,True,Unknown,8,37,False,False,True,False,False,True,Earlier pre-V2 result; use only with protocol caveat.,Supporting historical artifact.
outputs/tables/final_leaderboard_taiwan.csv,True,Unknown,10,37,False,False,True,False,False,True,Earlier pre-V2 result; use only with protocol caveat.,Supporting historical artifact.
outputs/tables/final_metrics_with_gmean_ks.csv,True,Unknown,2,17,False,False,False,False,False,True,,Supporting or inventory artifact.
outputs/tables/final_model_comparison.csv,True,Unknown,28,48,False,True,True,False,False,True,,Supporting or inventory artifact.
outputs/tables/final_model_metadata.json,True,Unknown,23,10,False,True,False,False,False,True,,Supporting or inventory artifact.
outputs/tables/final_model_recommendations.csv,True,Unknown,6,5,False,False,False,False,False,True,,Supporting or inventory artifact.
outputs/tables/final_output_inventory.csv,True,Unknown,442,7,False,False,False,False,False,True,,Supporting or inventory artifact.
outputs/tables/final_test_metrics.csv,True,Unknown,1,14,False,False,False,False,False,True,,Supporting or inventory artifact.
outputs/tables/final_winners_heloc.csv,True,Unknown,9,13,False,False,True,False,False,True,,Supporting or inventory artifact.
outputs/tables/final_winners_taiwan.csv,True,Unknown,9,13,False,False,True,False,False,True,,Supporting or inventory artifact.
outputs/tables/heloc_cleaning_decisions.csv,True,Unknown,5,4,False,False,False,False,False,True,,Supporting or inventory artifact.
outputs/tables/heloc_data_audit.csv,True,Audit,37,4,False,False,False,True,False,True,,Supporting or inventory artifact.
outputs/tables/heloc_data_dictionary.csv,True,Unknown,24,12,False,False,False,False,False,True,,Supporting or inventory artifact.
outputs/tables/heloc_data_quality_report.json,True,Unknown,64,6,True,False,False,False,False,True,,Supporting or inventory artifact.
outputs/tables/heloc_scre_credit_20260427T061543Z_06e3fce3_bootstrap_ci.csv,True,Original SCRE,3,4,False,False,False,False,False,True,,Supporting or inventory artifact.
outputs/tables/heloc_scre_credit_20260427T061543Z_06e3fce3_candidate_pool.csv,True,Original SCRE,6,1,False,False,False,False,False,True,,Supporting or inventory artifact.
outputs/tables/heloc_scre_credit_20260427T061543Z_06e3fce3_cost_curve.csv,True,Original SCRE,95,9,False,False,False,False,False,True,,Supporting or inventory artifact.
outputs/tables/heloc_scre_credit_20260427T061543Z_06e3fce3_manual_review_band.csv,True,Manual Review,4,11,False,False,False,False,False,True,,Supporting or inventory artifact.
outputs/tables/heloc_scre_credit_20260427T061543Z_06e3fce3_three_way_test_policy.csv,True,Original SCRE,1,19,False,False,False,False,False,True,,Supporting or inventory artifact.
outputs/tables/heloc_scre_credit_20260427T061543Z_06e3fce3_three_way_threshold_search.csv,True,Threshold,74,22,False,False,False,False,False,True,,Supporting or inventory artifact.
outputs/tables/heloc_scre_credit_20260427T061543Z_06e3fce3_thresholds.csv,True,Threshold,17,20,False,False,False,False,False,True,,Supporting or inventory artifact.
outputs/tables/heloc_scre_credit_20260427T061543Z_06e3fce3_validation_results.csv,True,Original SCRE,6,30,False,False,False,False,False,True,,Supporting or inventory artifact.
outputs/tables/heloc_scre_credit_20260427T061543Z_06e3fce3_weights.csv,True,Original SCRE,6,10,False,False,False,False,False,True,,Supporting or inventory artifact.
outputs/tables/heloc_scre_credit_20260427T062407Z_d3d38dbb_bootstrap_ci.csv,True,Original SCRE,3,4,False,False,False,False,False,True,,Supporting or inventory artifact.
outputs/tables/heloc_scre_credit_20260427T062407Z_d3d38dbb_candidate_pool.csv,True,Original SCRE,6,1,False,False,False,False,False,True,,Supporting or inventory artifact.
outputs/tables/heloc_scre_credit_20260427T062407Z_d3d38dbb_cost_curve.csv,True,Original SCRE,95,9,False,False,False,False,False,True,,Supporting or inventory artifact.
outputs/tables/heloc_scre_credit_20260427T062407Z_d3d38dbb_manual_review_band.csv,True,Manual Review,4,11,False,False,False,False,False,True,,Supporting or inventory artifact.
outputs/tables/heloc_scre_credit_20260427T062407Z_d3d38dbb_three_way_test_policy.csv,True,Original SCRE,1,19,False,False,False,False,False,True,,Supporting or inventory artifact.
outputs/tables/heloc_scre_credit_20260427T062407Z_d3d38dbb_three_way_threshold_search.csv,True,Threshold,74,22,False,False,False,False,False,True,,Supporting or inventory artifact.
outputs/tables/heloc_scre_credit_20260427T062407Z_d3d38dbb_thresholds.csv,True,Threshold,17,20,False,False,False,False,False,True,,Supporting or inventory artifact.
outputs/tables/heloc_scre_credit_20260427T062407Z_d3d38dbb_validation_results.csv,True,Original SCRE,6,30,False,False,False,False,False,True,,Supporting or inventory artifact.
outputs/tables/heloc_scre_credit_20260427T062407Z_d3d38dbb_weights.csv,True,Original SCRE,6,10,False,False,False,False,False,True,,Supporting or inventory artifact.
outputs/tables/heloc_scre_credit_20260427T070851Z_6f50835c_bootstrap_ci.csv,True,Original SCRE,3,4,False,False,False,False,False,True,,Supporting or inventory artifact.
outputs/tables/heloc_scre_credit_20260427T070851Z_6f50835c_candidate_pool.csv,True,Original SCRE,6,1,False,False,False,False,False,True,,Supporting or inventory artifact.
outputs/tables/heloc_scre_credit_20260427T070851Z_6f50835c_cost_curve.csv,True,Original SCRE,95,9,False,False,False,False,False,True,,Supporting or inventory artifact.
outputs/tables/heloc_scre_credit_20260427T070851Z_6f50835c_manual_review_band.csv,True,Manual Review,4,11,False,False,False,False,False,True,,Supporting or inventory artifact.
outputs/tables/heloc_scre_credit_20260427T070851Z_6f50835c_three_way_test_policy.csv,True,Original SCRE,1,19,False,False,False,False,False,True,,Supporting or inventory artifact.
outputs/tables/heloc_scre_credit_20260427T070851Z_6f50835c_three_way_threshold_search.csv,True,Threshold,76,22,False,False,False,False,False,True,,Supporting or inventory artifact.
outputs/tables/heloc_scre_credit_20260427T070851Z_6f50835c_thresholds.csv,True,Threshold,17,20,False,False,False,False,False,True,,Supporting or inventory artifact.
outputs/tables/heloc_scre_credit_20260427T070851Z_6f50835c_validation_results.csv,True,Original SCRE,6,30,False,False,False,False,False,True,,Supporting or inventory artifact.
outputs/tables/heloc_scre_credit_20260427T070851Z_6f50835c_weights.csv,True,Original SCRE,6,10,False,False,False,False,False,True,,Supporting or inventory artifact.
outputs/tables/heloc_scre_credit_20260427T073746Z_4611280c_bootstrap_ci.csv,True,Original SCRE,3,4,False,False,False,False,False,True,,Supporting or inventory artifact.
outputs/tables/heloc_scre_credit_20260427T073746Z_4611280c_candidate_pool.csv,True,Original SCRE,6,1,False,False,False,False,False,True,,Supporting or inventory artifact.
outputs/tables/heloc_scre_credit_20260427T073746Z_4611280c_cost_curve.csv,True,Original SCRE,95,9,False,False,False,False,False,True,,Supporting or inventory artifact.
outputs/tables/heloc_scre_credit_20260427T073746Z_4611280c_manual_review_band.csv,True,Manual Review,4,11,False,False,False,False,False,True,,Supporting or inventory artifact.
outputs/tables/heloc_scre_credit_20260427T073746Z_4611280c_three_way_test_policy.csv,True,Original SCRE,1,19,False,False,False,False,False,True,,Supporting or inventory artifact.
outputs/tables/heloc_scre_credit_20260427T073746Z_4611280c_three_way_threshold_search.csv,True,Threshold,84,22,False,False,False,False,False,True,,Supporting or inventory artifact.
outputs/tables/heloc_scre_credit_20260427T073746Z_4611280c_thresholds.csv,True,Threshold,17,20,False,False,False,False,False,True,,Supporting or inventory artifact.
outputs/tables/heloc_scre_credit_20260427T073746Z_4611280c_validation_results.csv,True,Original SCRE,6,30,False,False,False,False,False,True,,Supporting or inventory artifact.
outputs/tables/heloc_scre_credit_20260427T073746Z_4611280c_weights.csv,True,Original SCRE,6,10,False,False,False,False,False,True,,Supporting or inventory artifact.
outputs/tables/heloc_scre_credit_20260427T073847Z_bd56fcfc_bootstrap_ci.csv,True,Original SCRE,3,4,False,False,False,False,False,True,,Supporting or inventory artifact.
outputs/tables/heloc_scre_credit_20260427T073847Z_bd56fcfc_candidate_pool.csv,True,Original SCRE,6,1,False,False,False,False,False,True,,Supporting or inventory artifact.
outputs/tables/heloc_scre_credit_20260427T073847Z_bd56fcfc_cost_curve.csv,True,Original SCRE,95,9,False,False,False,False,False,True,,Supporting or inventory artifact.
outputs/tables/heloc_scre_credit_20260427T073847Z_bd56fcfc_manual_review_band.csv,True,Manual Review,4,11,False,False,False,False,False,True,,Supporting or inventory artifact.
outputs/tables/heloc_scre_credit_20260427T073847Z_bd56fcfc_three_way_test_policy.csv,True,Original SCRE,1,19,False,False,False,False,False,True,,Supporting or inventory artifact.
outputs/tables/heloc_scre_credit_20260427T073847Z_bd56fcfc_three_way_threshold_search.csv,True,Threshold,84,22,False,False,False,False,False,True,,Supporting or inventory artifact.
outputs/tables/heloc_scre_credit_20260427T073847Z_bd56fcfc_thresholds.csv,True,Threshold,17,22,False,False,False,False,False,True,,Supporting or inventory artifact.
outputs/tables/heloc_scre_credit_20260427T073847Z_bd56fcfc_validation_results.csv,True,Original SCRE,6,30,False,False,False,False,False,True,,Supporting or inventory artifact.
outputs/tables/heloc_scre_credit_20260427T073847Z_bd56fcfc_weights.csv,True,Original SCRE,6,10,False,False,False,False,False,True,,Supporting or inventory artifact.
outputs/tables/heloc_scre_credit_bootstrap_ci.csv,True,Original SCRE,3,4,False,False,False,False,False,True,,Supporting or inventory artifact.
outputs/tables/heloc_scre_credit_candidate_pool.csv,True,Original SCRE,6,1,False,False,False,False,False,True,,Supporting or inventory artifact.
outputs/tables/heloc_scre_credit_cost_curve.csv,True,Original SCRE,95,9,False,False,False,False,False,True,,Supporting or inventory artifact.
outputs/tables/heloc_scre_credit_manual_review_band.csv,True,Manual Review,4,11,False,False,False,False,False,True,,Supporting or inventory artifact.
outputs/tables/heloc_scre_credit_three_way_test_policy.csv,True,Original SCRE,1,19,False,False,False,False,False,True,,Supporting or inventory artifact.
outputs/tables/heloc_scre_credit_three_way_threshold_search.csv,True,Threshold,84,22,False,False,False,False,False,True,,Supporting or inventory artifact.
outputs/tables/heloc_scre_credit_thresholds.csv,True,Threshold,17,22,False,False,False,False,False,True,,Supporting or inventory artifact.
outputs/tables/heloc_scre_credit_validation_results.csv,True,Original SCRE,6,30,False,False,False,False,False,True,,Supporting or inventory artifact.
outputs/tables/heloc_scre_credit_weights.csv,True,Original SCRE,6,10,False,False,False,False,False,True,,Supporting or inventory artifact.
outputs/tables/hyperparameter_search_results.csv,True,Unknown,150,44,False,False,False,False,False,True,,Supporting or inventory artifact.
outputs/tables/hyperparameter_search_space.csv,True,Unknown,6,3,False,False,False,False,False,True,,Supporting or inventory artifact.
outputs/tables/hyperparameter_tuning_results.csv,True,Unknown,8,9,False,True,True,False,False,True,,Supporting or inventory artifact.
outputs/tables/kendalls_w_stability_heloc.csv,True,Unknown,16,19,False,False,False,False,False,True,,Supporting or inventory artifact.
outputs/tables/kendalls_w_stability_taiwan.csv,True,Unknown,20,19,False,False,False,False,False,True,,Supporting or inventory artifact.
outputs/tables/ks_decile_table.csv,True,Unknown,10,8,False,False,False,False,False,True,,Supporting or inventory artifact.
outputs/tables/leakage_checklist.csv,True,Unknown,13,3,False,False,False,False,False,True,,Supporting or inventory artifact.
outputs/tables/lime_borderline_customer.csv,True,Explainability,10,2,False,False,False,False,False,True,,Supporting or inventory artifact.
outputs/tables/lime_local_cases.csv,True,Explainability,40,4,False,False,False,False,False,True,,Supporting or inventory artifact.
outputs/tables/lime_local_features.csv,True,Explainability,50,14,False,False,True,False,False,True,,Supporting or inventory artifact.
outputs/tables/local_explanation_cases.csv,True,Unknown,4,5,False,False,False,False,False,True,,Supporting or inventory artifact.
outputs/tables/manual_review_band_results.csv,True,Manual Review,29106,42,True,True,False,False,False,True,,Supporting or inventory artifact.
outputs/tables/manual_review_band_results_heloc.csv,True,Manual Review,14553,42,True,True,False,False,False,True,,Supporting or inventory artifact.
outputs/tables/manual_review_band_results_taiwan.csv,True,Manual Review,14553,42,True,True,False,False,False,True,,Supporting or inventory artifact.
outputs/tables/manual_review_band_revision_heloc.csv,True,Manual Review,10,40,True,True,True,False,False,True,,Supporting or inventory artifact.
outputs/tables/manual_review_band_revision_taiwan.csv,True,Manual Review,10,40,True,True,True,False,False,True,,Supporting or inventory artifact.
outputs/tables/methodology_guardrails.csv,True,Unknown,5,4,False,False,True,False,False,True,,Supporting or inventory artifact.
outputs/tables/metric_direction_registry.csv,True,Unknown,24,12,False,False,True,False,False,True,,Supporting or inventory artifact.
outputs/tables/metric_winner_table.csv,True,Unknown,28,13,False,False,True,False,False,True,,Supporting or inventory artifact.
outputs/tables/model_comparison_tests.csv,True,Unknown,64,18,False,False,False,False,False,True,,Supporting or inventory artifact.
outputs/tables/model_comparison_tests_clean.csv,True,Unknown,64,30,False,True,True,False,False,True,,Supporting or inventory artifact.
outputs/tables/model_results_heloc.csv,True,Unknown,14,29,True,True,False,False,False,True,,Supporting or inventory artifact.
outputs/tables/model_results_taiwan.csv,True,Unknown,14,29,True,True,False,False,False,True,,Supporting or inventory artifact.
outputs/tables/model_threshold_cost_comparison.csv,True,Threshold,10,15,False,False,False,False,False,True,,Supporting or inventory artifact.
outputs/tables/optuna_run_status.csv,True,Unknown,2,18,True,True,False,False,False,True,,Supporting or inventory artifact.
outputs/tables/optuna_trials.csv,True,Unknown,150,44,False,False,False,False,False,True,,Supporting or inventory artifact.
outputs/tables/pareto_excluded_models_heloc.csv,True,Unknown,4,30,False,True,False,False,False,True,,Supporting or inventory artifact.
outputs/tables/pareto_excluded_models_taiwan.csv,True,Unknown,4,30,False,True,False,False,False,True,,Supporting or inventory artifact.
outputs/tables/pareto_front_heloc.csv,True,Unknown,11,30,False,True,False,False,False,True,,Supporting or inventory artifact.
outputs/tables/pareto_front_taiwan.csv,True,Unknown,11,30,False,True,False,False,False,True,,Supporting or inventory artifact.
outputs/tables/result_inventory_audit.csv,True,Audit,252,23,False,False,True,True,False,True,,Supporting or inventory artifact.
outputs/tables/reviewed_papers_summary.csv,True,Unknown,4,4,False,False,False,False,False,True,,Supporting or inventory artifact.
outputs/tables/run_all_step_summary.csv,True,Unknown,20,11,False,False,False,False,False,True,,Supporting or inventory artifact.
outputs/tables/scorecard_feature_contributions.csv,True,Unknown,71,6,False,False,False,False,False,True,,Supporting or inventory artifact.
outputs/tables/scorecard_results.csv,True,Unknown,4,26,True,True,False,False,False,True,,Supporting or inventory artifact.
outputs/tables/SCRE_Credit_All_Results_Audit_20260429.xlsx,True,Audit,,,False,False,False,True,False,True,,Supporting or inventory artifact.
outputs/tables/scre_credit_external_validation_summary.csv,True,Original SCRE,2,44,False,False,False,False,False,True,,Supporting or inventory artifact.
outputs/tables/scre_credit_results_heloc.csv,True,Original SCRE,30,28,False,True,False,False,False,True,,Supporting or inventory artifact.
outputs/tables/scre_credit_results_taiwan.csv,True,Original SCRE,30,28,False,True,False,False,False,True,,Supporting or inventory artifact.
outputs/tables/scre_model_weights.csv,True,Original SCRE,28,28,False,False,False,False,False,True,,Supporting or inventory artifact.
outputs/tables/scre_optimized_results_heloc.csv,True,Original SCRE,5,34,False,True,False,False,False,True,,Supporting or inventory artifact.
outputs/tables/scre_optimized_results_taiwan.csv,True,Original SCRE,5,34,False,True,False,False,False,True,,Supporting or inventory artifact.
outputs/tables/scre_optimized_validation_objectives.csv,True,Original SCRE,8,37,False,True,False,False,False,True,,Supporting or inventory artifact.
outputs/tables/scre_optimized_weights_heloc.csv,True,Original SCRE,44,12,False,True,False,False,False,True,,Supporting or inventory artifact.
outputs/tables/scre_optimized_weights_taiwan.csv,True,Original SCRE,44,12,False,True,False,False,False,True,,Supporting or inventory artifact.
outputs/tables/scre_pareto_pool.csv,True,Original SCRE,8,35,False,True,True,False,False,True,,Supporting or inventory artifact.
outputs/tables/scre_pareto_results_heloc.csv,True,Original SCRE,2,30,False,True,False,False,False,True,,Supporting or inventory artifact.
outputs/tables/scre_pareto_results_taiwan.csv,True,Original SCRE,2,30,False,True,False,False,False,True,,Supporting or inventory artifact.
outputs/tables/scre_pareto_weights_heloc.csv,True,Original SCRE,11,51,False,True,False,False,False,True,,Supporting or inventory artifact.
outputs/tables/scre_pareto_weights_taiwan.csv,True,Original SCRE,11,51,False,True,False,False,False,True,,Supporting or inventory artifact.
outputs/tables/scre_revision_comparison_heloc.csv,True,Original SCRE,8,23,False,False,True,False,False,True,Earlier pre-V2 result; use only with protocol caveat.,Supporting historical artifact.
outputs/tables/scre_revision_comparison_taiwan.csv,True,Original SCRE,8,23,False,False,True,False,False,True,Earlier pre-V2 result; use only with protocol caveat.,Supporting historical artifact.
outputs/tables/scre_revision_global_comparison.csv,True,Original SCRE,16,23,False,False,True,False,False,True,Earlier pre-V2 result; use only with protocol caveat.,Supporting historical artifact.
outputs/tables/scre_revision_results.csv,True,Original SCRE,8,47,False,True,True,False,False,True,Earlier pre-V2 result; use only with protocol caveat.,Supporting historical artifact.
outputs/tables/scre_revision_weights.csv,True,Original SCRE,16,45,False,True,True,False,False,True,Earlier pre-V2 result; use only with protocol caveat.,Supporting historical artifact.
outputs/tables/scre_weight_optimization_audit.csv,True,Audit,6012,18,False,True,True,True,False,True,,Supporting or inventory artifact.
outputs/tables/shap_explainer_metadata.csv,True,Explainability,1,10,False,False,False,False,False,True,,Supporting or inventory artifact.
outputs/tables/shap_kendalls_w.csv,True,Explainability,2,12,False,False,True,False,False,True,,Supporting or inventory artifact.
outputs/tables/shap_lime_agreement.csv,True,Explainability,5,12,False,False,False,False,False,True,,Supporting or inventory artifact.
outputs/tables/shap_rank_correlations.csv,True,Explainability,2450,14,False,False,False,False,False,True,,Supporting or inventory artifact.
outputs/tables/shap_stability_literature_comparison.csv,True,Explainability,5,20,False,False,False,False,False,True,,Supporting or inventory artifact.
outputs/tables/shap_stability_rankings.csv,True,Explainability,100,4,False,False,True,False,False,True,,Supporting or inventory artifact.
outputs/tables/shap_stability_seed_results.csv,True,Explainability,2700,13,False,False,True,False,False,True,,Supporting or inventory artifact.
outputs/tables/shap_stability_spearman.csv,True,Explainability,45,4,False,False,False,False,False,True,,Supporting or inventory artifact.
outputs/tables/shap_top5_frequency.csv,True,Explainability,7,3,False,False,False,False,False,True,,Supporting or inventory artifact.
outputs/tables/shap_top_features.csv,True,Explainability,20,8,False,False,True,False,False,True,,Supporting or inventory artifact.
outputs/tables/shap_topk_frequency.csv,True,Explainability,54,15,False,False,True,False,False,True,,Supporting or inventory artifact.
outputs/tables/split_summary_heloc.csv,True,Unknown,3,11,False,False,False,False,False,True,,Supporting or inventory artifact.
outputs/tables/split_summary_taiwan.csv,True,Unknown,3,11,False,False,False,False,False,True,,Supporting or inventory artifact.
outputs/tables/statistical_tests_cleaned.csv,True,Unknown,84,25,False,True,True,False,False,True,,Supporting or inventory artifact.
outputs/tables/statistical_tests_summary.csv,True,Unknown,12,13,False,False,True,False,False,True,,Supporting or inventory artifact.
outputs/tables/subgroup_reliability_taiwan.csv,True,Unknown,13,32,False,True,False,False,False,True,,Supporting or inventory artifact.
outputs/tables/taiwan_data_audit.csv,True,Audit,26,4,False,False,False,True,False,True,,Supporting or inventory artifact.
outputs/tables/taiwan_scre_credit_20260427T061537Z_ef829d39_bootstrap_ci.csv,True,Original SCRE,3,4,False,False,False,False,False,True,,Supporting or inventory artifact.
outputs/tables/taiwan_scre_credit_20260427T061537Z_ef829d39_candidate_pool.csv,True,Original SCRE,9,1,False,False,False,False,False,True,,Supporting or inventory artifact.
outputs/tables/taiwan_scre_credit_20260427T061537Z_ef829d39_cost_curve.csv,True,Original SCRE,95,9,False,False,False,False,False,True,,Supporting or inventory artifact.
outputs/tables/taiwan_scre_credit_20260427T061537Z_ef829d39_manual_review_band.csv,True,Manual Review,4,11,False,False,False,False,False,True,,Supporting or inventory artifact.
outputs/tables/taiwan_scre_credit_20260427T061537Z_ef829d39_three_way_test_policy.csv,True,Original SCRE,1,19,False,False,False,False,False,True,,Supporting or inventory artifact.
outputs/tables/taiwan_scre_credit_20260427T061537Z_ef829d39_three_way_threshold_search.csv,True,Threshold,32,22,False,False,False,False,False,True,,Supporting or inventory artifact.
outputs/tables/taiwan_scre_credit_20260427T061537Z_ef829d39_thresholds.csv,True,Threshold,17,20,False,False,False,False,False,True,,Supporting or inventory artifact.
outputs/tables/taiwan_scre_credit_20260427T061537Z_ef829d39_validation_results.csv,True,Original SCRE,9,30,False,False,False,False,False,True,,Supporting or inventory artifact.
outputs/tables/taiwan_scre_credit_20260427T061537Z_ef829d39_weights.csv,True,Original SCRE,9,10,False,False,False,False,False,True,,Supporting or inventory artifact.
outputs/tables/taiwan_scre_credit_20260427T070845Z_f722372c_bootstrap_ci.csv,True,Original SCRE,3,4,False,False,False,False,False,True,,Supporting or inventory artifact.
outputs/tables/taiwan_scre_credit_20260427T070845Z_f722372c_candidate_pool.csv,True,Original SCRE,9,1,False,False,False,False,False,True,,Supporting or inventory artifact.
outputs/tables/taiwan_scre_credit_20260427T070845Z_f722372c_cost_curve.csv,True,Original SCRE,95,9,False,False,False,False,False,True,,Supporting or inventory artifact.
outputs/tables/taiwan_scre_credit_20260427T070845Z_f722372c_manual_review_band.csv,True,Manual Review,4,11,False,False,False,False,False,True,,Supporting or inventory artifact.
outputs/tables/taiwan_scre_credit_20260427T070845Z_f722372c_three_way_test_policy.csv,True,Original SCRE,1,19,False,False,False,False,False,True,,Supporting or inventory artifact.
outputs/tables/taiwan_scre_credit_20260427T070845Z_f722372c_three_way_threshold_search.csv,True,Threshold,32,22,False,False,False,False,False,True,,Supporting or inventory artifact.
outputs/tables/taiwan_scre_credit_20260427T070845Z_f722372c_thresholds.csv,True,Threshold,17,20,False,False,False,False,False,True,,Supporting or inventory artifact.
outputs/tables/taiwan_scre_credit_20260427T070845Z_f722372c_validation_results.csv,True,Original SCRE,9,30,False,False,False,False,False,True,,Supporting or inventory artifact.
outputs/tables/taiwan_scre_credit_20260427T070845Z_f722372c_weights.csv,True,Original SCRE,9,10,False,False,False,False,False,True,,Supporting or inventory artifact.
outputs/tables/taiwan_scre_credit_20260427T073739Z_2427bdbc_bootstrap_ci.csv,True,Original SCRE,3,4,False,False,False,False,False,True,,Supporting or inventory artifact.
outputs/tables/taiwan_scre_credit_20260427T073739Z_2427bdbc_candidate_pool.csv,True,Original SCRE,9,1,False,False,False,False,False,True,,Supporting or inventory artifact.
outputs/tables/taiwan_scre_credit_20260427T073739Z_2427bdbc_cost_curve.csv,True,Original SCRE,95,9,False,False,False,False,False,True,,Supporting or inventory artifact.
outputs/tables/taiwan_scre_credit_20260427T073739Z_2427bdbc_manual_review_band.csv,True,Manual Review,4,11,False,False,False,False,False,True,,Supporting or inventory artifact.
outputs/tables/taiwan_scre_credit_20260427T073739Z_2427bdbc_three_way_test_policy.csv,True,Original SCRE,1,19,False,False,False,False,False,True,,Supporting or inventory artifact.
outputs/tables/taiwan_scre_credit_20260427T073739Z_2427bdbc_three_way_threshold_search.csv,True,Threshold,32,22,False,False,False,False,False,True,,Supporting or inventory artifact.
outputs/tables/taiwan_scre_credit_20260427T073739Z_2427bdbc_thresholds.csv,True,Threshold,17,20,False,False,False,False,False,True,,Supporting or inventory artifact.
outputs/tables/taiwan_scre_credit_20260427T073739Z_2427bdbc_validation_results.csv,True,Original SCRE,9,30,False,False,False,False,False,True,,Supporting or inventory artifact.
outputs/tables/taiwan_scre_credit_20260427T073739Z_2427bdbc_weights.csv,True,Original SCRE,9,10,False,False,False,False,False,True,,Supporting or inventory artifact.
outputs/tables/taiwan_scre_credit_20260427T073841Z_8591fb01_bootstrap_ci.csv,True,Original SCRE,3,4,False,False,False,False,False,True,,Supporting or inventory artifact.
outputs/tables/taiwan_scre_credit_20260427T073841Z_8591fb01_candidate_pool.csv,True,Original SCRE,9,1,False,False,False,False,False,True,,Supporting or inventory artifact.
outputs/tables/taiwan_scre_credit_20260427T073841Z_8591fb01_cost_curve.csv,True,Original SCRE,95,9,False,False,False,False,False,True,,Supporting or inventory artifact.
outputs/tables/taiwan_scre_credit_20260427T073841Z_8591fb01_manual_review_band.csv,True,Manual Review,4,11,False,False,False,False,False,True,,Supporting or inventory artifact.
outputs/tables/taiwan_scre_credit_20260427T073841Z_8591fb01_three_way_test_policy.csv,True,Original SCRE,1,19,False,False,False,False,False,True,,Supporting or inventory artifact.
outputs/tables/taiwan_scre_credit_20260427T073841Z_8591fb01_three_way_threshold_search.csv,True,Threshold,32,22,False,False,False,False,False,True,,Supporting or inventory artifact.
outputs/tables/taiwan_scre_credit_20260427T073841Z_8591fb01_thresholds.csv,True,Threshold,17,22,False,False,False,False,False,True,,Supporting or inventory artifact.
outputs/tables/taiwan_scre_credit_20260427T073841Z_8591fb01_validation_results.csv,True,Original SCRE,9,30,False,False,False,False,False,True,,Supporting or inventory artifact.
outputs/tables/taiwan_scre_credit_20260427T073841Z_8591fb01_weights.csv,True,Original SCRE,9,10,False,False,False,False,False,True,,Supporting or inventory artifact.
outputs/tables/taiwan_scre_credit_bootstrap_ci.csv,True,Original SCRE,3,4,False,False,False,False,False,True,,Supporting or inventory artifact.
outputs/tables/taiwan_scre_credit_candidate_pool.csv,True,Original SCRE,9,1,False,False,False,False,False,True,,Supporting or inventory artifact.
outputs/tables/taiwan_scre_credit_cost_curve.csv,True,Original SCRE,95,9,False,False,False,False,False,True,,Supporting or inventory artifact.
outputs/tables/taiwan_scre_credit_manual_review_band.csv,True,Manual Review,4,11,False,False,False,False,False,True,,Supporting or inventory artifact.
outputs/tables/taiwan_scre_credit_three_way_test_policy.csv,True,Original SCRE,1,19,False,False,False,False,False,True,,Supporting or inventory artifact.
outputs/tables/taiwan_scre_credit_three_way_threshold_search.csv,True,Threshold,32,22,False,False,False,False,False,True,,Supporting or inventory artifact.
outputs/tables/taiwan_scre_credit_thresholds.csv,True,Threshold,17,22,False,False,False,False,False,True,,Supporting or inventory artifact.
outputs/tables/taiwan_scre_credit_validation_results.csv,True,Original SCRE,9,30,False,False,False,False,False,True,,Supporting or inventory artifact.
outputs/tables/taiwan_scre_credit_weights.csv,True,Original SCRE,9,10,False,False,False,False,False,True,,Supporting or inventory artifact.
outputs/tables/taiwan_vs_heloc_framework_comparison.csv,True,Unknown,12,15,False,False,False,False,False,True,,Supporting or inventory artifact.
outputs/tables/threshold_analysis.csv,True,Threshold,24948,35,True,True,False,False,False,True,,Supporting or inventory artifact.
outputs/tables/threshold_analysis_heloc.csv,True,Threshold,12474,35,True,True,False,False,False,True,,Supporting or inventory artifact.
outputs/tables/threshold_analysis_taiwan.csv,True,Threshold,12474,35,True,True,False,False,False,True,,Supporting or inventory artifact.
outputs/tables/threshold_comparison.csv,True,Threshold,17,14,False,False,False,False,False,True,,Supporting or inventory artifact.
outputs/tables/tuned_xgboost_oof_threshold_comparison.csv,True,Threshold,17,14,False,False,False,False,False,True,,Supporting or inventory artifact.
outputs/tables/tuned_xgboost_test_metrics.csv,True,Unknown,1,16,False,False,False,False,False,True,,Supporting or inventory artifact.
outputs/tables/tuned_xgboost_threshold_comparison.csv,True,Threshold,17,14,False,False,False,False,False,True,,Supporting or inventory artifact.
outputs/tables/validation_threshold_test_results.csv,True,Threshold,3,19,True,True,False,False,False,True,,Supporting or inventory artifact.
